convergence_false,bic,singular,p_anova_condition,p_anova_pe,p_anova_interaction,effectsize_condition,effectsize_pe,effectsize_interaction,coef_intercept,se_intercept,df_intercept,t_intercept,p_intercept,coef_condition,se_condition,df_condition,t_condition,p_condition,coef_pe,se_pe,df_pe,t_pe,p_pe,coef_interaction,se_interaction,df_interaction,t_interaction,p_interaction,emmean_amc,emmean_se_amc,emmean_z_ratio_amc,emmean_p_amc,emmean_avc,emmean_se_avc,emmean_z_ratio_avc,emmean_p_avc,emmean_diff,emmean_se_diff,emmean_z_ratio_diff,emmean_p_diff,coef_amc,se_amc,z_ratio_amc,p_amc,coef_avc,se_avc,z_ratio_avc,p_avc,coeff_diff,se_diff,z_diff,p_diff,convergence_false_message
0,152835.297716404,0,0.391665575246174,0.519212525751606,0.761775263020911,0.0000385516526842055,0.00834822402279085,0.00182822401911472,-0.11868070840738,0.22566056715248,71.6291709422758,-0.525925773851251,0.600564333788828,-0.0825888825723789,0.0964124798307807,19033.4243132245,-0.856620249964896,0.391665575246174,-1.08503168485535,1.6714792582767,50.0550566140218,-0.649144570285618,0.519212525751606,-0.567949737172902,1.8634290213263,50.7189169654171,-0.304787427196268,0.761775263020911,0.0725367497234343,0.226668452326621,0.320012551278691,0.748958815936935,-0.0775615842011554,0.226638689239646,-0.342225700569343,0.732181045391352,0.15009833392459,0.194321273635615,0.772423580374682,0.43986359223498,-0.517081947682449,2.49438486819285,-0.207298382168694,0.835776837549558,-1.65298142202825,2.51206396934297,-0.65801724884442,0.510527047559151,1.1358994743458,3.72685804265259,0.304787427196268,0.760528057861951,
0,152925.823870531,0,0.466942174393528,0.827121216441852,0.791692225486151,0.0000278081874757219,0.000957086052461061,0.0014217426492924,-0.0955652115208274,0.223714470059258,72.3720538005949,-0.427174922996773,0.670520157129841,-0.070300958102996,0.0966365498541377,19030.7058010848,-0.727477938824467,0.466942174393528,-0.365954420388521,1.66694830516901,50.308675956436,-0.219535554434255,0.827121216441852,-0.519408133516139,1.95601112171746,49.5263094163086,-0.265544570656672,0.791692225486151,0.086486817844849,0.224858947006758,0.38462698058552,0.700513801519417,-0.0403244779736069,0.224832515909545,-0.179353408071234,0.857660213081316,0.126811295818456,0.19538898479405,0.649019677092448,0.516325657710104,0.153453713127617,2.56080999150687,0.0599238965938741,0.952216247362076,-0.885362553904659,2.57907822839383,-0.343286428522191,0.73138298965069,1.03881626703228,3.91202224343492,0.265544570656672,0.790589979385049,
0,153021.761155524,0,0.979613543522248,0.938128431086383,0.914318856328612,0.000000034311609659297,0.000122320358249836,0.000241814046416276,-0.0929132777719217,0.216149788104901,75.3556420372698,-0.429855974352514,0.668527142535128,-0.00247592977644072,0.0968910515371659,19031.2888007009,-0.0255537507041194,0.979613543522248,0.130831341725948,1.67698579964617,49.752275611308,0.0780157719603541,0.938128431086383,-0.209576427013166,1.93771091241714,48.3637912775508,-0.108156704733492,0.914318856328612,0.0170487264693581,0.217309754389417,0.078453572032514,0.937467260487898,0.0176612559982371,0.217282238631404,0.0812825572374441,0.935217245393847,-0.000612529528878966,0.195738672557049,-0.00312932299415917,0.997503165572305,0.340407768739114,2.55348496562891,0.133311052667691,0.893947386856979,-0.0787450852872187,2.57171624308317,-0.0306196632303465,0.975572860511344,0.419152854026333,3.87542182483427,0.108156704733492,0.913871388041604,
0,153251.576280385,0,0.980815152741415,0.903170134537092,0.933314957875213,0.0000000303856648629142,0.000302595762226214,0.000149241064412848,-0.185148872926115,0.208746233061861,79.1771255833703,-0.886956713950603,0.3777884412256,0.00234417962418622,0.0974821367208263,19031.0581726506,0.0240472737164101,0.980815152741415,0.213635583866352,1.74704331623305,49.4021170953303,0.1222840795539,0.903170134537092,0.164098851510945,1.95076255025671,47.4077240878423,0.0841203617986978,0.933314957875213,-0.078566587196526,0.210052129902592,-0.374033756443984,0.708379201925056,-0.0782351581176881,0.210028373051626,-0.37249804386409,0.709522068152288,-0.000331429078837867,0.196949535982184,-0.00168281218427368,0.998657310773154,0.0495367323554074,2.60916402867675,0.0189856719665609,0.984852535465303,0.377734435377297,2.62821856473478,0.143722611370952,0.885719515279202,-0.32819770302189,3.90152510051342,-0.0841203617986978,0.932960735646818,
0,153368.405616148,0,0.913927223507157,0.96488737712916,0.904385622111981,0.000000613828021560172,0.0000399609308709784,0.000306368623307829,-0.247331724370533,0.206664366087258,81.0204177967928,-1.19677973060002,0.234882628236353,-0.0105698026166673,0.0977890878078746,19032.9447825672,-0.108087751441487,0.913927223507157,-0.0791360924312012,1.78850747810569,48.9908225920113,-0.0442470011447862,0.96488737712916,0.226354124859093,1.87433532907439,47.5888142796295,0.12076501005339,0.904385622111981,-0.101123555912384,0.207910237573733,-0.48638083959921,0.626697172851411,-0.128273008908312,0.207884341769943,-0.617040262947104,0.537208168987808,0.0271494529959279,0.197001754910313,0.137813254548356,0.890388008704008,-0.305490217290294,2.58128257997509,-0.118348227218595,0.905791746076117,0.147218032427891,2.6001469366999,0.0566191203850734,0.954848603111743,-0.452708249718185,3.74867065814878,-0.12076501005339,0.903877165145401,
0,153343.804565093,0,0.98686999536466,0.747795246080788,0.695620441146155,0.0000000142287759809878,0.00212471959815787,0.00329816110894453,-0.253938350787409,0.211974866411605,78.8993965822631,-1.19796443364338,0.234517215561744,-0.00160830446727723,0.0977278044449447,19034.1156819262,-0.0164569794278277,0.98686999536466,-0.547679595528488,1.6937120292916,49.1075896955022,-0.323360515870903,0.747795246080788,0.729141709537082,1.85222268388265,46.8307248926482,0.393657693473792,0.695620441146155,-0.0962265916553882,0.213016404960767,-0.451733244080948,0.651461166009368,-0.118802382466583,0.212983248832583,-0.557801531894032,0.576979916529517,0.0225757908111945,0.196725357964102,0.114757909426776,0.908637011985335,-1.27682130506557,2.5010553939549,-0.51051300509044,0.609692105788762,0.181462114008594,2.51863068632187,0.0720479246894252,0.942563768534293,-1.45828341907416,3.70444536776531,-0.393657693473792,0.693833780089655,
0,153139.439696835,0,0.892351370354455,0.643846622669773,0.912907000074347,0.0000009620895399292,0.00429191452522748,0.000253597930337988,-0.259257010621352,0.217255121225572,76.8007400229739,-1.19332980119797,0.236413589380006,0.0131546825234706,0.0972035486026536,19036.2145876982,0.135331299243447,0.892351370354455,-0.752637336825255,1.61810552040579,50.1924977706314,-0.465134892214267,0.643846622669773,0.201917979384131,1.83637474435793,47.6619169437982,0.10995467020253,0.912907000074347,-0.157620233322757,0.218159982805722,-0.722498376171591,0.469988123351927,-0.136671920641813,0.218122201876466,-0.626584178346123,0.530931842086083,-0.020948312680944,0.19562102663003,-0.107086201528646,0.914720593802217,-0.954555316209386,2.4393242458777,-0.391319570500938,0.69556103475717,-0.550719357441123,2.45576313541023,-0.224255894023398,0.822558193646425,-0.403835958768262,3.67274948871586,-0.10995467020253,0.912445324795043,
0,153084.869838042,0,0.597104172852978,0.581239674200308,0.924130812595505,0.0000146759760966546,0.00599899512715642,0.000192381769624292,-0.280713288035751,0.213174360134512,78.2856004986862,-1.31682481823152,0.191739199957784,-0.0513088043095983,0.0970694473719625,19037.2978327585,-0.528578308610196,0.597104172852978,-0.896149949461317,1.61434889602218,51.0593029303246,-0.555115410100917,0.581239674200308,-0.175738425152465,1.83563060510461,47.633819520252,-0.0957373584117433,0.924130812595505,-0.151741403683865,0.214094168144256,-0.708760098414369,0.478473362997626,-0.249693043958718,0.21405608801185,-1.16648419709929,0.243418734220943,0.0979516402748527,0.195363372903078,0.501381803657984,0.616102443484788,-0.720411524308851,2.43629867644216,-0.295699181416008,0.767459822382035,-1.07188837461378,2.45270726181003,-0.43702254700496,0.662094996508731,0.35147685030493,3.67126121020922,0.0957373584117433,0.923729169438998,
0,153079.390465167,0,0.393796561312718,0.553257409462268,0.931430985699404,0.0000381973097933273,0.00706242483982697,0.000159193130453824,-0.282293186947405,0.210137864578737,79.646869881481,-1.34337135058129,0.182966919747342,-0.0827734393970837,0.0970639903885618,19037.782172015,-0.85277185767584,0.393796561312718,-0.971353244022677,1.6273089468138,50.0936263819979,-0.596907702083581,0.553257409462268,0.153566918486045,1.7751991796055,47.0010648247817,0.0865068665253511,0.931430985699404,-0.129583915474217,0.210995758241743,-0.614154125912566,0.539113484123872,-0.299208094834682,0.210954867893167,-1.41835122281325,0.156088248817503,0.169624179360465,0.19495528594661,0.870067095318037,0.384263738433592,-1.12492016250872,2.40022530341047,-0.468672737059445,0.639303576989219,-0.817786325536632,2.41616463929357,-0.338464652713291,0.735013059932198,-0.307133836972091,3.55039835921099,-0.0865068665253511,0.931063497838255,
0,153096.448618948,0,0.357135787194175,0.600153907197811,0.710187405796048,0.0000445398350732955,0.00558636399796347,0.00290919071306674,-0.325398752918723,0.208834128303769,79.4583732955034,-1.55816846394666,0.123167605238416,-0.0894251079656941,0.0971105471846886,19037.8629228398,-0.920858861969153,0.357135787194175,-0.864518782462022,1.63868650474749,49.5444432975149,-0.527568134574488,0.600153907197811,0.655125815441003,1.75251306306597,47.8949163976876,0.373820788699219,0.710187405796048,-0.154871228221556,0.209677357757966,-0.738616843886057,0.46013969320488,-0.3511154563831,0.209635627200157,-1.67488447012807,0.093956901198267,0.196244228161544,0.194897795529039,1.00690840360123,0.313978793226415,-1.51964459790302,2.39136844232602,-0.635470708321678,0.525121464868053,-0.209392967021019,2.40718673292373,-0.0869865906774476,0.930682170792034,-1.31025163088201,3.50502612613193,-0.373820788699219,0.70853765184238,
0,153176.828657994,0,0.266275907474901,0.669794634243792,0.680822939584615,0.0000649141919479978,0.00367610615493331,0.00347495565896919,-0.345839273172368,0.216427009317061,75.9602132534687,-1.59794876925792,0.114206217760113,-0.108178297379745,0.0973078171188938,19037.8094186787,-1.11171230208123,0.266275907474901,-0.718901361424555,1.67588990841358,49.8723855290393,-0.428966937395713,0.669794634243792,0.707966896787846,1.71089449406012,49.1041723944868,0.413799272395675,0.680822939584615,-0.156150729577494,0.217226951087703,-0.718836814656805,0.472241471525182,-0.391304301300841,0.217185324727107,-1.80170691455564,0.071591529630419,0.235153571723347,0.195009305142612,1.20585821046527,0.227872166162097,-1.4268682582124,2.38706154198444,-0.597750930638428,0.550006136512666,-0.0109344646367087,2.40280484114593,-0.00455070859250221,0.996369072405449,-1.41593379357569,3.42178898812025,-0.413799272395675,0.679021116886973,
0,153302.095955425,0,0.408123036777319,0.589894152073109,0.715803846063598,0.0000359391376877207,0.00583904092855867,0.00261798392088241,-0.341683250371784,0.212194497016256,77.658035482005,-1.6102361520978,0.111403922835787,-0.0807633715323201,0.0976323369973414,19039.6188544266,-0.827219485020822,0.408123036777319,-0.924932587407806,1.70501413759178,50.1048051723845,-0.542477957815772,0.589894152073109,0.626506171195103,1.7113034293454,51.0612242647005,0.36609882295085,0.715803846063598,-0.177714993513354,0.213041670351664,-0.834179497466404,0.40417984271529,-0.355875878825464,0.213000672326522,-1.67077350009449,0.0947664246995373,0.17816088531211,0.195629722123449,0.910704587106068,0.362451046524407,-1.55143875860291,2.40766404312049,-0.644375100021075,0.519332227084602,-0.298426416212703,2.42372010117072,-0.12312742550947,0.902006194099046,-1.25301234239021,3.4226068586908,-0.36609882295085,0.714291335789785,
0,153262.137191529,0,0.60089062797564,0.407133783509492,0.782325337637759,0.0000143743321849466,0.0140928654688043,0.00152364911880686,-0.344726536120325,0.210205033465262,78.5273427125177,-1.63995376531882,0.105014902740163,-0.0510188376389987,0.0975263179917462,19038.0973682851,-0.52312892242396,0.60089062797564,-1.41699666244488,1.6946565040437,48.9115011890339,-0.836155680554565,0.407133783509492,0.495799051979147,1.78495780429508,50.560143062877,0.277765138641442,0.782325337637759,-0.175706692185927,0.211158832679567,-0.83210676037673,0.405348686281847,-0.290908151534957,0.211122185681732,-1.3779136976798,0.168229935302958,0.11520145934903,0.195900005902582,0.588062561908846,0.556490301003581,-1.91279571442403,2.45281286167879,-0.77983760779648,0.435486466909615,-0.921197610465733,2.46973260196447,-0.372994877960876,0.709152256126725,-0.991598103958293,3.56991560859016,-0.277765138641442,0.781192653800184,
0,153182.632739488,0,0.525473032900906,0.318048821699013,0.7416278852477,0.0000211759487683399,0.0202989161869403,0.00219717089494549,-0.243169845186869,0.218420041644299,75.3414293864599,-1.11331287805024,0.269113475626194,-0.0617882702169115,0.0973130533949685,19037.8456201873,-0.634943289325523,0.525473032900906,-1.67936255605571,1.66482954258778,49.1100212157943,-1.00872943030873,0.318048821699013,0.596160465225085,1.79817907673665,49.9161817989691,0.331535647888308,0.7416278852477,-0.05826268298192,0.219323740080726,-0.26564695167279,0.790511122123789,-0.197667667630355,0.219287042529237,-0.901410613917147,0.367370040145699,0.139404984648435,0.195579630817977,0.712778647067685,0.475982740770343,-2.27552302128079,2.44216077741051,-0.931766263027771,0.351457333369712,-1.08320209083062,2.45887403765437,-0.440527686348642,0.659554964436356,-1.19232093045017,3.5963581534733,-0.331535647888308,0.740239918911237,
0,153200.788191235,0,0.519822534183073,0.239948000923703,0.626488620048343,0.0000217593327286647,0.0281281143495476,0.00479771294168929,-0.207821525454851,0.220193564957596,74.8865246326216,-0.943812892510608,0.348300386663036,-0.0626618691870259,0.0973568316420715,19037.8896110137,-0.64363094125125,0.519822534183073,-1.90349865010208,1.60011578759573,48.895706532904,-1.18960056819526,0.239948000923703,0.906309908805443,1.85069035560246,49.7465582040363,0.489714503596907,0.626488620048343,-0.0562567082056549,0.221079078864212,-0.254464187632191,0.799136967799758,-0.205643558224088,0.221040483710476,-0.930343413894465,0.352193306530924,0.149386850018433,0.19600322650151,0.762165259648325,0.445961377506798,-2.80980855890752,2.43838005074747,-1.15232592968688,0.249187165653118,-0.997188741296638,2.45461878510347,-0.406249942902886,0.684558961316403,-1.81261981761088,3.70138071120492,-0.489714503596907,0.624335937281907,
0,153247.821209284,0,0.388263716061334,0.246713450431231,0.622162334428867,0.0000391008200295273,0.0274357854869243,0.00494159629057642,-0.282624221170074,0.221250365182454,74.6729530182665,-1.27739550141311,0.205420035505156,-0.0840998186219454,0.0974742434659373,19037.3951664178,-0.862790165192043,0.388263716061334,-1.81040689436711,1.54411310158123,48.7298484720365,-1.17245744014035,0.246713450431231,0.946108067935255,1.90787938943295,49.5177574954555,0.495895114321904,0.622162334428867,-0.132495157095177,0.222141638176079,-0.596444494526305,0.550878323596128,-0.325814572734057,0.222101025427282,-1.46696563920517,0.142385402816209,0.19331941563888,0.196606553326,0.983280630113741,0.325469340641042,-2.75651496230236,2.44657325070081,-1.12668401059023,0.259876105119749,-0.864298826431855,2.46228702615088,-0.351014653146653,0.725577355377119,-1.89221613587051,3.81575877886589,-0.495895114321904,0.619968413353416,
0,153423.740193001,0,0.705572021818188,0.2465442941118,0.640496225797213,0.00000749990407716691,0.026992353181667,0.00450974458210235,-0.300384817125083,0.216405195402178,76.7055516397786,-1.38806656913589,0.169135336509935,-0.0369944137162496,0.0979166644054088,19032.6872410645,-0.37781529774217,0.705572021818188,-1.95494622265697,1.66713005922587,49.5685450603874,-1.17264169753184,0.2465442941118,0.9377208801181,1.99542228343219,48.7486513314335,0.469936057096239,0.640496225797213,-0.201436501127754,0.217609696588436,-0.925677965117196,0.354613362414152,-0.300322421718255,0.217581511752474,-1.38027546228242,0.167501847056655,0.0988859205905008,0.198072091681453,0.499242067628249,0.617608861953874,-2.89266710277507,2.59103305506366,-1.11641458881504,0.264244711642262,-1.01722534253887,2.60933193648334,-0.38984129551176,0.696653905445233,-1.8754417602362,3.99084456686439,-0.469936057096239,0.638400702300746,
0,153388.527957237,0,0.616122224662543,0.266118554659198,0.722304935230833,0.0000132074347991332,0.0249499230767372,0.00258059481943715,-0.279358327358901,0.216205242472029,76.7384020804157,-1.29209784260917,0.200200890642059,-0.0490453284926766,0.0978241970607264,19031.7401830796,-0.501361932592513,0.616122224662543,-1.91347413261302,1.70121709800444,49.4405647778772,-1.12476775295614,0.266118554659198,0.711941771309954,1.99192295206189,49.3744044379217,0.357414311920552,0.722304935230833,-0.154250791009351,0.217456521718696,-0.709340836458753,0.478112992687281,-0.271243960436513,0.21743087049211,-1.24749516856833,0.212215990677606,0.116993169427162,0.197877947813412,0.591239047705713,0.554360262987036,-2.62541590392297,2.61013634533736,-1.005853931199,0.314485839844907,-1.20153236130307,2.62887458463428,-0.457051990355873,0.647633676913333,-1.42388354261991,3.98384590412377,-0.357414311920552,0.720781664036005,
0,153223.521114535,0,0.462862957525826,0.155727794889668,0.915827353623418,0.000028313093997599,0.0408254626630327,0.000227126483682285,-0.316479233403633,0.2044232593059,81.5320888618187,-1.54815667492148,0.125457644584109,-0.071524521150781,0.0974241998868243,19036.0394067264,-0.734155592079479,0.462862957525826,-2.37602299203672,1.64790510670665,48.8431207480866,-1.44184454697468,0.155727794889668,0.205511724954609,1.93458379112253,49.6742926131241,0.106230459439217,0.915827353623418,-0.160151226178073,0.205580950229263,-0.779017832145794,0.435969210458103,-0.308656737104512,0.205549206399745,-1.50161969734997,0.133195353363857,0.148505510926439,0.196715408069279,0.754925668426229,0.45029358338656,-2.58153471699133,2.53243268861257,-1.01938927285197,0.308018196803953,-2.17051126708211,2.55013647650753,-0.851135336119216,0.394694178290628,-0.411023449909218,3.86916758224505,-0.106230459439217,0.91539950453537,
0,153141.522953039,0,0.746605250398562,0.131808342410138,0.92378602975691,0.00000548433581495693,0.0458364872663993,0.000183948197581419,-0.312469671977757,0.200652971201212,83.0396620940527,-1.55726411678409,0.123211023228134,-0.0314152819146869,0.0972237561079547,19037.534811449,-0.323123516024255,0.746605250398562,-2.56367255962642,1.6727113878103,48.8983900189929,-1.53264488919542,0.131808342410138,0.179446315594258,1.86636823485403,50.2457104459077,0.0961473262580963,0.92378602975691,-0.200755385467889,0.201760838627967,-0.995016608937019,0.319728186476258,-0.268350364520317,0.201727769921896,-1.33025990732072,0.183432651984604,0.0675949790524279,0.195870936106109,0.345099586473666,0.730019504322309,-2.74311887522068,2.49746675993978,-1.09836051443056,0.272047097085193,-2.38422624403217,2.5150044399485,-0.948000809128188,0.343129042286924,-0.358892631188515,3.73273646970806,-0.0961473262580963,0.923403564466118,
0,153295.392761873,0,0.857547179716817,0.20910486059781,0.751004114371972,0.00000169258211286341,0.0318324034173449,0.0020152272220368,-0.290185976269026,0.207216148988421,80.2384166432275,-1.40040232233657,0.165248048132802,0.0175210992722451,0.0976106861258265,19036.0785184778,0.17949980650335,0.857547179716817,-2.20580099667741,1.73319111633941,49.2630006699405,-1.27268191942743,0.20910486059781,0.576974080227483,1.80839177020813,50.4112489094685,0.31905369717596,0.751004114371972,-0.20447875671356,0.208274774877561,-0.981773989835143,0.326211204803137,-0.184755591508038,0.208241840140208,-0.887216475726697,0.374962363746668,-0.0197231652055218,0.196217812788152,-0.100516690739062,0.919934132651169,-2.7827750769049,2.49599785917019,-1.11489481718949,0.264895497938901,-1.62882691644993,2.51365454421377,-0.647991554845657,0.516990412483556,-1.15394816045497,3.61678354041626,-0.31905369717596,0.749685794385485,
0,153259.216187732,0,0.999780413901102,0.227100086671955,0.603201828655225,3.97807226700657e-12,0.0298887427189282,0.0053226878540594,-0.382936834423204,0.199121053969832,84.1394995911272,-1.92313583515494,0.0578454639918427,-0.0000268440023690398,0.0975386586449366,19040.0599207538,-0.000275213979174742,0.999780413901102,-2.0989558788771,1.71574798451756,48.5750797093174,-1.22334742503999,0.227100086671955,0.894457862883217,1.71009373548289,51.1247449411931,0.523046102283186,0.603201828655225,-0.248704576535734,0.200040044097214,-1.24327395376333,0.213766898821953,-0.272506696734181,0.199998857806059,-1.3625412651028,0.173027130557032,0.0238021201984477,0.195447908373448,0.121782424772581,0.903071333336161,-2.99341374176032,2.41431648014796,-1.23985971448816,0.215027286704567,-1.20449801599389,2.43053479603023,-0.495569130695509,0.620198436658374,-1.78891572576643,3.42018747096577,-0.523046102283186,0.600942171265251,
0,153235.822979662,0,0.961677514507222,0.229515322245297,0.515834730428254,0.000000121268289463031,0.0295452339641476,0.0083596771660498,-0.436244040714711,0.199244292618829,84.2363429623383,-2.18949328475513,0.0313266768248062,0.00468344887833943,0.0974718883353397,19038.1833147607,0.0480492268932619,0.961677514507222,-2.09208167905815,1.71919450171612,48.6401728106261,-1.21689644596339,0.229515322245297,1.16479146848479,1.78005808842702,50.791692433372,0.654355875270384,0.515834730428254,-0.288816315010244,0.200281027762287,-1.44205528719894,0.149286777398064,-0.310375380741612,0.200245282426231,-1.5499759943456,0.121147277900505,0.0215590657313678,0.195769710009967,0.110124624132457,0.91231053969156,-3.25687314754294,2.46610460880959,-1.32065490486839,0.186616456723789,-0.927290210573354,2.48330447674442,-0.373409792982381,0.70884347200999,-2.32958293696958,3.56011617685405,-0.654355875270384,0.512882555281637,
0,153238.271338333,0,0.646603645416089,0.335939157553729,0.630122672027368,0.0000110445221256665,0.018830460226715,0.00472890394110818,-0.441301183102229,0.209386832870059,78.6370330706641,-2.10758803241506,0.0382528167635109,0.0446830917278033,0.0974564671992892,19033.2685896718,0.458492832871015,0.646603645416089,-1.70319549178739,1.75274949356833,49.2008289322155,-0.971727847041019,0.335939157553729,0.8941389128821,1.84522355394283,49.4188815009075,0.484569423022769,0.630122672027368,-0.357573500037925,0.210527276702258,-1.6984663728094,0.0894197742232418,-0.291947280448129,0.21049835334172,-1.38693379693183,0.165461951004996,-0.0656262195897958,0.196174309603707,-0.334530141700856,0.737979549927472,-2.59733440466948,2.53583236839776,-1.02425319474512,0.30571569917286,-0.809056578905286,2.5541174017349,-0.316765618665661,0.751421454070138,-1.7882778257642,3.69044710788566,-0.484569423022769,0.627981807900338,
0,153047.170548212,0,0.925453877170365,0.493073235217967,0.678201463416384,0.000000460021724075774,0.0096338437418143,0.00349486389160328,-0.429949553752256,0.216411524771481,75.8693983755353,-1.98672207594424,0.0505641075047337,0.0090719662209824,0.096956596224435,19031.3495713519,0.0935672927294459,0.925453877170365,-1.20517617871178,1.74511324337711,49.028662070121,-0.6906005574627,0.493073235217967,0.782193680941273,1.87407117855523,49.6713218585608,0.417376719674162,0.678201463416384,-0.343409708012295,0.217565607155201,-1.5784190916137,0.114469362061263,-0.346033521447486,0.217539301633192,-1.59067128950775,0.111683571471548,0.0026238134351904,0.195427314289292,0.0134260323063457,0.989287897935189,-1.98736985965305,2.55148532011076,-0.778907032695285,0.436034480896323,-0.422982497770502,2.57002892790382,-0.164582776939985,0.869272388347267,-1.56438736188255,3.74814235711046,-0.417376719674162,0.676402880358688,
0,153043.492253723,0,0.859067291590592,0.614956399896535,0.878556161939011,0.00000165660185388504,0.00523048759482204,0.000470770390606578,-0.407041747100327,0.207794716355197,79.4938659770424,-1.95886475960507,0.05363525763607,-0.0172155850702207,0.0969542555487393,19032.2861615934,-0.177563996265912,0.859067291590592,-0.892760268170637,1.7634425480449,48.7446961757456,-0.506259911421795,0.614956399896535,0.291907777300895,1.9006582240733,50.0806126255578,0.153582466118136,0.878556161939011,-0.277935721324368,0.209066628071354,-1.32941217777478,0.183712022349313,-0.320117230909198,0.209042675798876,-1.53134870516673,0.12568323420643,0.0421815095848293,0.195609128567004,0.215641825582697,0.829266950637529,-1.18466804547153,2.58323754661327,-0.458598183130576,0.646522741585101,-0.600852490869742,2.60218108281354,-0.230903412079257,0.817389839904942,-0.583815554601789,3.80131644814661,-0.153582466118136,0.877938962908145,
0,153102.364368395,0,0.753083731988878,0.413093254904225,0.790441898575089,0.00000519907438690756,0.014132032860674,0.00142389566273282,-0.404244153083388,0.200591183276065,82.9784566941704,-2.01526381409817,0.047114225596275,-0.0305505188925325,0.0971151464537336,19034.2142738344,-0.314580371941127,0.753083731988878,-1.43714540684767,1.74050403046662,47.5625874813146,-0.825706451517021,0.413093254904225,-0.509451426047734,1.90689885157203,50.0556669384358,-0.267162270105595,0.790441898575089,-0.25852300060313,0.201876127493757,-1.28060213861158,0.20033344845482,-0.306097774994988,0.201850530957505,-1.51645761615277,0.129403679724067,0.0475747743918582,0.195953317865019,0.242786266189327,0.8081709753008,-0.927693980799931,2.57240602485994,-0.360632797402362,0.718373968173262,-1.9465968328954,2.5911314639861,-0.751253597106503,0.452500049742315,1.01890285209547,3.81379770314405,0.267162270105595,0.78934422469816,
0,153128.89440074,0,0.588452137042587,0.336631923164578,0.831021965346519,0.0000153849940636444,0.0197415774492015,0.000919712963510413,-0.379668309354064,0.205194609899533,80.6061486054347,-1.85028402812314,0.06793669181421,-0.0525747403023505,0.0971645677070602,19029.8082389019,-0.541089633217504,0.588452137042587,-1.76680539009742,1.81992128225808,46.7983945092727,-0.970814181537149,0.336631923164578,-0.424233273471989,1.97768372303446,49.9854791870214,-0.214510170929184,0.831021965346519,-0.181468184928835,0.206693735597526,-0.877956868911546,0.379967125589533,-0.275353998962492,0.206676650238618,-1.33229369957653,0.182763696677507,0.0938858140336571,0.196553446428248,0.477660482376382,0.632891875152454,-1.34257211662543,2.6776398963147,-0.501401296893299,0.616088727260284,-2.19103866356941,2.69757990606516,-0.812223822783949,0.416663212235321,0.848466546943977,3.95536744606893,0.214510170929184,0.830149236305157,
0,152985.655171313,0,0.474915884645359,0.349398910032757,0.925497703847415,0.0000268299545763831,0.0186190739198221,0.000177440529822718,-0.332459731835422,0.21715849746654,75.4244166390124,-1.53095428322646,0.129964365367737,-0.0691565992345896,0.0967878051027638,19028.0544395514,-0.714517693227602,0.474915884645359,-1.70648654581015,1.80548762117391,47.0864819614923,-0.945166572064674,0.349398910032757,-0.182862316443062,1.94563603260826,49.773174282933,-0.0939858809039029,0.925497703847415,-0.11227974965359,0.218515856567817,-0.513828842524952,0.607371660752372,-0.245737835877644,0.218497085724146,-1.12467328826477,0.260727504890275,0.133458086224054,0.195615232672551,0.682247923133141,0.495082196368355,-1.52362422936708,2.64444825976785,-0.576159591604503,0.564507315264604,-1.88934886225321,2.66410653777255,-0.709186676833459,0.478208640201007,0.365724632886124,3.89127206521653,0.0939858809039029,0.925120372492829,Model failed to converge with 1 negative eigenvalue: -1.1e+02
0,152926.51741887,0,0.553930158953859,0.291409307254353,0.969379477731941,0.0000184079065689331,0.0233927846441716,0.0000296670811396184,-0.309751204670025,0.217409131798957,75.5789627081342,-1.42473870396787,0.158349086650899,-0.0572065618033934,0.0966503907649719,19031.4583678835,-0.591891676284109,0.553930158953859,-1.8717557362675,1.75439411427387,47.5206123234478,-1.06689581379621,0.291409307254353,-0.0709863388167205,1.84004404418575,50.165531066773,-0.0385786085072399,0.969379477731941,-0.159455816667628,0.218529471640752,-0.729676484688359,0.465587958244753,-0.271984207271304,0.21850272130309,-1.24476347776936,0.213218704786128,0.112528390603675,0.194620348008683,0.578194375639771,0.56313289559276,-1.80076939745078,2.53315663824916,-0.71087960778273,0.477158843662172,-1.94274207508422,2.55155619800519,-0.761394977936626,0.44642118617744,0.141972677633441,3.6800880883715,0.0385786085072399,0.969226357532441,
0,152852.691232999,0,0.736641476309522,0.477073823312769,0.864184710435892,0.00000594119268379881,0.010367885185091,0.000587346258898285,-0.323254830845474,0.218907904286594,74.8576418623116,-1.47667043773015,0.143958624429029,-0.0324461785170128,0.0964772470096243,19037.1128418104,-0.336309124925341,0.736641476309522,-1.22546833634367,1.71031538359743,49.0044349500705,-0.716515999386063,0.477073823312769,0.291541206340851,1.69572530484215,50.296704184145,0.171927142626434,0.864184710435892,-0.20128167919221,0.219753319425128,-0.915943748739543,0.359696399171741,-0.273914642975603,0.219715669089036,-1.24667778184088,0.212515668705501,0.0726329637833923,0.193346503521167,0.375662152977288,0.70716807790989,-1.51700954268452,2.40030675158357,-0.63200653070017,0.527382609806714,-0.933927130002822,2.41657889174064,-0.386466642241554,0.699151102879725,-0.583082412681701,3.39145060968431,-0.171927142626434,0.86349480757397,
0,152827.455198548,0,0.994469842131128,0.542605051849848,0.778848442448102,0.00000000252311300325347,0.00751055005167619,0.00156517099990638,-0.320396243479362,0.207080541897171,79.0635715035322,-1.54720593515956,0.12580724572806,-0.000668387784327415,0.096432151506611,19040.4229900408,-0.00693117154273586,0.994469842131128,-1.05517506847247,1.72103894633219,49.673161276573,-0.613103538836943,0.542605051849848,0.462815253939583,1.63936030202916,50.8422111897106,0.282314542670529,0.778848442448102,-0.216685344952119,0.207908149140417,-1.0422166992876,0.297311222491123,-0.230310163515857,0.207866085939809,-1.10797373450591,0.267873159426507,0.0136248185637375,0.192913799559682,0.0706264590445866,0.943695051718483,-1.51799032241205,2.36907442031844,-0.640752485187025,0.521683508135025,-0.592359814532885,2.38462594557628,-0.248407854335298,0.803818857121952,-0.925630507879165,3.27872060405832,-0.282314542670529,0.777702335490755,
0,152877.272618368,0,0.644568829193453,0.50853339725987,0.821318548362613,0.0000111774598411518,0.00881293807313159,0.0010119562466445,-0.279569290783362,0.20555368356784,80.2259879199507,-1.36007920622398,0.17761459402748,0.0445460180934906,0.0965604799678492,19040.1766829306,0.46132763743845,0.644568829193453,-1.12931192004174,1.69587800983207,49.8739209857993,-0.665915775482911,0.50853339725987,0.377190503168277,1.66149158892959,50.8772653536603,0.227019207127784,0.821318548362613,-0.23697907630557,0.206377030604652,-1.14828222700588,0.250852073723062,-0.157901690847611,0.206334436760732,-0.765270661197074,0.444110390620956,-0.079077385457959,0.193290333795542,-0.409111950427925,0.682457506665003,-1.50650242321001,2.36636293320244,-0.636632023800018,0.52436456072472,-0.752121416873459,2.38189830114491,-0.315765545704422,0.752180471611421,-0.754381006336554,3.32298317785917,-0.227019207127784,0.82040880693007,
0,152984.491962622,0,0.307619646286758,0.86759593806807,0.695958709686629,0.0000546770379160309,0.000571760628364355,0.00305376309323294,-0.294161236146169,0.217470729529573,76.4133815979219,-1.35264748861831,0.180157393574369,0.0987742248188937,0.0968131002183818,19036.6392161616,1.02025681024663,0.307619646286758,-0.286856568022847,1.71167821078774,49.0933560761947,-0.167587906543971,0.86759593806807,0.670896423536396,1.70701340229733,50.4282024810015,0.39302352438094,0.695958709686629,-0.305370119418051,0.218328471712044,-1.39867291253157,0.161911090637993,-0.125634401809918,0.218290563213784,-0.575537485268556,0.564927846560975,-0.179735717608133,0.194053237302375,-0.926218599116012,0.354332388717762,-0.957752991559242,2.40919507188519,-0.397540656933938,0.690968811449596,0.384039855513549,2.42554183872811,0.158331573334117,0.874195529999962,-1.34179284707279,3.41402680459466,-0.39302352438094,0.694302106655443,
0,153132.092031115,0,0.130524928770144,0.86920959966044,0.809718860653917,0.000120122131971998,0.000560457258976798,0.00118802036354088,-0.322169937082324,0.22650275291863,74.0361320801493,-1.42236654049879,0.159119481833043,0.146927566426244,0.0971678647945599,19032.070979689,1.51210039180022,0.130524928770144,0.284331064144849,1.717698039053,48.8617492869022,0.165530295593518,0.86920959966044,0.441809818116906,1.82501701486314,49.2716093358452,0.242085314558033,0.809718860653917,-0.371382594128802,0.227490126386337,-1.63252181546595,0.102569606631248,-0.0892577964250739,0.227459457897005,-0.392411892872313,0.6947539000691,-0.282124797703728,0.19548934487779,-1.44317225002773,0.148971954585217,-0.157478753972057,2.49734010633642,-0.0630585932498707,0.949719846444025,0.726140882261755,2.51508244578515,0.288714544319867,0.772799831708345,-0.883619636233812,3.65003402972628,-0.242085314558033,0.808714057102851,
0,153191.912029658,0,0.175795441919295,0.867217749038045,0.835513059381693,0.0000962905203252001,0.000575192688581892,0.000882679093514004,-0.36005704240711,0.225240365430044,74.378268769853,-1.59854581002683,0.114161373711343,0.131759910477794,0.0973212873820977,19033.801585695,1.35386526444605,0.175795441919295,-0.277606535528955,1.65171778945604,49.082248290544,-0.168071408627487,0.867217749038045,0.393927290393465,1.88719174225852,49.3189395883166,0.208737290214097,0.835513059381693,-0.351153310705959,0.226230237896962,-1.55219441030644,0.120615713173446,-0.0980925129569045,0.226197898374788,-0.433657932552383,0.664536859047437,-0.253060797749055,0.196191246032622,-1.28986793685472,0.197096514922906,-0.671533825922419,2.49920086070367,-0.268699421675673,0.788160996859035,0.11632075486451,2.51660956724849,0.0462212161863822,0.963133932473345,-0.787854580786929,3.77438348451704,-0.208737290214097,0.834653327925371,
0,153159.773566282,0,0.21536140607725,0.837844707553204,0.821916138299422,0.0000806237935070155,0.000832626172529833,0.00102258311229491,-0.36050071678161,0.222740932277658,75.1860952774089,-1.61847538795531,0.10974790434021,0.120492612946114,0.0972500237572584,19038.9576579658,1.23899828802994,0.21536140607725,-0.325941136575951,1.58451613265559,50.7777212125545,-0.205703892726977,0.837844707553204,0.417972833617723,1.84725701064523,50.0147979218785,0.22626674642947,0.821916138299422,-0.36161378245147,0.223594437561614,-1.61727539555551,0.105818847891372,-0.131726004421108,0.223554979216414,-0.589233149191411,0.555704882804281,-0.229887778030362,0.195776488185256,-1.17423588583747,0.240300555833714,-0.743913970193674,2.42573623159703,-0.306675540606451,0.759090349001378,0.0920316970417722,2.4417009257411,0.0376916337588883,0.969933546551741,-0.835945667235446,3.69451402129045,-0.22626674642947,0.820993960235007,
0,153236.962033128,0,0.131764190779447,0.744702650829168,0.979235408592728,0.000119305826563615,0.0020861236732222,0.0000136001680813352,-0.314256814479669,0.215576626328991,77.8634159383173,-1.45774994177747,0.148931133554685,0.14688560373688,0.0974529695218595,19039.4693542863,1.50724605373807,0.131764190779447,-0.533091372691256,1.62828537667276,51.2737726509982,-0.327394313262565,0.744702650829168,0.0485379967401494,1.85562391384309,50.3075992417642,0.0261572382086976,0.979235408592728,-0.390784910273787,0.216523620954191,-1.80481422096882,0.0711037582855623,-0.0983024178667012,0.216486813930152,-0.454080394468819,0.649770963815913,-0.292482492407086,0.196221917327416,-1.4905699444321,0.136074440155936,-0.581629369431405,2.46035893028011,-0.23640021066568,0.813122132736081,-0.484553375951106,2.47708310099122,-0.195614501490567,0.844911909016778,-0.0970759934802987,3.71124782768617,-0.0261572382086976,0.979131923167393,
0,153247.275620516,0,0.222093266667427,0.611158473668577,0.991500509177544,0.0000783055994397215,0.00517323462124839,0.00000228881002763714,-0.340639551320406,0.214469657001527,78.2195504766062,-1.58828785424868,0.116255544954168,0.1190222971107,0.0974776984363927,19037.9111341471,1.22102079778141,0.222093266667427,-0.855388496196566,1.67194131546624,50.334995820747,-0.511613947381898,0.611158473668577,-0.0198875714690436,1.85760127842961,50.0780907248098,-0.010706049624307,0.991500509177544,-0.380318744810257,0.215485010572318,-1.76494292480089,0.0775733585455376,-0.141746122760908,0.215451434013096,-0.657902897746747,0.510600528527428,-0.238572622049348,0.196287641572661,-1.21542354953118,0.224204590712693,-0.835500924727522,2.49050429199225,-0.335474597419454,0.737267103925216,-0.875276067665609,2.50789332220109,-0.349008492473441,0.727082933911111,0.0397751429380872,3.71520255685922,0.010706049624307,0.991457971478392,Model failed to converge with 1 negative eigenvalue: -3.9e+01
0,153047.276610347,0,0.357564247724198,0.453718005701958,0.872729905200234,0.0000444583320974936,0.0114822900873837,0.000527862585204504,-0.294458845188324,0.212274079492696,78.6048487285806,-1.3871634534562,0.169312684241401,0.0892231761800444,0.096977644951725,19038.8020229224,0.920038594713857,0.357564247724198,-1.27012747807549,1.68177423883256,49.1038078531571,-0.755230665774243,0.453718005701958,0.282204031113041,1.75248464302788,49.0984515353323,0.161030815440105,0.872729905200234,-0.298685057389695,0.213170031777177,-1.40115875997948,0.161166603462818,-0.127731403764543,0.213132181968781,-0.599306039025365,0.548968821501719,-0.170953653625152,0.194651559378279,-0.878254734620062,0.379805494503875,-1.55233150918853,2.42063621824167,-0.641290705926944,0.521333826519512,-0.987923446962446,2.4371406048555,-0.405361695174341,0.685211662955037,-0.564408062226082,3.50496928605576,-0.161030815440105,0.872069130142985,
0,153096.58204628,0,0.808561251302827,0.336556305870621,0.918124950156455,0.00000308347250465121,0.0192513615692823,0.000220845458487968,-0.281368293766945,0.210860556512708,78.9215942884255,-1.33438087435754,0.185916407979347,0.0235271305423968,0.0971048290829573,19037.7162160124,0.242285896227647,0.808561251302827,-1.65040472911491,1.70019570002298,48.0042130969317,-0.97071456485427,0.336556305870621,0.180208883404423,1.74393596760699,48.3400312136547,0.103334575782449,0.918124950156455,-0.228779529372708,0.211772106796078,-1.08031002209846,0.280004148279402,-0.18650993017734,0.211734484599081,-0.88086704690781,0.378389785220506,-0.0422695991953684,0.194839171422503,-0.216946104249787,0.828250347123584,-1.83061361251933,2.42724686054183,-0.754193420652191,0.450733087699522,-1.47019584571049,2.44385532161169,-0.60158874083467,0.547447925372298,-0.360417766808847,3.48787193521399,-0.103334575782449,0.917697434985827,
0,153183.104413448,0,0.881784517415883,0.324139700571615,0.891186193255936,0.00000116162267714353,0.0203489660772555,0.000392817775433746,-0.294741159782981,0.208046475350085,80.5332176242252,-1.41670825851297,0.160425000779245,-0.0144738581144079,0.0973298121026074,19037.5591549404,-0.148709401587555,0.881784517415883,-1.73122853840717,1.73771813266178,47.7836359289177,-0.996265450574162,0.324139700571615,0.235703462040986,1.71384231275219,48.1313937069544,0.137529258256251,0.891186193255936,-0.204184264670537,0.208973340024005,-0.977082840553164,0.328528142143552,-0.239390059584088,0.208935279620679,-1.14576178814176,0.251893730006705,0.0352057949135507,0.195077656260981,0.18047066787829,0.85678307994298,-1.96693200044816,2.43235738773044,-0.808652548498822,0.418715029586747,-1.49552507636619,2.44897470413146,-0.610673958307212,0.541415449587855,-0.471406924081973,3.42768462550438,-0.137529258256251,0.890612467721136,
0,153213.197737266,0,0.848505736733418,0.397325543537505,0.760975582186897,0.00000191659682057101,0.0145296014194822,0.001979490313686,-0.374777791970868,0.21263687527022,78.5959761082141,-1.76252492186314,0.0818682924322272,-0.0186076562375817,0.0974080326675206,19039.7923899655,-0.19102794428766,0.848505736733418,-1.46625983999432,1.71730508232616,49.4443704578409,-0.853814418349137,0.397325543537505,0.505481212913737,1.65207961898274,47.1991498427278,0.30596661753202,0.760975582186897,-0.258529459488449,0.213423053547632,-1.21134739284737,0.225762292277146,-0.309165623641724,0.213379236140101,-1.44890210141502,0.14736492422744,0.0506361641532746,0.194839636050625,0.259886361828954,0.794951431596608,-1.97174105290806,2.37526830044881,-0.830112982409398,0.406474907643907,-0.960778627080587,2.39062923251721,-0.401893616129229,0.687762321138467,-1.01096242582747,3.30415923796548,-0.30596661753202,0.759630062990028,Model failed to converge with 1 negative eigenvalue: -3.7e+01
0,153235.033109026,0,0.700226490122121,0.295122951022021,0.876960625354578,0.00000778631520338239,0.0221083559765874,0.000514463876166441,-0.395476480422144,0.214542747947665,77.9241052888684,-1.8433458329648,0.0690807274925261,-0.0375237456052865,0.0974590718505816,19038.4883036205,-0.385020551630285,0.700226490122121,-1.77777066871811,1.68008098255811,49.5250961833091,-1.05814581985879,0.295122951022021,0.266249597835774,1.7103728808198,47.0779935761177,0.155667574492972,0.876960625354578,-0.269512756799582,0.215349625169946,-1.25151254192754,0.210747540742566,-0.35162934626865,0.215307594308103,-1.63314883248137,0.102437698361464,0.0821165894690684,0.195292849152234,0.420479243482475,0.674135389431454,-2.04402026655389,2.38962348969628,-0.855373357086343,0.392344488392801,-1.51152107088234,2.40536786714345,-0.628394970902052,0.529745230775127,-0.532499195671548,3.42074576163959,-0.155667574492972,0.876295057340598,
0,153309.082014598,0,0.670929224024774,0.205122138502477,0.902173502743602,0.00000948328580213444,0.0327258452276192,0.000320496117177696,-0.406327018736585,0.209703920763264,79.8717548966817,-1.93762242144862,0.0562037871218823,-0.0414868232745629,0.0976437088078064,19035.7008453668,-0.424879634142349,0.670929224024774,-2.2157726559313,1.7253347199261,48.7486266084346,-1.28425668963887,0.205122138502477,0.222803943952299,1.80301721542792,47.6303767948201,0.123572832275714,0.902173502743602,-0.243542711184127,0.210729160808524,-1.15571433137067,0.247798024187426,-0.332431945906837,0.21069540169488,-1.5777845327078,0.114615118372886,0.088889234722711,0.196243495026979,0.452953789426195,0.650582017081956,-2.4385765998836,2.4867638041783,-0.980622524658863,0.326778922403167,-1.992968711979,2.50425792043321,-0.795832048974506,0.426129661019468,-0.445607887904599,3.60603443085583,-0.123572832275714,0.901653504284551,
0,153388.795329661,0,0.905623349558889,0.271568527306511,0.861344782198525,0.000000738380578098581,0.0244517442590904,0.000639206145000862,-0.463221574700583,0.215801894371906,77.4395568588662,-2.14651301393251,0.0349628376815064,-0.011601181415304,0.0978487845255462,19037.6343185368,-0.118562345680188,0.905623349558889,-1.88361436175798,1.69404034902311,49.3259430996513,-1.11190643295137,0.271568527306511,-0.305940436003406,1.74227108615861,48.2085056926929,-0.17559864158565,0.861344782198525,-0.305561078191857,0.216657168114482,-1.41034372807087,0.158438212503543,-0.32064052545401,0.216617223435277,-1.48021713310259,0.138815309533784,0.0150794472621533,0.196233181316799,0.0768445334319328,0.938747222898234,-1.57767392575458,2.42192966019192,-0.651411951257725,0.514780597849506,-2.18955479776139,2.43819999275038,-0.898021000849686,0.369174353424815,0.611880872006812,3.48454217231722,0.17559864158565,0.860609269627726,
0,153195.879256289,0,0.950711345482716,0.54394843596167,0.598501255583818,0.000000200688183040963,0.00753222680908889,0.0057117189768486,-0.499094980217761,0.225410192505427,73.6142561758602,-2.21416332008032,0.0299140917283362,0.00601782954157513,0.0973533184873751,19039.5358057658,0.0618143236930905,0.950711345482716,-1.00020154808415,1.63673204321299,49.2054150593073,-0.611096698590141,0.54394843596167,-0.877416180765001,1.6554611143155,48.9011192797212,-0.530013162603216,0.598501255583818,-0.36607334788565,0.22605019242716,-1.61943391401275,0.105353934825379,-0.33074172424203,0.226002841805906,-1.46344055499123,0.143346868417882,-0.0353316236436205,0.194745542625813,-0.181424556204129,0.856034345630753,-0.122785367319152,2.32086084690947,-0.0529050966078629,0.95780752357965,-1.87761772884915,2.33505706437004,-0.804099290548048,0.421339634284305,1.75483236153,3.310922228631,0.530013162603216,0.596102804722259,
0,153128.680202952,0,0.556162606997374,0.710900547934404,0.762039225878077,0.0000181961041222707,0.00291571366324016,0.00186002688284782,-0.446856304271282,0.223012924028377,73.6381698246052,-2.00372380308516,0.0487789199352551,-0.0571952667767401,0.0971781021425605,19036.9354736294,-0.588561265508504,0.556162606997374,-0.643549558500743,1.72592399765107,47.5453073060385,-0.372872478380621,0.710900547934404,-0.503670053831081,1.65424676519742,49.7466568147735,-0.304470931681691,0.762039225878077,-0.261488960037316,0.22378612912633,-1.16847706807468,0.242614383999679,-0.36250672935252,0.223744871609863,-1.62017894195408,0.105193843573698,0.101017769315204,0.194417074273791,0.519593094858245,0.603347211883107,-0.139879504669662,2.38286883822227,-0.0587021418996852,0.953189353292898,-1.14721961233182,2.39846369818206,-0.478314353142543,0.632426482075856,1.00734010766216,3.30849353039483,0.304470931681691,0.760769135310374,
0,153226.405180642,0,0.598596939849854,0.578427111257354,0.971042987760377,0.0000145562052964243,0.00660437074936534,0.0000267702946287203,-0.390770315805208,0.207849697069029,79.050841494148,-1.88006199342898,0.0637834824427948,-0.0512961115065944,0.0974418217285616,19038.1001084773,-0.526428083923627,0.598596939849854,-0.994052240458612,1.77646995749525,47.097025770284,-0.559566029396967,0.578427111257354,-0.0610402651586969,1.67309604715929,49.7194481250015,-0.0364834196233597,0.971042987760377,-0.202587735525428,0.20877276843941,-0.970374331095882,0.331859938681796,-0.303559300195322,0.208733801341553,-1.45428913881851,0.145866160403661,0.100971564669894,0.1950396300251,0.517697683577946,0.60466921469377,-0.933011975299915,2.43207479853092,-0.383627993622356,0.701254188782212,-1.05509250561731,2.44851055953557,-0.430911968710251,0.66653238049299,0.122080530317394,3.34619209431858,0.0364834196233597,0.970896899131852,
0,153298.909952706,0,0.773884657828862,0.52784196308589,0.900194412707347,0.00000433527692244796,0.00860104652064418,0.000315956448611075,-0.369133027624318,0.200002452010712,83.087186187982,-1.84564251044556,0.0685060260233408,0.0280512911304908,0.0976371456276001,19039.556823342,0.287301425601705,0.773884657828862,-1.13154495313279,1.77896982087129,46.6341024162407,-0.636067537435005,0.52784196308589,0.21221558474185,1.68357060839384,50.2721448962103,0.126050896638251,0.900194412707347,-0.261880598793373,0.200973352132175,-1.30306130646187,0.192553832278563,-0.211412476951181,0.200934179371554,-1.05214791038737,0.29273169379137,-0.0504681218421924,0.195475645973809,-0.258181123232888,0.796267125664179,-1.34376053787464,2.4410154528169,-0.550492433927022,0.581981664946133,-0.919329368390944,2.45758637552091,-0.374078151453001,0.70834617322862,-0.4244311694837,3.36714121678768,-0.126050896638251,0.899691636146083,
0,153255.237982206,0,0.550556043746979,0.496908908882549,0.99851128766043,0.0000187146956704193,0.0100235380541039,0.0000000691609419950129,-0.30035137823722,0.202039894617167,82.2459010280587,-1.48659441149648,0.140945563017203,0.0582163270509197,0.0975249555913043,19040.0105205643,0.596937744784889,0.550556043746979,-1.16972420013273,1.7082271298792,46.3105080318152,-0.684759174978947,0.496908908882549,0.00320896627485382,1.71142727481589,50.8337885083893,0.00187502345093748,0.99851128766043,-0.240243014697032,0.202937058347456,-1.18383018189661,0.236480292111267,-0.123895560716017,0.20289571169944,-0.610636664906699,0.541440143952698,-0.116347453981015,0.195429062493385,-0.5953436633047,0.55161377507498,-1.17293316640759,2.40997855738797,-0.486698590247566,0.626471944417822,-1.16651523385788,2.42611826616271,-0.480815486255296,0.630647642790302,-0.00641793254970763,3.42285454963179,-0.00187502345093748,0.998503948613968,
0,153186.478479535,0,0.898702882761412,0.334805442161906,0.846412558207869,0.000000851041673461915,0.020205822855877,0.000754555657232113,-0.313228584785634,0.202211451210489,82.5553463107996,-1.54901506769556,0.125203313418805,0.0123934090645785,0.097354549729275,19042.2326786616,0.127301796362289,0.898702882761412,-1.56567821888676,1.60633714009787,46.067000030375,-0.9746884261117,0.334805442161906,-0.335079472114992,1.72099192760367,50.201752245627,-0.19470136189515,0.846412558207869,-0.220252031762949,0.202976229250215,-1.08511244186844,0.277871857432819,-0.186568637894186,0.202928200670393,-0.919382507102702,0.357895535753536,-0.0336833938687633,0.19515423135835,-0.172598839565577,0.862966764101023,-1.23059874677177,2.34679634491668,-0.524373897819181,0.600018507729721,-1.90075769100175,2.36152733639805,-0.804884898728679,0.420886103547858,0.670158944229985,3.44198385520733,0.19470136189515,0.845626745678314,
0,153141.776476876,0,0.979946224460633,0.395213102810868,0.898732402083757,0.0000000331826056318958,0.0152451478193883,0.000324089122730116,-0.358838151264116,0.207362576860597,80.3262416604744,-1.73048655498408,0.0873835081917927,0.00244410551821895,0.0972327180307229,19041.6488006331,0.0251366573692476,0.979946224460633,-1.35452622094178,1.57875665095373,47.5489505866865,-0.857970238873425,0.395213102810868,-0.223500008465378,1.74738866618736,50.4627403225752,-0.127905149432515,0.898732402083757,-0.25764532834065,0.208114295882995,-1.23799918332137,0.215716363644877,-0.246823048169614,0.208066771235559,-1.18626845941766,0.235516298240633,-0.0108222801710356,0.195087636142117,-0.0554739417886629,0.955760889414512,-1.1310262124764,2.34762407427035,-0.481774839878455,0.629965904497453,-1.57802622940716,2.36227446187094,-0.668011382622046,0.504126326674577,0.447000016930755,3.49477733237472,0.127905149432515,0.89822403586383,
0,153181.289493564,0,0.572630110481294,0.599109057105745,0.911680406342939,0.000016718205105208,0.00572645083626169,0.000246986105307073,-0.454330962656137,0.213750431198804,77.41253477016,-2.12552068366859,0.0367321694160799,0.0549079470476863,0.0973213835896305,19039.5620110172,0.564192010249397,0.572630110481294,-0.84682866064237,1.60035533439332,48.6159304646016,-0.529150397066909,0.599109057105745,-0.198390035597949,1.77962329494816,50.3041421201212,-0.111478668637976,0.911680406342939,-0.374203302553182,0.214554948460246,-1.74409075734982,0.0811432654707873,-0.25912002527095,0.214511757945219,-1.2079525511936,0.227065514018634,-0.115083277282232,0.195465817924085,-0.588764206982359,0.556019459672143,-0.648438625044421,2.38562931520451,-0.27181030217548,0.785767883369562,-1.04521869624032,2.40107586446648,-0.435312649512042,0.663335504399241,0.396780071195898,3.55924658989632,0.111478668637976,0.911236780114985,
0,153255.144523529,0,0.331007943149611,0.411224111334094,0.790237102683858,0.0000496250143736439,0.0138463296843345,0.00142064552542585,-0.447950906759608,0.207098794060354,80.3295760686552,-2.16298172469833,0.0335157829660477,0.0948024257502157,0.0975222764337448,19041.8456833289,0.972110467649134,0.331007943149611,-1.32060313298558,1.59332806518799,48.9265014368167,-0.828833158618699,0.411224111334094,0.468260978959814,1.7510075761064,50.2685944532168,0.267423730970402,0.790237102683858,-0.401530732084288,0.207867334462803,-1.93166825909407,0.0534004648701454,-0.224358511084684,0.207820302948688,-1.07957936689217,0.280329533590896,-0.177172220999604,0.195659953871342,-0.905510900386416,0.365194787774388,-1.78886411194539,2.35998841336834,-0.757996989227673,0.448452785142606,-0.852342154025767,2.37484702634983,-0.358904023951315,0.719666889242832,-0.936521957919628,3.5020151522128,-0.267423730970402,0.789142929900947,
0,153389.534649758,0,0.146552235494656,0.446650881695935,0.688981467697939,0.000110689900208413,0.0117874463159606,0.00327188591617349,-0.381524748392049,0.202655494810104,83.2633615119927,-1.88262720805845,0.063243464876905,0.142096868199768,0.097871135777699,19041.6108515541,1.45187717574385,0.146552235494656,-1.26555017673373,1.64968824743696,49.3384629277056,-0.767145052224232,0.446650881695935,0.699466981481238,1.73738155540106,49.3767589112917,0.402598369544548,0.688981467697939,-0.394338031831504,0.203489179694064,-1.93788206539715,0.0526376125087353,-0.128715594171408,0.203444220462856,-0.632682481117266,0.526941012421087,-0.265622437660096,0.196240486993567,-1.35355574035445,0.175878155449512,-1.96501715821496,2.38805200456773,-0.822853587131434,0.410591258975147,-0.566083195252489,2.40356809536134,-0.235517852123673,0.81380682450738,-1.39893396296247,3.47476311080212,-0.402598369544548,0.687243709307172,
0,153482.465065923,0,0.161522914286917,0.329831415155728,0.747479785289332,0.000102925944425854,0.0193594050183967,0.00214047123967635,-0.350138359837937,0.204484340253005,82.6147936265207,-1.71229913940948,0.0905928717150358,0.137357401246745,0.098110862262278,19041.4660490943,1.4000223632685,0.161522914286917,-1.58076969178211,1.60610015210561,49.0692947790059,-0.984228592289035,0.329831415155728,0.563748856239259,1.74110284274757,48.8745205798376,0.323788372747486,0.747479785289332,-0.346780381111238,0.205244465390452,-1.68959674723278,0.0911051286704755,-0.0870334737442145,0.205195539558539,-0.424148955340158,0.6714571845945,-0.259746907367024,0.19671117907207,-1.32044812395669,0.186685445258884,-2.14451854802137,2.36138720543602,-0.908160484263062,0.363793438263137,-1.01702083554285,2.37609849990226,-0.428021328065603,0.668635592527211,-1.12749771247852,3.48220568549514,-0.323788372747486,0.74609825960432,
0,153477.328976677,0,0.140263806954383,0.24940858934565,0.911685747529771,0.000114215887969576,0.0269935672856953,0.00025065406333981,-0.382613599985944,0.204137707397398,83.3548583673883,-1.8742916478488,0.064393390950638,0.144683167823059,0.09809887429646,19042.8454957387,1.47487082660927,0.140263806954383,-1.82393772930951,1.56476214210534,48.9754892798885,-1.16563257777661,0.24940858934565,0.196280434125527,1.76067508347914,49.569206010934,0.111480213451804,0.911685747529771,-0.387515985012044,0.204870692308639,-1.89151498755248,0.0585556322219837,-0.103361021275338,0.204819406687933,-0.504644666961766,0.613808431409658,-0.284154963736706,0.19680745782704,-1.44382213394794,0.148789014196065,-2.02021816343503,2.34841345655692,-0.860248078460997,0.389652307190452,-1.62765729518398,2.36259790463023,-0.688926918962423,0.490869258405837,-0.392560868251054,3.52135016695828,-0.111480213451804,0.911235555167201,
0,153491.87239734,0,0.202910496866501,0.350107833264047,0.94505801585331,0.0000851452493852718,0.017630403019096,0.0000966041380215145,-0.412396636710893,0.20808739302048,81.4611294388579,-1.98184344916227,0.0508692486873278,0.12494815789081,0.0981257760494066,19041.2784916321,1.27334695246535,0.202910496866501,-1.47921695213245,1.56815024081014,49.579379310752,-0.943287775390867,0.350107833264047,0.12590070125334,1.81770493527119,49.6560121922293,0.0692635525218265,0.94505801585331,-0.403946667106753,0.208899068214352,-1.93369300571634,0.0531508843103441,-0.15739309600985,0.208852185499376,-0.75361000237328,0.451083436466203,-0.246553571096903,0.197228977626368,-1.25008796407177,0.211267415985775,-1.60511765338579,2.39314275947916,-0.670715379192472,0.502401863668491,-1.35331625087911,2.40814462847993,-0.561974656702138,0.574133286298122,-0.251801402506679,3.63540987054239,-0.0692635525218265,0.944779836909544,
0,153512.393366638,0,0.384139037447005,0.3740182722283,0.926795758930495,0.000039787014868281,0.0159666011827442,0.000171343196695587,-0.41554876539455,0.212569150312973,79.1650987872925,-1.95488745560079,0.054126150198593,0.08543321056862,0.0981635051570732,19036.8331701726,0.870315403182851,0.384139037447005,-1.4867290945862,1.65732602565827,49.5958276026648,-0.897064953768342,0.3740182722283,0.171648788196279,1.85880352783636,49.7591808730093,0.0923436961603347,0.926795758930495,-0.375322336058804,0.213551065412481,-1.75752968187659,0.0788275671599426,-0.209013300771437,0.21351438664885,-0.9789190510857,0.327619978169941,-0.166309035287367,0.197585636380381,-0.841706099360369,0.399952483319348,-1.65837788278248,2.48183825663615,-0.668205463570468,0.504002448385247,-1.31508030638992,2.49884755212067,-0.526274724231924,0.598697342009628,-0.343297576392558,3.71760705567272,-0.0923436961603347,0.926424972144088,
0,153358.977133112,0,0.470926153471329,0.634587967937686,0.903680003633375,0.0000273081830205325,0.00458886371932829,0.000297672233694934,-0.398062857058207,0.209549872173972,80.12533177167,-1.89960916190743,0.0610826116594863,0.0704894868131514,0.0977679941091371,19034.901021494,0.720987348216074,0.470926153471329,-0.825701506195684,1.72658170315839,49.6099991954055,-0.478229037574792,0.634587967937686,0.224795347629614,1.848139130667,49.6864181216963,0.121633346699653,0.903680003633375,-0.337140997293437,0.21064402588407,-1.60052484697091,0.109482199350168,-0.2021304848906,0.210612698844267,-0.959726008924379,0.337193129676494,-0.135010512402836,0.196777823223949,-0.68610634161342,0.492646052219351,-1.0504968538253,2.52018120861419,-0.416833857118929,0.676799935987246,-0.60090615856607,2.53812764133637,-0.236751749116006,0.812849386004921,-0.449590695259227,3.696278261334,-0.121633346699653,0.903189402712859,
0,153203.87605219,0,0.585234159033179,0.499616836025651,0.834823897798838,0.0000156465114897887,0.00919222579077847,0.000878645298201118,-0.391612025514268,0.211514045931173,79.2116393836621,-1.85147054319835,0.0678285760708652,0.0531441757192581,0.0973756383274049,19036.4690446668,0.545764594020653,0.585234159033179,-1.1832479213327,1.73993355333371,49.8488215645882,-0.680053510701942,0.499616836025651,0.36576608628316,1.74497775139752,49.961070432795,0.209610744887851,0.834823897798838,-0.277788417054378,0.212473915527353,-1.30740009362992,0.191076865569421,-0.181211390720495,0.212438271843434,-0.853007271938492,0.393655271552741,-0.0965770263338831,0.195362026277572,-0.494349020503431,0.621059710765065,-1.54901400761586,2.45566743751008,-0.630791443480829,0.528176898833485,-0.817481835049535,2.47271706471449,-0.330600636326309,0.74094616550012,-0.731532172566321,3.48995550279503,-0.209610744887851,0.833971492736566,
0,153221.897606801,0,0.777322518490956,0.216043227326257,0.616741359896987,0.00000420140683633441,0.0303487620509665,0.00508253352633828,-0.353464470543461,0.213471992770075,78.5232044345909,-1.65578849926308,0.101755986894149,0.027552625109084,0.0974231398809023,19037.2914518047,0.282813971534551,0.777322518490956,-2.22247391807088,1.77382936421117,50.1561556763483,-1.2529243020279,0.216043227326257,0.843634116793477,1.67507244142217,49.6532734110152,0.503640377533293,0.616741359896987,-0.20619215355687,0.214370996520548,-0.961847250344361,0.336126339129861,-0.173485932348731,0.214332541322354,-0.809424137269992,0.418271223002292,-0.0327062212081388,0.195015494644573,-0.167710885064531,0.866810732443932,-3.06610803486436,2.43150749675954,-1.26099057434556,0.207312243117856,-1.37883980127741,2.44794768896352,-0.56326358912564,0.573255407942111,-1.68726823358695,3.35014488284434,-0.503640377533293,0.614514113125713,
0,153180.353212991,0,0.994010448840758,0.239604701378594,0.583154697115992,0.00000000295941827012552,0.0273241905267992,0.00616864118689045,-0.371523178829063,0.21914347102658,76.2584019694806,-1.69534222073174,0.0940902097688117,0.000730611980858715,0.097324636748903,19042.3982868195,0.00750695820980755,0.994010448840758,-2.00870726866253,1.68793213171507,50.413186753897,-1.1900403048916,0.239604701378594,0.869480538129131,1.57391216958243,49.1679307337556,0.552432692835592,0.583154697115992,-0.217042628244255,0.219763455050723,-0.987619293636241,0.323339133620842,-0.238666672421329,0.219712413238167,-1.08626849481925,0.277360221340999,0.0216240441770745,0.194209900160259,0.111343675884858,0.911343822354496,-2.87818780679166,2.30115061591785,-1.25076028786741,0.211021947523981,-1.1392267305334,2.31459167900791,-0.492193392409371,0.622582635112572,-1.73896107625826,3.14782433916486,-0.552432692835592,0.580651936851789,Model failed to converge with 1 negative eigenvalue: -2.5e+01
0,153045.572945686,0,0.985730411184539,0.183772229432791,0.606873615489516,0.0000000167997096815649,0.0342153850743411,0.00544965842505185,-0.414651640146338,0.219849878968943,76.0853786610783,-1.88606717497858,0.0631022209055158,-0.00173443048022429,0.0969742975792206,19041.3933699087,-0.0178854657731075,0.985730411184539,-2.25044425293195,1.67018680268481,51.2466255723281,-1.34742068929918,0.183772229432791,0.852379334786588,1.64589480285113,48.9462207909869,0.517882025819657,0.606873615489516,-0.236770120501853,0.220550833365257,-1.07353990410789,0.283028944667842,-0.262870201641023,0.220505607578262,-1.19212479232631,0.233212317103148,0.0261000811391699,0.193973704201082,0.134554738987267,0.892963929124183,-3.10282358771854,2.33750689804119,-1.32740724329784,0.184374004938509,-1.39806491814536,2.35224335846433,-0.594353859312454,0.552275462338332,-1.70475866957318,3.29178960570226,-0.517882025819657,0.60454058347787,
0,153148.563226685,0,0.89802693368956,0.185500446228425,0.755357089808887,0.000000862758961890744,0.0340840135405329,0.00197098136137272,-0.479866894594257,0.222468021396853,75.5790136471646,-2.15701515921805,0.034183575822639,-0.0124588675624224,0.0972164779955295,19036.5181975875,-0.128155923967903,0.89802693368956,-2.36381048076967,1.76126795045665,51.0461588781273,-1.34210724731396,0.185500446228425,0.555246785628551,1.77220338884449,49.7056356843547,0.313308725806344,0.755357089808887,-0.282025067893398,0.223456299532228,-1.26210390346468,0.206911400862407,-0.321684962695581,0.223424874093922,-1.43979028297607,0.149926741154024,0.0396598948021828,0.195238261725745,0.203135873325352,0.839028833351904,-2.91905726639822,2.48970529395466,-1.17245092159546,0.241016065413162,-1.80856369514112,2.50737050288334,-0.721298943678795,0.470725606753997,-1.1104935712571,3.54440677768898,-0.313308725806344,0.754046121401175,
0,153224.45202496,0,0.71453862186933,0.15325378809276,0.966600094877315,0.00000703028446843882,0.0412559600991019,0.0000356082493670893,-0.474482049323737,0.224174041299697,74.7613346655823,-2.1165789159745,0.0376236685312623,0.0356228762047729,0.0973906976101851,19030.362381041,0.365772882615099,0.71453862186933,-2.7084008581145,1.86699035403827,48.9055014129765,-1.45067747792926,0.15325378809276,0.0793003097032491,1.88432629252924,49.7360697542914,0.0420841708878393,0.966600094877315,-0.354339426033167,0.225468027805208,-1.57157282778602,0.116049652226817,-0.285199147907069,0.225448268707461,-1.26503143955007,0.205860057885091,-0.0691402781260985,0.196325999835995,-0.352170767926083,0.724710198228506,-2.78770116781774,2.64275506165529,-1.05484659106912,0.291495492170706,-2.62910054841125,2.66242798995075,-0.987482312511251,0.323406249689966,-0.158600619406498,3.76865258505847,-0.0420841708878393,0.966431598793095,
0,153227.363613173,0,0.633875521686089,0.138890267163976,0.892112905274984,0.0000119210605284654,0.0444992496394046,0.00037463848598863,-0.419101581802312,0.213987962909745,77.9155790959806,-1.95852877004619,0.0537467077920394,0.0463932531367952,0.0974061240249317,19029.0478627512,0.476286820784703,0.633875521686089,-2.78468884525345,1.85075055337286,48.6111526580378,-1.50462677975622,0.138890267163976,-0.265341733619858,1.94632955816011,49.5910432502609,-0.136329293519382,0.892112905274984,-0.342383619552688,0.21541535375812,-1.58941140257409,0.111967541945585,-0.242552119400102,0.215397808876001,-1.12606586234929,0.260137642365267,-0.0998315001525869,0.1967857153633,-0.507310705801389,0.611936827989115,-2.51934711163359,2.6757805816358,-0.941537257921734,0.34642960537326,-3.05003057887331,2.69576538268747,-1.13141544084696,0.257880275529302,0.530683467239716,3.89265911632021,0.136329293519382,0.891560967185436,
0,153155.941952695,0,0.650757760676986,0.193556870072846,0.741533216149505,0.0000107697276659017,0.03456927309556,0.00219583311948466,-0.367150619101634,0.208227031681886,79.9097079982733,-1.76322265239097,0.0816858003782401,0.044021338903657,0.0972381143878267,19030.2300817505,0.452716912301295,0.650757760676986,-2.39644186043152,1.81768978113707,48.5428345581922,-1.31839980908756,0.193556870072846,-0.62671061121636,1.88962190292179,49.9839127311161,-0.331659264875858,0.741533216149505,-0.301405137070633,0.209552959323969,-1.4383244123251,0.150342028368636,-0.196722889001647,0.209531047202358,-0.938872265605866,0.347796330268304,-0.104682248068986,0.196072262072274,-0.533896263360286,0.593413307453513,-1.76973124921516,2.61227407011011,-0.677467678244254,0.498109270736218,-3.02315247164788,2.63160755728018,-1.14878544989906,0.250644460496457,1.25342122243272,3.77924380584358,0.331659264875858,0.740146563093898,
0,153260.350015016,0,0.741584769385424,0.243603415945586,0.614935205948468,0.00000571384936700814,0.0283509203837703,0.00512859881671622,-0.343711600835098,0.208001468976953,79.845535074542,-1.65244794916897,0.102370572276057,-0.0321557408481913,0.0975124892332394,19031.161091765,-0.3297602297002,0.741584769385424,-2.16321960588817,1.83229163639928,47.7698968585015,-1.18060878678637,0.243603415945586,-0.914780674024152,1.80705689240605,49.711690162398,-0.506226825435555,0.614935205948468,-0.189326620802056,0.209211033456333,-0.904955239091501,0.36548910085965,-0.229350086583244,0.209184496536442,-1.09640097799164,0.272903336170537,0.0400234657811879,0.196034106815301,0.204165828239762,0.838223914008134,-1.24843893186402,2.56410887785323,-0.486889984527203,0.626336296878546,-3.07800027991232,2.58279696626277,-1.19173141370307,0.233366576397285,1.8295613480483,3.61411378481209,0.506226825435555,0.61269742535506,
0,153351.536476783,0,0.561633944088954,0.18102900867797,0.687229494907865,0.0000176994608309974,0.0372180963895195,0.00330110451298946,-0.346303397203611,0.203266744702279,82.3096336388568,-1.70368939449901,0.0922120383409411,-0.0567407942216248,0.0977570788708852,19033.851023225,-0.580426449695438,0.561633944088954,-2.41976528045998,1.78257496553527,47.6677484104662,-1.35745498912769,0.18102900867797,-0.73027905867043,1.8032053493231,49.5212983736774,-0.404989403422393,0.687229494907865,-0.159168628848536,0.204409157319175,-0.778676605960475,0.436170240168003,-0.253260838063325,0.204378590336657,-1.23917499208772,0.215280699693348,0.0940922092147894,0.196465796318936,0.478924123067423,0.63199260894699,-1.68948622178955,2.52649246845927,-0.668708196395236,0.503681638002624,-3.15004433913041,2.54461822008324,-1.23792414684014,0.215744187910862,1.46055811734086,3.6064106986462,0.404989403422393,0.685485300076928,
0,153417.199652117,0,0.944908302876493,0.206539182792348,0.931503612397876,0.000000250840812506256,0.0327653211339142,0.000151111939820031,-0.343165373896084,0.204367803091535,82.303983435428,-1.67915576086308,0.0969144567445299,0.00676728459756322,0.0979303027112302,19036.9066586025,0.0691030703491043,0.944908302876493,-2.19121367123169,1.7114694744065,48.3892145829478,-1.28031127869901,0.206539182792348,-0.155377213754551,1.79850005305323,49.3843493365561,-0.0863926656497869,0.931503612397876,-0.218210627690259,0.205380530504103,-1.06246988044419,0.288022424484753,-0.200550693423822,0.205344374940738,-0.976655403790343,0.328739780374726,-0.017659934266437,0.196753711244309,-0.0897565497227582,0.928480677062475,-2.03583645747714,2.47407485825316,-0.822867768404777,0.410583193592826,-2.34659088498625,2.49126754907517,-0.941926484715528,0.346230279432301,0.310754427509103,3.59700010610645,0.0863926656497869,0.931154277096847,
0,153441.662772097,0,0.718021157389843,0.38270488244856,0.843433216479703,0.00000684901006977962,0.015895585613062,0.000774488164341361,-0.32028014735589,0.212721613197037,78.3177207742707,-1.50563049302952,0.136184784041957,0.0353864005773202,0.0979933863758385,19039.1899974566,0.361110090038129,0.718021157389843,-1.48570382057504,1.6863893166788,48.0522185023452,-0.880996935808989,0.38270488244856,-0.337106050058359,1.69813241526189,50.8438838377885,-0.198515761803163,0.843433216479703,-0.239716558644883,0.213508331450468,-1.12275037239235,0.261543527894126,-0.159993374801343,0.21346399880444,-0.749509873783995,0.453549949704065,-0.0797231838435402,0.196228352516106,-0.406277598630895,0.684538643129543,-1.14859777051668,2.38549230691398,-0.481492967798576,0.630166176486265,-1.8228098706334,2.40094808523579,-0.759204200141791,0.447730413939343,0.674212100116719,3.39626483052379,0.198515761803163,0.842641554009053,
0,153361.89629839,0,0.646233696547278,0.215042770821654,0.889972466359742,0.000011065680065757,0.0318835020783352,0.000373178768223085,-0.35366505662018,0.204205465331929,81.8424248033969,-1.73190789015029,0.0870575033073297,0.0448888479815062,0.0977953604533772,19039.5860053664,0.459007950616496,0.646233696547278,-2.17702926054146,1.73268691034446,47.9346925758616,-1.25644699428627,0.215042770821654,-0.236500913494639,1.70118096793614,51.77088484104,-0.139021607901927,0.889972466359742,-0.259126225283038,0.205105835689606,-1.26337812091892,0.206453323188499,-0.163069277785724,0.205064772163373,-0.795208636107464,0.426492149008825,-0.0960569474973143,0.195879042606269,-0.490389100432739,0.623858587994898,-1.94052834704682,2.42008744006395,-0.801842245417191,0.422644218052624,-2.4135301740361,2.43631237987642,-0.990648897888261,0.321857052132888,0.473001826989279,3.40236193587228,0.139021607901927,0.889433074213306,
0,153384.426256467,0,0.473802293625438,0.155186077740892,0.839282054024871,0.0000269431959901853,0.0415228163741492,0.000803087608110183,-0.405857219763236,0.198814006484909,85.4405270661195,-2.04139148412585,0.0442973009657422,0.0701042545176809,0.097867170654573,19043.8114567491,0.716320437678917,0.473802293625438,-2.49195043400549,1.72559894450389,48.1386650870729,-1.44410753260047,0.155186077740892,-0.332664732526535,1.63202230808036,51.6951143301408,-0.203835897879255,0.839282054024871,-0.34038870117019,0.199618881303546,-1.70519291034692,0.0881584518323125,-0.191347729286126,0.199570933793665,-0.958795580342174,0.337661736144819,-0.149040971884063,0.195591347933493,-0.762001864902234,0.446058891120618,-2.15928570147895,2.36763493353309,-0.912001115922364,0.361768130120615,-2.82461516653202,2.38257883063784,-1.18552852489496,0.235808543313012,0.665329465053071,3.26404461616073,0.203835897879255,0.83848173926858,
0,153416.267676817,0,0.271107925526796,0.232787466409045,0.903657638090688,0.0000636120497649122,0.0300136926045819,0.000295007417838767,-0.403253411541158,0.201109343867107,84.5759382313309,-2.00514508071603,0.0481454294262383,0.10778427253788,0.0979370311990312,19039.2528985436,1.10054665960659,0.271107925526796,-2.10894769221456,1.74477265954155,47.2171853843008,-1.20872348651354,0.232787466409045,-0.209139719289969,1.71910813542756,50.1539999463683,-0.121655941810754,0.903657638090688,-0.38117911117435,0.202064475643476,-1.88642318230596,0.0592379510455134,-0.160057771888072,0.20202491237883,-0.792267498118933,0.428204718778599,-0.221121339286278,0.196261236995399,-1.12666842760938,0.259882696009427,-1.89980797292459,2.44108723903272,-0.77826303892252,0.436413960317037,-2.31808741150452,2.45768629425837,-0.943199063655939,0.3455790922506,0.418279438579937,3.43821627085512,0.121655941810754,0.903171507316421,
0,153469.700544865,0,0.361566144916147,0.209672798152883,0.705105659455584,0.0000437346712774861,0.0326853779586938,0.00294080395004567,-0.390540807186917,0.209047506944191,80.7953334096775,-1.86819165124595,0.0653604374585436,0.0894625424645341,0.0980511525635242,19034.0938320259,0.912406841995806,0.361566144916147,-2.22375447257642,1.74882974266195,47.8512017135217,-1.27156716193057,0.209672798152883,0.708601007267501,1.86156571766546,49.1248973810294,0.380647860316282,0.705105659455584,-0.322228455114746,0.210189387536965,-1.53303865095509,0.125266331947329,-0.162117183191069,0.210159559138799,-0.771400472362043,0.440469595204395,-0.160111271923677,0.1974041648496,-0.81108355563655,0.417317688701019,-2.93235547984392,2.54502348744784,-1.15219191269017,0.249242220228335,-1.51515346530892,2.5633026017916,-0.591094264192576,0.554457262819677,-1.417202014535,3.72313143533092,-0.380647860316282,0.7034645626382,
0,153473.42464902,0,0.420615420325437,0.113947425181439,0.555578683597456,0.0000340745234152894,0.0510240571995709,0.00725050797162437,-0.421639294187168,0.209073041426589,80.9628680488578,-2.01670809067566,0.0470409262912662,0.078977392238264,0.0980633122621362,19034.7805352803,0.805371452548401,0.420615420325437,-2.79401396832023,1.73550853890682,48.2040857701275,-1.60991081615775,0.113947425181439,1.09444347086243,1.84385920998967,48.2394552398582,0.593561300631276,0.555578683597456,-0.292113707627157,0.210166096743282,-1.38991831771979,0.164553682535425,-0.163217102005297,0.21013430194405,-0.776727552309639,0.43731952776595,-0.12889660562186,0.197306717630359,-0.653280370632587,0.51357554475681,-3.88845743918265,2.52316400823536,-1.5411037199687,0.123291544651224,-1.6995704974578,2.54111328698862,-0.668829093988131,0.503604505346667,-2.18888694172485,3.68771841997934,-0.593561300631276,0.552805571195147,
0,153554.660075601,0,0.203991892864498,0.111875692745632,0.814228658289958,0.0000847557150323064,0.052116225533445,0.0011466666772557,-0.425127307159143,0.203859757593534,83.5274848641312,-2.08539101673408,0.0400861917559978,0.124851717974598,0.098284913839787,19037.4826338486,1.27030398763047,0.203991892864498,-2.88487806913285,1.78105704415292,47.7179084968864,-1.61975613223827,0.111875692745632,0.414367465250397,1.75391257926681,48.6205584748734,0.236253203351569,0.814228658289958,-0.377885498558141,0.204900471817576,-1.84423927971515,0.0651482762326205,-0.139183785619191,0.204865004687729,-0.67939268510669,0.496889083473557,-0.23870171293895,0.197143184903816,-1.21080377724145,0.22597061720357,-3.29924553438324,2.49095682326117,-1.32448924990352,0.185340610975808,-2.47051060388245,2.50836224758761,-0.984909817654302,0.324668370501665,-0.828734930500795,3.50782515853362,-0.236253203351569,0.813236197436129,
0,153546.9844285,0,0.115939178482904,0.212285794843814,0.874883811613635,0.000129833186379877,0.0324270429317189,0.00049897475140519,-0.372166358349876,0.212707123726739,79.3792562112047,-1.74966569915162,0.0840406889955123,0.15445611211081,0.0982469795100968,19033.9830242553,1.57212071944601,0.115939178482904,-2.31933498641335,1.83455997455553,47.6913378370949,-1.2642459328566,0.212285794843814,-0.282175657731284,1.78293924863032,50.1730699057893,-0.158264314360714,0.874883811613635,-0.41796070238127,0.213832839193889,-1.95461419282888,0.0506286248410407,-0.101556532756267,0.213803129178057,-0.4750002170066,0.634786818607871,-0.316404169625003,0.1972624846672,-1.60397538416291,0.108719478646414,-2.03715932868206,2.54904516253701,-0.799185263023948,0.424182995824297,-2.60151064414463,2.56735936098591,-1.01330210475311,0.310915882503745,0.564351315462567,3.56587849726064,0.158264314360714,0.874248526717095,
0,153573.252661356,0,0.277830032682226,0.273220655427849,0.794536905255814,0.0000618774891507546,0.0248656118313335,0.00134755646973375,-0.388640170321596,0.219433866518562,77.1101918082219,-1.77110387055373,0.0804949209137806,0.106678242210286,0.0982994040325451,19032.2606056315,1.08523793465693,0.277830032682226,-2.08828811237982,1.88416891820055,48.1733096165452,-1.10833380818861,0.273220655427849,-0.47650320498389,1.82012637151626,50.7920759404691,-0.261796769961054,0.794536905255814,-0.385746697297277,0.220654920213915,-1.74818987459383,0.0804311543245226,-0.159738745967834,0.220630313799428,-0.724010872381982,0.469059060250534,-0.226007951329442,0.197608493525016,-1.14371577505514,0.252741529028534,-1.61178490739593,2.61014234715897,-0.617508431733728,0.536899421510318,-2.5647913173637,2.62927023502176,-0.975476496558171,0.329323954728368,0.953006409967779,3.64025274303251,0.261796769961054,0.79347812944174,
0,153546.960931712,0,0.781022306808346,0.541632126617079,0.671700594041734,0.00000406066471632002,0.00767828535809542,0.00358727375157475,-0.347870497153396,0.230008439820047,73.6786577537935,-1.51242492417044,0.134703499689961,0.0273037159496137,0.0982179942128345,19031.0389158911,0.277990974754052,0.781022306808346,-1.1784036875079,1.91715839392199,48.8270449870719,-0.614661621722973,0.541632126617079,-0.767543961879101,1.80047189594135,50.4787476258436,-0.426301551059647,0.671700594041734,-0.249536682878133,0.231198346845644,-1.07931862957797,0.28044571083826,-0.174550464575686,0.231174674716777,-0.75505876579922,0.450213722754901,-0.0749862183024467,0.197327768754059,-0.380008443697077,0.703939147339878,-0.410859725628797,2.62045051937777,-0.15678972855643,0.875410568153628,-1.945947649387,2.63962682711271,-0.737205588835269,0.460997335255779,1.5350879237582,3.6009437918827,0.426301551059647,0.669888127822689,
0,153616.877118875,0,0.657393663773611,0.696109283444822,0.882421035571681,0.0000103383007405628,0.00318869653907957,0.000443430599886096,-0.28850572077201,0.233982345177489,72.4596968908042,-1.23302345975361,0.221552316711443,0.0436357835403244,0.0983848364415792,19027.2300904637,0.443521431945819,0.657393663773611,-0.786135075485934,2.00075441863654,48.2621363269171,-0.392919324912282,0.696109283444822,-0.272599380290357,1.83369408310682,49.8170125199743,-0.148661318592735,0.882421035571681,-0.18836568267202,0.235319250761251,-0.800468648708777,0.423439320926417,-0.0938564265201332,0.235300850059761,-0.398878399701047,0.689982805744378,-0.0945092561518869,0.197867988699482,-0.477637928060337,0.632907930800843,-0.513535695195577,2.70392289582919,-0.189922462651471,0.849369890170192,-1.05873445577629,2.7239136259507,-0.388681361145133,0.697511871993702,0.545198760580713,3.66738816621364,0.148661318592735,0.881820885282848,Model failed to converge with 1 negative eigenvalue: -4.3e+01
0,153577.891219503,0,0.256854875120791,0.619254063152805,0.839104966866525,0.0000675555346990807,0.00522803009284888,0.000826899164610535,-0.272762740057599,0.235031009520834,71.9860831459697,-1.16053937143737,0.249663600102872,0.111458304661995,0.0982972608778873,19030.568315954,1.13389023932679,0.256854875120791,-0.954721210618031,1.90876185642648,47.6030859698425,-0.500178273891867,0.619254063152805,-0.357437185082054,1.75135706491937,50.331311345553,-0.204091554053547,0.839104966866525,-0.221335261628017,0.236114413320076,-0.937406821192125,0.348549333534012,0.011071535110806,0.236087382997241,0.046895920359011,0.962596179600582,-0.232406796738822,0.197159264306091,-1.17877695251494,0.238487004046744,-0.597284025535977,2.58120041416706,-0.231397772237193,0.817005795702771,-1.31215839570008,2.59974060411555,-0.504726661430321,0.613750832327912,0.714874370164107,3.50271412983874,0.204091554053547,0.838281954322871,
0,153550.301388719,0,0.183694181446657,0.31542253319716,0.802072189602192,0.0000928338693702549,0.0209453062463085,0.00122274092404576,-0.281113246179835,0.226037517978372,74.5649613974417,-1.24365746312403,0.21752146002031,0.130632943662732,0.098256118123616,19038.7946955715,1.32951460079445,0.183694181446657,-1.77054228474967,1.74524743730361,48.1081689663828,-1.01449355942624,0.31542253319716,-0.419944863493467,1.66674870370788,51.8535497929523,-0.251954516334256,0.802072189602192,-0.243930590605632,0.226809853751187,-1.07548497814926,0.282157654119405,0.0284851032446739,0.226767779766555,0.125613538545899,0.900037845637675,-0.272415693850306,0.196537986871714,-1.38607145715866,0.165725084968635,-1.3505974212562,2.40543585949976,-0.561477212506955,0.574472260501182,-2.19048714824313,2.42110678064518,-0.904746195316262,0.365599861880801,0.839889726986934,3.33349740741577,0.251954516334256,0.801076220516574,
0,153512.127114644,0,0.0917731805980329,0.244822695216051,0.908650328347901,0.000149319712752602,0.0275364193668611,0.000254891290648347,-0.304188151137796,0.221080125603089,75.8725680827879,-1.37591812157694,0.172894985973538,0.165520871452171,0.0981619158890203,19038.7081544323,1.68620253540391,0.0917731805980329,-2.07126800080763,1.75953677577692,48.9374993186254,-1.17716664369977,0.244822695216051,-0.192826684552134,1.67239297449308,52.1425049316536,-0.115299865218928,0.908650328347901,-0.309300135929193,0.221900618755465,-1.39386783896282,0.163357517718177,0.0268612796095466,0.221859599335208,0.121073326058621,0.903632956449971,-0.33616141553874,0.196396080307464,-1.71165032933686,0.086961127353935,-1.8784413162555,2.41951776087768,-0.776370129051707,0.437530476528026,-2.26409468535977,2.4355019313661,-0.929621387772751,0.352567149682781,0.385653369104268,3.34478594898616,0.115299865218928,0.908207445190653,
0,153427.644488408,0,0.0238449701811897,0.283958747877839,0.880067240866565,0.00026821204344391,0.0235383320565041,0.000447517850525182,-0.335144698847663,0.218786025372503,76.3927605548293,-1.53183777746795,0.129693407264539,0.221314442902357,0.0979354457027413,19034.6515796844,2.25979921073829,0.0238449701811897,-1.98901239416278,1.83586850008804,48.6935404001674,-1.08341768164082,0.283958747877839,-0.263184624097714,1.73562118045787,51.3577965367952,-0.15163713548845,0.880067240866565,-0.406973796303507,0.21982488857522,-1.85135449830672,0.0641185705437657,0.0426428107334459,0.219793232184197,0.194013302000624,0.846165466312313,-0.449616607036953,0.196369795831114,-2.2896423817828,0.0220420560247448,-1.72582777006507,2.51749917148328,-0.685532606967348,0.4930078919804,-2.2521970182605,2.53530786787719,-0.888332753113041,0.374361786410524,0.526369248195428,3.47124236091575,0.15163713548845,0.879473142192495,
0,153629.738749545,0,0.013776414286561,0.303201272977785,0.781236815188577,0.00031864286042207,0.0218099162843118,0.0015282436610853,-0.425966760169823,0.22149900038056,75.9714635700739,-1.92310917628506,0.0582138385275614,0.242526366565786,0.0984570920661502,19036.2461745627,2.46326964849663,0.013776414286561,-1.88653167071364,1.81287952925978,48.5690454527048,-1.04062715710841,0.303201272977785,-0.481607806823571,1.72507489598971,50.9230382679918,-0.279180810029273,0.781236815188577,-0.532382761406122,0.222459419397093,-2.39316798924037,0.0167035912600992,-0.034543030900025,0.222424513662835,-0.155302265614426,0.876583029584474,-0.497839730506097,0.197287391802444,-2.52342395506254,0.0116218193736857,-1.40492386389007,2.49381130448636,-0.563364141209327,0.573186949749601,-2.36813947753721,2.51112252715438,-0.943060106358408,0.345650159642897,0.963215613647141,3.45014979197942,0.279180810029273,0.780106069757797,
0,153811.772581704,0,0.0567926949596109,0.289858125336837,0.752439671598774,0.000190595825294615,0.0232424781926361,0.00197844942963538,-0.503044149221061,0.224012162917951,75.7567978979346,-2.24561087517963,0.0276447696872728,0.188458609993336,0.0989274336288972,19037.1668012703,1.90501868976298,0.0567926949596109,-1.92344893834606,1.7972478774165,48.1337498531756,-1.07021906244283,0.289858125336837,-0.549100730342306,1.73142070021054,50.7357163985819,-0.31713882725067,0.752439671598774,-0.529549319419276,0.224932933955612,-2.35425426640182,0.0185599106800431,-0.138053121480511,0.224896435891101,-0.613851975614941,0.539313147601926,-0.391496197938765,0.198215296390542,-1.97510588268326,0.0482561334006704,-1.37434820800375,2.48701356514634,-0.552609855959062,0.580530591615335,-2.47254966868836,2.50411634609286,-0.987394085161517,0.323449482882751,1.09820146068461,3.46284140042109,0.31713882725067,0.751138264435924,
0,153892.647149074,0,0.253825801426069,0.263914580854685,0.841983441514495,0.0000683928988090597,0.0259147911764915,0.000811702785659266,-0.496053222635894,0.220886945286831,77.2556526236288,-2.24573354478576,0.0275791554511086,0.113139768370045,0.0991462186992804,19038.7111278927,1.14114052814468,0.253825801426069,-1.96938918152827,1.74218209770803,48.0313991183515,-1.13041523278143,0.263914580854685,-0.346552457715204,1.72923262862058,49.4403373659919,-0.200408234253393,0.841983441514495,-0.411428590648247,0.221730012568284,-1.85553857090746,0.0635193565697894,-0.175947863013503,0.221689017359739,-0.793669732082345,0.427387725443811,-0.235480727634744,0.198609836550963,-1.18564483876568,0.235762586915046,-1.62283672381306,2.44650291712939,-0.663329159532424,0.507119765094944,-2.31594163924347,2.46282589059767,-0.940359465963486,0.347033206427526,0.693104915430407,3.45846525724116,0.200408234253393,0.841161320119728,
0,153841.731031404,0,0.302059811552929,0.229373338260384,0.820821194920559,0.0000559422401779913,0.0299792540725981,0.00105710691335534,-0.477450513550824,0.218000762514618,78.3638914199803,-2.19013230982992,0.0314882907646039,0.102192476278111,0.0990185116461971,19038.8585796317,1.03205425509984,0.302059811552929,-2.03595428706932,1.67225219595187,47.9614931611004,-1.21749236867375,0.229373338260384,-0.402325263583248,1.76685133044784,48.9977730340438,-0.227707479769264,0.820821194920559,-0.408204371957016,0.218813629070236,-1.86553449020302,0.06210652238924,-0.193137424598686,0.218770381114595,-0.882831686879578,0.37732721738314,-0.21506694735833,0.198597757727659,-1.08292736946836,0.27884066242606,-1.63362902348607,2.42478046212964,-0.673722445804964,0.500487788885357,-2.43827955065257,2.44066010989172,-0.999024624842476,0.317782762530435,0.804650527166497,3.53370266089568,0.227707479769264,0.819873657174693,
0,153687.307179685,0,0.325776235563667,0.295649339069537,0.759520400877034,0.0000507144923202982,0.0227123514618663,0.00190206001010144,-0.478925297138279,0.21253140556438,80.267808347394,-2.25343306729887,0.0269597334850856,0.0969178647854159,0.0986258220671709,19040.2345877667,0.982682453276874,0.325776235563667,-1.68352276579113,1.59226353550888,48.1025830713911,-1.05731414947783,0.295649339069537,-0.554813467303615,1.80251291281054,49.7148535062823,-0.307799995972584,0.759520400877034,-0.455148381768304,0.213319293012279,-2.13364846348945,0.0328715676865336,-0.246581997400672,0.213272506222715,-1.15618277183451,0.247606405165724,-0.208566384367633,0.198075732701986,-1.05296283155206,0.292358027315427,-1.12870929848752,2.39751153475876,-0.470783678044364,0.63779522143469,-2.23833623309475,2.41260240723967,-0.927768382547413,0.353527728059729,1.10962693460723,3.60502582562108,0.307799995972584,0.758234524652706,
0,153684.900482305,0,0.409279733699022,0.548183803412996,0.58320671766593,0.0000357595754842892,0.00744309387848002,0.00598554042390264,-0.479788974387886,0.211487793412309,80.9427772967302,-2.26863672199041,0.0259531158309898,0.0813776200949834,0.0986180206877703,19040.9898201323,0.82518001808847,0.409279733699022,-0.934024078372207,1.54461413889569,48.7616116388517,-0.60469735117146,0.548183803412996,-1.02989214125313,1.86490542653382,50.6476380476233,-0.55224899161097,0.58320671766593,-0.440211964627437,0.212311636142205,-2.0734236362466,0.0381328711168827,-0.250112424948007,0.212264105688001,-1.17830767541846,0.238673968979902,-0.19009953967943,0.19846657551946,-0.957841587087751,0.338142645110137,0.0958680628809204,2.41406191434374,0.039712346361664,0.968322458469333,-1.96391621962533,2.42893294466902,-0.808551023994179,0.418773445621348,2.05978428250626,3.72981085306764,0.55224899161097,0.580777772805249,
0,153700.203560029,0,0.352736536346764,0.561837667503982,0.639816205302863,0.0000453594342548624,0.00702587029313681,0.00436181193608497,-0.427618191149254,0.214855913301618,79.2735517702793,-1.99025563028817,0.05000986369475,0.09167603450832,0.0986488147054436,19038.8436308784,0.929317141640842,0.352736536346764,-0.910415128949826,1.55851251311849,48.2276556121251,-0.584156444870719,0.561837667503982,-0.897315530469413,1.90598926213838,50.5922598517091,-0.470787295759837,0.639816205302863,-0.386231941004852,0.215749425043776,-1.79018757953346,0.0734237611329382,-0.17905556688006,0.215705724893579,-0.830091862273934,0.40648684772028,-0.207176374124792,0.198804779883558,-1.04210962254598,0.297360857797826,-0.0130995984804124,2.45426091372662,-0.00533749219862758,0.995741317602127,-1.80773065941924,2.46984129231438,-0.731921789891727,0.464216305604003,1.79463106093883,3.81197852427675,0.470787295759837,0.637792637710347,
0,153625.85282367,0,0.371196128441315,0.613347495845931,0.717386536197493,0.0000420072509132808,0.00540302001452725,0.00262835687352171,-0.421220235314181,0.216873636733031,78.2895351773364,-1.94223807770928,0.0557047639319085,0.0880416847703476,0.0984524162011147,19036.2511778413,0.894256211960298,0.371196128441315,-0.840834668650708,1.65307872116507,47.6260658940515,-0.508647687424164,0.613347495845931,-0.674524148452052,1.85310330295646,50.2768926242694,-0.363997056923868,0.717386536197493,-0.370571272296935,0.217812296811493,-1.70133310984571,0.088880454016577,-0.176578852294212,0.217774468374888,-0.810833582154544,0.4174612463352,-0.193992420002723,0.1980906246692,-0.979311465783297,0.327426106879979,-0.166310520198657,2.47485968597198,-0.0671999795145315,0.946422501434417,-1.51535881710276,2.49166445460549,-0.608171302641426,0.543073865615183,1.3490482969041,3.70620660591292,0.363997056923868,0.715860207092178,
0,153607.468889909,0,0.485923657834189,0.617327800811814,0.724058852282407,0.0000255078839656999,0.00518699940726292,0.00254916892034107,-0.382319851626961,0.211234327007545,80.0367475775663,-1.8099323961361,0.074059929655708,0.068575011233947,0.0984113029724435,19035.1498552491,0.696820478569915,0.485923657834189,-0.874205232229534,1.73841267615146,48.5005090088149,-0.502875550910542,0.617327800811814,-0.637576818548772,1.79569117613672,49.3281264974115,-0.355059281362882,0.724058852282407,-0.296503149577962,0.212234389608787,-1.39705516209936,0.162396983746848,-0.142425052047058,0.212198972064084,-0.671186342995315,0.502101827702945,-0.154078097530904,0.197645504001561,-0.779567935578677,0.435645235486938,-0.236628413680762,2.49061160709954,-0.0950081550275634,0.924308349449245,-1.5117820507783,2.50799216264719,-0.602785795463818,0.546651197485034,1.27515363709754,3.59138235227344,0.355059281362882,0.722545180525331,
0,153676.759580495,0,0.71951725440076,0.494255893463318,0.638255129527362,0.00000677431811213869,0.00977159776455933,0.00454642410604448,-0.341451845823301,0.208678927653906,81.0234975034261,-1.63625455460265,0.105665199951785,0.0354074447667332,0.0985979415478409,19036.4055186439,0.359109370955306,0.71951725440076,-1.21409393738621,1.7626063091997,48.0799201338802,-0.688806077142358,0.494255893463318,-0.820979560594222,1.73538458900552,49.0031820668567,-0.473082200796017,0.638255129527362,-0.221435442797295,0.209629160180338,-1.056319848855,0.290822110626756,-0.128823017307974,0.209590537157473,-0.61464138150085,0.538791579549523,-0.0926124254893206,0.197614911344446,-0.468650998344431,0.6393191179854,-0.39311437679199,2.46508820013669,-0.159472742910454,0.873296431489619,-2.03507349798043,2.48193906281434,-0.819953047385785,0.412242874091246,1.64195912118844,3.47076917801103,0.473082200796017,0.636154534919138,
0,153647.478298962,0,0.576048500064552,0.377979923897779,0.538306829674643,0.0000164230134365141,0.016174408002165,0.00764789063102108,-0.362114719019975,0.212684346006039,79.1909098453844,-1.7025922491244,0.0925667930273517,0.0550914319172437,0.0985226063988074,19038.6590037529,0.559175542862116,0.576048500064552,-1.52050695676286,1.70875902293353,48.1620431932707,-0.889831120922197,0.377979923897779,-1.06206599897933,1.71395590163042,49.8227680137081,-0.619657715795971,0.538306829674643,-0.248734294963317,0.213508586249338,-1.16498497476275,0.244025074853994,-0.110352895000249,0.213465317064402,-0.516959366129516,0.605184524408869,-0.138381399963068,0.197331278936513,-0.701264395127084,0.483138029288977,-0.458440957783531,2.41229480972411,-0.190043503777203,0.849275040591955,-2.58257295574219,2.42813471894767,-1.06360365246186,0.287508287111769,2.12413199795866,3.42791180326084,0.619657715795971,0.535483159786589,
0,153659.595814081,0,0.714810190411103,0.352727790924029,0.420213163672047,0.00000701288674206101,0.0176925510923263,0.0131440955073695,-0.304762763193327,0.215932327208689,78.1583190916162,-1.41138090406809,0.162100840323867,0.0360118722941453,0.0985522339350771,19039.6335656368,0.365408990301212,0.714810190411103,-1.60996383048171,1.71591581824433,48.876180704014,-0.938253388286243,0.352727790924029,-1.36726729719476,1.68215564495102,49.6018112938285,-0.812806651571518,0.420213163672047,-0.165079805347447,0.216708598697934,-0.76175936875282,0.446203634653951,-0.0567542336463165,0.216663721246027,-0.261946177790747,0.793362937477499,-0.10832557170113,0.197191039738588,-0.54934327566169,0.582769894055579,-0.242696533286945,2.39519627148356,-0.101326365683018,0.919291387111769,-2.97723112767647,2.41061490897129,-1.23505049130679,0.216811713362925,2.73453459438952,3.36431128990203,0.812806651571518,0.416328921324086,
0,153591.718187282,0,0.568415402066454,0.411340045227175,0.452376720400937,0.0000170853526820324,0.0135589830024521,0.0114826276375096,-0.220173177491789,0.21323867351729,79.1150583231729,-1.03251991704937,0.304974665408229,0.0561190163515791,0.0983859427139334,19042.4414738405,0.570396692896978,0.568415402066454,-1.37205727814241,1.65611005872413,49.9355801459577,-0.828481942316949,0.411340045227175,-1.25664846250983,1.65904323779719,49.3918420718659,-0.757453714213234,0.452376720400937,-0.138124800471967,0.213910976680448,-0.645711606834957,0.518466142329103,0.00747805805657574,0.213860192364209,0.0349670407283672,0.972106022481203,-0.145602858528543,0.196727852888742,-0.740123253471826,0.459225210175187,-0.115408815632577,2.33709328223617,-0.04938134755244,0.960615392522065,-2.62870574065223,2.35122201697377,-1.11801681069472,0.263559813702767,2.51329692501966,3.31808647559437,0.757453714213234,0.448778085994341,
0,153668.846870135,0,0.441300086242643,0.49306124143164,0.502953789497876,0.0000311347779228925,0.00939438126867521,0.00917516166845696,-0.226285767760663,0.223347969143493,74.8155793795206,-1.01315346017443,0.314252286359947,0.0759066742975186,0.0985780767939347,19043.2010199904,0.77001577598427,0.441300086242643,-1.12490333594711,1.62913586401731,50.2745747322254,-0.69049080607261,0.49306124143164,-1.09564687764552,1.62362556166045,49.1759332362243,-0.674814996460779,0.502953789497876,-0.183842982167356,0.223900952216664,-0.821090666865299,0.411594625823011,-0.00293950349269606,0.223846155933472,-0.013131802422239,0.989522638719406,-0.18090347867466,0.196874687213609,-0.918876272186176,0.35816029212541,-0.029256458301586,2.29362784535626,-0.0127555385067457,0.989822828738832,-2.22055021359263,2.30646018019295,-0.962752460528877,0.335671763044674,2.19129375529105,3.24725112332089,0.674814996460779,0.499793311389111,
0,153738.019454032,0,0.121901354056077,0.190984189591137,0.688126239870558,0.000125661580625781,0.0337980580773519,0.00333326146870952,-0.264040689486533,0.233767188151628,71.8748696336717,-1.12950278255162,0.262441354835673,0.152740949933866,0.0987393331780785,19040.2873751101,1.5469108917152,0.121901354056077,-2.18403146976742,1.64763448560245,50.2310429057317,-1.32555581280447,0.190984189591137,-0.677287428487539,1.6772883201513,48.7541025312053,-0.403799048947318,0.688126239870558,-0.286245505866942,0.23438414112466,-1.2212665263675,0.221985122951706,0.0372188113270131,0.234335818973546,0.158826813118206,0.873805323137642,-0.323464317193956,0.197505399369507,-1.63774923737045,0.101474014834497,-1.50674404127989,2.3440840290934,-0.6427858483651,0.52036306699934,-2.86131889825496,2.35823261759184,-1.21333191514282,0.225002945535589,1.35457485697508,3.3545766403026,0.403799048947318,0.686360495912019,
0,153810.814843139,0,0.225842132913715,0.123842663842247,0.814588334552906,0.0000770469287760815,0.0467754188814067,0.00113797488123894,-0.225654074600644,0.235700077722664,71.7124147703564,-0.957378023719449,0.341593020484992,0.119811531559393,0.0989214693804316,19038.2632686234,1.21117824381098,0.225842132913715,-2.55525839705725,1.63249887137939,49.9276835118319,-1.56524359180608,0.123842663842247,-0.411036755786997,1.74328854114054,48.79727764638,-0.235782399807479,0.814588334552906,-0.214431587307541,0.236373941857503,-0.907171008878845,0.364316372113101,0.0361047663406224,0.236328621628568,0.152773566281647,0.878576844048939,-0.250536353648163,0.198257787946473,-1.26368984665462,0.206341370838462,-2.14422164127025,2.38086772933502,-0.900605109158724,0.367798317139918,-2.96629515284425,2.39576373227096,-1.23814177203212,0.215663497469286,0.822073511573993,3.48657708228108,0.235782399807479,0.813601526079206,
0,153963.693196584,0,0.390707300137401,0.29637886157758,0.97418389579714,0.0000386987926629561,0.0219141560746356,0.0000217962351528758,-0.206766129362251,0.240140006499958,70.9748835420665,-0.861023252126411,0.392124718113661,0.0852472538909212,0.0993146874743074,19037.9250169001,0.858354952916451,0.390707300137401,-1.73896335379626,1.64779786549194,49.7078765283665,-1.05532565019867,0.29637886157758,-0.0564898817713535,1.73662255795872,48.5444410320749,-0.0325285891931253,0.97418389579714,-0.190025784737792,0.240800177035994,-0.789143044148959,0.430028406406444,-0.0180314342215442,0.240754900294035,-0.0748953985963415,0.9402979376645,-0.171994350516248,0.198961288611724,-0.864461381992243,0.387334485903212,-1.6824734720249,2.38650793006384,-0.704993874451487,0.480814048211262,-1.79545323556761,2.40141027906606,-0.747666174005836,0.454661539091909,0.112979763542707,3.47324511591743,0.0325285891931253,0.974050517209498,
0,154139.903312994,0,0.311966149801553,0.498237397091245,0.949981657207177,0.0000537110869251811,0.00954470831555889,0.0000819377220558097,-0.295246272073861,0.234183034981879,72.6776361400885,-1.26075004577811,0.211431363900269,0.10087799579119,0.0997673935597967,19033.9256986534,1.01113191586716,0.311966149801553,-1.16557473902227,1.70802465945854,48.3241469005332,-0.682410954998607,0.498237397091245,-0.117626407449634,1.86545344503839,48.5200637958666,-0.0630551289084641,0.949981657207177,-0.295652616313635,0.235102860230427,-1.25754580792366,0.208556062569535,-0.0907735678747782,0.235067407767835,-0.386159734931995,0.699378372139947,-0.204879048438857,0.200656522921275,-1.02104354972422,0.307233806175997,-1.04794833157264,2.52056910569674,-0.415758619434066,0.677586641781718,-1.2832011464719,2.5379639416775,-0.505602591667932,0.613135661853279,0.235252814899268,3.73090689007678,0.0630551289084641,0.949722605098654,
0,154123.929316441,0,0.267837752816203,0.429843964937866,0.892231452368529,0.0000644962951584324,0.0131807676819829,0.00038142655540491,-0.373725437394156,0.220004986365216,77.4994405830108,-1.69871348631052,0.0933846234991545,0.110525956861365,0.0997447341815345,19036.4443122275,1.10808813887065,0.267837752816203,-1.35368034410198,1.70004331910866,47.4689001777448,-0.796262265135527,0.429843964937866,-0.251700821737982,1.84812340754147,48.6105710058686,-0.136192648559554,0.892231452368529,-0.381402381285278,0.220945622609603,-1.72622737115364,0.0843065156814481,-0.153667648677289,0.220907520891802,-0.695619814377226,0.486666953985951,-0.227734732607989,0.200499445380916,-1.1358372197755,0.256024696785111,-1.101979522364,2.50255564510506,-0.440341666136155,0.659689667473585,-1.60538116583996,2.51964880010096,-0.637144813902493,0.524030520367297,0.503401643475963,3.69624681508294,0.136192648559554,0.891668986618678,
0,154115.609323191,0,0.140313791075131,0.364966353831905,0.985423461701225,0.000114176332750601,0.017584077263568,0.00000699348152571339,-0.343534918716181,0.214441207383068,79.8439077955993,-1.60200048725945,0.113104689753701,0.147102945175012,0.0997521158834153,19044.6424808224,1.47468496153944,0.140313791075131,-1.48765745259597,1.62612926241722,46.7596835938957,-0.91484575487227,0.364966353831905,-0.0304070623741925,1.65570910667639,48.2263491239492,-0.0183649786376005,0.985423461701225,-0.412907048053162,0.215016038260905,-1.9203546460666,0.0548131182043757,-0.117893830618242,0.214957889026839,-0.548450820539656,0.583382389110272,-0.29501321743492,0.199293747090159,-1.48029339476194,0.138794965226392,-1.45725039022177,2.314293113758,-0.629674081281546,0.528907843642246,-1.51806451497016,2.32709807091443,-0.652342303035659,0.514180375900013,0.0608141247483849,3.31141821335277,0.0183649786376005,0.985347690726898,
0,154038.905916836,0,0.125677630394319,0.373446654721118,0.948201380663042,0.000123125383123001,0.0169505169148644,0.0000887760754783099,-0.337122243157557,0.212116352200718,80.5550070740957,-1.58932698804169,0.115903928680985,0.152465247541612,0.0995568768054151,19045.7521225417,1.53143863521962,0.125677630394319,-1.4551656871415,1.61931513581128,46.8332797730454,-0.898630325228487,0.373446654721118,0.106309282240176,1.62786343921641,48.0365639051472,0.0653060199517408,0.948201380663042,-0.402463275490478,0.2126551779605,-1.89256278333009,0.0584160369710641,-0.100355360302414,0.21259439612197,-0.472050826047352,0.636890510512409,-0.302107915188064,0.198757063952675,-1.51998580166186,0.128514544134389,-1.56147496938167,2.29001407380717,-0.68186260828769,0.495325831009751,-1.34885640490132,2.30218967797509,-0.585901508379502,0.557941703623378,-0.212618564480352,3.25572687843282,-0.0653060199517408,0.947930349350258,
0,153839.331012181,0,0.038383086353948,0.291049999080176,0.703790126739393,0.000225216821645255,0.0236226588977278,0.00302075902625587,-0.424737572207922,0.215953116406569,78.4588550101465,-1.96680455126325,0.0527414675665638,0.205044918112723,0.0990132344779656,19037.6298133372,2.07088394994665,0.038383086353948,-1.79577527862505,1.68175178457845,47.1269242079034,-1.06780042993989,0.291049999080176,0.679813876642302,1.7774228222157,48.2801465732289,0.382471670862682,0.703790126739393,-0.461888379286855,0.216802736970037,-2.13045455856348,0.0331341036019885,-0.0698480392129014,0.216760700229329,-0.322235714956648,0.747274129644622,-0.392040340073954,0.198656862504346,-1.97345480610003,0.0484437687346329,-2.47558915526735,2.43883971744258,-1.01506841042564,0.310073218559057,-1.11596140198274,2.45501583301547,-0.454563830902882,0.649423060649213,-1.3596277532846,3.5548456444314,-0.382471670862682,0.702111537916576,
0,153776.958631541,0,0.0203611887363832,0.326236761250776,0.672424060845702,0.000282659585721493,0.0207454538337776,0.00371325022879047,-0.416358111123722,0.21928414744269,76.9586225549184,-1.89871505067432,0.0613503905182238,0.229289950896616,0.0988395817537337,19033.6356528711,2.31981911323653,0.0203611887363832,-1.6953463485964,1.70866792714059,46.4701625757545,-0.992203529818409,0.326236761250776,0.780637518327129,1.83506318136781,48.5542147601863,0.425400894232568,0.672424060845702,-0.457541147394206,0.220250499915155,-2.07736712320953,0.0377676881795837,-0.0196876743587242,0.22021478449549,-0.0894021461993503,0.928762317882978,-0.437853473035482,0.198707327564817,-2.20350944477705,0.0275588620240032,-2.47598386692353,2.4987130356157,-0.990903649851664,0.321732629983509,-0.91470883026927,2.51603638593434,-0.363551511171644,0.716192940873762,-1.56127503665426,3.67012636273562,-0.425400894232568,0.670544454266403,
0,153874.521147224,0,0.0168166860430601,0.477225812325776,0.799480613272174,0.000300128094838863,0.0106527194524311,0.00135902710779038,-0.415422648623675,0.212591648112294,79.0922129153797,-1.95408734215299,0.0542256619302962,0.236984729340095,0.0991193780556318,19040.8605639404,2.39090210197934,0.0168166860430601,-1.15113800795762,1.60678595402847,47.6680085479336,-0.716422747579746,0.477225812325776,0.439285950211105,1.71976340531556,47.9444654654514,0.255433944491045,0.799480613272174,-0.467524071422935,0.213258620074414,-2.19228686399545,0.0283587996605545,-0.00521793757350942,0.213205817578911,-0.0244737110495505,0.980474752976036,-0.462306133849426,0.198483572016476,-2.32919092070274,0.0198489536903513,-1.59042395816873,2.34660347351561,-0.677755733390271,0.49792658237179,-0.711852057746518,2.36053948976415,-0.301563291287129,0.762984995185836,-0.878571900422209,3.43952681063112,-0.255433944491045,0.798387956195292,
0,153943.549812557,0,0.00170349356274743,0.701440302225457,0.938900707518481,0.000516871034117381,0.00303121905523196,0.000122145652976237,-0.395288847907837,0.216793926001881,76.1525065263563,-1.82333912761193,0.0721761934296721,0.311599196979776,0.0992978446745304,19041.7249990236,3.13802578496148,0.00170349356274743,-0.63791556122535,1.65420168801517,48.9118072714779,-0.385633484627118,0.701440302225457,0.126629771541793,1.64349098512723,48.5966047894375,0.0770492644545846,0.938900707518481,-0.537026013243062,0.217400424869648,-2.47021602448596,0.0135031481558029,0.0828102787461737,0.217345573268209,0.381007432085972,0.703197733748756,-0.619836291989236,0.198362561120627,-3.12476451447058,0.00177947451813223,-0.764545332767143,2.3251510356967,-0.328815341898019,0.742295266166486,-0.511285789683556,2.3384961720841,-0.218638711402248,0.826931494939025,-0.253259543083587,3.28698197025445,-0.0770492644545846,0.938584354049821,
0,154006.966724866,0,0.00030293737018578,0.777549704017206,0.786218073423324,0.000685529018774412,0.00168764074717044,0.00151994993370688,-0.4281988178722,0.217197656707333,75.8203199311536,-1.97147070720558,0.0523187400328631,0.359328262212611,0.0994420981433478,19033.4944246204,3.61344208259395,0.00030293737018578,-0.512269713189604,1.80302853013112,47.7505751945856,-0.284116254750751,0.777549704017206,0.480873056483798,1.76325037146429,48.8588262171263,0.27271966832734,0.786218073423324,-0.656279796499124,0.218184107855599,-3.00791750118423,0.00263044534905689,0.0496092386461934,0.218148172686684,0.227410745802785,0.820104365227514,-0.705889035145317,0.199391006141575,-3.54022505229805,0.000399785958372691,-0.993142769673402,2.51314684592853,-0.395178965082108,0.69271081540692,-0.0313966567058056,2.53061661194873,-0.0124067219655324,0.990101122044531,-0.961746112967596,3.52650074292857,-0.27271966832734,0.785068714482981,
0,153985.904958706,0,0.000425460220982492,0.725205775289656,0.67787718443559,0.000652271230243693,0.00260585621973491,0.00360675583342781,-0.447011730128494,0.202084470084394,82.6112822272706,-2.21200436600504,0.0297272671271691,0.350297453515464,0.0993924509153221,19030.7352166163,3.52438691560088,0.000425460220982492,-0.650304939594682,1.83919470079911,47.8514449176595,-0.353581346940665,0.725205775289656,0.789961577216372,1.89032959519651,48.2448433219826,0.417896211974744,0.67787718443559,-0.663546762614818,0.203409296339658,-3.262126041215,0.00110579964883429,0.0160741558911653,0.203383423488542,0.0790337561215792,0.937005773527268,-0.679620918505983,0.200135333129923,-3.39580676673814,0.000684266482517659,-1.44026651681105,2.62777577371697,-0.548093384228826,0.583627783013867,0.13965663762169,2.64702866152084,0.0527597753858288,0.957923311428788,-1.57992315443274,3.78065919039301,-0.417896211974744,0.676023002218002,
0,153948.475352779,0,0.0140322221752693,0.709742572549102,0.743811232508267,0.000317011447475683,0.00293891617121458,0.00224566676108323,-0.406555757791478,0.194650510499665,87.0655025327883,-2.08864470351429,0.0396595565845981,0.243959671688086,0.0993052473276625,19031.7639438343,2.45666445885915,0.0140322221752693,-0.690725943196454,1.84469998362748,47.5657791999398,-0.37443809254998,0.709742572549102,0.618255794223251,1.88090529005292,48.0043779418871,0.328701183144557,0.743811232508267,-0.507870923155077,0.19602056755977,-2.59090629864756,0.00957235511417368,-0.0363666692054213,0.195994793551756,-0.185549159477127,0.852798325928001,-0.471504253949656,0.199909330806449,-2.35859052725339,0.0183444848532845,-1.3089817374197,2.62489054847957,-0.498680502384343,0.618004482453976,-0.0724701489732025,2.64412463548737,-0.0274079928005529,0.978134323311796,-1.2365115884465,3.76181058010584,-0.328701183144557,0.742381559962178,
0,153963.301192391,0,0.221636088355574,0.697492779439957,0.91189451375376,0.0000784775974549156,0.00323976667688424,0.000253993008398106,-0.500538463216154,0.196096448342136,87.6441010138202,-2.55251162092874,0.0124264753302766,0.12142681965748,0.0993486464772188,19033.8020672317,1.22222922971904,0.221636088355574,-0.702358783186824,1.79588141625059,47.0586746564,-0.391094187417561,0.697492779439957,0.205542923495355,1.84797926264378,48.6943741050743,0.111225773822428,0.91189451375376,-0.431822352354775,0.197317231518333,-2.18846752020567,0.0286355646514828,-0.194426010006036,0.197285905679932,-0.98550380137882,0.324376665116694,-0.237396342348738,0.199766063233993,-1.18837173094144,0.234686988681095,-0.907901706682179,2.56763741449616,-0.353594203588256,0.723643018950474,-0.496815859691469,2.5860535455537,-0.192113523923611,0.847653281667783,-0.41108584699071,3.69595852528757,-0.111225773822428,0.911437313880594,Model failed to converge with 1 negative eigenvalue: -8.2e+02
0,153833.713120893,0,0.756783738219317,0.829598379421083,0.915357869190416,0.00000504034200797001,0.00101261738646424,0.000234269478484687,-0.479364812721248,0.199659725024855,85.5241901738284,-2.40090890970411,0.0185221916862053,0.0306612531305775,0.0989993974483883,19030.6009813872,0.309711512603521,0.756783738219317,-0.39150197321651,1.80883551211135,46.215151629667,-0.216438681458399,0.829598379421083,0.20336442608127,1.90351901414527,48.7099930492355,0.106836036083719,0.915357869190416,-0.315337613697173,0.200986806974981,-1.56894683010924,0.116660328674544,-0.25941456389318,0.200960780040809,-1.29087160111789,0.196748204378788,-0.0559230498039934,0.199481928836661,-0.280341433081811,0.779215565657491,-0.594866399297779,2.61630192669968,-0.227369170670669,0.820136690771514,-0.18813754713524,2.63543266324962,-0.071387726865029,0.943089177231212,-0.40672885216254,3.80703802829053,-0.106836036083719,0.914919058409422,
0,153830.365609061,0,0.913414324900741,0.909282432287083,0.882570849782723,0.00000062114874184458,0.000283784948815213,0.000451661929070901,-0.393071386985072,0.206681793887478,82.3657259247634,-1.90181911813224,0.0606907608113922,0.0107642980166795,0.0989962772710324,19034.3398672304,0.108734371770455,0.913414324900741,0.20259100952115,1.76828111625493,46.2407742601559,0.114569458248935,0.909282432287083,-0.263057638273468,1.77159363100421,48.793719937701,-0.148486443882933,0.882570849782723,-0.242740784223708,0.207691083337014,-1.16875881392472,0.242500818458437,-0.21422783851351,0.207654085856944,-1.03165722759289,0.302232721260001,-0.0285129457101983,0.198598946201187,-0.143570478371591,0.885839653943986,0.465648647794618,2.49440746892616,0.18667705801694,0.851913844927741,-0.0604666287523179,2.51170372018722,-0.0240739495929922,0.980793622512297,0.526115276546936,3.54318726200842,0.148486443882933,0.881958883576542,
0,153940.295807594,0,0.940968828610618,0.863175517270561,0.796808215787061,0.000000288019571252152,0.000628310804502915,0.00136551754923342,-0.333933395299585,0.214755211931108,79.3507496974187,-1.55494896862717,0.1239378414801,-0.00735271359846506,0.0992896078870589,19039.9403591223,-0.0740532041059998,0.940968828610618,0.298212185679877,1.72113315961082,47.7501062484831,0.173265028341739,0.863175517270561,-0.418615291247453,1.61699395283162,49.0142833501599,-0.258884883591796,0.796808215787061,-0.215885027381189,0.215426824865803,-1.00212695199714,0.316282282287918,-0.21947594905251,0.21537437436507,-1.01904393082757,0.308182110936361,0.00359092167132085,0.198198270409254,0.018117825467932,0.985544857618381,0.71682747692733,2.35457751775905,0.304439956434123,0.760792730680428,-0.120403105567577,2.36852323317201,-0.0508346736402196,0.959457261015287,0.837230582494907,3.23398790566325,0.258884883591796,0.795724061830686,
0,154040.68111051,0,0.396265688411532,0.782102379205787,0.899577369337429,0.0000377933835644467,0.00158791712723077,0.000333731422126983,-0.30794854437476,0.218144413058662,78.4427398850727,-1.41167284578564,0.162000759285327,0.0844521406467903,0.099551218828788,19041.2726878714,0.848328545248996,0.396265688411532,0.473528727239449,1.70263067724421,48.6333011160803,0.278115937630043,0.782102379205787,-0.202073879455352,1.59286496971518,48.2081399029918,-0.126861901854421,0.899577369337429,-0.334004802799617,0.218738186787162,-1.52696155941263,0.126770570411981,-0.159735329892765,0.218681866682387,-0.730446160516657,0.465117511251395,-0.174269472906851,0.198551419337275,-0.877704493317289,0.380104105424597,0.675602606694801,2.32506457577739,0.290573695773121,0.771377380149385,0.271454847784097,2.33803652412505,0.11610376697844,0.907570303390047,0.404147758910704,3.18572993943035,0.126861901854421,0.899049700861485,
0,154184.930309235,0,0.139683543563869,0.972924466857901,0.847639176566844,0.00011457654189018,0.0000242695057536961,0.000786963420820784,-0.343141662071119,0.212451362955129,80.4212406004131,-1.61515396888083,0.110194110634383,0.147594990834298,0.0999267245217268,19038.5758959404,1.47703221075966,0.139683543563869,0.0587625065850973,1.72231980141703,47.9624725978225,0.0341182320128647,0.972924466857901,-0.327785335009716,1.69673677925026,47.386391320963,-0.193185730997447,0.847639176566844,-0.42902914166852,0.213222718724854,-2.01211739646818,0.0442075632635117,-0.125136248297098,0.213174530031322,-0.587013130877838,0.557194887906585,-0.303892893371422,0.199885574441618,-1.52033429235876,0.12842697952579,0.386547841594814,2.4100834358323,0.16038774253528,0.872575644664966,-0.269022828424619,2.42530415106112,-0.110923336484175,0.911677139956027,0.655570670019433,3.39347355850053,0.193185730997447,0.846813513258474,
0,154263.541757659,0,0.215741931174705,0.664703520758274,0.961795532060046,0.0000804943910386979,0.00387925552221835,0.0000477912919619889,-0.406626801541523,0.203105671112184,84.1255990278076,-2.00204553282477,0.0485016945700253,0.123966333657426,0.100136669926361,19037.970332803,1.23797140197082,0.215741931174705,-0.778557940663898,1.78537212313947,48.8301407015051,-0.436076003749206,0.664703520758274,0.0843361841695487,1.75158184207931,48.5062274195091,0.0481485832654174,0.961795532060046,-0.418730155511421,0.204086586134923,-2.05172796233945,0.0401961076575892,-0.173036668189655,0.204045590601406,-0.848029441261852,0.396421574667884,-0.245693487321767,0.200631210575103,-1.22460252628439,0.220725015610336,-0.862894124833447,2.49265311675685,-0.346174972776053,0.729211222112213,-0.694221756494349,2.50955485588447,-0.276631433206777,0.782063126020014,-0.168672368339097,3.50316368415861,-0.0481485832654174,0.961597827231319,
0,154316.212273931,0,0.605221144443951,0.644336578650595,0.806704102686835,0.0000140340714848163,0.0042443973512514,0.00122599285178377,-0.417229996647594,0.200339487225252,86.0611336723363,-2.0826148775078,0.0402547004581504,0.0518346528821969,0.100276838046712,19039.2285561783,0.516915510020876,0.605221144443951,-0.849153652387638,1.82840454182832,50.6016530831373,-0.464423289792599,0.644336578650595,0.429051451992116,1.74411659741036,49.3000109330013,0.245999294215287,0.806704102686835,-0.352551449569347,0.201386691582908,-1.75061940189929,0.080011490970074,-0.260273736118093,0.201347432275121,-1.29265982276077,0.196128739306763,-0.0922777134512545,0.200854851505497,-0.459424867059929,0.645929094347208,-1.27820510437975,2.51821116790034,-0.507584558703038,0.611744721816371,-0.420102200395522,2.53547318300617,-0.165689861447255,0.868401025162416,-0.858102903984232,3.48823319482072,-0.245999294215287,0.80568277885229,
0,154407.650823841,0,0.787320386252635,0.686025722885542,0.889201355120287,0.00000382341478204164,0.00323420081172666,0.000395656681206443,-0.355652403911493,0.208428262856862,82.1648673689499,-1.70635401858018,0.0917193986946547,0.0271155727383292,0.100504110275124,19037.8036020574,0.269795659740699,0.787320386252635,-0.747675497975729,1.83897657915353,50.9448217807031,-0.406571517251122,0.686025722885542,0.248311423488637,1.77322967293014,49.5419446408206,0.140033424479255,0.889201355120287,-0.275473248413685,0.209489426508659,-1.3149744739136,0.188518481446155,-0.227834931116361,0.209452828175333,-1.08776249574267,0.276699970183345,-0.0476383172973243,0.201467565825807,-0.236456509026933,0.813078451226542,-0.995986921464365,2.54576122454295,-0.391233440065919,0.695624692618674,-0.499364074487092,2.5634852156554,-0.194798889978938,0.845550391312121,-0.496622846977273,3.54645934586027,-0.140033424479255,0.888633581652548,
0,154407.466490962,0,0.618239668068015,0.609739080783692,0.945686753304991,0.0000130463893648466,0.00514676990041724,0.0000941740415237219,-0.359429774959153,0.21879004163955,78.2330647294446,-1.64280683099509,0.10443654252717,0.050078553059652,0.10048772846159,19036.2537136676,0.498354911851688,0.618239668068015,-0.965534494880193,1.87987677620174,50.9918871180949,-0.513615842859148,0.609739080783692,0.120977173454793,1.7668943261547,49.7752676951785,0.068468822194973,0.945686753304991,-0.282017952786188,0.219856562616963,-1.28273611407963,0.19958454293738,-0.18507286851833,0.21982257634467,-0.841919295077979,0.39983312919081,-0.0969450842678589,0.201399367389385,-0.48135744180579,0.630262478283688,-1.08651166833499,2.57085178331724,-0.422627113467051,0.672567341336329,-0.8445573214254,2.58890432716529,-0.326221912707815,0.744256463523584,-0.241954346909585,3.5337886523094,-0.068468822194973,0.945412438098843,
0,154362.620489311,0,0.502664690064927,0.583481848613579,0.783736465604817,0.0000236068083755156,0.00597044672411617,0.00152590807420233,-0.294493317535458,0.229200768918781,74.9737147858249,-1.28487054788116,0.202792987289579,0.0672684659059394,0.100353408613659,19033.175978905,0.670315705617035,0.502664690064927,-1.03254331278952,1.87108971255243,50.701382763707,-0.55184062306718,0.583481848613579,0.498748432117926,1.80746081771494,49.8234427374594,0.275938724220016,0.783736465604817,-0.235556742316726,0.23026860840373,-1.02296506653536,0.306324363097767,-0.114261902517646,0.230237793326813,-0.496277786833443,0.619698436204524,-0.121294839799079,0.201401770510581,-0.602253095847074,0.54700567733126,-1.53129174490745,2.59224261309759,-0.590720844249081,0.554707479287618,-0.533794880671598,2.6107586780148,-0.204459678777164,0.83799429807547,-0.997496864235852,3.61492163542988,-0.275938724220016,0.782595130486522,
0,154356.808808585,0,0.535156319750794,0.669381362395821,0.625198016616972,0.0000202092878046424,0.00366150590311946,0.00490545276840202,-0.239916311159336,0.225975791571484,76.0252332525357,-1.06169032306915,0.291737340830015,0.0622242132667982,0.100334866458504,19030.7230433369,0.620165406733585,0.535156319750794,-0.816653600372011,1.90130816456016,50.2016402372876,-0.429521955248603,0.669381362395821,0.914653418983485,1.86057457366034,49.0234881111531,0.491597290391899,0.625198016616972,-0.182613801394781,0.227182139919289,-0.80382111665846,0.421500292473877,-0.0824500120731114,0.227156097181716,-0.362966317418082,0.716630045729428,-0.10016378932167,0.201716271504516,-0.496557806539803,0.619500913544707,-1.7313070193555,2.65050336359657,-0.653199329279937,0.513627782592154,0.0979998186114741,2.66987881393748,0.036705717914944,0.970719649480251,-1.82930683796697,3.72114914732067,-0.491597290391899,0.623004059320164,
0,154355.948981601,0,0.738636769333181,0.655615899978754,0.623790639746988,0.00000584905095500375,0.00403464854973816,0.00496892069216234,-0.309317273013273,0.216081559517455,79.7924819032084,-1.43148389758028,0.156196888456813,-0.033482942856785,0.100349272421191,19034.0340689691,-0.333664032124207,0.738636769333181,-0.871512575239964,1.94240999193106,49.6940083950717,-0.448675912325566,0.655615899978754,0.877403908783501,1.77749562174968,48.7929000017456,0.493618042175444,0.623790639746988,-0.138650373032579,0.217281002952018,-0.638115487082857,0.523398505858516,-0.228911897477608,0.217251390612006,-1.05367287561545,0.292032711507071,0.0902615244450294,0.201210626115273,0.448592234852044,0.6537258364156,-1.74891648402346,2.62355824511335,-0.666620033033765,0.505014869599016,0.00589133354353788,2.64231653264396,0.00222960931090375,0.998221030628131,-1.754807817567,3.55499124349936,-0.493618042175444,0.621575956342817,
0,154386.924255853,0,0.438502298003401,0.559336578829132,0.423072147169787,0.0000315331812980661,0.00700829491544274,0.0135713796868139,-0.395757912804624,0.212176174722337,81.3851055162319,-1.86523257534702,0.0657526491958178,-0.0778115333303729,0.100435533641673,19034.0708441858,-0.774741075285002,0.438502298003401,-1.1475350159025,1.95209772805063,48.9623250275384,-0.587847114113712,0.559336578829132,1.43513348944138,1.7759636042825,47.4633227929861,0.808087218668643,0.423072147169787,-0.117336783356893,0.213407718730607,-0.549824458341224,0.58243978125489,-0.311063568233116,0.213378155048886,-1.45780418882078,0.14489452337257,0.193726784876224,0.20136541917854,0.962065808849019,0.336016547730128,-2.58266850534388,2.62966213610748,-0.982129403576855,0.326036101402487,0.287598473538887,2.64846022758804,0.108590822147555,0.913527040569767,-2.87026697888277,3.551927208565,-0.808087218668643,0.419040374873599,
0,154497.25231341,0,0.997420036879492,0.497245611498216,0.351446668315116,0.000000000549375501820642,0.00970992087964575,0.0184631864975791,-0.388286948879544,0.214713577697264,79.3727778033917,-1.80839494662518,0.074332422499252,0.000325697054657334,0.100724224685192,19032.2663431884,0.00323355236215798,0.997420036879492,-1.32225469059213,1.93295106226423,47.7238258276643,-0.68406009671205,0.497245611498216,1.68821711409535,1.79383763735044,47.0858342658062,0.941120355011008,0.351446668315116,-0.205864763277148,0.215916782334538,-0.953444938606878,0.340364681562658,-0.250036620576367,0.215886792095127,-1.15818396368682,0.246788971105838,0.0441718572992184,0.202022881500372,0.218647793612116,0.826924419540632,-3.01047180468748,2.62764593490249,-1.14569157309209,0.25192279186215,0.36596242350322,2.64646620937378,0.138283429505724,0.890016421028228,-3.3764342281907,3.58767527470087,-0.941120355011008,0.346643185497679,
0,154498.372417701,0,0.484171262727566,0.678192835557341,0.406405511349483,0.0000257146131691891,0.0036136861592779,0.0146724411874692,-0.356375763669842,0.211897271744706,80.2104709628739,-1.68183271419938,0.0964909337879583,0.0704773130757667,0.100736115159393,19034.3090495654,0.699623099066824,0.484171262727566,-0.818464099388427,1.96052608343981,48.0541988234241,-0.417471670640771,0.678192835557341,1.43270730664843,1.71020652347964,47.1298531500666,0.837739353100702,0.406405511349483,-0.286241535110763,0.21303598459082,-1.34362997716348,0.179068070792552,-0.183326210459355,0.213000968177848,-0.860682521904238,0.389412921947364,-0.102915324651408,0.201526153582377,-0.510679744648328,0.60957532630772,-2.25117140603686,2.59268004868687,-0.868279681165063,0.385241242715674,0.614243207260004,2.61054552129269,0.235293045936177,0.813981292172576,-2.86541461329686,3.42041304695927,-0.837739353100702,0.402177106406574,
0,154470.514205824,0,0.473865407694465,0.610025813728233,0.406486334419557,0.0000269458911607413,0.0054321030389744,0.01453157190094,-0.347316682817479,0.202993444713895,85.4729366488214,-1.71097487067623,0.0907128489378492,0.0721066472341226,0.100676925640233,19036.4718509643,0.716218207653599,0.473865407694465,-0.982412604595081,1.91360435786525,48.2558518729845,-0.513383344136522,0.610025813728233,1.44036265682868,1.71978636859967,47.5690876410713,0.837524173424801,0.406486334419557,-0.267160779670339,0.204116845771268,-1.30886198373709,0.190581106146368,-0.161190041178723,0.204079801915814,-0.789838287108963,0.429622215910487,-0.105970738491616,0.201469805225771,-0.525988191495314,0.598896411563965,-2.42277526142376,2.56401198086677,-0.944915733429894,0.344701898437782,0.457950052233599,2.58165376185418,0.177386316864076,0.859204954445221,-2.88072531365736,3.43957273719934,-0.837524173424801,0.402297994895596,
0,154555.53339687,0,0.345583814535276,0.442415220661189,0.405616350487452,0.0000467334885430697,0.0123915866529613,0.0143267707988428,-0.312789014726696,0.202239896224692,85.8372455914973,-1.54662369080323,0.125633123039959,0.0951711805933864,0.100901023089285,19035.8062595053,0.943213236888311,0.345583814535276,-1.43081857576519,1.8472747279293,47.8149850975032,-0.774556461002999,0.442415220661189,1.51349617937874,1.8040224096481,48.424310994747,0.838956418326294,0.405616350487452,-0.24721643870027,0.203380600307015,-1.21553598684969,0.224161731997545,-0.0970583756039122,0.203345358459416,-0.477308045481073,0.633142782720882,-0.150158063096358,0.202415595171152,-0.741830504558662,0.458190035945481,-2.94431475514393,2.57296208857182,-1.14432885281191,0.252487281859834,0.0826776036135462,2.59108232997134,0.0319085204886024,0.974545003733714,-3.02699235875748,3.6080448192962,-0.838956418326293,0.401493766278309,
0,154650.022512508,0,0.22586834484037,0.470555745866261,0.524376812416627,0.000077047171931846,0.0111001104238673,0.00844911200371348,-0.356259562738256,0.202276763658073,86.862150354868,-1.76124808552145,0.0817154467971943,0.122504955155015,0.101150986388749,19036.0528634359,1.2111098421146,0.22586834484037,-1.32642187607277,1.82341845155844,47.1428344265262,-0.727436905631344,0.470555745866261,1.178143311348,1.83718382575977,48.2608490187281,0.641276770908201,0.524376812416627,-0.348415494939119,0.203422696554581,-1.71276608185968,0.0867555824249652,-0.134686048142298,0.203387492803676,-0.662214014665625,0.507834073729913,-0.213729446796821,0.2030988097023,-1.05234219299514,0.292642580128726,-2.50456518742076,2.57933696373347,-0.9710112415074,0.331542680654788,-0.148278564724768,2.59754101907021,-0.057084205268044,0.9544781182757,-2.35628662269599,3.67436765151953,-0.641276770908201,0.521342878569379,
0,154688.625730452,0,0.263830737126161,0.484031714698989,0.558073813140859,0.0000655847679729942,0.0104769682767639,0.00718841733555876,-0.32058642552148,0.204663173542091,86.0216005761135,-1.56640992110654,0.120924151831774,0.113142298981844,0.101253545444792,19036.9798107331,1.1174156765062,0.263830737126161,-1.26216900540627,1.78924885829767,46.9984789793297,-0.705418365675037,0.484031714698989,1.0802630392168,1.83150754144373,48.0479833212684,0.589821780567311,0.558073813140859,-0.308178302814885,0.20572867572446,-1.49798418586838,0.134137359222247,-0.11057538411501,0.205690461087828,-0.537581487883364,0.590866013438415,-0.197602918699876,0.203251594479043,-0.972208455271186,0.330946855018423,-2.34243204462306,2.55157132584159,-0.918035102879379,0.358600488605774,-0.181905966189468,2.56926963779835,-0.0708006522605961,0.943556412700442,-2.16052607843359,3.66301508288745,-0.589821780567311,0.55531013880079,
0,154669.39685321,0,0.651891565492766,0.41129806349689,0.478634318724052,0.0000106910817296995,0.0144560662028189,0.0103438483220195,-0.318846306335887,0.197323693722412,89.7826307114735,-1.61585413449856,0.109634577548202,0.0456589154717507,0.101207171289552,19037.1668893309,0.451143084921534,0.651891565492766,-1.51481536856058,1.82724199589278,46.8546965505311,-0.829017378084314,0.41129806349689,1.32768059382176,1.85951390176638,48.774243347216,0.713993368138081,0.478634318724052,-0.205362624274179,0.198539185137068,-1.03436822374586,0.300964053713543,-0.149295567979407,0.198505530809516,-0.752097774659337,0.451992262112212,-0.056067056294772,0.203351640974421,-0.275714796429032,0.782767130074748,-2.84249596238234,2.5977683439534,-1.09420686759794,0.27386426015128,-0.187134774738815,2.61625880906055,-0.0715276233722504,0.942977840584808,-2.65536118764353,3.71902780353277,-0.713993368138081,0.475231280322418,
0,154669.276243446,0,0.440724322286179,0.298949706636295,0.520089793351588,0.0000312204442871432,0.0230600094607525,0.00854714667710726,-0.396589125753954,0.195183238327118,91.1521731014699,-2.03188106290812,0.0450766655660683,0.0780361800813214,0.101215973985162,19038.8735381006,0.770986801873404,0.440724322286179,-1.88998675069006,1.79935716672815,46.7402649411184,-1.0503677566843,0.298949706636295,1.17602921631426,1.81512587008136,48.6937967997718,0.647905049285393,0.520089793351588,-0.322349476411508,0.196289170260527,-1.64221732652731,0.100544973171689,-0.197501449177678,0.196250217253945,-1.00637569701191,0.31423487973775,-0.124848027233829,0.203078027914038,-0.614778607593514,0.538700938759282,-3.06601596700431,2.54701874125113,-1.20376655159524,0.228679821205423,-0.713957534375797,2.56465042590694,-0.278383957191094,0.780717633281373,-2.35205843262852,3.63025174016273,-0.647905049285393,0.51704636474419,
0,154606.107804332,0,0.152814873731335,0.224714565332973,0.638158175388977,0.000107351862869324,0.0312058088726971,0.00456795146970924,-0.431915789394397,0.203491771326656,85.4839892566834,-2.12252213727632,0.0366864909976995,0.144462215078608,0.101042575282748,19038.9729276744,1.4297162822143,0.152814873731335,-2.15025175025422,1.74776937620091,46.9901087948971,-1.23028345703606,0.224714565332973,0.845155025491872,1.78592386438294,48.801931730068,0.473231273934448,0.638158175388977,-0.441443512542156,0.204432386079708,-2.15936193382802,0.030822098689911,-0.174958492500211,0.204388381007232,-0.856009972964271,0.391992263107357,-0.266485020041945,0.202556791689021,-1.3156064421235,0.188306170217648,-2.99540677574609,2.49053236806986,-1.20271746480754,0.229085673116272,-1.30509672476235,2.50712827895039,-0.520554427039021,0.602677203468333,-1.69031005098374,3.57184772876588,-0.473231273934448,0.636048187949708,
0,154618.483273139,0,0.0605989315722004,0.201287436230358,0.754240638074215,0.00018492571674069,0.0342257574454335,0.00201354198877526,-0.44253938263022,0.204333770018559,85.2343222641548,-2.16576722775695,0.0331223169741929,0.189666676586714,0.101073520515099,19038.3651656241,1.87652191810594,0.0605989315722004,-2.23808528455512,1.72705449877786,47.3874925399033,-1.29589731310673,0.201287436230358,0.57010143208755,1.81094796245252,49.1197649099195,0.314808290413533,0.754240638074215,-0.487438858462618,0.205277180120813,-2.37453991805491,0.0175708361906287,-0.123242065394801,0.205233352591252,-0.600497257579048,0.548174888027147,-0.364196793067817,0.202771896903104,-1.79609106898009,0.0724800346014768,-2.80818671664267,2.49412294555511,-1.1259215275042,0.260198736365192,-1.66798385246757,2.51074695287579,-0.664337698610795,0.506474197889579,-1.1402028641751,3.62189592490505,-0.314808290413533,0.752907216720918,
0,154646.652212492,0,0.200818437348684,0.208657230011363,0.652371765229634,0.0000859685148813527,0.0326211091401619,0.00411995208911447,-0.453190610868834,0.198586144202317,88.4913791606903,-2.28208575522333,0.0248824213003777,0.129385704955827,0.101140454531813,19034.6996819611,1.27926758441777,0.200818437348684,-2.2587256637301,1.77246371907826,48.1581890560476,-1.27434239664139,0.208657230011363,0.88405303404333,1.95064572472443,49.6494798953224,0.453210453768187,0.652371765229634,-0.41450590290802,0.199863432550486,-2.07394568190114,0.0380843557933556,-0.179206670284792,0.199831793999808,-0.896787576680435,0.369832278372969,-0.235299232623228,0.203829243739614,-1.15439388532402,0.248338720916889,-3.14277869777343,2.62625918309934,-1.19667499613063,0.231433256478894,-1.37467262968677,2.64500575818943,-0.51972387032827,0.603256047155737,-1.76810606808666,3.90129144944885,-0.453210453768187,0.650397205633154,
0,154631.679670907,0,0.616000406707848,0.212080759030094,0.580958625767789,0.0000132163154065486,0.0320968942409163,0.00615384214468187,-0.420257835482511,0.189974889373098,94.4502675856781,-2.21217570842824,0.0293652061818079,0.0507043601046577,0.101098334975734,19032.0895267225,0.501535066001119,0.616000406707848,-2.2977225134178,1.81691092907872,48.2277228693767,-1.26463134578803,0.212080759030094,1.1526754057918,2.07459221727596,49.8564528557458,0.555615410196285,0.580958625767789,-0.300774647207627,0.191619453000501,-1.56964568313865,0.116497564272601,-0.229970201220424,0.191598511909255,-1.20027133263615,0.230033979569942,-0.0708044459872021,0.204628028800135,-0.346015384121001,0.729331153199954,-3.4503979192096,2.74765731799025,-1.25575991468011,0.209203029061314,-1.145047107626,2.7677744935724,-0.41370679232905,0.679088852087028,-2.3053508115836,4.14918443455192,-0.555615410196285,0.578473794507566,
0,154654.847953849,0,0.273148625710898,0.225554570985481,0.492842592242459,0.0000630982601455606,0.0306160210748359,0.00946392120657705,-0.353696529720633,0.195790244962559,90.7782099818718,-1.80650741709971,0.0741526374351504,0.110854413057776,0.101156343864038,19031.5840440244,1.09587208101128,0.273148625710898,-2.25952413465355,1.84034983482278,47.7287747431857,-1.22776881433043,0.225554570985481,1.38476889607706,2.00437275375035,49.9570519360627,0.690873937238493,0.492842592242459,-0.297407724063709,0.197294726983339,-1.50742865058337,0.13170081956617,-0.11246540378046,0.197271211616401,-0.570105505303794,0.568606141417064,-0.184942320283249,0.204238957347041,-0.905519312698981,0.365190333223445,-3.64429303073062,2.71112363753058,-1.34420023501769,0.178883645698557,-0.874755238576491,2.73104447474604,-0.320300620024811,0.748740453185336,-2.76953779215413,4.00874550750069,-0.690873937238493,0.489644766022258,
0,154779.487611755,0,0.0700980589673747,0.273397241298551,0.545477390524526,0.000172341755238754,0.0256205964036269,0.00745487657214719,-0.338253105774588,0.20103783053269,88.4287966663445,-1.68253459997215,0.0959931701447167,0.183845552368989,0.101494837814264,19035.0044400278,1.81137835507877,0.0700980589673747,-1.98170425022693,1.78802552219228,46.7163727019504,-1.1083198900859,0.273397241298551,1.15641219405715,1.89962473175138,49.3400400107547,0.608758232469936,0.545477390524526,-0.391769585494139,0.20222444956982,-1.93730078794887,0.0527085860107555,-0.054781969112807,0.202189856511759,-0.270943211780859,0.786434709393991,-0.336987616381332,0.204154000388716,-1.65065399521781,0.0988092466781555,-3.13811644428408,2.5995462431676,-1.20717854222906,0.227363392266736,-0.82529205616978,2.61793393893319,-0.315245562119145,0.752575214249837,-2.3128243881143,3.79924946350277,-0.608758232469936,0.542684702248296,
0,154715.641555698,0,0.11220600787079,0.248975715316474,0.656444123261006,0.000132540815112642,0.0285765228641273,0.0040713469687703,-0.434194972098089,0.200892046377404,88.5906464986392,-2.16133480606989,0.0333667327924174,0.160940800424081,0.101320748846427,19033.923929018,1.58842884854731,0.11220600787079,-2.11787094929203,1.81400061111309,46.3365121053052,-1.16751391169184,0.248975715316474,0.859935166884055,1.92139069884265,48.9993324278932,0.447558722649192,0.656444123261006,-0.473084589278795,0.202165259441787,-2.34008845330331,0.019279173240582,-0.174034820816681,0.202134435899007,-0.860985512155061,0.389246022474309,-0.299049768462114,0.203974615186223,-1.46611267382017,0.142617593535488,-2.97780611617608,2.63292201292333,-1.13098910699213,0.258059676272684,-1.25793578240797,2.65186774619308,-0.474358415578535,0.63524434170143,-1.71987033376811,3.84278139768531,-0.447558722649192,0.65447169870225,
0,154601.822542526,0,0.24024508668007,0.228382353275227,0.577294652060231,0.000072466756226725,0.0311498605250456,0.00637704911147949,-0.433529255184707,0.205746347747099,85.6092252246884,-2.10710547201352,0.0380341677013723,0.11862302154795,0.101006384524864,19031.3684516851,1.17441112367258,0.24024508668007,-2.24801856712526,1.84161474722338,46.3449821710744,-1.22067797866769,0.228382353275227,1.09396133644496,1.94972847249336,49.052091673796,0.561083941624947,0.577294652060231,-0.425819886202617,0.20709392521457,-2.05616792361932,0.0397663329439821,-0.217619220982159,0.207067546666522,-1.05095764394519,0.293278043626389,-0.208200665220458,0.203577271818079,-1.02271075430518,0.30644462510025,-3.34197990357022,2.67218520892437,-1.25065429312643,0.211060632981851,-1.1540572306803,2.6917277344653,-0.428742185141377,0.668110857171013,-2.18792267288992,3.89945694498671,-0.561083941624947,0.574740314739408,
0,154590.434013876,0,0.353896568052708,0.154000005636828,0.545913000447319,0.0000451500557960012,0.0421737758301704,0.00757513907052908,-0.466346315287837,0.218593888170508,79.751149874983,-2.13339137334013,0.035966519272787,0.0936118681410458,0.100974923474148,19035.174340598,0.927080357382125,0.353896568052708,-2.49900600138412,1.72512987279767,47.65793768552,-1.44859006895025,0.154000005636828,1.13708528738215,1.86967448442525,48.4575109802161,0.608172864771003,0.545913000447319,-0.41381807953399,0.219567550336969,-1.88469598034367,0.0594708953789974,-0.256784689791885,0.219528877031108,-1.16970802777576,0.242118486442911,-0.157033389742105,0.202965091004583,-0.773696545375675,0.439110263428387,-3.63609128876627,2.53527471066271,-1.43420011783095,0.151515163456001,-1.36192071400196,2.55262485550338,-0.533537355113386,0.593661659828219,-2.27417057476431,3.73934896885051,-0.608172864771003,0.543072829661941,
0,154677.769201664,0,0.238633779367842,0.278888147375683,0.662552453558272,0.0000729451601636299,0.023909987733935,0.00401414778105405,-0.499078483785074,0.221443941592907,79.121491287307,-2.25374638924446,0.0269792201586176,0.119267250482718,0.101207269218196,19036.6637131952,1.17844549511148,0.238633779367842,-1.80005833091265,1.64393162813162,48.9458833411825,-1.09497153051217,0.278888147375683,0.829128963023013,1.88816608202685,47.84357245694,0.439118661708501,0.662552453558272,-0.462390653123042,0.222312654532789,-2.0799115286298,0.0375336484010672,-0.245870059995278,0.222268201122483,-1.1061863944262,0.268645850519295,-0.216520593127764,0.203514188301436,-1.06390908140057,0.287369888641684,-2.62918729393566,2.49544831681395,-1.05359316649461,0.292069219141267,-0.970929367889636,2.51159359783517,-0.386579010524041,0.699067899296658,-1.65825792604602,3.77633216405369,-0.439118661708501,0.660575557699626,
0,154586.203443712,0,0.125255961776636,0.321998679234189,0.558582290497201,0.000123493666513488,0.0196778862533609,0.00714583668454578,-0.416604245592355,0.225000671780081,77.1000959903621,-1.85156889664557,0.0679165280660672,0.154767951700493,0.100947807834159,19031.3661237798,1.53314821808466,0.125255961776636,-1.72495794441009,1.72444829553436,49.8479176934363,-1.00029554314679,0.321998679234189,1.15183894964863,1.95543930162636,48.208899318063,0.589043571278656,0.558582290497201,-0.437747933781883,0.226078155282533,-1.93626816016268,0.0528348662806754,-0.158794096153822,0.226044739569781,-0.702489677291526,0.482373837062074,-0.27895383762806,0.203490052935689,-1.37084753580668,0.170422488951907,-2.87679689405872,2.59808033138066,-1.107277884872,0.268173802806586,-0.573118994761464,2.61627753962106,-0.21905894389342,0.826604132038132,-2.30367789929726,3.91087860325272,-0.589043571278656,0.555832045423259,
0,154591.011403776,0,0.16202849358335,0.31502581131264,0.460913508344353,0.000102728051395222,0.0201607180875414,0.0113113100233868,-0.371665834529785,0.229784538080496,75.1756567554489,-1.61745362692587,0.109969100199525,0.141178607673721,0.100961864993544,19032.2175576926,1.39833597252536,0.16202849358335,-1.78492701407656,1.75869357763269,50.0621410144358,-1.01491643386745,0.31502581131264,1.37665711808108,1.85213904471669,48.2893161656115,0.743279572885232,0.460913508344353,-0.39199638781806,0.230733400996736,-1.69891479137693,0.0893352396234912,-0.146190305374018,0.230696955135997,-0.633689791388178,0.526283288520148,-0.245806082444042,0.20282822595523,-1.211892877761,0.225553388839186,-3.16158413215764,2.54527132537091,-1.24214031747555,0.2141847953507,-0.408269895995485,2.56289644000409,-0.159300192400608,0.873432369180766,-2.75331423616216,3.70427808943337,-0.743279572885232,0.457312436119351,
0,154590.483495883,0,0.0256842914893459,0.224543653492971,0.366327552256979,0.000261420596572026,0.0290749162245049,0.0172298890165685,-0.352173470417668,0.229053897599698,76.0906086226084,-1.53751354641054,0.128315833444343,0.225283547450803,0.100972964802664,19036.8630617225,2.23112739029783,0.0256842914893459,-2.16592860380925,1.76148057873831,50.4893528574882,-1.22960686024744,0.224543653492971,1.56953463304467,1.7207949077787,47.4518382956725,0.912098603935733,0.366327552256979,-0.450864179235276,0.229824113591234,-1.96177925888658,0.0497881894654885,-0.0419692394516209,0.229779061986987,-0.182650408129866,0.855072329618571,-0.408894939783655,0.202017748433144,-2.02405453458945,0.0429645409057762,-3.73546323685392,2.45459620761603,-1.52182392576981,0.128053204800694,-0.59639397076458,2.47039578719195,-0.241416364882362,0.809232430449791,-3.13906926608934,3.4415898155574,-0.912098603935733,0.361716813196403,
0,154591.610460251,0,0.0659449272530436,0.245914510797729,0.388577360079007,0.000177607117254751,0.0267414850085355,0.0158109280534655,-0.369740473445892,0.241291525720526,72.7771734658566,-1.53233924126345,0.129774473483212,0.18565786886398,0.100961173303008,19036.2078451502,1.83890363780517,0.0659449272530436,-2.16654539272281,1.84534499454445,50.1675779541296,-1.17405980948167,0.245914510797729,1.44016892659096,1.65490386192829,47.1414036521881,0.870243256857759,0.388577360079007,-0.411915188502566,0.242054013060143,-1.70174905714213,0.0888024198945804,-0.0788368630886813,0.24201040980222,-0.325758148804879,0.74460734534727,-0.333078325413884,0.201606235149495,-1.65212313580927,0.0985094514758157,-3.60671431931377,2.47085209103618,-1.45970466318008,0.144371259760111,-0.726376466131848,2.48654375116406,-0.29212293803067,0.770192629203491,-2.88033785318192,3.30980772385658,-0.870243256857759,0.384167481111379,
0,154714.488643324,0,0.563373414629488,0.254931660631273,0.381376096279582,0.0000175433403679355,0.0259545988714973,0.0162505255274029,-0.357298587914246,0.242290291370257,72.6965436442261,-1.47467150207946,0.144618648639608,0.0585219532844713,0.101275643942184,19033.0194437623,0.577848246690783,0.563373414629488,-2.22421385604522,1.93118650940598,49.7816772628812,-1.15173435875408,0.254931660631273,1.51276634084969,1.71201791806686,47.2654935759693,0.883615951028037,0.381376096279582,-0.265060309297048,0.243233145717085,-1.08973761991037,0.275828739423571,-0.188181323135637,0.243197423275343,-0.773780086158982,0.439060850697955,-0.0768789861614111,0.202554071431074,-0.379547967701906,0.704280991042805,-3.73698019689491,2.57202935703286,-1.45293061553775,0.146243019535212,-0.711447515195532,2.58952473599855,-0.274740575096761,0.783515555816597,-3.02553268169937,3.42403583613372,-0.883615951028037,0.376903565379461,
0,154819.706347279,0,0.897939446348153,0.112892405196182,0.241222687741638,0.000000864252196724558,0.0496588156121537,0.0286323594956806,-0.375690531529205,0.239116217427809,73.5918228553236,-1.57116290802245,0.120434696616875,0.013027880539052,0.101568863412303,19036.4289644367,0.128266479523034,0.897939446348153,-3.02274167395937,1.87309579192883,49.8385368680143,-1.61376779926812,0.112892405196182,1.97157763803077,1.66142704254899,47.7740115868441,1.18667722839393,0.241222687741638,-0.204865920893058,0.239913704248686,-0.853915042221604,0.393152064350012,-0.231156815587515,0.23987004568912,-0.963675205561525,0.33520878892319,0.0262908946944565,0.202801334177229,0.129638667324943,0.896852309275671,-4.99431931199014,2.49579382346093,-2.00109450750402,0.0453822061461819,-1.0511640359286,2.51170629606318,-0.418505952537597,0.675577235339301,-3.94315527606154,3.32285408509798,-1.18667722839393,0.235354960507075,
0,155023.641909891,0,0.950471071091192,0.096238943238475,0.261822596708429,0.000000202637353324767,0.0543405628617255,0.026397763568057,-0.350010796667734,0.233757044191645,75.2949322126176,-1.49732726933687,0.138488644670954,-0.00634398670246336,0.102131206837046,19040.9234897186,-0.0621160456136139,0.950471071091192,-3.04091384360626,1.79374592124952,50.0146238265671,-1.69528683387219,0.096238943238475,1.83641918527448,1.61716406724975,47.5608825295535,1.13558000852542,0.261822596708429,-0.15831411296934,0.234384458109932,-0.675446291302673,0.499392263453678,-0.219760198198717,0.234329903345595,-0.93782396126631,0.348334885078198,0.0614460852293767,0.20360340855882,0.301793008596048,0.762809860860367,-4.87733302888073,2.4082650906885,-2.02524757251136,0.0428419489882894,-1.20449465833178,2.42193050143418,-0.497328332757079,0.618957535060207,-3.67283837054896,3.23432813449951,-1.13558000852542,0.256132379529492,
0,155117.561166332,0,0.953770167204114,0.0626351846589312,0.219755228130812,0.000000176483819824617,0.0676363837497642,0.0312765021853255,-0.296040044842909,0.229704927315703,76.5886657515597,-1.28878404265153,0.201352512143927,-0.00593615049477957,0.102393811213492,19043.9668713325,-0.0579737234548546,0.953770167204114,-3.26822451173469,1.71624088446069,49.9887430554741,-1.90429242265819,0.0626351846589312,2.01652038565853,1.62171481961679,47.889237190501,1.24344944084252,0.219755228130812,-0.136855694234123,0.230232178015879,-0.594424703851276,0.552228089585885,-0.20226790988403,0.230171107957686,-0.87877193483908,0.379524946211485,0.0654122156499073,0.204119860238612,0.320459829697325,0.748619777226065,-5.28474489739321,2.35507712897826,-2.24397954205686,0.0248337176569008,-1.25170412607615,2.36738150197254,-0.528729368305537,0.5969932012468,-4.03304077131706,3.24342963923358,-1.24344944084252,0.213702260987613,
0,155232.338517477,0,0.998125467574517,0.0711998397285918,0.225903079954305,0.000000000289829295882551,0.0647379541161707,0.0301492601375076,-0.25608763525823,0.226684920313527,78.0199945121337,-1.12970741460895,0.262060834727086,-0.000241297255213666,0.102705425350514,19044.7690560799,-0.00234941099158262,0.998125467574517,-3.11929132616745,1.6914788906823,49.130711175348,-1.84412075335402,0.0711998397285918,2.03905828782736,1.66235237600185,48.3995525396997,1.2266101443134,0.225903079954305,-0.108151565714195,0.227228121937445,-0.475960302765556,0.634102659508784,-0.162772470699525,0.227167080826775,-0.716531946913765,0.473662948424868,0.0546209049853303,0.204944788704554,0.266515217735403,0.789842441041894,-5.15834961399481,2.36529388194649,-2.18084934534638,0.0291945613889472,-1.08023303834009,2.37790188428205,-0.454279903422608,0.649627378706167,-4.07811657565472,3.32470475200371,-1.2266101443134,0.219969154588872,
0,155258.571163482,0,0.625163657830484,0.0993911718563146,0.243865616029599,0.0000125337028965914,0.0551228707002545,0.0274246456208029,-0.198424116924151,0.226581212497756,77.7658967701416,-0.875730669532522,0.383873417395484,0.0502085022960585,0.102769768510147,19043.1565502514,0.488553229455813,0.625163657830484,-2.86373639906297,1.70453866971192,48.383343086149,-1.68006537484243,0.0993911718563146,2.04031723461883,1.72985186182083,49.335530811565,1.17947512133854,0.243865616029599,-0.107290060540565,0.227232520320999,-0.47215979644552,0.636812733711069,-0.0610447922712903,0.227177829927819,-0.268709285103594,0.788153406025541,-0.046245268269275,0.205470886872589,-0.225069687356494,0.821925061995657,-4.9040536336818,2.42141514123638,-2.02528412008598,0.0428381981753533,-0.823419164444145,2.43565756923417,-0.338068526070784,0.735311548150762,-4.08063446923765,3.45970372364166,-1.17947512133854,0.238209037577845,
0,155243.861860591,0,0.301928936796507,0.173907886534227,0.223092231692864,0.0000559658877987449,0.0381150311895134,0.029762159621094,-0.159105452863343,0.23086310043343,75.477996600967,-0.689176627034086,0.49282535742605,0.106043327340784,0.102721948023967,19041.1202196876,1.03233368701343,0.301928936796507,-2.34875501796676,1.7017419604081,48.0745121170249,-1.38020632540758,0.173907886534227,2.17527113765739,1.76307827884599,49.6246403319535,1.23379158132513,0.223092231692864,-0.118401845652683,0.231546250485665,-0.511352895606544,0.609103972307473,0.0359299596846468,0.231494626546341,0.155208612055858,0.876656859126363,-0.15433180533733,0.205582567675489,-0.750704726973457,0.452830377594476,-4.52402615562415,2.44296194826891,-1.85186108151618,0.0640457737754511,-0.173483880309369,2.45777915069976,-0.070585626157654,0.943727550540715,-4.35054227531478,3.52615655769198,-1.23379158132513,0.217280577277776,
0,155177.109769853,0,0.447965964176391,0.442237616978888,0.233764995202487,0.0000302422157285989,0.0123765003625562,0.0280429379259958,-0.128895558684996,0.222193976576352,78.5611130791325,-0.580103748405186,0.563504801620535,0.0778155169590899,0.102547228626814,19039.5998579973,0.758826133100807,0.447965964176391,-1.37460421337372,1.77403309575794,47.9099218466886,-0.774846995053624,0.442237616978888,2.12998847379671,1.76734779517442,50.3424132903777,1.20518919909961,0.233764995202487,-0.0649519799991978,0.223018173899306,-0.291240748964809,0.770867199480978,0.0341264884573837,0.222971679659549,0.153053017806973,0.878356465608851,-0.0990784684565815,0.205288266758996,-0.482630936588781,0.629357808864693,-3.50459268717043,2.49604706630328,-1.40405713276907,0.160301837236531,0.755384260422998,2.51220467930134,0.300685794691329,0.763654101992692,-4.25997694759343,3.53469559034884,-1.20518919909961,0.228130271039384,
0,155084.749819587,0,0.389992047729573,0.515560055884531,0.20699202631947,0.0000388223506338068,0.00885473968030265,0.031292710858051,-0.0756995788271286,0.217476183708381,80.534264526553,-0.348082155647149,0.728686696799083,0.087933462414189,0.102289672759298,19034.7019613683,0.859651419758756,0.389992047729573,-1.25548362850639,1.91661960807748,48.0299090815685,-0.655051019626027,0.515560055884531,2.31962741228068,1.8146738648627,50.5811473195295,1.27826132132904,0.20699202631947,-0.0379687514008361,0.218616146931655,-0.17367770831999,0.862118757439865,0.0763105720422208,0.21858259567476,0.349115499368335,0.727002600968657,-0.114279323443057,0.205113609147588,-0.557151346114864,0.57742402852884,-3.57511104078707,2.63008069996932,-1.35931610038763,0.17404644430048,1.06414378377429,2.64870146060565,0.401760560637498,0.687860250107935,-4.63925482456136,3.6293477297254,-1.27826132132904,0.201157300890009,
0,155059.246371835,0,0.142415892931287,0.478792094813246,0.231042857396691,0.000113051841364565,0.0106958424850027,0.0281881956574933,-0.0514962159377059,0.224799385762308,77.4364994396529,-0.229076319595266,0.819413535503574,0.14993415958978,0.102210578689147,19031.926160848,1.46691430097245,0.142415892931287,-1.35884654490391,1.90334058645617,47.1435896085633,-0.713927162890985,0.478792094813246,2.22898847915225,1.83873260488684,50.663289661216,1.21224177633453,0.231042857396691,-0.124754516155872,0.225920838528641,-0.552204555225463,0.580808213795689,0.115932723674601,0.225888730450638,0.513229338370799,0.607790905753292,-0.240687239830472,0.205115633358009,-1.1734222101461,0.240626534915787,-3.58783502405616,2.6370169620631,-1.36056577400594,0.173650953820076,0.870141934248335,2.65582896709145,0.32763477807883,0.743187822978685,-4.4579769583045,3.67746520977369,-1.21224177633453,0.225419844132036,
0,155079.547207035,0,0.128034942304854,0.536419740869967,0.32698560168163,0.000121685726236021,0.00828195157677432,0.0188608128816343,-0.147050751072669,0.229047966005158,75.699142224147,-0.642008543613776,0.52280711001804,0.155644792156885,0.102265812745624,19033.3726339445,1.52196308793864,0.128034942304854,-1.13709193783908,1.82558628255436,46.456016066656,-0.622863980029505,0.536419740869967,1.81833324358975,1.83721240813004,50.9563642357594,0.989724016419256,0.32698560168163,-0.197512103766328,0.230030660668482,-0.858633815128585,0.390542575811986,0.0654995621201119,0.229993919494471,0.284788233811053,0.775806387178425,-0.26301166588644,0.205201593105338,-1.28172331367537,0.199939723613152,-2.95542518142883,2.58101587065385,-1.14506276967609,0.252183156445856,0.681241305750674,2.5989587320133,0.262120863005372,0.793228262615498,-3.63666648717951,3.67442481626007,-0.989724016419256,0.322309032898233,
0,155142.440534108,0,0.352351469975365,0.575656567525603,0.545957938672281,0.0000454343450923503,0.00674020040955945,0.00717726878363489,-0.224936927661667,0.228195159265824,76.2891248351434,-0.98572173215839,0.32738566835145,0.0952802070348678,0.102445153297211,19037.87830266,0.930060661419903,0.352351469975365,-0.995479357512394,1.76601215243167,46.8238576572954,-0.563687716498263,0.575656567525603,1.085304208896,1.78538940680536,51.1151416467753,0.607880950093659,0.545957938672281,-0.213670953384031,0.22901592311295,-0.932996057565174,0.350822003898439,-0.0519260648790585,0.228971152342289,-0.226779943009739,0.820594860561784,-0.161744888504973,0.205205601386194,-0.788208934904129,0.430574503682559,-2.08078356640839,2.50306396167201,-0.83129460464065,0.405807221793825,0.0898248513836046,2.51942440186586,0.0356529258496827,0.971559106395528,-2.170608417792,3.57077881361072,-0.607880950093659,0.543266435018711,
0,155263.04052434,0,0.409523798348702,0.659219528134454,0.822628812672753,0.0000357252632253063,0.00413367407960261,0.000978266089800686,-0.253184043980066,0.233015444971247,74.9316485173797,-1.08655477327397,0.280716622873923,0.0847582026065107,0.102768341260838,19039.425084775,0.824750127973601,0.409523798348702,-0.778052534813109,1.75324223794543,47.4459132046103,-0.443779255355429,0.659219528134454,0.39565573085558,1.7560989282326,51.8387955636888,0.225303782431997,0.822628812672753,-0.236473547329832,0.233751287804856,-1.01164596589196,0.311707359645229,-0.077462056530541,0.233703079525968,-0.331455009868339,0.740300818981024,-0.159011490799291,0.205633906251708,-0.773274669035619,0.439359843774073,-1.17370826566869,2.47368752102842,-0.47447717453849,0.635159671102859,-0.382396803957529,2.48924760311613,-0.153619432425618,0.877909813957588,-0.79131146171116,3.51219785646519,-0.225303782431997,0.82174295735859,
0,155514.750832213,0,0.431316339150812,0.579514321392737,0.613075270727373,0.0000325277849623173,0.00662344146049514,0.00498064355738549,-0.292066334156341,0.236612680183009,74.8142394119839,-1.23436467534386,0.220930257470374,0.0814047261649177,0.103442295690012,19038.5698564541,0.786957845646287,0.431316339150812,-0.992504995872127,1.77870333183517,46.6969559495844,-0.557993555253598,0.579514321392737,0.909657403467985,1.78794351270367,51.7123407298662,0.508773010447312,0.613075270727373,-0.25585202278016,0.237393866085499,-1.07775330087094,0.281143864948877,-0.117194560233421,0.237348009064857,-0.493766771818156,0.621470902529186,-0.138657462546739,0.20710945895913,-0.669488797100772,0.503183724689051,-1.90216239934011,2.51388663450289,-0.756661964478861,0.449252407654783,-0.082847592404142,2.53010455978978,-0.0327447306806268,0.97387815307542,-1.81931480693597,3.57588702540733,-0.508773010447311,0.610911339542656,
0,155512.143959862,0,0.454238844483702,0.47822514858519,0.33946912582533,0.0000294183609112573,0.010748305123899,0.0175846052391539,-0.337704505437727,0.235321395333996,75.5441123737788,-1.43507777930016,0.155392270672069,0.077407757426979,0.103433443135867,19037.7561416331,0.748382293774157,0.454238844483702,-1.29340049972221,1.8092904220416,47.0344745696342,-0.714866161875072,0.47822514858519,1.73647037296309,1.80114923707373,51.9275574788199,0.964090224852368,0.33946912582533,-0.287570968343097,0.236167731241459,-1.21765563327144,0.223354863561717,-0.178859859990492,0.236124716093603,-0.75748046604147,0.448762064467151,-0.108711108352605,0.207178686419833,-0.524721486708866,0.599776818208346,-3.02987087268529,2.54452280071125,-1.19074227664157,0.233754775733859,0.443069873240881,2.56139503545746,0.172979906303968,0.862667221968474,-3.47294074592617,3.60229847414747,-0.964090224852368,0.33500069309093,
0,155455.156344933,0,0.327500647919091,0.505450299875202,0.278451787639767,0.0000503599955242256,0.00959138280261839,0.0229886927811708,-0.333992648703217,0.236488210011037,75.1366087498292,-1.41230147874023,0.16198973682461,0.101130661440825,0.103280364172755,19038.0568697573,0.979185755693758,0.327500647919091,-1.19015073207099,1.77332456585441,46.5115337829582,-0.671140949032957,0.505450299875202,1.96320457052454,1.79209245542507,51.0029860692539,1.09548174514182,0.278451787639767,-0.29942851486058,0.237273357941869,-1.2619559037637,0.206964654129811,-0.14929153741785,0.237227907294994,-0.629316926158291,0.529141592330374,-0.150136977442731,0.206828083638231,-0.72590227981486,0.467898678804976,-3.15335530259553,2.51302043979335,-1.25480686613708,0.209548879461947,0.773053838453551,2.52928429372604,0.30564133908202,0.759877741652839,-3.92640914104908,3.58418491085014,-1.09548174514182,0.27330563870696,
0,155383.836588854,0,0.252143691353235,0.516691085338398,0.32568638071234,0.0000688814236307906,0.00895107551107676,0.0189921382998838,-0.252197671853294,0.238114943279171,74.7168440596231,-1.05914256526778,0.292946903897108,0.118054303864207,0.103086836307018,19038.1697985941,1.14519281116177,0.252143691353235,-1.16887824899409,1.78902976662513,47.2632187430634,-0.65335874830025,0.516691085338398,1.74334881137322,1.75665244010031,50.8739568180289,0.992426715482584,0.32568638071234,-0.247872466640484,0.238874622276522,-1.03766764455015,0.299424813325996,-0.0580508923821841,0.238828504561779,-0.243065175527102,0.807954908209748,-0.1898215742583,0.206244454477902,-0.920371773092394,0.357378514021646,-2.91222706036731,2.49927233744891,-1.1652299818354,0.243925912543426,0.574470562379137,2.51526308477363,0.228393827213044,0.819340087823162,-3.48669762274644,3.51330488020063,-0.992426715482584,0.320989412156792,
0,155329.11965243,0,0.261907455655421,0.447425980332561,0.279549925551182,0.000066113764088092,0.0118633278771006,0.0232662978534024,-0.239566364778288,0.243509242512136,73.3750692441438,-0.983808098234089,0.328442824384319,0.115481102898592,0.10293099348443,19037.4562879968,1.12192740970736,0.261907455655421,-1.37103114800438,1.79011429506799,48.8588910338136,-0.765890285207907,0.447425980332561,1.93408165185319,1.76927498262319,50.1658096770916,1.09314926783492,0.279549925551182,-0.216979992879331,0.244275518913566,-0.888259264965913,0.374401306055013,-0.0373689002783307,0.24423146247837,-0.153006086517785,0.878393475463729,-0.179611092601,0.206026575096463,-0.871786042732134,0.38332511019644,-3.30511279985756,2.50875992660562,-1.31742888779694,0.187694903113666,0.563050503848813,2.52503662106986,0.222987064484731,0.823545574102232,-3.86816330370638,3.53854996524638,-1.09314926783492,0.27432826733934,
0,155377.234801556,0,0.212707817993138,0.230737177005679,0.263349354885249,0.0000815594800797616,0.0289122902034469,0.0254127378639,-0.227891052928647,0.246780498806348,72.4700865836204,-0.923456488786322,0.358833878296271,0.128440045393879,0.103065694391651,19039.8166843109,1.24619589623881,0.212707817993138,-2.14034619278123,1.7639108184493,49.4527861423637,-1.21340952750824,0.230737177005679,1.92075841785843,1.6975623855302,49.0979407384635,1.13148031214094,0.263349354885249,-0.220759097511837,0.247406698024214,-0.892292323832844,0.37223626759911,-0.0148763794789803,0.247355742189575,-0.060141637898905,0.952042827715015,-0.205882718032857,0.205843759758163,-1.00018926138319,0.317218925102244,-4.06110461063966,2.4408197465063,-1.6638281530017,0.0961467761679297,-0.219587774922791,2.45532030934537,-0.0894334535852626,0.928737437866823,-3.84151683571687,3.39512477106041,-1.13148031214094,0.257852985355234,
0,155442.236984378,0,0.172291578194771,0.266929415128753,0.343743116940753,0.0000978387111270053,0.0248242862771531,0.0185130792407329,-0.300417630631076,0.238799202747569,74.772809523512,-1.25803447907087,0.212293728342463,0.140926354611006,0.103248141092697,19039.9909568113,1.36492873498305,0.172291578194771,-2.07995090145534,1.85244099507504,49.5248883914321,-1.12281627700162,0.266929415128753,1.58929719591135,1.66218968767153,48.4679804072894,0.956146706780324,0.343743116940753,-0.29591560951368,0.239516178841697,-1.23547232151386,0.216654771386471,-0.0562597641786831,0.239466165804894,-0.234938259397032,0.814256653806929,-0.239655845334997,0.205992486995574,-1.1634203209564,0.244659008728095,-3.66924809736669,2.4813501320951,-1.47873049027088,0.139212359884577,-0.490653705543988,2.49634250815548,-0.196549032811417,0.84418045838793,-3.1785943918227,3.32437937534306,-0.956146706780324,0.338998120341675,
0,155553.563317196,0,0.101116705890942,0.316465405012726,0.319712440699118,0.00014118017585635,0.0201520733179554,0.0203876914532533,-0.36276418318597,0.234941591453247,76.5793345535187,-1.54406114703688,0.126696142672246,0.169765916784796,0.103544644459918,19037.5337899265,1.63954319096158,0.101116705890942,-1.97364776569858,1.95038518532889,49.7894649261686,-1.01192717240916,0.316465405012726,1.71509211594576,1.70596880377975,48.5644988671891,1.00534787749096,0.319712440699118,-0.400758729821395,0.235860925508683,-1.6991315070823,0.0892944080680028,-0.10676369626406,0.235818632185276,-0.452736474954101,0.65073851141106,-0.293995033557335,0.206823665046029,-1.42147676133631,0.155178204714449,-3.68873988164434,2.58274275780363,-1.42822581555945,0.153226872384391,-0.258555649752817,2.59963530293254,-0.0994584315196641,0.920774291043415,-3.43018423189153,3.41193760755951,-1.00534787749096,0.314729368560502,
0,155659.604323213,0,0.0888097926103997,0.367258182832417,0.316642699485455,0.000152118607367703,0.0164178167201463,0.0204827072313792,-0.356906644514835,0.232540635810751,77.4930062730613,-1.53481409075228,0.128902432630847,0.17669425920738,0.103828058302286,19035.6190230362,1.70179681770558,0.0888097926103997,-1.82131075595653,2.00158736591202,49.6037206166286,-0.909933179522569,0.367258182832417,1.78401609258744,1.76333402930671,48.9500464016093,1.01172895375295,0.316642699485455,-0.401470215816175,0.233616096099314,-1.71850408648856,0.0857047097198658,-0.095448473373099,0.233579937180112,-0.408633012429913,0.682809000240931,-0.306021742443076,0.207712233306494,-1.47329667382431,0.140671057191522,-3.60532684854397,2.65838046316607,-1.35621176069362,0.175031801144091,-0.0372946633690816,2.67664175369739,-0.0139333787637305,0.988883131908788,-3.56803218517489,3.52666805861341,-1.01172895375295,0.311667667741398,
0,155646.524630269,0,0.0565456474419283,0.390321553389587,0.406261587030759,0.000190994666698569,0.0148841625577544,0.0138570367541234,-0.346507972827071,0.227532877575898,79.1061531004615,-1.52289188498259,0.131773501874956,0.197927296776072,0.103794089433031,19035.3972206589,1.90692261820724,0.0565456474419283,-1.71460653715496,1.97852847400465,49.7058193875087,-0.86660695546347,0.390321553389587,1.53558768346761,1.83337447511657,49.9248064787801,0.837574485905274,0.406261587030759,-0.420367152604679,0.228696457065786,-1.83810085209915,0.0660475456664324,-0.0652834008010494,0.228664030577591,-0.285499213130056,0.775261707160769,-0.35508375180363,0.208082035750897,-1.70646038963553,0.087922395165392,-3.25019422062257,2.68781513949301,-1.20923279762299,0.22657342067868,-0.179018853687342,2.70690294484757,-0.0661341973963618,0.947270984852424,-3.07117536693523,3.66674895023314,-0.837574485905274,0.402269727264442,
0,155679.420437536,0,0.0459621945395948,0.340816705712048,0.516085035753896,0.000209162400028948,0.0180199779231634,0.00841179625482665,-0.343902746256369,0.224403658016385,80.3363612047959,-1.53251845044014,0.129323289184314,0.207376746547815,0.103902885436041,19041.0298019221,1.99587091039421,0.0459621945395948,-1.78028536826776,1.8512804046607,50.3945108657893,-0.961650846509145,0.340816705712048,1.15894376631424,1.77209041303876,50.4191572555177,0.653998101782455,0.516085035753896,-0.476784659814507,0.225294038974467,-2.11627729692636,0.034321230465976,-0.0928018699490067,0.225249090201809,-0.411996647204489,0.680341880698574,-0.3839827898655,0.207893680055499,-1.84701521356009,0.0647449353998181,-2.93922913458199,2.55430232009086,-1.1506974375991,0.249856731070195,-0.621341601953516,2.5711139210287,-0.241662415994744,0.809041754136679,-2.31788753262848,3.54418082607753,-0.653998101782455,0.513113028565141,
0,155667.17404194,0,0.0838262353422941,0.347543151335193,0.491183908577925,0.000156937495232655,0.0175516260960211,0.0096883877287018,-0.37117143288677,0.220862074896525,81.7453517078131,-1.68055757449831,0.0966665109416319,0.179620296354349,0.103887125096257,19045.5045225326,1.72899477377895,0.0838262353422941,-1.7166177028814,1.81033811465181,50.3292157774728,-0.948230437722162,0.347543151335193,1.14636466955046,1.65272709577596,49.1771834842638,0.693620061340037,0.491183908577925,-0.462803544551946,0.22153638264185,-2.08906338107065,0.0367020181462761,-0.133999671954722,0.221478004131791,-0.605024740402596,0.545162558196147,-0.328803872597224,0.207148939959887,-1.58728242906236,0.112448692967464,-2.86298237243186,2.44434613256601,-1.17126716805299,0.241491404062392,-0.570253033330944,2.45821762038185,-0.231978254733348,0.816554903355164,-2.29272933910092,3.30545419155191,-0.693620061340037,0.487920509373078,
0,155582.290520447,0,0.0679285145888649,0.317413301139451,0.32227474120864,0.000174946459510869,0.019964924579922,0.0201607099919579,-0.307683689502364,0.221302611933055,80.8512045464209,-1.39033013128394,0.168244229939461,0.189241720941219,0.103660890692017,19046.8325003372,1.82558455438578,0.0679285145888649,-1.79030695261715,1.77280717823551,50.0617398243682,-1.0098712226555,0.317413301139451,1.61073424271636,1.61077132741537,48.5991898770875,0.999976977055414,0.32227474120864,-0.422187924829803,0.221871414339826,-1.90284956755702,0.0570601772427064,-0.0864705142301943,0.221807137337934,-0.389845499418949,0.69665079665367,-0.335717410599609,0.206474516375621,-1.62595082672996,0.103960116431237,-3.4010411953335,2.38912524637458,-1.42355081655701,0.154576541945069,-0.17957270990079,2.40144533104322,-0.0747769302009392,0.940392197449499,-3.22146848543271,3.22154265483073,-0.999976977055414,0.317321649748336,
0,155546.789633804,0,0.190877148621488,0.190171565636356,0.186529356484171,0.0000898476583151078,0.034686327714756,0.035599669031073,-0.264812227519141,0.222023933492677,80.4223395701738,-1.19271928640015,0.236486472306153,0.135444163592709,0.1035477943302,19041.1468174191,1.3080352359877,0.190877148621488,-2.46016756137101,1.85191682636547,49.1130103418133,-1.3284438730433,0.190171565636356,2.31412941053405,1.72718642423251,48.630444880335,1.33982607671454,0.186529356484171,-0.347497267037445,0.222872461950159,-1.55917543153069,0.11895486410634,-0.138050565750857,0.222824833662592,-0.619547487062851,0.53555574872553,-0.209446701286589,0.206948157651716,-1.01207328281258,0.311503015688048,-4.77429697190507,2.52424814165598,-1.8913738681701,0.0585744543623003,-0.146038150836958,2.54041513753237,-0.0574859394747631,0.954158106260201,-4.62825882106811,3.45437284846501,-1.33982607671454,0.180301895736696,
0,155571.689233083,0,0.640077134434839,0.297132632482587,0.164401646852532,0.0000114838221600416,0.0224553701053358,0.0393821101617661,-0.30106863607977,0.218848014268724,81.2026886625054,-1.37569736278295,0.172698205301687,0.0484498807051213,0.103614291339132,19039.4612992878,0.467598437232408,0.640077134434839,-2.00760838192484,1.90479914820331,48.3588540517846,-1.05397379236467,0.297132632482587,2.46366195727463,1.7451498086021,48.6125602625421,1.41171946679355,0.164401646852532,-0.282228988359989,0.21981411397542,-1.28394388902411,0.199161589132914,-0.250741038247332,0.21977076007457,-1.14092083115267,0.253902869863178,-0.0314879501126572,0.207188725720014,-0.151977140663573,0.879204965308552,-4.47127033919947,2.57480757359239,-1.73654543549486,0.0824674378843274,0.456053575349792,2.59190687677843,0.17595291691831,0.860330932110867,-4.92732391454926,3.49029961720421,-1.41171946679355,0.15803257911827,
0,155520.979442509,0,0.298577474750965,0.462885256900179,0.138684190882733,0.0000567448775119531,0.011222395546611,0.0439797399313953,-0.30200601825934,0.215983867577408,82.0781024708277,-1.39828044402947,0.165795769060327,0.107577655413434,0.103488098430114,19041.9766493333,1.03951717197782,0.298577474750965,-1.37416537503075,1.85697810659955,48.2477966520238,-0.740000848769877,0.462885256900179,2.54475619287512,1.69074715812382,49.243562784913,1.50510747905025,0.138684190882733,-0.331381562078383,0.216812659465511,-1.52842349194603,0.126407425837387,-0.183791166720214,0.216761705384136,-0.847895002461374,0.396496447998663,-0.147590395358169,0.206618949971965,-0.714311999834452,0.475034273670116,-3.91892156790586,2.50358134954232,-1.56532623500422,0.117506434695213,1.17059081784437,2.51914027168228,0.464678696539058,0.642161566459956,-5.08951238575023,3.38149431624764,-1.50510747905025,0.132296446486842,
0,155578.659379419,0,0.293887619712098,0.609863196379662,0.182521205766163,0.0000578684919627573,0.00547404408802018,0.0357392597015746,-0.279779158341383,0.220324933901604,80.6578729980136,-1.26984791683328,0.207790155316117,0.108777779722185,0.10363140694315,19038.3932819222,1.04966035809837,0.293887619712098,-0.99578366560867,1.93867871879715,47.932065189076,-0.513640375764017,0.609863196379662,2.3191561348476,1.71526628492028,49.3225823018885,1.3520676965649,0.182521205766163,-0.316634610979579,0.221294809440038,-1.43082710245571,0.152479773497753,-0.160654140201231,0.22125100984648,-0.726117093488993,0.46776699091745,-0.155980470778348,0.207044330244789,-0.753367506339982,0.451229103197125,-3.31493980045627,2.5800774501659,-1.28482181813694,0.198854556246347,1.32337246923893,2.59700357276376,0.509576684113137,0.610348062036198,-4.63831226969519,3.43053256984056,-1.3520676965649,0.176353660067865,
0,155742.147496867,0,0.822826892049007,0.547437136446539,0.153720415765828,0.00000263385634398796,0.00775039095814704,0.0413509714240716,-0.270285122365471,0.228459078791861,78.0115268974942,-1.18307892947303,0.240370812302906,0.0233015563766357,0.104064918278472,19035.6598896311,0.223913656610791,0.822826892049007,-1.16911165371897,1.92926360268489,47.013887432041,-0.605988550290356,0.547437136446539,2.54705699857163,1.75767934009195,48.6823967637207,1.44910219997146,0.153720415765828,-0.213396919760062,0.229425280634278,-0.930136901958214,0.352300206495302,-0.234419810348201,0.229383838907381,-1.02195434283779,0.306802510286317,0.0210228905881398,0.208120368062085,0.101013133812393,0.919540034231429,-3.7161686522906,2.60115575789129,-1.42866056406527,0.153101817664749,1.37794534485266,2.61858323252298,0.526217890551842,0.5987368250084,-5.09411399714326,3.51535868018389,-1.44910219997146,0.147309043751014,
0,155863.731410703,0,0.80000541007378,0.387876859847209,0.108192938096485,0.00000337160987285295,0.0156496565300151,0.0528620515721567,-0.220435987070404,0.224798986140562,79.7865851913774,-0.980591553613904,0.329758295307655,0.0264495989565235,0.10440206327767,19036.2429306574,0.253343642128773,0.80000541007378,-1.66731683033047,1.91330461697017,47.765344677676,-0.871433025113777,0.387876859847209,2.91800622935303,1.78265181148337,48.0074461297467,1.63689073242234,0.108192938096485,-0.198951518908046,0.225779950063764,-0.881174430465855,0.378223416552408,-0.223527265264856,0.225738207303395,-0.990205725185163,0.322073574761155,0.0245757463568101,0.208910747631598,0.11763753964515,0.906354859111358,-4.5853230596835,2.60627235710918,-1.75934147756125,0.0785195255679091,1.25068939902256,2.62383468937683,0.476664709132113,0.633600896835982,-5.83601245870606,3.56530362296674,-1.63689073242234,0.101653302713488,
0,155995.617878996,0,0.778131613578713,0.361171205029599,0.125616641997875,0.00000417014777765967,0.0176078312422365,0.047756388858057,-0.213691684864381,0.229667101430629,78.1520737457926,-0.930440988427443,0.355008046452292,0.029517521943781,0.104761710316834,19037.1255066301,0.281758686971701,0.778131613578713,-1.72762015293585,1.87368229389871,47.4333329753846,-0.922045406823514,0.361171205029599,2.77988481856469,1.78364865261628,48.4341375841182,1.55853834469424,0.125616641997875,-0.203750133522759,0.230558093933782,-0.883725789220297,0.376844255265501,-0.218522821513368,0.230513333002322,-0.947983436216967,0.343137886614323,0.014772687990609,0.209593496512741,0.07048256857393,0.943809574305093,-4.50750497150053,2.57839861424813,-1.74818003181984,0.0804328581413263,1.05226466562884,2.59538750381173,0.405436438328929,0.685156731173694,-5.55976963712937,3.56729730523256,-1.55853834469424,0.119105685639765,
0,156025.625601037,0,0.658469550927998,0.291772863670203,0.169916472769137,0.0000102630466017815,0.0236198823525331,0.0376440710570295,-0.251557963830489,0.241831507652162,74.4041493302077,-1.04021997080842,0.301606194213625,0.0463404583536011,0.104834577949316,19038.4150194289,0.442034100390095,0.658469550927998,-1.886917658286,1.76973097605671,46.9929370797687,-1.06621722951949,0.291772863670203,2.520209476225,1.80955317410847,49.5872156698286,1.39272474127026,0.169916472769137,-0.229519389662684,0.242569030744873,-0.946202361273748,0.344045382031341,-0.203751657291688,0.242520342094602,-0.840142544464203,0.40082846838924,-0.0257677323709959,0.209877516359763,-0.122775096722729,0.902285194977066,-4.407127134511,2.52314437258983,-1.74668052386847,0.0806927705936907,0.633291817938998,2.53901620911517,0.24942409412963,0.803032749549091,-5.04041895245,3.61910634821693,-1.39272474127026,0.163703043946014,
0,156041.589532176,0,0.432685836968775,0.368711226564473,0.209246362356574,0.0000323358060682696,0.017121219590935,0.0310200552349199,-0.190249586250617,0.248671274289293,72.2448332651565,-0.765064588961284,0.446725146477896,0.0822836417179876,0.104870616882807,19038.0134206323,0.784620555917388,0.432685836968775,-1.57853001021403,1.73930559301391,47.284539131323,-0.907563349738165,0.368711226564473,2.32939516618993,1.83149074598945,50.5299774239365,1.27185745889832,0.209246362356574,-0.210055507078281,0.249377791731952,-0.842318418249779,0.39960974421509,-0.107335165183295,0.249329154788851,-0.430495845037432,0.666834988487466,-0.102720341894986,0.21007773263363,-0.48896349273784,0.624867543175372,-3.90792517640395,2.51791967623245,-1.5520452114864,0.120651406026498,0.750865155975902,2.53360713235308,0.296362110126576,0.766953558004596,-4.65879033237985,3.66298149197891,-1.27185745889832,0.203423769191428,
0,156037.238047023,0,0.433664925962479,0.43422181372549,0.255495644830914,0.0000321964725851823,0.0131580717795087,0.025407541833561,-0.16790541767617,0.25373415491927,71.0995018067474,-0.661737548614974,0.510278466755347,0.0820997670823747,0.104859234110316,19039.1787396803,0.782952190896249,0.433664925962479,-1.3389738479881,1.69749521839939,46.6640482210018,-0.788793884939866,0.43422181372549,2.05767570467987,1.78913099903349,50.7376064646029,1.15009784403235,0.255495644830914,-0.216478633929287,0.254320516685737,-0.851203971863537,0.394656056837015,-0.106911714644478,0.254266694254103,-0.420470777575119,0.674141572756927,-0.109566919284809,0.209787496391871,-0.522275736968345,0.60147836001714,-3.39664955266797,2.45917440758016,-1.38121539578411,0.167212742375604,0.718701856691766,2.47334201627788,0.290579245394188,0.77137313523796,-4.11535140935974,3.57826199806698,-1.15009784403235,0.25010357427165,
0,156094.960483749,0,0.404017528859248,0.374563459033955,0.373446283179848,0.0000365791215518576,0.017647651809253,0.0157324143784019,-0.235087619578685,0.253946476215002,71.5053919743974,-0.925736883939473,0.357696617585641,0.0876330066861089,0.105014326267825,19036.5904290245,0.834486205840267,0.404017528859248,-1.57943740188314,1.76097527965576,44.7794421002291,-0.896910604101092,0.374563459033955,1.6062224123835,1.78864799557509,50.4521186952132,0.898009231753318,0.373446283179848,-0.271504316010424,0.254606349495313,-1.06636899098788,0.286256873480397,-0.138884541920567,0.25455662771736,-0.545593894631468,0.585345122068909,-0.132619774089858,0.210086925324196,-0.631261435642437,0.527869597909708,-3.18565981426663,2.50238449189313,-1.27304969503571,0.203000408056749,0.0267850105003602,2.51767015909544,0.0106388084251607,0.99151161913769,-3.21244482476699,3.57729599115017,-0.898009231753318,0.369180627776841,
0,156101.466236047,0,0.404581990030337,0.416461568685001,0.298311378494354,0.0000365002788257834,0.0151546375468904,0.0214572726591919,-0.241170180741046,0.258636221736353,70.5143269324259,-0.932468697237966,0.354276218920507,0.0875315278941022,0.105018781753606,19031.9387915133,0.833484510413265,0.404581990030337,-1.5253443038408,1.85936654909183,43.7349095327628,-0.820356967584375,0.416461568685001,1.89725693548084,1.80532869605953,50.3668744256682,1.05092049975274,0.298311378494354,-0.233711829379552,0.259430997843666,-0.90086316331554,0.367661079073646,-0.10902216685671,0.259389171753295,-0.420303461859237,0.674263781247232,-0.124689662522842,0.210209507810512,-0.593168519452699,0.553068378305988,-3.42260123932164,2.58306719968654,-1.3250144013818,0.185166374800663,0.371912631640036,2.60012983739252,0.143036176998376,0.886261609825723,-3.79451387096168,3.61065739211906,-1.05092049975274,0.293295104361194,
0,156100.6396306,0,0.199861347110901,0.563691178007273,0.283636075790489,0.0000863427383235505,0.00772320125147823,0.0227856166453758,-0.222657954362506,0.253596502533174,71.8211371040973,-0.878000887781878,0.382871017088505,0.134639271272279,0.105023553084873,19032.9792028744,1.28199120404422,0.199861347110901,-1.07995857559787,1.8561704333057,43.4924605969925,-0.58182080493252,0.563691178007273,1.9422855065393,1.79219015896709,50.371748537334,1.08374967735495,0.283636075790489,-0.295103829694231,0.254385343784107,-1.16006616302817,0.24602186933741,-0.0773942179701689,0.254341887819458,-0.304292063858181,0.760905390798831,-0.217709611724062,0.210137687296479,-1.03603315771197,0.30018667381389,-3.02224408213717,2.57176151888485,-1.17516498320095,0.239928716581372,0.862326930941431,2.58856546695976,0.333129272544234,0.73903670383923,-3.8845710130786,3.58438031793418,-1.08374967735495,0.278475802922798,
0,156155.871634922,0,0.328153107636457,0.814005050957817,0.475085960448252,0.0000502393633129138,0.00127682475396508,0.0102201152615325,-0.242271256758537,0.25427659970499,72.0351859854421,-0.952786284855228,0.343884572638661,0.102843108253789,0.10517097876463,19032.3585364765,0.977865847231005,0.328153107636457,-0.436320628593267,1.8434742334732,43.8178619646933,-0.236683876926892,0.814005050957817,1.33376553181745,1.85337514919238,50.155104350012,0.719641424132966,0.475085960448252,-0.308059674362843,0.255121583972165,-1.20750141781988,0.2272390993742,-0.137785791525822,0.255081041681,-0.540164767313967,0.589083408015005,-0.170273882837022,0.210796034054733,-0.807766064483025,0.419225264171014,-1.77008616041072,2.60529669370006,-0.679418265371085,0.496872879866431,0.897444903224182,2.62282720056859,0.34216699561055,0.73222522148067,-2.6675310636349,3.70675029838475,-0.719641424132966,0.471745800120893,Model failed to converge with 1 negative eigenvalue: -2.4e+03
0,156202.728776283,0,0.338201942849119,0.96423335841352,0.854835271842773,0.000048178689231851,0.0000457704051603375,0.000665742215914177,-0.246961624788202,0.250624178725896,73.2483549262369,-0.985386270565301,0.327678153510951,0.100866670317225,0.105316489008497,19038.2366168065,0.957748129156552,0.338201942849119,-0.0799830987478513,1.77364234999798,44.4283021062174,-0.0450953929623649,0.96423335841352,0.326791356282881,1.77713761841909,50.7579039662629,0.183886353479811,0.854835271842773,-0.319492119512576,0.251284573907642,-1.27143546674697,0.203573771847921,-0.126435299805739,0.25123350744027,-0.503258108736944,0.614782814892019,-0.193056819706837,0.210591130802322,-0.916737656383333,0.359280128526435,-0.406774455030733,2.50319072671299,-0.162502381736161,0.87091025285143,0.24680825753503,2.5183500127487,0.0980039534955853,0.921929154047553,-0.653582712565763,3.55427523683817,-0.183886353479811,0.854102610600029,
0,156135.059821778,0,0.13457940266783,0.938958121474761,0.735696536366611,0.000117569338584187,0.0001325472422816,0.00232528433117982,-0.228089500869472,0.249114983421717,73.7174255800114,-0.915599285665397,0.36286255535325,0.157328602697265,0.105141676171483,19042.345508012,1.49634862621618,0.13457940266783,-0.127746728188685,1.65880987204426,44.73815650608,-0.0770110730238508,0.938958121474761,0.589605818301416,1.73686315719997,49.4430457626709,0.339465901995372,0.735696536366611,-0.319614636345793,0.249587583802697,-1.28057105836824,0.20034437101055,-0.0206118450695676,0.249525153486836,-0.0826042776912069,0.934166199796974,-0.299002791276226,0.210001461495071,-1.42381290657467,0.154500638531921,-0.717352546490101,2.39568173637923,-0.299435661923227,0.76460765537289,0.46185909011273,2.4077783649745,0.191819603013013,0.847883515115149,-1.17921163660283,3.47372631439993,-0.339465901995372,0.73425877992446,
0,156166.343660134,0,0.0837312971419808,0.746952759891367,0.643684140406353,0.000157087048482224,0.00239445218353858,0.00454704117109009,-0.21116540482483,0.250577390512029,73.2703363345979,-0.842715315988148,0.402130214204174,0.181983239936312,0.105221484974662,19039.0522172013,1.72952548597974,0.0837312971419808,-0.551684799400021,1.69908244975946,43.9243976843923,-0.324695720021194,0.746952759891367,0.822538293486274,1.76689744061867,47.4440137968681,0.465526903020623,0.643684140406353,-0.310096356502598,0.251132874873892,-1.23478997585766,0.216908679015857,0.0320312020522333,0.251075902967836,0.127575771603763,0.898484705889444,-0.342127558554831,0.210338913637173,-1.62655379662647,0.103831898980775,-1.37422309288629,2.44448554682449,-0.562172721647496,0.573998344951579,0.270853494086253,2.45806954434918,0.110189516284808,0.912259076436737,-1.64507658697255,3.53379488123734,-0.465526903020623,0.641554175654323,
0,156212.272041894,0,0.0878944765551708,0.688976068531407,0.772214405607041,0.000153003505565618,0.00374410005828338,0.00180827587201157,-0.176277928334994,0.249608531416291,73.3717727817949,-0.706217561294018,0.482289395367695,0.179783744168948,0.105340092605637,19034.6815265938,1.70669817846095,0.0878944765551708,-0.719884705828395,1.78655973261219,43.2030364461798,-0.402944661008241,0.688976068531407,0.527832300638628,1.81285021624705,46.7969295009266,0.291161562002261,0.772214405607041,-0.296576934654546,0.250334266581815,-1.18472368447257,0.236126714875182,0.0489762662344585,0.250286380903884,0.195680907836797,0.844859928848702,-0.345553200889005,0.210856410992884,-1.63880813138125,0.101253225180026,-1.24771700646702,2.5372251782721,-0.491764395668161,0.622885909009698,-0.192052405189767,2.55321984251627,-0.075219690052422,0.940039918337555,-1.05566460127726,3.62570043249411,-0.291161562002261,0.770927758672658,
0,156296.436092608,0,0.0774436215713504,0.488131746925257,0.931313484332233,0.000163776346150121,0.0110910951203437,0.000157990555602299,-0.12315539890278,0.247019374030703,74.1621800137294,-0.498565747670759,0.619560845504291,0.18642557588172,0.105575056261149,19035.5764429912,1.76581081255198,0.0774436215713504,-1.2631807117022,1.80656887355498,43.5916976106194,-0.699215363550743,0.488131746925257,0.157314562080568,1.8155076909662,47.5162237845769,0.0866504520269182,0.931313484332233,-0.263387742009255,0.247775163002378,-1.06301107349782,0.287776929615136,0.105286606837375,0.247727773319008,0.42500929720865,0.670829897239802,-0.368674348846631,0.211320446449458,-1.7446222315019,0.0810506484026188,-1.42049527378277,2.55305790978187,-0.556389758469731,0.577944438635723,-1.10586614962163,2.56932167137759,-0.430411716034257,0.666896174266353,-0.314629124161136,3.6310153819324,-0.0866504520269182,0.930949361760406,
0,156381.277289155,0,0.102770228640881,0.476669301723862,0.966465277251229,0.000139810448091293,0.0113922266740716,0.0000373681481187654,-0.119369386962898,0.246395313129431,74.620235085368,-0.484462896013747,0.629476392141113,0.172660767250976,0.10581987182421,19039.3676347824,1.63164785852135,0.102770228640881,-1.29398240604176,1.80292778638575,44.7008191753715,-0.717711721907482,0.476669301723862,0.0728994100759322,1.72490816746555,47.7967388386307,0.0422627774921173,0.966465277251229,-0.217583679923249,0.247021815884976,-0.880827789010206,0.378411036459459,0.125802328301849,0.246966502508482,0.509390249382215,0.610478709575096,-0.343386008225098,0.211237338171272,-1.62559333116895,0.104036194815073,-1.36688181611769,2.48796834013878,-0.54939678856261,0.582733177502362,-1.22108299596583,2.50234432416672,-0.487975609180981,0.625567117609317,-0.145798820151864,3.44981633493109,-0.0422627774921173,0.966289218016952,
0,156363.511611659,0,0.0912151447709989,0.535085310715273,0.58707247046445,0.000149845426056436,0.00858273005093857,0.0062481840583656,-0.107747759755542,0.257031593032758,71.3523054633444,-0.419200451136018,0.676329002159009,0.178636254912945,0.105757757179204,19037.3359295811,1.68910782223048,0.0912151447709989,-1.128476493337,1.80541447956582,45.1296762759351,-0.625051203537698,0.535085310715273,0.944562435351632,1.72743437267206,47.5534846365937,0.54680076435584,0.58707247046445,-0.212903014300334,0.257641244992671,-0.826354547022896,0.408602999270593,0.119290754670884,0.257588098332957,0.463106624269142,0.64328794204675,-0.332193768971217,0.211133744083166,-1.573380751683,0.115630681242166,-2.07303892868863,2.4914489597463,-0.832061568260955,0.405374193188405,-0.18391405798537,2.5059497183321,-0.0733909609757771,0.94149501029559,-1.88912487070326,3.45486874534411,-0.54680076435584,0.584515617908434,
0,156323.567587518,0,0.0381646978267355,0.560510746652911,0.498461469272914,0.000225687222775258,0.00749599340473815,0.00963391101693493,-0.147959670316148,0.261520238276047,70.5207310440221,-0.565767572297674,0.573347653363997,0.219036572801498,0.105650134937032,19040.9301960398,2.07322567957008,0.0381646978267355,-1.02460020390107,1.74730595775443,45.5275241431598,-0.586388548241341,0.560510746652911,1.14093926287569,1.67266932958629,47.8297371983622,0.68210688310874,0.498461469272914,-0.296436887558611,0.261985585401923,-1.13150075453134,0.257844386028275,0.111343585973503,0.261925240258279,0.425096817182296,0.670766098040897,-0.407780473532114,0.210602487341994,-1.9362566828089,0.052836271268198,-2.16553946677675,2.41275121329129,-0.897539478934794,0.369431116997261,0.116339058974622,2.42496044814074,0.0479756521653049,0.961735647014463,-2.28187852575137,3.34533865917257,-0.68210688310874,0.495171368570275,
0,156276.587211565,0,0.00953388468251901,0.574989264565621,0.64850721748669,0.000352853078027558,0.00706776126789096,0.00446820358374822,-0.170669143601639,0.263419593150121,70.267688139421,-0.647898440509609,0.519162078620014,0.273572972521187,0.105522548160942,19041.8289280767,2.59255464627272,0.00953388468251901,-0.97040790067299,1.7179799731044,44.8239570976237,-0.564854023833267,0.574989264565621,0.749918791562251,1.63457246006191,46.896701851583,0.458785896548047,0.64850721748669,-0.372887453640298,0.26380615862,-1.4134903278639,0.157511603278882,0.154347664619473,0.263741299382732,0.585223721050563,0.558397296871404,-0.527235118259771,0.210138892509483,-2.50898399607763,0.0121078969889783,-1.72032669223524,2.36601895041392,-0.727097596548954,0.467166170984061,-0.220489109110739,2.37666130457066,-0.0927726254837855,0.926084198897069,-1.4998375831245,3.26914492012382,-0.458785896548047,0.646387923564015,
0,156285.704823215,0,0.00929003239940754,0.437057028890807,0.599121670110827,0.00035533795074154,0.0135149662733538,0.00599156547305712,-0.19010275911383,0.25948037714417,70.7216958289987,-0.732628652717762,0.466206235178107,0.274574413320125,0.105546367180799,19038.7138633606,2.6014577351562,0.00929003239940754,-1.35909032542204,1.73314903023327,44.8849100902705,-0.784173952564897,0.437057028890807,0.896710636224372,1.69416837680623,46.4773395641295,0.52929251218513,0.599121670110827,-0.385236948327848,0.259960543958285,-1.481905455582,0.138365453228794,0.140103633535942,0.259900953622802,0.539065484689513,0.589841670381741,-0.525340581863791,0.210527925476325,-2.49534868438566,0.0125833411098701,-2.25580096164641,2.41737088073548,-0.933162957998442,0.350735836888429,-0.462379689197671,2.42988520817543,-0.190288696619074,0.849082910619529,-1.79342127244874,3.38833675361246,-0.52929251218513,0.596602549103604,
0,156291.947872346,0,0.0127138629802462,0.341265317523568,0.49372594761548,0.000326086059045828,0.0196321662548226,0.0101412757983063,-0.193588791578874,0.262064186036788,70.1591159185624,-0.738707545302275,0.462548733279217,0.26303546028858,0.105555288282344,19036.8345743426,2.49192119664341,0.0127138629802462,-1.61279848322351,1.67722375286512,46.1741632808952,-0.961588148551104,0.341265317523568,1.24027896442621,1.79791772771208,46.4493614479462,0.68984189059892,0.49372594761548,-0.357147358685167,0.26259851835862,-1.36005092838119,0.173813808187415,0.135993356780915,0.262542733611337,0.517985605277642,0.604468312693645,-0.493140715466083,0.21115600766858,-2.3354330331917,0.0195208104504059,-2.85307744764972,2.4520030550492,-1.1635701031345,0.244598273117822,-0.372519518797295,2.46553368738333,-0.151090824961572,0.879904070032961,-2.48055792885243,3.59583545542416,-0.68984189059892,0.490293621973987,
0,156317.286132132,0,0.00327853911268281,0.248692678720284,0.595730487609412,0.000454004353845006,0.028595769411295,0.00599710046788599,-0.175738650272501,0.254170266959249,72.2338544676527,-0.691420961133418,0.491517321237172,0.310640283972884,0.105634417651539,19039.144505651,2.94071090539456,0.00327853911268281,-1.89465254586678,1.62183545475173,46.3600375662215,-1.16821502472137,0.248692678720284,0.979966222600243,1.83458035369485,47.2928039134581,0.534163696142601,0.595730487609412,-0.422044587885965,0.254699010765826,-1.65703269367622,0.0975128653903107,0.173217245857468,0.254639434029216,0.6802451730143,0.496349233773628,-0.595261833743432,0.211524096148004,-2.81415613910448,0.00489054678972803,-2.87461876846702,2.44224985076684,-1.17703713547753,0.239180684512047,-0.914686323266536,2.45509394918709,-0.372566729501085,0.709470938808926,-1.95993244520048,3.6691607073897,-0.534163696142601,0.593228283945141,Model failed to converge with 1 negative eigenvalue: -5.5e+01
0,156411.671926177,0,0.00248292660054942,0.297290362930556,0.705209044451487,0.000480765701520456,0.0237273363629367,0.00304016911993258,-0.240372114686913,0.243181600730114,75.3020550941991,-0.98844696294964,0.326099311177046,0.320416101637415,0.105894046165978,19034.5782159441,3.02581791175678,0.00248292660054942,-1.80086628874197,1.70813903252001,45.7339428904932,-1.05428554377401,0.297290362930556,0.74377752113696,1.95430781835153,47.4985197438397,0.380583608248745,0.705209044451487,-0.510934239166144,0.244002508961101,-2.0939712519415,0.0362625412326675,0.11015019201019,0.243955091846936,0.45151831501554,0.651616027911965,-0.621084431176333,0.212795085404909,-2.91869725277972,0.00351497413357421,-2.54464380987893,2.58736151745041,-0.983489857415223,0.325366404726429,-1.05708876760501,2.60378117064269,-0.40598218449521,0.684755690607395,-1.48755504227392,3.90861563670307,-0.380583608248745,0.703512246279121,
0,156564.588920483,0,0.0042366101365031,0.256812132605706,0.597643861358012,0.000429630227234035,0.027707304249905,0.00597231966666663,-0.245925846808519,0.242079022933838,75.769507385962,-1.01589077743317,0.31291441173004,0.304113086735588,0.106320984233833,19034.9082021141,2.86032986740181,0.0042366101365031,-1.95529899766578,1.7030089896664,46.2588917415463,-1.14814367365659,0.256812132605706,1.04796169820025,1.97207465772661,47.0001829657289,0.531400621215998,0.597643861358012,-0.506117318184265,0.242908919606984,-2.08356827325708,0.0371994554307333,0.074284797425661,0.242860623055181,0.30587419438837,0.759700434776277,-0.580402115609926,0.21371656460737,-2.7157563414713,0.00661245637950205,-3.00326069586603,2.59743348748433,-1.15624161709517,0.247582341414106,-0.90733729946553,2.61380477984857,-0.347132772294531,0.728491573794382,-2.0959233964005,3.94414931545323,-0.531400621215998,0.595141191125191,
0,156542.850043056,0,0.00218439373542794,0.245764142301405,0.384667033747376,0.000493053888804078,0.0290285146549091,0.0160877416371709,-0.158562693838693,0.248968826922855,73.6217893783784,-0.636877699905078,0.526179942333898,0.3256106487455,0.106257218421691,19035.8266639325,3.06436262478926,0.00218439373542794,-2.00804738804191,1.70806884898743,46.2294612635623,-1.17562438377839,0.245764142301405,1.67724574307406,1.91137947207134,47.0934871540385,0.877505365931576,0.384667033747376,-0.466213728576721,0.249699605885004,-1.86709837576368,0.0618878512106448,0.140475614470737,0.24964926341308,0.562691884407046,0.573644711464997,-0.606689343047458,0.213201074752457,-2.84562047237271,0.00443249891792708,-3.68529313111597,2.55550650468801,-1.44209890460282,0.149274474046445,-0.330801644967848,2.57121136096804,-0.12865595181693,0.897629891007826,-3.35449148614813,3.82275894414268,-0.877505365931576,0.380212205582988,
0,156667.484033304,0,0.00123733551991372,0.221336503822866,0.273546443803473,0.000547956952799827,0.0326214976194023,0.0254573732276827,-0.177105135650561,0.262551221048117,70.4908973879564,-0.674554606691789,0.502165160469467,0.344370489236411,0.106595921648666,19036.4602151615,3.23061599271533,0.00123733551991372,-2.09781442807019,1.69184928647733,45.5935415255135,-1.23995349044248,0.221336503822866,2.06472962407213,1.86365173244471,46.9876920104503,1.10789456427229,0.273546443803473,-0.526069676856276,0.263153680817943,-1.99909678337437,0.0455978831050149,0.107851400634779,0.263099964518765,0.409925561305376,0.681860553874207,-0.633921077491055,0.213534936311715,-2.96869958818199,0.00299062814015771,-4.16254405214231,2.50980359616316,-1.65851386080798,0.0972137921942501,-0.0330848039980594,2.52427999332136,-0.0131066300432574,0.989542721643604,-4.12945924814425,3.72730346488942,-1.10789456427229,0.267907353419931,
0,156756.329288684,0,0.00153925204929701,0.195417025477504,0.284652724269141,0.000526816562469911,0.036754496863066,0.0244163871796485,-0.231981188532213,0.27091654270236,69.1075705584403,-0.856282847175845,0.394800743771651,0.338418933533216,0.106836348780847,19036.3182431831,3.16763851811721,0.00153925204929701,-2.21424457652918,1.68492418286602,45.2602512325795,-1.31415086746681,0.195417025477504,2.01937789460173,1.86577764049598,46.8056758956482,1.08232505887728,0.284652724269141,-0.554117797376966,0.271488570142199,-2.04103545532961,0.0412473030652226,0.0691042863267496,0.271434920703719,0.254588783740834,0.799040723075779,-0.623222083703716,0.214001360916445,-2.91223420745931,0.00358853457395354,-4.23362247113091,2.50685066125455,-1.6888211717455,0.0912537052566942,-0.194866681927452,2.52108928317315,-0.0772946373728518,0.938389156902735,-4.03875578920345,3.73155528099196,-1.08232505887728,0.279108114967238,
0,156835.490049402,0,0.00348214764613767,0.342195400547255,0.220037223537404,0.000448259108260953,0.0193450384543887,0.0317259101037176,-0.209683550697394,0.274798201576771,68.7364761660994,-0.763045571238262,0.448047141618106,0.312825994248086,0.107059335149612,19038.5005154065,2.92198708137802,0.00348214764613767,-1.65300819741331,1.7225821316744,46.6806367267518,-0.95961067226823,0.342195400547255,2.22555843652793,1.79056630016978,47.1499691069207,1.24293550946251,0.220037223537404,-0.469082941637827,0.275308228764902,-1.70384642603036,0.0884097819805063,0.0974790373495092,0.275252468422732,0.354144098718131,0.72323089484315,-0.566561978987336,0.21396700693188,-2.64789411746883,0.00809948887395021,-3.87856663394124,2.47785399522024,-1.56529264493508,0.117514306932385,0.572550239114613,2.49139987350613,0.229810655930101,0.818238904086105,-4.45111687305585,3.58113260033957,-1.24293550946251,0.21389159915143,
0,156920.722795689,0,0.0137139069963216,0.457443642715659,0.222610301872544,0.000318985028413956,0.011753219357009,0.0318511705325036,-0.140932621455062,0.288907331094897,66.5423369045822,-0.487812548476904,0.627286078651776,0.264468258911907,0.107293704824142,19041.0008997368,2.46490005490423,0.0137139069963216,-1.27383464365233,1.70021832068944,47.1981846709451,-0.74921827870658,0.457443642715659,2.10537195438447,1.70314122051911,46.4486476365275,1.23616992473634,0.222610301872544,-0.344481149376838,0.28926566234422,-1.19088158126046,0.233700076201473,0.12855638742615,0.289203598067905,0.444518630767398,0.656667662037937,-0.473037536802988,0.213892514096876,-2.21156658427392,0.0269966264389468,-3.3792065980368,2.40110792646385,-1.40735306430536,0.159322721557296,0.831537310732141,2.41195883786418,0.344756012282729,0.730277804948204,-4.21074390876894,3.40628244103823,-1.23616992473634,0.216395407452508,
0,156709.086899224,0,0.0170871137107491,0.343907336355436,0.229872232589008,0.000298652939880701,0.0190972106725512,0.0318152968122518,-0.200517529489848,0.292563150246357,65.8131325626711,-0.685382042547051,0.495509980165846,0.254480311364759,0.10669867188584,19041.1787817741,2.385037291158,0.0170871137107491,-1.58195173636138,1.65454935731824,46.9551286676995,-0.956122420503354,0.343907336355436,2.05001739828697,1.68424775325851,45.0843048684456,1.21717092649867,0.229872232589008,-0.368529100819893,0.292864968895493,-1.25835842439523,0.208262160635596,0.0860022399955372,0.292800813270419,0.293722681419293,0.768969821149026,-0.45453134081543,0.212646229533946,-2.13750011844377,0.0325573360954109,-3.63196913464835,2.35617441777199,-1.5414687076022,0.123202753186201,0.468065661925587,2.36577476809477,0.197848784355128,0.843163376125735,-4.10003479657394,3.36849550651702,-1.21717092649867,0.223539189431187,
0,156612.825226149,0,0.014581839032852,0.27290552031327,0.366758462933458,0.000313383240849239,0.0262665565683842,0.0180303707755658,-0.298128050840294,0.286985703860877,66.2052141972048,-1.0388254426249,0.302665085915643,0.259975220972931,0.106424017065932,19035.8698649669,2.44282473205151,0.014581839032852,-1.90464583633094,1.71623957459181,45.6572324725544,-1.10977853239629,0.27290552031327,1.60933453102405,1.76520959422458,45.2682285264327,0.911696002723685,0.366758462933458,-0.455108726247479,0.287456717043007,-1.58322522753709,0.113370138410161,0.0221128476622476,0.287402693834322,0.0769402936598604,0.938671042829235,-0.477221573909727,0.212608550999985,-2.24460197703788,0.0247936957338373,-3.51398036735499,2.45536922667415,-1.43114132456354,0.152389715775094,-0.295311305306885,2.46861263437114,-0.119626425464728,0.904779085547287,-3.2186690620481,3.53041918844917,-0.911696002723685,0.361928768797523,
0,156827.550441793,0,0.0105298599235321,0.217656215298945,0.495446696350348,0.000343794895459412,0.033527455829671,0.0102333922551368,-0.298382586550192,0.28380066164834,66.7847688838523,-1.05138086999924,0.296873177555512,0.273751863995801,0.10701043412002,19028.8770537142,2.55817917427348,0.0105298599235321,-2.28306930448613,1.82606581930678,45.0603185302352,-1.25026671018509,0.217656215298945,1.31087390431191,1.9076250808775,45.6718879842609,0.687175859372173,0.495446696350348,-0.508913620126571,0.284553449287845,-1.78846407028358,0.0737011674330392,0.00378556164447865,0.284512995026823,0.0133054085776355,0.989384133149702,-0.51269918177105,0.214613682950249,-2.38893986032522,0.016897068051224,-3.59394320879803,2.63201736495685,-1.3654709336832,0.172105082616329,-0.972195400174222,2.64944979983249,-0.366942374313221,0.713662002657123,-2.62174780862381,3.815250161755,-0.687175859372173,0.491971914949373,
0,156966.288084024,0,0.0339372283058404,0.184655088096799,0.503900310473281,0.000236346354265171,0.0387829959110681,0.00982555475710253,-0.27967852061985,0.27762470349532,68.107304646099,-1.00739781834495,0.317309378289954,0.227802937033937,0.107405076428915,19029.0653513817,2.12096992626513,0.0339372283058404,-2.43887978048907,1.81029834478467,44.9842587153817,-1.34722532753527,0.184655088096799,1.31668702606258,1.95444698682046,45.7374508799311,0.673687766893386,0.503900310473281,-0.460348592097443,0.278422522770295,-1.6534172146599,0.0982459817283833,-0.0397016063756227,0.278381948837445,-0.142615591784672,0.886593782896601,-0.42064698572182,0.21565864244548,-1.95052227423792,0.0511139011745119,-3.75556680655166,2.6551756598293,-1.41443252262756,0.157234946620494,-1.12219275442649,2.67285024988185,-0.419848719349726,0.674595971556345,-2.63337405212517,3.90889397364092,-0.673687766893386,0.500509840837463,
0,156985.129233705,0,0.153343062527357,0.154992990815434,0.412639209754618,0.000107136124161567,0.044301360892924,0.0148122517726787,-0.275278568352892,0.277717891836379,67.8243843143323,-0.991216541839066,0.325102999771307,0.153432775993162,0.107455016743197,19028.3193191807,1.42787913159835,0.153343062527357,-2.613384198409,1.80689865685577,45.1276617635145,-1.4463368980287,0.154992990815434,1.64718807884116,1.99212119222392,45.4729141343639,0.826851340807388,0.412639209754618,-0.370438339262671,0.278558187995917,-1.32984186150759,0.183570380160488,-0.107306691380619,0.278519220136404,-0.385275713927627,0.700033152833862,-0.263131647882052,0.215998984053826,-1.218207803313,0.223145015057173,-4.26057227725016,2.68045949263627,-1.58949325253926,0.111949076204626,-0.966196119567834,2.69851739102156,-0.358047023444258,0.720308123457964,-3.29437615768233,3.98424238444785,-0.826851340807388,0.408321326094135,
0,157038.953291238,0,0.22003777792404,0.330327412656454,0.472868407581954,0.0000790524083900147,0.0212615538370098,0.0113706740719096,-0.246896727890622,0.273350270923474,68.6395598641409,-0.90322474185417,0.369565598131539,0.131976594856502,0.107607040727486,19026.6803711779,1.22646802629515,0.22003777792404,-1.86487606663406,1.89481338348132,44.5901272180415,-0.98420038769609,0.330327412656454,1.43398741131338,1.9810989867577,45.5539041411864,0.723834306563482,0.472868407581954,-0.33432040040478,0.274293527710283,-1.21884173934246,0.2229042659371,-0.108440499795005,0.274258593987173,-0.395395083955243,0.692551336554818,-0.225879900609775,0.216224406199455,-1.04465497017674,0.296182463676577,-3.29886347794743,2.73178068499741,-1.20758723277618,0.227206072542735,-0.43088865532068,2.75091188448116,-0.156634844522455,0.875532639532334,-2.86797482262675,3.9621979735154,-0.723834306563482,0.469167464837703,
0,157043.484146501,0,0.359324799014374,0.535988577059361,0.570493121504713,0.0000441613826979093,0.00876646025558936,0.00709778382606485,-0.166060602986734,0.272761360098952,69.2784791265198,-0.608812783916648,0.544639745196983,0.0986535072804484,0.10762107672442,19026.9226065437,0.916674598350892,0.359324799014374,-1.24948192339992,2.00305945308003,43.997094327694,-0.623786738570658,0.535988577059361,1.07896034796946,1.88809703399685,45.6821000934478,0.571453865210224,0.570493121504713,-0.270609263170285,0.273727319001121,-0.988608897927273,0.322854531070839,-0.101949340581791,0.273692770538029,-0.372495555441153,0.70952392055001,-0.168659922588494,0.215665169719655,-0.782045254723961,0.434187978250564,-2.32844227136938,2.74306380862511,-0.848847286763061,0.395966273887782,-0.170521575430455,2.76223027760775,-0.0617332945818466,0.95077522528286,-2.15792069593892,3.7761940679937,-0.571453865210224,0.567692024829831,
0,157107.326061566,0,0.234875232938815,0.528257429426959,0.502514494594759,0.0000741537942394037,0.00917217893405165,0.00984920559514857,-0.133516234542546,0.280396788042472,68.1695960832798,-0.476168915752067,0.635476652532026,0.12806043458513,0.107801196272363,19029.0540105177,1.18793147955039,0.234875232938815,-1.24893334586384,1.96450200605622,43.6615594346405,-0.635750608558095,0.528257429426959,1.2422250069179,1.83797154747006,45.9222442699573,0.675867375981856,0.502514494594759,-0.292751223996646,0.281222115178992,-1.04099645154264,0.297877195115611,-0.0696122286186588,0.281182698229103,-0.247569388362366,0.804467598043917,-0.223138995377987,0.21569047050734,-1.03453339803621,0.300886871762962,-2.49115835278174,2.68125254834807,-0.929102465307325,0.352835986973757,-0.00670833894594458,2.69920355923627,-0.00248530308986502,0.998017017077073,-2.4844500138358,3.67594309494011,-0.675867375981856,0.499124852529655,
0,157046.86914379,0,0.0728820255773255,0.497224548511965,0.502469972294414,0.000169015531077658,0.0104719658464485,0.00974901499134054,-0.224938522879737,0.282035723044223,67.7632364920395,-0.797553304424724,0.427915706315498,0.193067412438396,0.107638314003008,19031.9880296655,1.7936681211209,0.0728820255773255,-1.27881528081611,1.86823570896069,44.2743487912537,-0.684504248945932,0.497224548511965,1.21650500597472,1.7998757194124,46.4009966686527,0.675882780602138,0.502469972294414,-0.458685076296575,0.282697402295683,-1.62253021277083,0.104689869450526,-0.104849242626114,0.282650929989722,-0.370949575966109,0.710675088922285,-0.353835833670461,0.21513934788774,-1.64468209625277,0.100035386848576,-2.49532028679083,2.58614498628104,-0.964880275478746,0.334604781958079,-0.0623102748413846,2.60222378919756,-0.0239450100717891,0.980896471717223,-2.43301001194945,3.59975143882479,-0.675882780602138,0.499115071227994,
0,157097.57560679,0,0.0443428653563316,0.491173583822217,0.392868756101013,0.000212450118901394,0.0106390243054625,0.01570134872437,-0.294649931346688,0.281223469541965,67.885320190857,-1.04774303448639,0.298473107109329,0.216743602607561,0.107780707857389,19030.9846160193,2.0109684461745,0.0443428653563316,-1.31584853281628,1.89563448193915,44.8080017012774,-0.694146759490379,0.491173583822217,1.55465965410554,1.80266405927917,46.6263035534961,0.862423392812971,0.392868756101013,-0.53973181544366,0.281919618573351,-1.91448831470105,0.0555577908020804,-0.147521825077777,0.281874376871295,-0.523360181635581,0.600723628099684,-0.392209990365883,0.215429371091749,-1.82059664556531,0.0686681931189568,-2.87050818692182,2.60766997017854,-1.10079427985486,0.270986201876559,0.238811121289259,2.6241404166119,0.0910054659337149,0.927488247894654,-3.10931930821108,3.60532811855833,-0.862423392812971,0.388454572331494,
0,157119.158275631,0,0.0119004732250475,0.277723697410605,0.422220053877251,0.000332349702132449,0.0260790624912412,0.0139786975996531,-0.336802949763362,0.284055529269217,67.5681043819534,-1.18569404591365,0.239896203231178,0.271242728047918,0.107836100276733,19030.4125867849,2.51532397176684,0.0119004732250475,-2.11121000430549,1.92151866305791,45.0822293283773,-1.09871948937811,0.277723697410605,1.46937806480783,1.81456673910573,46.2530951873082,0.809767992072857,0.422220053877251,-0.572076762770392,0.284788767056978,-2.00877572764637,0.0445609234806151,-0.0686042404158181,0.284745885701979,-0.240931454537751,0.809608242904446,-0.503472522354574,0.215609083892813,-2.33511739516906,0.0195372888360616,-3.58058806911333,2.63437234256685,-1.35918070929355,0.174089332560033,-0.641831939497659,2.6513874117179,-0.242073993661228,0.808722829039956,-2.93875612961567,3.62913347821145,-0.809767992072857,0.41807353199643,
0,157125.412079952,0,0.0043004115063292,0.186158227799637,0.486968446290145,0.000428212730480376,0.0378853185571614,0.0105889770240413,-0.293633212010164,0.289586504681523,66.8402910849649,-1.01397408809879,0.31425159201922,0.308001084710407,0.107859199038957,19034.6337774327,2.85558475730161,0.0043004115063292,-2.47970178165037,1.84750699930937,45.7491070573507,-1.34218803099383,0.186158227799637,1.22374340353327,1.74621780457446,45.8887937810501,0.700796544581953,0.486968446290145,-0.549254288649462,0.290140992220515,-1.89305993767339,0.0583498990828168,0.0342567054490967,0.290089928371939,0.118089951076049,0.905996385618287,-0.583510994098558,0.215236555980589,-2.71102179385914,0.00670762173221105,-3.70344518518363,2.53487066034365,-1.46099966484347,0.144015533407213,-1.2559583781171,2.54942115044747,-0.492644527522123,0.622263779841442,-2.44748680706653,3.49243560914893,-0.700796544581952,0.48342999479925,
0,157220.678060995,0,0.00109505596843275,0.0690520478319848,0.583747808345331,0.000559847561695525,0.0701090068301247,0.00658916808259229,-0.317966787778857,0.288753775147822,66.859697337159,-1.10116928381656,0.274771567861845,0.353092155480519,0.108131608675105,19035.2161309496,3.26539260635092,0.00109505596843275,-3.36348463283053,1.80671481225176,45.9682437664006,-1.8616577503112,0.0690520478319848,0.975480806909257,1.76775076060261,45.908562811318,0.551820329341408,0.583747808345331,-0.605511094614007,0.289278996102435,-2.09317338200245,0.0363336799555664,0.0747735728194131,0.289226059968802,0.258529860094484,0.795998006970649,-0.68028466743342,0.215875322662483,-3.1512850058227,0.0016255378654428,-4.33896543973979,2.5205882535155,-1.72140984696258,0.0851764786772565,-2.38800382592127,2.53474992555118,-0.942106281116472,0.346138229026219,-1.95096161381851,3.53550152120522,-0.551820329341408,0.58107145754179,
0,157294.905570891,0,0.000340444048412038,0.0643511636209219,0.579026858636437,0.000673946575212641,0.0742896074302824,0.00696938468913976,-0.319929083371486,0.30030272879722,65.2146402872348,-1.06535523221142,0.290643730763894,0.388183148868799,0.108338535880586,19036.5907005953,3.58305699549666,0.000340444048412038,-3.31981241139916,1.7504968963384,44.8178970133336,-1.89649717079955,0.0643511636209219,0.963886688069533,1.72459350472134,44.5088807915329,0.558906597659534,0.579026858636437,-0.623342472357017,0.300695615576962,-2.07300153399634,0.0381721368043146,0.127432013173518,0.300637092586546,0.423873222286546,0.671658273905693,-0.750774485530535,0.216007897085334,-3.47568073047784,0.000509558520312012,-4.28369909946869,2.45138468325057,-1.74746098755437,0.0805574064105953,-2.35592572332963,2.46325748064616,-0.956426902928404,0.338856598182428,-1.92777337613907,3.44918700944267,-0.558906597659533,0.576225466451792,
0,157249.891630898,0,0.000668961094743472,0.0745681357749872,0.710211251037796,0.000607840667963639,0.0694696720467944,0.00312458213639413,-0.273064786545386,0.30518071596894,64.4838774514777,-0.894764224136553,0.374240859402134,0.36816456404037,0.108202356946079,19035.1679409096,3.40255586321321,0.000668961094743472,-3.17456312171948,1.73869994431586,44.6533387522027,-1.82582574532065,0.0745681357749872,0.662271763877959,1.77100675435117,44.6150089642296,0.373952138946296,0.710211251037796,-0.534767375046918,0.305607344182108,-1.74985119051411,0.0801439948382049,0.183978011271448,0.305552438005013,0.602115998395108,0.547096925920653,-0.718745386318366,0.216018680610804,-3.32723718284954,0.000877116831173043,-3.83683488559743,2.47542889281405,-1.54996772346619,0.121149263147041,-2.51229135784152,2.4882396663634,-1.00966614743879,0.312655266504375,-1.32454352775592,3.54201350870235,-0.373952138946296,0.708439924586046,
0,157217.356407077,0,0.0058571970669429,0.0435155619788626,0.753586708567311,0.000398901300779334,0.0890216777097074,0.0021980080342852,-0.259913972739949,0.292194715834416,66.4950625774445,-0.889523179766328,0.376928837916339,0.297960992951595,0.108114290651776,19033.29117806,2.75598157427026,0.0058571970669429,-3.57841121008124,1.72176607271221,44.2022592617641,-2.07833762483445,0.0435155619788626,0.593000444030242,1.87762491529319,45.2801074858245,0.315824763082484,0.753586708567311,-0.480502230368229,0.292744705279883,-1.64136949943753,0.100720737245157,0.0996752119177834,0.292693627397453,0.340544523651117,0.733446499125058,-0.580177442286012,0.216497248982656,-2.67983748067159,0.00736579122638293,-4.17141165411148,2.54022824610781,-1.64214048895134,0.100560892383283,-2.98541076605099,2.55482835451253,-1.16853672802634,0.242590333267723,-1.18600088806048,3.75524983058638,-0.315824763082484,0.752135521177934,
0,157270.448722296,0,0.0141127098590097,0.0590555765789331,0.713947777573787,0.000316467622337677,0.0785985303070963,0.00295427024200105,-0.27943644217714,0.294356789950975,66.3679753323053,-0.949312031238282,0.345906073070039,0.265736780018252,0.108260367379284,19032.5770857904,2.45460814932633,0.0141127098590097,-3.34210759773211,1.72453499551809,44.0282381658591,-1.93797609582754,0.0590555765789331,0.703490684634853,1.9073427908427,45.911772060773,0.368832853754641,0.713947777573787,-0.512112765334204,0.294936440956806,-1.73634957983779,0.0825020416192351,0.000682664053300747,0.294887097650263,0.00231500143187136,0.998152897749115,-0.512795429387505,0.216960093692655,-2.36354723423898,0.0181009190645453,-4.04559828236696,2.56382496847688,-1.57795416306066,0.114576140485924,-2.63861691309726,2.57890606190045,-1.023153558045,0.306235247316859,-1.4069813692697,3.81468558168539,-0.368832853754641,0.712252314746471,
0,157332.680087536,0,0.0252970440718275,0.148443770768412,0.58884781640246,0.000262839270484249,0.0465814929270959,0.0063087177250476,-0.289336481587349,0.291008488026972,66.7036076067969,-0.994254440992565,0.323692159205483,0.242590579256045,0.108443991061037,19034.1049751657,2.23701264479933,0.0252970440718275,-2.53061441971232,1.7206832383652,44.2710961127382,-1.47070324350728,0.148443770768412,1.02233093677527,1.87835469921064,46.6592956738093,0.5442693742587,0.58884781640246,-0.48036185224018,0.291551201712085,-1.64760717643877,0.099433306835642,-0.0223242383700682,0.291498932064447,-0.0765842887037837,0.938954258039729,-0.458037613870112,0.21712555002096,-2.10955188749503,0.0348969722243861,-3.55294535648758,2.54012507210257,-1.398728509674,0.161894411501732,-1.50828348293705,2.55454477035562,-0.590431414802365,0.554901454450143,-2.04466187355053,3.75670939842129,-0.5442693742587,0.586256118557618,
0,157314.112662205,0,0.0665055429129527,0.22761590133996,0.658524952164707,0.000176896099488264,0.03189506277441,0.0041063933275868,-0.313836836096134,0.291439167362552,66.4234916910082,-1.07685195142532,0.285441973073527,0.19890619983422,0.108389473095503,19033.8806310441,1.83510625297498,0.0665055429129527,-2.17854780078276,1.78122201740453,45.4043069733062,-1.22306359313769,0.22761590133996,0.822558319717977,1.84962365639525,47.9644042750008,0.444716587006174,0.658524952164707,-0.423833622740717,0.292016317849571,-1.45140390051439,0.146667424262326,-0.0478606760994168,0.291966717611268,-0.163925109310369,0.869790100103611,-0.3759729466413,0.216853672728368,-1.7337633340997,0.0829600838259936,-3.00110612050073,2.56025175799745,-1.17219180150006,0.241120059246653,-1.35598948106478,2.57542812496062,-0.526510318002182,0.598533684954362,-1.64511663943595,3.6992473127905,-0.444716587006174,0.656524580848569,
0,157331.960683273,0,0.0422569911577935,0.133536607881537,0.642693595232719,0.000216711612151351,0.048340583152064,0.004465120517077,-0.312675953653786,0.297869494296832,65.3748657772793,-1.04970787422158,0.297717510976671,0.220234452743034,0.10843021226881,19032.4016094489,2.03111704878941,0.0422569911577935,-2.75080612975752,1.80105003104241,45.9238274739004,-1.52733465608693,0.133536607881537,0.876198532780088,1.87683051911668,48.5935049143256,0.466850109189649,0.642693595232719,-0.44894022860347,0.298486177380161,-1.50405701377483,0.132566687256687,-0.0317349583398383,0.298440153205907,-0.106336087818394,0.915315699955603,-0.417205270263632,0.217101092928642,-1.9217096728332,0.0546422994529094,-3.62700466253761,2.59319592613846,-1.39866202394456,0.161914357364713,-1.87460759697743,2.60919200371882,-0.718462878280172,0.472471928805546,-1.75239706556018,3.75366103823336,-0.466850109189649,0.640607122031847,
0,157448.96002123,0,0.0126345702051051,0.13660989348699,0.59587576218255,0.000326729453607603,0.0485750168079322,0.00598287180961809,-0.364223860623307,0.300511032142192,65.2869114425191,-1.21201494010699,0.22987482201504,0.271282262118535,0.108767710660269,19033.2352152965,2.49414334890133,0.0126345702051051,-2.67258421729058,1.76335915722869,44.9927807740922,-1.51562102725053,0.13660989348699,0.981211465314435,1.83765931797605,47.3673836084466,0.533946339082653,0.59587576218255,-0.552972626009589,0.301028299204072,-1.83694565418489,0.0662179186218051,-0.0364598979707184,0.30097689399491,-0.121138528233117,0.903581312753554,-0.51651272803887,0.217494138440736,-2.37483516448703,0.0175567886325897,-3.65379568260502,2.53963166780954,-1.43871086855538,0.15023245868048,-1.69137275197615,2.55404102639559,-0.662233979210236,0.507821280753954,-1.96242293062887,3.67531863595209,-0.533946339082653,0.593378660528534,
0,157492.877147552,0,0.00537375307375992,0.211239757855752,0.714319933048464,0.000407219218590156,0.0342322041589525,0.0028561090054099,-0.385924207831719,0.302623615844627,65.0876293338412,-1.27526137295862,0.206749887448992,0.30310774294294,0.108872898922612,19026.0806000994,2.78405136578932,0.00537375307375992,-2.37303659752133,1.87136578713831,45.3658818492507,-1.26807736564971,0.211239757855752,0.723877603009395,1.96566383043716,47.3472588473792,0.368261139977535,0.714319933048464,-0.62655347779822,0.303399241428458,-2.06511220940532,0.0389123844555698,-0.0395574083711538,0.303361515244647,-0.130396923747076,0.896252400306032,-0.586996069427066,0.21850911834489,-2.6863687605959,0.00722333187616865,-3.09691420053073,2.70485858175697,-1.14494495993912,0.252231958023781,-1.64915899451194,2.72312843248661,-0.605611903881455,0.544772495774175,-1.44775520601879,3.93132766087431,-0.368261139977535,0.712678525379416,
0,157491.724297381,0,0.0183203186061208,0.191537246774329,0.66761821443928,0.000292502311397776,0.0369891307951633,0.00385664545512164,-0.354385584029175,0.298486127962549,65.7144283870066,-1.18727656272736,0.239392610664282,0.256831437846746,0.108859940242908,19024.087294251,2.35928328890919,0.0183203186061208,-2.48472827538814,1.87434853768465,45.7524298457973,-1.32564900573801,0.191537246774329,0.913170703486034,2.1134894502819,48.2187444319649,0.432067784092433,0.66761821443928,-0.545985754021489,0.299457740102009,-1.82324809449073,0.0682658238286945,-0.0565681484887577,0.299426679505206,-0.188921536925951,0.850154313500217,-0.489417605532731,0.219469887297762,-2.22999889214287,0.0257475164255381,-3.39789897887417,2.81493691862151,-1.20709595884591,0.227395191016214,-1.57155757190211,2.83481398658335,-0.554377669695437,0.579320405102916,-1.82634140697207,4.2269789005638,-0.432067784092433,0.665692148380701,
0,157573.520081416,0,0.0524749328132817,0.0665194126751213,0.58323593607852,0.000197632637562817,0.0710174887376816,0.00630023655844755,-0.310013286384945,0.297310893673453,65.9895432556506,-1.04272427610891,0.30088105479223,0.211579308568089,0.109098716201139,19026.661898058,1.93933820612528,0.0524749328132817,-3.4050780611004,1.8118838756726,46.1993272964139,-1.87930259042478,0.0665194126751213,1.17395148611442,2.12521263294155,48.127560895436,0.552392484364978,0.58323593607852,-0.472634836039598,0.298223946177732,-1.58483194289812,0.113004522719617,-0.0806453867575951,0.298188944371494,-0.27045062628856,0.786813596489993,-0.391989449282003,0.219991421352796,-1.78183970480093,0.0747753753901812,-4.57902954721482,2.78323150874334,-1.64522050459335,0.0999243465098531,-2.23112657498599,2.80223592814947,-0.796195121393426,0.425918632740726,-2.34790297222883,4.2504252658831,-0.552392484364978,0.580679478697174,
0,157573.946562453,0,0.0421902589575371,0.0332491498075223,0.510526935806634,0.000216876959745295,0.0925243217356732,0.00896394703510052,-0.343807307756885,0.301434117082159,65.6711472920209,-1.14057197998983,0.258190623637975,0.221678609409729,0.109105861746888,19030.2193447079,2.03177543223108,0.0421902589575371,-3.95995843444608,1.80548394422809,47.1816448687686,-2.19329473801503,0.0332491498075223,1.33948566861331,2.02064197282866,48.5833631375433,0.662901041661621,0.510526935806634,-0.531632289918061,0.302198484125665,-1.7592156077692,0.0785408942442987,-0.123839278084241,0.302158824610544,-0.409848291685205,0.681917238661171,-0.40779301183382,0.219298644620414,-1.85953275059986,0.0629516615064215,-5.2994441030594,2.70082077395268,-1.96216059731487,0.0497437897567573,-2.62047276583277,2.71865769405239,-0.963884777243409,0.335103696671798,-2.67897133722663,4.04128394565733,-0.662901041661621,0.507393934554704,
0,157555.202239065,0,0.0258265135102352,0.0500258937413517,0.381881567930314,0.000261038345997766,0.0790892170805027,0.0159900538120374,-0.381718881761161,0.302316889048306,65.4779135181296,-1.26264491197568,0.211195128676486,0.243066060406232,0.10904785256259,19028.1566260451,2.22898530043698,0.0258265135102352,-3.73874964526065,1.85879586031276,47.1074567659919,-2.01138259724313,0.0500258937413517,1.78210153741234,2.0192528348712,47.9328277047097,0.882554926573131,0.381881567930314,-0.571187282526133,0.303138152798164,-1.88424742070142,0.0595315159037469,-0.132371105012686,0.30310187506891,-0.436721498283677,0.662313336224396,-0.438816177513447,0.219187108803668,-2.00201635903007,0.0452829721307001,-5.52085118267299,2.73518353790023,-2.01845730137411,0.0435436567986826,-1.95664810784831,2.75386621623165,-0.710509499813596,0.47738824201898,-3.56420307482468,4.0385056697424,-0.882554926573132,0.377476790705277,
0,157567.023278738,0,0.0128834180847441,0.0439696324639895,0.224807467594362,0.000325027798246429,0.0845193396534053,0.0314225942359772,-0.398445710989147,0.30868024962424,64.6029822527545,-1.29080403256826,0.20137197076277,0.27129350266845,0.109075406441621,19026.6977399721,2.48721055936335,0.0128834180847441,-3.92998614569786,1.89789057206025,46.4443384139882,-2.07071271840066,0.0439696324639895,2.45063047868717,1.99213278770483,46.6456759511946,1.230154181394,0.224807467594362,-0.574001982776921,0.309495848535016,-1.85463548378413,0.0636482974261826,-0.0964807945902467,0.309460916590047,-0.311770531973374,0.755214920652575,-0.477521188186674,0.219065931986086,-2.17980579571361,0.0292718601516792,-6.38061662438503,2.74199790938347,-2.32699543735965,0.0199655080899166,-1.47935566701069,2.76090760433308,-0.535822229142664,0.592081417598292,-4.90126095737435,3.98426557540966,-1.230154181394,0.218639373890367,
0,157529.875939747,0,0.00775598664557408,0.0795350183570928,0.26017270637404,0.0003724923385317,0.0655172857800813,0.027549224491693,-0.41146505955428,0.306089058925083,64.9316655613488,-1.34426581923331,0.183540298326132,0.290180585267852,0.108975950388549,19028.1351806247,2.66279471969023,0.00775598664557408,-3.34361723264284,1.86459981369615,45.8645579144631,-1.7932090350341,0.0795350183570928,2.24173551594498,1.96630853260327,45.8800271516832,1.14007312625403,0.26017270637404,-0.607183643137515,0.306846566701982,-1.97878584617578,0.0478401227246061,-0.0863419939854595,0.306808554214842,-0.281419773990391,0.778388453265365,-0.520841649152055,0.218706894109165,-2.38145967585312,0.0172441786110542,-5.58535274858781,2.70072743152042,-2.06809198270092,0.0386313744580578,-1.10188171669786,2.71887380396395,-0.405271371952381,0.685278047381835,-4.48347103188995,3.93261706520654,-1.14007312625403,0.25425583685871,
0,157529.087940476,0,0.0133888375781977,0.212357137760624,0.498572057459684,0.000321412257863774,0.0338552892535168,0.00995489233562877,-0.340629732813392,0.301011637748281,65.3945333645813,-1.13161648952005,0.261928404152599,0.269562495397,0.108980769928869,19029.0517375358,2.47348679563323,0.0133888375781977,-2.36094155819545,1.8666337133524,45.6528521252938,-1.26481244890584,0.212357137760624,1.32443744251982,1.94168753177632,46.2724644939367,0.682106374401131,0.498572057459684,-0.573208416185454,0.301754987345641,-1.89958224461384,0.0574879641136066,-0.0692480922848781,0.301715327137001,-0.229514665171234,0.818468923659924,-0.503960323900575,0.218558738131503,-2.30583470699466,0.0211198701093901,-3.68537900071527,2.68447612811868,-1.37284849066549,0.16979945246484,-1.03650411567562,2.70231968858603,-0.383560879215578,0.701303940004325,-2.64887488503965,3.88337506355263,-0.682106374401131,0.495171690214913,
0,157620.813824969,0,0.0191894433433856,0.178187654176361,0.651928340914901,0.000288182472558215,0.0393852175914804,0.0043060042549356,-0.397326002389584,0.300541510641883,65.4964328291377,-1.32203369025794,0.190755613611432,0.255836254681157,0.109236980582447,19027.9527911299,2.34202971664951,0.0191894433433856,-2.58587727289294,1.8910293134968,45.6073997956692,-1.36744430899977,0.178187654176361,0.911198098336244,2.0072811726644,47.6497493775281,0.453946418043044,0.651928340914901,-0.622638489751758,0.301384778407745,-2.06592546923318,0.0388355175559684,-0.135158876613333,0.301349149359818,-0.448512553960955,0.653783328013776,-0.487479613138425,0.219469324472543,-2.22117425435194,0.026339161260849,-3.49707537122919,2.74825593300764,-1.27247078018751,0.20320589957195,-1.6746791745567,2.76720589547698,-0.605187773448292,0.545054238741971,-1.82239619667249,4.01456234532879,-0.453946418043044,0.649867392953941,
0,157733.773684101,0,0.00948153263251695,0.164038950000303,0.392539144254753,0.00035362201672616,0.0432393839311166,0.0153551467235457,-0.436231909755565,0.296298984121932,66.0600080836501,-1.47226933986398,0.145696664012148,0.2842566081161,0.109563384908986,19028.1846401643,2.59444894252062,0.00948153263251695,-2.6504724088386,1.87303609464101,44.3075844872807,-1.4150674492723,0.164038950000303,1.77226890627647,2.05399370895484,47.7404669409427,0.862840474413272,0.392539144254753,-0.654555112709861,0.297182009410266,-2.20253949426069,0.0276272225428334,-0.13309677708887,0.297146434525948,-0.447916453385032,0.654213493471142,-0.521458335620991,0.220391398910025,-2.36605574536907,0.0179787370947469,-4.42274131511506,2.77019687353534,-1.59654404254335,0.110367380828366,-0.878203502562129,2.78932214316725,-0.314844774997891,0.752879513723996,-3.54453781255293,4.10798741790967,-0.862840474413272,0.388225182332842,
0,157803.903714119,0,0.00927124989824964,0.267672935366424,0.349722747345017,0.000355716175501802,0.0276921077324268,0.0183830400400009,-0.380560137323763,0.304438412400269,64.9902086740251,-1.25003981699724,0.215767574665937,0.285619397265068,0.109762754287684,19028.6192693757,2.60215224297736,0.00927124989824964,-2.13695346909185,1.90361827320618,44.246426361983,-1.12257457241817,0.267672935366424,1.86555516578077,1.97534912907821,47.6269950922414,0.944417945323579,0.349722747345017,-0.589968747435841,0.30523381703368,-1.93284201983014,0.053255662185583,-0.0682616437730179,0.305196338397003,-0.223664687890922,0.823018224826551,-0.521707103662823,0.220256096225808,-2.36863865564912,0.0178536868516799,-4.00250863487261,2.73400884123335,-1.46397062603024,0.143201974385177,-0.271398303311082,2.7525858896185,-0.0985975784932535,0.921457792736141,-3.73111033156153,3.95069825815642,-0.944417945323579,0.344956114723863,
0,157879.721811515,0,0.00514261332534995,0.251258261764265,0.522824337844249,0.000411307141701093,0.0286024252780731,0.00858894725385256,-0.39095801968715,0.299426143630124,65.9824586876784,-1.30569099594087,0.196191863132816,0.307775373972115,0.109987075434204,19030.0316786547,2.79828673284645,0.00514261332534995,-2.23957015189235,1.92738327817288,45.8550660267408,-1.16197446416336,0.251258261764265,1.2590815873358,1.9559114648855,47.8325111810841,0.643731380453621,0.522824337844249,-0.615514030149697,0.300233210321415,-2.05011973688973,0.0403527478362543,-0.0333927090616505,0.300194992101551,-0.111236729260141,0.911428626613689,-0.582121321088046,0.220558749473313,-2.6393027820394,0.00830767450722182,-3.49865173922815,2.73667632971345,-1.27843095701218,0.201097514543272,-0.980488564556544,2.75524855236112,-0.355862110413346,0.72194383224178,-2.51816317467161,3.91182292977099,-0.643731380453621,0.519749637324168,
0,157912.830723689,0,0.00674979090791183,0.197721079814583,0.504358138103084,0.000385537381856108,0.0366356794247278,0.00947750677225378,-0.401578798240015,0.296555342281346,66.2977471316493,-1.3541445422994,0.180288064995582,0.298257265251715,0.110088909723874,19030.9714940342,2.70923988619569,0.00674979090791183,-2.42678757028686,1.85617574523641,44.9481316697395,-1.30741260708467,0.197721079814583,1.32899764093107,1.9753708979601,47.3065586649522,0.672783851530604,0.504358138103084,-0.602343272885415,0.297307650983048,-2.02599317876202,0.0427654836600191,-0.0411144854795033,0.297265839094914,-0.138308813433406,0.889996360342936,-0.561228787405912,0.220866825922548,-2.54102799305279,0.0110527069906035,-3.75578521121793,2.70172821756711,-1.39014175696769,0.164485835448414,-1.0977899293558,2.71948925385354,-0.403675038539026,0.686451697503419,-2.65799528186213,3.9507417959202,-0.672783851530604,0.501084812715653,
0,157947.349658726,0,0.00177115139415867,0.148818965245506,0.585395081583548,0.000513445993414872,0.0473432450713675,0.00637934324634644,-0.405679963606168,0.299394046753504,66.0062412254769,-1.35500344113446,0.180035843715897,0.344504111529199,0.110185396653818,19029.3049878389,3.12658593598903,0.00177115139415867,-2.70836280075091,1.8426835498667,43.4700951954806,-1.46979268412465,0.148818965245506,1.09451937378999,1.99254345957875,46.9976283516934,0.549307654258837,0.585395081583548,-0.659301023328684,0.300142020685823,-2.19663018800961,0.0280468684229671,0.000647005603445492,0.300100311777558,0.00215596444939741,0.998279790584827,-0.659948028932129,0.22115761203681,-2.98406201285211,0.00284449115436414,-3.8028821745409,2.70510115911459,-1.40581884035184,0.159777926020238,-1.61384342696091,2.72283894593046,-0.592706164047254,0.553377815507082,-2.18903874757998,3.98508691915751,-0.549307654258837,0.582794335398368,
0,157991.298349918,0,0.000285355299058737,0.0974051815579088,0.702456075723231,0.000691468758381314,0.061615992949891,0.00314551760395238,-0.387908546746582,0.293142961446085,66.9689272869456,-1.32327429876882,0.190244359100318,0.400368531222176,0.110327205018732,19031.8790786615,3.62891936901874,0.000285355299058737,-3.0637650478026,1.80872334859044,43.6972162322126,-1.69388262178969,0.0974051815579088,0.741343691320992,1.92880206753565,46.8169926159314,0.384354467365423,0.702456075723231,-0.694799520332806,0.293786707516009,-2.36497943085102,0.0180310723447558,0.0862543897617867,0.293738232038485,0.293643728850679,0.76903015727386,-0.781053910094592,0.221015941491354,-3.53392567442991,0.000409436198251947,-3.80510873912359,2.63610483483411,-1.44345880666125,0.148891268592801,-2.32242135648161,2.65225685684781,-0.875639684175155,0.381225944564411,-1.48268738264198,3.85760413507131,-0.384354467365423,0.700715743254044,
0,157970.495404543,0,0.000134142875704205,0.0763832735892283,0.63410424650349,0.000765944116990203,0.0674376681518037,0.00495093852098232,-0.439714165222551,0.28956549975151,67.6209826360883,-1.51853092167365,0.133542446532735,0.421180687387562,0.110270944332501,19032.0185774495,3.8195073955073,0.000134142875704205,-3.3812302296591,1.86464514705605,45.4707816926419,-1.81333710330755,0.0763832735892283,0.90259662492964,1.88379627546359,46.1398845641406,0.479137068421859,0.63410424650349,-0.744743301537661,0.290229915779451,-2.56604595545416,0.0102865198783513,0.0736535516709385,0.290182041952334,0.253818434715671,0.799635830883354,-0.818396853208599,0.220637934998489,-3.70923002526381,0.000207890496208135,-4.28382685458873,2.64236358469189,-1.62121022232005,0.104972561190447,-2.47863360472945,2.65877688986393,-0.932245806024101,0.351209507941129,-1.80519324985928,3.76759255092717,-0.479137068421859,0.631841120544482,
0,157971.38245624,0,0.0000362104690282799,0.0774723572531118,0.507413191677916,0.000896095736991059,0.0662785937807665,0.00959073013188056,-0.41604309482768,0.277219843989594,69.7805095207967,-1.50076952948324,0.137926630647669,0.455611360183885,0.110280194057119,19030.5039894303,4.13139788226979,0.0000362104690282799,-3.46894055543147,1.92079480090324,45.9489722982523,-1.80599226622242,0.0774723572531118,1.27857446342911,1.91379912073273,46.0916628665157,0.668081853303177,0.507413191677916,-0.742686828034129,0.278020048168376,-2.67134270685522,0.0075548470620524,0.134588917065876,0.277976023601499,0.484174553337808,0.628261994646068,-0.877275745100005,0.22084865783264,-3.97229375858289,0.0000711838597040665,-4.74751501886058,2.70257284990003,-1.75666495688958,0.0789749339633104,-2.19036609200236,2.72034179366706,-0.80518047294701,0.420715543094229,-2.55714892685822,3.82759824146545,-0.668081853303177,0.504081344681394,
0,158070.058211789,0,0.0000336214544532388,0.102370333824579,0.460617358428716,0.000903582987594782,0.0578975634028068,0.011931513309211,-0.412559359062111,0.277198100772986,70.0989233772983,-1.48831957330032,0.141151720823426,0.458664798864374,0.110563431171252,19028.6142151181,4.14843130323938,0.0000336214544532388,-3.26157953431835,1.95623605769057,45.2325703653445,-1.66727298655808,0.102370333824579,1.43253555405058,1.92521289794654,45.8505777080035,0.744092019941558,0.460617358428716,-0.756033297515493,0.278049467930545,-2.71906040008803,0.00654676522378863,0.123261558855193,0.278007443033286,0.443375031654942,0.657494492684405,-0.879294856370686,0.221459980231313,-3.97044583609314,0.0000717382640590019,-4.69411508836893,2.73550679099715,-1.71599467558179,0.0861630169404183,-1.82904398026777,2.75383569373072,-0.664180504462086,0.506574789637647,-2.86507110810116,3.85042579589308,-0.744092019941558,0.456820806757117,
0,158178.963181642,0,0.000198234579097557,0.126471268642121,0.236542016366865,0.000727386633154166,0.0504947390847811,0.0309191681797895,-0.404908572169809,0.278076355057437,70.0487135607128,-1.45610572350236,0.149831037756469,0.412718020197319,0.11088663502176,19031.2416238531,3.72198164473408,0.000198234579097557,-3.01694729005043,1.93809457205918,45.5655647653387,-1.55665638485587,0.126471268642121,2.23369623257246,1.86196907909735,45.1061226159995,1.19964195842356,0.236542016366865,-0.725145887605038,0.278814276952262,-2.60082050148815,0.00930011011544145,0.0409840795559217,0.278766206481589,0.14701954039981,0.883116596905299,-0.766129967160959,0.221681190960457,-3.45599896789449,0.00054825742031428,-5.25064352262288,2.67912216401488,-1.95983729041843,0.0500148111323691,-0.783251057477972,2.69603102241127,-0.29052004630772,0.771418417039029,-4.46739246514491,3.72393815819469,-1.19964195842356,0.230278423679352,
0,158228.607793136,0,0.000632690878823841,0.171919774104818,0.113625458348399,0.000613500569335327,0.0402166873094263,0.0537820539760008,-0.337579558037719,0.281287567696847,69.4498082842095,-1.20012256781124,0.234169604832655,0.379440791140096,0.111020057409313,19028.4602519233,3.41776792405322,0.000632690878823841,-2.67973001933263,1.93105591244916,45.9578058181335,-1.38770193139252,0.171919774104818,3.15821114533251,1.95801061928942,45.7726476568014,1.61296936503779,0.113625458348399,-0.623614526350799,0.282122911869534,-2.21043559425328,0.0270749457811094,0.0514145164742844,0.282080588738975,0.182268892390398,0.855371710012761,-0.675029042825083,0.222526596238944,-3.03347579226104,0.00241754106485593,-5.83794116466514,2.74087536240257,-2.12995499348346,0.0331753292410529,0.478481125999882,2.75919685638494,0.173413189020076,0.862326658823332,-6.31642229066502,3.91602123857884,-1.61296936503779,0.106751163602925,
0,158289.745343862,0,0.000618332168392264,0.113304419728262,0.101203727218651,0.000615751560871668,0.0536165921324466,0.0571639443765871,-0.335185629505639,0.282320912153589,69.1619080313883,-1.18725044825334,0.239190627512445,0.380735217977337,0.111195539131234,19028.2281831069,3.42401521636574,0.000618332168392264,-3.07801010834588,1.90672566989999,45.9972181997767,-1.61429101046682,0.113304419728262,3.34539874560224,2.00028984349336,46.1342977437176,1.6724569974118,0.101203727218651,-0.599255206179394,0.283171574759495,-2.11622655518428,0.0343255437364516,0.0733927390044318,0.283129848449655,0.259219363151964,0.79546599194738,-0.672647945183826,0.223124589961723,-3.01467420197486,0.00257255430793503,-6.42340885394812,2.75420530156843,-2.33221860777415,0.0196891937596307,0.267388637256353,2.77270222585998,0.0964361173596345,0.923174208280529,-6.69079749120447,4.00057968698672,-1.6724569974118,0.0944342407984849,
0,158187.676071876,0,0.000679248852379096,0.0590945751666411,0.119459807679408,0.000606578767667974,0.0752875774500279,0.0524575455245957,-0.372029933259738,0.284422692650362,68.8762544735887,-1.30801775973998,0.195216021299793,0.376866810717468,0.110895986334768,19028.0117377449,3.39838097999147,0.000679248852379096,-3.65968866658219,1.89087087696645,46.0095414941022,-1.93545138970751,0.0590945751666411,3.17614794749355,2.00146101163963,45.4881097736667,1.58691472330585,0.119459807679408,-0.620974419442589,0.28525798089919,-2.17688710228248,0.0294889919838955,0.0484304288905015,0.285216347127716,0.169802430254164,0.8651655156198,-0.66940484833309,0.222564191465087,-3.00769339365222,0.00263238573685633,-6.83583661407574,2.7442030064066,-2.4910098116345,0.0127380602100712,-0.483540719088633,2.76257625570333,-0.175032532799906,0.861054070683957,-6.3522958949871,4.00292202327926,-1.58691472330585,0.11253195983774,
0,158105.626107595,0,0.00166981919542051,0.0908272624134137,0.119588015577206,0.000519266308877262,0.0608896420820867,0.0514169987981194,-0.326434616091038,0.281276835666356,69.3672134199216,-1.16054567848683,0.249805248045089,0.347867208728356,0.110649123202053,19024.5902848641,3.14387677607826,0.00166981919542051,-3.39565211345978,1.96590854729226,46.0143157075377,-1.72726860470533,0.0908272624134137,3.27579702122018,2.06576192533893,46.3918877158294,1.58575728453448,0.119588015577206,-0.545992364688173,0.282305870018933,-1.93404538365269,0.0531075481277033,0.0627675325960218,0.282272442639343,0.222365074001288,0.824029698119937,-0.608759897284195,0.222528277982094,-2.7356518587412,0.00622568530249653,-6.67144913467996,2.84157967739379,-2.34779590653562,0.0188848660048543,-0.119855092239602,2.8617760978134,-0.0418813660269157,0.966593271119395,-6.55159404244036,4.13152385067786,-1.58575728453448,0.112794378889596,
0,157935.918650408,0,0.00283593967882116,0.133764972030311,0.124393726347458,0.000468284132879777,0.0481927553219411,0.0496696271878785,-0.291508315339412,0.284401204994842,68.5112349634792,-1.02498973358674,0.308973546243457,0.328833289055551,0.110148181526732,19023.2198070961,2.98537192804901,0.00283593967882116,-3.03722526258321,1.98984641845781,46.0131685734799,-1.52636165002983,0.133764972030311,3.27963861588857,2.09606783725585,46.8408776664017,1.56466243963852,0.124393726347458,-0.48537249140173,0.28550343038932,-1.70005835215312,0.089119950129146,0.0852175697248375,0.285474166682576,0.298512368790246,0.765312137284395,-0.570590061126567,0.221789836748671,-2.57266099065284,0.0100920007268767,-6.31686387847178,2.87970508253324,-2.19358014012841,0.0282656074485098,0.242413353305352,2.90056493333416,0.0835745307817333,0.93339471756628,-6.55927723177713,4.19213567451169,-1.56466243963852,0.117662079879,
0,157994.545317386,0,0.00838103829744882,0.0910330410732741,0.147989155677478,0.000365214936661728,0.0613507949759222,0.0445818383197292,-0.35482540789012,0.278166517219472,69.8465792903623,-1.27558633381517,0.20632791236434,0.290908721269582,0.110334941716764,19027.4317077238,2.63659650101017,0.00838103829744882,-3.28895765575487,1.90502222692171,45.603648741766,-1.72646681454706,0.0910330410732741,3.01933825736363,2.05229643794779,46.3851405753178,1.4711998722674,0.147989155677478,-0.505553411927561,0.27912093197819,-1.81123432178517,0.0701045874594432,-0.00390134424880555,0.279083779442541,-0.0139791150048144,0.98884664322191,-0.501652067678756,0.221839638691422,-2.26132746445982,0.0237389867477039,-6.3082959131185,2.79049238228579,-2.2606390016199,0.0237816205526836,-0.26961939839124,2.80984216157471,-0.0959553536772819,0.92355603147988,-6.03867651472726,4.10459287589558,-1.4711998722674,0.141237071731576,
0,158027.554989263,0,0.0011202514817821,0.0624422127012459,0.129324137630722,0.000557763604332202,0.0753364702139194,0.0489089284177638,-0.432763341124594,0.278111717706602,69.9608181439286,-1.55607733716975,0.124202167377965,0.359923555399607,0.110441877560993,19030.9516050861,3.2589409320829,0.0011202514817821,-3.51850841088369,1.84139221052118,44.8128994651219,-1.91078706143099,0.0624422127012459,3.05513042694136,1.97838532845009,46.3736951490135,1.544254490269,0.129324137630722,-0.633365953163108,0.278888291885456,-2.2710381596917,0.0231446680012514,0.00536547762712084,0.278842740454968,0.0192419484128092,0.984648093794643,-0.638731430790229,0.221552154463392,-2.88298451593604,0.00393926803914602,-6.57363883782505,2.69399849369709,-2.44010486761771,0.0146829988836566,-0.463377983942327,2.71142760876022,-0.170898158020233,0.864303845043586,-6.11026085388273,3.95677065690019,-1.544254490269,0.122526692882149,
0,158160.264684649,0,0.0000714794881284145,0.0344015900641784,0.159692079532477,0.000828412521638579,0.0979173991735509,0.0420314831391782,-0.415952561445474,0.287984131482455,68.1969448160172,-1.44435931002266,0.153216795779848,0.440201809026321,0.110821162943197,19030.564048362,3.97218182281623,0.0000714794881284145,-4.05300968036508,1.85636666865091,43.9151322459909,-2.18330233396754,0.0344015900641784,2.75514616387879,1.92806995260785,46.539341677552,1.42896587343849,0.159692079532477,-0.72914831681202,0.288679824864467,-2.52580282378358,0.0115434248669494,0.0781043965733806,0.288632381079893,0.270601643104491,0.786697431948628,-0.807252713385401,0.221952633952295,-3.63704948668871,0.000275778962839536,-6.80815584424387,2.66807683271278,-2.55170906653451,0.010719598914066,-1.29786351648629,2.68485901231256,-0.483400994441191,0.628811042241923,-5.51029232775759,3.85613990521571,-1.42896587343849,0.153014042320385,
0,158276.309272008,0,0.0000329702370461102,0.0177328548318949,0.134960162903404,0.000905417453390142,0.123333981651762,0.0476906823995763,-0.410110894057703,0.293081263424324,67.4600842234815,-1.39930778674153,0.166302160324778,0.461629082451729,0.111157936339672,19031.0659380771,4.15291159275483,0.0000329702370461102,-4.62485566233653,1.87588475580157,43.2051461620545,-2.46542632644846,0.0177328548318949,2.8558564784171,1.87706760235872,46.2229250882341,1.52144572461238,0.134960162903404,-0.760139871122451,0.29371835061909,-2.58798903616424,0.00965380533197847,0.0872934654162192,0.293668611717538,0.297251602429277,0.766274428175314,-0.84743333653867,0.222278449018339,-3.81248537715302,0.000137576370992197,-7.48071214075362,2.64568122774812,-2.82751832015714,0.00469103312038771,-1.76899918391943,2.66177077204031,-0.664594863878324,0.506309655229415,-5.71171295683419,3.75413520471744,-1.52144572461239,0.128148021789608,
0,158219.019746053,0,0.0000628955614277814,0.0168466871946664,0.124121688029353,0.000841006392694937,0.127027541141994,0.0503450116647678,-0.375140609066099,0.289110354862968,68.0086690069426,-1.29756891358633,0.198819636664606,0.444278856427234,0.110998404095208,19033.2576329238,4.00256976709463,0.0000628955614277814,-4.49681536554931,1.80742714572876,42.5393806116178,-2.4879649374394,0.0168466871946664,2.95188219533876,1.88476933960856,46.2690981412072,1.56617689671874,0.124121688029353,-0.709561172849328,0.289689606243911,-2.44938429807488,0.0143100676971364,0.100622167025901,0.289635819997536,0.347409263905125,0.728283874664075,-0.81018333987523,0.222014180355222,-3.64924140691797,0.000263015852355018,-7.44869756088807,2.60381748775881,-2.86068343726326,0.00422728920092538,-1.54493317021056,2.61886066672756,-0.589925684034597,0.55524047398426,-5.90376439067751,3.76953867921711,-1.56617689671874,0.117307209814124,
0,158198.930708031,0,0.000207424434117492,0.0148166314023299,0.176653453299939,0.000722671181176632,0.135603324344023,0.0393596055079276,-0.410653327256805,0.292989521176483,67.365709214848,-1.401597318593,0.165626151472027,0.411670493817422,0.110946918348114,19037.6917824953,3.71051760559711,0.000207424434117492,-4.31406424423912,1.69608409511042,41.2402419705757,-2.54354383528268,0.0148166314023299,2.51174030543156,1.83041096418386,45.9581311240358,1.37222752408036,0.176653453299939,-0.698513914353078,0.293376880873258,-2.38094396625221,0.0172683384440577,0.0581387508833551,0.293311898343998,0.198214771414317,0.842877030854481,-0.756652665236433,0.221571642157852,-3.41493459121172,0.000637973296375056,-6.82580454967068,2.48974577447022,-2.74156687789665,0.00611469115198848,-1.80232393880756,2.50107518669267,-0.720619655257501,0.471143557374749,-5.02348061086313,3.66082192836772,-1.37222752408036,0.169992619569788,
0,158301.558429344,0,0.00164994795660191,0.0173597095078346,0.212395528778073,0.000520054004863623,0.130997834538452,0.0334969941738921,-0.390004032264787,0.306561181857864,65.5519777736406,-1.27218987707847,0.207800136629812,0.350097798620641,0.111234676519255,19038.1176844107,3.14738002191286,0.00164994795660191,-4.12902865897971,1.66494940691704,40.7990879270522,-2.47997244950846,0.0173597095078346,2.31238008526582,1.82866784501026,46.1366604567059,1.26451618404919,0.212395528778073,-0.617762724682184,0.306890453936215,-2.01297471706494,0.0441172892295528,0.0210376923725167,0.306824272357472,0.068565932580478,0.94533513688505,-0.638800417054701,0.222101044062688,-2.87617025732846,0.00402532525214886,-6.44140874424553,2.46796983730598,-2.61000302632423,0.00905414216730595,-1.81664857371389,2.47816264843201,-0.733062688546018,0.463520195595493,-4.62476017053164,3.65733569002051,-1.26451618404919,0.206044815569466,
0,158394.106664173,0,0.00572716096187462,0.0187574745129155,0.204975867947042,0.000400981853028786,0.124855232566585,0.0342233579329007,-0.389054261810596,0.321258741466692,63.9783853027471,-1.21103089688513,0.230338072802663,0.308070333303032,0.111485582527151,19035.4629893294,2.76331994074666,0.00572716096187462,-4.17889801116811,1.70896578371834,41.9111870473962,-2.4452789230664,0.0187574745129155,2.40362702693235,1.86984372322548,46.6313097409981,1.28546947377297,0.204975867947042,-0.545496271482174,0.321653258162828,-1.69591402430636,0.0899021633323257,0.00682654988289668,0.321594772153236,0.0212271792765459,0.983064433237101,-0.552322821365071,0.222829965882923,-2.47867390355958,0.0131871808652117,-6.58252503810046,2.52705160286614,-2.60482414788629,0.00919214250254126,-1.77527098423575,2.5392458319082,-0.699133168568269,0.484468811698402,-4.80725405386471,3.73968744645095,-1.28546947377297,0.198628277388643,Model failed to converge with 1 negative eigenvalue: -1.1e-01
0,158441.937897994,0,0.00723410222603958,0.0193433500973782,0.215057930298998,0.000378847369747059,0.118501065810692,0.0316684674698272,-0.381486266894132,0.32278362984394,64.0123970009396,-1.1818637366417,0.241631702957139,0.299852490255498,0.111628649991624,19038.6055481794,2.68616067898338,0.00723410222603958,-4.11441046906406,1.6944096904151,43.8609379611917,-2.42822647458779,0.0193433500973782,2.29981479521691,1.83063777721603,48.2589550441159,1.25629156343228,0.215057930298998,-0.549014337517243,0.32311740053521,-1.69911721438665,0.0892971005015889,-0.010370920651342,0.32305518713978,-0.0321026284801756,0.974390207268066,-0.538643416865901,0.22286427112362,-2.41691238416194,0.0156527843242454,-6.41422526428097,2.48903589902272,-2.57699186532401,0.00996642960790055,-1.81459567384714,2.49984360192039,-0.725883680264303,0.467910081910754,-4.59962959043383,3.66127555443206,-1.25629156343228,0.209010279573231,
0,158538.340910273,0,0.00240014181621274,0.0153439110152589,0.268777303250113,0.000483865087670649,0.122951614550155,0.0255642744502306,-0.358894228343259,0.31211524163428,65.4551333513748,-1.14987729040093,0.254378429348177,0.33981289467413,0.111925554540976,19040.8670894369,3.03606174718327,0.00240014181621274,-4.27603338878446,1.69710763107942,45.2848277452342,-2.51960059013155,0.0153439110152589,2.00430453704239,1.79129394609594,47.7214278499405,1.11891436992276,0.268777303250113,-0.604228708727577,0.312413050707353,-1.934069999187,0.0531045219607396,0.0221815046067793,0.312345539569257,0.0710159160184229,0.943385088321936,-0.626410213334357,0.223198178619295,-2.80652027363903,0.00500797610197192,-6.28033792582684,2.46273795085826,-2.55014461592966,0.010767824288566,-2.27172885174207,2.47239527806101,-0.91883723929601,0.358180711096148,-4.00860907408478,3.58258789219188,-1.11891436992276,0.263176671913418,
0,158804.865730687,0,0.00521962088444131,0.0224338729827963,0.387291743337279,0.000409569680759319,0.111911954919655,0.0165445724715198,-0.329429033297168,0.304798988574012,66.7460010028392,-1.08080750148938,0.283672519938041,0.314904042437332,0.112728199591037,19045.2036045174,2.7934806337701,0.00521962088444131,-3.88781146499683,1.64352673802677,44.4054613173874,-2.36552979336653,0.0224338729827963,1.5047085906817,1.72369555065078,45.2983947579298,0.872954965924002,0.387291743337279,-0.571647390948404,0.304954858645874,-1.87453117975151,0.0608572486818854,0.0182097119740094,0.304873060736411,0.0597288324853119,0.952371607721063,-0.589857102922413,0.224330485616292,-2.62941125144863,0.00855328541073367,-5.39252005567853,2.37910236862691,-2.26661959854666,0.0234134737968084,-2.38310287431513,2.38421578291023,-0.999533218174682,0.317536455657699,-3.0094171813634,3.44739110130155,-0.872954965924002,0.382687624563305,
0,158896.116475561,0,0.0192765006866974,0.0682531193916624,0.443886116069539,0.00028756683360641,0.0743015719679196,0.0133740275842741,-0.275844872781725,0.308022876021263,66.1412873794048,-0.895533722510541,0.373749503253265,0.264432980446902,0.11298916739495,19041.1827454801,2.34033922493282,0.0192765006866974,-3.13448897623543,1.67644005775092,43.5540914511019,-1.86972922875668,0.0682531193916624,1.37929208626862,1.78525933582162,44.0352222307672,0.772600405214424,0.443886116069539,-0.477972721446306,0.308267672427763,-1.55051198746216,0.121018678549233,0.0142721464420848,0.308193417675024,0.0463090566623785,0.963063920882471,-0.49224486788839,0.225180339577396,-2.18600286691194,0.0288153955819092,-4.51378106250404,2.44501486980349,-1.8461159963689,0.0648753646661144,-1.75519688996681,2.45297913019661,-0.715536821475577,0.474277396733035,-2.75858417253724,3.57051867164324,-0.772600405214424,0.439758904612294,
0,158851.079563977,0,0.0331171081376075,0.12464660079526,0.373067849920662,0.00023846609548415,0.0529329363595684,0.0176118187907448,-0.249059155350465,0.304059738682806,66.386810855695,-0.819112574487485,0.415653065162349,0.240454812043872,0.112846368272075,19035.3801398518,2.13081568973606,0.0331171081376075,-2.78207580098747,1.77707802462706,43.8510171469445,-1.5655338496301,0.12464660079526,1.68767247501767,1.87587288227058,45.1490321462706,0.899673155344561,0.373067849920662,-0.448450266815901,0.304517531955127,-1.4726582864923,0.140843199677596,-0.0123494336184893,0.304457446097535,-0.0405621008018737,0.967644998454148,-0.436100833197411,0.225457279804282,-1.93429475231843,0.0530768980831714,-4.46974827600513,2.57738020890826,-1.73422154036732,0.082878782426737,-1.0944033259698,2.59054473245089,-0.422460694177782,0.67268878462742,-3.37534495003533,3.75174576454115,-0.899673155344561,0.368294213359254,
0,158878.458603346,0,0.00830508625884954,0.158987628915892,0.280776879655035,0.000365936755885821,0.0449378260803533,0.0256343867706469,-0.312205441030914,0.3090946115284,65.5136001488979,-1.01006432783519,0.316180532548213,0.298073013171386,0.112919934895448,19034.3955663184,2.63968459995456,0.00830508625884954,-2.56808617660747,1.79212499771728,43.6417519568744,-1.43298384871511,0.158987628915892,2.06978320588687,1.89608105099189,45.2934015512316,1.09161114436754,0.280776879655035,-0.521693853436403,0.309581692863533,-1.68515731214885,0.0919582245621206,0.0194980960734616,0.309524542912634,0.0629936995948174,0.94977152135349,-0.541191949509865,0.22572039815161,-2.39762092368081,0.0165019331289854,-4.63786938249434,2.60203489477917,-1.78240091698999,0.074683876088323,-0.498302970720598,2.61592911316398,-0.190487948703586,0.848926785838101,-4.13956641177374,3.79216210198377,-1.09161114436754,0.27500405562074,
0,158915.794509111,0,0.00219972431092265,0.103045355260827,0.380767437195915,0.000492416039842288,0.0590549975310057,0.0167151130889038,-0.401885635642622,0.311948938691077,65.0764025966655,-1.28830582764255,0.202201325324199,0.346118817852612,0.113026917106944,19034.4600642258,3.06226894187623,0.00219972431092265,-2.9210639113916,1.75466505696234,44.1571716050525,-1.66474159829028,0.103045355260827,1.71037594025662,1.93268982570566,46.0711318106732,0.884971772246038,0.380767437195915,-0.609297361026213,0.312430169852301,-1.95018733726725,0.0511537945025643,0.0375286921680084,0.312372624892936,0.120140784362494,0.904371625101016,-0.646826053194221,0.22614023543404,-2.86028734317332,0.00423257314152141,-4.63143985164822,2.60354569914962,-1.7788970837581,0.0752566363191227,-1.21068797113497,2.61721772908964,-0.462585881823479,0.643661230287598,-3.42075188051324,3.86537965141131,-0.884971772246038,0.37617185598834,
0,159067.267406903,0,0.0116266218738608,0.0780658389681141,0.53715685856451,0.000334444863662578,0.0668678148997792,0.00813106933588885,-0.442080982729427,0.306010844124246,66.048729391263,-1.44465789764605,0.15328154402233,0.28637032951881,0.113480378839121,19034.6406450321,2.5235228543323,0.0116266218738608,-3.18043430042596,1.76416095879969,45.3547190532302,-1.80280279107292,0.0780658389681141,1.22389936896407,1.96874344113236,47.1432800016121,0.621665242607804,0.53715685856451,-0.582603535496324,0.306540428866703,-1.90057650030126,0.0573575059815115,-0.0423581927635724,0.306483419418377,-0.138207126649647,0.890076722899651,-0.540245342732751,0.227223225767633,-2.37759736447553,0.0174258418507503,-4.40433366939002,2.63635903407176,-1.67061223925472,0.0947982934045359,-1.95653493146189,2.65066789594201,-0.738129033236192,0.460436042456419,-2.44779873792814,3.93748688226471,-0.621665242607804,0.534162010894525,
0,159125.979324556,0,0.0704076238730212,0.048073629172084,0.440726014302144,0.000171963307812375,0.0824046771680988,0.0123002422042147,-0.457902250905365,0.301276102266261,66.8441852037613,-1.51987577992721,0.133258470455309,0.205650293226314,0.113657825602466,19034.8518090715,1.80938085113122,0.0704076238730212,-3.64130865024185,1.79292556764893,45.9292965355797,-2.03093129795495,0.048073629172084,1.54071908596903,1.9820151605855,48.522622468936,0.777349798633171,0.440726014302144,-0.534069331963593,0.301856026118439,-1.76928497612316,0.0768463293554007,-0.163675829299961,0.301800722428827,-0.542330806840798,0.587590636718742,-0.370393502663632,0.227646457689628,-1.62705585855689,0.103725234824645,-5.18202773621087,2.66506680297418,-1.9444269578638,0.0518439856360033,-2.10058956427282,2.68017747761692,-0.783750173940183,0.433186715539995,-3.08143817193806,3.964030321171,-0.777349798633171,0.436952421954066,
0,159082.793371624,0,0.125906381354072,0.0154756321746055,0.345684780014136,0.000123065704262976,0.124102916798244,0.0185232646593715,-0.524298272153858,0.294050436313713,68.0064083899776,-1.78302157523243,0.0790453884385287,0.17376110132961,0.113531269817144,19031.9653790124,1.5305131494563,0.125906381354072,-4.71974937815788,1.87486044240704,44.7271344608309,-2.51738703927128,0.0154756321746055,1.88848547740327,1.9829727072176,48.0569609207986,0.952350715937533,0.345684780014136,-0.539849597607534,0.294743209776171,-1.83159299248148,0.067012081618497,-0.242467900353847,0.294693179943937,-0.822780833950668,0.410632637713943,-0.297381697253688,0.227425346672446,-1.30760138043011,0.191008548454645,-6.60823485556115,2.7205366914206,-2.42901883161535,0.0151397459423673,-2.83126390075461,2.73737921793446,-1.03429728778718,0.300997204419162,-3.77697095480654,3.9659454144352,-0.952350715937533,0.340919145078044,
0,159178.611276286,0,0.127257825958776,0.013956204780471,0.308284768780234,0.000122193362477374,0.132073727518139,0.0221207066373048,-0.587738009799584,0.287892428298173,69.2788463048328,-2.04151951224941,0.0450094624416418,0.173593613733958,0.113826524514384,19031.7993300506,1.52507172185532,0.127257825958776,-4.95485151645906,1.93345388680076,43.1578748604791,-2.56269443522015,0.013956204780471,1.97388535385783,1.91636180979802,46.9002424869768,1.03001705824323,0.308284768780234,-0.556828349652577,0.288580106787648,-1.9295451646025,0.0536632188064648,-0.262049049298349,0.288527994061159,-0.908227467324376,0.363758054952087,-0.294779300354229,0.227582057396523,-1.29526599647803,0.195228485034259,-6.92873687031689,2.71395463574507,-2.55300393715487,0.0106798288989841,-2.98096616260123,2.73053534531095,-1.0917149150698,0.274958427316032,-3.94777070771565,3.83272361959603,-1.03001705824323,0.303001998038086,
0,159130.771735771,0,0.00677630347726982,0.0328707825689349,0.319360076109459,0.000385223318374,0.100140753329496,0.0209800693813624,-0.612771651271417,0.286887087063396,69.371720962357,-2.13593319080272,0.0362160708724052,0.307820066834834,0.113673207397463,19028.2008660329,2.70793860648736,0.00677630347726982,-4.50459634315729,2.04412867787937,43.6374161278536,-2.20367552781975,0.0328707825689349,1.96828205838872,1.95581344373473,47.2611653912271,1.00637515540857,0.319360076109459,-0.69811550529807,0.287769662971485,-2.42595240265909,0.0152682725968444,-0.13473452763947,0.287726968434638,-0.468272155274444,0.639589978118653,-0.5633809776586,0.227546088480091,-2.47589831766277,0.0132901422689743,-6.47287840154601,2.81961306694994,-2.29566193936955,0.021695218253106,-2.53631428476856,2.83850642231613,-0.893538328759185,0.371568955802856,-3.93656411677745,3.91162688746947,-1.00637515540857,0.314235140171051,
