convergence_false,convergence_false_message,bic,singular,p_anova_condition,p_anova_pe,p_anova_interaction,effectsize_condition,effectsize_pe,effectsize_interaction,coef_intercept,se_intercept,df_intercept,t_intercept,p_intercept,coef_condition,se_condition,df_condition,t_condition,p_condition,coef_pe,se_pe,df_pe,t_pe,p_pe,coef_interaction,se_interaction,df_interaction,t_interaction,p_interaction,emmean_amc,emmean_se_amc,emmean_z_ratio_amc,emmean_p_amc,emmean_avc,emmean_se_avc,emmean_z_ratio_avc,emmean_p_avc,emmean_diff,emmean_se_diff,emmean_z_ratio_diff,emmean_p_diff,coef_amc,se_amc,z_ratio_amc,p_amc,coef_avc,se_avc,z_ratio_avc,p_avc,coeff_diff,se_diff,z_diff,p_diff
0,"",626254.388200973,1,0.0225740423817301,0.256115129730613,0.932221905801806,0.0000605118055718106,0.0271015256267212,0.000148470687289173,0.113575494889141,0.0881810537436559,50.4327498661579,1.28798069502897,0.203631165716562,0.0751971046608957,0.0329723820107052,85947.8861918609,2.28060880273926,0.0225740423817301,0.368419985350819,0.320506063436879,47.4337701555602,1.1494945880279,0.256115129730613,-0.0303005730216859,0.354450922185766,49.213500649648,-0.085485947771933,0.932221905801806,0.021537934471417,0.0942792480723163,0.228448305558149,0.819297739711102,0.174491708122979,0.0942592605570168,1.85118901943253,0.064142364904908,-0.152953773651562,0.0669182342316009,-2.28568155462973,0.0222728951253596,0.398720558372506,0.473312881712552,0.842403775130408,0.399561980626642,0.338119412329134,0.482383770333593,0.700934469862671,0.483343911578473,0.060601146043372,0.708901844371535,0.085485947771933,0.931875066628596
0,"",626108.466470606,1,0.0523244774074207,0.279401962655944,0.825446925560621,0.0000438089969582548,0.0247886064748355,0.000990084589580546,0.116618219729486,0.0880276041858858,50.5095252909039,1.32479147658303,0.191202949199717,0.0639280588224397,0.0329444325328468,85948.1703370736,1.94048140785855,0.0523244774074207,0.34999350090675,0.319843070018351,47.1077891658475,1.09426632531594,0.279401962655944,-0.0782271045111562,0.352829045124906,49.6001911734187,-0.221713902503301,0.825446925560621,0.0346037341897033,0.0941145805778288,0.367676655171273,0.713114349542538,0.169067888791003,0.0940944900377001,1.7967884062421,0.072369217623057,-0.134464154601299,0.0668117062817021,-2.01258375342713,0.0441584375495345,0.428220605417908,0.471663872766103,0.907893587241653,0.363934446033018,0.271766396395595,0.480738016150499,0.565310808102424,0.571862378566603,0.156454209022313,0.705658090249815,0.221713902503301,0.824536606820033
0,"",625996.795160002,1,0.176085364166326,0.438353210209531,0.992530593028073,0.0000212949779842747,0.0128015148797792,0.00000178046150801325,0.0994963040425182,0.0869424607853068,50.440689106369,1.14439254587251,0.257862473601341,0.0445428143666617,0.0329235120161615,85952.1118109519,1.35291807097604,0.176085364166326,0.253596554245189,0.324453281071761,47.1113414650084,0.781611927016082,0.438353210209531,0.00316011299667915,0.335866353522713,49.7208865091613,0.00940884064013707,0.992530593028073,0.0443759969427055,0.0930125983842276,0.477096626839645,0.633293316553667,0.133194683116938,0.0929915137848594,1.43233159345153,0.152048945495911,-0.088818686174232,0.0661507163375687,-1.34267157019114,0.179378344296723,0.250436441248511,0.462385069572849,0.541618788599432,0.588081145814525,0.256756667241869,0.471542495953296,0.544503771018127,0.586094854116635,-0.00632022599335831,0.671732707045428,-0.00940884064013707,0.992492942080331
0,"",626076.280081201,0,0.167118973313369,0.351767175723033,0.548006978956227,0.0000222063445528069,0.0183472414638863,0.00742821348297848,0.0944743466966459,0.0875776400967211,45.6847574643296,1.07874962824196,0.286362197766101,0.0455062505615148,0.0329389719103402,85947.9078547606,1.38153220705803,0.167118973313369,0.316784514325583,0.336846511594391,47.3206708929209,0.940441724707645,0.351767175723033,0.198933383702858,0.328840780326635,48.9014288499941,0.60495350821531,0.548006978956227,0.043990507923364,0.0936433625292792,0.469766428022163,0.638521902375129,0.118198614206666,0.0936225433589916,1.26250163652827,0.206768337790477,-0.0742081062833018,0.0659230844886856,-1.12567709564679,0.260302222037497,0.117851130622725,0.466157823819275,0.252813799535014,0.800412103548185,0.515717898028442,0.475289959551389,1.08505952558984,0.277895292039947,-0.397866767405717,0.657681560653272,-0.60495350821531,0.545209888346085
0,"",625951.102674804,1,0.320023561338008,0.129305724216522,0.341953587837768,0.0000115040987739807,0.0476992104895105,0.0187028416859113,0.106703481967078,0.0878262432824743,50.3680651719873,1.21493847373033,0.230054392210217,0.0327311635000971,0.0329149865063848,85956.3421991175,0.994415218543322,0.320023561338008,0.529448630605014,0.342990170294639,47.5715459094433,1.54362625071792,0.129305724216522,0.324232194858389,0.337826661358862,48.3300643648943,0.959759047892223,0.341953587837768,0.065304748575748,0.0939661633917729,0.6949815361033,0.487066872766703,0.103378380321604,0.0939464302711826,1.10039710953567,0.271159137327931,-0.038073631745856,0.066206502764129,-0.575073899938489,0.565241318795125,0.205216435746625,0.476882326488956,0.430329295819222,0.666956119417456,0.853680825463405,0.48592331367174,1.75682211872654,0.0789481337243538,-0.648464389716781,0.675653322717725,-0.959759047892223,0.337176497427928
0,"",625723.050987635,1,0.452701180446979,0.0995542315044302,0.348848425893439,0.00000656038723285817,0.0553312886777943,0.0180484499711668,0.120910216673942,0.0876321929045733,50.462196403514,1.37974655964169,0.17374801073674,0.024683624713232,0.0328710555663959,85952.4469000074,0.750922788693957,0.452701180446979,0.54980796311301,0.327385354067713,48.1517752832976,1.67939083493421,0.0995542315044302,0.322424107816007,0.340848814785447,48.6834768879629,0.945944635362639,0.348848425893439,0.0866227536971989,0.0936954956798292,0.924513532573659,0.355219009062325,0.108754041452795,0.0936751868823657,1.16096957019541,0.245654274569746,-0.022131287755596,0.0662461071347954,-0.334076804099054,0.73832160314765,0.227383855297003,0.468040268913627,0.48582113634108,0.627093987106235,0.872232070929019,0.477133603797337,1.82806673851356,0.0675395361066467,-0.644848215632017,0.681697629570896,-0.945944635362638,0.344176825619887
0,"",625548.16679455,0,0.784966849187778,0.204521707106585,0.466053355421051,0.000000866250732856719,0.032526910744052,0.0108568336385854,0.152140200481666,0.0894184646199494,46.2222159532561,1.70144053723467,0.0955788983201883,0.00895977339326286,0.032837360822018,85943.6056961178,0.272853029871243,0.784966849187778,0.423445449785558,0.329315042223536,49.1776622058031,1.28583695092229,0.204521707106585,0.254186636467769,0.346005712190944,49.1693948609415,0.734631329807341,0.466053355421051,0.136031571838084,0.0954053095880412,1.42582810564178,0.153917965992579,0.132479344894732,0.0953858451065227,1.38887845200496,0.164869713948398,0.00355222694335207,0.0663812993000111,0.0535124648178056,0.957323599391608,0.169258813317789,0.473128937640227,0.357743523704094,0.720535258533052,0.677632086253329,0.482167717889051,1.40538667586463,0.159906326659684,-0.508373272935539,0.692011424381889,-0.734631329807341,0.462564052131635
0,"",625368.776075252,0,0.41824114094259,0.27090541598015,0.90941874871022,0.00000762435425313537,0.0243851549919009,0.000263461700931238,0.158788819100783,0.0891728800225989,46.2898289075232,1.78068510359362,0.0815271096513263,-0.0265532548914292,0.0328028405154791,85942.1562550369,-0.809480352132893,0.41824114094259,0.367335729214951,0.329923645050483,49.5966497458346,1.11339618946906,0.27090541598015,0.0414519600892881,0.362488520132771,49.621478698012,0.114353856155514,0.90941874871022,0.171577970083876,0.0952798252846279,1.80077964638709,0.0717376181680795,0.114969910730728,0.0952614392118591,1.20688824021478,0.227475187134574,0.0566080593531482,0.0669498627223156,0.84552913256803,0.397815474140015,0.325883769125664,0.485675632969861,0.670990568608344,0.502226537784772,0.408787689304241,0.494584934184428,0.826526772349692,0.408505337496552,-0.0829039201785765,0.724977040265544,-0.114353856155514,0.9089572914188
0,"",625476.922662495,0,0.235483625926736,0.222158485260673,0.895142934621217,0.000016377376385289,0.0302582296376293,0.000350507135858709,0.169194048692165,0.0852533752642121,45.4366575045903,1.9846023476233,0.0532468168861811,-0.0389403007433977,0.0328233555801391,85937.2010628577,-1.18635953135029,0.235483625926736,0.391121743090777,0.316307909672134,49.0022930737546,1.2365221707424,0.222158485260673,-0.0503568666590536,0.380135070732838,50.0486545413735,-0.132470983437476,0.895142934621217,0.189487954513202,0.0916688681601712,2.06709167808327,0.0387255161158415,0.115861122074513,0.0916498968552139,1.26417078523882,0.206168734324339,0.0736268324386891,0.0676782699488299,1.08789471856117,0.276641587949614,0.441478609749832,0.490093366051295,0.900805112517327,0.367691948801846,0.340764876431725,0.498914044698026,0.683013196467494,0.494598503825149,0.100713733318107,0.760270141465678,0.132470983437476,0.894611772595623
0,"",625885.488269613,0,0.320564756235106,0.184297038125792,0.925040588689368,0.0000114813584428654,0.0357317304878682,0.00017877736724627,0.171374197094111,0.0840751038019388,44.8094423433026,2.03834654189459,0.0474429714245651,-0.0326805923550966,0.0329009056368902,85934.1671801059,-0.993303731993731,0.320564756235106,0.413725551730717,0.307225929789598,48.9387395338691,1.34664919726683,0.184297038125792,-0.0366792561243824,0.387885642902891,50.0084555723006,-0.0945620359905025,0.925040588689368,0.185031385513611,0.0905956916187095,2.04238614670942,0.0411132428234692,0.122768588267949,0.090576146278449,1.35541854353722,0.175284244863829,0.0622627972456624,0.068115607472962,0.91407534272343,0.360677257798518,0.4504048078551,0.490398782707853,0.918446015236996,0.358385409534465,0.377046295606335,0.499194472855223,0.755309435719027,0.450063338435562,0.073358512248765,0.775771285805785,0.0945620359905025,0.924662705552042
0,"",626219.903537753,0,0.24401218872104,0.172626213869686,0.92315803844068,0.0000157943431857125,0.0379951051901297,0.000188065023693443,0.183044910978126,0.0868562652846416,45.0750720516971,2.10744625477805,0.0406737567396924,-0.0384046728880934,0.0329646827443754,85933.383168698,-1.16502479899177,0.24401218872104,0.424521543254056,0.306686647001202,48.5131376911533,1.38421919377661,0.172626213869686,0.0369836482915003,0.381491692351444,49.9642778390868,0.0969448327001303,0.92315803844068,0.20508144172464,0.093147113973357,2.20169399755423,0.0276869310168505,0.125147995724871,0.0931275641842709,1.34383409274231,0.179002042247178,0.0799334459997686,0.06795948775873,1.17619259114413,0.239517924437495,0.387537894962556,0.485022656939035,0.799009880091576,0.424284683076768,0.461505191545557,0.493901046587086,0.934408207341557,0.350093365717044,-0.0739672965830008,0.76298338470289,-0.0969448327001303,0.922770205112196
0,"",626538.47328186,0,0.188573207147774,0.25932788944818,0.884587167424712,0.0000201175321894141,0.0264649732461782,0.000423731975785789,0.186003965725744,0.0875954480882373,45.9179967914987,2.12344328141774,0.0391368614849331,-0.0434229254150879,0.0330257039496582,85931.135070047,-1.31482209981893,0.188573207147774,0.351401020188815,0.307838382917811,47.9336632292348,1.14151138937939,0.25932788944818,0.0568902010717335,0.389935140554024,50.2128515887396,0.145896573955616,0.884587167424712,0.216987862565298,0.0939189661389079,2.31037320240907,0.0208675013729106,0.125336355773683,0.0938998563455794,1.3347875135443,0.181945901340599,0.0916515067916149,0.0683973519562447,1.33998618616473,0.180249835987982,0.294510819117082,0.492371730683569,0.598147295556972,0.549741654730978,0.40829122126055,0.501196415087286,0.814633163705776,0.415282321374249,-0.113780402143467,0.77987028110805,-0.145896573955616,0.884003036237935
0,"",626738.192738709,0,0.345115004952723,0.470799896083431,0.5996823017818,0.000010372660613033,0.0106081654637857,0.0055027757388235,0.185713896295465,0.0865320280795869,44.9796124991976,2.14618679831076,0.0372891909171262,-0.0312159798227329,0.03306384779673,85931.5179264132,-0.94411213161404,0.345115004952723,0.224317980761246,0.308646105752845,49.2645598515546,0.726780531424794,0.470799896083431,0.213732936186225,0.404649025100563,50.4205604301761,0.528193379764374,0.5996823017818,0.216482803673333,0.0930531816930279,2.32644171574364,0.0199949983811596,0.135996294393843,0.0930345730387214,1.46178232405324,0.143800869362845,0.0804865092794902,0.0690645174098533,1.16538147659608,0.243864611861468,0.0105850445750207,0.504553893836536,0.0209790167201643,0.983262394223944,0.438050916947472,0.513256147003479,0.853474273040714,0.393396348647339,-0.427465872372452,0.809298050201128,-0.528193379764374,0.597365123824898
0,"",626571.549046869,0,0.225374323364665,0.428568993535232,0.552875760081055,0.0000171033799035008,0.0128424155710828,0.00703736435527944,0.179103778486263,0.0810888755080985,43.6608599772478,2.20873427290746,0.0324889947888844,-0.0400474267156383,0.0330323621818008,85937.0807599958,-1.21236944833762,0.225374323364665,0.254717576932891,0.319088189020755,48.9819576483852,0.798267017386604,0.428568993535232,0.253521101398382,0.424330097655358,50.3666911838696,0.597461982544289,0.552875760081055,0.219100670578392,0.0882367001834459,2.48310136397754,0.0130244020102666,0.11759026281027,0.0882188933087551,1.33293740603522,0.182552345865782,0.101510407768122,0.0698522901436508,1.45321517103257,0.146164021219675,0.00119647553450902,0.526650468094971,0.00227185886464125,0.99818732044689,0.508238678331275,0.535150345933601,0.949711949535645,0.342258636301202,-0.507042202796766,0.848660195310719,-0.597461982544289,0.550198981940036
0,"",626318.317614225,1,0.201136758754726,0.513421022205601,0.586888036869937,0.0000190132157709294,0.00869271241104064,0.00597043784570482,0.181184411813141,0.076156830534114,50.8014751345284,2.37909601203769,0.0211508710417892,-0.0421647844654371,0.0329842875779131,85945.2182172293,-1.27832939746958,0.201136758754726,0.208341549709897,0.316499404969559,49.4150196028996,0.658268377249984,0.513421022205601,0.23519431643544,0.430047756238166,49.7981709708298,0.546902787013231,0.586888036869937,0.224483356081714,0.0837490017700703,2.68043023005843,0.00735275904633486,0.120286341657908,0.083730483967859,1.43658959028687,0.150834643193938,0.104197014423806,0.0700269919933102,1.48795502216859,0.13676275563031,-0.0268527667255423,0.529728377543132,-0.0506915767852288,0.959571288773024,0.443535866145338,0.538157725958344,0.824174484079914,0.409840422990639,-0.47038863287088,0.860095512476334,-0.546902787013231,0.584445520898793
0,"",626210.723663114,0,0.0404444624489986,0.595269097358315,0.738505801489568,0.0000488616575593383,0.0057107760096324,0.00225493177326492,0.189268030823708,0.0775296736172279,42.8456494300063,2.44123342706361,0.0188439223639142,-0.0675488194516806,0.0329633216196726,85937.7886659606,-2.04921155188946,0.0404444624489986,0.170403392121388,0.31871656809419,49.7696741134309,0.534654954213201,0.595269097358315,0.145429362042645,0.433212755277763,49.8640915366016,0.33569963088783,0.738505801489568,0.255762041237381,0.085037203079445,3.0076487934162,0.00263277205466704,0.108379624507566,0.0850193061171766,1.27476486761952,0.202392479220491,0.147382416729815,0.0701333645004254,2.1014593807049,0.0356006600670945,0.0249740300787431,0.533611274433425,0.0468019160675717,0.96267110190768,0.315832754164033,0.542001929907742,0.582715183722304,0.560085050041867,-0.29085872408529,0.866425510555528,-0.33569963088783,0.737097384195234
0,"",626198.745632263,0,0.0136605009653501,0.475190591858069,0.889657762478397,0.0000707607027400771,0.0103449757311626,0.000390230075400649,0.19903569117576,0.0772764378243252,43.1146520252112,2.57563232441218,0.0135166533924827,-0.0812872361228805,0.0329615923284051,85942.0042464582,-2.46611981948549,0.0136605009653501,0.238336760122384,0.331235421053444,49.5293781796499,0.719538868652362,0.475190591858069,0.0594068086646091,0.426011443979453,49.8126524872964,0.139448856372681,0.889657762478397,0.272765599571684,0.0848257407580671,3.2155993821456,0.00130172413349744,0.105172887298098,0.0848084013080508,1.2401234509312,0.214929736284915,0.167592712273586,0.0698143209985339,2.40054919788026,0.0163704899972138,0.178929951457775,0.535395410558506,0.334201504026943,0.7382275091334,0.297743568786994,0.543835511415643,0.547488280071939,0.58404332008969,-0.118813617329218,0.852022887958909,-0.139448856372681,0.889095467665507
0,"",626332.643459342,1,0.417194016917715,0.434109962134542,0.834386164141368,0.00000765807678099928,0.0124524175498319,0.00089182174806566,0.202900631567343,0.0761633608717186,50.7005590362244,2.66401888316204,0.0103258815199207,-0.0267628579180323,0.0329875061050053,85949.4233957453,-0.81130285608258,0.417194016917715,0.257053461836419,0.325954566915084,49.321596836036,0.788617457547037,0.434109962134542,0.0881957818036642,0.41961017921543,49.4923474974484,0.210185038810472,0.834386164141368,0.222531576595307,0.0837255984344795,2.65786785351498,0.00786367202675968,0.161555744981586,0.0837073571910975,1.93000651797866,0.0536060301500268,0.0609758316137211,0.0695781313419242,0.876364892786078,0.380831697417047,0.168857680032755,0.527061596290795,0.320375609266724,0.748683612915223,0.345249243640084,0.535578414523414,0.644628749549784,0.519167799413159,-0.176391563607329,0.839220358430863,-0.210185038810472,0.833523256056203
0,"",626307.269792714,0,0.915949258824279,0.280575913914308,0.839324130678263,0.000000129602529003279,0.0232876702009671,0.000831493639494145,0.232204491126896,0.0781481391020279,43.3018525070301,2.97133743419963,0.00482410350106049,0.00348092491419464,0.0329827058879496,85941.5563024422,0.105537881762042,0.915949258824279,0.352047324977067,0.322726466172085,49.9083900449574,1.09085359237115,0.280575913914308,0.0820375176848127,0.402503200948319,49.9190314098992,0.203818298814836,0.839324130678263,0.217319368164386,0.0853659585658802,2.54573804143102,0.0109046986578439,0.217351306013266,0.0853470320983364,2.54667679319926,0.0108754107763557,-0.0000319378488800627,0.0688459889898328,-0.000463902826419986,0.999629859110363,0.270009807292255,0.511553000359161,0.52782371934615,0.597621692642835,0.434084842661881,0.520226801795787,0.834414607558568,0.404047388539505,-0.164075035369626,0.805006401896641,-0.203818298814836,0.838495492607799
0,"",626295.993645882,0,0.968270254444806,0.280835592666784,0.9830225649999,0.0000000184107369767375,0.0235399304900445,0.00000907649528517917,0.226424804942556,0.0787266795248026,42.9426142588002,2.87608732273817,0.00624431370840384,-0.00131189925492013,0.0329805713710094,85943.5796695446,-0.0397779419938526,0.968270254444806,0.349770088051372,0.320772138063371,49.3198068571437,1.09040046359099,0.280835592666784,-0.0082818504875782,0.387263851017491,50.3870257868936,-0.0213855500992891,0.9830225649999,0.212613937881578,0.0857578935180088,2.47923461222761,0.013166467004605,0.210689727761611,0.0857382202809816,2.45736063882757,0.0139962102945627,0.00192421011996632,0.0682164868240187,0.0282074057101518,0.977496730673189,0.358051938538952,0.498435623602435,0.718351421094538,0.472540631935817,0.341488237563795,0.507245540985175,0.673220777654457,0.500806844517194,0.0165637009751564,0.774527702034984,0.0213855500992891,0.982938100281267
0,"",626615.00161241,0,0.69902346604701,0.353927319016963,0.961629393561074,0.00000173939436984494,0.0179187559626098,0.0000459741838411044,0.195230454529506,0.078107837595105,42.2667372913702,2.49949890485435,0.0164041111446722,-0.0127753196027238,0.0330418716287184,85943.9782804875,-0.386640313426437,0.69902346604701,0.297955160910533,0.318308689611273,48.0224593056931,0.936057263389207,0.353927319016963,-0.0184957124810839,0.38256434466632,50.8392522637231,-0.0483466709298699,0.961629393561074,0.194640080237955,0.0851516192051603,2.2858059782633,0.0222656117929223,0.170651819601599,0.085131279478843,2.00457247496215,0.0450087716888934,0.023988260636356,0.0681253633023426,0.352119379237587,0.724748735414722,0.316450873391618,0.493211025236102,0.641613543087629,0.521124137351813,0.27945944842945,0.502090314554652,0.556591992174409,0.577806226242747,0.0369914249621679,0.765128689332642,0.0483466709298699,0.961439959993721
0,"",626826.2436692,0,0.930116345663145,0.264923317919459,0.893199236268195,0.0000000894915785195716,0.0255229341930148,0.000355150024351247,0.164406479802238,0.0775397023067122,42.2577230345371,2.12028773533228,0.0398942381671895,-0.00290129020396895,0.033082471267105,85941.7609021051,-0.0876987145411293,0.930116345663145,0.350597456558015,0.310854035597859,48.5674748904162,1.12785235644028,0.264923317919459,0.0508627660495856,0.376968731495378,51.241658389749,0.134925689586562,0.893199236268195,0.154648104763719,0.0845476528118402,1.82912357257139,0.0673810983814732,0.144549020735179,0.0845261976735911,1.71010911070877,0.0872456983670968,0.0100990840285399,0.0679683042873769,0.148585199151651,0.881880952721612,0.29973469050843,0.484106908150317,0.619149789978543,0.535817685431963,0.401460222607602,0.493063701185315,0.814215732455056,0.415521374286092,-0.101725532099171,0.753937462990758,-0.134925689586562,0.892670627921277
0,"",626977.673325124,0,0.877746631061705,0.194734832027635,0.904758422089581,0.000000275324729873385,0.0346567065611521,0.000278494221352545,0.148916530240221,0.0762638721108847,41.8537215034779,1.95264843127427,0.0575705338991367,0.00509350319454824,0.0331119274838113,85944.660393564,0.153826840706827,0.877746631061705,0.413907642214751,0.314757624399683,48.166918946694,1.31500434025759,0.194734832027635,0.0450359162430973,0.374554544598509,51.8980105824462,0.120238605812064,0.904758422089581,0.128243273630081,0.0833932615376723,1.53781338282528,0.124094250445268,0.134625984810243,0.083371648155463,1.61476938250287,0.106360645888054,-0.00638271118016197,0.0679201299262481,-0.0939737775397767,0.925129987027523,0.368871725971655,0.484736476059026,0.760973733544116,0.446672756107436,0.45894355845785,0.493718023543943,0.929566142154423,0.352595764520778,-0.0900718324861949,0.74910908919702,-0.120238605812064,0.904294136585436
0,"",626931.158764873,0,0.808460063949875,0.213085399847066,0.797162925997015,0.00000068371578823108,0.0319834480965965,0.00127474118675664,0.134455166985713,0.0770118669309434,42.2816452314633,1.74590192841681,0.0880911928704475,-0.00802468849756941,0.0331032559597351,85948.6453640732,-0.24241387334618,0.808460063949875,0.411559663059075,0.326162394319768,48.1898232558672,1.261824386338,0.213085399847066,0.0961397653527134,0.372152184610617,52.2864294832213,0.258334545189636,0.797162925997015,0.129157706121762,0.0841333704046714,1.53515430917041,0.124745928614651,0.10498716541486,0.0841126162514905,1.24817381855008,0.211967409689517,0.0241705407069013,0.0678109415309856,0.356440128409908,0.721510981989983,0.315419897706363,0.490348806656244,0.643256174838589,0.520057888237509,0.50769942841179,0.499315891764439,1.01679004571179,0.309253318528395,-0.192279530705427,0.744304369221236,-0.258334545189636,0.796148727631714
0,"",626645.06683443,0,0.33927279715307,0.347246008354275,0.769020646486053,0.0000106244331308362,0.0181256571798861,0.0016525993017835,0.133206551272438,0.076432904385039,42.5760253993451,1.74279065206519,0.0885894645966565,-0.0315814488345482,0.0330485253234775,85950.7256102356,-0.955608412945219,0.33927279715307,0.317272905269433,0.334287589057765,48.796381138252,0.949101658735552,0.347246008354275,0.10944940764385,0.370793687196683,52.6352020325539,0.295176027594542,0.769020646486053,0.156010317733951,0.0836356074931564,1.86535761991945,0.0621312935662798,0.0836019579569527,0.0836153267175419,0.999840115908005,0.317387888587551,0.0724083597769988,0.067669110875247,1.07003563133095,0.28460327064754,0.207823497625584,0.494752706441693,0.420055302214049,0.674445054496685,0.426722312913284,0.50367852921735,0.847211640282453,0.39687716652315,-0.218898815287701,0.741587374393369,-0.295176027594542,0.767859413765001
0,"",626631.428493447,0,0.283435045879078,0.474275996646338,0.655673129725724,0.000013385978268757,0.0105286945607362,0.00380081963018621,0.134317645765385,0.0735539068816068,41.5537913639778,1.82611164328204,0.0750244736861896,-0.0354466383928929,0.0330461213082585,85951.4475084604,-1.07264141719514,0.283435045879078,0.239651401357391,0.33233555852563,48.8691741776908,0.721112728413949,0.474275996646338,0.167421201721964,0.373340584799663,52.7083501800807,0.448440937145378,0.655673129725724,0.166713552372005,0.081018933891983,2.05771101103692,0.0396178827531278,0.0816777926810884,0.0809981549074983,1.00839078093034,0.31326689697973,0.085035759690917,0.0677653758485136,1.25485557522784,0.20953119345724,0.0722301996354269,0.495353694569428,0.145815405087896,0.884067114388015,0.407072603079356,0.504266743613551,0.807256493185122,0.419518724126104,-0.334842403443929,0.746681169599328,-0.448440937145378,0.653835002949016
0,"",626582.183262395,0,0.76429904936508,0.354156906939052,0.420726230424092,0.00000104599158554876,0.0177629082800943,0.0124211206873566,0.137971901337758,0.0733058865134698,40.8698504115391,1.8821394556412,0.0669507427636096,-0.00990570408069649,0.0330365062696422,85951.572959214,-0.299841151477903,0.76429904936508,0.309995273743065,0.331355792678535,48.3975377753021,0.935536002667101,0.354156906939052,0.304993293201506,0.375817903253647,52.3644637074252,0.811545406860674,0.420726230424092,0.147666340585884,0.0808045560137064,1.82745067692516,0.0676320357396759,0.102091394766667,0.0807838901864736,1.26375932789334,0.206316423540932,0.0455749458192171,0.0678476984850847,0.671724271225443,0.50175924685713,0.00500198054155887,0.496568142088317,0.0100730999788328,0.991962964963794,0.614988566944573,0.505461764882503,1.21668662136597,0.223723471207492,-0.609986586403014,0.751635806507295,-0.811545406860674,0.417052528052247
0,"",626578.784841465,0,0.653289921270778,0.414143216221068,0.335586335501294,0.00000234759428346045,0.0137689134803309,0.0178478611394173,0.135650660288622,0.0726368763247039,41.516159461994,1.86751781123174,0.0688998978068006,-0.0148396948229077,0.0330359728327924,85951.1469062634,-0.449198057463512,0.653289921270778,0.276869483031969,0.336135458789984,48.5960017876008,0.823684249286403,0.414143216221068,0.375038047176975,0.385869399794507,51.9831468746795,0.971930003718098,0.335586335501294,0.154636625792789,0.0803177609225817,1.92531046703161,0.0541905289462998,0.0932768449156261,0.0802978508681595,1.1616356341688,0.245383501115535,0.061359780877163,0.0682476816670126,0.89907494845823,0.368612740746578,-0.0981685641450061,0.507327021010464,-0.193501548467653,0.846566193471685,0.651907530208946,0.516123797610712,1.26308365013746,0.206559119144805,-0.750076094353952,0.771738799589015,-0.971930003718098,0.331085372071
0,"",626450.923673821,1,0.834991217033398,0.51006105801351,0.201262204974919,0.000000504788522496811,0.00890830498471656,0.0316172563526272,0.131446911443939,0.073835011275895,50.8613510965908,1.78027888358774,0.0810040479050941,-0.00687642335309402,0.0330113004564303,85958.7824648578,-0.20830513363658,0.834991217033398,0.22691707644497,0.34195173724755,48.9918105946039,0.663593869332202,0.51006105801351,0.506986420071762,0.391625412429845,51.3302978263334,1.29456976993949,0.201262204974919,0.150152409799944,0.0814879848419564,1.84263250700284,0.0653826843947776,0.0935731665247843,0.0814690474243098,1.14857322484002,0.250732002949096,0.0565792432751595,0.0684414156541747,0.826681370254625,0.408417683335283,-0.280069343626793,0.515527211286715,-0.54326781883688,0.586945418128265,0.733903496516735,0.524246700473998,1.39992010603629,0.161537244446982,-1.01397284014353,0.783250824859692,-1.29456976993949,0.195468686399329
0,"",626471.997257793,0,0.738121969151045,0.428923396259539,0.16773633728269,0.00000130062507561074,0.0129807053048877,0.0367868900856888,0.134966776150703,0.0758083377736099,42.5330994059786,1.78036849394799,0.0821597493263811,0.0110382242924937,0.0330147247236087,85946.9323723653,0.334342460368913,0.738121969151045,0.265616029915431,0.332963878365714,48.3884455912626,0.797732268194238,0.428923396259539,0.562547828551245,0.402013261492813,51.270488589968,1.39932654575203,0.16773633728269,0.136469833496991,0.0833045824746399,1.6382031989481,0.10137931254465,0.111026475947646,0.0832859271222585,1.3330760643952,0.182506843321817,0.025443357549345,0.0688755901818067,0.369410374302183,0.711821866424707,-0.296931798635814,0.517644868382255,-0.57362067466019,0.566224518128553,0.828163858466678,0.526310748191954,1.57352640300751,0.115596979614132,-1.12509565710249,0.804026522985629,-1.39932654575203,0.161715082748198
0,"",626539.226904102,0,0.264522044756421,0.457462224850295,0.158128457956534,0.0000144853034849996,0.0114707591844702,0.0383075131099908,0.136289038147723,0.0833798713425289,44.3726743385059,1.6345556301933,0.109218038330002,0.0368502649120423,0.0330266415520044,85944.5838691878,1.11577390798326,0.264522044756421,0.258892548916339,0.34563279769539,48.3511232037594,0.749039300212778,0.457462224850295,0.593228830587506,0.414207378998337,51.4945301681697,1.43220246829521,0.158128457956534,0.113559879461976,0.0904341801030366,1.25571857159087,0.209218023410408,0.13714890304238,0.0904180213812442,1.51683150048259,0.129309231691073,-0.0235890235804034,0.0694065500921922,-0.339867397948324,0.733956389379129,-0.334336281671168,0.535190153799418,-0.624705591643736,0.532164302535739,0.852121379503848,0.543719658091361,1.56720723045968,0.11706626094499,-1.18645766117502,0.828414757996676,-1.43220246829521,0.152085885547166
0,"",626474.8631224,0,0.05111018851096,0.39270905972312,0.172135051749092,0.0000442687544408022,0.0153190723715863,0.0359993399445072,0.151308853568831,0.0898374975120379,46.2443253784075,1.68425053857446,0.0988722229490181,0.0643960469287555,0.0330137821692242,85943.1613430865,1.95058071803679,0.05111018851096,0.310408218033787,0.359887117828604,47.8186021836236,0.8625155018236,0.39270905972312,0.568858366198743,0.410819666897116,51.3438747539216,1.38469117239512,0.172135051749092,0.0978287681929071,0.0964841062548023,1.01393661599097,0.310612998004477,0.178567989196435,0.0964693648897683,1.85103311709865,0.064164788915867,-0.0807392210035279,0.0692413780089787,-1.1660545085203,0.243592407748757,-0.258450148164956,0.541895787322519,-0.476936994550088,0.633406987644229,0.879266584232532,0.550392612831046,1.59752613631543,0.110148476458769,-1.13771673239749,0.821639333794235,-1.38469117239512,0.166146919501073
0,"",626725.822864343,0,0.171866352735484,0.405730223686685,0.245301119530959,0.0000217194913348191,0.0145727012775496,0.0263597035247784,0.170816147801409,0.0930165085056004,46.6627968643525,1.83640678999604,0.0726726191199312,0.0451706705472999,0.033061964983143,85940.2612038696,1.36624276779468,0.171866352735484,0.304206665310378,0.362633674828967,47.5867138773157,0.838881456483197,0.405730223686685,0.483652378692866,0.411488762339582,51.0280199051193,1.17537202217379,0.245301119530959,0.133224588823639,0.0994838400155686,1.3391580864067,0.18051921397345,0.182710617524476,0.0994694660178656,1.83685129556903,0.0662318509684081,-0.0494860287008376,0.0693450127042922,-0.71362058742221,0.475461823645501,-0.179445713382489,0.544210212294726,-0.329736027234467,0.741599428982939,0.787859044003246,0.552709337841849,1.42544912861357,0.154027415301722,-0.967304757385735,0.822977524679166,-1.17537202217379,0.23984591164551
0,"",626926.333685252,0,0.400650050766681,0.512715674940328,0.316865843249757,0.00000821966943200866,0.00896838486801417,0.0199278842351678,0.199930630923508,0.0968964700876197,47.2490909163194,2.06334276927445,0.0445980050005766,0.0278193412610403,0.0330999398555529,85937.230396724,0.840465009375942,0.400650050766681,0.237675077106334,0.360380901835516,48.0636804333278,0.659510745147125,0.512715674940328,0.421715250663278,0.417133411469797,50.2672932944198,1.01098410980155,0.316865843249757,0.179884453938009,0.103154977622645,1.74382718201006,0.0811892291478649,0.199899806427833,0.103141084712025,1.93812007102662,0.0526085752755242,-0.0200153524898239,0.0696446260507284,-0.287392633499747,0.773811701022578,-0.184040173556944,0.546991820623083,-0.336458730493086,0.736524967611687,0.659390327769614,0.555472144140342,1.18708081894925,0.235195743415177,-0.843430501326558,0.834266822939595,-1.01098410980155,0.312024035192988
0,"",626951.85658277,0,0.10852584369742,0.773544392479581,0.361727100993154,0.0000299704878766,0.00172657751179851,0.0166004493361015,0.184163404641052,0.101400762724071,48.5627551820744,1.8161934850746,0.0755161774342075,0.0531276603399403,0.0331040041061182,85935.6760845689,1.60487112585035,0.10852584369742,0.102544920325112,0.354389798856018,48.4093563589377,0.289356298223398,0.773544392479581,0.381183667979239,0.414115793231872,50.1920743070283,0.920476046094204,0.361727100993154,0.142804396314343,0.107341849421276,1.33037018724999,0.183396332239704,0.216860189976946,0.107328089232581,2.02053527205732,0.0433278952970476,-0.0740557936626021,0.0695227120495558,-1.06520288808375,0.286784126969866,-0.278638747654128,0.540772411726197,-0.51526065607653,0.606370888160393,0.483728588304352,0.54930250153297,0.880623312208451,0.378521736524738,-0.76236733595848,0.828231586463746,-0.920476046094204,0.357324045059484
0,"",627081.863860832,0,0.141121102024372,0.789908157052536,0.426632776677264,0.0000252025076763246,0.00147978189178557,0.0124271708717199,0.180430490390678,0.107088338828954,48.8349014447913,1.68487523817948,0.0983939023908795,0.0487524636269468,0.0331279256505056,85931.0160978991,1.47164250914101,0.141121102024372,0.0906661033750004,0.338422998478736,48.4316559575695,0.267907629749038,0.789908157052536,0.332228543841928,0.414575563887579,51.0344393449595,0.801370299606029,0.426632776677264,0.141880715102149,0.112650846705114,1.25947313537332,0.207859487705317,0.211321475729859,0.112636955519089,1.87612915100538,0.0606375477023482,-0.0694407606277098,0.0695807372499617,-0.997988284864688,0.318285039454875,-0.241562440466928,0.530854145874478,-0.455044841119214,0.649076979370399,0.422894647216929,0.539444087883041,0.783945281292282,0.433072218388219,-0.664457087683857,0.829151127775161,-0.801370299606029,0.422917303982774
0,"",627271.110612631,0,0.268356225580867,0.737324806008698,0.494470346759307,0.0000142584557631114,0.00229476959511748,0.00918047071102887,0.19206474212526,0.115740924393863,48.0942778901886,1.65943673882946,0.103535739524947,0.0367064856253733,0.0331626250930847,85922.9391892267,1.10686308826099,0.268356225580867,0.109904368386999,0.325844477938554,49.4620760191238,0.337290872879926,0.737324806008698,0.296489440075301,0.430850372667152,51.1087339207043,0.688149433966837,0.494470346759307,0.16323890769449,0.120952325585568,1.34961363416702,0.177139948474488,0.211606682789135,0.120939159123273,1.74969533708635,0.0801708987423628,-0.0483677750946447,0.0703371849147599,-0.687655827472489,0.491669542959052,-0.186585071688303,0.535932005477747,-0.348150641837438,0.727727053730351,0.406393808462301,0.544417321882348,0.746474794477839,0.455380652193168,-0.592978880150604,0.861700745334307,-0.688149433966836,0.491358683081255
0,"",627286.634894571,0,0.20365810626984,0.710050081303428,0.466185339225659,0.0000188086219782216,0.0028653354237959,0.0105295032275144,0.192408524424939,0.118678263714837,49.5281967051896,1.62126170709122,0.111311385140728,0.0421591588197058,0.0331646427164066,85914.8194137795,1.27120799039543,0.20365810626984,0.117736460967469,0.314827650399026,48.6692398942604,0.373971157927979,0.710050081303428,0.324333494853836,0.441724804733015,50.6611444083418,0.73424333743238,0.466185339225659,0.158975246765855,0.123784290971461,1.28429258283272,0.199039601090536,0.21589631208982,0.12377110259783,1.7443192114991,0.0811034435048301,-0.0569210653239655,0.0708206310974634,-0.803735640898634,0.421549665864666,-0.206597033886368,0.538224708196693,-0.383849033201328,0.701090343464488,0.442069955821306,0.546615649822589,0.808740027777809,0.418664698860129,-0.648666989707673,0.883449609466033,-0.73424333743238,0.462800445027377
0,"",627167.340541164,0,0.0985287174631631,0.324616901353612,0.539012735389385,0.0000317695813652276,0.0205077416783609,0.00749983182561026,0.196131487680333,0.117171667811264,50.3168487116596,1.67388150517969,0.100360076291992,0.0547503667172146,0.033140934727941,85905.1634416748,1.6520465450558,0.0985287174631631,0.301378725896116,0.302779224815219,47.3212501046673,0.995374521088899,0.324616901353612,0.284727653866827,0.460345032469521,50.6257466015352,0.618509234995773,0.539012735389385,0.140677842348748,0.122405000566329,1.14928182425454,0.250439790298729,0.226126926792407,0.122391449969366,1.84757127110599,0.0646643889281575,-0.0854490844436583,0.0716265042250659,-1.19298136029589,0.232876673157569,0.016651072029289,0.546882686407732,0.0304472466273593,0.975710364944649,0.586106379762945,0.555072016143493,1.0559105174047,0.291009098586413,-0.569455307733656,0.920690064939043,-0.618509234995773,0.536239712145903
0,"",626993.07617346,0,0.105894893436495,0.0773080816771247,0.651655617458962,0.0000304351125314418,0.0661114265030503,0.00407138683613692,0.172643173515502,0.113255001848854,50.1854920795655,1.52437570700767,0.133692401937934,0.0535328346123265,0.0331074949312463,85901.2944401946,1.61694005310571,0.105894893436495,0.536917518404896,0.297152327307536,46.1185251150871,1.80687636967156,0.0773080816771247,0.211976424515484,0.466735682789406,50.4567132557171,0.454168027712442,0.651655617458962,0.105386050048955,0.118674547729383,0.888025714572517,0.374526919334541,0.194545546523877,0.118660435363762,1.63951485537268,0.101106079417481,-0.0891594964749218,0.0718707410622105,-1.240553459686,0.21477075373009,0.324941093889412,0.549235598866068,0.591624240235473,0.554102238050064,0.748893942920382,0.557336221113065,1.34370226543818,0.179044684471869,-0.423952849030969,0.933471365578814,-0.454168027712442,0.649707893220135
0,"",627289.895673413,0,0.105213163483681,0.0628232701811857,0.456283230386214,0.0000305530250082107,0.073305764022506,0.0110198706684949,0.152511833567774,0.111519148916631,49.7074490543025,1.3675842673601,0.177594149488801,0.0537315825976,0.0331654719872441,85905.192526191,1.62010607351724,0.105213163483681,0.567160828220828,0.297457596283964,45.9579517678313,1.90669471987327,0.0628232701811857,0.334063257020352,0.444974357546279,50.5822939324081,0.750747209035767,0.456283230386214,0.0889350868511005,0.116880229726219,0.76090787175404,0.446712096494478,0.168179102661095,0.116865332418178,1.43908462142821,0.150126548635191,-0.0792440158099941,0.0709685411376425,-1.11660764811695,0.264162120080753,0.233097571200476,0.531055857997778,0.438932303805698,0.660710588917112,0.901224085241183,0.539394175541192,1.67080796587571,0.0947596146132303,-0.668126514040707,0.889948715092561,-0.750747209035767,0.452804805650008
0,"",627556.981574598,0,0.0936925300451281,0.0960347770693594,0.326129579080553,0.0000327048453899349,0.0583700497593362,0.018968168513946,0.142683308083792,0.105250827362451,49.0584905747424,1.35565022774059,0.181418723488901,0.0556819947253451,0.0332181575491736,85911.674595311,1.6762517500532,0.0936925300451281,0.513508676567079,0.302280543333867,46.5548984776413,1.69878177041621,0.0960347770693594,0.44116760737857,0.444943131398058,50.8458977691404,0.991514591971281,0.326129579080553,0.0839458988595221,0.110948278692416,0.756621912920763,0.449276409308005,0.158043369604831,0.110932870889853,1.42467573711091,0.154250955799643,-0.0740974707453084,0.0710479864879917,-1.04292147333172,0.296984663455495,0.0723410691885095,0.533710725910632,0.135543592580193,0.892182100352939,0.954676283945652,0.542078126436591,1.76114149859047,0.0782144567116982,-0.882335214757142,0.889886262796119,-0.991514591971281,0.321434370722846
0,"",627606.925127054,0,0.254734374316894,0.0901869428610111,0.266307411437581,0.0000150980641539228,0.0607781793110408,0.0242350566551575,0.147983084965484,0.100978207890496,48.3894510810456,1.46549525939262,0.149253906611496,0.0378451316710096,0.0332285915932118,85914.8724786335,1.13893276411814,0.254734374316894,0.529246850281317,0.305817466426005,46.2820385626824,1.73059719729701,0.0901869428610111,0.501942292215212,0.446584365213205,50.8629707017131,1.12395849768627,0.266307411437581,0.10898471152548,0.106935599092681,1.01916211673366,0.308126008344012,0.142274668251585,0.106919920672458,1.3306656734944,0.183299042653653,-0.0332899567261053,0.0711372247760045,-0.467968167593381,0.639807353902654,0.0273045580661057,0.537063212889406,0.0508404921633095,0.959452624500862,1.03118914249653,0.545423634809783,1.89062056846172,0.0586750125594615,-1.00388458443043,0.893168730426412,-1.12395849768627,0.261030632885246
0,"",627419.249293152,0,0.557142257709068,0.13637116951714,0.346076116825612,0.00000401182308106316,0.0474833240402049,0.0175190663728767,0.173234876137999,0.101440646626646,48.5581584229946,1.70774617373638,0.0940702529626434,0.019487092459763,0.033192468802202,85915.4887565573,0.587093794555898,0.557142257709068,0.462667188058965,0.305208434829479,46.0973343139863,1.51590564106611,0.13637116951714,0.414396537799824,0.435713966031557,50.7273818818566,0.951074718981606,0.346076116825612,0.151709013083209,0.107282564502663,1.41410688480926,0.157330521979065,0.155678097743616,0.107266653390235,1.45131867941531,0.146691142230119,-0.00396908466040678,0.0705987469066554,-0.0562203273332123,0.955166287901323,0.0482706502591417,0.527733317245638,0.0914678847852119,0.92712082346703,0.877063725858791,0.536185829392139,1.63574581382186,0.101892796821581,-0.82879307559965,0.871427932063116,-0.951074718981606,0.341566447217626
0,"",627387.223836313,0,0.732162113592012,0.117423567256276,0.515857816822599,0.00000136327553137619,0.0517609234202297,0.00844663693039747,0.208568573127672,0.0970680265811759,47.7155720553425,2.14868459237966,0.0367632543460436,0.0113584049833338,0.0331872594653174,85922.6544195209,0.342251971579755,0.732162113592012,0.493311390347317,0.309245681722107,46.6176988053085,1.59520866257597,0.117423567256276,0.276796141347433,0.422997757708793,50.266216532971,0.654367869103434,0.515857816822599,0.188065378905618,0.103083802527603,1.82439310826994,0.0680926631518075,0.187400534356908,0.103067205162773,1.81823630572837,0.069028023196817,0.000664844548710446,0.0700365507836086,0.00949282255153615,0.992425937202304,0.216515248999885,0.519679131477673,0.416632563990473,0.676947186831766,0.770107531694753,0.528255231576071,1.45783228572504,0.144886776795773,-0.553592282694868,0.845995515417587,-0.654367869103434,0.512874829936322
0,"",627503.733771536,0,0.950369479062669,0.127067869694701,0.667926528088295,0.0000000450858441199645,0.0479169034070042,0.00368524793952569,0.223267031971301,0.0907030224081353,46.4323235138959,2.4615170039943,0.0176082442030847,-0.00206711691472665,0.0332104416410603,85929.1576912945,-0.0622429818027754,0.950369479062669,0.497192046189944,0.320203388360651,47.9051945962492,1.55273824157647,0.127067869694701,0.192135300673146,0.445243580890319,50.3441303932986,0.431528513648523,0.667926528088295,0.212449700070127,0.0973582138963372,2.18214459332969,0.0290988629635112,0.192085322284625,0.0973422114162788,1.97329934763021,0.0484614672140517,0.0203643777855024,0.0710484271375969,0.286626722166044,0.774398151224943,0.3050567455168,0.544224320692021,0.560534937374533,0.575114616084533,0.689327346863092,0.552597503840421,1.24743116295754,0.212239445994925,-0.384270601346292,0.890487161780641,-0.431528513648523,0.666084124537368
0,"",627322.977631859,0,0.229892520160887,0.108163663041432,0.597256759690596,0.0000167752910606883,0.0524642922633016,0.00555756548693139,0.23584801861532,0.0879816624944431,45.607240024565,2.68064971641353,0.0101913597639339,-0.0398322341856113,0.0331757160012262,85931.298488666,-1.20064429609113,0.229892520160887,0.528264134519292,0.322744536646151,48.3856099446405,1.63678722499482,0.108163663041432,0.240711929363708,0.452715942736866,50.5869749039692,0.531706323193522,0.597256759690596,0.263535129889619,0.0948982557856593,2.77702817304514,0.00548584236942457,0.163537129617575,0.0948823945378816,1.72357717587201,0.0847842018216054,0.099998000272044,0.0713311932457401,1.40188318352597,0.160950132940715,0.287552205155585,0.551821802215043,0.521096129223845,0.602299807281461,0.768976063883002,0.56011089981028,1.37289965994854,0.169783542327962,-0.481423858727417,0.905431885473735,-0.531706323193521,0.594929411803867
0,"",627178.731734564,0,0.0969863744773568,0.0595594005944787,0.78154220906301,0.0000320565128420869,0.071632790253629,0.00152064389877569,0.224331151533206,0.089711765573642,43.7072725165057,2.5005767091838,0.016224006862759,-0.0550129011764622,0.0331470766475624,85922.8022847027,-1.65966072246397,0.0969863744773568,0.582949864630495,0.302123701732309,48.250380397927,1.92950722266407,0.0595594005944787,0.123659913336875,0.443579218323099,51.0301752024555,0.278777517586052,0.78154220906301,0.259945373755447,0.0963047288135997,2.69919636302157,0.00695071508603756,0.139473712739287,0.0962874342628451,1.44851416809541,0.147473306495036,0.12047166101616,0.0708781450708427,1.69970109821228,0.0891871626777416,0.459289951293621,0.532502363823328,0.862512511674037,0.388405551067684,0.706609777967371,0.540854639136709,1.30646892313845,0.191393140590864,-0.24731982667375,0.8871584366462,-0.278777517586052,0.780415569085069
1,Model failed to converge with 1 negative eigenvalue: -1.5e+03,627352.566018363,1,0.292320958472803,0.0194862307993691,0.763811589976588,0.0000129028691153337,0.0000741654731621525,0.00177796972155105,0.199057609430161,0.087781589136232,43.0330219547162,2.26764645512665,0.0284286614207276,-0.0349373036190035,0.0331772450487679,85942.153449715,-1.05305017241933,0.292320958472803,0.551519748638473,0.23608088562362,73581.1383271753,2.33614740635018,0.0194862307993691,-0.125192700009293,0.414431241421094,51.2337126083241,-0.302083162408328,0.763811589976588,0.205413126100268,0.0939507916101937,2.18639058362102,0.028787041938082,0.14611385580596,0.0939247814096304,1.55564754703787,0.119791925811503,0.0592992702943087,0.0696645892226135,0.85121108092402,0.394652108471831,0.676712448647768,0.472870659776025,1.43107303161565,0.152409285452149,0.426327048629181,0.481007500948075,0.886320998713911,0.375444576683924,0.250385400018587,0.82886248284219,0.302083162408328,0.762588667664302
0,"",627670.013712501,0,0.195309021122434,0.122748500447725,0.588951975420196,0.0000195182951206565,0.0483458333802507,0.00575864864112429,0.191237218363846,0.0873931441256892,45.4648487516926,2.18824051104979,0.0338298934594135,-0.0430513724033554,0.0332432099941724,85924.6433204822,-1.29504257894777,0.195309021122434,0.470700227690127,0.299677629990995,48.5624141513402,1.57068856859376,0.122748500447725,-0.21926024765987,0.403206600359145,51.0547055430805,-0.543791315580078,0.588951975420196,0.205147257030814,0.0938335826051304,2.18628822789504,0.0287945248567045,0.137565967526127,0.0938139155503369,1.46637059885124,0.142547351610983,0.0675812895046865,0.0692885737691893,0.975359800734389,0.329381816627258,0.689960475349999,0.497966920343756,1.38555483740508,0.165882876814877,0.251439980030257,0.506747901055106,0.49618356485884,0.619764905467882,0.438520495319741,0.806413200718291,0.543791315580078,0.586585085614974
0,"",627458.422444159,0,0.0371004149312037,0.200334379393942,0.572873777150633,0.000050568238656841,0.0330535956217343,0.00629263033051239,0.185930723072668,0.0849633936836208,45.0300391741125,2.18836271730176,0.033871396140062,-0.06921860256704,0.0332033109471152,85937.5721718111,-2.08468976715269,0.0371004149312037,0.421254880912286,0.324545392891208,49.2858996098003,1.2979844734801,0.200334379393942,-0.233811793961432,0.412005832474526,50.857193628964,-0.567496320518443,0.572873777150633,0.227481774708769,0.0917841393410482,2.47844318573932,0.0131957124730472,0.108795229975569,0.0917663859438307,1.18556733880924,0.2357932069681,0.118686544733201,0.0695920038491589,1.70546238315618,0.0881082222092384,0.655066674873719,0.520125214276856,1.25944033646682,0.207871327759305,0.187443086950855,0.528797501462828,0.354470447444107,0.722986347641807,0.467623587922865,0.824011664949055,0.567496320518443,0.570377025751823
0,"",627188.386389168,0,0.0455526794390513,0.200246275450638,0.563497560315167,0.0000465213987762848,0.0330826388462695,0.00663424397850605,0.185255355708709,0.0864736490500524,45.3486697857399,2.14233304299996,0.0375704517597594,-0.0662872160706482,0.0331511681971252,85938.727194767,-1.99954389771388,0.0455526794390513,0.424110662071919,0.326678310276584,49.2614277046332,1.29825167062008,0.200246275450638,-0.235190420433005,0.404469072223396,50.6274863163566,-0.581479367854127,0.563497560315167,0.223696175406737,0.0931262766497168,2.40207365154459,0.016302425741116,0.110988859653413,0.0931086889005893,1.19203546912699,0.233247337910249,0.112707315753324,0.0691933476627796,1.62887502282176,0.103339478604333,0.659301082504927,0.5155415532264,1.27885148806889,0.200949358613699,0.188920241638915,0.524256430077639,0.360358463530789,0.718579084233991,0.470380840866012,0.808938144446793,0.581479367854127,0.560917419696841
0,"",627326.864355382,0,0.108021705276096,0.188949550269166,0.599434488749414,0.0000300543034581063,0.0349189027618016,0.00550925343382318,0.176553220547028,0.0922325056938358,45.252327043264,1.91421906212863,0.061928393845948,-0.0533219630119682,0.0331776394657726,85941.2313539943,-1.60716566550726,0.108021705276096,0.439364903590405,0.329802762736536,49.0507177905927,1.33220504262844,0.188949550269166,-0.199791277862473,0.377997013399876,50.4294588537862,-0.528552530258003,0.599434488749414,0.202879631989256,0.0983342488570871,2.06316348929566,0.0390970977225972,0.113112569246092,0.0983164575429814,1.15049476021492,0.249940151098734,0.0897670627431631,0.0681594850178168,1.31701497920206,0.187833603623857,0.639156181452879,0.497159463685089,1.2856160410088,0.198577095648625,0.239573625727933,0.506098485044278,0.473373528685771,0.635946712130183,0.399582555724947,0.755994026799755,0.528552530258003,0.597115897565378
0,"",627522.214015234,0,0.242932719085952,0.213815093479693,0.852770311305029,0.0000158658776222271,0.0309189353263244,0.00068996274461262,0.152146478908093,0.0945571069358228,43.0088172250027,1.60904329498318,0.114923687986118,-0.0387848180021968,0.033214829586946,85938.6382827659,-1.16769582998071,0.242932719085952,0.404369077987423,0.3211140649316,49.7018776539507,1.25926928200282,0.213815093479693,-0.0704314803572229,0.37756805955036,50.3985156750853,-0.186539826597352,0.852770311305029,0.170877508290115,0.1004733169552,1.70072526187532,0.0889945891734717,0.0992573935930007,0.100455310506343,0.988075126070447,0.323115856685105,0.0716201146971145,0.0682029250757818,1.05010327075467,0.293670635121715,0.474800558344647,0.491141095311585,0.966729444709628,0.33367930348061,0.333937597630201,0.500124173656083,0.667709371432698,0.504319126788132,0.140862960714446,0.755136119100723,0.186539826597352,0.852021449806255
0,"",627938.752070234,0,0.939676490667539,0.105803864090207,0.951180765172481,0.0000000666452009261702,0.0529624155882109,0.0000764545245572396,0.124913328526057,0.0978379371865797,43.9260822738375,1.27673714428222,0.208403493886696,-0.00251962472739963,0.0332945909111142,85932.1042933155,-0.0756766987804781,0.939676490667539,0.518311555043143,0.314505356084176,48.5651931172708,1.64802139301061,0.105803864090207,0.0239139165080463,0.388622585250967,49.5232282653504,0.061535066194372,0.951180765172481,0.106551457721811,0.103620393957714,1.02828655298582,0.303815054565378,0.0994921406057396,0.103602789993491,0.960322985626069,0.336892685125191,0.00705931711607093,0.068772045707521,0.102648060610169,0.918242297419758,0.494397638535098,0.495454796052228,0.997866288659322,0.31834420084606,0.54222547155119,0.504387559932248,1.07501753537305,0.282366877597442,-0.0478278330160926,0.777245170501936,-0.061535066194372,0.950933088524295
0,"",628490.773097373,0,0.357287452387851,0.0943014939073062,0.879138327407859,0.00000986159192226358,0.05909231443348,0.000477265194821706,0.147484564494335,0.0972569187969846,46.6358255265569,1.51644290523121,0.136157118646096,0.0307477791666832,0.0334014926583692,85929.9276476853,0.920551050851882,0.357287452387851,0.548268721357207,0.32099008031162,46.4536382228848,1.70805503031415,0.0943014939073062,-0.0630413465926824,0.41241598147965,48.934246237349,-0.152858641332242,0.879138327407859,0.0909173487903568,0.10329375521071,0.880182433147997,0.378760488352512,0.157738165557742,0.103277188065266,1.52732823688092,0.126679411386556,-0.0668208167673853,0.0699210846917486,-0.955660471544012,0.339243799227916,0.611310067949891,0.518216381161666,1.17964250103314,0.238142431621692,0.485227374764525,0.526967673745056,0.920791537963059,0.357159273790003,0.126082693185365,0.824831962959302,0.152858641332242,0.878509751963763
0,"",628651.1399167,0,0.0407080016195883,0.0895860658809866,0.77188525503337,0.0000487383553590204,0.0603088270690407,0.00171623470991432,0.159225121345079,0.0980843567,47.3165843439227,1.62334878569968,0.111159393031835,0.0684200838608868,0.0334323591246296,85929.2696002597,2.04652275975589,0.0407080016195883,0.565338717753817,0.3261233658709,46.8228551431365,1.73351184526169,0.0895860658809866,-0.125144948547243,0.429306799539296,49.4274768455528,-0.291504697064059,0.77188525503337,0.0616416061311192,0.104229116634758,0.591404859998241,0.55424918481559,0.209053077112513,0.104213509264676,2.00600746090961,0.0448554519842268,-0.147411470981394,0.0706902384925781,-2.08531579642175,0.0370406444801799,0.690483666301062,0.534811202196774,1.29107928828875,0.196676185174442,0.440193769206575,0.543413777705461,0.81005264729443,0.417909917998522,0.250289897094487,0.858613599078593,0.291504697064059,0.770665352053417
0,"",628471.212097778,0,0.0116187351956392,0.0980812775020616,0.828114286007334,0.0000741092105405381,0.0558443663042705,0.000947915899124625,0.152877880910828,0.0980976758467705,47.6880798684729,1.55842510631572,0.125744949573353,0.0842799982722899,0.0333971129844191,85926.4384380376,2.52357137311867,0.0116187351956392,0.541671192233122,0.321089458498393,48.1153450291732,1.68697905800552,0.0980812775020616,-0.0952467994372211,0.436399179300819,50.2054951059766,-0.218256137854846,0.828114286007334,0.0416968637815379,0.104259100610438,0.399935003634239,0.689204389843106,0.218302592998891,0.104243472574079,2.09416079115897,0.036245659226067,-0.176605729217353,0.0709450265516792,-2.4893320617578,0.0127983367170765,0.636917991670345,0.537515273430148,1.18493003483577,0.236045110994296,0.446424392795902,0.546042762918578,0.81756306119649,0.413606727088798,0.190493598874443,0.87279835860164,0.218256137854846,0.827229547520385
0,"",628724.763425503,0,0.0104641831869001,0.14042808328976,0.963321459044679,0.0000762742446147924,0.0438060111365162,0.0000421116993860132,0.157665798670147,0.102052212797731,48.0224756454395,1.54495227832681,0.128922890243004,0.0856262839605208,0.0334457161893104,85925.5164687481,2.56015698619986,0.0104641831869001,0.485182934899331,0.323788243954019,49.0118596923164,1.49845753809466,0.14042808328976,0.0205958983858014,0.44566685709961,50.7130520143459,0.0462136639907195,0.963321459044679,0.0524171068118806,0.108079524460169,0.484986467822573,0.627685944618117,0.221929888267163,0.108064746921139,2.05367517705953,0.0400071406248774,-0.169512781455282,0.0714295330935889,-2.37314698995977,0.0176372434251211,0.464587036513531,0.546624631609871,0.849919688297378,0.395369738648433,0.505778833285134,0.555082931639155,0.91117705923973,0.36220208936703,-0.0411917967716029,0.891333714199223,-0.0462136639907195,0.96313995182141
0,"",628719.692896327,0,0.00365816768515347,0.216382532843516,0.623920275162838,0.0000982935966189506,0.0309837307100791,0.00477961976918638,0.160815762539466,0.10553587686383,48.7464246283527,1.52380183230924,0.13402009627572,0.0971981289026357,0.0334438709357092,85924.0649938862,2.90630618356004,0.00365816768515347,0.415508282950762,0.331784173441298,49.0507214098112,1.25234509723918,0.216382532843516,0.232711972005457,0.471729592239903,50.6730590848607,0.493316458907053,0.623920275162838,0.0558970054365911,0.111606734860285,0.50083899960487,0.616484436076819,0.230635507521221,0.111593491540931,2.06674694318196,0.0387580052813532,-0.17473850208463,0.07261019913806,-2.40652834118228,0.0161049543673127,0.182796310945306,0.572602050805146,0.319237960619024,0.749546073311662,0.648220254956221,0.580814930331206,1.11605301638265,0.2643994417077,-0.465423944010915,0.943459184479808,-0.493316458907053,0.621789000581874
0,"",628723.267592867,0,0.00255551012491144,0.323463687619279,0.439775079593139,0.000105912331934471,0.0197677823355225,0.0118172178345649,0.149987445951384,0.106776610540609,49.062760114531,1.40468446406006,0.166414840287714,0.100894431108897,0.033444426201524,85920.0188177493,3.01677865546096,0.00255551012491144,0.32428805442661,0.325150526270143,49.3246488303283,0.997347469021729,0.323463687619279,0.366331552197319,0.470439582147891,50.7064238703954,0.778700530522441,0.439775079593139,0.0508687739529782,0.112737111325593,0.451215871640223,0.651833971571909,0.221712704099596,0.112723551264823,1.96687117831059,0.0491980640465247,-0.170843930146618,0.0725517055112326,-2.35478861513693,0.0185332451484,-0.0420434977707082,0.567742694393454,-0.0740537891299952,0.940967585178471,0.690619606623931,0.575969411803554,1.19905604789214,0.230506152773536,-0.732663104394639,0.940879164295785,-0.778700530522441,0.436156143529954
0,"",628808.131280822,0,0.00347431139807993,0.511438135942887,0.410134798919446,0.0000993908356098373,0.00859158494524623,0.0134198284081301,0.115759974160426,0.105554904149266,48.3941307605806,1.09668020726663,0.278208524222788,0.0977880077449286,0.033461495034622,85919.3544985387,2.92240402420003,0.00347431139807993,0.21196257952013,0.320531599247241,50.4610175616268,0.661284503674265,0.511438135942887,0.378316812688696,0.455514791471692,50.7097811482988,0.830525857275497,0.410134798919446,0.0249981431320212,0.111450169273376,0.224298835030958,0.822524782628095,0.188616801960092,0.111435777120671,1.69260543457101,0.0905305959436737,-0.163618658828071,0.0718955903194557,-2.27578156186019,0.0228590868383835,-0.166354233168567,0.552784615011875,-0.30093860909098,0.76346130837549,0.590279392208827,0.561157404065171,1.05189629136618,0.292847133630408,-0.756633625377394,0.911029582943386,-0.830525857275497,0.406241534643175
0,"",629033.088629116,1,0.0111405040443588,0.553853578532351,0.472604055336973,0.0000749725318175752,0.00704001874198122,0.0102279082224459,0.0932553203726147,0.102314959559865,50.3645084135721,0.911453425518395,0.36639856469973,0.0850491731676379,0.0335061484658169,85932.3000223793,2.53831541558426,0.0111405040443588,0.197671840890282,0.331660133260539,50.1026852185859,0.596007240746656,0.553853578532351,0.330568610928558,0.456803315333407,50.6772585265855,0.723656330487193,0.472604055336973,0.0138192065997324,0.108464258176459,0.12740792987539,0.898617540257948,0.155993604946665,0.108450108031899,1.43839049842884,0.150323287042173,-0.142174398346932,0.0720215580178305,-1.97405335652047,0.0483756762485891,-0.132896770038276,0.560304329550688,-0.237186762673862,0.812511905203545,0.528240451818841,0.568677838564805,0.928892276076702,0.352944916248156,-0.661137221857117,0.913606630666816,-0.723656330487193,0.469276749290544
0,"",629138.413586464,1,0.0314086604264251,0.545466643909862,0.495033756339896,0.0000538841579149667,0.00725716044063325,0.00920553712509661,0.0781358289885279,0.100184443650008,50.4289040325106,0.779919777380748,0.439083390382625,0.0721462947028121,0.0335269167961385,85932.2784735343,2.15189172155317,0.0314086604264251,0.19888884000993,0.326763573165989,50.6784817372458,0.608662826406597,0.545466643909862,0.311086435900516,0.452638351075228,50.8386361861493,0.687273703524105,0.495033756339896,0.0107283384680993,0.106402755773454,0.100827637311776,0.919687287232203,0.128742687385117,0.106387927796531,1.21012496484884,0.22623094496275,-0.118014348917018,0.0718660825936678,-1.64214250530773,0.100560474608833,-0.112197595890586,0.554034079006121,-0.202510278955867,0.839517823440533,0.509975275910447,0.562457161501616,0.906691763953978,0.3645698199849,-0.622172871801034,0.905276702150459,-0.687273703524105,0.49191026665127
0,"",629103.743311777,0,0.00623204848894858,0.440063992656061,0.534489479360732,0.0000870707951803756,0.0117892785190327,0.00760970348300227,0.0607000473602411,0.0992904295409634,47.6928932969902,0.611338349938336,0.543878692686877,0.0916908239282345,0.0335202854769796,85926.2792524539,2.73538314556432,0.00623204848894858,0.254687217367494,0.327277752245131,50.7625771938922,0.778198993424807,0.440063992656061,0.279055684386472,0.446195608290491,51.0088977435654,0.625411095944261,0.534489479360732,-0.0299615442345268,0.105514054034108,-0.28395785290215,0.776442680165623,0.129847579918705,0.105498985768519,1.23079458037266,0.21839970306009,-0.159809124153232,0.0715678620020608,-2.23297328832641,0.0255507059204472,-0.024368467018978,0.549098350160118,-0.0443790570703265,0.964602255235691,0.533742901753968,0.557578243653869,0.957252023063695,0.338440064736699,-0.558111368772946,0.892391216580984,-0.625411095944261,0.531701281477536
0,"",629043.528966186,0,0.000475801278109,0.333931026392012,0.617530299880606,0.000142059392195073,0.0184557231032933,0.00492079535856709,0.0483088545567509,0.0990772816813318,47.9095544903369,0.48758760572509,0.628065811893784,0.117085771741276,0.0335090227282495,85931.6338619636,3.49415656466064,0.000475801278109,0.328323795832679,0.336555178116337,50.6140390685033,0.97554225036819,0.333931026392012,0.216268431430877,0.430450465164574,51.0460620175509,0.502423504986087,0.617530299880606,-0.0735097140441261,0.105246214112332,-0.698454710833276,0.484892871436889,0.142393100251366,0.105231182696293,1.35314548979579,0.176009155512136,-0.215902814295492,0.0708584100506749,-3.04696103315171,0.00231167675224092,0.112055364401802,0.542083937976139,0.206712201841211,0.836234627523387,0.544592227263557,0.550689554960797,0.988927831221215,0.322698452556312,-0.432536862861755,0.860900930329151,-0.502423504986087,0.615369648459831
0,"",629146.489200914,0,0.000763036042139439,0.23455228746969,0.767638017128184,0.000131825481718274,0.0279073782837072,0.00173128201081979,0.032011764564277,0.0982986812471949,47.5979339706471,0.32565812845216,0.746110383287574,0.112859420421314,0.0335293659553461,85934.6529859637,3.36598731308007,0.000763036042139439,0.409000235163804,0.339952132421765,50.4196914374264,1.20311125054622,0.23455228746969,0.125141618117465,0.421281862882932,50.8788930283865,0.297049621982515,0.767638017128184,-0.0928367755078406,0.104470828674735,-0.888638260895617,0.374197521464037,0.122311043404805,0.104455555404756,1.1709386152882,0.24162345201131,-0.215147818912646,0.0704959617609781,-3.05191692599529,0.00227385022194014,0.28385861704634,0.536976633952308,0.528623778202518,0.597066461911681,0.53414185328127,0.545662730313964,0.978886450562483,0.327636087710655,-0.25028323623493,0.842563725765867,-0.297049621982515,0.766428625066059
0,"",629283.786024668,0,0.0107197117130537,0.216726286706183,0.703315629802997,0.0000757660339489151,0.0299196533097155,0.00286632312976208,0.0257486243101415,0.0970531345019926,47.3659222907698,0.265304407140121,0.7919262375667,0.0856278099708805,0.0335563576017034,85935.4954277863,2.55176115915912,0.0107197117130537,0.426450504950112,0.340927594746533,50.7299116681632,1.25085358745209,0.216726286706183,0.161167545824245,0.420810422860831,51.0282230563275,0.382993236547151,0.703315629802997,-0.071083739432521,0.103307704557336,-0.688077813141899,0.491403781372179,0.0865576593816998,0.103292265689501,0.837987808708679,0.402037550519373,-0.157641398814221,0.0705181758110824,-2.23547187659166,0.0253863859495332,0.265282959125868,0.537217258723263,0.493809450121415,0.621440758527066,0.587618050774359,0.545915461061326,1.07639019717807,0.28175278464017,-0.32233509164849,0.841620845721664,-0.382993236547151,0.70172477890437
0,"",629196.12947767,0,0.338650943423264,0.326259401467813,0.73976656933367,0.0000106544253146872,0.0190684936455124,0.00217263242107886,0.0341618227048522,0.0982436147403805,47.6717433378606,0.347725628735552,0.729576945113983,0.0320910027856846,0.0335385416751169,85929.7543998947,0.956839539910399,0.338650943423264,0.33188328488939,0.334795244922183,50.5515521782056,0.991302265856644,0.326259401467813,0.148094779392529,0.443439065674671,51.224856733634,0.333968725031499,0.73976656933367,-0.00569171484469559,0.104554554378329,-0.0544377514546157,0.956586402121466,0.0459803585056863,0.104539709874601,0.439836293412726,0.660055679322496,-0.0516720733503819,0.0714732897471753,-0.722956415370877,0.469706661768506,0.183788505496862,0.551363099881867,0.333334794323813,0.738881577657191,0.47997806428192,0.559866818150996,0.857307575160616,0.391274923142633,-0.296189558785058,0.886878131349344,-0.333968725031499,0.738403158838447
0,"",629365.593920988,0,0.849753877110937,0.567855367181693,0.762378113988095,0.000000417647300255382,0.00647316846772444,0.00181407271555504,0.0624425368200898,0.0982994565964686,47.396842884871,0.635227690794102,0.528334914978475,0.00635949446143593,0.033571199622768,85921.4517049699,0.189433041800595,0.849753877110937,0.182895074667145,0.318097344546178,50.7395514212791,0.574965738642291,0.567855367181693,0.136451523827133,0.448872443615066,50.8472701572898,0.303987303671839,0.762378113988095,0.0541214415666012,0.104563140458448,0.517595792640795,0.604740317910059,0.0553140328572956,0.104547361802984,0.529081096867208,0.596749193977364,-0.00119259129069444,0.0717664253491251,-0.0166176772061976,0.986741622134222,0.0464435508400115,0.545902265548865,0.0850766772204469,0.93220043195157,0.319346598494279,0.554378479882833,0.576044363341399,0.564585195870503,-0.272903047654268,0.897744887230134,-0.303987303671839,0.761137563933453
0,"",629497.387615285,0,0.763306852157021,0.872431850642378,0.747383162006166,0.00000105545569337801,0.000508469528175785,0.0020597757237925,0.0918360775449478,0.0941087209155547,46.6714923562399,0.975850873877606,0.334169507775306,-0.010117670852496,0.0335976609299977,85921.636999413,-0.301142120386792,0.763306852157021,0.0500824177988248,0.310344562790039,51.1913377349808,0.161376817265871,0.872431850642378,0.140067278988716,0.432510709280617,50.8117609228696,0.323846961435212,0.747383162006166,0.105754370266149,0.100469136459762,1.05260554626648,0.292521814176614,0.0736871991495158,0.10045166357748,0.733558773694969,0.463217694798641,0.0320671711166327,0.0710880971735659,0.451090581849993,0.651924265336493,-0.0899848611898915,0.527996584954349,-0.170426975768549,0.864674358864677,0.190149696787541,0.53663593698901,0.354336494597147,0.723086720876624,-0.280134557977433,0.865021418561236,-0.323846961435212,0.746053900350462
0,"",629453.242774119,1,0.377285560113213,0.957609620908444,0.87026259002016,0.00000907090745280076,0.0000546787629452324,0.000525138302080383,0.108807608321161,0.0908059617326507,50.6700487727672,1.19824300348815,0.236397096002973,-0.0296571447117834,0.0335900966186977,85937.2577087604,-0.882913349385096,0.377285560113213,-0.0168083493609845,0.314706918698089,52.1669112247181,-0.0534095323690975,0.957609620908444,0.0673815778766616,0.410501342342859,51.2803959570957,0.164144598144537,0.87026259002016,0.14202061870138,0.097235833461881,1.46057902364827,0.144131006334183,0.0770144407748026,0.0972173528042948,0.792188210780003,0.428250941644847,0.0650061779265773,0.0701388090458135,0.926821809650579,0.35401905930262,-0.0841899272376463,0.51281189049092,-0.164173118445149,0.869594862329874,0.0505732285156772,0.521658469167904,0.0969470094031953,0.92276847649675,-0.134763155753324,0.82100268468572,-0.164144598144537,0.869617313679241
0,"",629430.92108005,0,0.226679349656282,0.995438472445495,0.779294198166431,0.0000170075870627752,0.000000625560820310067,0.00153262473800126,0.110967958010399,0.0909047889782495,46.3403388127315,1.22070530340211,0.228372716402406,-0.0406044960048871,0.0335861439471859,85936.5410568836,-1.20896569932939,0.226679349656282,-0.00188636310370663,0.328393332012836,52.7463137659337,-0.00574421865433276,0.995438472445495,0.113571149665627,0.403156174744548,51.6996330119714,0.281705097875752,0.779294198166431,0.156448944817571,0.0973524201899389,1.60703703628869,0.108046243864423,0.0656463169591563,0.0973345929278027,0.674439733958193,0.500031788513493,0.0908026278584143,0.0698268973850912,1.30039614043917,0.193465232070266,-0.115457512769334,0.515512416999216,-0.223966501993121,0.822783368674993,0.11168478656192,0.524405483771793,0.212974101183356,0.831347163522414,-0.227142299331254,0.806312349489098,-0.281705097875752,0.778169645203336
0,"",629422.020839735,0,0.10092583226621,0.891978892626159,0.57448140917384,0.0000313092441794505,0.000360673115824218,0.00610692759957786,0.111314087307376,0.0908294139783053,46.2212991604553,1.22552907072551,0.226584048109834,-0.0550926572009474,0.0335849067439647,85943.4858007378,-1.64039929069768,0.10092583226621,0.049074544433076,0.359593797321161,51.6199680243364,0.136472166090358,0.891978892626159,0.228651637053915,0.404667920804053,51.9598593115886,0.56503524321769,0.57448140917384,0.17399140504242,0.0974877039985875,1.78475231137807,0.0743015017131843,0.0444913214535529,0.097471705105844,0.456453710389493,0.648063750303095,0.129500083588867,0.0698851651870814,1.8530411031039,0.0638764675135116,-0.179577092620839,0.536948598637149,-0.334440006132116,0.738047555072944,0.277726181486991,0.545723238300386,0.508913973229267,0.610812525107893,-0.45730327410783,0.809335841608107,-0.56503524321769,0.572049792831672
0,"",629413.833819389,0,0.0990666493568878,0.968283159495898,0.579697306262993,0.0000316527517898394,0.0000310844968682624,0.00591116055239844,0.108591644440784,0.0893749238513226,45.7428917753237,1.21501244153706,0.230595836501741,-0.0553934461506515,0.0335837274124198,85947.6006743077,-1.64941328490435,0.0990666493568878,-0.0153872755207565,0.385105878528355,51.3577302656792,-0.0399559611490676,0.968283159495898,0.221136756907991,0.39679425545302,52.2328307293714,0.557308362883227,0.579697306262993,0.173974975536926,0.0962504523681566,1.8075237181377,0.0706806599955355,0.0445081145572163,0.0962350904394611,0.462493611778909,0.643727382390703,0.129466860979709,0.0695592091926884,1.86124687848404,0.0627093210637302,-0.236524032428748,0.548582975887891,-0.431154525066933,0.666356016871052,0.205749481387235,0.557280141617494,0.369202966375317,0.711976444985728,-0.442273513815984,0.793588510906041,-0.557308362883227,0.577316762854397
0,"",629649.921284385,0,0.14233241365462,0.919898932065367,0.602531877384883,0.0000250448388804183,0.000198066891809035,0.00524724805336172,0.100733015943264,0.0876534946841285,45.3068236111582,1.14921848017891,0.256496687364881,-0.0493410983728848,0.0336300273093223,85947.661944922,-1.467173901438,0.14233241365462,0.0381554220658229,0.377571289101961,51.5485773796066,0.101054881997448,0.919898932065367,0.20934260855953,0.39954061751834,52.0447520867277,0.523958264518427,0.602531877384883,0.157304416791774,0.0946315588613773,1.66228284395277,0.0964560760283883,0.040938532242918,0.0946157025825774,0.432682220027783,0.665245648455849,0.116365884548856,0.0697452757206879,1.66844110008069,0.0952281951234136,-0.171187186493707,0.54533308144699,-0.313913078662821,0.753587056791738,0.247498030625353,0.554073458199938,0.446688118628565,0.655100261658946,-0.418685217119061,0.799081235036681,-0.523958264518427,0.600307568511843
0,"",629803.97010822,0,0.284453294041657,0.839410472162946,0.585751240201983,0.0000133299166292983,0.000807018024296581,0.00579030822362185,0.078565721692164,0.0853445845149444,43.8923084355308,0.920570674035054,0.362306747362769,-0.0360290381395224,0.0336601833333707,85948.6697798935,-1.0703755764694,0.284453294041657,0.0746447705622006,0.366485390447477,51.3631419407792,0.203677342966004,0.839410472162946,0.220032844445208,0.401195881362382,51.6462037724273,0.548442430909359,0.585751240201983,0.120735404888443,0.0924378876754386,1.30612466299923,0.191510167111978,0.0300906101464548,0.0924212890210188,0.325580939902402,0.744741434861926,0.090644794741988,0.0698617321536593,1.2974885097698,0.194463156082165,-0.145388073883008,0.538970228074332,-0.26975158609866,0.787351371115963,0.294677615007409,0.547768606727934,0.537960027990011,0.590604644758213,-0.440065688890417,0.802391762724766,-0.548442430909359,0.583388148365994
0,"",629906.950231259,0,0.873275228288259,0.947346090739823,0.630125217790731,0.00000029599197001389,0.0000853763257856965,0.00455007544603804,0.0852090972377322,0.0822788435048472,43.3267774943796,1.03561369615887,0.306128162325893,0.00537209152708416,0.0336807965258793,85949.2401480635,0.1595001330493,0.873275228288259,0.0233935600664176,0.352513715645432,51.5781852331918,0.0663621272822972,0.947346090739823,0.189270459559617,0.390689680973301,51.3455265706177,0.484452159289438,0.630125217790731,0.0868430216492226,0.089438401710258,0.970981368054369,0.331557556845007,0.0815990609603212,0.089419993522049,0.912537093174813,0.361486052324258,0.00524396068890134,0.0694696638539192,0.075485620600214,0.93982833799232,-0.1658768994932,0.521722936258739,-0.317940592534993,0.750530000561569,0.212664019626035,0.530673035734716,0.400743970968117,0.688608633770131,-0.378540919119235,0.781379361946604,-0.484452159289438,0.628065008855048
0,"",629878.424223552,0,0.218011427472213,0.932764414018124,0.832170302333815,0.00001765603656246,0.000134553432351299,0.000892659020684783,0.109565973189397,0.0794659968757359,42.8691284594387,1.37877806227901,0.175115594785572,0.0414822032516288,0.0336749342981901,85942.746522049,1.23184214360467,0.218011427472213,-0.0277424621473492,0.327282654580653,53.3937969614055,-0.0847660630927585,0.932764414018124,0.0851623959619776,0.399800738860613,50.7849594385812,0.213012102490557,0.832170302333815,0.0728524462144118,0.086755360221703,0.839745763584379,0.401050948952756,0.148622974542954,0.0867353067725519,1.7135233628987,0.0866162990242031,-0.0757705283285421,0.0698309932606049,-1.08505585830308,0.277896916191625,-0.112904858109327,0.512178040360713,-0.220440646049196,0.825527992892619,0.0574199338146286,0.521136055687923,0.110182232044627,0.912264853244956,-0.170324791923956,0.799601477721229,-0.213012102490557,0.831317522888842
0,"",629909.016143641,0,0.0328368122948668,0.905639393241186,0.82200378653658,0.0000529945972641789,0.000261355712754096,0.00102130699233617,0.0952198454944782,0.0793389906528925,42.3699899470631,1.20016456865533,0.236743064629366,0.0718771725508942,0.0336802039531975,85936.5535016434,2.13410740180718,0.0328368122948668,-0.0377119867510673,0.31665272597282,54.2558841894434,-0.119095727457291,0.905639393241186,0.0944244522423785,0.417524399369214,50.0270793011123,0.22615313592459,0.82200378653658,0.0289236188165958,0.0867192294746323,0.333531778266742,0.738732905739256,0.164701696946642,0.0866992054976975,1.89969096027087,0.0574736873276199,-0.135778078130047,0.070576159221781,-1.92385190165099,0.0543731496117503,-0.132136438993446,0.519593897886654,-0.254307141655984,0.799258282890638,0.0567124654913114,0.528406403394429,0.107327362285915,0.914529277947534,-0.188848904484757,0.83504879873843,-0.22615313592459,0.821082318447864
0,"",629851.445236315,0,0.00408894223795971,0.855629553217894,0.738158630799976,0.0000959239576623575,0.000632131125760685,0.0022540698339505,0.0830467070400961,0.0840676166074537,42.4000349700494,0.987856090031377,0.328827167420282,0.0966720720197479,0.0336684616234969,85938.2999485089,2.87129459910581,0.00408894223795971,0.0597216242869927,0.326647788748939,52.8472002046059,0.182831864607829,0.855629553217894,0.142054281408567,0.422583155642834,50.0192170452801,0.336156989486421,0.738158630799976,-0.0101479434108782,0.0911662507617153,-0.111312501348797,0.911368542370632,0.171196524209154,0.0911480740194156,1.87822426366011,0.0603504922193242,-0.181344467620032,0.0707712123816943,-2.56240442288846,0.0103950194498895,-0.0823326571215743,0.529717122440193,-0.155427592640957,0.8764842327021,0.20177590569556,0.538470401088991,0.374720514419164,0.707868333818427,-0.284108562817134,0.845166311285671,-0.336156989486421,0.736752484896169
0,"",629756.419231021,0,0.000022316179680546,0.72333518776828,0.642154949137296,0.00020921744933289,0.00247678725149258,0.00433936142308815,0.0850639889942508,0.0877597977966679,43.8058747253426,0.969281962013369,0.337726036430756,0.142692062349278,0.0336490746582963,85933.91615786,4.24059394792591,0.000022316179680546,0.116296888895789,0.326710067166291,51.0323381662887,0.355963591524702,0.72333518776828,0.205139242392652,0.438784241177415,50.1511580739741,0.467517342560413,0.642154949137296,-0.0538757067113227,0.0947086781990414,-0.568857128362583,0.569453101577889,0.214179798918261,0.0946917077371775,2.26186436000003,0.0237057849436801,-0.268055505629584,0.0714407457256199,-3.7521375638924,0.000175333205357258,-0.0888423534968631,0.542741322610804,-0.163691891137929,0.869973701376413,0.321436131288443,0.55133838367881,0.583010617079945,0.559886152992304,-0.410278484785306,0.877568482354832,-0.467517342560413,0.640129787207768
0,"",630006.758981455,0,0.00000228647078811012,0.631389072566339,0.555074131282105,0.000259932633699847,0.00464286294902904,0.00698844391396672,0.0767475679036307,0.0884931296833164,44.9215395786946,0.867271483992954,0.390402564534029,0.159276532588128,0.033697754450755,85926.6644471876,4.72662155636781,0.00000228647078811012,0.15144737173922,0.313724600262647,49.9596518493354,0.482739866788992,0.631389072566339,0.259340122080247,0.436480569442117,50.1629894144336,0.594161894564332,0.555074131282105,-0.0779719809763658,0.0953041161876712,-0.818138650200845,0.413278021493312,0.218673982796894,0.0952860846925197,2.29492043358206,0.0217376845563434,-0.29664596377326,0.0714166778958609,-4.15373512901043,0.0000327091774805613,-0.107892750341027,0.533192756147466,-0.202352243343657,0.839641360333505,0.410787493819467,0.541832362832653,0.758144994647248,0.448364186040403,-0.518680244160494,0.872961138884235,-0.594161894564332,0.552403836506156
0,"",630228.447758347,0,0.00000435864802400636,0.514228815842849,0.510921554664877,0.000245528061357865,0.00888620521817795,0.00866894499973132,0.079250901345953,0.0865190444405602,45.1768690033573,0.915993719745708,0.364534036961122,0.155002699376096,0.0337417220668056,85928.3071765809,4.59379930488445,0.00000435864802400636,0.208279099709236,0.316955153110704,48.16182460878,0.657124825594774,0.514228815842849,0.289381938517737,0.437048402556817,50.1344474207692,0.662127894358603,0.510921554664877,-0.0723263193583563,0.0935082240731431,-0.773475489191003,0.439241029221197,0.213234271469583,0.0934900188145294,2.28082392295384,0.0225588681662635,-0.285560590827939,0.0715095553335751,-3.99332074568031,0.0000651543384153334,-0.081102838808501,0.535538060962902,-0.151441782984906,0.879627231473167,0.497661038226974,0.544189981331786,0.914498714234058,0.360454853179703,-0.578763877035475,0.874096805113637,-0.662127894358603,0.50788926024868
0,"",630095.470844163,0,0.0000136817717084991,0.41167578987657,0.446938147989102,0.000220061686066943,0.0141186845066834,0.0115510523604765,0.0666646850689562,0.0868998086118779,45.3643412812575,0.767144210486145,0.446970157018739,0.146637593003399,0.0337163104511612,85935.090797845,4.34915893943399,0.0000136817717084991,0.274177570310365,0.331059790386667,47.8940295439306,0.828181429070967,0.41167578987657,0.32770229426531,0.427507443154736,50.2810448466884,0.766541728132436,0.446938147989102,-0.0777122250407923,0.093862404549295,-0.827937718130576,0.407705772718274,0.187881137833976,0.0938449217122015,2.00203840981571,0.0452806006843231,-0.265593362874768,0.071055993945427,-3.73780378160288,0.000185634729956047,-0.0535247239549458,0.5363277885457,-0.0997985282472177,0.920504276507159,0.601879864575676,0.545049447996059,1.10426653359353,0.269477535626625,-0.655404588530622,0.855014886309473,-0.766541728132436,0.443354032927815
0,"",630036.681755114,0,0.0000999637220254662,0.2523004331948,0.292551899200953,0.000176144270334051,0.0272115826725352,0.0218397287863139,0.0716185724399763,0.0891377771707136,45.9601997664489,0.803459259510307,0.425845309768632,0.131138380008653,0.0337041920082853,85930.3859057915,3.89086259585798,0.0000999637220254662,0.370902752470055,0.320095259562564,47.998339866595,1.15872616475772,0.2523004331948,0.451191791418123,0.424210990766592,50.6665491418981,1.06360231403428,0.292551899200953,-0.0561287007401695,0.0958436230395445,-0.585627910967129,0.55812558782597,0.168034772958339,0.09582562490247,1.75354737450825,0.0795080951359085,-0.224163473698508,0.0708967337858753,-3.16183076043439,0.0015678065358052,-0.0802890389480679,0.527030687981194,-0.152342246436573,0.878917005920524,0.82209454388818,0.53578963566802,1.53436066911447,0.124940947896725,-0.902383582836248,0.848421981533186,-1.06360231403428,0.287508893690024
0,"",629892.241883277,0,0.000223341293494964,0.249668760813803,0.220971021426215,0.000158541418109619,0.0273357679581872,0.0291834170573407,0.0659327523294036,0.0919309628698377,46.0945283387148,0.717198539764626,0.47687041627401,0.124300895605754,0.0336749790103561,85925.5361276,3.69119444937227,0.000223341293494964,0.364113986277097,0.31249671960851,48.3076002242957,1.16517698724406,0.249668760813803,0.533696550081966,0.430711748068395,51.075943739935,1.23910376829846,0.220971021426215,-0.0512056140239274,0.0984473937629716,-0.520131738044924,0.602971758794513,0.152313509888391,0.0984296132967315,1.54743582532645,0.121758188070166,-0.203519123912319,0.0711307986082355,-2.86119554249958,0.00422046652685737,-0.16958256380487,0.527773247894453,-0.321317089264032,0.747970107143196,0.897810536359065,0.536459707888083,1.67358428444428,0.0942123292485114,-1.06739310016393,0.861423496136792,-1.23910376829846,0.215307071679787
0,"",630033.822537102,0,0.000974461090064385,0.355732718072339,0.370480100572541,0.000126565313024598,0.0174265743037323,0.0158252461457328,0.05607856303007,0.0967118974744362,43.793242515237,0.579851750348432,0.564986077717812,0.111145769968919,0.0337018579558693,85922.8200102235,3.29791224313086,0.000974461090064385,0.286898757803945,0.307720032178061,49.0115897033979,0.932336955034282,0.355732718072339,0.388226061096786,0.429648703524245,50.7766572155423,0.903589509085714,0.370480100572541,-0.0507875230042479,0.102898579123908,-0.493568749312765,0.621610775604296,0.138709601555388,0.102881126054728,1.34825119897697,0.177577602340179,-0.189497124559636,0.0711273175764554,-2.66419613471214,0.00771725526278499,-0.101327303292841,0.524109080632399,-0.193332470352504,0.846698598338916,0.675124818900732,0.532812279218608,1.26709695934717,0.20512062267335,-0.776452122193574,0.859297407048491,-0.903589509085714,0.366213106177428
0,"",630143.56156726,0,0.00114437282416079,0.287063811974709,0.485532821328637,0.000123091344131261,0.0228237235922277,0.00971250994364584,0.0377006726628336,0.0967293597545808,42.4062503922062,0.389754183822645,0.698669015192007,0.109687609660203,0.0337240555553746,85931.9322233108,3.25250352764058,0.00114437282416079,0.345467320877012,0.321018292811825,49.5839131296076,1.07616085628964,0.287063811974709,0.295332657841808,0.420333755136659,50.3343226536266,0.702614658548633,0.485532821328637,-0.0741044364766389,0.102922885431824,-0.719999601310495,0.471525241032671,0.120323302943395,0.102906002458655,1.16925446590677,0.242301122815849,-0.194427739420034,0.0707629326438786,-2.7475930145308,0.00600344777518641,0.0501346630352044,0.5244787443941,0.0955895040000565,0.923846601620143,0.640799978718822,0.53328085164667,1.20161820312909,0.229511485549309,-0.590665315683618,0.84066751027332,-0.702614658548633,0.482295924853974
0,"",630285.934646123,0,0.00351636768306852,0.231410818791469,0.717427678202078,0.0000991121369768564,0.0291911854026089,0.00259904703202536,0.0126625905334721,0.0940374242844104,42.9692166748628,0.134654799722872,0.893513585259312,0.0985134448226146,0.0337530342245399,85940.0270133493,2.91865448798648,0.00351636768306852,0.408397862477223,0.337011265285612,48.8382466386961,1.21182258442047,0.231410818791469,0.148028586466815,0.406761831313233,50.8237184620825,0.363919559484978,0.717427678202078,-0.0968478725793163,0.100396639315229,-0.964652534585642,0.334718876804431,0.0876746763250411,0.100379760129813,0.873429825013117,0.382428840425118,-0.184522548904357,0.0702396045312106,-2.62704424570565,0.00861301338629733,0.260369276010409,0.523762762834546,0.497112995588536,0.619109370830326,0.55642644894404,0.532668873647911,1.0446010203927,0.296207407806272,-0.29605717293363,0.813523662626469,-0.363919559484978,0.715918078341937
0,"",630384.450304907,0,0.128162039583267,0.357801592188872,0.771450479336066,0.0000269327816943457,0.0178431332333615,0.00165609787994295,0.00551360101956272,0.0910951671007675,43.5106608617138,0.0605257248550156,0.952014086828434,0.051382167443225,0.0337728509836766,85940.2246836086,1.52140449937316,0.128162039583267,0.308139334857014,0.331836695831861,47.4630015937797,0.928587280211907,0.357801592188872,0.115820970217307,0.396626819025185,51.4048873667188,0.292014973929316,0.771450479336066,-0.053991370334653,0.0975452610605061,-0.553500700573888,0.57992060100014,0.038989280797847,0.0975271182089425,0.399778866779557,0.689319397505822,-0.0929806511324999,0.069856998314364,-1.33101411993222,0.183184364933491,0.192318364639707,0.512608399692955,0.375175991565693,0.707529584253826,0.423960305074322,0.521621971455879,0.812773096752466,0.416348162940378,-0.231641940434614,0.793253638050372,-0.292014973929316,0.770275175168217
0,"",630472.629825355,0,0.697432382196309,0.576379084832083,0.711001228901844,0.00000175896927617859,0.00670562710761348,0.00268381491556387,-0.0215702185234208,0.0929801365117355,45.1446529290505,-0.231987382818032,0.817596227445798,0.013137236651455,0.0337900486181418,85935.2600646358,0.38879010799652,0.697432382196309,0.179357193549349,0.318793484564258,46.8875242740868,0.56261248185327,0.576379084832083,0.139344496312674,0.374017242903099,51.5794487228194,0.372561690554933,0.711001228901844,-0.036397440913951,0.0990803481083678,-0.367352775891964,0.713355892168406,-0.0218937417827543,0.0990604225503956,-0.221014015679332,0.825081519885307,-0.0145036991311966,0.068990487734156,-0.210227519873237,0.833490101713753,0.0400126972366758,0.486803177379561,0.0821948152681794,0.93449179631297,0.318701689862024,0.496043379224118,0.64248753881267,0.520556677691053,-0.278688992625348,0.7480344858062,-0.372561690554933,0.709474689738011
0,"",630653.044549355,0,0.667121981084696,0.688120810705512,0.678531857182061,0.00000215265823534225,0.00346590343253257,0.0033611378580145,-0.0434458814889224,0.0933472510281412,46.5949882092619,-0.465422184482164,0.643797240852828,-0.0145486071719178,0.0338258876636774,85934.6694755112,-0.430102746055656,0.667121981084696,0.130120759405961,0.322159673535808,46.9057981175454,0.403901450413835,0.688120810705512,0.154049694854499,0.369571245059206,51.5201158395438,0.416833552160749,0.678531857182061,-0.0278866061428479,0.099422512670426,-0.280485831567028,0.779104794162014,-0.0699967791419349,0.0994024573055325,-0.704175540920346,0.481323461078301,0.042110172999087,0.0688769662924508,0.611382516766023,0.540946374223507,-0.0239289354485387,0.485612313199269,-0.0492758004649678,0.960699504516076,0.284170454260461,0.494894132238277,0.574204533351874,0.56582940197292,-0.308099389708999,0.739142490118413,-0.416833552160749,0.676800159062267
0,"",630733.162787421,1,0.244986129947552,0.530242954780415,0.640873146956893,0.0000157271122125073,0.00843925696912828,0.00425341968906713,-0.0256094431304726,0.0964581296470355,50.3410748399363,-0.265498027218483,0.791710083012933,-0.0393452897767441,0.0338418590548762,85945.1266609771,-1.16262199759605,0.244986129947552,0.211104804471596,0.333857132312167,46.9775140045727,0.632320786468046,0.530242954780415,0.172000265029355,0.366546680164078,51.5478122261241,0.469245185776508,0.640873146956893,0.0120842180744812,0.102399174873355,0.118010893050913,0.906059026791081,-0.0811356491847264,0.102380089851213,-0.792494412757784,0.428072448318867,0.0932198672592076,0.0687863788733862,1.35520823724121,0.17535122100649,0.0391045394422406,0.491141667492339,0.0796196739769603,0.93653974732038,0.383105069500952,0.500413798293841,0.765576550461133,0.443928301698649,-0.344000530058712,0.733093360328159,-0.469245185776509,0.638894390695915
0,"",630964.525368591,0,0.0539239483066037,0.529192493782578,0.601711271298827,0.0000432287632723583,0.00831624327905126,0.00532222004254001,-0.00754948144783854,0.0983561384407839,47.4521005009493,-0.0767565864979923,0.939139912382601,-0.0653165856393684,0.033887152310259,85937.9943848682,-1.92747342831739,0.0539239483066037,0.212980923162612,0.336010742061689,47.9094407234239,0.633851530626096,0.529192493782578,0.190135163921295,0.362039519886558,51.5468957745972,0.525177925274215,0.601711271298827,0.056802185303713,0.104182899202702,0.54521601662473,0.585604957057533,-0.0898921734337475,0.10416389140564,-0.862987857123011,0.388144143302911,0.146694358737461,0.0686894036640174,2.13561846387532,0.0327105251989908,0.0228457592413168,0.489260841269625,0.0466944364115313,0.962756764611342,0.403116087083908,0.498573459663883,0.808539001164787,0.418780363736949,-0.380270327842591,0.724079039773117,-0.525177925274215,0.599459509019523
0,"",631465.955842062,0,0.00202780193807842,0.660714261452385,0.78489189104333,0.000110820064509911,0.00402855097525141,0.0014411670916078,-0.010279014729674,0.0963655342381617,46.9182506419458,-0.10666691998272,0.915508018745414,-0.104889575791059,0.0339863735631176,85938.6396413204,-3.08622441274188,0.00202780193807842,0.149142288680767,0.337690870401658,48.2237515610413,0.441653304110274,0.660714261452385,0.101293258300253,0.369198551145831,52.1555377457378,0.274359847799737,0.78489189104333,0.0925895981032183,0.102382278009846,0.904351806806979,0.365808884126728,-0.12574604548339,0.102363247153937,-1.22842962664412,0.219285731934538,0.218335643586609,0.0691213195757185,3.15873083625718,0.00158457764667083,0.0478490303805134,0.49567391229573,0.0965332836640504,0.923097040811142,0.250435546981021,0.504968079101112,0.495943322648866,0.619934399344172,-0.202586516600507,0.738397102291663,-0.274359847799737,0.783808096309825
0,"",631722.379090754,0,0.00000779772560124818,0.854265418631056,0.978294047808467,0.000232536841774023,0.000707729175003044,0.0000142629824880712,-0.0196663596354489,0.0975955794048298,46.981038275659,-0.201508713359569,0.841170776398534,-0.152177824972022,0.0340371244881259,85941.760938017,-4.47093658058895,0.00000779772560124818,0.0662340169676669,0.358666295286086,48.1511302058507,0.184667524766541,0.854265418631056,-0.0104853023721487,0.383543905675313,52.3980592826461,-0.0273379454529123,0.978294047808467,0.129271130029285,0.103768640342179,1.24576297427634,0.212851426410066,-0.174198800495545,0.103751549161477,-1.67899951281137,0.0931521387084116,0.30346993052483,0.0697562679696439,4.35043243220655,0.000013586931825692,0.0767193193398157,0.520538827987028,0.147384431698393,0.88282859303266,0.0557487145955184,0.529654799343621,0.105254808725618,0.916173621131125,0.0209706047442974,0.767087811350628,0.0273379454529123,0.978190192074413
0,"",631544.589001348,0,0.0000000736265278607012,0.908475208983903,0.932910705996316,0.000337005506281467,0.000276423466469114,0.000136806890519583,-0.0110024878909592,0.0998071692655525,47.5522963428,-0.110237450595211,0.912685002670985,-0.183013345511186,0.0340011855962112,85939.7364201032,-5.38255776385573,0.0000000736265278607012,-0.0429288929467597,0.371464768999254,48.3024481734191,-0.115566526167239,0.908475208983903,-0.0347985566610058,0.41138125567576,52.295711103164,-0.0845895533179886,0.932910705996316,0.172354252425519,0.106107199062124,1.62434079825826,0.104303094501757,-0.190732918466548,0.106092347802814,-1.79780090097591,0.0722085645355109,0.363087170892068,0.07082083985807,5.12684079459832,0.000000294644468305929,-0.00813033628575387,0.549838879295884,-0.0147867613439149,0.988202301345461,-0.0777274496077657,0.558675604508303,-0.139128053884104,0.889348960014136,0.0695971133220118,0.822762511351522,0.0845895533179886,0.932587704544423
0,"",631782.803042236,0,0.00000000224255500904108,0.916344467350646,0.888241210128678,0.000415917519021661,0.000232571442209565,0.000381990182804689,-0.00317958010669535,0.0956492934406078,46.7143610720752,-0.0332420658043823,0.973623185141884,-0.203603841407735,0.03404846035447,85938.7627024577,-5.97982520466611,0.00000000224255500904108,-0.0386894974504422,0.366395609273575,47.9322983242335,-0.105594871966804,0.916344467350646,0.0607596039256443,0.430253065121358,52.1871755632177,0.141218294188111,0.888241210128678,0.204624617055496,0.102321815978835,1.99981416570855,0.0455203343718082,-0.207715579748661,0.102306933582365,-2.03031771626147,0.0423242545383051,0.412340196804158,0.0716906658039515,5.75165807403382,0.00000000883723962276283,-0.0994491013760868,0.560740022851733,-0.177353314055099,0.859230875907888,0.0220701064752021,0.569471256390344,0.0387554353754321,0.969085375537773,-0.121519207851289,0.860506130242719,-0.141218294188111,0.887697494231146
0,"",631812.23819124,0,4.38895786645779e-11,0.957680312976006,0.836548002850547,0.000505269798315997,0.0000596245582704342,0.000821850747035448,-0.0141338570003238,0.0922132996679731,46.2661654048343,-0.153273519668147,0.878849145863912,-0.224456810436839,0.0340541862442367,85937.304912102,-6.5911664670838,4.38895786645779e-11,-0.0189513170844938,0.355264519517707,47.7225952448305,-0.0533442436363229,0.957680312976006,0.0921859375616515,0.444606741047351,52.2669600574251,0.207342644748235,0.836548002850547,0.215016972795445,0.0991596328750563,2.16839218300023,0.0301288599535261,-0.241683822179542,0.0991443163260297,-2.43769719874592,0.0147811496769319,0.456700794974987,0.0723224393207862,6.31478693561884,0.000000000270533936034285,-0.111137254646146,0.564769544427839,-0.196783370744146,0.84399706489514,0.073234620477158,0.573420812067858,0.127715316458537,0.898374268577939,-0.184371875123304,0.889213482094704,-0.207342644748235,0.835742272004992
0,"",631741.496371741,0,2.2805134933929e-11,0.935707772497107,0.836668644855226,0.000520174686009116,0.000139483605955839,0.000813017470765773,-0.012012435234372,0.0931766655273029,46.529958320883,-0.128921068020535,0.897975765122148,-0.227651140022275,0.0340401584670328,85937.2260646863,-6.68772268621342,2.2805134933929e-11,-0.0281989833069666,0.347717307948409,47.1444459431111,-0.0810974393922046,0.935707772497107,0.0888362920687298,0.428792389959734,52.7513523281599,0.207177865439897,0.836668644855226,0.220581834344597,0.0998832895703299,2.20839577163987,0.027216696302255,-0.242224666963541,0.0998671285414978,-2.42546942623757,0.0152886034544363,0.462806501308138,0.0716165534092984,6.46228391728286,0.000000000103134358927091,-0.117035275375697,0.547641512896468,-0.213707822762922,0.830774910591715,0.0606373087617633,0.556443396241711,0.108973004570304,0.913223902029359,-0.17767258413746,0.85758477991947,-0.207177865439897,0.835870953110439
0,"",631675.541845546,0,0.00000000121390738987942,0.873338630299122,0.775000626704833,0.000429861625859607,0.000550673514253867,0.00155296204755621,-0.00349914723561356,0.0926447179297851,45.6962786657358,-0.0377695276514905,0.970035963590309,-0.206851702900282,0.0340268831452081,85932.7001344101,-6.07906701350084,0.00000000121390738987942,0.0522625477680718,0.326033624510953,46.6361791391329,0.160298030138655,0.873338630299122,0.118323847082012,0.411846056968243,53.068758637071,0.287301153137265,0.775000626704833,0.206142736318699,0.0991268348521137,2.0795855796893,0.0375635607793065,-0.217555777433639,0.0991086410547836,-2.1951242103439,0.0281546889706513,0.423698513752338,0.0708842864726402,5.97732635590366,0.00000000226829498809379,-0.0660612993139401,0.520761376758833,-0.126855220571654,0.899054989030691,0.170586394850084,0.529752570904875,0.322011452551714,0.747444018369079,-0.236647694164024,0.823692113936488,-0.287301153137265,0.773881739786567
0,"",631741.045230853,0,0.000000182038696002493,0.887705293388996,0.672967086699119,0.0003166505951234,0.00043990880570209,0.00339033111580258,-0.00256313668737636,0.0911346047546138,44.2245474354743,-0.028124735870395,0.977689200975841,-0.177593657566998,0.0340398353473303,85933.4310170451,-5.21723021732908,0.000000182038696002493,0.0460761751518599,0.324487869846026,45.8144166124775,0.141996602750432,0.887705293388996,0.176719007810037,0.416361652286569,52.9551330030911,0.424436320779146,0.672967086699119,0.180548382442384,0.097744828931958,1.84713999108912,0.0647268538296228,-0.189566824268425,0.0977265122924727,-1.93976864436844,0.0524078129194941,0.37011520671081,0.0710929125849219,5.20607741691128,0.000000192874205107806,-0.130642832658178,0.52337517608081,-0.249616028097608,0.802884302264166,0.222795182961898,0.532331880884857,0.418526845680483,0.67556196287218,-0.353438015620076,0.832723304573139,-0.424436320779146,0.671247636928627
0,"",632039.744321589,0,0.00000170332759329282,0.855473684098455,0.484000334526006,0.000266480090248179,0.000737366837277825,0.00933290637078184,-0.000290546681456775,0.0930438598734365,44.7781364014471,-0.00312268517075703,0.997522332406436,-0.163201652362651,0.0340990672211819,85937.6734280618,-4.78610313015459,0.00000170332759329282,-0.0623095975089582,0.340161084344487,45.4712280386653,-0.183176737071593,0.855473684098455,0.298032241841472,0.422826177590335,52.736778129538,0.704857593112948,0.484000334526006,0.178130588789074,0.0996812126238289,1.78700262667643,0.0739370640342026,-0.173448236372525,0.0996643287534648,-1.74032413143098,0.0818021190732802,0.3515788251616,0.0714564039888835,4.92018637288682,0.000000864618420588402,-0.360341839350431,0.538204803250963,-0.669525498794935,0.503160320578928,0.235722644332514,0.547100236952734,0.430858238419807,0.666571450479796,-0.596064483682945,0.845652355180673,-0.704857593112948,0.48089886299945
0,"",632125.93281688,0,0.0000213365477886826,0.769304416989451,0.332654384341816,0.000210202421269942,0.00187604832369784,0.017927975671863,0.00486724072552862,0.0950216839854,45.1708567616373,0.0512224212557259,0.959374131207109,-0.145014870729317,0.0341158436805578,85937.7213990312,-4.25066054608402,0.0000213365477886826,-0.102452649347486,0.34728446850044,46.3037453977627,-0.29501074375676,0.769304416989451,0.423309888782215,0.432908324797682,52.3765681392997,0.977828017005789,0.332654384341816,0.172088342300106,0.101651534808709,1.69292419070649,0.0904698980713803,-0.153699432215879,0.101635686936441,-1.5122585073095,0.13046811217857,0.325787774515985,0.071911400036722,4.53040511448281,0.00000588706905901558,-0.525762538129703,0.550575976862599,-0.954931853593952,0.339612159988986,0.32085723943473,0.559373160942974,0.573601420014216,0.566237550628212,-0.846619777564433,0.865816649595366,-0.977828017005789,0.328159391693477
0,"",632191.769072285,0,0.000119889547106646,0.804474388469392,0.37979181044317,0.000172139512573416,0.00132519595122068,0.0149426079612609,0.00970233096701871,0.0968866198225211,45.6728070273979,0.100141082275258,0.920670608730036,-0.131276690257777,0.034128613881301,85937.4777479772,-3.84652862593119,0.000119889547106646,0.0881366775882076,0.354003313166839,46.7135303257088,0.248971335323829,0.804474388469392,0.390794206478177,0.441146186950581,51.7328382367086,0.885861009429864,0.37979181044317,0.153762136160095,0.103501822993107,1.48559833743542,0.137385395078247,-0.141802597324483,0.103486839441126,-1.37024763815649,0.170609612180094,0.295564733484578,0.0722869908817965,4.08876797718534,0.0000433670356123041,-0.30265752888997,0.561248444043227,-0.539257671183244,0.58970907168293,0.478930884066386,0.569962097026926,0.840285497166595,0.400748330988575,-0.781588412956356,0.882292373901164,-0.885861009429864,0.375692429033779
0,"",632335.245927132,0,0.000310286931968349,0.634860028852002,0.502603243362403,0.000151343744945381,0.00478891711870482,0.00879872899081428,0.00714991393467595,0.0955586568100925,47.0095258840489,0.0748222523563224,0.940673635854575,-0.1231966872191,0.0341576947813268,85939.0885659668,-3.60670378981336,0.000310286931968349,0.176532392274928,0.369332376857392,47.4779473153279,0.477977029192571,0.634860028852002,0.297399994551954,0.440488437929996,51.3516963548806,0.675159593176921,0.502603243362403,0.135451593775396,0.102356936974418,1.32332597847521,0.185726996066324,-0.136063893607148,0.102342419819322,-1.32949654549266,0.183684204745899,0.271515487382544,0.0723026108610929,3.75526532374021,0.000173157943519933,-0.120867602277026,0.570479062615123,-0.211870356333428,0.832208177796837,0.473932386826882,0.579160233621104,0.818309613323584,0.413180418207515,-0.594799989103909,0.880976875859995,-0.675159593176921,0.499574375374774
0,"",632388.483507258,0,0.00472497780954241,0.602637226841283,0.550003481588669,0.0000928715359530605,0.00566659599628331,0.00700357378216765,0.000341244225162458,0.0912245149959743,46.1150328609912,0.00374070747515092,0.997031489767896,-0.0965367471849038,0.034168878580929,85941.0998894915,-2.82528286540797,0.00472497780954241,0.191390562527827,0.365205686150197,48.1920893473124,0.524062383982473,0.602637226841283,0.26253708728698,0.436305251664852,51.3367559633669,0.601728001863814,0.550003481588669,0.0998829528480949,0.0982650160574806,1.01646503359515,0.309407990310031,-0.115367698481111,0.0982496144610833,-1.17423054649042,0.240302693896533,0.215250651329206,0.0721393237877004,2.98381853373992,0.00284675550958307,-0.0711465247591532,0.564595324371454,-0.126013308449478,0.899721389934765,0.453927649814809,0.573329792834307,0.791739162150945,0.428512782420109,-0.525074174573962,0.872610503329707,-0.601728001863815,0.54735520740011
0,"",632422.676342065,0,0.0260236498273633,0.377532054957426,0.570313269868297,0.0000576476641404572,0.0162771561497485,0.00632066571415087,0.000316356473666744,0.0898751623248463,44.9680705674639,0.00351995440657231,0.997207057970912,-0.0760711005460633,0.0341754775810643,85941.605553362,-2.22589722018141,0.0260236498273633,0.320599363824066,0.35993647094849,47.9477056840292,0.890710971797985,0.377532054957426,0.252254694534423,0.441571064245729,51.3051234517205,0.571266359957967,0.570313269868297,0.0735008354116413,0.0970226936839394,0.757563335141748,0.448712436665688,-0.0999499434979874,0.0970071069326795,-1.03033629863171,0.302852165082951,0.173450778909629,0.0723782797620398,2.39644793272081,0.0165548453342891,0.0683446692896432,0.565311375597632,0.120897389013959,0.903772310267385,0.572854058358491,0.574022285643888,0.99796483984226,0.31829640843093,-0.504509389068848,0.883142128491461,-0.571266359957967,0.567819101335801
0,"",632359.795983893,0,0.000934489734463069,0.339917345935035,0.64502782368228,0.000127445401584327,0.0191196319701823,0.00419375138339842,0.00524712668057869,0.0917164608147448,44.8579207499299,0.0572103048238766,0.954631752500194,-0.113065693035358,0.0341623659439623,85938.2082483143,-3.30965639853001,0.000934489734463069,0.337994355595927,0.350621537308084,47.6736309631493,0.963986291860155,0.339917345935035,0.208866726403826,0.450697141409488,50.9965832317538,0.463430333173684,0.64502782368228,0.112858954644946,0.0987418912295334,1.1429693440102,0.253051319382706,-0.130915920286413,0.0987263837026113,-1.32604796586862,0.184823809946369,0.243774874931359,0.0727587149349767,3.35045602645974,0.000806786179816452,0.129127629192101,0.566677065759714,0.227868105124365,0.819748778873383,0.546861081999755,0.575329344410574,0.950518320180617,0.341848949587757,-0.417733452807653,0.901394282818979,-0.463430333173684,0.643055940399602
0,"",632330.700877401,0,0.0000052966525349784,0.327103401606667,0.757644978710698,0.000241173493101396,0.0198494427429033,0.00189131807163834,0.0282620032215378,0.0943325619633637,44.558961795967,0.299599657141868,0.765875660732154,-0.155510424712127,0.0341558283616557,85932.0244514657,-4.55296891252408,0.0000052966525349784,0.329226011470787,0.332555109882026,48.3955581324778,0.989989333159185,0.327103401606667,0.140084529329426,0.451530512752957,50.7948174927878,0.310243771733915,0.757644978710698,0.175783803582856,0.101073901296756,1.73916116156188,0.0820064189233236,-0.147070332431974,0.101057674149898,-1.45531087736915,0.14558321666321,0.32285413601483,0.0727866761737627,4.43562136625232,0.00000918070901118305,0.189141482141361,0.556427246339705,0.339921316552296,0.733915783204652,0.469310540800214,0.565096566652113,0.830496181529859,0.406258305865112,-0.280169058658852,0.903061025505917,-0.310243771733915,0.75637558648646
0,"",632375.578182979,0,0.000000352492422480372,0.346886361378507,0.668708903617341,0.000301816164703954,0.0185337554249715,0.00365105618286712,0.0557849848666036,0.100800495904888,45.2236245178865,0.553419746260378,0.582701896342705,-0.174010501942902,0.0341641067949339,85928.490977065,-5.09337191185417,0.000000352492422480372,0.310902365084819,0.327261987296331,47.7935031971899,0.950010624983772,0.346886361378507,0.188279231558615,0.437416653403058,50.5600105517054,0.430434529855737,0.668708903617341,0.224616347155056,0.107004352679203,2.09913280657331,0.0358051951900284,-0.139309068993486,0.106988119590077,-1.30209849025524,0.192882719209603,0.363925416148542,0.0721823550164343,5.04175038436588,0.000000461292765644172,0.122623133526204,0.541869168923987,0.226296568542,0.82097076708208,0.499181596643435,0.5506771084552,0.906486921244604,0.364678184311265,-0.376558463117232,0.874833306806118,-0.430434529855737,0.66687958189268
0,"",632152.120905494,0,0.000000325445165352509,0.444294725065485,0.661840144717632,0.000303613173852215,0.0123020567094152,0.00381447076645557,0.0868555088697706,0.107910279724729,47.3929872676101,0.804886328636458,0.424904871506239,-0.174297632837644,0.0341192426285262,85927.4104891521,-5.10848481413589,0.000000325445165352509,0.253488579316955,0.328627128909826,47.7701268361005,0.771356218087859,0.444294725065485,0.184756931744049,0.419938576884894,50.5517129493339,0.43996179897207,0.661840144717632,0.258250175593076,0.11360792047277,2.27317051943553,0.0230159061121956,-0.105951964969742,0.113592081442416,-0.932740765239461,0.350953831652161,0.364202140562819,0.0713670023096035,5.10322878608298,0.00000033390692031146,0.0687316475729061,0.528745007481685,0.129990158961996,0.896574212638178,0.438245511061005,0.537696116302179,0.815043102923801,0.41504763807247,-0.369513863488098,0.839877153769789,-0.43996179897207,0.659964775403224
0,"",632033.847562981,0,0.000000205365121136341,0.497994103316546,0.755524082360788,0.000313953751808703,0.00949778813705021,0.00190657942651113,0.0924031674899602,0.109298238384941,48.3102937070136,0.845422294589255,0.402042960216528,-0.177124780947002,0.0340963088841448,85929.4182772047,-5.19483741037337,0.000000205365121136341,0.221623729627401,0.324595870544754,48.6160320137353,0.682768173407319,0.497994103316546,0.118439170725593,0.378358910222905,51.2978395037194,0.313033914427486,0.755524082360788,0.265169821015425,0.114645684814561,2.3129507355147,0.0207253478841911,-0.0990845905036952,0.1146281005606,-0.864400526739187,0.387367903625061,0.36425441151912,0.0696518459694298,5.22964476316954,0.000000169836067615932,0.103184558901807,0.493838663847428,0.208943864576967,0.834492060839235,0.340062900352995,0.503149343961544,0.675868714595772,0.499124002560716,-0.236878341451188,0.756717820445812,-0.313033914427486,0.754254896058132
0,"",631917.678475951,0,0.00000180397825818089,0.749930723657455,0.833518152687715,0.000265210329121019,0.00211549468123943,0.000849198693157283,0.0674107123147419,0.1073038925743,48.5941868780655,0.628222431614629,0.53279985276635,-0.162688623482939,0.0340740657587763,85933.1685709647,-4.7745585934674,0.00000180397825818089,0.104692314556902,0.326603900724887,48.4680123034766,0.32054826756368,0.749930723657455,0.0739581576402919,0.350115060902263,52.5015717778299,0.211239577782511,0.833518152687715,0.228801240680915,0.11259000764445,2.03216293761565,0.0421371635658309,-0.102823434743038,0.112570779274618,-0.913411414628291,0.361026204438488,0.331624675423952,0.0685538939543002,4.83743017785426,0.00000131528565198792,0.0307341569166106,0.474026384244311,0.0648363845097077,0.948304271734085,0.178650472197195,0.483529021589067,0.369472077622309,0.711775881989335,-0.147916315280584,0.700230121804527,-0.211239577782511,0.832700328871166
0,"",631778.924024979,0,0.0000140740707999049,0.899248080817079,0.629812665386901,0.000219436547263245,0.0003430867810763,0.00442438304083268,0.049610514704774,0.104971625075009,48.2555365040515,0.472608808993135,0.638622896570882,-0.147863801732861,0.0340468318252141,85934.2030139127,-4.34295333239661,0.0000140740707999049,-0.0419385599136222,0.329461377867558,47.2133693676421,-0.127294313479383,0.899248080817079,0.174795828327139,0.360544574063657,52.8890457697484,0.48481059181403,0.629812665386901,0.206628361293134,0.110438448345551,1.87098211165205,0.0613475605121627,-0.103864678022881,0.1104196929659,-0.940635453994215,0.346891706612658,0.310493039316015,0.0688937395768178,4.50683968127191,0.00000658003109494935,-0.216734388240762,0.483674338151638,-0.448099829048224,0.654081151422053,0.132857268413517,0.493085705937461,0.269440518785526,0.787590709158751,-0.349591656654279,0.721089148127315,-0.48481059181403,0.627810708699378
0,"",631534.433188527,0,0.0000146258093155013,0.985534570169242,0.512584954603078,0.00021857690900395,0.00000707654853198778,0.0082250577287876,0.0647615684938227,0.102551827560393,47.6572357702804,0.631500871651307,0.530730612170127,-0.147367238859913,0.0339986772653528,85936.6923216372,-4.33449918388712,0.0000146258093155013,-0.00611540453625484,0.33550343208879,46.9495987435988,-0.0182275468783771,0.985534570169242,0.246809229844039,0.374346332687501,52.414301738128,0.659307193080136,0.512584954603078,0.222811392000184,0.108247040985576,2.05836011748232,0.039555577220379,-0.0927716716693155,0.108229125219068,-0.857178430311945,0.391346281216536,0.315583063669499,0.0693384700032779,4.55134160956509,0.000005330491867081,-0.252924634380294,0.49803414697783,-0.507845969829762,0.611561368383639,0.240693825307784,0.507304098075252,0.474456694162326,0.635174272487737,-0.493618459688079,0.748692665375003,-0.659307193080136,0.509698524295482
0,"",631593.582292232,0,0.0000226553543450158,0.761623184873076,0.483822312122881,0.000208864113487644,0.00201108177940821,0.00947265726690503,0.0787980054838968,0.098238402268598,45.7410137329959,0.802110006517122,0.426637102811694,-0.144111155386311,0.0340108885555314,85941.8500809959,-4.23720642143804,0.0000226553543450158,0.106480855494432,0.348947362760682,46.2082169079315,0.305148761268787,0.761623184873076,0.274544037731972,0.389304564674766,52.0043515469927,0.70521659041253,0.483822312122881,0.230007517163587,0.104347479000483,2.20424603801423,0.0275070456599427,-0.0814062073630601,0.104330452488626,-0.780272733619507,0.43523035849557,0.311413724526647,0.0699422777958525,4.45243898741189,0.00000849003685895504,-0.168063182237541,0.518228386762791,-0.324303312073231,0.745708412406023,0.381024893226405,0.527336658370841,0.72254581049523,0.469958970998235,-0.549088075463946,0.778609129349533,-0.70521659041253,0.4806754583138
0,"",631865.650230388,0,0.0000565196495061032,0.661949861767478,0.503697418397072,0.000188666756217001,0.00410568523193498,0.00878002607021255,0.0911864743549495,0.0988198533638256,43.5086653100016,0.922754600932545,0.361224187369452,-0.137180469415977,0.0340644086953876,85942.0151385285,-4.02709087489759,0.0000565196495061032,0.156143440431744,0.354865075964443,46.9622147805355,0.44000791006943,0.661949861767478,0.274073003392306,0.406975823759263,51.1999498495659,0.673438045682112,0.503697418397072,0.233347844669455,0.105060451999268,2.2210816746827,0.0263454299890437,-0.0641647184810884,0.105044571353485,-0.610833264911594,0.541309968746861,0.297512563150544,0.0707407281891921,4.20567572268783,0.0000260303244376805,-0.117929562960562,0.535458873074016,-0.220240188165228,0.825684099298813,0.43021644382405,0.544427113371357,0.790218622948335,0.429400101898968,-0.548146006784613,0.813951647518528,-0.673438045682112,0.500668651119058
0,"",632281.406843686,0,0.000170077281937883,0.583387192319964,0.43743235836972,0.000164469650724261,0.00626362497673398,0.0119441236863943,0.115708092766289,0.0997237962348391,43.2548935132668,1.16028568039877,0.252296697765669,-0.128387958104962,0.0341464209426069,85941.1181387317,-3.75992430716988,0.000170077281937883,0.203330354823694,0.368251167634403,48.3683877991889,0.552151283402198,0.583387192319964,0.338206708699399,0.432090271481491,50.6807079595538,0.782722340727096,0.43743235836972,0.249792720436917,0.106185607868189,2.35241597662642,0.0186519031879337,-0.0355523527673836,0.106171350554988,-0.334858251134052,0.737732016475751,0.285345073204301,0.0719227421798093,3.96738311911034,0.0000726661291357392,-0.134876353875706,0.56333336275948,-0.23942546774616,0.8107756837837,0.541537063523094,0.572081613712764,0.946608054764359,0.343838537974036,-0.6764134173988,0.864180542962984,-0.782722340727096,0.433790180092155
0,"",632581.865850594,0,0.00564627598691049,0.440812662913724,0.397158220211336,0.0000891269846617411,0.0122263813856877,0.0142449856117145,0.164274153810161,0.09944708383853,39.7527876035564,1.6518750220659,0.106438665783107,-0.0946718718289407,0.0342057795942783,85939.9346449644,-2.76771565951319,0.00564627598691049,0.281470549969228,0.362175837615018,48.7962514916955,0.777165455936415,0.440812662913724,0.382989265607703,0.448481874635239,50.4650133016533,0.853968214254362,0.397158220211336,0.26323379411078,0.106022288480916,2.48281562190731,0.013034853628044,0.0415380001390998,0.106008260912508,0.391837388723717,0.695178367418451,0.221695793971681,0.0727275039416681,3.04830747593777,0.00230134322770443,-0.101518715638475,0.572115735670814,-0.177444368873097,0.859159358907202,0.664459815576934,0.580773831585759,1.14409393027003,0.252584684629341,-0.765978531215409,0.89696374927048,-0.853968214254362,0.393122601414408
0,"",632777.765382548,0,0.106058790154174,0.34987907143629,0.41356338628616,0.0000303925496065546,0.0181347964654297,0.0133446471623342,0.194055609220905,0.10074131335063,37.0566131430373,1.92627634846783,0.0617667585994185,-0.0553455214115836,0.0342446242007578,85940.8853843601,-1.61618130446176,0.106058790154174,0.350171181482099,0.370948662364634,48.2472281615281,0.943988257700976,0.34987907143629,0.375137381344861,0.454999409366264,50.2594116343775,0.82447883145027,0.41356338628616,0.250455608951643,0.107347111840065,2.33313784282145,0.01964091185688,0.108075783894336,0.10733384084289,1.00691248021704,0.313976834016057,0.142379825057307,0.0730752490007785,1.94840013553413,0.0513671036228602,-0.0249661998627622,0.582738346173957,-0.0428428985782057,0.965826767245023,0.725308562826962,0.591329658621962,1.22657227191551,0.219983396202421,-0.750274762689724,0.909998818732531,-0.82447883145027,0.409667538940138
0,"",633070.317936619,0,0.0924294896075826,0.291710351821745,0.498083797663029,0.0000329468254720886,0.0229718230789158,0.00925338016194628,0.204229698781174,0.102299644240203,33.0237089272441,1.99638718490199,0.054190639578908,-0.0577224800537471,0.034302717525013,85941.9149646324,-1.68273781841502,0.0924294896075826,0.408872920122489,0.383550452510448,48.3329521964318,1.06602121688633,0.291710351821745,0.317878769262509,0.465759683065417,49.8725362911222,0.682495245553194,0.498083797663029,0.258108928369124,0.108981028353359,2.3683840414153,0.0178659799162459,0.115811962577995,0.108968792060715,1.06279936106355,0.287872949356437,0.142296965791129,0.0736458385100044,1.93217931481354,0.053337377377057,0.09099415085998,0.599103343253124,0.151883897635895,0.87927850876614,0.726751689385,0.607586412029817,1.19612893737547,0.231646246730984,-0.63575753852502,0.931519366130835,-0.682495245553194,0.494925848103474
0,"",633381.726257998,0,0.320220313291563,0.280891653479253,0.405887123493002,0.0000114964468569657,0.0237769249883083,0.0139344244655503,0.210917544698011,0.104001946674589,28.0059482393814,2.02801535396208,0.052167445430541,-0.0341590139695108,0.0343648250882977,85943.6407412678,-0.994010994723294,0.320220313291563,0.429476362814477,0.393871691561708,48.8160210643408,1.09039662411786,0.280891653479253,0.394575468552164,0.470698727258054,49.7268415576654,0.838276047293928,0.405887123493002,0.243602476247249,0.110694538380369,2.20067294928483,0.0277591851525011,0.141953682781587,0.110683052009764,1.2825241100965,0.199658852801913,0.101648793465662,0.0739642540466039,1.3742962026172,0.169349744747892,0.0349008942623127,0.609523351466322,0.0572593226795202,0.954338622961259,0.824051831366643,0.617952819015605,1.33351900988065,0.18236154134185,-0.78915093710433,0.94139745451611,-0.838276047293928,0.401875685197963
0,"",633581.802308436,0,0.930218024479245,0.352894796447922,0.286925186462421,0.0000000892288836812253,0.0178373730743303,0.0227498177687919,0.210877570496526,0.104274549587067,25.2927610237038,2.02233019784418,0.0538377646394433,0.00301283471712203,0.0344045631307457,85943.496951984,0.0875707883768941,0.930218024479245,0.3716329413869,0.396195020823006,48.4465535952857,0.93800507794095,0.352894796447922,0.522951689887029,0.485820704042923,49.7735871599595,1.07642940190714,0.286925186462421,0.214255870211239,0.111089303781179,1.92868136641919,0.0537704308827029,0.176106517256628,0.11107839167145,1.58542552342241,0.112869685940814,0.0381493529546112,0.0747189000429866,0.510571661690195,0.609651023298349,-0.15131874850013,0.622717732680112,-0.242997333396738,0.808007463194262,0.894584631273932,0.631036549978804,1.41764313224643,0.156294980694919,-1.04590337977406,0.971641408085848,-1.07642940190714,0.281735258789044
0,"",633402.261961295,0,0.647225144320202,0.354000566253159,0.187072960346035,0.00000243663522972134,0.0177316117739011,0.0345832455244727,0.217201782889478,0.103845668464632,23.352843993115,2.09158250027013,0.0475397000691521,0.0157280042349584,0.0343689813037815,85945.3407624893,0.457622066128213,0.647225144320202,0.360920950458196,0.385673102455283,48.5140392773478,0.935820901588655,0.354000566253159,0.635497958368918,0.475089086715622,49.9490570860275,1.33763956306012,0.187072960346035,0.213070878067795,0.110530794633805,1.92770601870466,0.0538917030498301,0.190844802548112,0.110519255767216,1.72680137251452,0.0842033419269668,0.0222260755196832,0.0741713115736129,0.299658655727349,0.764437538041751,-0.274577007910723,0.607698044514418,-0.451831317196559,0.651390506810032,0.996418908827117,0.616124866598395,1.61723534115465,0.105827490372731,-1.27099591673784,0.950178173431247,-1.33763956306012,0.181013961049983
0,"",633500.229763271,0,0.745848518447448,0.293991807125296,0.130469651763715,0.00000122234778435128,0.022633716129784,0.0451750542842776,0.213445518744662,0.11003312568923,25.0225170799542,1.93982964137093,0.0637516750175982,0.0111459228574837,0.0343883363105388,85943.7727816303,0.324119281515455,0.745848518447448,0.402988763978847,0.379865491423122,48.5990386958312,1.06087226420356,0.293991807125296,0.705475400506234,0.458833218321446,49.9665217997945,1.53754212279373,0.130469651763715,0.215075492972255,0.116216989202443,1.85063728159061,0.0642217524856478,0.177774087121515,0.116205114930405,1.52983013895716,0.126058779344691,0.03730140585074,0.0734673649668335,0.507727558591214,0.61164441886118,-0.302486636527388,0.591364133667947,-0.511506564747526,0.60899639278498,1.10846416448508,0.599949905433657,1.8475945315532,0.064661021390768,-1.41095080101247,0.917666436642894,-1.53754212279373,0.124160608164999
0,"",633434.995331127,0,0.668273881838901,0.273223621981457,0.124855926377791,0.0000021366387215888,0.0246485596304641,0.0465517705711645,0.212919858977195,0.110089768270859,26.8569609175778,1.93405674588522,0.0637078691771474,0.0147305097617356,0.0343753400714501,85942.8048369321,0.428519681001491,0.668273881838901,0.412609364579865,0.372318875631109,48.5979148784114,1.10821500489456,0.273223621981457,0.702291935923938,0.449913773900902,49.9042689450251,1.56094784526118,0.124855926377791,0.210424450776704,0.116162831711475,1.81146109884232,0.070069505543016,0.18056113385974,0.11615033657412,1.55454679844614,0.120054042787105,0.0298633169169644,0.0730529299415362,0.408790132591039,0.682693681847434,-0.289682571344074,0.579633391429238,-0.499768604824138,0.617238019312731,1.11490130050381,0.588313377150455,1.89508065565995,0.0580817170144668,-1.40458387184788,0.899827547801807,-1.56094784526118,0.118536057076988
0,"",633537.347663307,0,0.63508044489522,0.265306005021567,0.101429653510673,0.00000262079685450084,0.0254664521574352,0.0522360381915518,0.205255692145465,0.109885547600938,26.9201115639089,1.86790434799373,0.0726976394201148,0.0163238841574059,0.0343957612620768,85941.44656807,0.47458999476787,0.63508044489522,0.405972484583757,0.360246579853837,48.5983824954649,1.12692946244895,0.265306005021567,0.746437432368341,0.447402747543315,50.5032686348629,1.66837918735864,0.101429653510673,0.203311766005073,0.115888468940289,1.75437442451525,0.079366370718544,0.172906118632722,0.115875302918205,1.49217403776518,0.135653526573546,0.0304056473723509,0.0729752828196678,0.416656793883041,0.676929461419094,-0.340464947784584,0.570019452160287,-0.597286542580738,0.550316087709402,1.1524099169521,0.578767187883244,1.99114590646866,0.0464648488027856,-1.49287486473669,0.894805495086633,-1.66837918735864,0.095240477164587
0,"",633891.843543853,0,0.948495690082633,0.364300117453659,0.107781832688114,0.0000000485527089137211,0.0171080973370292,0.0500405689175435,0.194499895753628,0.114333856377014,24.8608490482744,1.70115748665266,0.101390059720666,0.00222640841240886,0.0344665737130721,85940.9116512811,0.0645961629648281,0.948495690082633,0.324900091959353,0.354748146709354,48.1907230757676,0.91586128066666,0.364300117453659,0.719769197340469,0.439662271290311,50.8781060074572,1.63709566260509,0.107781832688114,0.20895127221906,0.120048099268322,1.74056293679443,0.0817602190808718,0.152603405114178,0.120034776910794,1.27132660251944,0.203612482130592,0.056347867104882,0.0727497794727006,0.774543476465473,0.438609468309506,-0.394869105381117,0.560486928211959,-0.704510819977214,0.481114714248357,1.04466928929983,0.56934411745734,1.83486446468484,0.0665257740444607,-1.43953839468094,0.879324542580624,-1.63709566260509,0.101610482741238
0,"",634444.062513266,0,0.859220310448355,0.346013776224252,0.0828771643482149,0.000000366038612987366,0.0184551592815975,0.0582455753324879,0.188946726711994,0.114336796068943,23.4470559438884,1.65254522785527,0.111753343899794,-0.00613300895131341,0.0345780142184782,85944.8860308903,-0.17736729797618,0.859220310448355,0.342714345934579,0.36011764379555,48.1690538016068,0.951673298543374,0.346013776224252,0.749883196108813,0.423842351221697,50.611973624349,1.76925027418172,0.0828771643482149,0.212277015469762,0.119998899443034,1.76899135287932,0.0768953176407227,0.136666509696201,0.119985162083383,1.13902842087445,0.25469130031008,0.0756105057735604,0.0722524137229356,1.04647722999957,0.295340752364095,-0.407168850174235,0.551645022208681,-0.73809938236007,0.460454059064961,1.09259754204339,0.56066200298966,1.94876331232945,0.0513236969557028,-1.49976639221763,0.847684702443397,-1.76925027418172,0.0768521177230005
0,"",634638.771447722,0,0.772923507258219,0.353818794528845,0.0587924322156117,0.000000968792057801426,0.0177692673660577,0.0686122566385356,0.178108108466168,0.118877088860265,22.5166543180641,1.49825429082912,0.14795663211215,-0.009988855077424,0.0346169523024567,85945.4271982546,-0.288553856219026,0.772923507258219,0.344510173116481,0.367991730929865,48.4475677126937,0.936189985155238,0.353818794528845,0.821183419265158,0.424763761137995,50.7357685436789,1.93327090113598,0.0587924322156117,0.208229847448542,0.124386006026558,1.67406168989847,0.0941184759314313,0.11888474326303,0.124373013704061,0.955872497758314,0.339136655221926,0.0893451041855118,0.0723518174692405,1.23487021212005,0.216878811199367,-0.476673246148679,0.557482689513476,-0.855045824946923,0.392525779326578,1.16569359238164,0.566478052982226,2.0577912705441,0.0396101744043828,-1.64236683853032,0.849527522275992,-1.93327090113598,0.0532028345089041
0,"",635042.72914139,0,0.955041210505456,0.330231456577346,0.0585735832770544,0.0000000369821974760876,0.0196708117400989,0.0683515820026346,0.170446921388354,0.123146419959483,21.7229176755302,1.3840996875462,0.18038435253805,-0.00195618542871516,0.034697980012449,85944.6653370829,-0.056377501745442,0.955041210505456,0.36762040844671,0.373756843623749,48.2137121840363,0.983581744972096,0.330231456577346,0.838060008902619,0.433160377130907,51.0218578114188,1.93475685484812,0.0585735832770544,0.19227270498897,0.128565859097573,1.4955191552296,0.13477900454589,0.117567332842119,0.128553629035993,0.914539198338783,0.360433590665881,0.0747053721468515,0.072832824341502,1.02571021819186,0.305028196442422,-0.470439600455911,0.567634204854667,-0.828772467255314,0.407233170627493,1.20568041734933,0.576572276841827,2.09111756804098,0.0365175262467596,-1.67612001780524,0.866320754261817,-1.93475685484812,0.0530201398671504
0,"",635181.879310108,0,0.786560262867473,0.260414578739239,0.0516435523401407,0.000000853133979202686,0.0258219459311482,0.0718344485328354,0.155956315524644,0.122469022499033,24.7359334825436,1.27343480287741,0.214701021501429,-0.00940316356810219,0.0347261064436281,85944.5193321374,-0.270780819708844,0.786560262867473,0.433536936594415,0.380761652380762,48.9097201226901,1.13860451514397,0.260414578739239,0.847342367905599,0.425253923737862,51.2995870165932,1.99255626016969,0.0516435523401407,0.182837063108921,0.12791154487249,1.42940235215815,0.152888622752047,0.0924536308650885,0.127899124861432,0.722863670609583,0.469763645191447,0.0903834322438322,0.0725434848285875,1.24592073922832,0.212793495333921,-0.413805431311185,0.566299057460268,-0.730718912312896,0.464950861313014,1.28087930450002,0.575279105022915,2.2265354213569,0.0259783391180459,-1.6946847358112,0.850507847475725,-1.99255626016969,0.0463100588076838
0,"",635201.241137409,0,0.853192883270829,0.240090680828981,0.0564205509000109,0.000000398449358081759,0.0282485127635891,0.0690300001597723,0.136824112254114,0.124041216487558,29.8859285735773,1.10305361498803,0.278807208510216,-0.00642655541170074,0.0347293800802574,85938.7724731966,-0.185046649172815,0.853192883270829,0.429574971823438,0.361197946320526,48.6571897244401,1.18930624107767,0.240090680828981,0.818964993160737,0.41959071373827,51.3779476897655,1.95181868031424,0.0564205509000109,0.159697036654782,0.129286021432267,1.23522276333986,0.216747609654311,0.0776639277394349,0.129272646582299,0.600776187327393,0.547989066559543,0.0820331089153468,0.07231395393672,1.13440220662159,0.256625873896196,-0.389390021337301,0.549069764583761,-0.709181321671372,0.478211962970589,1.24853996498418,0.558178323283024,2.23681198804115,0.0252986307041755,-1.63792998632148,0.839181427476542,-1.95181868031424,0.0509597356458578
0,"",635312.496018113,0,0.850390364132464,0.413453867999001,0.0971388201670179,0.000000414003871516455,0.0138060960305045,0.0527859813448034,0.121631527263135,0.124311774538834,31.6102584555005,0.978439312883739,0.335286457671239,-0.00655488679494553,0.0347516386764592,85936.0193772914,-0.188620941187036,0.850390364132464,0.290574710501879,0.352251071743188,48.6074015348794,0.82490795290958,0.413453867999001,0.703565463802519,0.416355536354247,51.2400865909741,1.68981892246031,0.0971388201670179,0.14562958914122,0.129487401056333,1.12466222932271,0.260732192905032,0.0730879010618363,0.129473488477735,0.56450090223996,0.572413286297654,0.0725416880793837,0.0722162933518114,1.00450583535196,0.315134859980219,-0.412990753300641,0.540767098589507,-0.763712796835926,0.445038413110124,0.994140174304401,0.549942220126083,1.80771749817004,0.0706504797924862,-1.40713092760504,0.832711072708497,-1.68981892246031,0.09106260253874
0,"",635625.034614565,0,0.716592325252365,0.500342706374852,0.112211318976523,0.0000015335461769239,0.00941214063028471,0.0485803986836385,0.117934340255648,0.120177546691616,32.0132140153242,0.98133423008106,0.333786548178671,-0.0126385181857864,0.0348151273899458,85932.770635377,-0.363018007782336,0.716592325252365,0.227645455955236,0.335249329793722,48.5273670396788,0.679033291715469,0.500342706374852,0.654909837168366,0.405226085909398,51.1539598457867,1.61615912682086,0.112211318976523,0.148618897847223,0.125388268594467,1.18526955921123,0.235910885171352,0.0680200080825692,0.125372601957733,0.542542844452578,0.587444600675302,0.0805988897646535,0.0718660705995226,1.12151518918844,0.26206862975069,-0.427264381213131,0.521237444153347,-0.81971160361885,0.412380533519334,0.882555293123604,0.530577152231107,1.66338729327565,0.0962349349981731,-1.30981967433673,0.810452171818798,-1.61615912682086,0.106059913298476
0,"",635660.151138827,0,0.472888453988663,0.708725862042985,0.207692239025753,0.00000599583983342858,0.00291169903124717,0.030861742899449,0.101925204604179,0.118139472296489,34.6750067188231,0.862753173201775,0.394201290269043,-0.0249949240954206,0.034822034891913,85929.5870549135,-0.717790450012596,0.472888453988663,0.124095083644798,0.330235550328071,48.3558078487446,0.375777482229022,0.708725862042985,0.526044207580392,0.412233784196934,51.1355124351714,1.27608223233127,0.207692239025753,0.14389694691475,0.123454901062085,1.16558310505943,0.2437830419162,0.0494708437183812,0.123438954294526,0.400771733697157,0.688588191605562,0.0944261031963685,0.0721611542840041,1.30854479994508,0.190688589690479,-0.401949123935595,0.523531883478019,-0.767764364732279,0.442627189071308,0.650139291225192,0.532821536773408,1.2201820804058,0.222395858371651,-1.05208841516079,0.82446756839387,-1.27608223233127,0.201926451710674
0,"",635783.285668713,0,0.212506703352086,0.996121244327626,0.307096397734209,0.0000180862149141908,0.000000483902915825502,0.0202954946606235,0.0864160371908029,0.117741832502287,35.4616666252204,0.733945067392462,0.467807416161871,-0.0434446121928054,0.0348473665645612,85936.2463810109,-1.24671148714541,0.212506703352086,0.00171357912775894,0.350711030856239,49.3345335351221,0.00488601434513007,0.996121244327626,0.4335113625918,0.420235799575376,51.3700916836383,1.03159074745616,0.307096397734209,0.148098162638516,0.123227036668048,1.20183172981321,0.229428729343204,0.024589161476865,0.123212343558631,0.199567354752604,0.841818961277038,0.123509001161651,0.07252814020541,1.70291146046012,0.0885846389827424,-0.431797783464043,0.542742086498304,-0.795585590662301,0.426272944527872,0.43522494171956,0.551927292640501,0.78855484684836,0.43037223035515,-0.867022725183603,0.840471599150754,-1.03159074745616,0.302263876667595
0,"",635983.526082636,0,0.102830726673395,0.917753550817172,0.406412447005948,0.0000309631338290935,0.000222182824264314,0.0134027050550598,0.102128014054374,0.113198105316636,33.7364709451527,0.902206037536606,0.373344019165555,-0.0569144185655808,0.0348889985907131,85942.7490543101,-1.63129986140475,0.102830726673395,0.0377407822709026,0.363579427647338,48.4859830975961,0.103803404156052,0.917753550817172,0.343290265373725,0.410107160519275,51.5793342562456,0.837074546416243,0.406412447005948,0.171947692817016,0.118906601195421,1.44607356604553,0.14815656903621,0.0291202780886842,0.118891606046449,0.244931320696496,0.806509609767233,0.142827414728332,0.0721790324281605,1.97879370121077,0.0478392379666001,-0.305549483102823,0.543429216538276,-0.562261788295481,0.573937668876538,0.381031047644628,0.552666674631006,0.689440968914993,0.490545809282542,-0.686580530747452,0.820214321038551,-0.837074546416243,0.402550666819804
0,"",636066.02584733,0,0.236200686070921,0.743263536691697,0.374518851044916,0.0000163253651607101,0.00224427185403085,0.0153057764496703,0.11178351483474,0.111685542840169,31.4567086940927,1.00087721286103,0.3245235589675,-0.0413482099594397,0.0349064082923486,85947.4711796746,-1.18454495842539,0.236200686070921,0.123007416756284,0.373405034869333,48.2448570574267,0.329420884213113,0.743263536691697,0.354241690560596,0.395448340042722,51.6256882165766,0.895797642044284,0.374518851044916,0.162898190243964,0.117436268000233,1.38711995040272,0.165405189502648,0.0502780987619221,0.117420917675907,0.428186900230967,0.668515052819356,0.112620091482042,0.0716207164189322,1.5724513396835,0.115845915796661,-0.231234273804313,0.53921243846265,-0.428837054396567,0.668041810818089,0.477249107316881,0.548517425086743,0.870071005021234,0.384261601952698,-0.708483381121194,0.790896680085446,-0.895797642044284,0.370360849476897
0,"",636274.295563371,0,0.548908618034339,0.662622701691892,0.245183508014147,0.00000418006443182206,0.00399060370297528,0.0260165792899584,0.111902788837115,0.11308644574891,29.2403026363962,0.989533167269018,0.330520612263243,-0.0209483491307268,0.0349489393919603,85950.1846578454,-0.599398708378137,0.548908618034339,0.168379514273934,0.383546925176904,48.1023537904532,0.439006294200566,0.662622701691892,0.453976655763551,0.386204280768209,51.7290194512572,1.17548323094849,0.245183508014147,0.144913686348001,0.118780782846367,1.2200095240611,0.222461264475409,0.0646684573901369,0.118765524509465,0.544505298631366,0.586093803189673,0.0802452289578642,0.071328183827739,1.12501433026334,0.260582961826308,-0.285597141489617,0.539617538748042,-0.529258448775083,0.596626175537587,0.622356170037487,0.548941611164796,1.13373837468235,0.256904307591861,-0.907953311527104,0.77240856153642,-1.17548323094849,0.239801442175669
0,"",636393.388267728,0,0.850653062754129,0.525287817055008,0.0924851331063302,0.000000412463026107335,0.00841973368303995,0.0537488167252206,0.122061520915999,0.111227691460286,32.4497756118237,1.09740226838728,0.280542458458715,-0.00658499721882958,0.0349734143971016,85950.7995864822,-0.188285797436332,0.850653062754129,0.248015546352922,0.387604774605609,48.2179889431015,0.639867108461911,0.525287817055008,0.643973273031009,0.375677679086487,51.7299941953288,1.71416431925613,0.0924851331063302,0.145370282279107,0.116980208118408,1.24269126049051,0.213981625660832,0.0778022730647586,0.11696423779174,0.665180011716823,0.505935363500342,0.0675680092143484,0.0709655687406075,0.952123831506547,0.341034184113287,-0.395957726678088,0.535083584005195,-0.739992290016215,0.459304672595843,0.891988819383933,0.544451942644994,1.6383242477758,0.101354072075283,-1.28794654606202,0.751355358172976,-1.71416431925613,0.0864985518547288
0,"",636189.236744968,0,0.891306060435483,0.374299674910739,0.0505107658238916,0.000000217272640597224,0.0163910982628275,0.0714355888053123,0.132971606491866,0.112966341239954,36.8784429130127,1.17709049467592,0.24670081147403,-0.004773458421026,0.0349314507392466,85946.4426304449,-0.136652166457629,0.891306060435483,0.332323932002931,0.370583459736377,48.2575833006325,0.896758674117125,0.374299674910739,0.746031093474083,0.372654456763772,52.0953096703895,2.00193793454883,0.0505107658238916,0.155218498380872,0.118513224758425,1.30971457993204,0.190292409402513,0.082652490302842,0.118496609960527,0.697509323940786,0.485484106356603,0.0725660080780304,0.0707843291007069,1.02517052856132,0.305282731578158,-0.413707161471154,0.520790781379926,-0.794382650889028,0.426972701015683,1.07835502547702,0.530267716895776,2.03360489639041,0.0419914477675901,-1.49206218694817,0.745308913527546,-2.00193793454883,0.0452914071207746
0,"",636199.719599997,0,0.920692388610856,0.371970641518081,0.0464379834000312,0.000000115336115438696,0.0167320502080276,0.0745829197946411,0.147642656010225,0.115328079605374,36.7998716001548,1.28019695216832,0.208487095813299,0.00347802700930206,0.0349333189137123,85945.0429621357,0.0995618829660311,0.920692388610856,0.329905499519613,0.366045775631621,47.7343525490504,0.901268424557976,0.371970641518081,0.752097469871576,0.368603746652288,51.6567280595056,2.04039561914992,0.0464379834000312,0.161996428862514,0.120720360781225,1.34191471773424,0.179623649105258,0.105420949830034,0.120703613834194,0.873386856294515,0.382452252688451,0.0565754790324803,0.0706361917409826,0.800941806714866,0.423165335861636,-0.422191970351964,0.514692852499907,-0.820279450746871,0.412056818178372,1.08200296939119,0.524221071107629,2.06402037046131,0.0390157850266311,-1.50419493974316,0.737207493304577,-2.04039561914992,0.0413109378927893
0,"",636290.780803111,0,0.928482870071904,0.404419989710382,0.0813305701385895,0.0000000937334931489182,0.0147994692777981,0.0585356361472524,0.134074308145212,0.113948264651905,35.2804726754528,1.17662439664868,0.247223400353787,-0.00313707393813448,0.034951891566499,85943.5518264135,-0.0897540532868136,0.928482870071904,0.297687833668757,0.353835558419533,47.1191792708729,0.841316895900542,0.404419989710382,0.648859839575082,0.364874523768072,50.8625641592166,1.77830952096705,0.0813305701385895,0.152043565938228,0.119321024596897,1.27423952695577,0.202578540794982,0.0909586229258915,0.119303353065822,0.762414639559277,0.445812571551594,0.0610849430123365,0.0705292620372293,0.866093607786402,0.386438830335444,-0.351172005906326,0.503429250428653,-0.697559797344542,0.485452530968649,0.946547673243841,0.513054608016464,1.84492578071429,0.0650483358314749,-1.29771967915017,0.729749047536146,-1.77830952096705,0.0753530334986891
0,"",636406.087954666,0,0.638485816777101,0.523798197628308,0.108174828708459,0.00000256834252098385,0.00866073455596546,0.0499370167440824,0.147864637348755,0.116130652000225,31.6121496593059,1.27326106244945,0.212209141990555,-0.0164319898680336,0.0349751795322214,85942.1778064413,-0.469818599584181,0.638485816777101,0.221345789102191,0.344625487781023,47.2188408135351,0.642279218891772,0.523798197628308,0.582838544420508,0.356426698375258,50.8728276799101,1.63522695431439,0.108174828708459,0.179564720683553,0.121319991240513,1.48009177092316,0.138848757367765,0.0974669278692154,0.121301696073842,0.803508368175517,0.421680961981128,0.0820977928143378,0.0702595440751796,1.16849310502913,0.242607918853253,-0.361492755318318,0.490899848211647,-0.736387995708778,0.461494608016833,0.804184333522701,0.500630377935434,1.60634346009745,0.108198466323999,-1.16567708884102,0.712853396750518,-1.63522695431439,0.102001479666137
0,"",636252.372353988,0,0.102768159363521,0.496595302628027,0.142536965537945,0.00003097257843518,0.00991162352228607,0.0420932934171525,0.167044242660327,0.119023511168259,27.4483386447763,1.40345584683839,0.171693413055581,-0.0570148093135891,0.0349441825454209,85947.800807641,-1.63159659664324,0.102768159363521,0.245247933650265,0.357925538753232,46.8980195583277,0.685192608788245,0.496595302628027,0.52371587920337,0.35157067666721,50.4982701733321,1.48964607676626,0.142536965537945,0.235820489949233,0.124128264299506,1.89981299811159,0.0574576645545971,0.0775512959719766,0.124110800488131,0.624855336255711,0.532066008378343,0.158269193977256,0.0700330004870939,2.25992307735584,0.0238260253686509,-0.278467945553106,0.49685055749946,-0.560466203267586,0.575161485893714,0.768963812853637,0.506522247764637,1.51812445800198,0.128983026516488,-1.04743175840674,0.703141353334422,-1.48964607676626,0.13631731993674
0,"",636364.473689359,0,0.0526585147950959,0.500619812410137,0.149015645175797,0.000043683784211071,0.00969728766905536,0.0409419170433321,0.174172781086059,0.122697233235593,26.3720208210829,1.41953307742178,0.167456833907581,-0.0677569473998087,0.0349670395172019,85950.9556618919,-1.93773760476565,0.0526585147950959,0.251895651903521,0.371115405391602,47.0479891157542,0.678752884531216,0.500619812410137,0.483885819768772,0.330191845867539,50.3071643679647,1.46546871409686,0.149015645175797,0.251728120055895,0.127625019303479,1.97240416831838,0.0485634863865278,0.0753391935175856,0.127607115017297,0.5903996302038,0.554922758458767,0.17638892653831,0.0693242382531086,2.5444048284281,0.0109464137025526,-0.231990167865251,0.491886804348389,-0.471633241254707,0.637188595550694,0.735781471672295,0.501551562753724,1.46701062525367,0.142373164961832,-0.967771639537546,0.660383691735079,-1.46546871409686,0.142793082063031
0,"",636460.756246105,0,0.102959874161584,0.548035574743892,0.260377391890181,0.0000309362248188878,0.00753304787073272,0.024773084915572,0.18832955174227,0.12519169150515,25.4765514922463,1.50432947648545,0.144793937988245,-0.0570522459006689,0.0349866145979345,85952.9720232717,-1.63068780893242,0.102959874161584,0.235747882039803,0.389685232858269,48.2184259849804,0.604970017238364,0.548035574743892,0.374727864603222,0.329243251899616,50.9945541353441,1.138148959595,0.260377391890181,0.251251789039915,0.130120365423647,1.93091825573873,0.0534931621907841,0.105493107896248,0.130103298133045,0.810841150148009,0.417456899674052,0.145758681143667,0.0693234978763209,2.10258693817951,0.0355018927064452,-0.13897998256342,0.505369115960696,-0.275006877496307,0.783310954484264,0.610475746643027,0.514891693360441,1.18563914414458,0.235764836750863,-0.749455729206447,0.658486503799235,-1.138148959595,0.255058287187738
0,"",636830.023410479,0,0.128347847103033,0.580846333111292,0.250772635706425,0.000026902404528311,0.00628293362095206,0.0256612669995586,0.202076251884441,0.125321789276399,25.2380740135938,1.61245903885683,0.119298413874064,-0.0533172963393307,0.0350618513710738,85953.5396437573,-1.5206640338256,0.128347847103033,0.224323225955862,0.403564448880113,48.8678192410581,0.555854775063454,0.580846333111292,0.39483746745428,0.339902139641078,51.2342980508336,1.16162101206898,0.250772635706425,0.262595428035498,0.130381919661248,2.01404787349166,0.0440045074900329,0.122607938135069,0.130365875501833,0.940491042330668,0.346965742284653,0.139987489900429,0.0698130335228251,2.00517701117601,0.0449441268092416,-0.170514241498419,0.522905043248787,-0.326090259981087,0.744356066031888,0.619160693410144,0.532321118884055,1.16313381424381,0.244775214654637,-0.789674934908563,0.679804279282158,-1.16162101206898,0.245389443155705
0,"",637238.082591015,0,0.156889528528192,0.732080770587957,0.20283374792793,0.0000233142573938157,0.00240555170086174,0.0314928925215866,0.194378456261492,0.12437355412974,24.6029595168239,1.56286002777348,0.130858177952081,-0.0497523243407924,0.035145178724949,85953.4920295101,-1.41562302841482,0.156889528528192,0.142396037207297,0.4135679106981,49.1633498870961,0.34431113614916,0.732080770587957,0.460592516898922,0.357036111713842,51.1799348181265,1.29004462514447,0.20283374792793,0.25757020233689,0.129622894619559,1.98707337228391,0.0469142665483815,0.119158164809226,0.129607976762148,0.919373697406763,0.357900142093125,0.138412037527665,0.0705564862646953,1.96171953643506,0.0497951460339826,-0.318196479691626,0.541682995288259,-0.587421946894044,0.556920357605723,0.602988554106221,0.551004479355117,1.09434419627939,0.273804048470596,-0.921185033797847,0.714072223427685,-1.29004462514447,0.197035164494754
0,"",637409.56887485,0,0.379174982762962,0.978665798916625,0.180326540345606,0.00000899787215397724,0.0000147097053154702,0.0347162010703975,0.186808978628777,0.1246377081515,24.378809817039,1.49881589929194,0.146760096711608,-0.0309379227811702,0.0351798383868632,85950.9925700728,-0.879421970077127,0.379174982762962,0.0115233766312471,0.428725692658577,49.1122839252625,0.0268782040091635,0.978665798916625,0.522768394300166,0.384882131111431,51.2962917621683,1.35825581923109,0.180326540345606,0.239339966829235,0.130110350524166,1.83951519510188,0.0658394450355096,0.133304582309511,0.130097299835392,1.02465295189198,0.305526969851228,0.106035384519724,0.0716482582812435,1.47994364501506,0.13888828678295,-0.51124501766892,0.571569894746151,-0.894457567426601,0.371077123275636,0.534291770931414,0.58067874440932,0.920115943756317,0.357512173429745,-1.04553678860033,0.769764262222863,-1.35825581923109,0.174382524035582
0,"",637641.457706862,0,0.992246923736223,0.830671659352848,0.21970851392008,0.00000000109861489411264,0.000944568247022276,0.0295347860584144,0.202897213870823,0.124675153178229,24.2323253092921,1.62740697483461,0.116585286526373,0.000342307738770241,0.0352269161137439,85948.5791983197,0.00971722127662173,0.992246923736223,-0.0940748319270172,0.437583369280661,48.8856652573684,-0.21498721965066,0.830671659352848,0.505816266176622,0.4070458775496,50.7393623366445,1.24265173552823,0.21970851392008,0.227892048359596,0.130326326706167,1.74862634526177,0.080355629275304,0.18584911306122,0.13031443871972,1.42615902648319,0.153822443759852,0.0420429352983761,0.0725914839240902,0.579171729597661,0.562473304253575,-0.599891098103641,0.593138752261754,-1.01138409152351,0.311832632249862,0.411741434249606,0.602094281294593,0.683848770933848,0.494070665967338,-1.01163253235325,0.814091755099202,-1.24265173552823,0.213996196538409
0,"",637804.845927008,0,0.893929209036656,0.799797204652695,0.355628776774734,0.000000206849197119163,0.00133437307861895,0.0170113924572924,0.210274112327503,0.125822924602275,22.6688979493005,1.67119078651348,0.108433913527467,0.00470137784992815,0.0352600429875521,85946.9974939434,0.133334433301397,0.893929209036656,-0.110609685009141,0.433762439054325,48.6659557978554,-0.255000606438604,0.799797204652695,0.39938922656665,0.428379891182203,50.2276847310312,0.932324870489257,0.355628776774734,0.227113169065346,0.131528401414716,1.7267234043942,0.0842173502899049,0.202778529195718,0.131517326809616,1.54183889008982,0.123112748968615,0.0243346398696287,0.0735144596556968,0.331018414385407,0.740630576257701,-0.509998911575792,0.605184794442059,-0.842716003871145,0.399387294443482,0.28877954155751,0.614060041024812,0.470278999225486,0.638155699458115,-0.798778453133302,0.856759782364409,-0.932324870489257,0.351168658456474
0,"",637952.634816491,0,0.995211720251033,0.681003788073279,0.48910421414597,0.000000000419049947853677,0.00351879489738249,0.00957096403764189,0.20954750889445,0.124963748181075,23.6652389274791,1.67686638680853,0.106730513768869,0.000211785269744096,0.0352900623906363,85945.0477872279,0.00600127218251362,0.995211720251033,-0.179241075171735,0.433384368721756,48.4399574092624,-0.413584540901641,0.681003788073279,0.308499698450056,0.442702279447406,50.2520346917496,0.696855906943002,0.48910421414597,0.22993605823626,0.130794535008268,1.75799438578779,0.0787484645843841,0.204299896396013,0.130783814118274,1.56211911828213,0.11825992982687,0.0256361618402472,0.0741642874265627,0.345667203580052,0.729592834325309,-0.487740773621792,0.615105661248275,-0.79293819639375,0.427813831833762,0.129258623278322,0.623906775136232,0.207176181489771,0.835872268180295,-0.616999396900114,0.885404558894813,-0.696855906943002,0.48589297435096
0,"",637823.331654368,0,0.803125758439624,0.604365907753196,0.446845998455,0.00000072317196634968,0.00555576017116907,0.0116367276948779,0.205186042976913,0.123439623354746,24.1250133867083,1.66223808369246,0.10940558940758,-0.00879136087342774,0.0352635305806581,85944.6278590406,-0.249304613822467,0.803125758439624,-0.221193526958484,0.424128581479051,48.6840493098063,-0.521524689958697,0.604365907753196,0.343496622450386,0.447995995282776,49.9323959208181,0.766740386225037,0.446845998455,0.237827790487672,0.129312369071999,1.83917278907212,0.0658897756108846,0.191229059651105,0.129301480569703,1.47893944298664,0.139156500351245,0.0465987308365668,0.0743496280493801,0.626751364588102,0.530822228556587,-0.564690149408871,0.612495673961335,-0.921949612732315,0.356554858822707,0.122303095491902,0.621305062117097,0.19684870275345,0.843945937397047,-0.686993244900773,0.895991990565555,-0.766740386225037,0.443235886518672
0,"",637703.441176219,0,0.349399728728077,0.671622942142123,0.363536188172146,0.0000101881512832609,0.003758698638459,0.0166718831359978,0.203821289538897,0.120443453674143,24.6710296425965,1.69225709925531,0.103190748173594,-0.0329757385965184,0.035239549785289,85946.5703387139,-0.935759361213077,0.349399728728077,-0.16900560108002,0.396237602710124,48.2189619608205,-0.426525902448637,0.671622942142123,0.394009757815828,0.429633440741103,49.6057019790341,0.917083542510506,0.363536188172146,0.260576677924735,0.126177091887471,2.06516629941929,0.0389072680192681,0.161342222189834,0.126164477658757,1.27882447725281,0.200958872312467,0.0992344557349011,0.073536021276142,1.34946729524918,0.177186918244416,-0.563015358895849,0.57989952048994,-0.970884332548119,0.33160588094026,0.225004156735809,0.588977765747189,0.382024873978671,0.702442914639041,-0.788019515631658,0.859266881482208,-0.917083542510506,0.359098864309025
0,"",637585.657543686,0,0.164178850296451,0.807442566004218,0.252984370481461,0.0000225170974222219,0.00125543226022442,0.0261722654019478,0.211796043691901,0.122598870696002,26.7457430760905,1.72755297409773,0.0956009016972016,-0.0489908670773388,0.0352157003707941,85947.9269115427,-1.39116549043475,0.164178850296451,-0.0952135252419626,0.388496877767124,47.7840955541757,-0.245081828685986,0.807442566004218,0.45640446513276,0.394631420616792,49.7688116272375,1.15653351783145,0.252984370481461,0.284085178607482,0.127989977905316,2.21958924641461,0.0264466629106148,0.147549830695541,0.127975844412017,1.15295063199978,0.248930648281897,0.136535347911942,0.0720851108038536,1.89408528875623,0.0582136900798461,-0.551617990374724,0.549077999250149,-1.00462592041212,0.315077011182416,0.361190939890798,0.558427179751415,0.646800429827902,0.517761114153942,-0.912808930265522,0.789262841233587,-1.15653351783145,0.247462997859681
0,"",637411.395344993,0,0.424991395084004,0.982367330603833,0.209904061606812,0.00000740570942609003,0.000010411322917581,0.0313043018579623,0.227636105324006,0.131047003542389,27.9486620862084,1.7370569274434,0.0933880504942735,-0.0280656712125769,0.0351790305743684,85943.541789029,-0.797795469469975,0.424991395084004,0.00840878129844422,0.378467672550645,47.4130722179059,0.0222179644612024,0.982367330603833,0.49824541466995,0.392259837081253,49.9254838340848,1.27019227453241,0.209904061606812,0.276390632375965,0.136035462290985,2.03175427731303,0.0421785380775754,0.178171267722708,0.13602165060755,1.30987432461593,0.190238354258578,0.0982193646532571,0.0719339088137169,1.36541119859912,0.17212384611675,-0.489836633371507,0.54034943496501,-0.906518267023313,0.36466160070259,0.506654195968396,0.549757770330557,0.921595334002749,0.35673969323863,-0.996490829339903,0.784519674162508,-1.27019227453241,0.204016148846822
0,"",637597.966329409,0,0.956150344934738,0.768440680546164,0.266080841142518,0.000000035181777302014,0.00187325335406026,0.0244351859290261,0.245845845901568,0.135980516187641,31.6812316519092,1.80794905618921,0.0801170087565605,-0.00193635469750253,0.0352158951593734,85935.88855149,-0.0549852471089928,0.956150344934738,0.10859250423634,0.366701771587404,46.7264573305346,0.29613302320918,0.768440680546164,0.463805778380512,0.412422298095887,50.4926907113133,1.12458948151411,0.266080841142518,0.26278507241456,0.140847408092614,1.86574304755232,0.0620773238493605,0.219733542030439,0.140834237018044,1.56022815675343,0.118705974014397,0.0430515303841209,0.0727930434500088,0.591423690282808,0.554236571037952,-0.355213274144173,0.547183158306958,-0.649167045351395,0.516230409886158,0.572398282616853,0.556520685841319,1.02853011070295,0.303700534420563,-0.927611556761026,0.824844596191777,-1.12458948151411,0.26076303300448
0,"",638185.808400549,0,0.801088604016608,0.839104419990768,0.352549961358639,0.000000738675247448822,0.000894337061059485,0.0170740154930019,0.230534258512743,0.135836672155708,36.7375588729657,1.69714300898423,0.0981274804008609,0.00890243207183979,0.0353356263094064,85928.6291084174,0.25193927493709,0.801088604016608,0.0721939976397761,0.353584462643491,46.5721222311071,0.204177517021066,0.839104419990768,0.402901810556481,0.429404022708316,50.6817223957367,0.938281406902801,0.352549961358639,0.235599679803153,0.140758957205633,1.67378108278372,0.0941736315033281,0.219370431721881,0.140745571778371,1.55863114519382,0.119083707079,0.0162292480812713,0.0736800638786129,0.220266476804483,0.825663626650626,-0.330707812916706,0.55158054944132,-0.599563949910253,0.548796878745777,0.475095808196258,0.56087295474105,0.847064926522631,0.396958933257299,-0.805803621112964,0.858808045416635,-0.9382814069028,0.34809981227252
0,"",638819.267884385,0,0.513335855423597,0.994783083944039,0.460665091677642,0.00000497248100412516,0.000000928091432898274,0.0108475004854798,0.209950638785385,0.132072222190556,39.9289587732075,1.58966537628529,0.119798006563271,0.0231824368263134,0.03546586059297,85925.4613136615,0.653654992116802,0.513335855423597,0.00230471092297366,0.350596696774053,46.5614089348984,0.00657368122455233,0.994783083944039,0.333850191280534,0.449059379511857,50.3998552859795,0.743443309531671,0.460665091677642,0.200771435241368,0.137249888343337,1.46281674735595,0.143517529222008,0.218935157698696,0.137236413619032,1.59531389610967,0.11064205967928,-0.0181637224573279,0.0747150793029225,-0.243106513796037,0.807922885287619,-0.331545480357561,0.565105295719869,-0.586696820696427,0.557407343412436,0.336154902203508,0.574282809234498,0.585347318077643,0.558314204277997,-0.667700382561069,0.898118759023717,-0.743443309531671,0.457213331618909
0,"",639143.976947519,0,0.440473534462093,0.842770247353018,0.602732334825569,0.0000069247777615105,0.000846804871281906,0.0054296129478104,0.211378955425258,0.126530523220875,39.2385671387288,1.67057679083702,0.102764282921878,0.0274103768042409,0.0355334055562283,85930.5316214369,0.771397404081253,0.440473534462093,-0.0747076967216732,0.374563646589505,46.9383889176454,-0.19945260946145,0.842770247353018,0.250290386611779,0.477851855879004,50.253745550374,0.523782388898276,0.602732334825569,0.197695274494867,0.132233625406969,1.49504540835533,0.134902591781302,0.231373380233373,0.132221438548696,1.74989307916325,0.0801367651400233,-0.0336781057385053,0.076080904976326,-0.442661739486207,0.6580104206198,-0.324998083333453,0.602692179456691,-0.539243903291443,0.589718570356282,0.175582689890106,0.61159036932298,0.287091979692999,0.774041893088962,-0.50058077322356,0.95570371175801,-0.523782388898276,0.60042990381096
0,"",639271.016329767,0,0.852863730721362,0.936438602192345,0.61209848812546,0.000000400275468334103,0.000136069017034399,0.00514942970552862,0.210052867327352,0.122180654347664,37.7969179356746,1.71919907000701,0.0937591580340473,0.00659526662342316,0.0355604540293959,85935.1761744473,0.185466322167068,0.852863730721362,0.03168108815461,0.395160270953748,47.2318857521716,0.080172756431575,0.936438602192345,0.243887117255938,0.477962712986192,50.3023650721297,0.51026389847901,0.61209848812546,0.212420384712358,0.128192733606086,1.65703919978092,0.0975115500893524,0.205009170085587,0.128181007395291,1.59937243630307,0.10973787308695,0.00741121462677055,0.0761264600903215,0.0973539899001923,0.92244528183938,-0.212206029101329,0.615724218843772,-0.344644603228076,0.730361569348567,0.275568205410549,0.624566790519598,0.441214950255832,0.659057390961081,-0.487774234511878,0.955925425972387,-0.51026389847901,0.609866591250225
0,"",639197.194995768,0,0.889029210695979,0.744984738795426,0.518986380928545,0.000000226552148557355,0.00223333381758682,0.00830656797443365,0.219733424906821,0.1221188061359,35.3855495767658,1.79934141071025,0.0804974311034901,-0.00495978748166801,0.0355455921975556,85938.218091951,-0.139533122815973,0.889029210695979,0.136779765580798,0.418098919490176,47.8146485992035,0.327146900421522,0.744984738795426,0.304293258026011,0.468525785342284,50.3585804427004,0.64946960774786,0.518986380928545,0.231768351853858,0.128198142130601,1.80789165897385,0.0706233641985248,0.196144372935005,0.128186989435334,1.53014259714674,0.125981436336855,0.0356239789188536,0.0756827309915101,0.470701551756237,0.63785387612271,-0.167513492445213,0.623530862767111,-0.268653089121877,0.788196654376811,0.441073023606811,0.632341283798409,0.697523686825144,0.485475121043079,-0.608586516052024,0.93705157068457,-0.64946960774786,0.516034884734123
0,"",639237.459467097,0,0.78454745126987,0.576793419484415,0.398334437992634,0.000000869763074855485,0.00655040206594837,0.0141412786440768,0.242062658820761,0.125220269420058,32.0114466460938,1.93309485710136,0.0621109861451375,0.00972037694805539,0.0355538592702025,85939.2128986347,0.273398644973599,0.78454745126987,0.244448670791337,0.435026404665033,47.8874823127295,0.561916858769897,0.576793419484415,0.394432756612957,0.463052512542993,50.5838012518811,0.851809991153725,0.398334437992634,0.23867704517615,0.131220493274143,1.81890068556222,0.0689265832437561,0.224799088776021,0.131209934311837,1.7132779614214,0.0866614148590394,0.0138779564001296,0.0754541813220312,0.1839256109731,0.854071812891772,-0.14998408582162,0.630949477656989,-0.237711720403639,0.812104692643361,0.638881427404296,0.639713968036266,0.998698573622637,0.317940731858061,-0.788865513225916,0.926105025085988,-0.851809991153725,0.394319560120619
0,"",639154.190296007,0,0.87208696647497,0.374234767568201,0.352042582620391,0.000000301647422449396,0.0166754421355287,0.0170449988145021,0.287215962011555,0.132080644906457,29.7847962386521,2.1745499669158,0.0377402873715215,-0.00572169783967675,0.0355365866914438,85940.6563524726,-0.161008649743347,0.87208696647497,0.379929177882242,0.42354382985293,47.4491137181689,0.897024466190825,0.374234767568201,0.41383799407362,0.440606531502651,50.8739572101941,0.93924616292514,0.352042582620391,0.294369840627583,0.137585051295359,2.13954814026742,0.0323913014974466,0.247968526258818,0.137573978855069,1.80243770168229,0.071476567979274,0.046401314368765,0.0744624648404635,0.623150394875864,0.533185695750236,-0.0339088161913776,0.606663032297982,-0.0558939879078082,0.955426260298949,0.793767171955864,0.615635401891079,1.28934620965203,0.197277752781471,-0.827675988147241,0.881213063005303,-0.93924616292514,0.34760437281405
0,"",639406.426826099,0,0.454843066398298,0.421260832276713,0.26634778686852,0.0000064992211987501,0.0138532411560285,0.0242340268400618,0.324970827980154,0.134434577563745,29.2885919751785,2.41731579679388,0.0220830504159822,-0.0265981000293359,0.0355889928584637,85942.046893672,-0.747368719736344,0.454843066398298,0.325836743502309,0.401593159561488,46.8616587359429,0.811360292735315,0.421260832276713,0.470554025418707,0.418693037208934,50.8566317553303,1.12386398530887,0.26634778686852,0.357681241338176,0.139620421322045,2.56181178907316,0.010412773016855,0.264736179176147,0.139608051581567,1.89628159821049,0.05792281824619,0.0929450621620294,0.0736395438173591,1.2621623837398,0.206890361225482,-0.144717281916398,0.575504203559436,-0.251461728726456,0.801457147767254,0.796390768921018,0.584770691906721,1.36188557317105,0.173233999822392,-0.941108050837416,0.83738607441787,-1.12386398530887,0.261070731877847
0,"",639795.27008799,0,0.796017435136209,0.491042183721014,0.22638435590839,0.000000777545943293099,0.010436220545593,0.028796331154538,0.300794807447702,0.13099710770298,29.760217804688,2.29619426506514,0.0288852157603879,-0.00922093212232426,0.0356701603887072,85943.5182596741,-0.258505485308766,0.796017435136209,0.26750862606024,0.385322512394639,45.7011740639716,0.694246034050207,0.491042183721014,0.489879997631568,0.400020021153048,50.5811981177705,1.22463869738195,0.22638435590839,0.319407869386,0.136144786713137,2.34608960869729,0.018971545758637,0.25958463037631,0.13613073624247,1.90687744400317,0.0565364596907595,0.0598232390096899,0.0730270685740872,0.819192666196073,0.412676498472599,-0.222371371571329,0.55063994336931,-0.403841701367795,0.686329128885696,0.757388623691809,0.560155839502767,1.35210341529979,0.176342234926501,-0.979759995263138,0.800040042306097,-1.22463869738195,0.220711380866679
0,"",639998.926020964,0,0.964813756320994,0.622800135736766,0.280832979615954,0.0000000226437918192954,0.0055114611971697,0.0229097794275728,0.278944686794719,0.127572438046574,29.6199492607624,2.1865591899473,0.0368138383922301,-0.00157542312913516,0.0357126656162537,85941.0659757324,-0.0441138487410512,0.964813756320994,0.178287865826362,0.359920321288253,44.2755398482717,0.495353708254709,0.622800135736766,0.421555926496485,0.386719388318804,50.6794933997131,1.09008221265845,0.280832979615954,0.290794837240365,0.132664333297424,2.19195943636504,0.0283824357265682,0.252034119456181,0.132648296598988,1.90001776063594,0.0574307889141326,0.0387607177841845,0.0725850217256756,0.534004356031951,0.593338520301136,-0.243268060670123,0.523395031752822,-0.464788631744233,0.642082829623625,0.599843792322849,0.533147903205372,1.12509828645389,0.260547387367872,-0.843111852992972,0.773438776637611,-1.09008221265845,0.27567693088459
0,"",640201.316653234,0,0.567756238559078,0.621759643293291,0.31651264065366,0.00000379860543101925,0.00540176818869657,0.0195897024842425,0.300987533136503,0.127672069938119,30.5336157376756,2.35750492086788,0.0249938831159723,0.0204288407241961,0.0357546793563256,85940.0960815097,0.571361318069878,0.567756238559078,0.176999497100298,0.356314200388965,45.4348964876695,0.496751173282119,0.621759643293291,0.385268431893783,0.380872223991472,51.2092329470446,1.01154247441895,0.31651264065366,0.289355188374862,0.132720362997561,2.18018683674169,0.0292436149453637,0.297668292697394,0.132703808099499,2.24310286916715,0.0248901817062474,-0.00831310432253257,0.0724327951769764,-0.11476989535225,0.90862751137203,-0.208268934793485,0.516622801473737,-0.403135390461608,0.686848626721289,0.562267928994083,0.526448289779257,1.068040185352,0.285502385245456,-0.770536863787568,0.761744447982946,-1.01154247441895,0.311756862801823
0,"",640515.788697892,0,0.448036843240747,0.538429272042339,0.395819278587092,0.00000669817525281897,0.00832879047237718,0.0139234928397141,0.325149587810744,0.134877977138869,28.8547476450744,2.41069442697806,0.0225215551265972,0.0271759499314008,0.0358193134250663,85936.0796987218,0.758695444798314,0.448036843240747,0.217422175631187,0.350763510500031,45.7472114730688,0.619854030201831,0.538429272042339,0.329546589248349,0.384892402288923,51.917931599119,0.856204454254131,0.395819278587092,0.302709351117927,0.139671559284425,2.16729413395819,0.0302124335082747,0.329223635690946,0.139655608151998,2.35739645580597,0.0184035869496981,-0.0265142845730193,0.0726894712274828,-0.364761004933472,0.715289815959165,-0.112124413617163,0.515800416909919,-0.217379455194866,0.82791264078405,0.546968764879537,0.52564658582706,1.04056371643493,0.298078078153312,-0.6590931784967,0.769784804577849,-0.856204454254131,0.391884699235421
0,"",640694.128417176,0,0.653276348631164,0.442843502212601,0.445589740952639,0.00000234831844346862,0.0129816696839744,0.0111747176776105,0.355085723621381,0.144140275226646,24.5487939589061,2.46347332876286,0.0211332727714083,0.0161070232183426,0.0358557839919918,85931.8407321909,0.449216874519883,0.653276348631164,0.264194041596548,0.341272107883542,45.5658117264291,0.774144840710813,0.442843502212601,0.292160262913338,0.380120259566954,52.2737024213675,0.768599556482932,0.445589740952639,0.340159888337499,0.14858042063685,2.28939914747512,0.0220561716336533,0.347694434918053,0.148564748125015,2.34035623730519,0.019265353900857,-0.00753454658055387,0.0725703385569453,-0.103824051677003,0.91730897913779,-0.0279662213167903,0.505852553249585,-0.0552853220511311,0.955911155588028,0.556354304509887,0.515780303109693,1.07866527890958,0.280736969233133,-0.584320525826677,0.76024051913391,-0.768599556482932,0.442131068882693
0,"",640824.61470647,0,0.784288690510515,0.475328402952412,0.456471574389236,0.000000872001191816777,0.0110950114837699,0.0106565186596877,0.375632155300977,0.14908228250683,22.9773585858944,2.51962975737086,0.019153562050235,0.009822326755102,0.0358825698959896,85929.8826794301,0.273735320061337,0.784288690510515,0.244233706080344,0.339347927202784,46.1686960956804,0.719714742605152,0.475328402952412,0.290241805188224,0.386862339227195,52.2563140252373,0.750245696616572,0.456471574389236,0.367753037495634,0.153405858338997,2.39725549908903,0.016518401038804,0.362880248017669,0.153390814851423,2.36572345201479,0.0179948804745756,0.00487278947796437,0.0728675918073192,0.0668718336520478,0.946683736320353,-0.0460080991078801,0.509635729975062,-0.090276439428867,0.928067542301715,0.534475511268569,0.519529010884971,1.02876932773809,0.303588083174232,-0.580483610376449,0.773724678454393,-0.750245696616572,0.453106741492014
0,"",640986.715980064,0,0.9299472815362,0.519315754136739,0.508931685615418,0.0000000899368507366154,0.00899045619151001,0.0083987955533916,0.402029927848629,0.150275012915267,22.8867748389927,2.67529458190973,0.0135480307807712,-0.00315746373917426,0.0359164212550556,85931.6033356552,-0.0879114240461755,0.9299472815362,0.224169977679175,0.345228135246459,46.4770591440992,0.649338668527522,0.519315754136739,0.260601641735372,0.391840311839891,52.2223130522737,0.665071034962468,0.508931685615418,0.406726127962949,0.154615536633177,2.63056441040527,0.0085243214780882,0.378397535396876,0.154600993945265,2.44757504942591,0.0143821169461497,0.0283285925660728,0.0731113292260334,0.387471994641093,0.698406813887235,-0.0364316640561974,0.517278270013071,-0.0704295273321202,0.943851790181911,0.484771619414549,0.527129758284759,0.919643810267817,0.357758924721181,-0.521203283470746,0.783680623679784,-0.665071034962468,0.506005059802514
0,"",641016.324409325,0,0.537131917893311,0.485319862037496,0.530959946897748,0.00000443206316238923,0.0104822106025934,0.00762090474697788,0.431797867673828,0.149226050716859,22.0837347208498,2.89358235776888,0.00840793220436868,-0.0221703242526489,0.0359232345358277,85938.0226198129,-0.617158352779663,0.537131917893311,0.252902743518252,0.359560833772473,46.7017386230068,0.703365661006021,0.485319862037496,0.245780149319045,0.389647473746859,51.810877933018,0.630775677705844,0.530959946897748,0.453667360354172,0.153645411355314,2.95269059031669,0.00315017538373142,0.388565054875836,0.153631284626112,2.5292052710584,0.0114321144185398,0.0651023054783357,0.0730376914060924,0.891352180292287,0.37274026330174,0.00712259419920669,0.525266019791881,0.0135599751950998,0.989181036700385,0.498682892837298,0.535083079916501,0.931972831051052,0.351350566465859,-0.491560298638091,0.77929494749372,-0.630775677705844,0.528187208749454
0,"",641317.393937236,0,0.92399268197517,0.41693819502994,0.461356818584701,0.000000105909963405546,0.0138752668111906,0.0106996050307071,0.423339605039446,0.148078987002998,22.5923750126386,2.85887696564859,0.00897667408915857,0.0034333370641457,0.0359866465865751,85943.5447379651,0.0954058627242729,0.92399268197517,0.314964510533168,0.384634271653093,47.6560227965019,0.818867515833949,0.41693819502994,0.289657917820258,0.390253407570389,50.9375247830576,0.742230335984992,0.461356818584701,0.418837412743262,0.1526521887505,2.74373670087248,0.00607442378562891,0.401235966293182,0.152638772732784,2.62866347199739,0.00857211440902258,0.0176014464500803,0.0731618424985027,0.240582328834058,0.809878847511786,0.0253065927129108,0.543066991947714,0.0465993939755912,0.962832515044725,0.604622428353428,0.552775480966436,1.09379386237672,0.274045396577708,-0.579315835640517,0.78050681514078,-0.742230335984992,0.45794779155462
0,"",641812.289850898,0,0.706094454118152,0.446781473464638,0.419666950907912,0.00000165469632687314,0.01215825623188,0.0129545300215564,0.426599538070482,0.150834907403467,23.2118530641277,2.82825471513286,0.00947868143171153,0.0136098309663935,0.0360900313761415,85943.279508197,0.377107762100499,0.706094454118152,0.307615906859835,0.401000752343085,47.8127018623473,0.767120522997541,0.446781473464638,0.32649907552529,0.401274614362035,50.4424343693233,0.813654948106732,0.419666950907912,0.413787261079628,0.155465628147899,2.6615996475181,0.00777703175640323,0.413426738742648,0.155453188203297,2.65949346887619,0.00782582472864326,0.000360522336979811,0.0737514242980015,0.00488834406130351,0.996099681279209,-0.0188831686654551,0.562482444853144,-0.0335711253537615,0.973219147913947,0.634114982385127,0.572065851326815,1.1084650148482,0.267661040204364,-0.652998151050582,0.802549228724071,-0.813654948106732,0.415842650007497
0,"",641984.271156947,0,0.860764071799432,0.551811707006017,0.308461157727095,0.000000357990855937808,0.00751654410693989,0.0205601382321692,0.431728325285941,0.155672482926865,23.5058312454787,2.77331174507421,0.0106831700017383,0.0063364822061237,0.0361254553563783,85940.4631867862,0.175402140778966,0.860764071799432,0.238969853089118,0.398734765002382,47.426720372162,0.599320335380565,0.551811707006017,0.423475700932135,0.411601936295629,50.4259301315767,1.02884768896709,0.308461157727095,0.433184675684585,0.160205048455864,2.70393898232192,0.00685228707168606,0.41008560047716,0.160193187112871,2.55994407669919,0.0104689008145943,0.0230990752074246,0.0742130491996885,0.311253552529164,0.755607874384723,-0.184505847843017,0.568273695925216,-0.324677790237362,0.745424945586454,0.662445554021256,0.577820162409664,1.14645628020089,0.251606407177873,-0.846951401864273,0.82320387259126,-1.02884768896709,0.303551253110872
0,"",641984.800557551,0,0.597111481565268,0.472614261897448,0.208500596657734,0.00000325091370168144,0.0109438237543083,0.0310025197547159,0.440461818682805,0.163016295480341,24.4604704125433,2.70194962647721,0.0123340003793157,0.0190940370629325,0.0361245760756814,85937.5861805428,0.528560861805831,0.597111481565268,0.295836724568929,0.408603429330773,47.3753056963751,0.724019191550746,0.472614261897448,0.537950333267702,0.422281843844009,50.7230311117533,1.27391300646689,0.208500596657734,0.431593749230022,0.167439318369833,2.57761291333458,0.00994853725649648,0.424339828472332,0.167428501987075,2.53445395160431,0.0112622728137046,0.00725392075769016,0.0746376461493602,0.0971884984579239,0.922576701705649,-0.242113608698774,0.582876073978959,-0.415377503910916,0.677865572317448,0.833787057836633,0.592294621438695,1.40772350052977,0.159212960264666,-1.07590066653541,0.84456368768802,-1.27391300646689,0.202694248379255
0,"",642184.953556829,0,0.461100553141588,0.449561050377528,0.300598341893787,0.0000063211783351728,0.0121010836184468,0.0209427243033295,0.456847059674684,0.166046689671009,25.5576110605934,2.75131687707742,0.0107593131517654,0.0266559515485345,0.0361662626882016,85937.0274893087,0.737039151054732,0.461100553141588,0.323481439752035,0.424262532454598,47.4588949790233,0.762455826302908,0.449561050377528,0.442384253381508,0.423032825018352,51.1241509291183,1.0457445077987,0.300598341893787,0.435213115469997,0.170467959342626,2.55304936568904,0.0106784360148419,0.451155726765319,0.170457645963122,2.64673212055812,0.00812737058313718,-0.0159426112953219,0.0747335582680554,-0.213326003268019,0.831072692651513,-0.118902813629474,0.594443334850821,-0.200023798162887,0.841461968970635,0.765865693133545,0.603778151829819,1.26845545969575,0.204635347003553,-0.884768506763019,0.846065650036707,-1.0457445077987,0.29567900779244
0,"",642431.147496155,0,0.290226502073661,0.447286426730267,0.445815723672307,0.0000130163386253535,0.012219271222784,0.0113981318374497,0.476149453103865,0.168125751500883,25.7083081471484,2.83210304699435,0.00886582489784898,0.0383049860318612,0.0362177093560788,85935.8084041628,1.05763138290335,0.290226502073661,0.339361438723717,0.442851850642638,47.4704448201505,0.766309180443205,0.447286426730267,0.331797347073943,0.431837716353231,51.2026487799296,0.768338045773062,0.445815723672307,0.437524988309011,0.172622356462229,2.53457893447738,0.0112582559614954,0.486107218003796,0.172612756974565,2.81617202878825,0.00485996357508034,-0.0485822296947849,0.075172674274185,-0.646275128081594,0.518101192473665,0.00756409164977401,0.613939689058608,0.0123205777124012,0.990169849961016,0.671158785797662,0.623122145300735,1.07709024764919,0.281439949503658,-0.663594694147888,0.863675432706464,-0.768338045773062,0.442286377114599
0,"",642438.65554043,0,0.0319377178668799,0.411518454131652,0.376361218648666,0.0000535487116824316,0.0141390102449473,0.0153634482988453,0.485918328219242,0.170403313381408,24.4822441126845,2.85157793341511,0.00870352289915344,0.0776982558303159,0.0362191770281989,85935.5974004338,2.14522422113079,0.0319377178668799,0.36191440711134,0.43684794297973,47.8572596081949,0.828467692082353,0.411518454131652,0.388998200920394,0.435896122578792,51.0406767596351,0.892410326155353,0.376361218648666,0.409363989906573,0.17483262859489,2.3414621927073,0.0192083713123208,0.531900861628772,0.174823147403004,3.0425082120426,0.00234615415615064,-0.122536871722199,0.0753421620465492,-1.62640503529075,0.103863520385363,-0.0270837938090535,0.612507694417534,-0.0442178833929734,0.964730727108783,0.750912608031736,0.621705263134401,1.20782733002118,0.22711368665485,-0.777996401840789,0.871792245157587,-0.892410326155353,0.372173038317518
0,"",642482.135654322,0,0.00386084232481975,0.348593183850551,0.318364615155598,0.0000971399623949681,0.0183073406451641,0.0196265800555955,0.511323743765673,0.169243146299829,24.2696071727818,3.02123752095591,0.00585467332449742,0.10467804163214,0.0362283993148968,85935.5311853133,2.8893918476022,0.00386084232481975,0.413310587718591,0.436639102771733,48.0460944331297,0.946572547201898,0.348593183850551,0.443502809453733,0.440098643795917,50.7270477985485,1.00773500601696,0.318364615155598,0.407920907947867,0.173721189984564,2.34813558428948,0.0188676518072811,0.579813212213036,0.173711761297545,3.33778903559611,0.000844478400248272,-0.17189230426517,0.0755308367700557,-2.27578975178674,0.0228585964151903,-0.0301922217351424,0.615346760784471,-0.0490653785138188,0.960867194103777,0.856813397172327,0.624523345178291,1.37194774829069,0.170079704594831,-0.887005618907469,0.880197287591836,-1.00773500601696,0.313581694884024
0,"",642519.114180381,0,0.0523769395817805,0.404311045824178,0.360913636682065,0.0000437961241868954,0.0145825304118857,0.0165709478049546,0.54585119029116,0.169389978485198,23.6171558919379,3.22245268092327,0.00368673940249708,0.0702999124747699,0.036236143386709,85935.1679793367,1.94004951698461,0.0523769395817805,0.37691250499838,0.447959594159493,47.8399563061511,0.841398442878719,0.404311045824178,0.410942634407425,0.445704759796773,50.450275465476,0.922006385111976,0.360913636682065,0.476988582406481,0.173941763698344,2.74223149325824,0.00610233181677735,0.582875066857198,0.173932731721057,3.35115225920776,0.000804760412268804,-0.105886484450717,0.0757767049642892,-1.39734875646305,0.162308720738123,-0.034030129409045,0.627364687555252,-0.0542429787396154,0.956741578985208,0.787855139405807,0.636439007775905,1.23791145699733,0.215748893685022,-0.821885268814852,0.891409519593549,-0.922006385111976,0.356525245129403
0,"",642620.206598197,0,0.151510749565076,0.580168992099935,0.485234121885182,0.0000239363137297606,0.00650551705143234,0.00978112917050487,0.554978180505515,0.167347370849543,23.2013416350538,3.31632446741263,0.00298530340014217,0.0520015577410005,0.0362575164073625,85934.7738667873,1.43422834473133,0.151510749565076,0.255807637625588,0.459283363993717,47.3750001770261,0.556971268023301,0.580168992099935,0.318740094827345,0.453317524304697,50.0507491926914,0.703127670425342,0.485234121885182,0.505634652903468,0.172044552689565,2.93897507941347,0.0032929955035832,0.582713004401505,0.172035841347696,3.38716048839963,0.000706200637712514,-0.0770783514980362,0.0761312911170357,-1.01243983081207,0.311327801972756,-0.0629324572017573,0.640821737990975,-0.0982058714160592,0.921768820288077,0.574547732452934,0.649787251863624,0.884208994259431,0.376583403957031,-0.637480189654692,0.906635048609397,-0.703127670425341,0.48197618947875
0,"",642711.390813707,0,0.212622195723371,0.725795291523616,0.555284994308267,0.0000180776414527142,0.00262148390921094,0.00701528848745914,0.540289129160679,0.164221685997127,23.8251633346328,3.28999867392746,0.00310639842964135,0.0452150692507529,0.0362766283328837,85933.5889340397,1.24639668372286,0.212622195723371,0.160345804658828,0.454480165352189,47.3585227477162,0.352811446753836,0.725795291523616,0.278589875585612,0.469114184626688,49.9195378214985,0.593863679068473,0.555284994308267,0.500068244441263,0.169061986254998,2.95789878918733,0.00309743806156825,0.566965207260783,0.169053414773511,3.35376370847269,0.000797204087651765,-0.06689696281952,0.0768408412265702,-0.870591234448748,0.38397738426894,-0.118244070926784,0.64869424002603,-0.182280130808683,0.855362890781028,0.438935680244442,0.657599012157171,0.667482268266444,0.504464132183035,-0.557179751171226,0.938228369253379,-0.593863679068473,0.552603293653931
0,"",642981.418629689,0,0.337802154679009,0.748613908742685,0.601569524163388,0.0000106915082527233,0.00218798471735036,0.00550721508699062,0.529859523630284,0.161385992008185,24.6142493239056,3.2831816258465,0.00306940950130738,0.0348266270042442,0.0363336642522795,85933.1660806218,0.958522288377763,0.337802154679009,0.143418796373917,0.444931699772826,47.3838008512294,0.322338903807359,0.748613908742685,0.251261257104532,0.478143833458571,49.8658856267855,0.525493041052264,0.601569524163388,0.499587756290298,0.166316821468641,3.00383179451571,0.00266602674873355,0.548016350597538,0.166308068703549,3.29518798979261,0.00098355858475011,-0.0484285943072408,0.0773255362666355,-0.626294968589009,0.531121485891363,-0.107842460730615,0.648659319417625,-0.166254391947127,0.867956756412001,0.39468005347845,0.657580849179062,0.600200042277961,0.548372925484218,-0.502522514209065,0.956287666917145,-0.525493041052264,0.599240489669959
0,"",643220.948884692,0,0.622366892107644,0.6603125319548,0.564952191413207,0.00000282263545616687,0.00409881599094417,0.00667394457834989,0.52869383063881,0.160025696773532,26.5854673158379,3.30380583430309,0.00272985990469464,0.0179192463675746,0.0363842264695437,85932.445274637,0.492500407630607,0.622366892107644,0.195358369733079,0.441734587600999,47.5224760411781,0.442252826055673,0.6603125319548,0.277172959896792,0.478415254247482,49.9575248925615,0.579356442830755,0.564952191413207,0.514230124641511,0.164990569757265,3.11672434005198,0.00182872481284341,0.526655132066629,0.164981604967908,3.19220516838271,0.00141191004122808,-0.0124250074251178,0.0774158747327462,-0.160496893796152,0.872489668301693,-0.0818145901637135,0.646667071229233,-0.126517328318874,0.899322433245686,0.472531329629872,0.655624055192627,0.720735192504551,0.471072455504873,-0.554345919793586,0.956830508494966,-0.579356442830755,0.562348687913666
0,"",643350.596160898,0,0.645858819916855,0.568305937054135,0.457963844797977,0.00000245731981360478,0.00688175230023602,0.011045521042635,0.522445381936085,0.157737744721219,28.8793172845402,3.31211393227054,0.00249622347020916,0.0167320469599666,0.0364116641791255,85931.8858196064,0.459524367731563,0.645858819916855,0.252355761292167,0.439231000994252,47.6367805928845,0.574539958975869,0.568305937054135,0.357906065555144,0.478490778106947,50.0934643274684,0.747989474261401,0.457963844797977,0.510171382577967,0.162764774207003,3.13440905787843,0.00172200621249223,0.513402266117758,0.162755584048525,3.15443718333307,0.00160807992518774,-0.00323088353979081,0.0774617635808552,-0.0417093981654366,0.966730361829823,-0.105550304262977,0.645014994827216,-0.163640078307406,0.870014492038387,0.610261826847313,0.65399560425408,0.933128331257443,0.350753712807344,-0.715812131110289,0.956981556213896,-0.747989474261401,0.45446650645889
0,"",643522.208220877,0,0.459086001167262,0.454042125522186,0.409346429644884,0.00000637862111798925,0.0118455329486084,0.0135962375346971,0.509555366051023,0.156685170486126,30.0309995366177,3.2520969564005,0.00282842999298058,0.0269844677451817,0.0364479599928082,85931.3598574918,0.740356051491117,0.459086001167262,0.338105504720844,0.447890382066261,47.53694229141,0.754884494641425,0.454042125522186,0.40049618510529,0.481364219192738,50.2209742807344,0.832002398884018,0.409346429644884,0.485206045831069,0.161807525116022,2.99866180811528,0.00271168122785849,0.505344078226925,0.16179849959544,3.12329273442265,0.00178839776499953,-0.0201380323958553,0.0776444062924868,-0.259362307697933,0.795355708974593,-0.062390680384446,0.653028439436343,-0.0955405256749584,0.923885502628285,0.738601689826136,0.661958056843733,1.11578321645913,0.26451493964687,-0.800992370210582,0.962728438385478,-0.832002398884018,0.405407590458503
0,"",643672.824742628,0,0.39481689981917,0.446209546638901,0.423834455960718,0.00000842575445126902,0.0122350969813514,0.0127474998621456,0.497875193060104,0.155490966980562,29.695039468673,3.20195573240176,0.00324591251654289,0.0310419223944831,0.0364804807088412,85933.7284163892,0.850918677367098,0.39481689981917,0.348449615947654,0.453641700802686,47.6321532993955,0.768116368779806,0.446209546638901,0.373365092976512,0.463032524614202,50.3555859833434,0.806347444572278,0.423834455960718,0.467885606643172,0.160589042250677,2.91355873405614,0.00357334610286578,0.49843037877895,0.160579591256424,3.10394599263255,0.0019095818521043,-0.0305447721357782,0.0768956465935288,-0.397223685460871,0.691202517499418,-0.0249154770288575,0.64368969398129,-0.0387072797060842,0.969123769394396,0.721814708924168,0.65272000197465,1.1058565797593,0.268788600935574,-0.746730185953025,0.926065049228406,-0.806347444572278,0.420042541184973
0,"",643744.64576201,0,0.395607508517656,0.481508391778281,0.344007358845389,0.00000839763001214587,0.0104309716805432,0.0176835922281689,0.497913636733375,0.154950429679982,30.7960888012196,3.21337370771873,0.00307091495986082,0.0310029690218045,0.0364957045600163,85933.5364534277,0.849496383083135,0.395607508517656,0.319242260269229,0.449998803290332,47.7462606147026,0.709429131666511,0.481508391778281,0.442018385262297,0.462746625439598,50.6844867584414,0.955206069503781,0.344007358845389,0.472096269149781,0.160048247811949,2.9497121999391,0.00318070065636579,0.496763821176384,0.16003865056614,3.10402405555828,0.00190907808319219,-0.0246675520266028,0.076907295898128,-0.320743978039192,0.748404416959059,-0.122776124993068,0.640925573900286,-0.191560658511295,0.848086361679215,0.761260645531528,0.649985487036077,1.17119637394192,0.241519852479943,-0.884036770524596,0.925493250879198,-0.955206069503781,0.339473497051988
0,"",644067.956794901,0,0.150224101215066,0.473027069061017,0.291143781688476,0.0000240883738379588,0.0108294344969159,0.0218977222060483,0.496130570001576,0.155827239850296,32.64156998046,3.18385007960232,0.00318781687099425,0.0526066203421321,0.0365640334809547,85931.9493438797,1.43875320455369,0.150224101215066,0.327530784366605,0.452834196897866,47.7849596853513,0.723290746613993,0.473027069061017,0.50064549708152,0.469336102490739,50.8250754499174,1.06670996419117,0.291143781688476,0.450835663588194,0.160955395789552,2.8009975147255,0.00509449113716344,0.513758141148176,0.160945983608172,3.19211532733204,0.00141234928845363,-0.0629224775599814,0.0772978997881734,-0.814025707456654,0.415630223983476,-0.173114712714916,0.64764746740381,-0.267297752910038,0.789239916763455,0.828176281448127,0.656675819509215,1.26116457595026,0.207249558577973,-1.00129099416304,0.93867220498148,-1.06670996419117,0.286102826240051
0,"",644400.681901958,0,0.0484353820713973,0.302382616924176,0.217892030204549,0.0000453241085291362,0.0221976745829024,0.0296839471627362,0.472622269457165,0.156229154113472,33.8694511852969,3.02518612572076,0.00471777437941452,0.0723006104994468,0.036634678095292,85931.0689042366,1.97355659332894,0.0484353820713973,0.479371052812353,0.459796936216858,47.8801001117028,1.04257122014894,0.302382616924176,0.58900959675096,0.472116841770221,50.8788541152778,1.24759285125785,0.217892030204549,0.404952378416925,0.161404323187302,2.50893142401766,0.0121096991005125,0.499798502287544,0.161395064224037,3.09673969703163,0.00195661603891204,-0.0948461238706194,0.0775282510557729,-1.22337499658529,0.221188092675993,-0.109638543938608,0.654505666013938,-0.167513513834535,0.866966015262894,1.06838064956332,0.663503883056196,1.61021009348461,0.107351998642444,-1.17801919350192,0.944233683540445,-1.24759285125785,0.21218019776211
0,"",644369.879288653,0,0.0383124456258842,0.168576850106561,0.188133921954829,0.0000499352162261564,0.0391279499558506,0.0337727569151709,0.455570814279959,0.156223582342904,32.807451091257,2.91614625300296,0.00634581803133242,0.07587638713815,0.0366282196148135,85931.6293740286,2.07152812602072,0.0383124456258842,0.640967066942834,0.458526916149315,47.9866275676932,1.39788318715429,0.168576850106561,0.628756788651907,0.471324809834644,50.9140373254377,1.33402013968349,0.188133921954829,0.37917871094153,0.161387448932518,2.34949318208802,0.0187989883882574,0.47781884450365,0.16137816088038,2.96086435671942,0.00306777016473136,-0.0986401335621206,0.0774838853150576,-1.27304062207309,0.203003627426174,0.0122102782909272,0.653047247035791,0.0186973888127547,0.985082511317355,1.26972385559474,0.662055368936094,1.91785145951638,0.0551298485931878,-1.25751357730382,0.94264961966929,-1.33402013968349,0.182197256268451
0,"",644518.126939503,0,0.149674727125047,0.163599854221184,0.28798457318404,0.0000241530846421437,0.0398977893576751,0.0220316998391147,0.44954522722439,0.155755109932703,31.4472117432989,2.88623100339132,0.00698976255224491,0.0528160304013336,0.0366601247090946,85933.1130391353,1.44069423714293,0.149674727125047,0.618013516303192,0.436861801205572,48.1588867724204,1.41466595293457,0.163599854221184,0.502275775237093,0.467789767155317,51.1752298691097,1.07372116814673,0.28798457318404,0.391840870232186,0.160813379349447,2.43661859366016,0.0148253072074575,0.455044454283451,0.160803460652505,2.82981754520072,0.00465745561163688,-0.0632035840512652,0.0773816866767066,-0.81677702781698,0.41405586251385,0.115737741066099,0.635458996493696,0.182132508477669,0.855478737307781,1.12028929154029,0.644626142031824,1.73788994658082,0.0822302074732703,-1.00455155047419,0.935579534310636,-1.07372116814673,0.282947670995561
0,"",644598.278727011,0,0.500919380545243,0.191218055170162,0.352935848578749,0.00000527144598340988,0.0353218263140429,0.0167792617515657,0.439334544434264,0.155829373261601,31.6751596062341,2.81933075413661,0.00822874514658853,0.0246854670919763,0.0366771971074457,85932.6826837687,0.673046716728661,0.500919380545243,0.550515509072728,0.415267625034827,47.9979037396065,1.32568848589282,0.191218055170162,0.436218717887372,0.465356086139493,51.4891803931034,0.937386940624674,0.352935848578749,0.409821611051206,0.160773847804629,2.54905643329018,0.010801481986063,0.42234407146261,0.160763279592382,2.62711778792689,0.00861115205684048,-0.0125224604114036,0.0773046761652014,-0.161988394914725,0.871314992687055,0.114296791185356,0.619033147930668,0.184637594234545,0.853513296943106,0.986734226960102,0.628335051052635,1.57039500710178,0.116323243319679,-0.872437435774746,0.930712172278989,-0.937386940624674,0.348559556072475
0,"",644874.034855368,0,0.943450401358793,0.210234301944007,0.413723992578841,0.0000000585550187011531,0.0322393849502768,0.012923126890042,0.444679427854775,0.158107313399977,30.3836624333838,2.81251650092765,0.0085339411820325,-0.00260581258957101,0.0367357038005144,85930.1316454208,-0.0709340592389719,0.943450401358793,0.49856530214611,0.392639091798924,48.3992044816815,1.26978009209901,0.210234301944007,0.386033937755795,0.468498554686779,51.8582468813098,0.823981064389587,0.413723992578841,0.442532339136709,0.162907931998356,2.71645667407511,0.00659848310044047,0.404711472658616,0.162896837369505,2.48446488706588,0.0129746302940234,0.0378208664780928,0.0775325682792537,0.48780618670945,0.625687128837835,0.112531364390315,0.606558170941339,0.185524439009162,0.852817713422765,0.884599239901908,0.615954454135102,1.43614391285477,0.150961394808125,-0.772067875511592,0.93699710937356,-0.823981064389587,0.409950317285405
0,"",645269.407308611,0,0.23545345661624,0.291741997493448,0.418067525225077,0.0000163808297369935,0.02261523799199,0.0126568307004754,0.44787889528587,0.157730134191839,30.1897989922987,2.83952649619341,0.00801012593490757,-0.0436850796673053,0.0368204277509701,85930.1549082142,-1.18643596328547,0.23545345661624,0.413978633818446,0.388431836333262,49.0897272861878,1.06576906189344,0.291741997493448,0.378424217424185,0.463598255698287,51.9777422837782,0.816276189077092,0.418067525225077,0.490062290217652,0.162511503990707,3.01555445727507,0.00256509872098524,0.370725701477661,0.162500018169469,2.28138867708333,0.0225254574667094,0.119336588739992,0.0774551401208384,1.54071877675018,0.123385244891845,0.0355544163942603,0.600055047076636,0.0592519245817117,0.952751452420456,0.792402851242633,0.609540161765662,1.30000105152591,0.193600608774438,-0.756848434848373,0.927196511396577,-0.816276189077092,0.414342189643038
0,"",645344.580018213,0,0.116930782058717,0.500669660864672,0.351886773611007,0.0000286028291598921,0.00924503708281008,0.0166914438743987,0.449813762448845,0.158839281349459,27.7488736687401,2.83187986389349,0.00851646682827593,-0.0577529913389548,0.036836891527016,85933.3222685021,-1.56780306222633,0.116930782058717,0.274161228021669,0.404111196326803,49.3250922352879,0.67843017098679,0.500669660864672,0.434460615241419,0.462503523765837,51.9836351097619,0.939367146230403,0.351886773611007,0.514337196599526,0.163652356027383,3.14286460082167,0.00167303209637286,0.362131251426971,0.163641419878853,2.21295593557587,0.0269006837284744,0.152205945172555,0.077433372637365,1.96563755378917,0.0493404928989272,-0.160299387219751,0.609441206563503,-0.263026827679805,0.792529901436065,0.70862184326309,0.618879756275335,1.14500730728027,0.252206130402763,-0.868921230482841,0.925007047531676,-0.939367146230402,0.347542274880349
0,"",645211.270051719,0,0.107930686931929,0.552217466493112,0.283652758106198,0.0000300721604348576,0.00727181771236281,0.0219317491813398,0.467272806219701,0.158158155874031,26.2791271045779,2.95446544401968,0.00652855236114146,-0.0591728371333025,0.0368086232266401,85934.5779115806,-1.6075808315068,0.107930686931929,0.242281594481164,0.404763061200472,48.9132443804339,0.598576346770849,0.552217466493112,0.498702342868799,0.460365847034147,52.3326242577088,1.08327397890532,0.283652758106198,0.537275890697111,0.162979304169748,3.29658967090399,0.000978663676888615,0.376803596347563,0.162968348452228,2.31212747706048,0.0207706593632662,0.160472294349548,0.0772981160221509,2.07601818268846,0.0378922693500668,-0.256420748387635,0.608262133791578,-0.421562898859488,0.673344091578354,0.740983937349965,0.617702901281037,1.19957982359037,0.230302566384137,-0.9974046857376,0.920731694068297,-1.08327397890532,0.278686831561444
0,"",645089.364138699,0,0.0802549035975096,0.398924159409983,0.284652308637927,0.0000356047540515928,0.0146844871833265,0.0220315078585303,0.501997081799429,0.160216835055614,25.6921120991844,3.13323554060456,0.00428627295916218,-0.0643411935135092,0.0367825883610126,85935.0231285852,-1.74922963229274,0.0802549035975096,0.341582890234313,0.401373690879138,48.5971666567288,0.851034579486603,0.398924159409983,0.48637463455394,0.449888560389033,51.8815062085633,1.08110024876684,0.284652308637927,0.572453733653289,0.16490801279749,3.47135183998774,0.000517845007559186,0.402686078548386,0.164896828261647,2.44204866032614,0.0146041780071472,0.169767655104904,0.0768159097398749,2.21005851105318,0.0271011017784101,-0.144791744319627,0.598128456290988,-0.242074662719585,0.808722310622953,0.827957524788256,0.607654065050733,1.36254749603153,0.173025165599861,-0.972749269107883,0.899777120778068,-1.08110024876684,0.279652522781377
0,"",645300.125894334,0,0.0586613771972503,0.409533379800621,0.365692478559825,0.0000415979868072574,0.0142106408568864,0.0161489956048114,0.525075452424571,0.162646652937824,24.6413404413152,3.22832006032915,0.00350797751245835,-0.0696322803236519,0.036827904707128,85936.3363757894,-1.89074781412082,0.0586613771972503,0.3356174024219,0.403391294950702,48.0182536796938,0.831989699884117,0.409533379800621,0.399579504926263,0.437778256277044,50.7553529004968,0.912744064368041,0.365692478559825,0.597409251229575,0.167227698573,3.57243002401774,0.000353684008010264,0.424391221729233,0.167216326028587,2.53797719282913,0.0111495250222595,0.173018029500342,0.0763870609841983,2.26501749473164,0.0235116059601098,-0.0639621025043627,0.590462169094748,-0.108325487816475,0.913737505222032,0.735196907348164,0.600085913757251,1.22515274978704,0.22051767340302,-0.799159009852527,0.87555651255409,-0.912744064368041,0.361377163015041
0,"",645709.881617164,0,0.0768986539841979,0.451620496082064,0.475860602471369,0.0000364118372169535,0.0121443958923075,0.0101641856589026,0.548224894662286,0.162230995851045,23.5417950775668,3.37928576340398,0.00252706593672436,-0.0653048746884963,0.0369164202832773,85939.6600245324,-1.76899261053431,0.0768986539841979,0.310793251712235,0.40944754035003,46.8666788976402,0.759055119604683,0.451620496082064,0.30172073136206,0.420011923030446,50.2548104896281,0.718362300729707,0.475860602471369,0.613146580236622,0.166781242382178,3.67635215734634,0.000236592865856379,0.457049734592707,0.166769354169733,2.74060984926245,0.00613252787636757,0.156096845643916,0.0758139651477172,2.05894580688101,0.0394994302739684,0.00907252035017514,0.58166982286955,0.0155973715559416,0.987555602623137,0.612513983074296,0.591417639858463,1.03567080484931,0.300355747136084,-0.603441462724121,0.840023846060895,-0.718362300729707,0.472533925396512
0,"",646124.074420231,0,0.0773079912528102,0.452361553351858,0.528124823727777,0.0000363111594614951,0.0121315445922331,0.00799414788241381,0.581790099751264,0.16364931004946,23.7926619822268,3.55510267397661,0.00162274651890948,-0.0653716972437529,0.0370053938671315,85939.6484252047,-1.76654510092423,0.0773079912528102,0.310369828878129,0.409556809370132,46.7642216654933,0.75781874889458,0.452361553351858,0.264405978310682,0.416190736617428,50.0840889144884,0.635300008019472,0.528124823727777,0.645220456937072,0.168157525970497,3.83700017714507,0.000124546382296826,0.492142035644041,0.168145475293642,2.92688242002698,0.00342378293258607,0.153078421293031,0.0758065841478858,2.01932883553229,0.0434530527234365,0.0459638505674473,0.578986270971913,0.0793867711064897,0.936724990559148,0.574775807188813,0.588793611311504,0.976192329785191,0.328969163523181,-0.528811956621366,0.832381473234859,-0.635300008019472,0.525232768375378
0,"",646375.327263293,0,0.0625614148906019,0.313555017857268,0.613978467934081,0.0000403571633082189,0.0214616534766058,0.00515009297082525,0.615689908532358,0.165003017049192,25.324182453994,3.73138576216946,0.000968784004399525,-0.069015405004392,0.0370588334734689,85935.0696153958,-1.86231995277999,0.0625614148906019,0.400554053452523,0.393224425471278,47.3103280762503,1.01863980848204,0.313555017857268,0.215894847358659,0.425327760310385,49.7713695135497,0.507596417410208,0.613978467934081,0.676906003656648,0.169454581437971,3.99461612611772,0.0000647991555596508,0.520638022031175,0.16944234925367,3.07265582851271,0.00212163028787506,0.156267981625473,0.07625388697062,2.04931168539227,0.040431646735553,0.184659206093865,0.574299174076999,0.321538345219885,0.747802458402822,0.616448900811184,0.584156454736408,1.05528047462789,0.291297068336561,-0.43178969471732,0.850655520620772,-0.507596417410209,0.611736403607301
0,"",646695.736907856,0,0.182274228635785,0.241532957177839,0.819778309543704,0.0000207025869983767,0.0285685871537573,0.00106725668003112,0.643351945212194,0.165307413496764,25.319565793401,3.89185174217723,0.000642354303736487,-0.049520427912042,0.0371274352704712,85930.0904612949,-1.33379608775259,0.182274228635785,0.447889790490542,0.377688836290131,47.8186608339476,1.18586981518957,0.241532957177839,0.100448227760738,0.438535321075439,49.1069280747555,0.229053904972589,0.819778309543704,0.678197749149196,0.1697580377867,3.99508475705491,0.0000646711127597486,0.570671783139868,0.169745632839223,3.36192321177646,0.0007740164476998,0.107525966009329,0.0768958120906298,1.39833318728201,0.162013036352719,0.347441562729805,0.573813223681286,0.605495914682483,0.544849538330823,0.548338018251281,0.583663048433217,0.939477014560433,0.34748588812065,-0.200896455521475,0.87707064215088,-0.229053904972589,0.818827019524417
0,"",646716.705144771,0,0.479595872586126,0.204012976472679,0.886905181613211,0.0000058162301418882,0.0334598820429192,0.000417900465329146,0.672353630899504,0.164671527758729,24.5537822536086,4.08299868259321,0.000411817706619966,-0.026250697709105,0.0371320219552645,85929.1262695925,-0.706955784436705,0.479595872586126,0.479682445967783,0.372491165224225,47.903933696111,1.28776865265793,0.204012976472679,0.0627532981768649,0.438940667734109,48.8885422989563,0.142965331740184,0.886905181613211,0.680994810564782,0.169121046642306,4.02667097966287,0.0000565721063520403,0.623192488874518,0.169108432033136,3.68516508243898,0.000228554450823786,0.0578023216902645,0.0769200221723428,0.75146002377321,0.452375850714399,0.416929147790919,0.570735711851137,0.730511757252129,0.465077428952086,0.542435744144649,0.580601328916591,0.934265419538121,0.350166997417294,-0.12550659635373,0.87788133546822,-0.142965331740184,0.886317561148452
0,"",646492.28270134,0,0.851436508453346,0.187385979246474,0.959325272416019,0.000000408205625148008,0.0357704664413507,0.0000533980298011875,0.725867724742737,0.164780198047809,23.6140043920841,4.40506646637319,0.000194677790770483,-0.00694523003944004,0.0370834674975908,85927.749057582,-0.187286424601239,0.851436508453346,0.492772818055327,0.368471239299234,48.2105541272338,1.33734404615267,0.187385979246474,0.0228580385866239,0.445916972979239,49.2063885960237,0.0512607502556045,0.959325272416019,0.712965523073554,0.169236782001774,4.21282840905165,0.0000252192649789577,0.697144187952378,0.169224308140917,4.11964566799617,0.0000379455472568334,0.0158213351211762,0.0771290803960411,0.205128014491253,0.837472109393121,0.469914779468705,0.573537012444683,0.819327731728608,0.412599454595105,0.515630856641953,0.583336350075489,0.883934040070065,0.376731820369772,-0.045716077173248,0.891833945958481,-0.0512607502556045,0.959117743721808
0,"",646541.000397309,0,0.348678154664821,0.171987084182414,0.918000030365542,0.0000102215965138206,0.0386361391087307,0.000216694472171132,0.741564434068582,0.167254853785823,23.4432548130328,4.43373939400401,0.000183742086779644,0.0347623331955593,0.0370932175196389,85922.2518376349,0.937161441364704,0.348678154664821,0.497983777491929,0.359136372202882,47.8415981763099,1.38661471250428,0.171987084182414,0.0475853122780004,0.459845256289462,49.4060887158669,0.103481142030193,0.918000030365542,0.687778964826719,0.171678950193092,4.00619274554718,0.0000617053021369683,0.753283982221741,0.171666632006923,4.3880629183158,0.0000114364694247224,-0.0655050173950221,0.0777262765946697,-0.842765410423819,0.39935965660597,0.45039846521393,0.578599653315197,0.778428508612624,0.436316437574088,0.545569089769931,0.588298927693629,0.927367132741146,0.353735949444914,-0.095170624556001,0.919690512578927,-0.103481142030193,0.917581115617522
0,"",646761.264519698,0,0.0848744177227581,0.155376544798079,0.776100115942682,0.0000345539451384827,0.0417455467140652,0.00163415749371679,0.735998865869111,0.170418049489024,24.5102944098554,4.31878470664291,0.000225827919711228,0.0639966061432819,0.0371404350222426,85922.571772568,1.72309791484552,0.0848744177227581,0.524341611437562,0.363224745517266,47.8352982015869,1.44357348420976,0.155376544798079,0.131193489019316,0.458801270141522,49.9541007150259,0.285948399791588,0.776100115942682,0.655397162691231,0.174778641795182,3.74986986945047,0.00017692635973546,0.772308136547793,0.174766577379165,4.41908371800536,0.00000991202482414916,-0.116910973856562,0.0777561677459577,-1.50355884614234,0.132694994297406,0.393148122418247,0.580295369771657,0.67749656967442,0.498090945802141,0.65553510045688,0.590016039019867,1.11104623790542,0.266548447260859,-0.262386978038633,0.917602540283047,-0.285948399791588,0.77491764301115
0,"",647067.178454575,0,0.0340240362448062,0.279886109087944,0.63217685309524,0.0000522931096298984,0.0243464640036237,0.0045668126654956,0.707891394453361,0.166119238723442,26.2167463884735,4.26134504283319,0.000232455828720231,0.0788724502334042,0.0372071346127091,85927.2741755723,2.11982059501199,0.0340240362448062,0.412348893415189,0.37728105221263,47.8695567073115,1.0929488533731,0.279886109087944,0.220560185612569,0.457985156824611,50.5533977625448,0.481588065302811,0.63217685309524,0.620918511020343,0.170649175520628,3.63856730702625,0.000274158980169329,0.760032147211802,0.170637234406646,4.4540814896271,0.00000842530983687718,-0.13911363619146,0.0778258790837673,-1.78749842377914,0.0738569666476869,0.191788707802621,0.588492440634827,0.325898337106475,0.744501273872734,0.63290907902776,0.598213540281674,1.05799858480259,0.290056087597687,-0.44112037122514,0.915970313649225,-0.481588065302811,0.630098606037559
0,"",647255.947606684,0,0.017485150564799,0.536886052858146,0.716254446233367,0.0000657172068325617,0.00813221985287699,0.00260589366516472,0.677797926738171,0.161861556337386,30.2079199055628,4.18751643117383,0.000225113742292926,0.0885159050588366,0.0372480546376729,85926.6339474178,2.37639001338103,0.017485150564799,0.234823283701303,0.377483742703386,47.1987482073681,0.622075223742335,0.536886052858146,0.166375529066286,0.455213938628937,51.1278938879643,0.365488652582552,0.716254446233367,0.58639104613423,0.166500626561557,3.52185489174381,0.000428538643824505,0.749368703901714,0.166488240525671,4.50103083278227,0.00000676246943922123,-0.162977657767485,0.0777743273161968,-2.09551999215484,0.036124793155475,0.0684477546350165,0.586465688553177,0.116712291905565,0.907088049318802,0.40119881276759,0.596225970588922,0.6728972445989,0.501012665282448,-0.332751058132574,0.910427877257876,-0.365488652582552,0.714746675754471
0,"",647451.539252485,0,0.0269519288945431,0.783516508412836,0.772304003129199,0.0000569564430297655,0.0016338880922953,0.00166128376568171,0.65304053894157,0.160649778024677,33.768183380428,4.06499496588945,0.000271136974210819,0.0824953413960306,0.0372902223833152,85921.3922476491,2.21225125846773,0.0269519288945431,0.0995241175826302,0.360166543899087,46.6570695270457,0.276328046756379,0.783516508412836,0.12682760950645,0.435969979619611,50.856742086052,0.290909042904992,0.772304003129199,0.571698394284697,0.165168639202855,3.46130111045206,0.000537571171949355,0.725975635285064,0.165154833961001,4.39572743875297,0.0000110402396486157,-0.154277241000368,0.0770524035852536,-2.00223787736446,0.0452591537515799,-0.0273034919238197,0.560484470982463,-0.0487140917141913,0.961147145645218,0.226351727089081,0.5704705800784,0.396780719275608,0.691529169929944,-0.2536552190129,0.871939959239225,-0.290909042904992,0.771120885044283
0,"",647492.530722025,0,0.0426527126234201,0.983422251399132,0.674157717351431,0.0000478337924749017,0.00000947946523534132,0.0035257413761808,0.647511359273215,0.16171663385926,34.9313144901331,4.00398736865086,0.000309381869855321,0.0756078569242934,0.0372980733534086,85902.4340383083,2.02712499940386,0.0426527126234201,-0.00684373396393492,0.327580050627728,46.0429764983365,-0.0208917910319037,0.983422251399132,0.173165708002806,0.409466293853215,50.5478982335935,0.422905891406247,0.674157717351431,0.579506423692195,0.16596916443742,3.49165114891388,0.000480044770799167,0.716094401985211,0.165953034547539,4.31504252957833,0.0000159572179281492,-0.136587978293017,0.0760240452575236,-1.796641810237,0.0723925023255132,-0.180009441966742,0.519226783422693,-0.346687512497211,0.728826092648366,0.166321974038872,0.529477306519204,0.314124839707062,0.753426224335048,-0.346331416005613,0.818932587706432,-0.422905891406247,0.672363924259909
0,"",647709.480542222,0,0.0985429657074564,0.856455033712136,0.714555207316366,0.0000317790584668003,0.00074757300774965,0.00273062990922192,0.659992822862431,0.16283365270456,35.6634353643709,4.05317212935031,0.000261195612365705,0.0616908865014555,0.0373436793074051,85872.2781904342,1.65197665697666,0.0985429657074564,-0.055233238652014,0.303567224669695,44.2499574845081,-0.181947305780827,0.856455033712136,0.14525332450767,0.394869998739546,49.4189510738598,0.367851001522853,0.714555207316366,0.606769734235534,0.166922560554742,3.63503730244148,0.000277940416587262,0.717881599737872,0.16690454512265,4.30115069191397,0.0000169913457252797,-0.111111865502338,0.0755486155822414,-1.47073331054469,0.141363254023553,-0.200486563159684,0.492876835537311,-0.406768078157139,0.684178334212109,0.090020085855656,0.503212854155366,0.178890672430761,0.858023546966782,-0.29050664901534,0.789739997479094,-0.367851001522853,0.712984337461577
0,"",647911.505986578,0,0.315516681760526,0.99189522345412,0.704166305025354,0.0000117345471779342,0.0000023720099923778,0.00297051768772072,0.668972868865534,0.160577838031786,37.393594060329,4.16603484680813,0.00017578721008807,0.0375259796111723,0.0373869203286567,85852.562009278,1.00371946341911,0.315516681760526,-0.00298715027419186,0.292402371006719,43.9981907472152,-0.0102158893715784,0.99189522345412,0.146505782205951,0.383593649610224,48.9601310222179,0.381929634014582,0.704166305025354,0.637760908089173,0.164646683905344,3.87351201349324,0.000107278115879245,0.70043716161212,0.164627148121883,4.25468806088741,0.0000209340651755082,-0.0626762535229469,0.0752057161214302,-0.833397469704926,0.404620601284063,-0.149492932480143,0.477111326433466,-0.313329246651179,0.754030532402621,0.143518631931759,0.487494873175283,0.294400289785521,0.768452045498506,-0.293011564411902,0.76718729922045,-0.381929634014582,0.702513558766233
0,"",648176.022711214,0,0.525725841189969,0.547557005449965,0.727216249877986,0.00000468926719386374,0.0079932768686057,0.00248803697073873,0.690230244624261,0.160901540201024,38.1300132808436,4.28976779067445,0.000117853326042723,0.023760385866191,0.0374446652692589,85865.7677147283,0.634546622204622,0.525725841189969,0.181447726349714,0.299445163540199,45.5678160550997,0.605946425063418,0.547557005449965,0.142272441292276,0.405541722923481,49.3437063030488,0.350820725094964,0.727216249877986,0.664815242157753,0.165085982044604,4.02708475864492,0.0000564726793904904,0.700317908965833,0.165067694775677,4.24261034188155,0.0000220934851887035,-0.0355026668080799,0.0761150292826737,-0.466434384150746,0.640904604480192,0.0391752850574379,0.498964994230473,0.0785130931236085,0.93741991556673,0.323720167641991,0.509212062436967,0.63572761040409,0.524953977068516,-0.284544882584553,0.811083445846963,-0.350820725094964,0.725722847836019
0,"",648459.26412186,0,0.28126503181006,0.470420232265923,0.516341241938874,0.000013516725729271,0.0111413774409501,0.00845409429367173,0.698161497842986,0.168494785222542,39.0746963071765,4.14351991321796,0.000177431531270867,0.040413229171098,0.0375068712572424,85891.079270123,1.07748867917887,0.28126503181006,0.232398966488961,0.319370358266059,46.9974712963322,0.727678572772731,0.470420232265923,0.266169007789998,0.407219152720498,50.1076825692188,0.653625955488121,0.516341241938874,0.659174588119166,0.172573473049133,3.81967504317129,0.000133627602439166,0.717517092196136,0.172557056740117,4.15814401190655,0.0000320843741847787,-0.0583425040769701,0.076277025586488,-0.764876496276293,0.444345090891742,-0.0337700413010371,0.51232475196647,-0.0659153030795734,0.94744525698419,0.498567974278961,0.522659618380146,0.953905671580577,0.340131392337096,-0.532338015579998,0.814438305440998,-0.653625955488121,0.513352817860317
0,"",648753.69522927,0,0.0967608975240896,0.464640900498176,0.323541072691328,0.0000321076117612744,0.0113976813693781,0.0192299547791642,0.713885392382965,0.172213817817285,40.0811613737471,4.14534327983125,0.000170752198176609,0.062397914205973,0.0375714068235696,85902.0016665166,1.66078194779838,0.0967608975240896,0.245171067667743,0.332560634388001,47.1413341819098,0.737222155348971,0.464640900498176,0.406408324142554,0.40766582820065,50.6880403560474,0.996915355737206,0.323541072691328,0.658297533056278,0.176260061111239,3.73480826516236,0.000187858255618918,0.748763045369824,0.176244536896729,4.24843265246039,0.0000215271341759453,-0.0904655123135454,0.0763971280446473,-1.18414807766957,0.236354451377408,-0.161237256474811,0.520896109408823,-0.309538223769426,0.756912140464719,0.651579391810299,0.531265704950825,1.22646612747309,0.220023314500005,-0.81281664828511,0.815331656401303,-0.996915355737206,0.318805597432323
0,"",649112.486632345,0,0.0791127128346757,0.410336412844704,0.258957635322165,0.0000358845641733717,0.0143310084608638,0.0250343202963089,0.715269221415014,0.171204793176005,43.1636864756165,4.1778574544913,0.000140593335984162,0.0661096391512777,0.0376504625022496,85914.3446301154,1.75587854059768,0.0791127128346757,0.295287719060913,0.355493974777454,47.4548520137363,0.830640573432414,0.410336412844704,0.487182031483843,0.42673581093153,50.7595622998683,1.1416478744082,0.258957635322165,0.657264475805057,0.175445037981041,3.74626996219798,0.000179483437240752,0.748330283214544,0.175430948130666,4.26566857893949,0.0000199304456044831,-0.0910658074094871,0.0772609958530596,-1.17867762904173,0.238526566937013,-0.191894312422931,0.550278346044986,-0.348722267198286,0.727297825635517,0.782469750544758,0.560493156731575,1.39603800893414,0.162703049664282,-0.974364062967688,0.853471621863062,-1.1416478744082,0.25360041572958
0,"",649531.978636457,0,0.242570882678173,0.493169304246913,0.164873336297337,0.0000158927856744879,0.00996754602154255,0.037135965409663,0.712265057446206,0.171447314171191,44.4633415321318,4.15442528738016,0.000145874704109334,0.0441064797352908,0.0377432338418139,85925.0214640877,1.16859302306066,0.242570882678173,0.266092566796392,0.38529068837162,47.3750456105635,0.690628075962586,0.493169304246913,0.597609585528288,0.424162869811028,51.4683278365121,1.40891536733174,0.164873336297337,0.682160608881262,0.175794456822144,3.88044436219865,0.000104265795230326,0.719892008905675,0.175781260286481,4.09538541100698,0.0000421466651454552,-0.0377314000244125,0.0773067536523819,-0.488073787111483,0.62549757733691,-0.331517018731897,0.567918950508784,-0.583740018597548,0.559395238672578,0.863702152324683,0.578095299234835,1.49404804617487,0.135163061786863,-1.19521917105658,0.848325739622058,-1.40891536733174,0.158860194955371
0,"",649578.056176117,0,0.431325247493121,0.675010763700291,0.117307978056558,0.00000720673373787053,0.00374105466987632,0.047328964212392,0.701000416863921,0.174978734611525,43.971540574437,4.00620348764225,0.000234614449013153,0.029709021675375,0.0377530868936425,85927.1008931865,0.786929602844685,0.431325247493121,0.170896369916429,0.405070757590929,47.4004069465969,0.421892636567494,0.675010763700291,0.695595648843014,0.436631344106941,51.0857598071886,1.5930960024543,0.117307978056558,0.69345271796676,0.179371811748942,3.86600721264584,0.000110631667331337,0.69411207680524,0.179359845957211,3.86994130765941,0.000108861557913627,-0.000659358838479875,0.0778146838972556,-0.00847345006696261,0.993239245917898,-0.524699278926586,0.590572488448664,-0.888458723000938,0.374294049716184,0.866492018759446,0.600568592678141,1.44278610190963,0.14908073542614,-1.39119129768603,0.873262688213884,-1.5930960024543,0.111138656004775
0,"",649705.043304705,0,0.757055676412835,0.752437275290837,0.206263626452594,0.00000111372610909636,0.00213097186738912,0.0313654054388697,0.702848061637523,0.175517224582267,43.1849069639812,4.00443924127852,0.000240615367943188,-0.0116874066760104,0.0377804690329637,85925.6323596742,-0.309350491806044,0.757055676412835,0.132772051083989,0.418478375674031,47.13712745479,0.317273385680053,0.752437275290837,0.599923703177529,0.468568502870039,50.623821801501,1.28033297053243,0.206263626452594,0.734266195921165,0.180097829340839,4.07704078726874,0.0000456124940210448,0.660214343882842,0.180087138552172,3.66608270413256,0.000246294300980731,0.0740518520383233,0.079170844348723,0.935342456525384,0.34961184180364,-0.467151652093541,0.623364013806893,-0.749404267404914,0.453613579666968,0.73269575426152,0.63307068473264,1.15736800318112,0.247122040878921,-1.19984740635506,0.937137005740079,-1.28033297053243,0.200428056837519
0,"",650147.959383854,0,0.264284341333149,0.73268394130077,0.232329401236537,0.0000145027865968166,0.00249104002957801,0.0279650546943781,0.70378290424342,0.170055026554764,42.2006700735381,4.13855984443233,0.00016339264731008,-0.0422849121532862,0.0378785305756894,85926.4489459802,-1.11632926385019,0.264284341333149,0.142598239737119,0.415033684140216,47.2713207952656,0.343582328823564,0.73268394130077,0.57067799805739,0.472095039901933,50.7913303743196,1.20882015234885,0.232329401236537,0.764148294262739,0.174794976260865,4.37168338935736,0.0000123292227926156,0.631371888299536,0.174783871083083,3.61230063384633,0.000303492421593409,0.132776405963204,0.07947439568096,1.67068154247083,0.0947845965057062,-0.428079758320272,0.623704723710527,-0.686350033992932,0.492492404756893,0.713276237794511,0.633439649029957,1.1260366143591,0.260150021641606,-1.14135599611478,0.944190079803868,-1.20882015234885,0.226731947605715
0,"",650372.289497655,0,0.256147646472755,0.711827335708962,0.250916034497983,0.0000150065615921912,0.002916228211958,0.0260093494944762,0.692614129751562,0.167703911071393,42.3587241755107,4.12998197434232,0.000167017436113129,-0.0430694135336874,0.0379282033884848,85926.2109724981,-1.13555111199292,0.256147646472755,0.152104961143681,0.409286353002087,47.2217819750031,0.371634578157815,0.711827335708962,0.548150025454293,0.471951577134569,50.5160391762192,1.16145395420089,0.250916034497983,0.75241099624242,0.17249056847289,4.36204137364573,0.0000128854494428657,0.619968581070902,0.172479091772549,3.59445643352798,0.000325069531653572,0.132442415171519,0.0795467243585158,1.66496378373298,0.0959199814552999,-0.396045064310613,0.619793357867491,-0.638995334950469,0.522825966697508,0.700254986597976,0.629573993562676,1.11226796811496,0.266022951963049,-1.09630005090859,0.943903154269141,-1.16145395420089,0.24545733828193
0,"",650383.329875659,0,0.615449399609185,0.535714927072632,0.343999087042634,0.00000293647109656575,0.00810612790181373,0.0178596920845192,0.697790106431332,0.167521995486674,42.98633685007,4.16536410281025,0.000146937780765121,-0.019052925716886,0.0379304655939059,85925.0899358321,-0.502311938927192,0.615449399609185,0.253322917803025,0.406075471928893,47.6197600958107,0.623832108350991,0.535714927072632,0.455861302525325,0.477185801812042,50.1868567164799,0.955311957720156,0.343999087042634,0.725397491243324,0.17232620620773,4.20944386351136,0.000025600003580137,0.648783908340859,0.172314748875791,3.76510956011387,0.000166476070608855,0.076613582902465,0.0797728930443315,0.960396194480364,0.336855852656772,-0.2025383847223,0.621685502232208,-0.325789139355946,0.744583896372655,0.709184220328351,0.631438273325937,1.12312517357066,0.261384336100886,-0.911722605050652,0.954371603624087,-0.955311957720156,0.339419962208025
0,"",650327.913731199,0,0.933023383880368,0.301178703247676,0.372620566172862,0.0000000822006538265589,0.0221246857841679,0.0159910871225144,0.702269515966565,0.165865032744863,43.2711179192054,4.23398171600648,0.000117553698443228,-0.00318671159470682,0.0379181685313925,85924.2021912725,-0.0840418120951316,0.933023383880368,0.423373532782293,0.405100786224353,48.2755920111788,1.0451066677215,0.301178703247676,0.43821784263678,0.487082622644226,49.8076308017764,0.899678662847436,0.372620566172862,0.706083195341327,0.170759689134012,4.13495245231558,0.0000355028134141205,0.662692427368388,0.170748362668902,3.88110560482161,0.000103982673266304,0.0433907679729394,0.0801793473702109,0.541171378866329,0.588389463015633,-0.014844309854487,0.62867276166759,-0.0236121409413566,0.981161987781192,0.861591375419075,0.63834380650272,1.34972935687973,0.177102812023386,-0.876435685273562,0.974165245288454,-0.899678662847436,0.368291281573826
0,"",650297.087809878,0,0.932208366255643,0.260707297818629,0.364076058058894,0.0000000842170505063679,0.025857614433095,0.0165561740987477,0.697035974179529,0.162226885335679,43.8040321005184,4.29667359227927,0.0000949102425117098,-0.00322502861442186,0.0379116537635336,85925.4117540763,-0.0850669462887938,0.932208366255643,0.475624206297665,0.417972749283103,48.7827128247965,1.1379311381267,0.260707297818629,0.455822401511472,0.497620865369938,49.8406547554209,0.916003393813899,0.364076058058894,0.69942464908606,0.167338314141196,4.17970416802396,0.0000291888559540798,0.654470146453357,0.167327431217991,3.91131413235362,0.0000917952856995331,0.044954502632703,0.080628837257634,0.557548690539335,0.577152601700585,0.0198018047861929,0.645082149772816,0.0306965629000378,0.975511532280767,0.93144660780914,0.654617834796829,1.42288608451713,0.154769180815634,-0.911644803022947,0.995241730739878,-0.916003393813899,0.359665114870151
0,"",650344.741285288,0,0.838583029779916,0.31641192103802,0.332474798462973,0.000000482917980444693,0.0203667360555575,0.0188440348980317,0.706770576546865,0.156873363552263,45.4381954999253,4.50535744592102,0.0000460928649633621,-0.00772520427568277,0.0379231344497308,85928.633894747,-0.203706903128563,0.838583029779916,0.437868473569167,0.432613317784915,49.2753449213449,1.0121474664977,0.31641192103802,0.473001674700747,0.483318394607114,49.8681040515873,0.978654402519164,0.332474798462973,0.715979675010666,0.162146494702654,4.41563461685457,0.0000100714079716039,0.660573645368592,0.162135336128745,4.07421146519262,0.0000461705154616445,0.0554060296420734,0.0800229811168133,0.692376475717578,0.48870093498772,-0.0351332011315798,0.643842208603244,-0.054568030275303,0.956482608938662,0.910870148269916,0.653428739038804,1.39398543995755,0.163322001465848,-0.946003349401496,0.96663678921423,-0.978654402519164,0.327750769048498
0,"",650313.306721342,0,0.961939517919074,0.37760904571248,0.337990642711242,0.0000000264999727575924,0.0157524870150276,0.0186529103589397,0.728754532155654,0.15435489852573,45.7162216734813,4.72129190013476,0.0000224945742802112,0.00180940169434628,0.0379170638525179,85932.0448600702,0.0477199843686241,0.961939517919074,0.398137696560919,0.447194617062111,49.5254762220324,0.890300735676391,0.37760904571248,0.443740782917864,0.458617578501496,49.2530730256698,0.96756165423872,0.337990642711242,0.728871233196776,0.159652035970826,4.56537386926884,0.00000498604915892775,0.695006155379388,0.159640396496011,4.3535732222812,0.0000133936331260064,0.0338650778173886,0.0789689073953646,0.428840653041332,0.668039191760415,-0.0456030863569444,0.635700179189777,-0.0717367838641594,0.942811382269363,0.841878479478785,0.645377021482713,1.30447544838926,0.192071525235968,-0.88748156583573,0.917235157002995,-0.96756165423872,0.333263335771248
0,"",650385.884912473,0,0.355969273478855,0.294255903645386,0.408309526766458,0.00000991541969323532,0.0222261791477164,0.0141135287053887,0.721686986952528,0.153217061417326,44.7394296705039,4.71022600405334,0.0000242268858804124,0.0350154669422893,0.0379333879808318,85933.2368489426,0.923077763578171,0.355969273478855,0.484965711204074,0.457476383673585,49.4377051420784,1.06008906363591,0.294255903645386,0.377447328325177,0.452523994988725,48.5982669731845,0.834093512178469,0.408309526766458,0.682130348174734,0.158575708394797,4.30160681657793,0.0000169563998430671,0.720277372891756,0.158564042283727,4.54250132954436,0.00000555906458437546,-0.0381470247170218,0.0787432440659537,-0.484448223711366,0.628067801308072,0.107518382878897,0.638630086197291,0.168357841577921,0.866301772185212,0.862413039529254,0.648287612347233,1.3302938743604,0.18342146466479,-0.754894656650356,0.905047989977452,-0.834093512178469,0.404228290809579
0,"",650362.521389285,0,0.101381081096606,0.235312630356129,0.525682243752993,0.0000312298871828844,0.0284198160610923,0.0082753853598433,0.736524753289236,0.153175267036363,44.2202268738076,4.8083791041434,0.000017938322288179,0.062134166372876,0.0379280312667854,85932.2874934703,1.63821227460568,0.101381081096606,0.552482883095727,0.459848113506645,49.3476211696527,1.20144644909529,0.235312630356129,0.296143211416348,0.463314196373479,48.9615563018986,0.639184410351257,0.525682243752993,0.663563763947268,0.158602014318173,4.18382935929228,0.0000286639302956973,0.762816147327887,0.15859076442395,4.809965763761,0.00000150956149462836,-0.0992523833806189,0.0791810038948123,-1.25348730754248,0.210028415377127,0.256339671679379,0.647974262469542,0.395601625753505,0.692398937570856,0.848626094512077,0.657548491968997,1.29059089158719,0.196845576068711,-0.592286422832698,0.92662839274696,-0.639184410351257,0.522702972571859
0,"",650430.281844613,0,0.0432160364798866,0.179929290763104,0.670620263569443,0.0000475597763118502,0.0367932024806561,0.00373383749368237,0.739904024956171,0.154137889843091,45.6954291424735,4.80027348051396,0.0000173365409746396,0.0767066769967016,0.0379426860925581,85930.9738799314,2.02164593222477,0.0432160364798866,0.622799403888906,0.457733135832008,48.4644869350151,1.36061682044684,0.179929290763104,0.200797640577962,0.469286826594307,48.8495370256274,0.427878280827068,0.670620263569443,0.645373581727425,0.1595543760998,4.04485039836043,0.00005235654664494,0.781825062492965,0.159543285521474,4.90039464799497,0.000000956443351413464,-0.13645148076554,0.0794546014759868,-1.71735152188484,0.0859149635706063,0.422001763310946,0.65075801286623,0.648477244947412,0.516676323763843,0.823597044466871,0.660313188719956,1.24728243890365,0.212293954227956,-0.401595281155925,0.938573653188616,-0.427878280827068,0.668739740535518
0,"",650573.288130005,0,0.0346912984734147,0.0722105971709576,0.976448725062138,0.0000519044781205475,0.0656990258722072,0.000018240950779766,0.74596563843661,0.155710689479963,46.7115472642008,4.79071565945769,0.0000171955448790355,0.0802007279033773,0.0379742427238834,85931.2253641955,2.11197701785732,0.0346912984734147,0.836483719951913,0.455043206910267,48.0548898859299,1.83825119735688,0.0722105971709576,-0.0136606569249906,0.460344817368204,48.2748862702912,-0.0296748359264448,0.976448725062138,0.629858011666141,0.161019749934725,3.9116817155751,0.0000916556543477236,0.791413416943139,0.161008366276262,4.91535586160294,0.00000088621333154939,-0.161555405276998,0.0791305590753317,-2.04163103565587,0.0411881443303327,0.850144376876906,0.642449373412218,1.32328617951881,0.185740225972004,0.822823063026924,0.652090595445253,1.261823232499,0.207012400372722,0.0273213138499814,0.920689634736411,0.0296748359264448,0.97632638110282
0,"",650583.705421,0,0.0630585603948243,0.0520503956275727,0.706558383469918,0.0000402064526065499,0.076596242411419,0.00296648577420783,0.74160897586847,0.155198073211977,47.3544291375908,4.77846767372909,0.0000174821678992506,0.0705911471902369,0.0379766806018399,85931.670886264,1.85880245644262,0.0630585603948243,0.896952498820412,0.45019121141531,47.8551889993918,1.99238118398752,0.0520503956275727,-0.172454295736002,0.455360433283776,48.2064263350758,-0.378720422616363,0.706558383469918,0.625850110506667,0.160474932258434,3.89998675617932,0.0000961979500859809,0.781600045689368,0.160463227750869,4.87089819047426,0.00000111092074969461,-0.155749935182701,0.078928666101515,-1.97329997927979,0.0484613952916595,1.06940679455642,0.635461991284165,1.68288081620007,0.0923981659966605,0.724498203084412,0.64516552891883,1.12296483709929,0.261452428674691,0.344908591472004,0.910720866567553,0.378720422616363,0.704895486074442
0,"",650783.490484957,0,0.0877509012728359,0.0885577142826064,0.78268880203097,0.0000339234744743809,0.0597355562859709,0.00159475519864742,0.748119451425965,0.154862736480444,47.5332530958072,4.83085517167288,0.0000145633423226156,0.0649172254412171,0.0380210466722107,85932.3529091145,1.70740237639656,0.0877509012728359,0.750407655419261,0.431595525710111,47.5836492322636,1.73868265706556,0.0885577142826064,-0.123372948831808,0.444807508573818,48.1624419154168,-0.277362558980575,0.78268880203097,0.646297021830922,0.160013993375906,4.03900314088555,0.0000536788464718256,0.786553090775249,0.160001359522753,4.91591504673056,0.000000883687150075456,-0.140256068944327,0.0785699434758416,-1.78511098187888,0.0742433170204048,0.873780604251072,0.61481028109989,1.42121989679139,0.155252842134991,0.627034706587454,0.624712056268443,1.00371795340862,0.315514580899475,0.246745897663617,0.889615017147638,0.277362558980575,0.781501727818136
0,"",651123.472520591,0,0.0807484171994159,0.0826224843817614,0.866226104290085,0.0000354897732843204,0.0621223984478685,0.000591334670876455,0.748128817882994,0.1555521253109,49.2204846906682,4.80950560069635,0.0000147021394586954,0.0665308480503728,0.0380964202502885,85932.8355498775,1.7463805683913,0.0807484171994159,0.75464315214687,0.425597752672472,47.4659927118119,1.77313706994036,0.0826224843817614,0.0729958854721074,0.431035497988017,48.4708296914022,0.169350055419651,0.866226104290085,0.652807754742997,0.160597912074247,4.06485829305922,0.0000480616541571421,0.779703307895202,0.160584541329234,4.85540701141734,0.00000120139722101965,-0.126895553152204,0.0781419039277742,-1.62391171412323,0.104394652133631,0.681647266674765,0.600694255380674,1.13476574907944,0.256473480647773,0.82763903761898,0.610750773035888,1.3551174622424,0.175380135974263,-0.145991770944215,0.862070995976036,-0.169350055419651,0.865521305988012
0,"",651304.479297923,0,0.114857652234869,0.0646313545420179,0.730693867186345,0.0000289292109218591,0.0697070450505053,0.00245654366240539,0.730593270209961,0.155318164858584,49.4916865706943,4.70384948776058,0.0000208392122514073,0.0601325081538011,0.0381370915146486,85935.8442397893,1.57674604343396,0.114857652234869,0.804625150430621,0.425389314348182,47.7482119588987,1.89150296749587,0.0646313545420179,0.138358698539958,0.399663761905059,48.6665689423799,0.346187750123878,0.730693867186345,0.642320174695623,0.160232549048463,4.00867475746986,0.0000610604442740788,0.750897689607033,0.160217778977897,4.68673136275734,0.00000277602962420542,-0.10857751491141,0.0770099279079005,-1.40991581035192,0.158564543649704,0.666266451890665,0.57853769977072,1.15163878197516,0.249469537909524,0.942983848970582,0.588785625357353,1.60157416954304,0.109249806555456,-0.276717397079917,0.799327523810121,-0.346187750123878,0.729201620204663
0,"",651544.961963697,0,0.110090939879667,0.0978160657177259,0.721464846217953,0.0000297068455620764,0.0556948609440368,0.00261224972688777,0.712467534167895,0.156789072246504,50.6163461686219,4.54411473937261,0.0000344992382744468,0.0610206594290791,0.0381903991334555,85936.162943329,1.59780103936185,0.110090939879667,0.736964439760398,0.436536677631597,48.3224357056193,1.68820737757651,0.0978160657177259,0.142005843481716,0.396049313572449,49.0866325191719,0.358555964157073,0.721464846217953,0.626318062824344,0.161703859465737,3.87324127509184,0.000107397410197353,0.736363796934496,0.161689248119109,4.55419148459427,0.00000525874390801842,-0.110045734110152,0.0769631697426256,-1.42984929646425,0.152760277020648,0.594958596278683,0.584299553650422,1.01824242815465,0.308562760812267,0.878970283242117,0.594502052983506,1.47849831439775,0.139274447934208,-0.284011686963434,0.792098627144901,-0.358555964157073,0.719927294559175
0,"",651562.160717505,0,0.0791112928458665,0.104818102078694,0.568296035815823,0.0000358764852954777,0.0532478374181783,0.00653837814639979,0.702768486292083,0.155959974605491,51.8644991175819,4.50608233343057,0.0000378724106728072,0.0670645083521057,0.0381940945375056,85934.5053727824,1.75588685015821,0.0791112928458665,0.742047104350918,0.448958497292228,48.5718773301065,1.65281893276634,0.104818102078694,0.237657782052134,0.41378161430265,50.1236582892244,0.574355587192198,0.568296035815823,0.614400471290958,0.161040251740501,3.81519815481286,0.000136073696299773,0.728453947469989,0.161026667596296,4.52380936862127,0.00000607364333618376,-0.114053476179031,0.0776309065300659,-1.46917614745177,0.141785018154558,0.504389322298785,0.60551948952275,0.832986107014206,0.404852564695901,0.979704886403055,0.615551834583991,1.59158795630131,0.11147731796986,-0.47531556410427,0.827563228605303,-0.574355587192198,0.56572720049031
0,"",651727.180968382,0,0.18616478629168,0.076521384894255,0.647592809750495,0.0000203383099854922,0.0636463698415372,0.00414190032001549,0.685791052899883,0.153301607974637,52.0809658518351,4.47347592735845,0.0000420378667948027,0.050541706897649,0.0382306479428901,85931.5800233108,1.32202067234511,0.18616478629168,0.780578382520864,0.431241886856763,48.2011527432018,1.81007088205264,0.076521384894255,0.201632866342237,0.4384864779594,50.8402941659542,0.459838276611364,0.647592809750495,0.610796866324194,0.158503438288509,3.8535243961864,0.000116429656362433,0.694847853305991,0.158490101949276,4.38417191206282,0.0000116427805861496,-0.0840509869817971,0.0786515580447753,-1.06864999335357,0.285227412443535,0.578945516178628,0.609977039389044,0.949126735587462,0.342556158132764,0.982211248863103,0.620006390357569,1.58419536336818,0.113149268110409,-0.403265732684475,0.876972955918803,-0.459838276611364,0.645632306726153
0,"",651865.799496206,0,0.728719636539904,0.0804118116763608,0.843281737728678,0.00000139986421000451,0.0619756542857551,0.000778693388337731,0.653793913520284,0.149158638228177,51.7817825083747,4.38321186950055,0.0000573722361438654,0.0132703433211224,0.0382617725272088,85930.5573338623,0.346830333374796,0.728719636539904,0.77372471587478,0.433260926085596,48.2688423360704,1.78581697376957,0.0804118116763608,0.0905030039869458,0.455443737249286,50.6700950462614,0.198713905988808,0.843281737728678,0.611666856469336,0.154602101799659,3.95639418448504,0.0000760895689856959,0.630562530570852,0.154589062885379,4.07895952534743,0.0000452377112110661,-0.0188956741015154,0.0793852613983242,-0.238024965449246,0.811861730960608,0.683221711887836,0.623626045670161,1.0955631449832,0.273269997685669,0.864227719861728,0.633544482184238,1.36411529760653,0.172531280878262,-0.181006007973892,0.910887474498575,-0.198713905988807,0.842486545549116
0,"",652170.748934597,0,0.851181161497459,0.118890852498328,0.816464737264619,0.000000409614055179085,0.0490981770344,0.00108160629084646,0.620093161509793,0.144975442392391,51.0750033101606,4.27722896565784,0.0000830114321661127,-0.00719122640771198,0.0383302854428351,85930.391307622,-0.187612127711306,0.851181161497459,0.68394154785528,0.430868101374007,48.799975091024,1.58735711851084,0.118890852498328,0.107542232901241,0.460932875720182,50.2740108595738,0.233314303591846,0.816464737264619,0.602939450196283,0.150599049993855,4.00360726193748,0.0000623838967729088,0.579472639039487,0.150585698197434,3.84812532648178,0.000119025161947201,0.023466811156796,0.0797196178421706,0.294366829545718,0.768477610790999,0.57639931495404,0.62597661458716,0.92080007706707,0.357154814755455,0.791483780756524,0.635897909567755,1.2446711474402,0.213252655868477,-0.215084465802483,0.921865751440367,-0.233314303591846,0.815517352409078
0,"",652520.054213747,0,0.527478446342284,0.214035277906102,0.607968767508166,0.00000464620135649393,0.0311039244254356,0.00528346691002527,0.566238908046018,0.143856554773721,50.11141332108,3.93613561048146,0.000255838348351448,-0.0242689624366701,0.0384086166870645,85930.0455075037,-0.631862444680116,0.527478446342284,0.545893261585826,0.433672497317867,49.3575636209254,1.25876845998308,0.214035277906102,0.239754390075279,0.464442463176742,50.1706400450699,0.516219788421976,0.607968767508166,0.577577716737513,0.149568976457542,3.8616144231051,0.000112640236402007,0.508787145674828,0.149555619335748,3.40199283674266,0.000668963912157686,0.0687905710626846,0.0799885351123493,0.860005386597762,0.389786073221228,0.306138871510548,0.630459850991132,0.485580280852578,0.627264780256584,0.785647651661107,0.640373054829319,1.22685932166604,0.21987546992543,-0.479508780150559,0.928884926353487,-0.516219788421976,0.605700910948469
0,"",652633.626540927,0,0.303975529002457,0.195374929575137,0.373485674961604,0.0000122969768458198,0.0338670618259583,0.0159122958563973,0.517901757311651,0.141200308559034,49.130816335321,3.66785145582824,0.000601022684203852,-0.0395086404835769,0.0384343423997801,85929.3577317088,-1.02795151462779,0.303975529002457,0.5748141836232,0.437882191402652,49.1586280824933,1.31271422978386,0.195374929575137,0.42831530210791,0.476951092888464,49.8747170344799,0.898027719181833,0.373485674961604,0.551222836404731,0.147113589039572,3.74691991408394,0.000179019209301913,0.436024702739322,0.147100527356054,2.96412739353363,0.00303542596294557,0.115198133665409,0.0805521161619009,1.43010685695548,0.152686352497869,0.14649888151529,0.642549609357437,0.227996219096284,0.819649179847445,1.00312948573111,0.652362105448184,1.53768816023111,0.124124879922011,-0.856630604215822,0.95390218577693,-0.898027719181834,0.369170771770821
0,"",652860.726089411,1,0.194192197327403,0.220595149727448,0.332451645780884,0.0000196134453208963,0.0304160861524624,0.0189942360231644,0.496798000873009,0.139101771183331,50.2673395665913,3.57147142445978,0.000793193732921235,-0.049964838947076,0.0384852015437031,85936.7739022342,-1.29828705431975,0.194192197327403,0.559234534949466,0.450721045630016,49.0743282565299,1.24075531944103,0.220595149727448,0.481808210975459,0.492255175383641,49.4786157649742,0.978777339618544,0.332451645780884,0.543492643297939,0.145269817425929,3.74126334656584,0.000183097538836056,0.402863434417333,0.145257400822404,2.77344515416386,0.00554661891492825,0.140629208880605,0.0812849501891585,1.73007682914668,0.0836165494409342,0.0774263239740068,0.662585274472523,0.116854881865048,0.906975052175422,1.04104274592493,0.672242509354893,1.54861189442475,0.121475044898618,-0.963616421950921,0.984510350767284,-0.978777339618544,0.327690008597118
0,"",653053.48905464,1,0.156679485295554,0.225140320623695,0.315124924713222,0.0000233418899102394,0.0298414795958938,0.0204335699618352,0.472403449836237,0.136099859300374,50.2863201090053,3.47100615874727,0.00107400679923648,-0.0545701236206149,0.0385289603428604,85938.7714575046,-1.4163404134191,0.156679485295554,0.565699276780642,0.460500151833322,49.0607339906832,1.22844536430337,0.225140320623695,0.490514713181236,0.483337194976523,49.3734286434523,1.01484991901991,0.315124924713222,0.523798060455816,0.142406896266988,3.67817903617383,0.000234905053063831,0.373222822457553,0.142394203836742,2.62105347269233,0.00876585114747497,0.150575237998263,0.0809705041155542,1.85963073396919,0.0629377879545616,0.0751845635994067,0.662729923552727,0.113446761535018,0.909676368631164,1.05621398996188,0.672413203469693,1.57078115734753,0.116233490295188,-0.981029426362474,0.966674389953049,-1.01484991901991,0.310177373986181
0,"",653208.926019537,1,0.194350388289496,0.218091594892095,0.439895262728333,0.0000195985637647322,0.0305236573285705,0.0121020790479031,0.439618677981265,0.13193071399585,50.30331332197,3.33219357848011,0.00162127427061809,-0.0500500281892098,0.0385644936991876,85941.0443503343,-1.29782666355255,0.194350388289496,0.58642430335343,0.47007880113217,49.429160517587,1.2475021250502,0.218091594892095,0.36972759925325,0.47483390544091,49.4917013397761,0.778646164515014,0.439895262728333,0.480516252951245,0.138439121426566,3.4709571109647,0.000518606824897636,0.349184392009161,0.138426039721355,2.52253400236005,0.0116512685422903,0.131331860942085,0.0806664644473772,1.62808500213566,0.103506863218769,0.216696704100181,0.663297082715485,0.326696302074844,0.743897597437909,0.956151902606682,0.672993026799968,1.42074563112951,0.15539072165797,-0.739455198506501,0.949667810881823,-0.778646164515014,0.43618817701141
0,"",653371.623079098,1,0.324009643324987,0.159753075818898,0.502255113924242,0.0000113181049763843,0.0396139496841115,0.0090850363457656,0.442448367904071,0.129103789558781,50.3317366017549,3.4270749868471,0.00122403057739617,-0.0380707240369857,0.038601208802474,85941.2824039343,-0.986257301728481,0.324009643324987,0.642140772248883,0.449864103022467,49.3964239939587,1.42741056228888,0.159753075818898,0.325317908758547,0.481339530264053,49.8221656890533,0.675859530132679,0.502255113924242,0.467137686585038,0.13567376128576,3.44309527618343,0.000575096668945209,0.363515830318851,0.135660021184023,2.67960912246756,0.00737081743346642,0.103621856266187,0.0809996643899083,1.27928747664166,0.20079584099875,0.316822863490336,0.653925695380576,0.484493675242337,0.628035551918933,0.967458681007432,0.663710851265135,1.45765084172318,0.144936808179946,-0.650635817517096,0.962679060528107,-0.675859530132679,0.499129834361025
0,"",653460.404561627,1,0.217520511731847,0.122169336853283,0.551977748179305,0.0000176939553542855,0.0475560607427034,0.00713501983076087,0.443656468606206,0.128013506241994,50.3558361916727,3.46570046888277,0.00109027152785305,-0.0476263163730522,0.0386214493282245,85941.7591354883,-1.23315714975634,0.217520511731847,0.672105010113191,0.427374415340802,49.5325601639855,1.57263744854083,0.122169336853283,0.280462453350441,0.468330364656497,49.9045142228532,0.59885600959517,0.551977748179305,0.474741277371586,0.134428932522436,3.53154092994344,0.000413145918019908,0.355797287669229,0.134413809036909,2.64702927637092,0.00812023226940172,0.118943989702357,0.0804870528477253,1.4778027706815,0.139460576569689,0.391642556762751,0.628999149684195,0.622644016227026,0.533518479501615,0.952567463463634,0.639002748343796,1.49070949371118,0.136037782472267,-0.560924906700882,0.936660729312996,-0.59885600959517,0.549268908547796
0,"",653672.5053068,1,0.301236741155275,0.147081329338452,0.500261168570265,0.0000124353938108913,0.0418465814088447,0.00910966789774577,0.427601745451741,0.130139972846235,50.3429290337901,3.28570642900755,0.00185680932228737,-0.0399756783570627,0.0386690098893326,85941.0461280164,-1.0337911022669,0.301236741155275,0.614901444072587,0.417471224832555,49.6744425838423,1.4729193474813,0.147081329338452,0.310894573318362,0.457872795686107,50.1486963483887,0.678997695970334,0.500261168570265,0.454737317751556,0.13634685453365,3.33515077635566,0.000852531607827495,0.348523927655572,0.136331079646331,2.55645248728104,0.0105745511132523,0.106213390095984,0.0801328780495126,1.32546580980601,0.185016702160295,0.304006870754226,0.614525703592494,0.494701635711921,0.620810746743375,0.925796017390952,0.62467399562441,1.48204667374627,0.138327876382181,-0.621789146636726,0.915745591372217,-0.678997695970334,0.497139321820651
0,"",653909.63533125,0,0.494617176628137,0.287954916486361,0.591764255959293,0.00000542812085701927,0.0227503937191411,0.00577151479985926,0.409472975398632,0.13172335948262,48.5768715147096,3.10858284367292,0.00313994198717561,-0.0264469752456237,0.0387225412740428,85935.468440964,-0.682986559648967,0.494617176628137,0.464501058054414,0.432433756464355,49.5622285067485,1.07415540787622,0.287954916486361,0.240606552423424,0.445783349620848,50.1838067683701,0.539738760157972,0.591764255959293,0.426463489378085,0.137880089147618,3.09300270992355,0.00198142325880316,0.353244908436736,0.137864441451502,2.56226264523038,0.010399264238938,0.073218580941349,0.0797299779330633,0.91833188518902,0.358445139156883,0.22389450563099,0.615957377488101,0.363490257303258,0.716238689507853,0.70510761047784,0.626130981645293,1.12613435710371,0.260108653404815,-0.48121310484685,0.891566699241699,-0.539738760157972,0.589377205537964
0,"",653926.993503379,0,0.674037978235405,0.361496763012094,0.613810516972657,0.00000205867894153396,0.0169964948064154,0.00511081553187948,0.420493499023681,0.132928318108556,48.9034846664216,3.16331015848923,0.00268090129534509,-0.0162888538536765,0.0387263657404404,85936.5771796868,-0.420614058206518,0.674037978235405,0.415508666553555,0.451093025581743,49.0708576808964,0.921115253373078,0.361496763012094,0.224959741053011,0.442999549060443,50.198130383083,0.507810316128149,0.613810516972657,0.428734283416126,0.139121673098029,3.08172173227119,0.00205807132202466,0.377153670106241,0.139106628551507,2.71125591953076,0.00670288697835604,0.051580613309885,0.0796243768246183,0.647799271616243,0.517114786570149,0.190548925500545,0.627186693987236,0.303815318990843,0.761268595210605,0.640468407606568,0.637262808641661,1.00503026211704,0.31488227821433,-0.449919482106023,0.885999098120888,-0.507810316128149,0.61158637441148
0,"",653966.342880459,0,0.560721401651969,0.44719603910106,0.642225765182691,0.00000393853093949915,0.0117944414465797,0.00432944198849094,0.425106518421335,0.136098261190229,49.3829092754923,3.12352644849114,0.00298764410530394,-0.0225347400455927,0.0387346203764085,85935.0878344357,-0.581772580358568,0.560721401651969,0.347261225456683,0.453202726815774,49.1923389260273,0.766238164312379,0.44719603910106,0.210558333214263,0.450476563949587,50.2439997896247,0.46741240291876,0.642225765182691,0.44186744279503,0.142208623515234,3.10717755275717,0.00188882916458898,0.379011579632954,0.142194231956328,2.665449747282,0.00768854217292581,0.0628558631620757,0.0799360354766684,0.786327002424607,0.431675936978052,0.136702892242421,0.633970424666406,0.215629762720167,0.82927635422037,0.557819558670947,0.643991609549737,0.866190724225369,0.386385579250351,-0.421116666428527,0.900953127899177,-0.46741240291876,0.640204850547497
0,"",654298.515052562,1,0.64471918880326,0.677484104397078,0.73473560362161,0.00000247405159885072,0.00353222551115666,0.00228880973768443,0.415172880782279,0.142699712993978,50.2374290160019,2.90941636862156,0.00538226986815261,-0.0178953719967116,0.0388091385769195,85941.6381538252,-0.461112321811603,0.64471918880326,0.19244034614884,0.459966619607903,49.3803840484414,0.418378938699693,0.677484104397078,0.151796812194331,0.445536275938854,50.6004422285091,0.340705842356962,0.73473560362161,0.431351622871177,0.148561835082023,2.90351571541251,0.00368998451007372,0.382738226791689,0.148547867516422,2.57653127702676,0.00997971763191182,0.0486133960794887,0.07985714750917,0.608754477160688,0.542687191761362,0.0406435339545088,0.635330937671901,0.0639722254097092,0.948992342406705,0.344237158343172,0.645366816856054,0.533397673001139,0.593758327986676,-0.303593624388663,0.891072551877711,-0.340705842356962,0.733325039993984
0,"",654496.549975475,0,0.805278404185131,0.816652039550389,0.882632357625335,0.00000070721968175705,0.00109837456289672,0.00043195007925312,0.3946981397963,0.145935463303096,49.1187158769525,2.70460743991023,0.00937136757787005,-0.00957823793476212,0.0388534078712165,85932.6811823803,-0.246522466356366,0.805278404185131,0.106057878247721,0.45500225945578,49.4118387818663,0.233093080404864,0.816652039550389,0.0663661909738525,0.447286060773629,50.9450349730267,0.148375272100063,0.882632357625335,0.402599950244659,0.151662520240043,2.65457774015259,0.00794077400244499,0.377837358114633,0.151648684452169,2.49153073420696,0.0127193962137569,0.0247625921300268,0.0799979085607009,0.309540493939756,0.756910413861184,0.0396916872738684,0.63297929955565,0.0627061379443718,0.950000509642227,0.172424069221574,0.643055953147589,0.268132296074088,0.788597487047384,-0.132732381947705,0.89457212154726,-0.148375272100063,0.88204661405637
0,"",654690.862803519,0,0.925671689111506,0.891003065627876,0.998837794174792,0.000000101280729364186,0.000385335073906993,0.0000000416697699745902,0.396575905281208,0.148029862016366,49.2784304752478,2.67902637940284,0.0100082032531255,-0.00362881529935787,0.0388973291231366,85933.6582493258,-0.093292145788987,0.925671689111506,0.063530379529703,0.461213738095184,49.2212351069375,0.137746069299852,0.891003065627876,-0.000635830665206931,0.434396922473121,51.4148221924807,-0.00146370895444425,0.998837794174792,0.397494581358546,0.153653365266633,2.58695656075465,0.00968277981848454,0.390290660948389,0.153639276050905,2.54030525904766,0.011075575402469,0.00720392041015683,0.0795601477580481,0.0905468455396137,0.927852669452407,0.0641662101949101,0.62849419830474,0.102095151185147,0.91868114969853,0.0628945488644962,0.63861775705111,0.0984854369770721,0.921546835348304,0.00127166133041386,0.868793844946245,0.00146370895444425,0.998832129640756
0,"",654849.65488292,0,0.320902859505306,0.833434313513544,0.959289271538967,0.0000114652173913226,0.000903482144245913,0.0000506515234921134,0.395577478022886,0.14836706455663,49.0223912955504,2.6662081588323,0.0103616919210956,0.0386458682684928,0.0389335886929044,85934.9823639983,0.992609969076287,0.320902859505306,0.0985498626940495,0.466148477280752,49.4255349682952,0.211413031463567,0.833434313513544,-0.0215157475622978,0.419472294524908,51.9387874261424,-0.0512924163124204,0.959289271538967,0.35186049025734,0.153937222990538,2.28574014407788,0.0222694652421217,0.430969715194608,0.153922566835713,2.79991247582687,0.00511164641735874,-0.0791092249372674,0.0790455410162804,-1.00080566114379,0.316920772102284,0.120065610256348,0.621990448714596,0.193034491935487,0.846931955409638,0.0770341151317519,0.632163506695957,0.121857896439444,0.903011560824512,0.0430314951245957,0.838944589049818,0.0512924163124204,0.959092511057759
0,"",655198.288594496,1,0.0945047371618305,0.603485715148382,0.923582056831298,0.0000325322104469928,0.00550962536558986,0.000178608918331464,0.382175670790356,0.147723468911683,50.2345705067179,2.58710192500855,0.0126196226033959,0.0652337008336908,0.0390126228941997,85942.1143176772,1.67211779147999,0.0945047371618305,0.226016440800427,0.432357135956517,49.3257065878181,0.522754042905765,0.603485715148382,-0.0403091704512393,0.418192403930854,52.0085475166532,-0.0963890545891031,0.923582056831298,0.305693378483226,0.153148225904768,1.99606215923986,0.0459271572841169,0.439565795454305,0.153132387734529,2.87049527508405,0.00409829321684689,-0.133872416971079,0.0791273087650658,-1.69186111672969,0.0906724572849217,0.266325611251667,0.596262154578436,0.446658586674786,0.655121587573127,0.185707270349188,0.606717893632174,0.306085039354013,0.759539898492186,0.0806183409024789,0.83638480786171,0.0963890545891031,0.923211584819516
0,"",655524.850568482,1,0.168617875856212,0.507665925635515,0.835425266149057,0.0000220526942595866,0.00907841330565643,0.000850329323468465,0.393282124091493,0.148210756591209,50.2679127784562,2.65353293604885,0.0106351405902259,0.0538090095892164,0.0390863522225781,85938.6407664784,1.37667002750218,0.168617875856212,0.275769373717789,0.413193446554104,48.6199552546322,0.667409844027329,0.507665925635515,-0.0897515945697394,0.429826047135694,51.2321144364769,-0.208809110494426,0.835425266149057,0.324034884480316,0.153594046474856,2.10968388370028,0.0348855935832627,0.439234442787937,0.153578018572433,2.86000852772286,0.00423629616335495,-0.115199558307621,0.0796909557787638,-1.44557882612722,0.14829536905324,0.36552096828753,0.590930612549153,0.618551417924936,0.536211914971317,0.18601777914805,0.601464480493568,0.309274753839832,0.757112533717395,0.179503189139479,0.859652094271391,0.208809110494425,0.834597258962409
0,"",655587.776898672,1,0.206431307712302,0.566321603923639,0.665705883434209,0.0000185754950468504,0.00678106989820502,0.0037209405230034,0.409110709282888,0.145197580586359,50.2825256271261,2.81761381719141,0.00689848039169548,0.0494013181937394,0.0391003672859663,85934.3778531812,1.26344895515778,0.206431307712302,0.22964454408467,0.397721230213535,48.8316594120482,0.577400768778109,0.566321603923639,-0.195722985909318,0.450358019426721,50.5703708147294,-0.434594206090661,0.665705883434209,0.341743467539847,0.150723690583252,2.26735071452544,0.0233688096991542,0.457079308526829,0.15070759406173,3.03288836486639,0.00242225189742748,-0.115335840986981,0.0805191014481514,-1.43240347833798,0.152028383668696,0.425367529993989,0.595581216696425,0.71420575073442,0.475099961397757,0.0339215581753521,0.606046252003477,0.0559718966386043,0.955364195286493,0.391445971818637,0.900716038853444,0.434594206090661,0.663857001306885
0,"",655736.384839268,1,0.187867114839402,0.682830015652099,0.655614370602096,0.0000201811918135678,0.00347335301496623,0.00398855827802182,0.4220043300614,0.140827198499791,50.3020095508154,2.99661098535612,0.0042313098738122,0.0515371517203756,0.039134447862016,85934.3565167659,1.31692548473126,0.187867114839402,0.163882138376379,0.398668634347916,48.4818404833635,0.411073569016619,0.682830015652099,-0.208318358430827,0.464325480773518,50.2641613087691,-0.448647268040924,0.655614370602096,0.354746830173536,0.146606098993785,2.41972764167591,0.015532135575438,0.475418300476257,0.146590086655225,3.24318179574056,0.00118202763215281,-0.120671470302722,0.08113716242958,-1.48725277898958,0.136948061117008,0.372200496807207,0.606788648502641,0.613393967942015,0.539615873570831,-0.0444362200544482,0.617152493525809,-0.0720020100714216,0.942600308199579,0.416636716861655,0.928650961547038,0.448647268040924,0.653686129902032
0,"",656315.92316903,1,0.295450274705396,0.735542567429625,0.824765080531789,0.0000127382980166133,0.00237327927266297,0.000985772277226547,0.428604651375033,0.139036110209775,50.3178675809292,3.08268586289104,0.00332519502450673,0.0410821845766346,0.039266265135331,85931.2109966654,1.04624629908256,0.295450274705396,0.133187016526589,0.392062714470659,48.5100724023336,0.339708448701659,0.735542567429625,-0.107815399651241,0.484388505207509,50.2075477614773,-0.222580425613224,0.824765080531789,0.377343431778239,0.144994508655883,2.60246705393369,0.00925557076491172,0.468615234343733,0.144978505805662,3.23230834625854,0.00122794475342634,-0.0912718025654948,0.0821775813736487,-1.11066547639673,0.266712367751773,0.241002416177831,0.618019280172798,0.389959381381187,0.696566582821661,0.0253716168753485,0.628285732326649,0.0403822903655525,0.967788348972902,0.215630799302482,0.96877701041502,0.222580425613224,0.823862072392714
0,"",656632.370562508,1,0.536526760425725,0.617110441691616,0.728999401074016,0.0000044457322961436,0.00516659355078163,0.00243094134084195,0.43794761664765,0.139347888549572,50.3281102107993,3.14283640180061,0.00280369815984304,0.0243140661683202,0.0393382998771594,85928.8059057483,0.618076181335876,0.536526760425725,0.19458913647658,0.386726153353463,48.7501726215205,0.503170356566828,0.617110441691616,-0.171158192041733,0.491253026426729,49.8142268069847,-0.348411476030391,0.728999401074016,0.398185759853152,0.145321903540053,2.7400257645497,0.0061434368304432,0.461272047907987,0.145305781288677,3.17449205267053,0.00150099001119226,-0.0630862880548348,0.0825812165387772,-0.763930233762199,0.444908819198158,0.365747328518314,0.620065646085894,0.589852591942578,0.555289480057311,0.0234309444348469,0.630310956485813,0.0371736270704892,0.970346566622568,0.342316384083467,0.982506052853461,0.348411476030391,0.727531185189108
0,"",656689.482660746,1,0.894273317319468,0.48363882881512,0.690833074516234,0.000000205541698008014,0.010140011296278,0.00322601850474514,0.433290437560482,0.140602355954559,50.322920364169,3.08167266913021,0.0033345629679372,0.00522980569499193,0.0393516367605686,85930.1315266595,0.132899318186235,0.894273317319468,0.272586023061755,0.386172479411455,48.6384646143897,0.705865999247768,0.48363882881512,-0.18860051906764,0.471427100218686,49.4523025102274,-0.40006295560894,0.690833074516234,0.408581848052394,0.146409211485382,2.79068402805509,0.00525967906005693,0.434973011655476,0.14639250856496,2.97127917213374,0.00296562064059129,-0.0263911636030812,0.0817739469365266,-0.322733151471412,0.746897343235356,0.461186542129396,0.604167988201228,0.763341572436622,0.445259715156428,0.0839855039941155,0.614594525995526,0.136651890704811,0.891305958337272,0.37720103813528,0.942854200437375,0.40006295560894,0.689110148021345
0,"",656726.527595331,1,0.849887862551056,0.617253021759265,0.773759058942074,0.000000416844355917853,0.00513439071396996,0.00168237405476668,0.418009817475522,0.137701864903957,50.3316996848127,3.03561478827517,0.00379465050724405,-0.00744945914853472,0.0393605482408987,85931.6401971453,-0.189262077929955,0.849887862551056,0.195070191184107,0.387853119191941,49.0142934211818,0.502948620319257,0.617253021759265,-0.135761894960421,0.469705702258457,49.5735812657989,-0.289036080055331,0.773759058942074,0.41148617442838,0.143625605526024,2.86499174657141,0.00417020111123851,0.408055399107817,0.143608609876292,2.84144104910789,0.00449101541711338,0.00343077532056321,0.0817173332601107,0.0419834468856548,0.96651189395357,0.330832086144528,0.60389887544219,0.547826961761247,0.583810723656414,0.0593082962236862,0.614339585116992,0.0965399229684863,0.923091768039283,0.271523789920842,0.939411404516916,0.289036080055331,0.772553767414172
0,"",656880.682302329,1,0.519401120610119,0.724276253544267,0.991529389194725,0.00000483055648336804,0.00248806998351332,0.00000229655716707696,0.406184623748122,0.134565221878347,50.3449561744585,3.0184962955386,0.00398000226869019,-0.0253816886602621,0.0393959520533745,85928.7634664078,-0.644271488245148,0.519401120610119,0.133023182310661,0.37500646454806,50.446688667217,0.354722371175587,0.724276253544267,-0.00496491568193452,0.465306253495676,49.575570224012,-0.0106702105218551,0.991529389194725,0.425738214482613,0.140540156279336,3.02929942411918,0.00245121608988834,0.375394235866882,0.140521941395839,2.67142790754239,0.00755292947353008,0.0503439786157306,0.0815950577228788,0.616997892037944,0.537236116114661,0.137988097992596,0.592329083046433,0.232958505570761,0.815793627082428,0.128058266628727,0.602848051641051,0.212422129059108,0.83177772319933,0.00992983136386907,0.930612506991355,0.0106702105218551,0.991486565311639
0,"",657071.869488244,1,0.449058053510123,0.815380793018871,0.79565347027359,0.00000666898623310529,0.00106538896997562,0.00136326347222391,0.382675905073793,0.133624544002912,50.3396155037761,2.86381448804385,0.00608853225911102,-0.0298552588204271,0.0394394470245892,85924.5625053157,-0.756989792524559,0.449058053510123,0.0857980888935114,0.365587326482911,51.6418544338076,0.23468562140521,0.815380793018871,0.122680570889293,0.471174325936712,49.6610709279205,0.26037193483622,0.79565347027359,0.414088941122431,0.139638685052696,2.96543139865694,0.00302258748903451,0.344015292296585,0.1396199694146,2.4639404645265,0.0137418934951884,0.0700736488258453,0.0819047794622404,0.855550180171727,0.392246636900627,-0.0368824819957821,0.591102924511726,-0.0623960404632551,0.950247448070486,0.208478659782805,0.601594556198245,0.346543461264475,0.728934327835479,-0.245361141778587,0.942348651873426,-0.26037193483622,0.794576889313105
0,"",657225.393517409,0,0.64197426507998,0.937493047023909,0.709888183422628,0.0000025160679855527,0.000115896370889769,0.00279710137343704,0.355461209311928,0.133401519058074,48.4325601589491,2.66459641405721,0.0104399575500586,-0.0183533365552399,0.0394744758800059,85915.9601368859,-0.464941868032148,0.64197426507998,0.0287170916438817,0.364474853163148,53.5581535363267,0.0787903236523898,0.937493047023909,0.179243094469094,0.479085461677381,49.9038679016754,0.374135950278109,0.709888183422628,0.38017219770528,0.139474502924213,2.72574692674729,0.00641561681515536,0.328324417176388,0.13945591268826,2.35432410750719,0.0185564235027898,0.0518477805288925,0.0822869744087259,0.630084905921568,0.528639034663351,-0.150526002825212,0.596729274770272,-0.252251748304391,0.800846481598027,0.207960186112976,0.607160414544628,0.34251275467118,0.731965046990013,-0.358486188938188,0.958170923354765,-0.374135950278109,0.708303173274312
0,"",657408.590999509,0,0.62043216377248,0.874766809493879,0.585776541567768,0.0000028544934533106,0.000467838796042454,0.00596742483251716,0.345895029156512,0.133347389980902,49.1099652738232,2.59393925299964,0.0124713043081052,-0.0195701636196435,0.0395165447860269,85921.2712715151,-0.495239746430552,0.62043216377248,0.0601036197539398,0.379532752565541,53.5800698573314,0.158362142259542,0.874766809493879,0.271040283412943,0.494138478837946,50.1168766303754,0.548510781937772,0.585776541567768,0.374374363565698,0.139594544728732,2.68186958375203,0.00732119949631827,0.312338593363726,0.139577246870866,2.2377471999623,0.0252375453607035,0.0620357702019724,0.0829842725080135,0.74756057174547,0.454725254444373,-0.210936663659004,0.617901003847849,-0.341376146575972,0.732820430011784,0.331143903166883,0.628199206080631,0.527131998833472,0.598101926975426,-0.542080566825887,0.988276957675894,-0.548510781937772,0.583341227993501
0,"",657594.491674576,0,0.381548767585559,0.574899515208153,0.508579770418407,0.00000891152895767054,0.0058141392722362,0.00882954691859203,0.314258009643329,0.130984344873202,49.4327684170161,2.3992028203641,0.0202445068564905,-0.0346164997530464,0.0395594219575423,85923.1790760424,-0.875050696903483,0.381548767585559,0.214687103961038,0.380480383301049,54.4414302167228,0.564252753580651,0.574899515208153,0.330407358187888,0.496216894628636,49.7698413605953,0.665852698214077,0.508579770418407,0.35376209740897,0.137365018324074,2.5753434296814,0.0100140600184013,0.25661877133228,0.137347523898047,1.86839022684361,0.0617076983263902,0.0971433260766896,0.0831399421560854,1.1684314850053,0.242632761044308,-0.11572025422685,0.62012875673659,-0.186606818293389,0.851968920432312,0.545094462148928,0.630423177121477,0.86464851219119,0.38723173726043,-0.660814716375778,0.992433789257275,-0.665852698214077,0.505505257358442
0,"",657569.065401758,0,0.174306349952414,0.379256464760708,0.403710769782451,0.0000214785031318662,0.0140144607402889,0.0141513472645179,0.284540278628237,0.130757968824768,49.7023032520016,2.17608365429381,0.0343296052363067,-0.0537335026397717,0.0395533425501466,85923.2274762902,-1.35850725059828,0.174306349952414,0.334938146106758,0.377874692809599,55.2748743821826,0.886373584895046,0.379256464760708,0.41868647540319,0.497110013222314,49.4180154961792,0.842241081987515,0.403710769782451,0.34181099550141,0.137141085442941,2.49240404068132,0.0126881610458686,0.198976508325322,0.137123484628163,1.45107534909053,0.146758879879385,0.142834487176088,0.0831687279715205,1.71740617729537,0.0859049837830406,-0.0837483292964314,0.61926162115395,-0.135239011163605,0.892422903954655,0.75362462150995,0.629547728126678,1.19708893835974,0.231271890999675,-0.837372950806382,0.994220026444631,-0.842241081987515,0.399653022630223
