convergence_false,convergence_false_message,bic,singular,p_anova_condition,p_anova_pe,p_anova_interaction,effectsize_condition,effectsize_pe,effectsize_interaction,coef_intercept,se_intercept,df_intercept,t_intercept,p_intercept,coef_condition,se_condition,df_condition,t_condition,p_condition,coef_pe,se_pe,df_pe,t_pe,p_pe,coef_interaction,se_interaction,df_interaction,t_interaction,p_interaction,emmean_amc,emmean_se_amc,emmean_z_ratio_amc,emmean_p_amc,emmean_avc,emmean_se_avc,emmean_z_ratio_avc,emmean_p_avc,emmean_diff,emmean_se_diff,emmean_z_ratio_diff,emmean_p_diff,coef_amc,se_amc,z_ratio_amc,p_amc,coef_avc,se_avc,z_ratio_avc,p_avc,coeff_diff,se_diff,z_diff,p_diff
0,"",156653.272931138,0,0.555643153325591,0.120241593654725,0.774242966934057,1.82379509516507e-05,0.0490190600120004,0.00183808453517302,0.15693609820049,0.167049384923193,51.016250872789,0.939459299851045,0.351921925123583,-0.0630294014133919,0.106949928820311,19043.2645855,-0.58933560880895,0.555643153325591,1.99206826019893,1.25954170804857,48.5277503939387,1.58158181461516,0.120241593654725,-0.402644973096867,1.39539823079282,45.2151255622747,-0.288552016343104,0.774242966934057,0.219965499613882,0.198878989234748,1.10602683802986,0.26871490323207,0.0939066967870983,0.197824963532761,0.474695888274721,0.635003749054528,0.126058802826784,0.213899857640622,0.58933560880895,0.555636162180614,2.3947132332958,1.86555988053496,1.2836431884508,0.199266830949911,1.58942328710206,1.89389793963815,0.839233864632504,0.401338087348906,0.805289946193735,2.79079646158564,0.288552016343104,0.772924219521776
0,"",156635.292604831,0,0.688220006250662,0.358108140745242,0.887103303821518,8.45567358835814e-06,0.0174400761558433,0.000440169576288054,0.0891805982305506,0.175313107787937,50.9083149806903,0.508693270890078,0.613164842534919,-0.0428928594705068,0.106890649237126,19043.1455787115,-0.401277939432788,0.688220006250662,1.19150105709774,1.2842274405763,48.4970857934785,0.927795980253355,0.358108140745242,-0.193322066472367,1.35422130113659,46.2777621029327,-0.142755151104265,0.887103303821518,0.132073457701057,0.205838503594412,0.641636309022617,0.52110935206261,0.0462877387600438,0.204819685946472,0.225992626373525,0.821207155289967,0.0857857189410136,0.213781298474252,0.401277939432788,0.688215503699128,1.38482312357011,1.85211476010067,0.747698335655423,0.454642135290296,0.998178990625375,1.88042064937069,0.530827499133999,0.595538322171105,0.386644132944735,2.70844260227318,0.142755151104265,0.886483558436853
0,"",156709.211762222,0,0.809171957846579,0.262306475838978,0.975142929349385,3.06211120757101e-06,0.025808088071601,2.08716638828648e-05,0.0674333285851921,0.178282834833555,50.3487452408297,0.378237919809543,0.706843960903894,-0.0258644251184097,0.107100065450232,19046.0051943065,-0.24149775268278,0.809171957846579,1.4480447909461,1.27678323668912,48.5532532680701,1.13413518390255,0.262306475838978,-0.041063684809774,1.31088994760662,47.0129206642013,-0.0313250436352393,0.975142929349385,0.0932977537036018,0.208483123556248,0.447507463012613,0.654508700605252,0.0415689034667823,0.207473308219865,0.200357837947668,0.841200731311849,0.0517288502368194,0.214200130900464,0.24149775268278,0.809169358049265,1.48910847575588,1.81614473548089,0.819928305637814,0.412256979372848,1.40698110613633,1.84359270888067,0.763173503214046,0.445359928720155,0.0821273696195482,2.62177989521325,0.0313250436352393,0.9750103182728
0,"",156710.98765412,0,0.894726396439797,0.187087977740178,0.859266877533774,9.19254691499047e-07,0.0355539715260694,0.000683877325283969,0.0867314928368464,0.174383654905594,50.2694240444375,0.497360219246468,0.621103603012874,-0.0141740157183653,0.107112888700594,19048.7333364437,-0.132327826187052,0.894726396439797,1.70949717982,1.27753537268736,48.5714108387277,1.33812121086243,0.187087977740178,-0.228382182705378,1.28092545626404,46.4516788858231,-0.178294670926034,0.859266877533774,0.100905508555212,0.20516506740328,0.49182597131347,0.622842374941002,0.0725574771184812,0.204139548264039,0.355430771428149,0.722266899565689,0.0283480314367305,0.214225777401188,0.132327826187052,0.894724998788486,1.93787936252538,1.79562454371056,1.07922303095772,0.280488315099286,1.48111499711462,1.82248890366159,0.812688074061189,0.416396920552048,0.456764365410756,2.56185091252809,0.178294670926034,0.858491563748484
0,"",156770.913248726,0,0.871393746815194,0.31097612256187,0.888151598314259,1.37613773168291e-06,0.0218543881181486,0.000430130968594667,0.136145102804372,0.170993470846289,50.447825800144,0.796200592517108,0.429646374103804,-0.017367225525303,0.107277561619632,19044.9834802706,-0.161890569314773,0.871393746815194,1.35286540328203,1.32086439255652,46.9523761025271,1.02422732485322,0.31097612256187,-0.186835822616968,1.32116759826233,46.4747340498951,-0.141417200105955,0.888151598314259,0.153512328329675,0.202380306397834,0.758533925864823,0.448131411165212,0.118777877279069,0.201337269725573,0.589944809726317,0.55522765112578,0.0347344510506059,0.214555123239265,0.161890569314773,0.871392029450097,1.539701225899,1.85397331580645,0.830487263636401,0.406263345885645,1.16602958066507,1.8823166781181,0.619465148569388,0.535609974336714,0.373671645233937,2.64233519652467,0.141417200105955,0.887540367099844
0,"",156808.977795915,0,0.583392661215854,0.394809821510503,0.867657588975328,1.57951275513596e-05,0.0160405221784827,0.000613791722852139,0.137818191010937,0.172260347832243,50.6003927413275,0.800057545135991,0.427417687928799,-0.0588944481282675,0.107384376223112,19043.0504745101,-0.548445222663517,0.583392661215854,1.10466015386016,1.28583002396955,45.2740102147981,0.859102784402172,0.394809821510503,-0.225709174635633,1.346924015349,45.72193025545,-0.167573799311277,0.867657588975328,0.196712639139204,0.203509183571233,0.966603254394907,0.333742407087748,0.0789237428826691,0.202469937488001,0.389804747617638,0.696680932846724,0.117788896256535,0.214768752446224,0.548445222663517,0.583386231898853,1.33036932849579,1.848009170485,0.719893250392605,0.471590724086666,0.878950979224525,1.87616321601671,0.468483217089517,0.639439070044581,0.451418349271267,2.693848030698,0.167573799311277,0.866918584812612
0,"",156794.010497291,0,0.440323637673687,0.318558360420906,0.64020119459284,3.12657838328362e-05,0.0225461383363902,0.00480358707303774,0.173611432286682,0.180743405167129,50.3098603486892,0.960540895675546,0.341376947078625,-0.0828298919738736,0.107339465948081,19044.6251882115,-0.771662978218443,0.440323637673687,1.24997338922646,1.23903667031932,44.122215796422,1.00882679194985,0.318558360420906,-0.618226695333781,1.31387466020629,45.8702143277535,-0.470537041361854,0.64020119459284,0.256441324260556,0.210715071448285,1.21700513635776,0.223602261611321,0.0907815403128086,0.209711796490804,0.43288714241113,0.665096761304514,0.165659783947747,0.214678931896163,0.771662978218443,0.440314063213995,1.86820008456025,1.79258341168722,1.04218307074585,0.297326810368338,0.631746693892684,1.81923107339344,0.347260281078136,0.728395787349032,1.23645339066756,2.62774932041259,0.470537041361854,0.637971376452614
0,"",156753.650684183,0,0.943065505104847,0.232310612911154,0.609534179166392,2.67851253800255e-07,0.0310482409727598,0.0056809736592335,0.259013469734419,0.18487529019384,49.8217297850107,1.40101724499173,0.167407185638785,-0.00765717822407631,0.107215742257707,19042.6154865984,-0.0714184135914604,0.943065505104847,1.53674119769621,1.26951988844212,45.7285684174596,1.21049005351308,0.232310612911154,-0.684361066654287,1.33083224897625,46.283578594035,-0.514235409594813,0.609534179166392,0.266670647958495,0.214207334928174,1.24491837801872,0.21316175468092,0.251356291510343,0.213221467697847,1.17885077062942,0.238457603544937,0.0153143564481526,0.214431484515413,0.0714184135914604,0.943064755102264,2.2211022643505,1.82536476191057,1.21679913554687,0.223680649022996,0.852380131041927,1.85300672694562,0.45999840078667,0.645517368385393,1.36872213330858,2.6616644979525,0.514235409594813,0.607087413906042
0,"",156765.060476611,0,0.86629459109275,0.177555997000386,0.599029243555742,1.48862208420397e-06,0.038448384092766,0.00595474933194755,0.245317879356137,0.178061247836174,49.7281960013228,1.37771627649067,0.174459772854613,0.0180581879723096,0.107253484234932,19043.221352334,0.168369243210358,0.86629459109275,1.77408017200973,1.29598825132022,46.8639472093405,1.36890143116844,0.177555997000386,-0.705651109434814,1.33291918278654,46.7859111045313,-0.529402771411551,0.599029243555742,0.227259691383827,0.208374179287179,1.09063268856656,0.275434539876966,0.263376067328446,0.207360645083419,1.27013526227454,0.204036452827173,-0.0361163759446192,0.214506968469865,-0.168369243210358,0.866292803025021,2.47973128144455,1.8449749841425,1.34404601837844,0.178933506418662,1.06842906257492,1.87312185900682,0.570400189094709,0.568406301351134,1.41130221886963,2.66583836557308,0.529402771411551,0.596526076054365
0,"",156747.202864648,0,0.854560770221619,0.165768015395221,0.583468077736099,1.76411095038126e-06,0.0410643906690929,0.00613778229090982,0.249925482966785,0.169454619818095,50.1356635265461,1.47488149473336,0.146496921508185,0.0196534647591076,0.107217367068381,19046.7688212327,0.183304862789375,0.854560770221619,1.7713936550255,1.2579651962669,46.3038370465162,1.40814202195914,0.165768015395221,-0.739261278112656,1.33933968967685,49.3320475171572,-0.55195950945874,0.583468077736099,0.230272018207677,0.201048631781837,1.14535481374253,0.252062208317365,0.269578947725892,0.200000779038966,1.34788948833729,0.177693929478559,-0.0393069295182152,0.214434734136762,-0.183304862789375,0.854558819091126,2.51065493313816,1.82366512249055,1.37670831238434,0.168602447746018,1.03213237691285,1.85117800325537,0.557554365435305,0.577148725602397,1.47852255622531,2.67867937935371,0.55195950945874,0.580976094957084
0,"",156760.193803237,0,0.86535421872226,0.106423587104982,0.662475179819503,1.50982127328059e-06,0.0569660975636727,0.00382075264583082,0.264519219711185,0.168465769732012,50.2654292037733,1.57016597574671,0.122650767665259,0.0181854106971368,0.107247566295541,19043.4284959451,0.169564786645354,0.86535421872226,2.11649984919165,1.28464299546196,44.934758713358,1.64753932156112,0.106423587104982,-0.608720805732857,1.38631128430845,50.2693584714422,-0.439093883619734,0.662475179819503,0.246333809014048,0.200232553822181,1.23023856167169,0.218607783568967,0.282704630408322,0.199179407784235,1.41934667621146,0.155797970311288,-0.0363708213942735,0.214495132591081,-0.169564786645354,0.865352417633945,2.72522065492451,1.8756268043567,1.45296529597166,0.146233389802881,1.5077790434588,1.90429968659336,0.791776133805963,0.428491220687625,1.21744161146572,2.7726225686169,0.439093883619734,0.660593510771461
0,"",156760.198751374,0,0.719115965233904,0.079393973196491,0.631869310450894,6.7935557958809e-06,0.0676391365836815,0.00461029479173643,0.295994733538771,0.172337680703851,50.1755711969359,1.71752766040419,0.0920496962686716,0.0385664893931042,0.10723462333569,19039.2596910728,0.359645869901316,0.719115965233904,2.38521063301705,1.32851684740315,44.4329677234469,1.79539359073949,0.079393973196491,-0.683101880262377,1.41708722874219,50.1697852663056,-0.482046458684622,0.631869310450894,0.257428244145667,0.203494674504126,1.26503676213132,0.205858149969385,0.334561222931875,0.202457399748983,1.65250182678767,0.0984322930410835,-0.0771329787862083,0.21446924667138,-0.359645869901316,0.719111976439273,3.06831251327944,1.92753798310636,1.59182985765844,0.111422939404519,1.70210875275468,1.95723881503478,0.869647965122967,0.384492816806295,1.36620376052476,2.83417445748438,0.482046458684622,0.629772943256727
0,"",156783.238353713,0,0.515079637686314,0.0649846128917865,0.688720114994032,2.2253654388563e-05,0.0768440997267475,0.00315613843088614,0.321070463079755,0.176886188268855,50.2640276659423,1.81512455111391,0.0754733808276231,0.0698475183968791,0.107299113672209,19041.3917738534,0.650960814180237,0.515079637686314,2.50497398941586,1.32275450525643,43.0836476487512,1.89375577967149,0.0649846128917865,-0.553544877419798,1.374008229876,51.2623013781697,-0.4028686767544,0.688720114994032,0.251222944682876,0.207395137802969,1.21132514167976,0.225770816700295,0.390917981476634,0.206375637142421,1.89420605498536,0.0581976647366001,-0.139695036793758,0.214598227344418,-0.650960814180237,0.515071782622523,3.05851886683567,1.89261292763911,1.61602978726925,0.106087873136681,1.95142911199607,1.92176286258728,1.01543699797011,0.309897564256397,1.1070897548396,2.748016459752,0.4028686767544,0.687044835472724
0,"",156845.620921689,0,0.475920124316352,0.0877168822304887,0.871332231611096,2.66836382522198e-05,0.0668774368827511,0.000515662567681883,0.25396567917831,0.179715382736653,50.5646771144974,1.41315493037377,0.163736688940716,0.0766217603029598,0.107479887494714,19045.5365048692,0.712893938475028,0.475920124316352,2.2485542147183,1.28657372499237,42.6183313565338,1.74770724058712,0.0877168822304887,0.216788219612982,1.33180487597273,51.3571059120361,0.162777763863226,0.871332231611096,0.17734391887535,0.209907418988782,0.844867321649206,0.39818492159133,0.33058743948127,0.20889702120802,1.58253783404633,0.113526842398601,-0.15324352060592,0.214959774989429,-0.712893938475028,0.475911390312763,2.03176599510532,1.8377329885779,1.10558280649768,0.268907135058895,2.46534243433128,1.86566069200793,1.32143130039254,0.186357595186687,-0.433576439225965,2.66360975194546,-0.162777763863226,0.870693416607209
0,"",156863.674901852,0,0.589390468325413,0.074131592272196,0.783854525789433,1.52956490829871e-05,0.0724791896750042,0.00154929448516664,0.163395181046953,0.183867374016496,50.6990122598059,0.888657826985087,0.378383992195208,0.058035787331063,0.107527706904302,19044.8009696246,0.539728680187644,0.589390468325413,2.28914889203836,1.25056149235724,42.8793617502136,1.83049686563068,0.074131592272196,0.371698710379492,1.3476698891452,49.0238835112252,0.275808425619165,0.783854525789433,0.10535939371589,0.213497624953861,0.493492111393086,0.621664912421465,0.221430968378016,0.21250318138489,1.04201248628347,0.297405889997749,-0.116071574662126,0.215055413808605,-0.539728680187644,0.5893841580478,1.91745018165887,1.8247300276351,1.05081308063086,0.293344446889477,2.66084760241785,1.85218699887394,1.43659771072551,0.150832334476471,-0.743397420758985,2.6953397782904,-0.275808425619165,0.78269521192889
0,"",156821.760408093,0,0.673025443330661,0.095210703219639,0.937494378687147,9.35225995406989e-06,0.0622153510854914,0.000128423170039523,0.160169210966831,0.186336935402807,50.1710037080048,0.859567699879743,0.394116077233732,0.0453253026854731,0.107404417819688,19042.1728809259,0.422005943568968,0.673025443330661,2.09162069774423,1.22651907099918,43.8351819746929,1.70533075856726,0.095210703219639,0.109302953735797,1.38659615333627,48.3798649021049,0.0788282539748901,0.937494378687147,0.114843908281358,0.215565642561066,0.532756087273159,0.594202435183196,0.205494513652304,0.214582801436244,0.957646709227812,0.338240937314906,-0.0906506053709461,0.214808835639376,-0.422005943568968,0.673020679180969,1.98231774400844,1.83741853736914,1.07886020723769,0.280650050284241,2.20092365148003,1.86490990840725,1.1801769305627,0.237929852328879,-0.218605907471595,2.77319230667255,-0.0788282539748901,0.937169230546079
0,"",156951.440878782,0,0.482911798212866,0.14325934250262,0.995424430899146,2.58527686447576e-05,0.0464499262587468,7.05290207574462e-07,0.0592334912520807,0.19153891691463,49.8631468901858,0.30925042391506,0.758419617591336,0.0756128646060455,0.107765780593479,19041.9463719586,0.701640763790106,0.482911798212866,1.83275222511682,1.23048071547594,45.5424471212324,1.48946034022803,0.14325934250262,0.00792302826166375,1.37429488653369,47.1253282885974,0.00576515880201488,0.995424430899146,-0.0163793733539648,0.220257920041036,-0.074364514796622,0.940720343684774,0.134846355858126,0.219289053485802,0.614925157980385,0.538604147515352,-0.151225729212091,0.215531561186958,-0.701640763790106,0.482903223220357,1.82482919685516,1.83092890076401,0.996668519511437,0.318925434928563,1.84067525337849,1.85828894765287,0.990521552476204,0.32191926005008,-0.0158460565233275,2.74858977306739,-0.00576515880201488,0.99540009428253
0,"",157050.726339427,0,0.359773794271873,0.0599023946493009,0.862281524641612,4.40405760864453e-05,0.0746400095272608,0.000642201342575705,-0.0341672284176286,0.1886812347649,50.5016730300392,-0.181084401213515,0.857026131107852,0.098955509058782,0.108051463766785,19043.4893369218,0.915818311100019,0.359773794271873,2.36920926604132,1.22823573588337,46.1298899608778,1.92895321054744,0.0599023946493009,0.239190079007113,1.3713689122574,47.3399201389627,0.174417020007682,0.862281524641612,-0.133122737476411,0.217921213598409,-0.610875532850752,0.541281983822258,0.0647882806411534,0.216937315860829,0.298649775323656,0.765207282409811,-0.197911018117564,0.21610292753357,-0.915818311100019,0.359762197758193,2.13001918703421,1.8273346283617,1.16564265459353,0.243758954478997,2.60839934504843,1.85452947908742,1.40650195883216,0.159575123348346,-0.478380158014226,2.74273782451481,-0.174417020007682,0.861537739296401
0,"",157081.013343473,0,0.351394740001464,0.0150409943028405,0.98179812308021,4.55980040418359e-05,0.12181288269179,1.10308333030044e-05,-0.0986842333917986,0.184350729997346,50.6825558278058,-0.535306984643996,0.594778779303383,0.100780297863619,0.108143784650512,19045.0672489782,0.931910217395394,0.351394740001464,3.06862663264561,1.21478466504536,46.0027017977901,2.52606632347555,0.0150409943028405,-0.0315327189972996,1.3748953829522,47.6837521408728,-0.0229346315278127,0.98179812308021,-0.199464531255418,0.214229690222422,-0.931077905440304,0.351813266738632,0.00209606447182077,0.213227998737,0.00983015590933769,0.992156796687216,-0.201560595727239,0.216287569301024,-0.931910217395394,0.35138292683634,3.10015935164291,1.82119412444457,1.70226738052342,0.0887052566968312,3.03709391364831,1.84806118785982,1.64339467415874,0.100301301335709,0.0630654379945992,2.7497907659044,0.0229346315278127,0.981702415690378
0,"",157098.255739982,0,0.810747624785725,0.0284972554042011,0.648723924206371,3.01151992982876e-06,0.0977566210627699,0.00432096696522641,-0.0975141767175685,0.186578285201617,50.3228766059964,-0.522644833037212,0.6035149492071,0.025905347587522,0.108180108125762,19041.3166754694,0.239464981467817,0.810747624785725,2.88579390323029,1.27702401864045,47.131364541731,2.25978044352101,0.0284972554042011,-0.646953302166775,1.41136318658058,48.4179851732505,-0.458388959211978,0.648723924206371,-0.12341952430509,0.216168824080288,-0.570940443563919,0.568040014562517,-0.0716088291300465,0.215173939178286,-0.332795083844768,0.739288969448901,-0.0518106951750439,0.216360216251524,-0.239464981467817,0.810745047359488,3.53274720539707,1.88891366412078,1.87025340146578,0.0614486371894978,2.23884060106352,1.91767514108538,1.16747646830128,0.243018005948505,1.29390660433355,2.82272637316117,0.458388959211978,0.646673022382655
0,"",157215.916576872,0,0.716466476065857,0.0416980794537178,0.484348949049253,6.92818949719633e-06,0.0841047366066418,0.0101242675084956,-0.083471035814251,0.19087737014444,50.3654825443227,-0.437301895720204,0.663761857151625,-0.0394075417091267,0.108503722994452,19039.1099120544,-0.363190687117175,0.716466476065857,2.83067226118803,1.35248754293896,47.7021538461079,2.09293776934682,0.0416980794537178,-0.984946419992441,1.39763532980066,48.5573007656335,-0.704723470415505,0.484348949049253,-0.0440634941051242,0.220053089622481,-0.200240288290061,0.841292659678618,-0.122878577523378,0.21906869794982,-0.560913442556382,0.574856545637562,0.0788150834182534,0.217007445988904,0.363190687117175,0.716462443954227,3.81561868118048,1.92993377252392,1.97707234077287,0.0480334537251547,1.8457258411956,1.95973716898358,0.941823153843065,0.34628318881836,1.96989283998489,2.79527065960133,0.704723470415505,0.480982342310868
0,"",157254.080456948,0,0.752330207286796,0.0460315908151517,0.530747152955656,5.23124493100329e-06,0.0804366794086135,0.00844204922268159,-0.0498437108899337,0.188438990702193,50.2639387660288,-0.264508479398015,0.792469752179691,-0.0342745917418802,0.108610711439153,19036.7119045423,-0.315572849930938,0.752330207286796,2.83736256071602,1.38526720481542,47.9612030600961,2.04824206539566,0.0460315908151517,-0.891012006144577,1.41082149218898,46.8482313107952,-0.631555452676097,0.530747152955656,-0.0155691191480535,0.217995592769889,-0.0714194216049492,0.943063952872427,-0.0841183026318139,0.217000002869274,-0.387641942486465,0.698281025624058,0.0685491834837604,0.217221422878306,0.315572849930938,0.752326747979845,3.7283745668606,1.96198413676345,1.90030821197721,0.0573926843133002,1.94635055457144,1.99233111460107,0.97692122574774,0.328608152647109,1.78202401228916,2.82164298437796,0.631555452676097,0.527677403379594
0,"",157272.686997288,0,0.363528732748041,0.0481562270868363,0.62201294048909,4.33804854658587e-05,0.0786668084675126,0.00523894259745318,-0.0532824270714318,0.181898756910673,50.3300288918174,-0.292923536017333,0.77078493585453,-0.0987369395722859,0.108659331693271,19033.2089883276,-0.908683479215626,0.363528732748041,2.86629705707952,1.41364794394572,48.1487536657809,2.02758902551029,0.0481562270868363,-0.742829314487737,1.49675828967524,46.768114285118,-0.496292099807855,0.62201294048909,0.0454545125008541,0.212392510557675,0.214011842420927,0.830537822209232,-0.152019366643718,0.211370380418735,-0.719208464036255,0.472012485094283,0.197473879144572,0.217318663386541,0.908683479215626,0.363517227223472,3.60912637156726,2.04307482484573,1.76651698101159,0.0773091552480489,2.12346774259178,2.07441968616493,1.02364423012082,0.306003345974147,1.48565862897548,2.99351657935048,0.496292099807855,0.619688339332227
0,"",157167.300423839,0,0.190027966656458,0.0797782025580448,0.776429178342235,9.02165215127797e-05,0.0623354683821018,0.00173675122525336,-0.0522745379999365,0.17021959068356,50.74281482652,-0.307100597469509,0.760023616542431,-0.142032276449478,0.10837664978673,19036.0743370694,-1.3105431541663,0.190027966656458,2.48644824099263,1.38926500251682,48.1837855346162,1.78975806378778,0.0797782025580448,-0.425925990884287,1.49124690726287,46.8896122878296,-0.285617350694835,0.776429178342235,0.0897577384495413,0.202324454166593,0.443632673169776,0.65730817933082,-0.194306814449414,0.201259111071124,-0.965455990614744,0.334316468908736,0.284064552898956,0.21675329957346,1.3105431541663,0.190012155418617,2.91237423187692,2.02253039166913,1.43996562122037,0.149877125751353,2.06052225010835,2.05356275434987,1.00338898616258,0.315673216072059,0.851851981768575,2.98249381452575,0.285617350694835,0.775171212882126
0,"",157006.417169093,0,0.58787275930049,0.102108329282313,0.959483940031337,1.54271988150597e-05,0.0556101079189082,5.59590595302824e-05,0.0190888492630659,0.167439163511807,50.8468460469994,0.114004686016721,0.909683051772548,-0.058489141730009,0.10792739422326,19036.7732661885,-0.54193045381062,0.58787275930049,2.23958057819458,1.34336253371065,47.200273384133,1.66714533269615,0.102108329282313,0.0762769354579631,1.49342792262417,46.6147359042952,0.0510750698459779,0.959483940031337,0.0775779909930748,0.199742964219527,0.388389104448321,0.69772810603498,-0.0394002924669431,0.198673450786737,-0.198316847625689,0.842797170967539,0.116978283460018,0.21585478844652,0.54193045381062,0.587866416475881,2.16330364273663,1.9934197740325,1.08522232543147,0.277823198480356,2.31585751365255,2.02390150911509,1.1442540574344,0.252518290418903,-0.152553870915926,2.98685584524835,-0.0510750698459778,0.959265701438729
0,"",157019.389876668,0,0.903511981262675,0.12340196934153,0.740150355040981,7.72002842044736e-07,0.05129375186478,0.00235469070750091,0.0124763288994493,0.167417151270632,50.3786035710301,0.0745224058870834,0.940889841529036,0.0130883809494186,0.107965286025639,19036.3788993597,0.121227678184545,0.903511981262675,2.12800828991623,1.35567465211036,45.572512582603,1.56970426982874,0.12340196934153,0.491235138883692,1.47246849184141,47.1551493039767,0.33361334494117,0.740150355040981,-0.000612052049969324,0.199745391233158,-0.00306416106119259,0.997555157023267,0.0255647098488678,0.19867508583981,0.128675972333443,0.897614048625795,-0.0261767618988372,0.215930572051278,-0.121227678184545,0.903510701765238,1.63677315103254,1.98619417573719,0.824075093476219,0.409896891063281,2.61924342879993,2.01669708681008,1.29877880318801,0.194019851034917,-0.982470277767386,2.94493698368282,-0.33361334494117,0.738671346860368
0,"",157074.010990422,0,0.952146887445853,0.16756964860518,0.661159171171392,1.89185754069062e-07,0.0421763046936015,0.00411300156360419,0.00185327180403473,0.16084331376664,50.1138835950912,0.011522218490994,0.990852551512437,-0.00648889404680472,0.108127016431054,19036.3821289907,-0.0600117737544554,0.952146887445853,1.93484539827939,1.37922180687426,44.6931904520683,1.40285296290692,0.16756964860518,0.647579984254825,1.46810613159939,47.1110861129417,0.441098889457902,0.661159171171392,0.00834216585083945,0.194359441451109,0.0429213306467435,0.965764245020218,-0.00463562224276999,0.193257481227101,-0.0239867673599791,0.980863163788485,0.0129777880936094,0.216254032862109,0.0600117737544554,0.952146257492361,1.28726541402456,1.99891841210545,0.643980968021948,0.51958777549124,2.58242538253422,2.02965563437256,1.2723465689452,0.203250009302849,-1.29515996850965,2.93621226319878,-0.441098889457902,0.65914140745257
0,"",157158.301708047,0,0.976795319137114,0.321603961587739,0.685042799092956,4.44497291414214e-08,0.0218614385834947,0.00345340217278679,0.0199465874697384,0.158182797605394,50.4533428829076,0.126098335417594,0.900155252175741,-0.00315178309620244,0.108356218251684,19034.2525431988,-0.0290872378812782,0.976795319137114,1.44347815721278,1.44028284992689,44.9413896877362,1.00221852762189,0.321603961587739,0.625873288404021,1.53378026000748,48.050398999048,0.408059292926986,0.685042799092956,0.0230983705659408,0.192294680888162,0.120119654164406,0.904388363345983,0.016794804373536,0.191176595550479,0.0878496885310491,0.92999614465793,0.00630356619240488,0.216712436503369,0.0290872378812782,0.976795014187957,0.817604868808765,2.08811650866571,0.391551364790085,0.695389729331828,2.06935144561681,2.11980248933763,0.976200120542085,0.328965303523388,-1.25174657680804,3.06756052001496,-0.408059292926986,0.683230144718421
0,"",157179.88672751,0,0.779456278271164,0.295627101531891,0.825009632894952,4.11977100056019e-06,0.0234880324126967,0.00101530514169204,0.0101475250297286,0.161102126120106,50.5777576873339,0.0629881508960556,0.950024215141148,0.0303586305737864,0.108411432586305,19034.4057406532,0.280031633652827,0.779456278271164,1.55295624121258,1.46815525567971,46.5163255417315,1.05776023019691,0.295627101531891,0.339587870533524,1.52759453238736,48.6239680965331,0.222302360563446,0.825009632894952,-0.0202111055440579,0.194734913586804,-0.103787786030719,0.917337759454983,0.040506155603515,0.193628977536955,0.209194698638452,0.834296250746782,-0.0607172611475729,0.216822865172611,-0.280031633652827,0.779453235259356,1.21336837067906,2.10273909139717,0.577041809724873,0.563911212086835,1.89254411174611,2.13460491281869,0.886601590945957,0.375293437022877,-0.679175741067049,3.05518906477473,-0.222302360563446,0.824078514614085
0,"",157212.949236731,0,0.329166095041637,0.217310885173626,0.908698628398931,5.00215645554728e-05,0.0319049855401655,0.000268332324987472,0.0359347392353486,0.169630361923473,49.6478439487261,0.211841434681135,0.833098009769544,0.105876004539781,0.108499528086851,19035.3292608354,0.975819954304593,0.329166095041637,1.83509159691134,1.4676825699009,47.436282994873,1.25033275896657,0.217310885173626,0.171183159283017,1.48508214877587,49.5030063262386,0.115268478194368,0.908698628398931,-0.0699412653044324,0.201896268924891,-0.346421782219521,0.729025757532859,0.14181074377513,0.200826071905327,0.706137118700313,0.480102870305906,-0.211752009079562,0.216999056173702,-0.975819954304593,0.329153694501598,1.66390843762833,2.07206860503246,0.803018024397053,0.42196431668867,2.00627475619436,2.10372382342506,0.953677823036656,0.340246749193831,-0.342366318566034,2.97016429755174,-0.115268478194368,0.908232322546951
0,"",157209.815088204,0,0.240950137210374,0.236354180173118,0.743556222187986,7.22237322241037e-05,0.0292862644867049,0.00217784530392868,0.0514210605809371,0.177200256542988,49.6855087291433,0.290186152007419,0.772881536945814,0.127223156330565,0.108491843503136,19038.2427273927,1.17265180701706,0.240950137210374,1.69500323284155,1.41337487476269,47.6709188552428,1.19925949095858,0.236354180173118,-0.474328617745323,1.44181573169684,49.5867049782452,-0.328980054328507,0.743556222187986,-0.0758020957496275,0.208293388810237,-0.36391983529869,0.71591787237502,0.178644216911502,0.207255123529351,0.86195319985034,0.388713271916506,-0.254446312661129,0.216983687006272,-1.17265180701706,0.240935464901248,2.16933185058688,2.00350678205058,1.08276741063316,0.278911674215706,1.22067461509623,2.03442445321405,0.600009802854939,0.548499702414472,0.948657235490648,2.88363146339369,0.328980054328507,0.742170764026266
0,"",157191.28437698,0,0.390772444186746,0.181278838173566,0.70647018530476,3.86820869684778e-05,0.0370396907738803,0.00285363618619879,0.0213118823917191,0.172503774341871,50.1081096915097,0.123544441117462,0.902170223566486,0.0930756247412534,0.108449800070858,19040.9105024828,0.858236941704278,0.390772444186746,1.86608385575256,1.37557090866201,47.8450905489598,1.35658863094718,0.181278838173566,-0.543724291637607,1.43556113174027,50.1273096289144,-0.378753840303876,0.70647018530476,-0.0717637423495343,0.20428958272891,-0.351284394392072,0.725375001344538,0.114387507132973,0.20323284425419,0.562839670687796,0.573544064080294,-0.186151249482507,0.216899600141716,-0.858236941704278,0.390761641229552,2.40980814739018,1.97293410443381,1.22143367179602,0.221921864744422,1.32235956411496,2.00339541653746,0.660059194105794,0.509215843592823,1.08744858327522,2.87112226348055,0.378753840303876,0.704870667978404
0,"",157165.095604713,0,0.656289648975342,0.149732411965431,0.670345032547774,1.04015768268061e-05,0.0419808058019554,0.00366198865109293,0.0300888280888049,0.167519855416917,50.4102343803815,0.179613503210834,0.858176040860286,0.0482357428725999,0.108383076560526,19041.9444935477,0.445048658917363,0.656289648975342,1.95213895656416,1.33388397671294,48.8774775869064,1.46349981755892,0.149732411965431,-0.626312138206889,1.46264585027544,49.8876441752935,-0.428204912411946,0.670345032547774,-0.018146914783795,0.200061462256075,-0.0907066987272506,0.927725647762681,0.0783245709614047,0.198984918542135,0.393620639871858,0.693861140533519,-0.0964714857451998,0.216766153121052,-0.445048658917363,0.65628459021039,2.57845109477106,1.96441008573159,1.31258290389544,0.18932353350064,1.32582681835728,1.9945555164986,0.664722945734163,0.506227714803059,1.25262427641378,2.92529170055088,0.428204912411946,0.668501940121925
0,"",157103.73524182,0,0.902285880256739,0.213011208257999,0.480760650213244,7.91613678479052e-07,0.0319584268700836,0.0100403101453027,0.0255850339762736,0.169372061357563,50.6206117033454,0.151058171998396,0.880530204081491,0.0132857693590985,0.10821156978282,19041.9924893782,0.122775867550604,0.902285880256739,1.64620857244037,1.3044301662228,48.2432620550123,1.26201357118814,0.213011208257999,-1.02292234090309,1.43988587327464,49.7621995515,-0.710419040765175,0.480760650213244,0.0122992646171752,0.201521164548418,0.0610321235724109,0.95133362582171,0.0388708033353721,0.20045572639811,0.193912162220667,0.846244660380251,-0.0265715387181969,0.21642313956564,-0.122775867550604,0.902284584563419,2.66913091334347,1.92807832627345,1.38434776065468,0.166251996322152,0.623286231537282,1.95758339310753,0.318395749438728,0.75018476210734,2.04584468180619,2.87977174654928,0.710419040765175,0.477444319041741
0,"",157102.862346214,0,0.894926173636277,0.225347735429293,0.685849117730665,9.16043599992246e-07,0.0303252754693509,0.00334980374191243,0.0546625966956135,0.173340596879391,50.8043288076846,0.315347920104644,0.753789224454081,-0.0142917372364881,0.108209055720656,19042.6019113288,-0.132075242144082,0.894926173636277,1.61566384927862,1.31551888061485,48.2313219114224,1.2281570968586,0.225347735429293,-0.562486178083837,1.38239274234465,49.2588437211595,-0.406893179379554,0.685849117730665,0.0689543339321016,0.204866877960495,0.336581172215639,0.736432651287082,0.0403708594591254,0.203818269170452,0.198072820574114,0.842988089562938,0.0285834744729762,0.216418111441311,0.132075242144082,0.894924778248601,2.17815002736246,1.89371110071297,1.15020185842624,0.250060740981836,1.05317767119478,1.92277338907089,0.547738842851206,0.583871236930414,1.12497235616768,2.76478548468931,0.406893179379554,0.684086445678113
0,"",157101.404794371,0,0.819878723618204,0.168415403868007,0.859627314492532,2.72256065764725e-06,0.0390110465037938,0.00063628055427993,0.105755955716501,0.171708996867284,50.9612920389043,0.615902239521212,0.540700307781966,0.0246398639509729,0.108210010994523,19044.2108823603,0.227704107268043,0.819878723618204,1.82163414220072,1.30270877260723,48.1679800400275,1.39834334465632,0.168415403868007,-0.242953842508098,1.36667697745458,49.6353073554717,-0.17776976309398,0.859627314492532,0.0811160917655283,0.203488458773018,0.398627481158573,0.690167709425309,0.130395819667474,0.202433246566342,0.64414231298089,0.519483154352403,-0.0492797279019459,0.216420021989046,-0.227704107268043,0.819876279177234,2.06458798470883,1.87371360714447,1.10186955831273,0.270518384687838,1.57868029969263,1.90234316890149,0.829860944912606,0.406617408404878,0.485907685016198,2.73335395490917,0.17776976309398,0.858903794632415
0,"",156952.799066873,0,0.559502940086161,0.178366575101355,0.927119251721782,1.78834966938622e-05,0.0375488094653867,0.000168522050218347,0.145588322403383,0.167904663029213,50.7944493609523,0.867089214657799,0.389970938002289,0.062904161087569,0.107788233693116,19043.8974234951,0.583590239233937,0.559502940086161,1.80266245821681,1.31978099997084,47.8197859046619,1.36587998937448,0.178366575101355,-0.128171659096739,1.39421736491789,50.141013543506,-0.0919309013944805,0.927119251721782,0.0826841613158137,0.200056821015741,0.413303384988348,0.679384350136187,0.208492483490952,0.198992026836118,1.04774290108949,0.294757075989891,-0.125808322175138,0.215576467386232,-0.583590239233937,0.559496028704125,1.93083411731355,1.90510350727069,1.01350614806212,0.31081846100077,1.67449079912008,1.93440133468475,0.865637739746994,0.386688852692741,0.256343318193478,2.78843472983578,0.0919309013944805,0.926752939649258
0,"",157130.090375004,0,0.835769684365079,0.286500184659895,0.969383617788848,2.25710911849833e-06,0.0237537363873347,3.00168927238837e-05,0.134790951969358,0.165665129712269,50.484347735618,0.813635025086243,0.419675100375408,0.0224481798680473,0.108282951226083,19040.9478604178,0.207310380940559,0.835769684365079,1.47620642591638,1.36953917233035,47.7499276388636,1.07788550757882,0.286500184659895,0.0560661303256886,1.45340580402333,49.5733895552025,0.0385756890267577,0.969383617788848,0.11234277210131,0.198455316926352,0.566085977646048,0.571335335078174,0.157239131837405,0.197372117182969,0.796663348813553,0.425646575360958,-0.0448963597360947,0.216565902452167,-0.207310380940559,0.835767467434327,1.42014029559069,1.98168078618089,0.716634235692218,0.473599814203489,1.53227255624207,2.01221102598946,0.761487009290496,0.446366235183117,-0.112132260651377,2.90681160804666,-0.0385756890267577,0.969228685208179
0,"",157202.566786213,0,0.999898873837826,0.281245457303207,0.962619922420584,8.43803208589182e-13,0.0248676939123387,4.59010951161242e-05,0.134084869849721,0.167881663885117,50.0586320746964,0.798686805614915,0.428245209105776,-1.37495905577211e-05,0.108482727871825,19037.8177239813,-0.000126744513412001,0.999898873837826,1.48646869473937,1.36352660745487,46.6028344857887,1.0901647878467,0.281245457303207,0.070389215046748,1.49415801558172,48.3477429179569,0.0471096191384706,0.962619922420584,0.134098619440279,0.200419584739208,0.669089398697097,0.503438452131292,0.134071120259163,0.19934267150728,0.67256608555217,0.501223383854603,2.74991811154421e-05,0.216965455743651,0.000126744513412001,0.999898872509853,1.41607947969262,2.00735900090216,0.705444058116263,0.480533934007286,1.55685790978612,2.03812065664085,0.763869354207945,0.444945101664057,-0.140778430093496,2.98831603116345,-0.0471096191384706,0.962425860887254
0,"",157148.308220853,0,0.888350076945304,0.188524707698651,0.921158319799735,1.03530451265211e-06,0.0372407993603534,0.000209313550618243,0.112413830512497,0.162035678484934,50.3424364060385,0.693759742074022,0.491021794040439,0.0152098402403413,0.108336721208531,19038.3529067156,0.140394134792623,0.888350076945304,1.80403721352762,1.35160869611773,46.0561586446397,1.33473335789376,0.188524707698651,-0.148918821728964,1.49660401337621,47.2930271795129,-0.0995044917680104,0.921158319799735,0.0972039902721557,0.195465625678311,0.497294549539519,0.618981354772128,0.127623670752838,0.194365639213216,0.656616422889629,0.511427586312367,-0.0304196804806826,0.216673442417062,-0.140394134792623,0.888348591715744,1.95295603525659,2.00123607140859,0.975874892102052,0.329126465813129,1.65511839179866,2.03184484325029,0.814588966916887,0.415307627973213,0.297837643457928,2.99320802675242,0.0995044917680104,0.920737721686285
0,"",157268.079612028,0,0.761663262536612,0.140424185267278,0.874839684166987,4.83165140297704e-06,0.0459841212718996,0.000535562866388062,0.0682599559134993,0.157455941209151,50.9593565799041,0.433517817043364,0.666468312438954,0.0329638477198694,0.108683358558657,19039.3451002222,0.303301702827657,0.761663262536612,2.06190669094823,1.37486530512055,46.6622226932015,1.49971541449832,0.140424185267278,-0.235182892870462,1.48494022965348,46.8112672421676,-0.158378693077326,0.874839684166987,0.03529610819363,0.191885370746245,0.183943716273746,0.8540576092639,0.101223803633369,0.190758738182224,0.530637833935943,0.595669772685832,-0.0659276954397387,0.217366717117313,-0.303301702827657,0.761659948605429,2.2970895838187,2.00821633317178,1.14384568329383,0.252687640382106,1.82672379807778,2.03903686698333,0.895875806689231,0.37031909676672,0.470365785740925,2.96988045930696,0.158378693077326,0.874158402328142
0,"",157385.937618787,0,0.988272829705401,0.0995947524666271,0.799917232169329,1.13473030458116e-08,0.0576220231171081,0.00137378991335912,0.0190847895888106,0.153887070495236,51.4540646501398,0.124018148681318,0.901784121959666,0.001602483506667,0.109023233080829,19039.5361835074,0.0146985505876433,0.988272829705401,2.28742462504652,1.36108764362654,46.1910705147849,1.68058584306284,0.0995947524666271,-0.387095408920909,1.51869516377412,47.225597146489,-0.254886838487676,0.799917232169329,0.0174823060821436,0.189166486011887,0.092417565345296,0.926366284024476,0.0206872730954776,0.188017638012819,0.11002836390311,0.912386880335021,-0.00320496701333399,0.218046466161659,-0.0146985505876433,0.98827267569776,2.67452003396743,2.02387171573676,1.32148693673196,0.186339055417309,1.90032921612561,2.05473414982285,0.924854057781368,0.355041827011377,0.774190817841818,3.03739032754824,0.254886838487676,0.79881050197577
0,"",157455.307312785,0,0.77162734088482,0.0700997978675612,0.610128434508074,4.42434165325471e-06,0.0690320056813105,0.00549192230790601,-0.00340383094513097,0.149020606910424,51.6301173097451,-0.0228413439973238,0.981864879692072,0.0317038982637081,0.109229226595514,19041.3193282639,0.290251055068902,0.77162734088482,2.47962567060325,1.33740733652177,46.3584710455562,1.85405418595361,0.0700997978675612,-0.789836422435089,1.53881969263293,47.7070731263514,-0.513274184244209,0.610128434508074,-0.0351077292088391,0.185351874207738,-0.1894112447414,0.849770511960913,0.0283000673185771,0.184176581521348,0.153657251561578,0.877879992699613,-0.0634077965274162,0.218458453191028,-0.290251055068902,0.771624180152025,3.26946209303834,2.02340652615205,1.61582067210979,0.106133090745144,1.68978924816816,2.05403867791227,0.822666713309247,0.410697549394822,1.57967284487018,3.07763938526586,0.513274184244209,0.607759539689496
0,"",157503.443671207,0,0.874894894802036,0.0550239744591492,0.497078782114734,1.30180235118244e-06,0.0770953907060732,0.00977854414902935,-0.0320202552140979,0.151920741993616,51.3306091325302,-0.210769476201239,0.833901652115926,0.017219307648859,0.109366313518878,19042.2651133807,0.157446174190434,0.874894894802036,2.60161846171388,1.32173830532656,46.3793502280839,1.96833098596708,0.0550239744591492,-1.04689662771209,1.52974622919241,47.4271415537752,-0.684359672038395,0.497078782114734,-0.0492395628629568,0.187773067835481,-0.262229101492332,0.793144818445,-0.0148009475652389,0.186609431050128,-0.0793151100774911,0.936781988060588,-0.0344386152977179,0.218732627037757,-0.157446174190434,0.874893225471539,3.64851508942597,2.00642597514091,1.81841499992031,0.0690007274613367,1.5547218340018,2.03678328578955,0.76332216826844,0.445271284499638,2.09379325542418,3.05949245838482,0.684359672038395,0.493748074928638
0,"",157623.268765527,0,0.934654652252735,0.0377152335573165,0.476061472416681,3.52967423986178e-07,0.0893214294378556,0.0108352327814773,-0.113013361770045,0.155730273110964,51.2817039308074,-0.725699374388935,0.471322102349546,0.0089959942889802,0.109719155758919,19045.7749789239,0.0819911001570839,0.934654652252735,2.74394675510392,1.28291003901801,46.6410592644881,2.13884580496716,0.0377152335573165,-1.04223952489614,1.45078913350106,47.1147490971384,-0.718394907177858,0.476061472416681,-0.122009356059025,0.191074570884515,-0.638543137866144,0.523120182548702,-0.104017367481065,0.189923486090134,-0.547680382360399,0.583911384700233,-0.0179919885779604,0.219438311517838,-0.0819911001570839,0.934653790673382,3.78618628000006,1.92208309133922,1.96983486148979,0.0488572997639062,1.70170723020779,1.95112561004764,0.872166928384606,0.383117318450738,2.08447904979228,2.90157826700212,0.718394907177858,0.472513826100245
0,"",157604.848926846,0,0.704537311329005,0.0333956459487155,0.717945909947079,7.5516308655065e-06,0.0935838169909512,0.00280341581553629,-0.130589116999883,0.166369859665434,50.6653121560503,-0.784932542844566,0.43614816750359,-0.0415804782514487,0.109650718791527,19041.973744075,-0.379208442130722,0.704537311329005,2.83070049713813,1.29121330939862,46.5498997952939,2.19227952231729,0.0333956459487155,-0.527830217265493,1.45252755736628,46.9713454351437,-0.363387403281047,0.717945909947079,-0.089008638748434,0.199804332277205,-0.445479023072158,0.655973615864702,-0.172169595251331,0.198702414369956,-0.866469568561839,0.386232707646648,0.0831609565028974,0.219301437583053,0.379208442130722,0.704533083016613,3.35853071440363,1.92877844323214,1.74127346050985,0.0816356559169046,2.30287027987264,1.958047483458,1.17610543121542,0.239552747855491,1.05566043453099,2.90505511473256,0.363387403281047,0.71631551031103
0,"",157509.318808242,0,0.786343353605327,0.0486769964546558,0.860430168586601,3.85899359154819e-06,0.079309821068956,0.000677571780456112,-0.129123821099366,0.171482976870402,50.2456212796101,-0.752983319136987,0.454973612731251,-0.029645666227077,0.10936704246367,19040.2988296883,-0.271065812508598,0.786343353605327,2.65378478334893,1.31155636726797,47.5273958916631,2.02338599360155,0.0486769964546558,-0.256542744569235,1.45093214276666,46.1079266964272,-0.17681236565623,0.860430168586601,-0.0994781548722892,0.203927177424004,-0.487812150047343,0.625682904510115,-0.158769487326443,0.202851741365581,-0.782687327491596,0.433810745724829,0.059291332454154,0.218734084927339,0.271065812508598,0.786340415174998,2.91032752791817,1.94097030956205,1.49941888012437,0.133764998653675,2.3972420387797,1.97063508348649,1.21648196506197,0.223801377130481,0.513085489138472,2.90186428553332,0.17681236565623,0.859655775702074
0,"",157551.672631382,0,0.790033257303231,0.107674288038876,0.852200189584065,3.72350884056055e-06,0.052237731362424,0.000738509944918939,-0.0959085102812783,0.179380053007314,50.3704312085326,-0.53466652882173,0.595232851034763,0.0291507634453707,0.109477730363602,19041.1988962727,0.26627117084501,0.790033257303231,2.18839798070755,1.33528162997068,48.7328678378752,1.63890368263031,0.107674288038876,-0.269354154613802,1.43786010127101,47.4828627182713,-0.187329876095528,0.852200189584065,-0.125059273726649,0.210670608801944,-0.593624684704928,0.552763167099525,-0.0667577468359077,0.209625972417453,-0.318461238681651,0.750135092352504,-0.0583015268907413,0.218955460727204,-0.26627117084501,0.790030374200192,2.45775213532135,1.94722443274053,1.2621822600399,0.206883210618579,1.91904382609375,1.9771581658701,0.970607136657286,0.331743950753449,0.538708309227605,2.87572020254202,0.187329876095528,0.851401999859039
0,"",157602.140991023,0,0.953437227543084,0.123973085123606,0.803534116409792,1.79040493180305e-07,0.0485743160951886,0.00128195526664497,-0.0770019398987827,0.176564135163833,50.2269263850311,-0.436113142838058,0.664623469569463,-0.00640151274332742,0.109630499252058,19043.6899340726,-0.0583917138661322,0.953437227543084,2.06411091574924,1.31828508487376,48.0192707822033,1.56575458482632,0.123973085123606,-0.35499129020542,1.41919810649384,48.7437990909476,-0.250135121080759,0.803534116409792,-0.0706004271554552,0.208359550114213,-0.338839410608996,0.734730710267403,-0.0834034526421101,0.207301177664331,-0.402329854474632,0.687441286034718,0.0128030254866548,0.219260998504117,0.0583917138661322,0.95343661488919,2.41910220595466,1.92223494335713,1.25848414852441,0.208216716370315,1.70911962554382,1.95166864080188,0.875722235738542,0.381181054199385,0.709982580410841,2.83839621298768,0.250135121080759,0.802482856371694
0,"",157656.232052721,0,0.562968903628214,0.140489484270067,0.778335266579694,1.75712777999048e-05,0.0442815894908145,0.00163229362048373,-0.102867657480513,0.166319582885611,50.0149915743376,-0.618493960216707,0.539056461659209,-0.0635072027232102,0.1097890605686,19042.1882325686,-0.578447455459634,0.562968903628214,2.02760577483173,1.35309101284836,48.4640574229851,1.49849918119215,0.140489484270067,-0.419986382717881,1.48381886138217,49.0005422179868,-0.283044240539352,0.778335266579694,-0.0393604547573025,0.199840178987121,-0.196959665252498,0.843859101915143,-0.166374860203723,0.19873496372293,-0.83716955027439,0.402497270624834,0.12701440544642,0.2195781211372,0.578447455459634,0.562962062666855,2.44759215754961,1.99278232253728,1.2282285575643,0.219361181241416,1.60761939211385,2.02335513933463,0.794531499123038,0.426886078927043,0.839972765435764,2.96763772276434,0.283044240539352,0.777142923968617
0,"",157662.984203521,0,0.435742252015087,0.124825140940286,0.799875002332918,3.1906980760871e-05,0.0472948242502249,0.00134464340267668,-0.125294888237636,0.16138813649178,50.2241595556823,-0.776357487986844,0.441178886099246,-0.0855808698966468,0.109800762737052,19038.9551830027,-0.779419630277012,0.435742252015087,2.18221278863289,1.39750493515711,49.1170643001899,1.5615063201101,0.124825140940286,-0.399554144796436,1.56742585041293,48.2598292352903,-0.254911034350478,0.799875002332918,-0.0397140183409896,0.195761265847717,-0.20286964415056,0.839236921354934,-0.210875758134283,0.194633509421053,-1.08345042311339,0.278608544954288,0.171161739793294,0.219601525474104,0.779419630277012,0.435732563942945,2.58176693342933,2.08410657898208,1.23878834195241,0.215423892369077,1.78265864383646,2.11570022642764,0.842585646855309,0.399460221185436,0.799108289592873,3.13485170082586,0.254911034350478,0.798791813565251
0,"",157722.6225372,0,0.480725224864847,0.148136445283454,0.921405376517745,2.61191835328419e-05,0.0417952019792597,0.00020757335601043,-0.0877074910646123,0.164430634103365,50.4238276504899,-0.533401160573748,0.596099378538608,-0.0775422284260134,0.109965505388893,19036.743824809,-0.705150475613107,0.480725224864847,2.04104512205176,1.38932072429607,49.4802740705636,1.46909571444412,0.148136445283454,-0.159336543322637,1.60636794245172,47.3891545996819,-0.0991905646968085,0.921405376517745,-0.010165262638599,0.198370270347973,-0.0512438815593055,0.959131185328342,-0.165249719490626,0.197253459934701,-0.837753211250794,0.402169321609454,0.155084456852027,0.219931010777785,0.705150475613107,0.480716597428134,2.2003816653744,2.10793938031801,1.04385433752011,0.296552787193867,1.88170857872912,2.1395914684572,0.879470967458087,0.379145967972622,0.318673086645274,3.21273588490345,0.0991905646968085,0.920986966195463
0,"",157736.856967157,0,0.697765879883578,0.166954440579151,0.975846538590053,7.92294738256851e-06,0.0384691703059831,1.96407034681495e-05,-0.0217712407714556,0.168636582580175,50.5079807076206,-0.12910152968206,0.897790050517923,-0.0427175112408008,0.109999175156419,19034.5588099949,-0.388343923307209,0.697765879883578,1.97452772167136,1.40755207099932,49.1867270142467,1.4028097164956,0.166954440579151,0.0488909892116722,1.60627310255632,47.1686347334566,0.0304375321568071,0.975846538590053,0.0209462704693452,0.201889538770861,0.103751143307721,0.917366839129243,-0.0644887520122564,0.200790550509018,-0.321174237775497,0.748078354051667,0.0854350224816016,0.219998350312839,0.388343923307209,0.697761536718297,1.92563673245969,2.11973207956017,0.90843401910455,0.363648959041396,2.02341871088304,2.15159664807889,0.940426595612008,0.346998785493611,-0.0977819784233446,3.21254620511264,-0.0304375321568071,0.975718112379962
0,"",157740.565103116,0,0.865536554363128,0.126889108899488,0.85274674817831,1.50650650996178e-06,0.0461486302982545,0.000746887479002523,0.0838801380316681,0.16587303877754,50.6152492515762,0.505688800602269,0.615270404746894,-0.0186276630156669,0.110006128843793,19033.1782342278,-0.16933295636753,0.865536554363128,2.24878667689593,1.44855469966979,49.8136783667455,1.55243476646657,0.126889108899488,-0.304375987108879,1.63074935927855,46.6086658553887,-0.186647926842379,0.85274674817831,0.102507801047335,0.199590596574125,0.513590333446722,0.607538439363103,0.0652524750160012,0.198479269729033,0.328762167984016,0.742335460481272,0.0372553260313338,0.220012257687587,0.16933295636753,0.865534754835382,2.55316266400481,2.16499791493827,1.17929104983808,0.238282300942817,1.94441068978705,2.19729206291715,0.884912262052972,0.376203954031592,0.60875197421776,3.26149871855711,0.186647926842379,0.851936686816939
0,"",157733.476354399,0,0.649556918478722,0.126686146304836,0.69155994042358,1.08474872629105e-05,0.0454650706831516,0.00338434875501798,0.0811881277740894,0.158604847386791,50.6958346048134,0.511889321869811,0.610951227153577,-0.0499775375575583,0.109989405562871,19033.3020053219,-0.454385013736534,0.649556918478722,2.25948220212957,1.45504543525552,50.6265921414564,1.55286023885075,0.126686146304836,-0.668504567083163,1.67462852194356,46.9271719616608,-0.399195737038625,0.69155994042358,0.131165665331648,0.193581784783863,0.677572352574887,0.498042880773668,0.0312105902165311,0.192438110833629,0.162185079043486,0.871160109434277,0.0999550751151166,0.219978811125742,0.454385013736534,0.649551736828818,2.92798676921273,2.20220460381291,1.32957072387516,0.183659749333159,1.59097763504641,2.23458512777536,0.711978977784705,0.476477793902231,1.33700913416633,3.34925704388713,0.399195737038625,0.689748984077529
0,"",157782.954794353,0,0.428408652152393,0.120216618554555,0.85808167065297,3.29467387423923e-05,0.0472248625721882,0.000677025243390303,0.0282382958100353,0.153574734200379,50.8075196921609,0.183873317164208,0.854844731842576,-0.0872248778110093,0.110141509958058,19034.9590338329,-0.791934647021134,0.428408652152393,2.2326300600517,1.41248824658137,50.4061541347334,1.58063620384474,0.120216618554555,-0.305246329763963,1.69782757688995,47.7105853670494,-0.179786412895418,0.85808167065297,0.115463173621045,0.189571559157367,0.609074347092311,0.542475160289992,-0.058986582000974,0.188402033852507,-0.313088881233375,0.754213136247805,0.174449755622019,0.220283019916116,0.791934647021134,0.428398783521033,2.53787638981567,2.19249593467007,1.15752843582698,0.247056528464367,1.92738373028774,2.22450997561537,0.866430697733582,0.386254015693412,0.610492659527927,3.3956551537799,0.179786412895418,0.857320250746112
0,"",157780.944913321,0,0.548490420908935,0.0784247252086307,0.852326112537696,1.89141552976737e-05,0.0617371476961197,0.000729574535898402,0.0435626542946053,0.151292736254949,50.9321942247881,0.287936191604045,0.774564034270365,-0.0660880273534427,0.110140388802282,19035.1893998306,-0.600034447600146,0.548490420908935,2.45340775449766,1.36498137140873,49.098020137478,1.79739284790797,0.0784247252086307,0.323643923164,1.729256370565,47.9766049510411,0.187157860842957,0.852326112537696,0.109650681648048,0.187726473545531,0.584098127329141,0.559154294667657,-0.0225253730588373,0.186546417033976,-0.120749427498973,0.903889507903179,0.132176054706885,0.220280777604564,0.600034447600146,0.548483278161642,2.12976383133367,2.18728692686554,0.973701166122589,0.330204938135082,2.77705167766167,2.21873373310727,1.25163810159973,0.210701764310456,-0.647287846328002,3.45851274113,-0.187157860842957,0.851536863157801
0,"",157773.379203136,0,0.47078495528066,0.0756643973010126,0.970309339370635,2.73225849098086e-05,0.0645592974867558,2.89497470675103e-05,0.0183458237533188,0.1497298365733,50.9057438667171,0.122526172292572,0.902964766019707,-0.0794256385017778,0.110127262136545,19036.9817823592,-0.72121686275374,0.47078495528066,2.45746768962947,1.35331054701889,47.7791222379825,1.81589339937005,0.0756643973010126,-0.0629712305854493,1.68311417800941,48.3503761905369,-0.0374135227474136,0.970309339370635,0.0977714622550967,0.186461062299755,0.524353240559785,0.600032872761048,-0.061079814748459,0.185273710757797,-0.329673403196997,0.741646752399473,0.158851277003556,0.220254524273091,0.72121686275374,0.470776098395979,2.52043892021492,2.14400583215446,1.17557465675464,0.239764887749417,2.39449645904402,2.17528952957195,1.10077138077119,0.270996170516136,0.125942461170899,3.36622835601882,0.0374135227474136,0.970155290626819
0,"",157809.10768833,0,0.478391196671884,0.165508908234469,0.770692681367457,2.64000504311706e-05,0.0399058965167626,0.00173560841535473,-0.000819463409128727,0.152596198916419,50.2914499617163,-0.00537014299797579,0.995736512078855,-0.0781358743383611,0.110220285449799,19035.3851121895,-0.70890647778216,0.478391196671884,2.03504990533386,1.44498630417863,47.7198858945435,1.40835238330555,0.165508908234469,-0.484201481457799,1.65214406725476,49.4026482535299,-0.293074611987294,0.770692681367457,0.0773164109292323,0.188826446336034,0.409457533250617,0.682203925493209,-0.0789553377474898,0.187650727845254,-0.420756895825099,0.673932610043462,0.156271748676722,0.220440570899597,0.70890647778216,0.478382514978305,2.51925138679166,2.17868675238759,1.15631647552401,0.247551731720443,1.55084842387606,2.21098505454666,0.70142872322312,0.483035501880393,0.968402962915599,3.30428813450952,0.293074611987294,0.769465121866014
0,"",157786.242231217,0,0.689080409939659,0.206683225298803,0.736771867696004,8.41148606689904e-06,0.0334508414769855,0.00230673700252114,0.0131163117358856,0.155825056219166,49.8019106119036,0.0841733162440685,0.933256085723447,-0.0440684055816126,0.110140882318156,19031.8580657561,-0.400109429433437,0.689080409939659,1.93171850772611,1.5088298495741,47.3613471481502,1.28027590935544,0.206683225298803,-0.56281955322309,1.66499569593624,49.4209490655267,-0.338030635512611,0.736771867696004,0.0571847173174982,0.191399221142169,0.298771943669625,0.765114059403826,-0.030952093845727,0.190240012492711,-0.162700230304668,0.87075446564948,0.0881368111632252,0.220281764636311,0.400109429433437,0.689075919357861,2.49453806094921,2.23050856467989,1.11837188184355,0.263408198228761,1.36889895450302,2.26326929634847,0.604832556475533,0.545290259270801,1.12563910644618,3.32999139187249,0.338030635512611,0.735340101431573
0,"",157795.824490079,0,0.820613385512379,0.194881105283413,0.596565028230414,2.7022420014923e-06,0.035512468184824,0.00578235353417356,0.0256917554493354,0.155764744979375,49.6693882683539,0.164939476212909,0.869661078136392,-0.0249798551813546,0.11016024634398,19028.5029563084,-0.226759253091663,0.820613385512379,2.04357431658833,1.55400163181924,46.9670941087154,1.31504000687307,0.194881105283413,-0.902178991652789,1.69316678743684,48.8160644830437,-0.532835275500846,0.596565028230414,0.0506716106306901,0.1913614067262,0.26479534979167,0.791167119396712,0.000711900267980823,0.190201691164623,0.00374287033738655,0.997013628517433,0.0499597103627092,0.220320492687961,0.226759253091663,0.820610949676748,2.94575330824113,2.2816410965163,1.29106778131706,0.196680174915364,1.14139532493555,2.3146454567039,0.493118858281178,0.621928606665651,1.80435798330558,3.38633357487368,0.532835275500846,0.594147612684186
0,"",157644.511784087,0,0.761716077698457,0.104664656232932,0.361111690121268,4.83213615206417e-06,0.0546291063580681,0.0176120603016571,0.0375879656049145,0.155795299370636,49.9559046273325,0.241265081531716,0.810337218632094,-0.0332729772944352,0.109727647262311,19028.7355872191,-0.303232395158296,0.761716077698457,2.54698912569571,1.53954868340987,47.3636822565239,1.65437387796956,0.104664656232932,-1.53412947271477,1.66362494390719,47.4335946990022,-0.922160657865415,0.361111690121268,0.0708609428993497,0.19113320531394,0.370741142455909,0.710830343405848,0.00431498831047938,0.189980950586725,0.0227127419730939,0.981879411833449,0.0665459545888703,0.219455294524621,0.303232395158296,0.761712762735227,4.08111859841048,2.25021173835543,1.8136598120287,0.0697301158587418,1.01285965298094,2.28303818139908,0.443645516414553,0.657298892300859,3.06825894542955,3.32724988781439,0.922160657865415,0.356444780974951
0,"",157595.58132147,0,0.418724740546442,0.0627517192516666,0.338318287092195,3.43558387456422e-05,0.0706963291524248,0.0195244870072166,0.0430593000472847,0.152008999828353,50.4824759286833,0.28326809659893,0.77812974629283,-0.0886302056619594,0.109602239279492,19033.0848229593,-0.808653237786023,0.418724740546442,2.89624059286323,1.51995539628779,47.7274656637922,1.90547735804403,0.0627517192516666,-1.538975468096,1.59090835099445,46.9926775441997,-0.967356458424528,0.338318287092195,0.131689505709244,0.187984799527755,0.70053273477466,0.483594669430263,-0.0455709056146747,0.186816725467236,-0.243933756470145,0.80728212483163,0.177260411323919,0.219204478558983,0.808653237786023,0.418714632995193,4.43521606095924,2.18394115959854,2.03083129848358,0.0422721108886025,1.35726512476723,2.21650819699544,0.612343832793877,0.540310294721314,3.07795093619201,3.18181670198892,0.967356458424528,0.333365868786714
0,"",157595.772244,0,0.39152251550102,0.0636048954980226,0.531347692761489,3.85718531540616e-05,0.0699786888208119,0.00844810360177268,0.016211651354045,0.156373222268611,50.7461204967901,0.103672809953339,0.917837649762008,-0.0939175933264587,0.109604258095728,19034.9526227313,-0.856879057056628,0.39152251550102,2.86020495662626,1.50623053209472,47.9223951512413,1.89891580052395,0.0636048954980226,-0.971730990127836,1.54085042091065,46.6796254155231,-0.630645893294131,0.531347692761489,0.110129244680504,0.19153289193641,0.574988679840262,0.565298952955598,-0.0777059419724137,0.190385155348946,-0.408151264892428,0.683162625147537,0.187835186652917,0.219208516191456,0.856879057056628,0.391511728175369,3.8319359467541,2.13853172430667,1.79185368316032,0.0731564069055257,1.88847396649843,2.17084843667257,0.869924373620961,0.3843417345408,1.94346198025567,3.08170084182131,0.630645893294131,0.528272084234599
0,"",157607.16991933,0,0.426242229340263,0.0708577981154496,0.638852782171875,3.3257239726071e-05,0.0664668916280148,0.00480231644222582,0.00017114875929431,0.156038280182735,50.8833140595126,0.0010968382828488,0.999129138815923,-0.0872343479693974,0.109638341843145,19034.8507788714,-0.795655484230141,0.426242229340263,2.68032452050153,1.45082286135623,47.9369428956827,1.84745125810602,0.0708577981154496,-0.750863011166175,1.58941641468084,46.2492416817368,-0.47241428000286,0.638852782171875,0.0874054967286917,0.191279281374853,0.456952243339946,0.647705371863811,-0.0870631992101031,0.190129582878941,-0.457915059254814,0.647013467267376,0.174468695938795,0.21927668368629,0.795655484230141,0.426232307638754,3.43118753166771,2.13587798675987,1.60645296825819,0.108174420770095,1.92946150933536,2.16801481873537,0.889966937800195,0.37348363924254,1.50172602233235,3.17883282936168,0.47241428000286,0.636631113573771
0,"",157588.391046444,0,0.555804700466544,0.137263490544347,0.617981840179811,1.82294623776859e-05,0.0453070972673945,0.00529881820750479,0.0013541599759442,0.154565941703777,50.8170451155951,0.00876105020949195,0.99304408695336,-0.0645565796168501,0.109586070540845,19036.5628751174,-0.589094757191685,0.555804700466544,2.20308059282826,1.45778565068896,48.1250155304116,1.51125139130507,0.137263490544347,-0.794925469659996,1.58345313743704,47.3103333918427,-0.502020205628981,0.617981840179811,0.0659107395927943,0.190049225353452,0.346808777937475,0.728734982119464,-0.0632024196409059,0.188893531718982,-0.334592820970348,0.73793226111628,0.1291131592337,0.219172141081691,0.589094757191685,0.555797710199287,2.99800606248826,2.1361747749629,1.40344605583143,0.160483867374264,1.40815512316827,2.16833646246147,0.649417259519654,0.516068711025521,1.58985093932,3.16690627487408,0.502020205628981,0.615653307897118
0,"",157665.927135132,0,0.579602251086767,0.134565121721166,0.560124509958479,1.61195834232882e-05,0.0459696977441269,0.00705053653547215,-0.0218904579191495,0.15568851259839,50.6505866329873,-0.140604194579323,0.888740319535286,-0.0608330889862505,0.109811914244158,19037.9420238861,-0.553975307733851,0.579602251086767,2.17432221395299,1.42861368477242,48.0738290438145,1.52198053058645,0.134565121721166,-0.927300374676744,1.58052349665546,48.4779152780584,-0.586704580247622,0.560124509958479,0.038942631067101,0.191095452510206,0.203786278299956,0.838520516166979,-0.0827235469054,0.189941219749822,-0.435521826248972,0.663183699811584,0.121666177972501,0.219623828488315,0.553975307733851,0.579595744618368,3.10162258862974,2.11446082091816,1.46686217022594,0.142413553236816,1.24702183927625,2.14640131485242,0.580982610589758,0.561252173522948,1.85460074935349,3.16104699331092,0.586704580247622,0.557402131096428
0,"",157649.263089964,0,0.494076985132438,0.0930344927493812,0.528023374354308,2.45603411503282e-05,0.0589920269684286,0.00812591611684655,-0.0117900937145059,0.156867938853818,51.0077770168123,-0.0751593588890901,0.940381922205224,-0.0750710818559039,0.109776805752128,19040.533300433,-0.683851942507888,0.494076985132438,2.27671174398523,1.32789198661043,46.8911171605387,1.71453082550543,0.0930344927493812,-0.984793675839124,1.54956844205183,49.3007111446639,-0.635527705078408,0.528023374354308,0.0632809881413979,0.192036979177676,0.329525013423843,0.741758890734328,-0.0868611755704098,0.190889479204811,-0.455033854837091,0.649084883028145,0.150142163711808,0.219553611504256,0.683851942507888,0.494068663037556,3.26150541982436,2.02535469351073,1.61033789798611,0.107324110007893,1.29191806814611,2.05593223013025,0.62838553198043,0.529751412598252,1.96958735167825,3.09913688410367,0.635527705078408,0.525084303363816
0,"",157637.270415695,0,0.718272199349507,0.0892828006812721,0.652943230693928,6.83722245795092e-06,0.060961329152173,0.00422517011053783,-0.0240554963249145,0.15731398907169,50.9331195544307,-0.152913904649332,0.879070365375773,-0.0395901021175725,0.109736489083194,19036.5586681628,-0.360774273428395,0.718272199349507,2.34468363037539,1.35098059022311,46.398007824718,1.73554205541042,0.0892828006812721,-0.711548349593516,1.57251439555427,48.2543552481763,-0.452490833537147,0.652943230693928,0.0155346057926579,0.192378270086025,0.080750314397314,0.935640522328125,-0.063645598442487,0.191233306687449,-0.332816492822085,0.739272807831483,0.0791802042351449,0.219472978166389,0.360774273428395,0.718268196218989,3.05623197996891,2.05758178728395,1.48535139592346,0.137450763701435,1.63313528078187,2.08860176850624,0.781927558143305,0.434257148250362,1.42309669918703,3.14502879110855,0.452490833537147,0.650915423317193
0,"",157768.504165116,0,0.955785627677026,0.235294546135856,0.74211594028017,1.61506968091471e-07,0.0295844436184751,0.0022982526652248,-0.0589187234151444,0.162057075821672,50.9606567455336,-0.363567731408278,0.717684779428641,-0.00610437275665001,0.110100545115959,19033.2002996659,-0.0554436197406727,0.955785627677026,1.70065459280906,1.41473184744017,47.3999972022752,1.2021038445457,0.235294546135856,-0.526198627249957,1.58983495332113,47.5552314864073,-0.330976889236673,0.74211594028017,-0.0528143506584944,0.196484063148245,-0.268797121823802,0.788085808313043,-0.0650230961717945,0.195354203041965,-0.332847183010578,0.739249640037088,0.0122087455133,0.220201090231918,0.0554436197406727,0.955785045731369,2.22685322005902,2.11215170461157,1.05430552890544,0.291743058239984,1.17445596555911,2.14403776427388,0.54777764884979,0.583844587602355,1.05239725449992,3.17966990664226,0.330976889236673,0.740661942372442
0,"",157934.022342456,0,0.969445896579946,0.194396851101921,0.673495343989201,7.70608201887231e-08,0.0356783902740064,0.00377651170461636,-0.121965495128762,0.172017592481309,50.8424201316475,-0.709029195034308,0.481545115084278,0.00423586330356811,0.110586104003381,19039.2175567543,0.0383037574362744,0.969445896579946,1.80707773257559,1.37259359828184,46.8474954896513,1.31654244551164,0.194396851101921,-0.622670501825483,1.46862104518561,47.4201618063104,-0.423983098884974,0.673495343989201,-0.12620135843233,0.2050439316273,-0.615484483889634,0.538234813110972,-0.117729631825194,0.20395014867914,-0.577247099782257,0.563772543796799,-0.00847172660713621,0.221172208006761,-0.0383037574362744,0.969445494985568,2.42974823440108,1.99477045219069,1.21805906626133,0.223201527684652,1.18440723075011,2.02549074643152,0.584750748842858,0.55871532512861,1.24534100365097,2.93724209037122,0.423983098884974,0.671578139202558
0,"",158021.787295858,0,0.897633903931835,0.114771841210389,0.532652372800997,8.69164702227457e-07,0.0536078139204178,0.00831750434499785,-0.136092475777078,0.176422910123279,50.7764744685355,-0.771399109571321,0.44404553790116,-0.0142607612942462,0.110847053014822,19042.9689701143,-0.128652597487994,0.897633903931835,2.16100049248941,1.3440558357339,45.6371124988239,1.6078204751884,0.114771841210389,-0.875776241869483,1.39323540184882,47.110414721856,-0.628591723055077,0.532652372800997,-0.121831714482832,0.208894428649285,-0.583221463926052,0.559744223768437,-0.150353237071324,0.207815645311327,-0.723493348376545,0.46937683919402,0.0285215225884924,0.221694106029644,0.128652597487994,0.897632545316986,3.0367767343589,1.92111626933539,1.58073552487766,0.113938522070217,1.28522425061993,1.9505112736832,0.658916596874114,0.509949327529604,1.75155248373897,2.78647080369765,0.628591723055077,0.529616380440648
0,"",158055.899585663,0,0.649905194626391,0.131184548462321,0.534605453939,1.08203619946042e-05,0.0490525028897095,0.00857944247768118,-0.104110017018798,0.171920834931534,50.4781184116415,-0.605569517273802,0.547513900894664,-0.0503584767623546,0.110945926778744,19040.3950993912,-0.453901086993333,0.649905194626391,2.11559946928166,1.37648397825808,45.7951984141025,1.53695902218849,0.131184548462321,-0.889433749609489,1.42132904409911,45.2518981794252,-0.625776102516248,0.534605453939,-0.0537515402564432,0.205160520955771,-0.26199748375581,0.79332338212379,-0.154468493781152,0.204060542354118,-0.75697384707081,0.44906553100292,0.100716953524709,0.221891853557488,0.453901086993333,0.649900021171475,3.00503321889116,1.96342207274745,1.53050801485906,0.125891031117654,1.22616571967217,1.99367563867594,0.615027688499273,0.538536434991988,1.77886749921898,2.84265808819823,0.625776102516248,0.53146180856099
0,"",158122.676109753,0,0.464947938835305,0.075652342306568,0.505710706326275,2.80447405927572e-05,0.0663811715455303,0.00983354297455947,-0.0833851429049678,0.180321954947753,50.303068647487,-0.462423685064462,0.645771564196554,-0.0812056144546514,0.111128158701897,19039.7073854997,-0.730738414126765,0.464947938835305,2.47661715033697,1.36292468211655,46.440696846461,1.8171342722262,0.075652342306568,-0.974407522493142,1.45246158731947,45.3179373759433,-0.670866294158884,0.505710706326275,-0.00217952845031633,0.2123478626167,-0.0102639528529208,0.991810694274922,-0.164590757359619,0.211280229617978,-0.779016369194697,0.43597007222585,0.162411228909303,0.222256317403793,0.730738414126765,0.464938947077607,3.45102467283012,1.97651630232689,1.74601376612342,0.08080855979282,1.50220962784383,2.00693796868718,0.748508250519816,0.454153650418062,1.94881504498629,2.90492317463894,0.670866294158884,0.502305710250936
0,"",158290.526006262,0,0.245091284965969,0.0719045403448601,0.63474026158782,7.09591934137334e-05,0.0678576112130981,0.00485750352689735,-0.0911778347456919,0.181643218901343,50.6290703020923,-0.501961126306697,0.617870952832587,-0.12974055952054,0.111615256828031,19039.9112069988,-1.16239090611452,0.245091284965969,2.53696157156035,1.37758313239123,46.5881897149547,1.84160324840552,0.0719045403448601,-0.699915007269402,1.46368062946604,46.8457405205029,-0.47818833779657,0.63474026158782,0.0385627247748478,0.213729720820459,0.180427526068037,0.856816946239312,-0.220918394266231,0.212659482500229,-1.03883632024729,0.298880866461644,0.259481119041079,0.223230513656062,1.16239090611452,0.245076715521421,3.23687657882976,1.99457364261179,1.62284134798414,0.10462332423361,1.83704656429096,2.0253070205883,0.907045966668966,0.364382489853775,1.39983001453881,2.92736125893208,0.47818833779657,0.632516162289863
0,"",158322.441674492,0,0.109842273143071,0.208960783527306,0.748901172886214,0.000134250439303072,0.0339513122277798,0.00220237637389367,-0.142451084987676,0.165517942226623,51.1049661492559,-0.860638327611855,0.393457105721624,-0.178656128261611,0.111731508724956,19041.9090280928,-1.59897713993463,0.109842273143071,1.7085951003754,1.34090285642858,46.1983145802112,1.27421243991242,0.208960783527306,-0.4781017336287,1.48490816433181,46.9669515384443,-0.321973940956706,0.748901172886214,0.0362050432739351,0.200269741661025,0.180781395000826,0.856539167122247,-0.321107213249287,0.199128775059777,-1.61256058122636,0.106840008282082,0.357312256523222,0.223463017449912,1.59897713993463,0.10982568212544,2.1866968340041,1.98552451478951,1.10131948395305,0.27075763417195,1.2304933667467,2.01584668437982,0.610410194525911,0.541590116668683,0.956203467257401,2.96981632866362,0.321973940956706,0.747472436264987
0,"",158314.254052719,0,0.154159906038303,0.56587973464612,0.619329429620558,0.000106631870642393,0.00707311102681366,0.00528943908699745,-0.116545110666237,0.163068614765617,51.0284039202515,-0.714699826412031,0.478051578458488,-0.159190673236189,0.111709041963274,19042.556120029,-1.42504734118591,0.154159906038303,0.805583863097769,1.39321304165444,46.9346139963635,0.578220156582181,0.56587973464612,-0.724713250752177,1.449107318305,47.0347038019448,-0.500110130973503,0.619329429620558,0.0426455625699523,0.198237240529734,0.215123871054671,0.829670743167223,-0.275735783902427,0.197085166420551,-1.39906918876912,0.161792236134768,0.318381346472379,0.223418083926549,1.42504734118591,0.154143516887878,1.53029711384995,1.9947783840997,0.767151442008739,0.442991479594325,0.0808706123455917,2.0255291647199,0.0399256716487589,0.968152384400878,1.44942650150436,2.89821463661001,0.500110130973503,0.616997532992815
0,"",158342.860336198,0,0.0908442325219463,0.707273085666355,0.513118925707691,0.000150158601242863,0.00307398256682045,0.0092078625196838,-0.127895404877455,0.161057751738214,50.7912679844627,-0.794096549201423,0.430833871733499,-0.18904323339556,0.111790658263829,19041.2657707721,-1.69104678630134,0.0908442325219463,0.551519538060149,1.45964829403287,46.3006285276929,0.377844128832127,0.707273085666355,-0.941114124292915,1.42805661167512,46.7323326489726,-0.659017378301959,0.513118925707691,0.0611478285181051,0.196633577341068,0.310973483496372,0.75582078000119,-0.316938638273015,0.195470554309622,-1.62141371825748,0.104928940637425,0.37808646679112,0.223581316527658,1.69104678630134,0.090827867268302,1.49263366235307,2.0263510505099,0.736611586614013,0.461358586818811,-0.389594586232767,2.05760518004345,-0.189343704035844,0.849823443914531,1.88222824858583,2.85611322335024,0.659017378301959,0.509884609230417
0,"",158314.310942162,0,0.0516269894858046,0.58025961162285,0.644988421309879,0.000198877108427294,0.00689984765405596,0.00454691373585143,-0.138188261783964,0.155929148529695,50.6639851579798,-0.886224692990277,0.379683804470514,-0.217447538908314,0.111720481631054,19044.6158961905,-1.94635339674253,0.0516269894858046,0.792624139813796,1.42284128157777,44.6658108350475,0.557071368448678,0.58025961162285,-0.65044237928107,1.40267472313581,47.0768938670105,-0.463715762858365,0.644988421309879,0.0792592771243491,0.192412966402432,0.411922744117868,0.680396049647507,-0.355635800692278,0.191227563688809,-1.85975177339506,0.0629206533651082,0.434895077816627,0.223440963262108,1.94635339674253,0.0516123035659934,1.44306651909487,1.98267197668702,0.727839267444628,0.466711983948985,0.142181760532727,2.01319626858188,0.0706248877725576,0.943696302289369,1.30088475856214,2.80534944627163,0.463715762858365,0.642851402278432
0,"",158171.138609075,0,0.0484565683895676,0.342584244806266,0.68166351391578,0.000204473762952054,0.0202381473985766,0.00360606658819424,-0.0495774125270211,0.164050273193341,50.0610948565706,-0.302208655688075,0.76374505300802,-0.219628955031046,0.111290796164036,19042.9528244304,-1.9734691690706,0.0484565683895676,1.3489561947542,1.40618550033841,44.5512849194601,0.959301738234081,0.342584244806266,-0.582482363345295,1.41122195635784,47.0730397031796,-0.412750354911283,0.68166351391578,0.170051542504025,0.198807030319491,0.855359804081096,0.39235198905242,-0.269206367558067,0.197666465508985,-1.36192230110894,0.173222407358807,0.439257910062091,0.222581592328072,1.9734691690706,0.0484421338275942,1.9314385580995,1.97691271664974,0.976997386800514,0.328570446085856,0.766473831408905,2.00739289967995,0.381825516833854,0.70259079049819,1.16496472669059,2.82244391271569,0.412750354911283,0.679789527711301
0,"",158079.280189499,0,0.129071855485228,0.214400217719427,0.716972011025588,0.000120990438697275,0.0336347819201383,0.00280921142054289,-0.000999153165991275,0.169337555649909,50.2253596559324,-0.00590036369756595,0.995315592287127,-0.168489491089659,0.111006243788656,19039.1353963514,-1.51783796423601,0.129071855485228,1.80721619113846,1.43529701971327,45.5500990377258,1.25912348894829,0.214400217719427,-0.534614715276702,1.46594627019516,47.2106026365852,-0.364689160950987,0.716972011025588,0.167490337923668,0.203034235398811,0.824936432984685,0.409407680739914,-0.169488644255651,0.201921487423021,-0.83937894088793,0.401256697502198,0.336978982179319,0.222012487577312,1.51783796423601,0.129055251928423,2.34183090641516,2.03582949288029,1.15030797746325,0.25001704627743,1.27260147586176,2.06725670387415,0.615599152962877,0.538159110463127,1.06922943055341,2.93189254039033,0.364689160950987,0.715343450501767
0,"",158113.146291923,0,0.32613178713394,0.221179700036132,0.698508915359348,5.06404200927106e-05,0.0319650333626471,0.00314594840659239,-0.0478623743159579,0.164433071159151,50.5474959795696,-0.291075110247336,0.772184939480187,-0.109102630520185,0.111106944643495,19040.078754523,-0.981960496441148,0.32613178713394,1.813227967142,1.46225498121483,46.566594870487,1.24002174069229,0.221179700036132,-0.5769706615376,1.48070961367059,48.1113618871518,-0.389658212664214,0.698508915359348,0.0612402562042272,0.199018815210638,0.307710887231499,0.758302334632248,-0.156965004836143,0.197882508751632,-0.793223240529833,0.427647769343508,0.21820526104037,0.222213889286989,0.981960496441148,0.32611931007476,2.3901986286796,2.06506954520652,1.15744219570125,0.247091742969823,1.2362573056044,2.09687122963447,0.589572353386672,0.555477391249796,1.1539413230752,2.96141922734118,0.389658212664214,0.696789300248615
0,"",158094.485519963,0,0.257712952183452,0.26837147860016,0.569987035562857,6.72810972761824e-05,0.0267605133094011,0.0068121206818367,-0.126121552934687,0.157085861580884,50.6368125418433,-0.802882905345027,0.425794974529001,-0.125701764959129,0.111058956992871,19039.4011240926,-1.13184715904723,0.257712952183452,1.64144036533202,1.46495348850254,45.6591504973927,1.12047268272652,0.26837147860016,-0.86224358385773,1.50733837641943,47.7075932429257,-0.572030538959622,0.569987035562857,-0.000419787975558084,0.192963691253184,-0.00217547649939639,0.998264222257894,-0.251823317893816,0.191794508607134,-1.31298502612316,0.189187993897149,0.251403529918258,0.222117913985741,1.13184715904723,0.257698697221021,2.50368394918975,2.08587433497081,1.20030430750987,0.230021177471594,0.77919678147429,2.11788660407378,0.367912417962083,0.71293854050172,1.72448716771546,3.01467675283887,0.572030538959622,0.567301285467134
0,"",158093.576142437,0,0.203349697055166,0.318336560740626,0.523351703151341,8.49888380482946e-05,0.0223395513892029,0.00870687089327721,-0.196844399923686,0.154639491905719,50.97665671546,-1.27292451299373,0.208819671788846,-0.141281448331017,0.111060746608283,19039.2701395485,-1.27210965751314,0.203349697055166,1.45875495085084,1.44548764478589,44.5707063387386,1.00917842923999,0.318336560740626,-0.975293231374502,1.51681307388168,47.0702261585521,-0.642988413119772,0.523351703151341,-0.0555629515926682,0.190978117447169,-0.290938838100332,0.771098096968024,-0.338125848254703,0.189797477444859,-1.7815086523104,0.0748293926792084,0.282562896662035,0.222121493216567,1.27210965751314,0.203334160304997,2.43404818222534,2.07925927691748,1.17063235414962,0.241746586536109,0.483461719476335,2.11115933174327,0.229002952172786,0.818866621592723,1.95058646274901,3.03362614776336,0.642988413119772,0.520231618343367
0,"",158195.505416575,0,0.192247103489804,0.382147621001937,0.378334101308424,8.92879452173137e-05,0.0166952366263183,0.016368956710646,-0.147609669225325,0.15379978923517,51.3150892189883,-0.959752090424653,0.341680503444636,-0.145223655747805,0.111367272820668,19042.6749038225,-1.30400657275369,0.192247103489804,1.23309739527626,1.397392360353,45.8620639662045,0.882427462938725,0.382147621001937,-1.33366444098767,1.49971824292894,47.5209398601193,-0.889276667317876,0.378334101308424,-0.00238601347752068,0.190480792078021,-0.0125262681422669,0.990005745407565,-0.29283332497313,0.189291196567409,-1.54699917525667,0.121863444523024,0.290447311495609,0.222734545641336,1.30400657275369,0.192231341357011,2.56676183626393,2.0341530994948,1.26183316137876,0.207008826852713,-0.100567045711411,2.06541560023869,-0.0486909490272996,0.961165588951642,2.66732888197534,2.99943648585788,0.889276667317876,0.37385440804395
0,"",158219.75916608,0,0.0884224777785349,0.408751498380066,0.206733922841784,0.000152435739311265,0.0145001270504925,0.0331031289569121,-0.135463530046897,0.151982030364869,51.1382859195663,-0.891312806663289,0.376936014155998,-0.189872902300067,0.111436536082538,19042.2280241712,-1.70386579639762,0.0884224777785349,1.19271636359033,1.43094915149004,47.2183402617418,0.833514148527473,0.408751498380066,-1.92554438308224,1.50439220780192,47.8515516820614,-1.27994838918746,0.206733922841784,0.0544093722531704,0.189057486233482,0.287792741441489,0.773505393911583,-0.325336432346963,0.187857779064063,-1.7318230523529,0.0833050724035861,0.379745804600134,0.222873072165077,1.70386579639762,0.0884061622837223,3.11826074667257,2.06034762034612,1.51346341553215,0.130161987256636,-0.732828019491916,2.09203022478751,-0.350295139529521,0.726117212572857,3.85108876616449,3.00878441560385,1.27994838918746,0.200563287765963
0,"",158212.261842802,0,0.0340931218344053,0.311566473298106,0.23595392367974,0.000235762236787198,0.0216744199406974,0.0291425839416789,-0.124457355453603,0.1449644247943,51.0621898237831,-0.858537228221371,0.39460819535594,-0.236118784169832,0.111422966651608,19042.9837215081,-2.11912132000682,0.0340931218344053,1.43964257230175,1.40741341138484,47.2282569070991,1.02289956927808,0.311566473298106,-1.84744591283245,1.53928391889468,47.9880825042998,-1.20019828061288,0.23595392367974,0.111661428716228,0.18345390066,0.608662057958491,0.542748461161896,-0.360576139623435,0.182220169683287,-1.97879378693448,0.0478392283111183,0.472237568339663,0.222845933303216,2.11912132000682,0.0340802153755048,3.2870884851342,2.06983967332379,1.5880884531775,0.11226633897343,-0.407803340530707,2.10147060739908,-0.194056171471003,0.846131899299133,3.69489182566491,3.07856783778937,1.20019828061288,0.230062342944562
0,"",158355.274608306,0,0.0665248139921087,0.313445861797858,0.389798602829475,0.000176760944212593,0.0213168135280579,0.0153578426982978,-0.11039319564229,0.1476454699551,50.6558932308386,-0.747691044472009,0.458103604164412,-0.205238639176554,0.111848125276624,19045.7354990986,-1.83497612203116,0.0665248139921087,1.37417821199454,1.34882940871121,47.6531819586415,1.01879318698096,0.313445861797858,-1.31530171419051,1.51567985212604,48.2818639669154,-0.867796528630726,0.389798602829475,0.0948454435342644,0.18584004921261,0.510360624290173,0.609798837512213,-0.315631834818844,0.184612708015916,-1.70969722621495,0.0873218759470776,0.410477278353108,0.223696250553247,1.83497612203116,0.0665092275017398,2.68947992618505,2.0135634792927,1.33568171743449,0.18165332759737,0.0588764978040235,2.04421488370201,0.0288015209523375,0.977022887839885,2.63060342838103,3.03135970425209,0.867796528630726,0.385505730741437
0,"",158387.625940844,0,0.315641012619649,0.346844056341257,0.491285820374532,5.28769619282438e-05,0.0184307982477884,0.00974730605228496,-0.112769037724738,0.153497974142079,50.8437475023699,-0.734661407455175,0.465920739797417,-0.1123178990095,0.111928143038964,19042.7596327063,-1.00348219813135,0.315641012619649,1.31427248854315,1.38338554416633,48.0685637275814,0.950040640575848,0.346844056341257,-1.0715279202012,1.54512329741521,48.8587252310225,-0.693490236017883,0.491285820374532,-0.000451138715238067,0.190571821069618,-0.00236728973205993,0.998111177836021,-0.225086936734237,0.189371210995642,-1.18860166522047,0.234596452292188,0.224635798018999,0.223856286077928,1.00348219813135,0.315628261912805,2.38580040874435,2.05816346142105,1.15918898253936,0.246379161338738,0.242744568341948,2.08956605593567,0.116169846678166,0.907517933785698,2.1430558404024,3.09024659483042,0.693490236017883,0.488001951213092
0,"",158384.054245594,0,0.617065818413226,0.279054842788787,0.514905390233532,1.31294376319811e-05,0.0243867073988741,0.00873575305522835,-0.0564896206336407,0.152374814201862,51.1345561047849,-0.370728069002301,0.712371500869323,-0.0559601315491861,0.111915483107736,19042.5576618941,-0.500021355358989,0.617065818413226,1.55796385244286,1.42300429746678,47.9542245083845,1.0948412841875,0.279054842788787,-1.00955682517991,1.53896579664065,48.8306714741547,-0.65599692168834,0.514905390233532,-0.000529489084454646,0.189660681247608,-0.00279177044483659,0.997772492358285,-0.112449752182827,0.188454622424797,-0.596694051522668,0.550711664809507,0.111920263098372,0.223830966215472,0.500021355358989,0.617060040569374,2.56752067762277,2.08004414061391,1.23435874628362,0.217069254209262,0.548407027262945,2.11190205283654,0.259674461003704,0.795114894173123,2.01911365035983,3.07793159328131,0.65599692168834,0.511826104865433
0,"",158356.225198489,0,0.359766982649054,0.24610821162188,0.656723117160915,4.40488103376937e-05,0.0276910123994252,0.00410995957981304,-0.00407814811334842,0.155225821720364,50.9266119593234,-0.0262723564169312,0.979142784717484,-0.102412771365403,0.111824930399161,19040.4693699248,-0.915831299870602,0.359766982649054,1.68958908894124,1.43907673679747,48.4016038970207,1.17407852252636,0.24610821162188,-0.700038288888707,1.56538045782371,48.4593530648954,-0.447200094641494,0.656723117160915,0.0983346232520548,0.191905477075123,0.512411759949722,0.608362862285072,-0.106490919478752,0.190714523420866,-0.558378657108085,0.576585843749643,0.204825542730806,0.223649860798322,0.915831299870602,0.359755384119504,2.38962737782995,2.11019712502848,1.1324190282923,0.257458308723802,0.989550800052534,2.14237806135557,0.461893639550438,0.644157595431635,1.40007657777742,3.13076091564742,0.447200094641494,0.654730593071155
0,"",158451.804344004,0,0.0998193517753554,0.236052358379627,0.621330537721676,0.00014225605991682,0.0291453956191303,0.00510795175276833,-0.00758543331715236,0.162937365546424,50.9259991648719,-0.0465542896910967,0.96305054935916,-0.184487741156769,0.112095394050085,19038.2458017403,-1.64581018444289,0.0998193517753554,1.72640875181011,1.43873364471149,47.9634813785187,1.19995021883034,0.236052358379627,-0.780991062340513,1.57086601491124,48.1440934011873,-0.497172295362594,0.621330537721676,0.176902307839616,0.198351490910071,0.891862758520028,0.372466498166339,-0.192073174473921,0.197191812635966,-0.974042339316112,0.330035517294761,0.368975482313537,0.22419078810017,1.64581018444289,0.0998028448335644,2.50739981415063,2.11397375924465,1.18610735028545,0.235579908180808,0.945417689469603,2.14622086926787,0.440503446316831,0.659572516773975,1.56198212468103,3.14173202982249,0.497172295362593,0.619067556515615
0,"",158614.426768086,0,0.0831372933407955,0.29404663409928,0.835334705301004,0.00015770554316597,0.0231904749791553,0.000909628665500417,-0.0495524151404734,0.164305027446697,50.5929009685383,-0.301587942319957,0.764202386643495,-0.195077862540703,0.112575861382986,19037.5021258154,-1.73285693881606,0.0831372933407955,1.50356443819415,1.4170685289065,47.4201175953556,1.06103862129688,0.29404663409928,-0.329305199847608,1.57563833581994,47.9760772122029,-0.208997961246128,0.835334705301004,0.14552544740023,0.199751823873128,0.728531257329896,0.46628844177706,-0.244630277681177,0.198590387683094,-1.23183342625602,0.21801131413121,0.390155725081407,0.225151722765973,1.73285693881606,0.0831210995794395,1.83286963804176,2.10303758434135,0.871534418447304,0.383462421400152,1.17425923834654,2.13510460649895,0.549977380392634,0.582334888183897,0.658610399695217,3.15127667163988,0.208997961246128,0.834449830164697
0,"",158639.91362419,0,0.0484791583024506,0.334673999011419,0.995746776949819,0.000204498742141548,0.0198346653280655,6.01286325876915e-07,-0.093627916652747,0.162374830298082,50.1629920367097,-0.576615947686402,0.566777518686662,-0.222295374514962,0.112653252579192,19036.7987416432,-1.97327080599554,0.0484791583024506,1.3843098314986,1.42015255494605,46.953835007171,0.974761356924209,0.334673999011419,0.0084590989573345,1.57859430727156,47.7557376581409,0.00535862755767516,0.995746776949819,0.128667457862215,0.198211698491076,0.649141593769289,0.516246859234935,-0.315923291167709,0.197040108209692,-1.60334509576853,0.108858485477198,0.444590749029923,0.225306505158384,1.97327080599554,0.0484647171833094,1.37585073254127,2.10727200841831,0.652906092353005,0.513816821079361,1.39276893045593,2.13939038398247,0.651012055061826,0.515038705077296,-0.016918197914669,3.15718861454312,-0.00535862755767516,0.995724454266618
0,"",158659.709789492,0,0.019424625842367,0.249848307337807,0.72725520580898,0.000286940716110773,0.028331120040898,0.00253976971581294,-0.0864200291600786,0.160213843461046,50.3153521741251,-0.539404256793143,0.591987065852829,-0.263455364097788,0.112709215184342,19036.1197014939,-2.33747847207429,0.019424625842367,1.69934934984875,1.45834499716546,46.5692599567015,1.16525880580502,0.249848307337807,-0.557968670489767,1.59051426871068,48.3332209928912,-0.35081022626856,0.72725520580898,0.17703533493771,0.196477797888346,0.901044987476473,0.367564400713363,-0.349875393257867,0.195295060319017,-1.79152198056797,0.0732095705493159,0.526910728195576,0.225418430368684,2.33747847207429,0.0194143190387006,2.25731802033852,2.14154008794146,1.05406293024771,0.291854106503839,1.14138067935898,2.17412455742519,0.524984033440436,0.599594290401697,1.11593734097954,3.18102853742137,0.35081022626856,0.725730724751401
0,"",158759.912573531,0,0.0394452284314036,0.23366089604957,0.645659070421195,0.000222827717983817,0.0307237105734111,0.00444476150280812,-0.0926614304610574,0.161524322793864,50.3329325012849,-0.57366858971024,0.568746716193745,-0.232735032572051,0.112997168044983,19033.6643518293,-2.0596536762709,0.0394452284314036,1.80143973656942,1.49266178445919,45.9505350099117,1.20686397637098,0.23366089604957,-0.751463957711592,1.62402023938599,47.9568153772301,-0.462718345182513,0.645659070421195,0.140073602110993,0.197715455908807,0.708460557456874,0.478659297692303,-0.325396463033108,0.196533793977467,-1.65567690140055,0.0977872674606942,0.465470065144102,0.225994336089967,2.0596536762709,0.0394316608851048,2.55290369428102,2.18919297183603,1.16613917874035,0.243558178460145,1.04997577885783,2.22225021397326,0.472483148952222,0.636581966850947,1.50292791542319,3.24804047877198,0.462718345182513,0.643566266918453
0,"",158861.696180318,0,0.113365910495825,0.274216034922748,0.771709042352526,0.000131698101364846,0.0267034696942803,0.00177931422565068,-0.0215869238297846,0.166852259405721,50.4457282905009,-0.129377473860234,0.89757345605492,-0.17937853565348,0.113292895941272,19032.6332427556,-1.58331671340156,0.113365910495825,1.6344571026498,1.47646149626177,44.6663312526641,1.10700963539385,0.274216034922748,-0.478717918242612,1.6406124182679,47.7662658998168,-0.29179220692967,0.771709042352526,0.157791611823695,0.202260630034197,0.780140019325646,0.435308462888539,-0.200965459483265,0.201098361547969,-0.999339119107278,0.317630441203765,0.35875707130696,0.226585791882544,1.58331671340156,0.113349295379352,2.11317502089241,2.19058476655476,0.964662519869482,0.33471387379825,1.15573918440719,2.22360826009777,0.519758450778722,0.603231941856134,0.957435836485226,3.2812248365358,0.29179220692967,0.770445504051049
0,"",158938.476716649,0,0.143576973278776,0.257542097418144,0.826053063381593,0.000112401011268055,0.0290136900627932,0.00101743183098934,0.0616386726223064,0.173617867729065,50.2766939753047,0.355024937401577,0.724055946943601,-0.166027189511686,0.113510453024522,19031.2661198061,-1.46265991446461,0.143576973278776,1.666487245141,1.45280541843309,44.0351241953713,1.14708220660298,0.257542097418144,-0.372459764329801,1.68555601919262,47.9429701703617,-0.220971453982413,0.826053063381593,0.227665862133993,0.207998517227526,1.09455521687663,0.273711544246112,-0.10438851688938,0.206862733986548,-0.504626980788953,0.613820855820171,0.332054379023373,0.227020906049044,1.46265991446461,0.143560459947792,2.0389470094708,2.2087171941968,0.923136295958553,0.355936181791797,1.2940274808112,2.24166315743232,0.577262233409511,0.563762322061032,0.744919528659604,3.37111203838524,0.220971453982413,0.825114659999849
0,"",158941.065410834,0,0.195946813466642,0.170856043760147,0.795520481982116,8.78676250384402e-05,0.0428450223061413,0.00142982716465293,0.0547754737833415,0.169422197350966,50.3902415112049,0.323307539624643,0.747800273584182,-0.146812564621921,0.113523836717977,19032.0372767992,-1.29323117387797,0.195946813466642,1.97968471672869,1.42160431375151,43.3227966629588,1.39257084237768,0.170856043760147,-0.446621209604959,1.71374552591473,47.433051480023,-0.26061116008841,0.795520481982116,0.201588038405262,0.204516364239153,0.985681704029967,0.324289330351768,-0.0920370908385791,0.203362094981334,-0.452577412949188,0.65085306624258,0.293625129243841,0.227047673435954,1.29323117387797,0.195931116823083,2.42630592633365,2.21025715207396,1.09774825253114,0.272314433291847,1.53306350712373,2.24288395300453,0.683523329448259,0.494276213644997,0.893242419209921,3.42749105182946,0.26061116008841,0.794392382515194
0,"",158987.172304811,0,0.314300653352335,0.178626348642031,0.762241483891835,5.31940914954481e-05,0.0409893893858648,0.00200051129066046,0.0258909010999008,0.163767307237459,50.9010447966548,0.158095663515793,0.875006957560359,-0.114386928295744,0.113674697175938,19034.3778053262,-1.00626552027409,0.314300653352335,1.89482350816523,1.38615913444281,43.7183043859884,1.36695957995247,0.178626348642031,-0.517007745040534,1.69882825913884,46.204519358245,-0.304331966612454,0.762241483891835,0.140277829395645,0.199943331368059,0.701587937121141,0.482936176587861,-0.0884960271958436,0.19876116229571,-0.445238024238269,0.656147750476818,0.228773856591489,0.227349394351875,1.00626552027409,0.314287861823282,2.41183125320577,2.17646651775562,1.10814075637279,0.267801031740776,1.3778157631247,2.20859745023502,0.623841960416137,0.532731379828053,1.03401549008107,3.39765651827768,0.304331966612454,0.760874993580654
0,"",158996.678912886,0,0.378775948456432,0.3526776940065,0.880057335687892,4.06934796908262e-05,0.019847790824793,0.000511568087118641,0.0278900894976806,0.168760166625295,50.7044469559804,0.165264647786264,0.869392837155831,-0.100086962895038,0.11371264887317,19036.8447471474,-0.880174403523665,0.378775948456432,1.27225430050451,1.35425539051523,43.5840975644031,0.93944931614448,0.3526776940065,-0.240869876502604,1.5872121725978,44.9955263618017,-0.151756570836002,0.880057335687892,0.127977052392719,0.204074938060428,0.627108128068248,0.530588359532545,-0.0721968733973575,0.202915106293082,-0.355798415979338,0.721991535430238,0.200173925790076,0.22742529774634,0.880174403523665,0.378764837541409,1.51312417700711,2.07076324752741,0.730708437487412,0.464957260764078,1.0313844240019,2.10200852991946,0.490666145889249,0.623662594481058,0.481739753005208,3.17442434519561,0.151756570836002,0.8793789367572
0,"",158995.6448168,0,0.359786158618977,0.337191278392896,0.837465213989001,4.40575397788409e-05,0.0212667178709922,0.000939416345013183,0.0862535660394736,0.174726725721348,50.332013440269,0.493648385405159,0.623701849024326,-0.104127023290618,0.113701266831899,19035.1771589361,-0.915794750506726,0.359786158618977,1.30958627894773,1.34941949563148,43.3449153295322,0.970481220396842,0.337191278392896,-0.329092000768356,1.5950477837201,45.2710918299917,-0.206321092149867,0.837465213989001,0.190380589330091,0.209030277501474,0.910779967408065,0.36241131961036,-0.0178734572511442,0.207896985568865,-0.0859726619038625,0.931488149383445,0.208254046581236,0.227402533663798,0.915794750506726,0.359774557361878,1.63867827971608,2.0736156283372,0.790251702062121,0.429380787035622,0.980494278179371,2.10483705806344,0.465829064736002,0.641337859068988,0.658184001536713,3.1900955674402,0.206321092149867,0.836540103805612
0,"",159044.947103791,0,0.74858569505531,0.224584566072185,0.816633853962173,5.39729623531498e-06,0.0329122080679936,0.00117503381375334,0.0629771357403301,0.171402256678987,50.4129415543016,0.367423025580566,0.714841510382991,-0.0364868214496953,0.113840084078191,19032.8159460077,-0.320509438702052,0.74858569505531,1.74276848177266,1.41512657379147,44.5653890684338,1.23152834103267,0.224584566072185,-0.38445066744886,1.64857145203162,46.2279583496507,-0.233202307958859,0.816633853962173,0.0994639571900253,0.206337317306678,0.482045412280866,0.629773686585972,0.0264903142906348,0.205186520419449,0.129103579691699,0.897275689531746,0.0729736428993905,0.227680168156381,0.320509438702052,0.748582176407855,2.12721914922152,2.15635760796381,0.986487186246535,0.323894100102346,1.3583178143238,2.18880423317973,0.620575286603198,0.534879104251466,0.768901334897722,3.29714290406325,0.233202307958859,0.815604313762603
0,"",159115.609664834,0,0.783304079386147,0.225740694753828,0.660131576969451,3.97406122093932e-06,0.0318904605797374,0.00424113847651738,0.0894316555867692,0.177440070146587,50.3452643089847,0.504010483724943,0.616452597080389,0.0313636917790901,0.114041613791251,19032.3040319346,0.275019711984259,0.783304079386147,1.77983116270549,1.44942675576568,45.7750442712562,1.22795522824833,0.225740694753828,-0.724311144580695,1.63650118276984,45.9927539719965,-0.442597385328358,0.660131576969451,0.0580679638076792,0.211490936683116,0.274564786171827,0.783650623442259,0.120795347365859,0.210362829512192,0.574223819131785,0.565816352917893,-0.0627273835581801,0.228083227582503,-0.275019711984259,0.783301094067755,2.50414230728619,2.16960162584989,1.15419452006783,0.248420428735414,1.0555200181248,2.20244792632711,0.479248569515569,0.631761805314299,1.44862228916139,3.27300236553968,0.442597385328358,0.65805697633294
0,"",159252.903683215,0,0.594862562854055,0.346576763908994,0.541854968715449,1.48601989112951e-05,0.019684571855437,0.00821525036232222,0.0929798544298663,0.177233107069418,50.5080648882415,0.524618994539481,0.602143180946597,0.060867888867077,0.114453816009696,19032.0183334921,0.531811790896694,0.594862562854055,1.39401555673666,1.46553158161743,45.059331227699,0.951201307581618,0.346576763908994,-0.999741701675589,1.62658033339199,45.6059182706132,-0.614627929006605,0.541854968715449,0.0321119655627893,0.211544076995986,0.151797989425148,0.879346267964545,0.153847743296943,0.210408184178369,0.731187068115763,0.464664897962151,-0.121735777734154,0.228907632019392,-0.531811790896694,0.594856355562469,2.39375725841225,2.1728457959346,1.10166918558647,0.270605518066841,0.394273855061071,2.20586353668597,0.178739005611116,0.858142640289708,1.99948340335118,3.25316066678398,0.614627929006605,0.538800465623258
0,"",159331.368885903,0,0.555076600174409,0.304986531583022,0.838963471424838,1.83004529122398e-05,0.0232856166006249,0.000906122446699853,0.0555525431349022,0.172780142892889,50.7007982633355,0.321521571893482,0.749136963973919,0.0676897266066241,0.114693247160653,19032.6839992143,0.590180575424895,0.555076600174409,1.50958489707648,1.45489935035633,45.1574100285685,1.03758716828539,0.304986531583022,-0.339555732214122,1.66146064125467,46.0533711219878,-0.204371818256075,0.838963471424838,-0.0121371834717218,0.207961331438241,-0.0583626936208872,0.953459730273809,0.123242269741526,0.206802132656116,0.595942934236859,0.551213349879468,-0.135379453213248,0.229386494321307,-0.590180575424895,0.555069593424474,1.84914062929061,2.19185173611793,0.843643116375056,0.398868863064659,1.17002916486236,2.22489395951541,0.525880867201958,0.598970983191907,0.679111464428245,3.32292128250935,0.204371818256075,0.8380629511775
0,"",159265.86822543,0,0.481588085664973,0.133693374626032,0.928988266651097,2.60202926081885e-05,0.0495471813203613,0.000173323353499649,-0.0276983524063205,0.171676924367161,50.7974167878093,-0.161339985023746,0.872465621780125,0.0805812711790878,0.114500343552104,19034.048523271,0.703764448902451,0.481588085664973,2.17615186673965,1.4247217115608,44.7538008434722,1.52742240753504,0.133693374626032,-0.149045553618234,1.66338037793269,46.3150927223261,-0.0896040109619866,0.928988266651097,-0.108279623585408,0.206936718395822,-0.52324993082327,0.600800338894425,0.0528829187727672,0.205776054600636,0.256992578049963,0.797184502564584,-0.161162542358176,0.229000687104208,-0.703764448902451,0.481579476797111,2.32519742035788,2.1737349071112,1.0696784657371,0.284764062569435,2.02710631312141,2.20640182826583,0.918738503183104,0.358232365416369,0.298091107236469,3.32676075586539,0.0896040109619866,0.92860189694444
0,"",159223.216511969,0,0.536195774927839,0.114627475256505,0.806845066764816,2.01053114909351e-05,0.0557763241292429,0.00130068336116654,-0.10336110716516,0.174048988090179,50.6096016882356,-0.59386215512845,0.555249566798041,0.0707461651769728,0.114367337917668,19031.9042942671,0.618587146164952,0.536195774927839,2.3453151100565,1.4569490042234,43.8670770953559,1.60974413192082,0.114627475256505,-0.404765044683774,1.64606898391609,46.4272654346541,-0.245897984008431,0.806845066764816,-0.174107272342133,0.208835021413708,-0.833707254480184,0.404445969151991,-0.0326149419881869,0.207686808214472,-0.1570390641013,0.87521406133325,-0.141492330353946,0.228734675835335,-0.618587146164952,0.536188371793671,2.75008015474027,2.18168181410573,1.26053218987276,0.207477443192585,1.94055006537273,2.2146673482572,0.876226430529087,0.380906950688688,0.809530089367548,3.29213796783219,0.245897984008431,0.805761204455476
0,"",159345.684945561,0,0.742484020920097,0.139000379255857,0.813639049084216,5.67241462986398e-06,0.0504002152242566,0.0012007132588403,-0.118591397628967,0.173432575832775,50.6356328605687,-0.683789634441653,0.497225436287183,0.0377000529624691,0.114739642358347,19032.0909734642,0.328570424202011,0.742484020920097,2.18764660938663,1.45108233746192,42.8231332430426,1.5075964698275,0.139000379255857,-0.386378834910658,1.62981600521705,46.7507322558864,-0.237068990409872,0.813639049084216,-0.156291450591437,0.208529763155778,-0.749492294175207,0.453560541421786,-0.0808913446664984,0.207372673356979,-0.39007716569892,0.696479487196383,-0.0754001059249382,0.229479284716694,-0.328570424202011,0.742480405993056,2.5740254442973,2.16568030649502,1.1885528240607,0.234615681379745,1.80126777447598,2.19856979238115,0.819290695577657,0.412620579852169,0.772757669821317,3.25963201043411,0.237068990409872,0.812603268755643
0,"",159337.597666181,0,0.592727305030659,0.111588440428949,0.905061613944835,1.50344748916098e-05,0.0589188425301477,0.000306483318677539,-0.116083857310535,0.168467250398893,50.7027674432303,-0.689058894447874,0.493927525846544,0.0613608876167845,0.114715324743292,19030.2982703124,0.534897039729406,0.592727305030659,2.31848279569035,1.42666175084397,42.1831095573583,1.62511036292856,0.111588440428949,-0.204947078389674,1.70908415588454,46.9047257606557,-0.119916317569279,0.905061613944835,-0.177444744927319,0.204404108090503,-0.868107527705621,0.385335470478918,-0.0547229696937501,0.203225492917524,-0.26927217106546,0.787720245805642,-0.122721775233569,0.229430649486585,-0.534897039729406,0.592721055437828,2.52342987408002,2.2098178847576,1.14191757225136,0.253488283702806,2.11353571730067,2.24262563140598,0.942438045700757,0.345968416360039,0.409894156779349,3.41816831176909,0.119916317569279,0.904549438201361
0,"",159398.000473817,0,0.630870314819432,0.0941968932197706,0.907585279131408,1.21308155836018e-05,0.0653590033169396,0.000289344306817491,-0.0976391090644657,0.168264589414654,51.0349521924185,-0.580271282294897,0.564285104924819,0.0552124844596512,0.114903923153785,19033.1029692222,0.480510003002734,0.630870314819432,2.37989109501759,1.38974443490202,41.9356797138546,1.71246672067831,0.0941968932197706,-0.197465579733389,1.69191151296509,47.0637899922275,-0.116711529072421,0.907585279131408,-0.152851593524117,0.204344822854309,-0.748008153028153,0.454455239832424,-0.0424266246048145,0.203162399539549,-0.208831086367217,0.834580102912242,-0.110424968919302,0.22980784630757,-0.480510003002734,0.630864792118374,2.57735667475099,2.17331798715253,1.18590868431905,0.23565836324208,2.18242551528421,2.20558319970234,0.989500425818777,0.322418361623994,0.394931159466778,3.38382302593018,0.116711529072421,0.907088653840242
0,"",159397.187495652,0,0.803239280402713,0.125583147848253,0.974631864871659,3.26167680055232e-06,0.0532208858077942,2.08765370821733e-05,-0.0819868339532167,0.168217852388849,51.0029471286488,-0.487384857129775,0.628074004402703,-0.0286271326697922,0.114894321689594,19033.3936265523,-0.249160552486948,0.803239280402713,2.23525337424841,1.4311418836967,43.3965000288838,1.56186706553137,0.125583147848253,-0.0548412527562051,1.71579282113662,48.9347656930362,-0.0319626309660602,0.974631864871659,-0.0533597012834245,0.204300991872916,-0.261181802370379,0.793952310807935,-0.110613966623009,0.203118208827765,-0.544579273622902,0.586042912877219,0.0572542653395845,0.229788643379187,0.249160552486948,0.803236591859278,2.29009462700462,2.21779661816722,1.03259902564787,0.301791584347042,2.18041212149221,2.25068930621618,0.968775261636569,0.332657332074775,0.10968250551241,3.43158564227324,0.0319626309660602,0.974501851829693
0,"",159353.964308959,0,0.738284347258426,0.223928771072862,0.846019978644433,5.86620602595345e-06,0.0327106488728742,0.00076401210599156,-0.129185968545259,0.168802624504963,50.7483156620094,-0.765307819852414,0.447632946092008,-0.0383426648358359,0.114753370162059,19031.535485616,-0.33413105673225,0.738284347258426,1.84202258488465,1.49375813848848,44.9672760045502,1.23314647627532,0.223928771072862,0.339522378909738,1.73924215724358,49.8407455087339,0.195212827320048,0.846019978644433,-0.0908433037094228,0.204702495885232,-0.443782101027019,0.657200130394342,-0.167528633381095,0.203524475641101,-0.823137526105304,0.410429790949815,0.0766853296716719,0.229506740324119,0.33413105673225,0.73828066560896,1.50250020597492,2.27580617042574,0.660205700072357,0.50912183488842,2.18154496379439,2.30938511087256,0.944643209798012,0.344841059203803,-0.679044757819478,3.47848431448716,-0.195212827320048,0.845226337492989
0,"",159407.513769621,0,0.820175019147591,0.260818145820555,0.839222624111791,2.71496471758076e-06,0.0273004689283382,0.000850595076535579,-0.162497105905617,0.171519759372192,50.7936636080312,-0.947395836493705,0.347922748600677,-0.0261244339274943,0.114922080601521,19033.6223573208,-0.227323015653342,0.820175019147591,1.65992871427741,1.45810134047844,46.1755478202629,1.13841793309972,0.260818145820555,0.343142869277212,1.6823060821328,48.8705803243702,0.203971722459792,0.839222624111791,-0.136372671978123,0.207044403417641,-0.658663889132215,0.5101116264795,-0.188621539833112,0.205875787656508,-0.91619098088317,0.359566735146157,0.0522488678549886,0.229844161203043,0.227323015653342,0.820172577630986,1.3167858450002,2.20961542328159,0.595934401582239,0.551219050287304,2.00307158355462,2.24277199629572,0.89312314709788,0.371791228480265,-0.686285738554426,3.36461216426561,-0.203971722459793,0.838375596562878
0,"",159412.654977352,0,0.63700997203087,0.222395950965714,0.916706522844333,1.16962157098907e-05,0.0324458873272964,0.000230992052767543,-0.194254025943621,0.164825646048636,50.4207098670447,-1.17854248171005,0.244112514926694,-0.0542501634533998,0.114963326004921,19038.51249753,-0.47189103985281,0.63700997203087,1.70575553049714,1.37888737485055,45.6343210310913,1.23705210563844,0.222395950965714,0.169347322658237,1.61072731675511,47.8426528727157,0.105137176787562,0.916706522844333,-0.140003862490221,0.201556489967739,-0.694613517593158,0.487297538605747,-0.248504189397021,0.200357433590103,-1.24030431486469,0.214862857057941,0.1085003269068,0.229926652009842,0.47189103985281,0.637004563940178,1.53640820783891,2.10437881673593,0.730100586272772,0.465328703015097,1.87510285315538,2.13614970416397,0.877795619614237,0.380054642049964,-0.338694645316474,3.22145463351022,-0.105137176787562,0.916266959953976
0,"",159477.516282365,0,0.659827471803892,0.118169041244016,0.914446284309673,1.01772038576251e-05,0.0530739828162356,0.000244078323931556,-0.197330597804525,0.169413378721345,49.6273354250136,-1.16478757046159,0.249673598104699,-0.0506857402322146,0.115153440530851,19036.4015270032,-0.440158279236434,0.659827471803892,2.21948288961393,1.39346148421691,45.2634897063264,1.5927838083456,0.118169041244016,0.172465352275098,1.59686988984745,47.7781608736001,0.10800213177767,0.914446284309673,-0.14664485757231,0.205434220975123,-0.713828771449273,0.47533306629599,-0.248016338036739,0.204252775658234,-1.21426177557427,0.224647777230958,0.101371480464429,0.230306881061703,0.440158279236434,0.659822474448044,2.04701753733884,2.10333738073308,0.973223580814882,0.330442193476099,2.39194824188904,2.13528184767393,1.12020258332393,0.262627443367029,-0.344930704550197,3.19373977969491,-0.10800213177767,0.913994001189123
0,"",159437.243027241,0,0.975276147689108,0.191790177020934,0.986951231549038,5.04589834177013e-08,0.036472783560292,5.62422128568485e-06,-0.23249858176684,0.169880251087702,49.073334070885,-1.36860276740944,0.177356501368065,-0.00356500670397618,0.115029450358197,19035.4914593635,-0.0309921215208358,0.975276147689108,1.8628555631478,1.40632929719308,46.3531651751351,1.3246225950536,0.191790177020934,-0.0262694304828692,1.59787240470928,48.0565157111876,-0.0164402554330667,0.986951231549038,-0.228933575062864,0.205748943939545,-1.11268408322976,0.265844133854567,-0.236063588470816,0.204571553218968,-1.15394141930447,0.248524186593051,0.00713001340795236,0.230058900716393,0.0309921215208358,0.975275822771834,1.88912499363067,2.11246972085867,0.894273169919232,0.371175751525883,1.83658613266494,2.14461845236055,0.856369640316876,0.391793352057898,0.0525388609657385,3.19574480941857,0.0164402554330667,0.986883164891031
0,"",159403.805742162,0,0.681266917682588,0.497398640655927,0.97635642460071,8.86287366631516e-06,0.00989756364311499,1.85512024027923e-05,-0.302182538457193,0.168829271993371,49.0669221318924,-1.78987052949596,0.0796466390144063,0.0472046335979386,0.114925482662453,19035.2323065009,0.410741225569469,0.681266917682588,0.980041643529829,1.4329759767015,46.7910797099288,0.683920497945639,0.497398640655927,0.0479696837280602,1.61012302801365,47.8448797008444,0.0297925580179041,0.97635642460071,-0.349387172055131,0.204822629737723,-1.70580356527267,0.0880446591078003,-0.254977904859254,0.203642013448459,-1.25208890121187,0.210537471467895,-0.0944092671958772,0.229850965324905,-0.410741225569469,0.681262294314177,0.932071959801771,2.13908836557425,0.435733266003507,0.663030266951808,1.02801132725789,2.17166608725924,0.473374490345933,0.635946026164023,-0.0959393674561206,3.22024605602731,-0.0297925580179041,0.976232493975271
0,"",159530.793773475,0,0.742640915766466,0.386029610813692,0.9595453959676,5.66507923628265e-06,0.015751643174841,5.37945544847246e-05,-0.322041955402749,0.175954420703021,49.1353482455338,-1.83025782538477,0.0732804721511714,0.0378566224355377,0.115288981705286,19032.6679917826,0.32836288321386,0.742640915766466,1.29489939358855,1.48014350591843,47.823707362167,0.874847194485418,0.386029610813692,0.0849297275571522,1.66568633710913,48.3249414559774,0.0509878274588907,0.9595453959676,-0.359898577838287,0.21093729228548,-1.70618753061077,0.0879731696112543,-0.284185332967211,0.209781966952417,-1.3546699799591,0.175522726505247,-0.0757132448710754,0.230577963410572,-0.32836288321386,0.742637303430608,1.2099696660314,2.21154405336624,0.547115335183886,0.584299497359362,1.3798291211457,2.24493751438867,0.614640323974209,0.538792278098339,-0.169859455114305,3.33137267421827,-0.0509878274588907,0.959335220212752
0,"",159667.950370884,0,0.70912412057255,0.408218750289306,0.967405666847206,7.31145789284533e-06,0.0140772434472736,3.46183794774771e-05,-0.319756964383915,0.175390598347869,49.3866400245799,-1.82311348154313,0.0743418842747975,-0.0431601571958703,0.115699008590085,19032.6649296006,-0.37303826300521,0.70912412057255,1.27683566417386,1.53054718817045,48.741830097038,0.834234758681394,0.408218750289306,-0.0690408033090199,1.68093625492246,48.7289904734611,-0.0410728265910384,0.967405666847206,-0.276596807188045,0.210696142310822,-1.3127758494031,0.189258490221526,-0.362917121579786,0.209531336010732,-1.73204222570889,0.083266044521545,0.0863203143917405,0.23139801718017,0.37303826300521,0.709119966282921,1.34587646748288,2.25631501903011,0.596493156377347,0.550845824362956,1.20779486086484,2.29025878702771,0.527361740824196,0.597942406718842,0.13808160661804,3.36187250984493,0.0410728265910384,0.967237837556234
0,"",159741.554622276,0,0.899563394237468,0.357323285149683,0.915732601109687,8.36949902251144e-07,0.0175579629229313,0.000232466309210603,-0.357496711535712,0.171475657790931,49.7746816133971,-2.08482484418625,0.0422356584193603,-0.014632156768369,0.115930785448509,19033.5285548094,-0.126214591851169,0.899563394237468,1.41883722965123,1.52668767103313,48.327859910608,0.929356578016432,0.357323285149683,-0.176962981255398,1.66378226516429,48.6531406280318,-0.106361862943601,0.915732601109687,-0.342864554767343,0.207579747008813,-1.6517245044758,0.0985907249358581,-0.372128868304081,0.206393665336024,-1.80300527973195,0.0713873855032307,0.029264313536738,0.231861570897018,0.126214591851169,0.899562061108698,1.59580021090663,2.2410804099947,0.712067359917,0.476423065107844,1.24187424839583,2.27496196395843,0.545887917279713,0.585142984423992,0.353925962510797,3.32756453032858,0.106361862943601,0.915295250352327
0,"",159770.65994246,0,0.987898445439032,0.174361850031449,0.898145996150308,1.20873788183142e-08,0.0389155068842526,0.000346125565354573,-0.34043488991205,0.163936638752463,50.3196940633157,-2.07662480152525,0.0429623131523958,-0.00175993264742546,0.116030613475293,19033.3301172463,-0.0151678302364592,0.987898445439032,2.06380832492257,1.49637292269472,46.9783670236454,1.37920721073059,0.174361850031449,-0.216820726469232,1.68488626919245,47.8273572044102,-0.128685674774448,0.898145996150308,-0.338674957264624,0.201454191768237,-1.68115120510499,0.0927335485420973,-0.342194822559475,0.20023201091939,-1.70899158924812,0.0874525074531943,0.00351986529485092,0.232061226950587,0.0151678302364592,0.987898286461466,2.28062905139181,2.23653861265343,1.01971369440658,0.307864264980702,1.84698759845334,2.27020755920791,0.813576534428317,0.415887585220519,0.433641452938466,3.36977253838491,0.128685674774448,0.897606371027517
0,"",159835.79513814,0,0.804427944009576,0.0926845810138967,0.992429102392505,3.22160662724148e-06,0.0598123647630157,1.9400246597802e-06,-0.244571544000348,0.157170798046468,50.4062156911761,-1.55608768957221,0.12594423595048,0.0287831478579124,0.116237270367646,19033.2022567816,0.247624086206381,0.804427944009576,2.59859668763476,1.51357934897368,46.3330549207935,1.71685527382282,0.0926845810138967,-0.0160356916727889,1.68096718853236,46.9082065611082,-0.00953956256980215,0.992429102392505,-0.27335469185826,0.196111394180451,-1.39387460377103,0.163355474545023,-0.215788396142435,0.194853397801448,-1.1074397397079,0.268103852384385,-0.0575662957158248,0.232474540735292,-0.247624086206381,0.804425272919439,2.61463237930755,2.24500780925182,1.16464288833762,0.244163575683072,2.58256099596198,2.27883439624785,1.13328155842049,0.257096033633176,0.0320713833455778,3.36193437706473,0.00953956256980215,0.992388645751918
0,"",159904.243950973,0,0.804459379223279,0.0986651124867127,0.89994101396514,3.21978866573816e-06,0.0570951061118731,0.000340454062993863,-0.239443209651804,0.156759501822457,50.459576309625,-1.52745579609581,0.132892370936139,0.0288332370590117,0.116458656151236,19037.7005319473,0.247583460190098,0.804459379223279,2.43537451423563,1.44545771451499,46.880230308153,1.68484659895623,0.0986651124867127,0.208356667418594,1.64815399535353,46.9259232328928,0.126418203642373,0.89994101396514,-0.268276446710816,0.195915550056485,-1.36934738785905,0.170890711735576,-0.210609972592793,0.19465204148536,-1.08198183273939,0.279260600562173,-0.0576664741180235,0.232917312302471,-0.247583460190098,0.804456709226148,2.22701784681704,2.17566204407671,1.02360467834614,0.30602203461131,2.64373118165423,2.20862261685092,1.19700448663507,0.231304805993621,-0.416713334837188,3.29630799070706,-0.126418203642373,0.899400893330004
0,"",160010.488938089,0,0.887782262406314,0.138859131214451,0.670409359007657,1.04599520574535e-06,0.0448011644774533,0.00387214668255589,-0.309600484421129,0.160644045287176,50.3154187084549,-1.9272453197233,0.0596045518600548,0.0164785626586295,0.11677575252302,19037.2037428567,0.141112879194514,0.887782262406314,2.16026712416943,1.43547285145412,48.2869115082465,1.50491674013974,0.138859131214451,0.722514087377184,1.68708571613195,47.1825734677218,0.428261635119361,0.670409359007657,-0.326079047079758,0.199226930111465,-1.63672173685215,0.101688624989986,-0.293121921762499,0.197976770469299,-1.48058745007134,0.138716541649615,-0.0329571253172589,0.233551505046041,-0.141112879194514,0.887780769337873,1.43775303679225,2.19857476905261,0.65394775607827,0.51314546497808,2.88278121154662,2.2315801635975,1.2918116313148,0.196422386332226,-1.44502817475437,3.3741714322639,-0.428261635119361,0.66846064718804
0,"",160075.935172029,0,0.785850576410638,0.271013539214452,0.759334726061805,3.87820749357557e-06,0.0250744449513484,0.00200061267270379,-0.377001163404306,0.160050378143679,50.2175291116729,-2.35551560562929,0.0224429595609992,0.0317823485122347,0.116973047721734,19035.6466547815,0.271706595076855,0.785850576410638,1.63920942963452,1.47211890617751,48.2084571807419,1.11350341521723,0.271013539214452,0.521590315819631,1.69276202422093,47.3624852674942,0.30812973610965,0.759334726061805,-0.408783511916541,0.198866620862608,-2.05556623903696,0.0398243447955127,-0.345218814892071,0.19760997439699,-1.74697059672981,0.080642438595444,-0.0635646970244694,0.233946095443467,-0.271706595076855,0.785847629872158,1.11761911381489,2.22652167536068,0.501957437101459,0.615697461125729,2.16079974545416,2.26003449493337,0.956091489000863,0.339026014346246,-1.04318063163926,3.38552404844186,-0.30812973610965,0.757983615145589
0,"",160113.380556461,0,0.678890413802348,0.418782920434335,0.959663558196741,9.00423382894947e-06,0.0138380162850567,5.41259595279143e-05,-0.391064903754381,0.16184122202647,49.9509347899841,-2.41634917765525,0.0193736169249263,0.0484682692548671,0.117077609728822,19033.4122470867,0.413984103084531,0.678890413802348,1.26227268505718,1.54757851015282,47.410595157764,0.815643714859116,0.418782920434335,-0.0859590904753815,1.69071301069755,47.7545457194047,-0.050841916949534,0.959663558196741,-0.439533173009248,0.200373335924646,-2.19357117044027,0.0282662528856069,-0.342596634499514,0.19912313261924,-1.72052654050306,0.0853367735631672,-0.0969365385097341,0.234155219457644,-0.413984103084531,0.678885749063428,1.34823177553257,2.27485358374474,0.5926674952474,0.553403698934033,1.1763135945818,2.30912551234907,0.509419513270693,0.61045820155033,0.171918180950763,3.38142602139511,0.050841916949534,0.959451489154218
0,"",160063.587908924,0,0.664467871571589,0.442239468999087,0.86013571018444,9.88352010316227e-06,0.0125695643984912,0.000655338802696912,-0.395711179578691,0.154724952716971,49.3600460453444,-2.55751365652405,0.0136636746066787,0.0507239425870787,0.11694019459427,19036.2955078947,0.433759690267902,0.664467871571589,1.1901770283458,1.53582227910906,47.176691736812,0.774944500112494,0.442239468999087,-0.292168144495365,1.64924009705598,47.857209100636,-0.177153190137026,0.86013571018444,-0.44643512216577,0.194585481220576,-2.29428793641445,0.0217739650516702,-0.344987236991612,0.19330320925475,-1.78469482385552,0.0743108309896852,-0.101447885174157,0.233880389188539,-0.433759690267902,0.664462956179903,1.48234517284117,2.23655292198513,0.66278117466832,0.507470712100012,0.898008883850434,2.27053230953662,0.395505882069436,0.692469581482144,0.584336288990731,3.29848019411196,0.177153190137026,0.859388062888039
0,"",160127.604045307,0,0.937933871174204,0.235596453530405,0.850914425940799,3.18416128926316e-07,0.0293376312913057,0.000738785344235474,-0.424620527316268,0.130923063710312,49.6967093367621,-3.24328285087956,0.00211445456787407,0.00912402400924758,0.117172956927188,19042.4517079806,0.0778680017004034,0.937933871174204,1.81062527113843,1.5073375916376,47.7396511942944,1.20120753385533,0.235596453530405,-0.313375569071422,1.65840491750894,48.2958570149957,-0.188962035605959,0.850914425940799,-0.433744551325516,0.176403033904942,-2.4588270491949,0.0139391750619683,-0.415496503307021,0.174993344221552,-2.37435603711292,0.0175795900576544,-0.0182480480184952,0.234345913854376,-0.0778680017004034,0.937933053044654,2.12400084020986,2.22416343572711,0.954966171141775,0.339594804624326,1.49724970206701,2.25784055733304,0.663133495943381,0.507245059668273,0.626751138142846,3.31680983501789,0.188962035605959,0.850122571887337
0,"",160089.938986136,0,0.821153266778439,0.126308753231108,0.979024690433219,2.68370339167356e-06,0.0487194412065461,1.45184750162964e-05,-0.435255176344283,0.132472478391268,50.422926253361,-3.28562718558586,0.00185567386531564,-0.0264625973827407,0.117057455026321,19042.8129861018,-0.226065032567045,0.821153266778439,2.3344357299949,1.50000867210118,47.2914496076784,1.55628148917624,0.126308753231108,-0.0434031525665207,1.64227048003792,48.1089491875531,-0.0264287479401801,0.979024690433219,-0.408792578961543,0.177478898568531,-2.30333060582801,0.0212602488832778,-0.461717773727024,0.176079672817816,-2.62220940292608,0.0087361735053342,0.0529251947654814,0.234114910052642,0.226065032567045,0.8211508405691,2.37783888256143,2.20737726497189,1.07722359937947,0.281380384670361,2.29103257742839,2.24090211790937,1.02237066006515,0.306605501546283,0.0868063051330416,3.28454096007584,0.0264287479401801,0.97891536461393
0,"",160041.98379404,0,0.897920712334839,0.157827665367465,0.957355395670475,8.64460815462486e-07,0.0431859824464287,5.9647079273918e-05,-0.421910387035881,0.14744351483023,50.1891544324767,-2.86150521792483,0.00613295007510049,-0.0149953978255903,0.116886584438393,19038.8608577712,-0.128290153208249,0.897920712334839,2.24334608586892,1.56226779204425,45.6842314539534,1.43595489665281,0.157827665367465,-0.0859010725852775,1.59815761283719,48.433167178377,-0.0537500631322452,0.957355395670475,-0.406914989210291,0.18881213463694,-2.15513155440318,0.0311515411072204,-0.436905784861471,0.187494280414561,-2.33023526848631,0.0197937198875201,0.0299907956511807,0.233773168876786,0.128290153208249,0.897919357316243,2.3292471584542,2.21789484011127,1.05020631110596,0.293623268548357,2.15744501328364,2.25178136089285,0.958105902621116,0.338009359350667,0.171802145170555,3.1963152256744,0.0537500631322452,0.957134295809278
0,"",160104.148134611,0,0.970469508137944,0.122411169168161,0.71608552131686,7.19961306269519e-08,0.0509097371092113,0.00275013973420577,-0.47851561762317,0.148497808840899,49.9678533170888,-3.22237493844674,0.00223981799805382,0.00433377981403346,0.117066147097739,19035.3929842472,0.0370199235344713,0.970469508137944,2.5416728644255,1.61520377948335,46.1627129101263,1.5735926925818,0.122411169168161,-0.597694573408534,1.63382620206724,48.5284182000361,-0.365825063065023,0.71608552131686,-0.482849397437203,0.189749492174146,-2.54466766632534,0.0109381785343575,-0.474181837809136,0.188433792811611,-2.51643736897663,0.0118547968018409,-0.00866755962806692,0.234132294195477,-0.0370199235344713,0.97046911994461,3.13936743783404,2.28015858563632,1.3768197780673,0.16856797442238,1.94397829101697,2.31460999738326,0.839872934626008,0.400979634305295,1.19538914681707,3.26765240413448,0.365825063065023,0.714495616681284
0,"",160220.164532483,0,0.869334861589059,0.0801516095686543,0.47203401577619,1.42158518353978e-06,0.0646164132641965,0.0107617053905619,-0.498382364391466,0.146924344622011,49.9285469885846,-3.39210200783024,0.0013645774624748,-0.0193173716706743,0.117426811877136,19036.5404444159,-0.164505630033507,0.869334861589059,2.8774467469431,1.60840024685016,46.3311654708988,1.789011629772,0.0801516095686543,-1.18458642839409,1.63422352767912,48.2981403680534,-0.724861934937636,0.47203401577619,-0.479064992720792,0.188748470253566,-2.53811324710188,0.011145191304612,-0.51769973606214,0.187418391193101,-2.76226752757014,0.00574014230708668,0.0386347433413486,0.234853623754272,0.164505630033507,0.869333115002366,4.0620331753372,2.27565775406589,1.78499300612301,0.0742624513193823,1.69286031854901,2.31012068328369,0.732801680361874,0.463679396286874,2.36917285678819,3.26844705535824,0.724861934937636,0.46853673513755
0,"",160272.361985573,0,0.902952046098878,0.0772560337624133,0.476073843171911,7.81023423178839e-07,0.0662880627845894,0.0103604915283462,-0.433418236013979,0.157092423274183,50.1455399972237,-2.75900152903942,0.00807219494984719,-0.0143367836091951,0.11757758310516,19036.6272104026,-0.121934668416959,0.902952046098878,2.89633709072286,1.60257362667416,46.0086841921217,1.80730360372501,0.0772560337624133,-1.15576017048843,1.60941854283805,49.2599663921711,-0.718122812509891,0.476073843171911,-0.419081452404784,0.196860515454236,-2.12882431724714,0.0332687982433752,-0.447755019623174,0.195578558265226,-2.28938705548678,0.0220568735727564,0.0286735672183902,0.235155166210319,0.121934668416959,0.902950759048897,4.05209726121131,2.25399665523723,1.79773880843884,0.0722184083789497,1.74057692023443,2.28832681845589,0.760633011944042,0.446876296297811,2.31152034097687,3.21883708567611,0.718122812509891,0.472681565368761
0,"",160271.93776914,0,0.856426731990639,0.137709956822978,0.586697292453018,1.71970755476727e-06,0.0471346640808837,0.00599583781284158,-0.439471440692835,0.161735698355681,50.6343169719154,-2.71721979229577,0.00898786127756096,-0.0212706855145391,0.117564957394364,19034.9546142222,-0.180927089040554,0.856426731990639,2.47079772496777,1.63563746467191,46.1308437578807,1.51060230542187,0.137709956822978,-0.886363888362935,1.61983475839909,49.63876943484,-0.547194017023651,0.586697292453018,-0.418200755178296,0.200578565472705,-2.08497231093821,0.0370718139988583,-0.460742126207374,0.199319215662687,-2.31157906514693,0.0208008914126607,0.0425413710290782,0.235129914788728,0.180927089040554,0.856424805755049,3.35716161333071,2.2846388427394,1.46944959112457,0.141710884904668,1.58443383660484,2.31921850608321,0.683175747541225,0.494495795634162,1.77272777672587,3.23966951679819,0.547194017023651,0.584245446150822
0,"",160344.820619055,0,0.790126113605438,0.193681233381947,0.66802263640878,3.72140510807461e-06,0.0357989560919971,0.00378507368130228,-0.463828975032498,0.157292232922524,50.406372592754,-2.94883584786391,0.00482493326864865,-0.0313495313092973,0.117788695404507,19034.7122376201,-0.26615059451705,0.790126113605438,2.18129210679549,1.65412283787807,46.8370328681015,1.31870019374963,0.193681233381947,-0.720614294880209,1.67015570599048,48.9971172735083,-0.431465337211089,0.66802263640878,-0.432479443723201,0.197148312516492,-2.19367560494347,0.0282587388177573,-0.495178506341795,0.195863701276164,-2.52817905061236,0.0114655862664371,0.0626990626185947,0.235577390809015,0.26615059451705,0.790123230906193,2.90190640167571,2.33311158121852,1.24379237797111,0.213575986337356,1.46067781191529,2.36805304832235,0.616826473946648,0.537349188012063,1.44122858976042,3.34031141198097,0.431465337211089,0.66613005117343
0,"",160480.908397829,0,0.509509536253108,0.210384479268744,0.756721739423268,2.2857317640499e-05,0.0328788156564494,0.00202494581655197,-0.433330251896818,0.157727947195391,50.3902352494128,-2.74732702480439,0.00831343522070624,-0.0779749100832799,0.118212936508471,19034.6354360196,-0.659614018451294,0.509509536253108,2.05837180541718,1.6211386534667,47.4211474318161,1.26970743743324,0.210384479268744,-0.524133068571853,1.6822371054097,47.8426232910346,-0.311569080771289,0.756721739423268,-0.355355341813538,0.197754004478615,-1.7969564902134,0.0723425274075967,-0.511305161980098,0.196464147063854,-2.60253674587209,0.00925368979937424,0.15594982016656,0.236425873016941,0.659614018451294,0.50950155590489,2.58250487398904,2.3187235984991,1.11376141410761,0.265381554524554,1.53423873684533,2.35362386521838,0.651862330051187,0.514489987852187,1.04826613714371,3.36447421081941,0.311569080771289,0.755368035272463
0,"",160554.734154353,0,0.296986603557524,0.162634153403754,0.858004069554308,5.71433728757694e-05,0.0413398326816368,0.000680795793131572,-0.418058446220013,0.16268012823788,50.6805564542493,-2.56981876488753,0.0131601346366147,-0.123528408815151,0.118441820319106,19034.1224560643,-1.04294588247918,0.296986603557524,2.2799571699179,1.60709113858804,46.673281099881,1.41868567075856,0.162634153403754,-0.295931666324962,1.64506917563656,47.5009088699734,-0.179890104749213,0.858004069554308,-0.294530037404862,0.201863407788709,-1.45905610447807,0.144549666434893,-0.541586855035164,0.200593475576655,-2.69992258461169,0.00693556125614814,0.247056817630302,0.236883640638212,1.04294588247918,0.296973357707402,2.57588883624287,2.28237211156232,1.12860160847288,0.259065931868705,1.98402550359294,2.31705990105524,0.856268542168192,0.391849257362399,0.591863332649925,3.29013835127313,0.179890104749213,0.857238843742896
0,"",160573.942646649,0,0.163398888539585,0.159494297496146,0.712784037390736,0.000102072105482497,0.0419757978369346,0.00288176785905141,-0.394113696424323,0.171876482638902,50.4882133518672,-2.29300536276579,0.0260476315829939,-0.165138619482391,0.118482153677272,19030.0537439795,-1.3937847545564,0.163398888539585,2.37417126815004,1.66071849133044,46.6454801809413,1.42960488520125,0.159494297496146,-0.612538643483977,1.65403169579117,47.4533627411928,-0.370330656324566,0.712784037390736,-0.228975076941932,0.20937009284916,-1.09363793952605,0.274113802728847,-0.559252315906714,0.208142394213638,-2.68687365694803,0.0072124228000021,0.330277238964782,0.236964307354544,1.3937847545564,0.163382613249886,2.98670991163403,2.3263018431267,1.28388752321999,0.199181313436144,1.76163262466607,2.36134140922542,0.746030462932477,0.45564901321177,1.22507728696796,3.30806339158234,0.370330656324566,0.711136134557642
0,"",160616.096604114,0,0.206128510665698,0.118336556947207,0.397082410539676,8.3994359249163e-05,0.0510320374193725,0.0151304726110846,-0.397475946955926,0.176509407335,50.2397419152118,-2.25186834490668,0.0287326995576234,-0.149958903167722,0.118607778374365,19029.6835647641,-1.26432604356185,0.206128510665698,2.60732785107077,1.63894101673446,47.0623145592692,1.590861308887,0.118336556947207,-1.43019293943837,1.67360549106554,47.534538487129,-0.854557986976854,0.397082410539676,-0.247517043788204,0.21326145740592,-1.16062717942081,0.245793547413819,-0.547434850123648,0.212052594236462,-2.58159940035063,0.00983436662415709,0.299917806335443,0.23721555674873,1.26432604356185,0.206113025589658,4.03752079050915,2.32485673861105,1.73667509204086,0.0824445366675143,1.1771349116324,2.35991676485706,0.498803571872458,0.617917771000741,2.86038587887675,3.34721098213108,0.854557986976854,0.392795894603012
0,"",160648.406739964,0,0.498463600977107,0.0834942379112469,0.419256167578484,2.4077127297034e-05,0.062833419440942,0.0137807893193069,-0.434326716600024,0.173633827955542,49.7186269686925,-2.50139458257656,0.0157097106256819,-0.0803611613867184,0.118715521166946,19031.0292489252,-0.676922112599825,0.498463600977107,2.87692430618235,1.62664556093805,46.6548829795748,1.76862395549974,0.0834942379112469,-1.35148235330465,1.65868097610591,47.5110245803475,-0.814793424880007,0.419256167578484,-0.353965555213306,0.210948935576371,-1.6779679605691,0.0933533538876454,-0.514687877986742,0.209725317813718,-2.45410465151326,0.0141235871793079,0.160722322773437,0.237431042333892,0.676922112599825,0.498455373353758,4.228406659487,2.305654147661,1.8339292837031,0.0666644920120054,1.5254419528777,2.34058874521004,0.651734293775223,0.514572595458054,2.7029647066093,3.31736195221183,0.814793424880007,0.415190565216932
0,"",160714.563885925,0,0.798778651995451,0.0587701953835055,0.478280523467562,3.41508195933148e-06,0.0756761273726322,0.0107864138805165,-0.4736573111489,0.183352760022365,49.3258961750373,-2.58331159613372,0.0127996343137322,-0.0303147464494285,0.118913236062383,19030.2665049969,-0.254931641365182,0.798778651995451,3.15368385179654,1.62714748330238,45.8825705753328,1.93816718162264,0.0587701953835055,-1.16205893329466,1.62571785880488,46.8574819174048,-0.714797421336647,0.478280523467562,-0.443342564699471,0.219128558500904,-2.02320759892026,0.043051748562462,-0.503972057598328,0.21794462481697,-2.31238580910891,0.0207564316879386,0.0606294928988571,0.237826472124765,0.254931641365182,0.798775897201599,4.31574278509121,2.28266284323568,1.89066151310091,0.0586695431657818,1.99162491850188,2.31745233431456,0.859402754055327,0.390118350809144,2.32411786658933,3.25143571760977,0.714797421336647,0.474734228804496
0,"",160678.919366938,0,0.96333472204389,0.040657882753879,0.51341656020103,1.11041479309391e-07,0.0887958895962098,0.0091392453916748,-0.435430952861269,0.188898645658007,49.4972289996427,-2.30510362498627,0.0253926530049129,0.00546115523738985,0.118798497855709,19031.0109041315,0.0459699014378353,0.96333472204389,3.4405631010008,1.63294833748744,45.5550966576831,2.10696384081242,0.040657882753879,-1.04413399116156,1.58557831991632,47.015316012132,-0.658519341521181,0.51341656020103,-0.440892108098659,0.223728158478151,-1.97065988965227,0.0487627913477197,-0.429969797623879,0.22256970582804,-1.93184331184802,0.0533788483936827,-0.0109223104747797,0.237596995711419,-0.0459699014378353,0.963334239711039,4.48469709216236,2.25876254663731,1.98546637796827,0.0470926072516903,2.39642910983924,2.29328356748395,1.04497722995,0.296033493478081,2.08826798232312,3.17115663983265,0.658519341521181,0.510204472843805
0,"",160667.323872983,0,0.89234087323056,0.0600544429012086,0.584631718355452,9.62558591256627e-07,0.074496741919805,0.00636354431049815,-0.379050717401785,0.186176972797972,49.7814733947557,-2.03596992530923,0.0470921767076673,0.0160735191357238,0.118759978936747,19030.6721144568,0.135344577185255,0.89234087323056,3.18670244962703,1.65309092291319,46.1668473609265,1.92772363906712,0.0600544429012086,-0.889866712159867,1.61674946930276,47.3034604760757,-0.550404827127379,0.584631718355452,-0.395124236537509,0.221413697633737,-1.78455190785497,0.0743340280467305,-0.362977198266062,0.220244341799518,-1.64806594031128,0.0993391406042467,-0.0321470382714476,0.237519957873494,-0.135344577185255,0.892339441802047,4.07656916178691,2.29477997891803,1.77645316729187,0.0756582545245407,2.29683573746717,2.32962695300652,0.985924263325923,0.324170279457349,1.77973342431974,3.23349893860552,0.550404827127379,0.582041738542467
0,"",160698.631068137,0,0.649402198706812,0.0449437374271116,0.780468873643621,1.08593681804426e-05,0.0833570771409964,0.00163674112782009,-0.376458858210428,0.185094316477687,50.2743486146116,-2.03387583894727,0.0472578631705806,0.0540311223913398,0.118854199028187,19030.4757358407,0.454600029558283,0.649402198706812,3.4067208317772,1.65331773258862,46.6893853440243,2.06053607520634,0.0449437374271116,-0.46552553301677,1.66092769623245,47.9175001025703,-0.280280432479235,0.780468873643621,-0.430489980601768,0.220555661439037,-1.95184280373033,0.0509568706410861,-0.322427735819088,0.21938015736419,-1.46972150851287,0.141637194978158,-0.10806224478268,0.237708398056374,-0.454600029558283,0.649397013501845,3.87224636479398,2.32590504416636,1.66483424355866,0.0959458300269769,2.94119529876044,2.36102655629486,1.24572732607296,0.212864517959066,0.931051066033542,3.32185539246491,0.280280432479235,0.779262362010846
0,"",160749.477633031,0,0.572033217283021,0.0135987558248777,0.926300556808362,1.67769788318062e-05,0.123071260814429,0.000181385076416355,-0.4021211847591,0.187792567575322,50.7234020977122,-2.14130511101198,0.0370763157584097,0.0672535776650399,0.119018260325878,19031.9174773332,0.565069405996155,0.572033217283021,4.06188017414275,1.583908691991,46.8599244797104,2.56446611770082,0.0135987558248777,0.153981023051423,1.65587193721176,47.6651073502236,0.0929909008003988,0.926300556808362,-0.46937476242414,0.222914250820803,-2.10562923050381,0.0352365715195578,-0.33486760709406,0.221747663428639,-1.51012913469469,0.131010476619568,-0.13450715533008,0.238036520651757,-0.565069405996155,0.572026556820406,3.90789915109133,2.27401795521254,1.71849969000182,0.0857055109476718,4.21586119719418,2.30872249813423,1.8260580041998,0.0678415251372195,-0.307962046102847,3.31174387442353,-0.0929909008003988,0.925910790008999
0,"",160650.962220386,0,0.80429128395581,0.0271576552441471,0.905242001823765,3.22633104894992e-06,0.100428862727609,0.000298242538437803,-0.441855743444963,0.185701649104369,50.7350815989316,-2.37938513511331,0.0211411152014755,-0.0294178841532386,0.118715902588841,19032.4518798551,-0.247800703290141,0.80429128395581,3.53394432793979,1.54922667678325,46.6086411738461,2.28110216593839,0.0271576552441471,0.199122993181599,1.66389902585003,48.0053629197042,0.119672522243273,0.905242001823765,-0.412437859291724,0.220989857728039,-1.86632030778213,0.0619965652265446,-0.471273627598201,0.219819514139376,-2.143911697027,0.0320399627869792,0.0588357683064772,0.237431805177682,0.247800703290141,0.804288610751715,3.3348213347582,2.25619135378916,1.47807557597343,0.13938755061838,3.7330673211214,2.29061718836871,1.62972116863401,0.103160441288224,-0.398245986363198,3.32779805170008,-0.119672522243273,0.904742567969903
0,"",160500.596026712,0,0.615912481568144,0.0752994637085938,0.9466186449909,1.32247539259524e-05,0.0659253272814925,9.38657939908933e-05,-0.454682826762644,0.185826673346324,50.3447723307467,-2.44681142149736,0.0179455040070376,-0.059315779240096,0.11823899556702,19029.4253424823,-0.501660039952512,0.615912481568144,2.87130620246029,1.57849538528673,46.8815203189391,1.8190146320502,0.0752994637085938,0.1148484337523,1.70644007069133,48.2525141729881,0.0673029400357268,0.9466186449909,-0.395367047522548,0.220834678071473,-1.79033044526905,0.0734008046526812,-0.513998606002741,0.21967264317704,-2.33983894657513,0.019292057153621,0.118631558480192,0.23647799113404,0.501660039952512,0.615906677936621,2.75645776870799,2.30710881313715,1.19476712715592,0.232178027235681,2.98615463621259,2.34188379660691,1.27510794538104,0.202271037514499,-0.2296968675046,3.41288014138267,-0.0673029400357268,0.946340536388024
0,"",160472.499939525,0,0.688210138093904,0.103844859604955,0.97117228751287,8.46370820921087e-06,0.055373733671649,2.74386664028104e-05,-0.439280440776463,0.188560097911571,50.0736793089467,-2.3296574707045,0.0238970147869131,-0.0474081549046564,0.118138990314223,19026.3393551903,-0.401291349947729,0.688210138093904,2.72394715588384,1.64221550052157,46.9346163211607,1.65870262156136,0.103844859604955,0.0626016548125752,1.72329945433989,48.0922625943864,0.036326626028298,0.97117228751287,-0.391872285871806,0.223086072150366,-1.75659682424134,0.0789865546764276,-0.486688595681119,0.221937080106711,-2.19291249324859,0.0283136844260946,0.0948163098093128,0.236277980628447,0.401291349947729,0.688205631397105,2.66134550107127,2.36280925487548,1.12634800950596,0.260018243895603,2.78654881069642,2.39799873728861,1.16203097498172,0.24522288316833,-0.125203309625151,3.44659890867979,-0.036326626028298,0.971021919446683
0,"",160496.839481402,0,0.529516881306161,0.140153801396168,0.803821986079374,2.07767981187058e-05,0.046134676385193,0.00129707624664455,-0.464146488944978,0.184770964952081,49.8886030697872,-2.51200987701369,0.0152859173792985,-0.0743308790886393,0.118219108279201,19027.2286283753,-0.628755200158422,0.529516881306161,2.54603813761041,1.69643884190146,46.5707226153661,1.50081339493304,0.140153801396168,-0.417751909546181,1.67247457637363,48.0384131791214,-0.249780723394898,0.803821986079374,-0.389815609856339,0.219936170046479,-1.77240337400601,0.076327622127226,-0.538477368033617,0.218769776725653,-2.4613882963774,0.0138400487666971,0.148661758177279,0.236438216558402,0.628755200158422,0.529509333608124,2.9637900471566,2.36456298607289,1.25341979241539,0.210052972143304,2.12828622806423,2.39979036391731,0.886863394430051,0.375152451733882,0.835503819092363,3.34494915274727,0.249780723394898,0.802756927824752
0,"",160561.26198767,0,0.467541207311344,0.196475240262548,0.770561430896799,2.77352178827173e-05,0.0358841292459761,0.0017886348960473,-0.488708279570677,0.18071223585934,50.1514945604293,-2.70434526608963,0.00932215904638725,-0.0860392003369505,0.118429722445261,19029.5132766429,-0.726500058941862,0.467541207311344,2.21081674699446,1.6868632625415,46.150089881898,1.31060815425167,0.196475240262548,-0.48080943814782,1.63934175990862,48.0073545580414,-0.293294204970793,0.770561430896799,-0.402669079233727,0.216654254030213,-1.85857914969708,0.0630868147767972,-0.574747479907628,0.215466834817098,-2.66745218769056,0.00764287630222311,0.172078400673901,0.236859444890522,0.726500058941862,0.467532271377534,2.69162618514229,2.33462496998601,1.15291587289003,0.248944916332209,1.73000730884665,2.36968867029041,0.730056792074138,0.465355470892345,0.961618876295642,3.27868351981725,0.293294204970793,0.769297282753881
0,"",160656.35215073,0,0.604954857751599,0.20501746449658,0.98869106710894,1.40607992923405e-05,0.0344330035840296,4.13398477387696e-06,-0.465719422785055,0.177333204714128,50.3614725162018,-2.6262392513338,0.0114068815872654,-0.0614187906189008,0.118730226987178,19031.0964134969,-0.517297003277299,0.604954857751599,2.16012498990016,1.68042290167365,46.3370182777644,1.28546509795168,0.20501746449658,0.0235111979811026,1.65031518286912,49.0958811195373,0.0142464895343371,0.98869106710894,-0.404300632166154,0.214013048966243,-1.88914009738689,0.0588730588226247,-0.527138213403956,0.212805731739988,-2.47708653847739,0.0132459780944314,0.122837581237802,0.237460453974356,0.517297003277299,0.604948845657257,2.13661379191906,2.33764439647478,0.914002914703848,0.360715314154689,2.18363618788127,2.37279188682561,0.920281378238614,0.357425737702648,-0.0470223959622053,3.30063036573825,-0.0142464895343371,0.988633330457423
0,"",160821.23915344,0,0.304104660724662,0.123340325629669,0.890793376640815,5.54898448239732e-05,0.0506560325045056,0.000381911980397223,-0.464858430071091,0.176930646534973,50.6895606431694,-2.62734828123293,0.0113553969677579,-0.122553203482127,0.119250135004176,19032.4179977427,-1.0276986560882,0.304104660724662,2.63720173943694,1.68018966196205,46.170280583318,1.56958574328884,0.123340325629669,-0.223734103014066,1.62121699402828,49.8485928305563,-0.138003798281282,0.890793376640815,-0.342305226588964,0.213974070041235,-1.59975097226967,0.109653839133395,-0.587411633553219,0.212756184665884,-2.76096149437771,0.00576314707487418,0.245106406964255,0.238500270008351,1.0276986560882,0.304091600196637,2.86093584245101,2.31722922684593,1.23463652594489,0.216965808734881,2.41346763642288,2.35227812854509,1.02601287115467,0.304885517135205,0.447468206028133,3.24243398805657,0.138003798281282,0.890237415678575
0,"",160839.715588504,0,0.270235318370523,0.0884912310148118,0.759353272201908,6.38653264625036e-05,0.0615596338419364,0.00190968069647526,-0.531749716874609,0.178152142933353,50.5706616309552,-2.98480673944819,0.0043630844877189,-0.131548985391229,0.119313083639711,19032.9449530025,-1.10255289175549,0.270235318370523,2.90389111622584,1.6687332550641,46.1633659015876,1.74017693206114,0.0884912310148118,-0.48473802836703,1.57369572111847,49.5885878930773,-0.308025256637612,0.759353272201908,-0.400200731483381,0.21502088410228,-1.86121796100985,0.0627134029599603,-0.663298702265838,0.213807425779834,-3.10231835889957,0.00192011342293014,0.263097970782457,0.238626167279423,1.10255289175549,0.270221377362527,3.38862914459288,2.27634565731406,1.48862679694755,0.136585671153569,2.41915308785881,2.31097993216607,1.04680834921459,0.295187978844591,0.969476056734062,3.14739144223695,0.308025256637612,0.758063114061668
0,"",160881.447738283,0,0.494196120502891,0.0761811857432889,0.843380654856579,2.455567457195e-05,0.0662754246852072,0.000810525615796372,-0.512334894068413,0.177503855455791,50.4845993924166,-2.88633107575523,0.00572190481154876,-0.0816633613681371,0.119449677073026,19033.646994043,-0.6836633080072,0.494196120502891,2.94915607328839,1.62593129552238,46.350817965993,1.8138257633702,0.0761811857432889,-0.312951482002205,1.57555497403112,48.637137669268,-0.19862936372287,0.843380654856579,-0.430671532700276,0.21456130967573,-2.00721897788169,0.0447263517547168,-0.59399825543655,0.213342758253652,-2.78424381637702,0.00536526861723257,0.163326722736274,0.238899354146053,0.6836633080072,0.494187798083015,3.2621075552906,2.24678787110583,1.45189832882846,0.146529877306831,2.63620459128619,2.28122694402779,1.1556082125839,0.247841447274345,0.62590296400441,3.15110994806225,0.19862936372287,0.842552682330041
0,"",160986.309236749,0,0.462565921043078,0.051104678538473,0.782985402478388,2.83523919544335e-05,0.0788354123332215,0.00155354927524586,-0.424795842720545,0.174070229178531,50.5728384607024,-2.44037044545316,0.0182166557668666,-0.0879959237923833,0.119780505219027,19034.9092744522,-0.734643117688282,0.462565921043078,3.26208957951045,1.62947871485365,46.8285027995102,2.00192217902241,0.051104678538473,-0.444307860729429,1.60435560532207,49.2908680666995,-0.2769385161591,0.782985402478388,-0.336799918928161,0.211919225040161,-1.58928440241481,0.111996198540666,-0.512791766512928,0.210679544075738,-2.4339893498563,0.0149334344718004,0.175991847584767,0.239561010438053,0.734643117688282,0.462556871160088,3.70639744023988,2.2693038327682,1.63327509816905,0.102411151638641,2.81778171878103,2.30403465589442,1.22297714210691,0.221338329835443,0.888615721458859,3.20871121064415,0.2769385161591,0.781827317151737
0,"",161002.30037446,0,0.483881956133737,0.0176195363308349,0.600436253992174,2.5747439882316e-05,0.114479762603212,0.00561663702039849,-0.386569117466344,0.181026953776634,50.5740320133177,-2.13542298205672,0.0375919256665553,-0.0838867751019394,0.119823474676714,19035.221926146,-0.700086317211777,0.483881956133737,3.97980078915845,1.6174843572372,46.828717051927,2.46048796166182,0.0176195363308349,-0.844022885372916,1.6010085911143,49.2037962730759,-0.527181983942682,0.600436253992174,-0.302682342364405,0.217694566238868,-1.39039916151275,0.164407700954122,-0.470455892568284,0.216485385152367,-2.17315313104008,0.0297687939763628,0.167773550203879,0.239646949353428,0.700086317211777,0.48387340029694,4.82382367453137,2.25846073600575,2.13588998809103,0.0326883818555582,3.13577790378554,2.29310344585196,1.36748209482564,0.171474245761716,1.68804577074584,3.20201718222861,0.527181983942682,0.598067218408368
0,"",161108.984032586,0,0.359974286328544,0.0139743195840198,0.574586397792822,4.40157858978242e-05,0.122505171455886,0.00645293852184689,-0.404952307376236,0.187146771133652,50.6297725802534,-2.16382203616559,0.0352208320978837,-0.110000857358424,0.120162234920452,19038.3176614975,-0.915436180354374,0.359974286328544,4.04537753659157,1.5839786122122,46.7207315060839,2.55393444419162,0.0139743195840198,-0.872183103132693,1.54345802391585,49.165063858228,-0.565083785641224,0.574586397792822,-0.294951450017812,0.222995700459653,-1.32267774405443,0.185942567878551,-0.514953164734659,0.221807734017928,-2.32161951888043,0.0202534319413682,0.220001714716847,0.240324469840904,0.915436180354374,0.359962691861415,4.91756063972427,2.19462614680365,2.24072817453963,0.0250436879312738,3.17319443345888,2.22847883248588,1.42392846061686,0.154467182131725,1.74436620626539,3.08691604783171,0.565083785641224,0.57201677655582
0,"",161134.216706202,0,0.365484497187517,0.0414513543244363,0.705423071045523,4.30085954949681e-05,0.0842435222811725,0.00292897990303094,-0.415147984747631,0.182817532171899,50.7158648029571,-2.2708324514373,0.0274345870934613,-0.108828376648853,0.120254271211852,19041.8588512831,-0.904985540656011,0.365484497187517,3.27117969701644,1.56101633883934,47.7350508192967,2.09554481630131,0.0414513543244363,-0.572089005730198,1.5046518894181,49.2112997449299,-0.380213529623417,0.705423071045523,-0.306319608098779,0.219425752840015,-1.39600572920043,0.162712769898472,-0.523976361396484,0.21821782378813,-2.40116206962645,0.0163430963666358,0.217656753297705,0.240508542423705,0.904985540656011,0.365473047433578,3.84326870274664,2.15149194321555,1.78632725763435,0.0740462859952661,2.69909069128624,2.18462377886543,1.23549451278425,0.216646517385934,1.1441780114604,3.0093037788362,0.380213529623417,0.703786916887161
0,"",161163.332942561,0,0.365888146039907,0.0741055571833211,0.807116749927363,4.29389723288159e-05,0.064081978079145,0.00123359071213,-0.422807298162529,0.186439647026648,50.4365403111857,-2.26779713921094,0.027656565711601,-0.108813653888776,0.120339285011474,19040.6442719805,-0.904223869024995,0.365888146039907,2.85593855216582,1.56468822455113,48.6568501098537,1.82524448471843,0.0741055571833211,-0.373969601109507,1.52343996419118,48.7881949615511,-0.24547708468975,0.807116749927363,-0.313993644273753,0.222499835536691,-1.41120843310454,0.158183164302583,-0.531620952051305,0.221306109692283,-2.40219735817733,0.0162969133744325,0.217627307777552,0.240678570022947,0.904223869024995,0.36587670598035,3.22990815327533,2.16705290139031,1.49046114711972,0.136103025009547,2.48196895105631,2.20048150450383,1.12792084185954,0.259353350986783,0.747939202219016,3.04687992838237,0.24547708468975,0.806087049229675
0,"",161235.870244179,0,0.309753329432976,0.166235133686152,0.644989958899974,5.41956950404357e-05,0.038881680503086,0.00436198068629693,-0.389131577148999,0.189985852414561,50.1915204777211,-2.04821344433527,0.0457878147321093,-0.122458129504036,0.120557319020759,19037.0544530736,-1.01576686093152,0.309753329432976,2.22790044803695,1.58524743426687,48.8235407357019,1.40539602832872,0.166235133686152,-0.727324102598364,1.5688855887277,49.0558884875061,-0.463592825266623,0.644989958899974,-0.266673447644963,0.225598655256302,-1.1820702004717,0.237177847314814,-0.511589706653036,0.224416196654495,-2.27964698751519,0.0226286337820136,0.244916259008073,0.241114638041518,1.01576686093152,0.309740420299567,2.95522455063532,2.21319461241792,1.33527550358833,0.181786193029668,1.50057634543859,2.24735231868497,0.667708544389093,0.504319654815673,1.45464820519673,3.13777117745541,0.463592825266623,0.642939495697971
0,"",161246.027884015,0,0.444755601738352,0.151919099443193,0.66340086637724,3.06771339413564e-05,0.0416151995518966,0.00384114631368443,-0.327601076857205,0.180085020257871,50.373003830716,-1.81914673629211,0.0748353244173812,-0.0921590114652497,0.120594895943562,19036.6118762628,-0.764203250429273,0.444755601738352,2.31349147153784,1.58941820925629,48.7918598799971,1.45555868056926,0.151919099443193,-0.714885791800768,1.63276698962649,49.7155968177599,-0.437836994710619,0.66340086637724,-0.235442065391955,0.217346491955504,-1.08325680011507,0.278694454425758,-0.419760088322454,0.216120312170023,-1.94225190639289,0.0521066120986442,0.184318022930499,0.241189791887123,0.764203250429273,0.44474612985734,3.02837726333861,2.26119865358782,1.33927961549664,0.180479662270953,1.59860567973708,2.29593928963104,0.696275239923253,0.486256476176066,1.42977158360154,3.26553397925299,0.437836994710619,0.66150445115133
0,"",161329.360106926,0,0.592248614680617,0.162984616302963,0.934700517860279,1.50679441937751e-05,0.0396155255832177,0.000137136652132863,-0.281889020543398,0.18695265639072,50.3061020757156,-1.507809656121,0.137858133827029,-0.0647286536316993,0.120854994399001,19037.2141458544,-0.535589397472467,0.592248614680617,2.18387858086332,1.54168052871049,48.6460869224108,1.4165571531801,0.162984616302963,-0.135059184112125,1.64005414782479,49.4445883022442,-0.0823504420822049,0.934700517860279,-0.217160366911698,0.223213806662256,-0.972880531714972,0.330612681845602,-0.346617674175097,0.222013619674116,-1.56124509245821,0.118465933318042,0.129457307263398,0.241709988798002,0.535589397472467,0.592242357985964,2.31893776497545,2.23365303207335,1.03818172817241,0.299185457618258,2.0488193967512,2.26801830969555,0.903352229562126,0.36633898474737,0.270118368224251,3.28010829564958,0.0823504420822049,0.934368043618194
0,"",161390.610576536,0,0.74137669274082,0.23635251404458,0.95738850572815,5.72267062027454e-06,0.0296070011506759,5.86155894264974e-05,-0.272409467568445,0.203034459186826,49.9519834093654,-1.34169080785337,0.185763987826834,-0.0399430830541943,0.121026588300289,19033.5742124022,-0.330035603045244,0.74137669274082,1.8358630999726,1.53061025002609,47.1524849244483,1.19943212188818,0.23635251404458,-0.0899633041772178,1.67517103190388,49.2009958740296,-0.0537039516943963,0.95738850572815,-0.232466384514251,0.236936824469693,-0.98113235473022,0.326527477008368,-0.312352550622639,0.235800327811491,-1.32464850037167,0.18528776161965,0.0798861661083886,0.242053176600578,0.330035603045244,0.741373060567572,1.92582640414982,2.25181269073963,0.855233835420503,0.392421708233365,1.74589979579538,2.28632260476374,0.76362792904101,0.445089000742519,0.179926608354436,3.35034206380776,0.0537039516943963,0.95717103435075
0,"",161445.791532918,0,0.965894175216052,0.2265397102615,0.857697086579387,9.60644843560993e-08,0.0319212647475185,0.000664865313861828,-0.24667175614281,0.203959871351861,50.1415064035019,-1.2094131777386,0.232175769909151,0.00518235329152943,0.121199404868356,19032.2511722114,0.0427589004843578,0.965894175216052,1.88812164607248,1.54021405230638,45.5751776234839,1.22588262536959,0.2265397102615,-0.303186853939161,1.68197447681467,48.8381732074459,-0.180256512877257,0.857697086579387,-0.251854109434339,0.237820022016919,-1.05901137885027,0.289594597577718,-0.24148940285128,0.236684361233468,-1.02030147489581,0.307585504067609,-0.0103647065830589,0.242398809736712,-0.0427589004843578,0.965893726667072,2.19130850001164,2.2632347544018,0.968219711079345,0.332934652767794,1.58493479213332,2.29790412803144,0.689730599636067,0.490363619099269,0.606373707878323,3.36394895362935,0.180256512877257,0.856951194089099
0,"",161483.361847166,0,0.912847517215866,0.170132655303966,0.792613368972909,6.29349895975442e-07,0.0412392771952836,0.00144454298344379,-0.212281369649357,0.198473842756036,50.3194669243501,-1.06956849679327,0.289917506205061,0.0132794937488564,0.121330415304704,19034.051116461,0.109449009265376,0.912847517215866,2.13977135444942,1.5349727076526,45.1785836763047,1.39401263864927,0.170132655303966,-0.435928184017116,1.6488837996075,48.3160603208057,-0.264377747007329,0.792613368972909,-0.225560863398214,0.233200985208684,-0.967238038022724,0.333425050801074,-0.199001875900501,0.232041316084914,-0.857613976933648,0.391105654614193,-0.0265589874977129,0.242660830609408,-0.109449009265376,0.912846363422309,2.57569953846654,2.2355042712322,1.15217831234419,0.249247807765508,1.70384317043231,2.26989837856136,0.750625308394726,0.452878185546825,0.871856368034233,3.29776759921501,0.264377747007329,0.791488857002289
0,"",161432.55979401,0,0.875478503983849,0.127238437755103,0.840400713631714,1.29033368405685e-06,0.0494711150048329,0.000846369614505669,-0.193028623778876,0.199294307872137,50.4166235521018,-0.968560647014158,0.337388085908486,0.0189856947792262,0.121155146352314,19031.2213845162,0.156705640254162,0.875478503983849,2.47006564089517,1.59056043761864,46.3372501544599,1.55295302364826,0.127238437755103,-0.344819654771823,1.70309322519116,48.3926483462013,-0.202466693937508,0.840400713631714,-0.212014318558102,0.233807410575309,-0.906790413684568,0.364517640237033,-0.17404292899965,0.232653553671202,-0.748077672802782,0.454413308397327,-0.0379713895584523,0.242310292704629,-0.156705640254162,0.875476841724806,2.814885295667,2.3126289652138,1.2171798148376,0.223535808365708,2.12524598612335,2.34788529278444,0.905174538404704,0.365372928500365,0.689639309543647,3.40618645038234,0.202466693937508,0.839551893580143
0,"",161399.119398346,0,0.461095470350894,0.120076452324085,0.96710968489551,2.85478548088212e-05,0.0506476925435193,3.47703028442768e-05,-0.248465468672179,0.201857801394133,50.3140113085036,-1.23089356446047,0.224085861542429,0.089212577069316,0.121038559490849,19029.1241438952,0.737059144165216,0.461095470350894,2.55821698228459,1.61581534018567,46.9849801324595,1.58323597917485,0.120076452324085,-0.0720455542659927,1.73841903791794,49.3948715855426,-0.0414431461543816,0.96710968489551,-0.337678045741495,0.235935662186851,-1.43122935554384,0.152364492890272,-0.159252891602863,0.234793894816366,-0.678266748491974,0.497602577626042,-0.178425154138632,0.242077118981699,-0.737059144165216,0.461086383141101,2.63026253655059,2.35552512565747,1.11663531324738,0.264150286282777,2.4861714280186,2.39111298611047,1.03975489341587,0.29845379022672,0.144091108531986,3.47683807583589,0.0414431461543816,0.966942616668385
0,"",161361.285639439,0,0.35710574373007,0.0783475770604875,0.99608149759181,4.45722673946851e-05,0.0649838154847158,4.87517328937846e-07,-0.324972474491251,0.208588792825612,50.2283936441761,-1.55795750140297,0.12552248026321,0.111343167636772,0.120904748547421,19026.3877642974,0.920916415397042,0.35710574373007,2.97833727888376,1.65470901407063,46.6142188303696,1.79991602968123,0.0783475770604875,0.00861220600059742,1.7448575197898,49.9710656224082,0.00493576461282347,0.99608149759181,-0.436315642128023,0.241651987334466,-1.8055537094513,0.0709880788554508,-0.21362930685448,0.24053856747895,-0.888129122466712,0.374471298981178,-0.222686335273543,0.241809497094842,-0.920916415397042,0.357094067538113,2.96972507288317,2.38671253217594,1.24427430318795,0.213398625173632,2.98694948488436,2.42255704989202,1.23297384679444,0.21758552182617,-0.0172244120011949,3.4897150395796,-0.00493576461282347,0.996061845609748
0,"",161361.821074635,0,0.609965782783914,0.0483821112450273,0.859165402459037,1.36764868375646e-05,0.0824825656949695,0.000635548480195137,-0.385940751176054,0.206640349653698,50.4283945390755,-1.8676930803826,0.0676215309107046,0.0616810127093102,0.120912164306953,19027.5341271241,0.510130747082851,0.609965782783914,3.36668269165782,1.65991933351751,45.7596368882923,2.02822066330389,0.0483821112450273,0.305111865735968,1.71070971371646,50.0196634065569,0.17835396811603,0.859165402459037,-0.447621763885364,0.239975817054398,-1.86527863257112,0.0621423586051221,-0.324259738466744,0.238854722360398,-1.35756050900883,0.174603181040557,-0.12336202541862,0.241824328613905,-0.510130747082851,0.609959865566654,3.06157082592186,2.36572722826608,1.29413517726885,0.195618732666267,3.6717945573938,2.40146924157246,1.52897838282931,0.126269803000947,-0.610223731471938,3.42141942743293,-0.17835396811603,0.858444997742742
0,"",161394.852234202,0,0.836680698915144,0.0699790280653973,0.791189312547273,2.23321869453384e-06,0.0690734821663174,0.00141340432391176,-0.372957593407336,0.203739975044663,50.6241404418667,-1.83055678359428,0.0730562301988037,-0.0249471345800554,0.121018047861971,19028.6872864904,-0.206143918372483,0.836680698915144,3.12165831784778,1.68295055654117,46.3694631760456,1.85487226925042,0.0699790280653973,0.455827371551347,1.71243950238468,50.0598612760084,0.266185970900915,0.791189312547273,-0.348010458827281,0.237537591410191,-1.46507530349721,0.142900373782424,-0.397904727987392,0.236403433448183,-1.68315968251201,0.0923441833535118,0.0498942691601108,0.242036095723942,0.206143918372483,0.836678493526177,2.66583094629643,2.38298762986129,1.11869273381483,0.263271246125331,3.57748568939913,2.41886609925139,1.47899285971486,0.139142223175384,-0.911654743102696,3.42487900476938,-0.266185970900915,0.790095986987063
0,"",161553.100827388,0,0.351292042173898,0.157587665659208,0.914821537069411,4.56563069959381e-05,0.0423848051873096,0.000235221563761903,-0.343272746899126,0.210820128344773,50.363475408887,-1.62827311412002,0.109707433828955,-0.113267794984663,0.121517761808276,19028.8595209868,-0.932108963324806,0.351292042173898,2.39240401300724,1.66564064186563,46.6108758140324,1.43632663185235,0.157587665659208,0.182601053120286,1.6984420103018,49.1276294594805,0.107510914127612,0.914821537069411,-0.230004951914463,0.243891205289624,-0.943063738773724,0.345648301786115,-0.456540541883789,0.242776576058674,-1.88049666609291,0.0600404203196752,0.226535589969326,0.243035523616552,0.932108963324806,0.351280216271631,2.20980295988696,2.36090541354286,0.935998090906511,0.349274170650464,2.57500506612754,2.39671726507095,1.07438833259763,0.282648669547795,-0.365202106240572,3.39688402060361,-0.107510914127612,0.914383667286569
0,"",161638.727719693,0,0.330181315115399,0.247878817807523,0.849915742213826,4.98300012296709e-05,0.0295021151217743,0.000742154042638954,-0.341307260315077,0.210953074905109,50.1777360292416,-1.61792977167365,0.111947525144834,-0.118598792051754,0.12179297669269,19028.453882518,-0.973773654871782,0.330181315115399,1.96166896297195,1.67566788415283,45.0834340658045,1.17067885678535,0.247878817807523,0.318950144539059,1.67661591895247,48.7261328975051,0.190234472268601,0.849915742213826,-0.222708468263323,0.244145812204671,-0.912194504801184,0.361666336186392,-0.459906052366831,0.243027324286991,-1.89240470682107,0.058437079391847,0.237197584103509,0.24358595338538,0.973773654871782,0.330168936738152,1.64271881843289,2.35246385212345,0.698297156383549,0.484991377222693,2.28061910751101,2.38824651570658,0.954934548218642,0.339610797219697,-0.637900289078118,3.35323183790495,-0.190234472268601,0.849125399354881
0,"",161680.070229386,0,0.322234280194635,0.24317907307223,0.931681904103441,5.14908227526905e-05,0.030402525071795,0.000152213159570368,-0.352675836413902,0.202864984083239,50.2482408456242,-1.73847565664261,0.0882516732289351,-0.120706535722562,0.121937781656241,19029.7375119007,-0.989902670714891,0.322234280194635,1.94934341435832,1.64816518378199,44.6125511980995,1.1827354645881,0.24317907307223,0.145087004253628,1.68367738842787,48.7776594085355,0.0861726867931051,0.931681904103441,-0.23196930069134,0.237267286492242,-0.977670812191485,0.328237162116593,-0.473382372136464,0.236114979375058,-2.00488072967416,0.0449757992933563,0.241413071445124,0.243875563312481,0.989902670714891,0.322221693989899,1.80425641010469,2.33819742891206,0.771644168193356,0.440325206910541,2.09443041861195,2.37387211662673,0.882284434760594,0.377623011567004,-0.290174008507256,3.36735477685574,-0.0861726867931051,0.931329142705963
0,"",161721.100328318,0,0.230095388543679,0.139361692138726,0.959942296581966,7.5673073667795e-05,0.0477701341483504,5.24244667555111e-05,-0.358564771129712,0.196010013552839,50.0569736125029,-1.82931863852482,0.0733112968078858,-0.146521883900369,0.122086141612037,19032.595196768,-1.20015164674451,0.230095388543679,2.39932725732595,1.59453013906582,45.1334828519225,1.50472367912195,0.139361692138726,-0.0840819324911891,1.6654642445428,48.6158577714523,-0.0504855824835022,0.959942296581966,-0.212042887229343,0.231512399353287,-0.915902940065714,0.359717804620694,-0.505086655030081,0.230330006119657,-2.19288256679717,0.0283158410664315,0.293043767800738,0.244172283224074,1.20015164674451,0.230080450435958,2.48340918981714,2.28806454549422,1.08537549550672,0.277755380951993,2.31524532483476,2.32322096756463,0.99656698917528,0.318974735851684,0.168163864982379,3.3309284890856,0.0504855824835022,0.9597354382652
0,"",161707.828300759,0,0.474702607505027,0.125837087796118,0.931302579643108,2.68531647153943e-05,0.0505792127540354,0.00015509170992253,-0.411303763663939,0.197252460311748,50.3307035071848,-2.08516417495576,0.042145939613642,-0.087238152626929,0.122034822841372,19029.9756432581,-0.714862779293139,0.474702607505027,2.54804187446121,1.63410892735172,45.6391752230721,1.55928520541812,0.125837087796118,0.14640670014782,1.68952069741637,48.4104284812461,0.0866557600458559,0.931302579643108,-0.32406561103701,0.232538042992845,-1.39360255580624,0.163437656308978,-0.498541916290868,0.23136145039955,-2.15481842558434,0.0311760458020807,0.174476305253858,0.244069645682744,0.714862779293139,0.474693838216164,2.4016351743134,2.33261109830317,1.02959090611394,0.303202085968197,2.69444857460904,2.3682292564215,1.13774820039191,0.255225640282437,-0.292813400295641,3.37904139483275,-0.0866557600458559,0.930945142444737
0,"",161731.290475222,0,0.530697177989108,0.104904013381777,0.926839965227247,2.06588266488795e-05,0.0563343975988617,0.000177545831124495,-0.444351367325114,0.200791503233781,50.4169120275273,-2.21299885786381,0.0314522805166466,-0.0765478218929663,0.122094877070651,19026.380072206,-0.626953593218097,0.530697177989108,2.76712031731644,1.6727092509459,45.8415864468912,1.65427453441276,0.104904013381777,0.16119581498942,1.74633693656358,47.9803986202982,0.0923051053977129,0.926839965227247,-0.367803545432148,0.235579571051633,-1.56127097010265,0.118459830047547,-0.52089918921808,0.23441638009893,-2.22211088234639,0.0262758130207229,0.153095643785933,0.244189754141301,0.626953593218097,0.530689655280426,2.60592450232703,2.40005393104982,1.08577747716992,0.277577453308865,2.92831613230587,2.43619354659371,1.2020047160868,0.229361700891031,-0.322391629978841,3.49267387312716,-0.0923051053977129,0.926455632169041
0,"",161817.543592364,0,0.537435776604554,0.0939190029548008,0.999018937585707,1.99920749083754e-05,0.0607433412257418,3.2041927126704e-08,-0.403894025800446,0.19874804927394,50.4229019076626,-2.03219114489898,0.0474185481444342,-0.0754622676065746,0.122363359840176,19023.4973976467,-0.616706403821692,0.537435776604554,2.98048933240204,1.74191775086024,45.2694751802672,1.7110390722697,0.0939190029548008,0.00219688210423389,1.77735083265482,47.6813492206205,0.00123604302756165,0.999018937585707,-0.328431758193871,0.233982956022544,-1.4036567610601,0.160421083986822,-0.479356293407021,0.232807074922774,-2.05902803239993,0.0394915531663454,0.150924535213149,0.244726719680352,0.616706403821692,0.537428396556211,2.97829245029781,2.47025928875939,1.20565985273293,0.227948670952343,2.98268621450628,2.50685578215014,1.18981165001363,0.234120429609293,-0.00439376420846779,3.55470166530965,-0.00123604302756165,0.999013780602945
0,"",161878.019216219,0,0.579015880499575,0.136404428474315,0.850644363946568,1.61786608784586e-05,0.0486083003035744,0.000753089304269425,-0.382569752415828,0.184783692258798,50.4318515264127,-2.07036534306296,0.0435570020141119,-0.0680114250350176,0.122580142987903,19027.1570953532,-0.554832319307453,0.579015880499575,2.65805575665977,1.7528425200573,45.0081639508196,1.5164258775357,0.136404428474315,-0.32768761195806,1.73082752009272,47.5596662011366,-0.189324244128326,0.850644363946568,-0.31455832738081,0.222363720417435,-1.41461173068296,0.157182367469258,-0.450581177450846,0.221124816792632,-2.03767801365052,0.0415821443838036,0.136022850070035,0.245160285975807,0.554832319307453,0.579009358630431,2.98574336861784,2.44506626922922,1.22112983447237,0.222036865250335,2.33036814470172,2.48155043227814,0.939077487360341,0.347690961859817,0.655375223916121,3.46165504018545,0.189324244128326,0.849838694856885
0,"",161900.948105096,0,0.33906106958953,0.111249968022655,0.603181260052263,4.80216232307036e-05,0.055260331716223,0.00564794083009723,-0.341971736721516,0.176902341419365,50.527532314457,-1.93311029112293,0.0588358768665412,-0.117285281225602,0.122677428360532,19032.6827306905,-0.956046134916655,0.33906106958953,2.72724754177388,1.6788878968741,45.1132780214839,1.6244369542789,0.111249968022655,-0.885209331823465,1.69167687494798,48.2066754045896,-0.523273294641856,0.603181260052263,-0.224686455495914,0.215914058680833,-1.04062911358657,0.298047713873768,-0.459257017947118,0.214638064940923,-2.13968113285741,0.0323805448205779,0.234570562451204,0.245354856721065,0.956046134916655,0.339048926673939,3.61245687359735,2.36531760046875,1.52726080966102,0.126696170516142,1.84203820995041,2.40127946893339,0.767106966840732,0.443017920071182,1.77041866364693,3.38335374989596,0.523273294641856,0.60078408234448
0,"",161897.746302239,0,0.168765548498114,0.0929584702294194,0.403494683313356,9.95077664254758e-05,0.061447676560334,0.0143808446892666,-0.304216305481835,0.184964530212046,50.3743220456902,-1.64472780339602,0.10625293042885,-0.168807654776568,0.122659167842432,19031.9833368125,-1.37623349111106,0.168765548498114,2.82408057029253,1.64531063439969,44.9998824435226,1.71644217890984,0.0929584702294194,-1.43409564711545,1.70170140486188,48.6759302083299,-0.842742236104488,0.403494683313356,-0.135408650705268,0.222558308411483,-0.608418763027772,0.542909770252879,-0.473023960258403,0.221318994082615,-2.1372949132501,0.0325740123363218,0.337615309553135,0.245318335684864,1.37623349111106,0.168749356408579,4.25817621740799,2.3490535649554,1.81271993152223,0.0698750287370249,1.38998492317708,2.38487250370447,0.582834059689978,0.560005014070299,2.86819129423091,3.40340280972377,0.842742236104488,0.399372620088703
0,"",162003.058928967,0,0.331438746424176,0.105442383965248,0.362612652228424,4.95644427185112e-05,0.0583461777672835,0.0170882716347471,-0.318092821560415,0.191492061099379,50.3232798977849,-1.6611279848063,0.102906330223308,-0.119456414798772,0.122993109531175,19031.1764484007,-0.971244773419552,0.331438746424176,2.64652329082414,1.60108137031212,44.0964365077743,1.65295989316784,0.105442383965248,-1.58629662458196,1.72602733078115,48.5836167227768,-0.919044905195125,0.362612652228424,-0.198636406761643,0.22819583049317,-0.870464663321659,0.384046522207038,-0.437549236359187,0.226979496558619,-1.92770379260308,0.0538919800983655,0.238912829597544,0.245986219062349,0.971244773419552,0.331426402805412,4.23281991540611,2.33639228714461,1.81169058753365,0.0700340188107518,1.06022666624219,2.37203180469809,0.446969835793213,0.654896839344936,3.17259324916392,3.45205466156231,0.919044905195125,0.358072084874067
0,"",162096.628044291,0,0.274717770889998,0.128541891579743,0.359528387193733,6.26884553032487e-05,0.0520236202624523,0.0172646346262407,-0.355211272323616,0.192322652808914,50.1669239524313,-1.84695493295084,0.0706557537031439,-0.134674382783593,0.123295006654936,19031.1142384625,-1.09229389281355,0.274717770889998,2.46540278056601,1.59140873419327,43.7329963367899,1.54919520522539,0.128541891579743,-1.60603312729035,1.73625843590735,48.7034194522559,-0.924996586957431,0.359528387193733,-0.220536889540023,0.229058611518249,-0.962796762270835,0.335649525875647,-0.489885655107208,0.227840899287923,-2.15012167103562,0.0315455918518657,0.269348765567185,0.246590013309871,1.09229389281355,0.274703943847138,4.07143590785636,2.33736277288667,1.74189302366106,0.0815271649169097,0.859369653275668,2.37299083415332,0.362146216878368,0.717242768168144,3.2120662545807,3.4725168718147,0.924996586957431,0.354967682804066
0,"",162163.188357654,0,0.232044665324251,0.0981092569052129,0.290013215340712,7.5057883918985e-05,0.0606150458377494,0.0227543863752868,-0.329477732956976,0.208233055683166,49.6672107127141,-1.58225470915764,0.119939258280523,-0.14758689496034,0.123488531882081,19028.8885264265,-1.19514656714252,0.232044665324251,2.7033169596076,1.59982646866045,44.2498032988092,1.6897563658083,0.0981092569052129,-1.8703626441595,1.74861045392892,49.1364866649553,-1.06962796657027,0.290013215340712,-0.181890837996636,0.242673023597492,-0.749530521770429,0.453537509466434,-0.477064627917315,0.24151738982759,-1.97528065477138,0.0482363073413795,0.295173789920679,0.246977063764163,1.19514656714252,0.232029770694002,4.57367960376711,2.35206535433018,1.94453763597466,0.0518306514777366,0.832954315448099,2.38787668605223,0.348826352848725,0.727219677905543,3.74072528831901,3.49722090785784,1.06962796657027,0.284786801682489
0,"",162163.323167663,0,0.374825149545186,0.0860534751002558,0.368236671232503,4.1396574739758e-05,0.0637021107342767,0.0164861626630233,-0.253979552834809,0.226765458322118,49.740998136285,-1.12000987590462,0.268088525649836,-0.109572272654939,0.123462792260739,19025.968032718,-0.887492261016866,0.374825149545186,2.85773970076425,1.62848684436082,45.2623448492368,1.75484359033057,0.0860534751002558,-1.59254426910694,1.75365277201669,49.1990491004206,-0.908129758934843,0.368236671232503,-0.14440728017987,0.2587392774198,-0.558118897215484,0.576763197355194,-0.363551825489748,0.25765336140248,-1.41101138176825,0.158241258009808,0.219144545309878,0.246925584521478,0.887492261016866,0.374813930938152,4.4502839698712,2.37505163834606,1.87376303656719,0.0609630931962152,1.26519543165732,2.4111542068698,0.524726053627161,0.599773642979289,3.18508853821388,3.50730554403339,0.908129758934843,0.363809669412631
0,"",162114.401001111,0,0.737994988263541,0.0800648315603792,0.457993164393274,5.88108885171063e-06,0.0654258597713334,0.011211694832753,-0.252613209509919,0.231034586200799,49.9350369818945,-1.09339996951957,0.279464960877156,-0.0412473100444149,0.123304974468389,19026.976079886,-0.334514566198537,0.737994988263541,2.86958130202903,1.60308722252083,45.770650418401,1.79003441716457,0.0800648315603792,-1.29072505775923,1.72550259638164,49.3478574379328,-0.748028464556281,0.457993164393274,-0.211365899465505,0.262413567637876,-0.805468640086414,0.420549295953223,-0.293860519554334,0.261345198958791,-1.12441522065485,0.260836917961351,0.0824946200888297,0.246609948936778,0.334514566198537,0.737991301127442,4.16030635978827,2.33732048738771,1.77994690169255,0.075084650940517,1.5788562442698,2.37306313559002,0.665324162931404,0.505843179062727,2.58145011551847,3.45100519276328,0.748028464556281,0.454442988538411
0,"",162106.498433328,0,0.616585568389207,0.0805105560122492,0.45420438462162,1.3174924378434e-05,0.0640710976090189,0.0114851573310185,-0.283620276660674,0.223362614110923,49.911613736596,-1.26977505966969,0.210053100232707,-0.0617321627712766,0.123290844308447,19028.6281304381,-0.500703544675517,0.616585568389207,2.84478836219415,1.59232177961696,46.6250112291394,1.78656625727903,0.0805105560122492,-1.29330387681394,1.71428621749982,48.9869880339505,-0.75442704001911,0.45420438462162,-0.221888113889398,0.25567741755244,-0.867844004423615,0.385479736563236,-0.345352439431951,0.254582084010688,-1.35654651730109,0.174925345310634,0.123464325542553,0.246581688616893,0.500703544675517,0.616579777242243,4.1380922390081,2.32186128608028,1.78223060258434,0.0747116342549604,1.55148448538021,2.35743333710762,0.65812443599519,0.510458175097697,2.58660775362789,3.42857243499964,0.75442704001911,0.450592840042516
0,"",162174.902467067,0,0.541295448324618,0.0553943475709029,0.544002912896761,1.96098378170322e-05,0.0762698449838396,0.00772161281103248,-0.263605958269868,0.222706905307497,49.8239945114873,-1.18364519459287,0.242170183170082,-0.0754504933335233,0.123513940214837,19028.7252898198,-0.610866216414816,0.541295448324618,3.10374220878985,1.57966534457234,46.7555705914301,1.9648099639928,0.0553943475709029,-1.05354105715261,1.72394688298289,47.9933074482581,-0.611121530223543,0.544002912896761,-0.188155464936344,0.255214546743633,-0.737244280692782,0.460973809694998,-0.339056451603391,0.254113465460836,-1.33427188121854,0.182114769428292,0.150900986667047,0.247027880429674,0.610866216414816,0.541288152022991,4.15728326594247,2.32040839954452,1.79161705618654,0.073194329071144,2.05020115163724,2.35592354963013,0.870232462322095,0.384173378984101,2.10708211430523,3.44789376596579,0.611121530223543,0.541119127248287
0,"",162311.611136257,0,0.635453257055725,0.0470709035948171,0.449279199584561,1.18088241307947e-05,0.0830040658812782,0.0120134842478246,-0.213766719849747,0.22830810630873,49.9178447438773,-0.936308058902999,0.353622510835288,-0.0587672146255852,0.123962362052473,19031.7509111006,-0.474073046468,0.635453257055725,3.13562736364834,1.53673861727843,45.9956674332083,2.04044287583633,0.0470709035948171,-1.27733300666152,1.6743580723508,47.8623064017002,-0.762879235782669,0.449279199584561,-0.154999505224162,0.26033393293427,-0.595387253121922,0.551584644095175,-0.272533934475332,0.259246524734256,-1.0512539551097,0.293141968507166,0.11753442925117,0.247924724104947,0.474073046468,0.635447818468566,4.41296037030987,2.25525181807866,1.95674839276682,0.0503770572656081,1.85829435698683,2.28996076420867,0.811496155755746,0.417080799643577,2.55466601332305,3.34871614470161,0.762879235782669,0.445535420641563
0,"",162393.478439751,0,0.709793256885781,0.0792032226293166,0.34116340890912,7.27649979262815e-06,0.0658630503234451,0.0186910955360098,-0.1473122145237,0.229947358081135,50.2138121842575,-0.640634516321435,0.524673119240507,-0.0462300933407343,0.124227915226892,19032.0454033698,-0.372139331617205,0.709793256885781,2.76803032295019,1.54174362521876,45.7178790658753,1.79538950424227,0.0792032226293166,-1.60247512617761,1.66697158712684,48.5173622495461,-0.96130920200002,0.34116340890912,-0.101082121182965,0.261900949714744,-0.385955535071794,0.699529599986667,-0.193542307864434,0.260815293567577,-0.742066560656985,0.458047008817944,0.0924601866814687,0.248455830453783,0.372139331617205,0.709789113521602,4.37050544912781,2.25320577440238,1.93968322768345,0.0524181991584325,1.16555519677258,2.28792462607087,0.509437760095368,0.610445414397857,3.20495025235523,3.33394317425369,0.96130920200002,0.336396722467042
0,"",162433.584237685,0,0.826655054179812,0.226009553654019,0.326479186031707,2.51971351701268e-06,0.0326428354436606,0.0202386260998064,-0.0822036704140099,0.223704270565322,50.2218070903931,-0.367465807453176,0.714815638288254,-0.0272374131777672,0.124373687697635,19033.6655967981,-0.218996587477443,0.826655054179812,1.85169338850491,1.50832363275235,44.6630170795941,1.22764992094302,0.226009553654019,-1.61901861575881,1.6329755328801,47.5864838554204,-0.99145307639933,0.326479186031707,-0.0549662572362427,0.256508274159516,-0.214286488092235,0.830323654261273,-0.109441083591777,0.255398384899063,-0.428511259517282,0.668278937816528,0.0544748263555344,0.24874737539527,0.218996587477443,0.826652706049169,3.47071200426373,2.20596752503461,1.57332869358957,0.115642728612206,0.232674772746109,2.23986736721201,0.10387881718002,0.917265517590546,3.23803723151762,3.2659510657602,0.99145307639933,0.321464394177435
0,"",162356.213543868,0,0.638311064095059,0.273842472454886,0.342937265809337,1.16082080521223e-05,0.0272347018094474,0.0190595030322924,-0.0347995059234563,0.218674717786002,50.3226386761816,-0.159138222634002,0.874196957545903,-0.058349921613401,0.124130530285865,19035.0099343045,-0.470069059392757,0.638311064095059,1.68380517319427,1.51949171869767,43.8603859405293,1.10813711748126,0.273842472454886,-1.52270950920893,1.58945570492934,47.2354821416996,-0.958006885304566,0.342937265809337,0.0235504156899447,0.252011562063615,0.0934497429288576,0.925546274234122,-0.0931494275368572,0.250886855139786,-0.371280621637022,0.710428529807923,0.116699843226802,0.248261060571731,0.470069059392757,0.638305678837796,3.20651468240321,2.1820587223685,1.46949055473756,0.141699781834248,0.161095663985342,2.21564184253278,0.0727083506426238,0.942038203288347,3.04541901841787,3.17891140985869,0.958006885304565,0.338059286621832
0,"",162392.505624627,0,0.735550168663793,0.250115219775164,0.391872415103738,5.99332016458289e-06,0.0300901263053721,0.0156000848418222,-0.108214972129651,0.21696411693581,50.7181497927127,-0.498768983820801,0.620098555892231,-0.0419659011244008,0.124248859829291,19034.3565656659,-0.33775683078347,0.735550168663793,1.80843356716083,1.55160047523846,43.7877551552742,1.16552785077157,0.250115219775164,-1.36450775453416,1.57898185575419,47.1240213979022,-0.86416936937025,0.391872415103738,-0.0662490710052506,0.250588393333825,-0.264374060282178,0.791491697558578,-0.150180873254052,0.249455149354752,-0.602035570893264,0.547150459933304,0.0839318022488017,0.248497719658582,0.33775683078347,0.735546444000196,3.172941321695,2.19672813627234,1.44439417390957,0.148628128631373,0.443925812626667,2.23062344792476,0.199014232115093,0.842251611658841,2.72901550906833,3.15796371150838,0.86416936937025,0.387494856142797
0,"",162438.972791051,0,0.788462781561568,0.148369421670537,0.509394828343724,3.78308360858975e-06,0.0457413955607483,0.00925176529357576,-0.08056535876592,0.226385777031981,50.6619524817482,-0.355876415127169,0.723410775305848,-0.0333720574995446,0.124378228042623,19029.5997193444,-0.268311086471729,0.788462781561568,2.36349092517159,1.60727796540058,45.1110120438752,1.47049295520114,0.148369421670537,-1.08185226154939,1.62729646173359,47.330517697051,-0.664815715506976,0.509394828343724,-0.0471933012663754,0.258852976387648,-0.182317012247526,0.855333948582847,-0.113937416265465,0.257751942615471,-0.442042900275802,0.658458162241603,0.0667441149990893,0.248756456085246,0.268311086471729,0.788459873226199,3.44534318672098,2.26961258379978,1.5180314082295,0.12900648102836,1.2816386636222,2.3047193287521,0.55609316398459,0.578147168058894,2.16370452309878,3.2545929234672,0.664815715506976,0.506168369654286
0,"",162417.863491455,0,0.585901460159966,0.0730382433999004,0.728299459583637,1.55992167562683e-05,0.0692021791685257,0.00256650797603758,-0.0749907250459022,0.232527616783458,50.522825949256,-0.322502445443878,0.748402911191196,-0.0677151210283756,0.124294866292128,19026.3450057057,-0.544794190205943,0.585901460159966,2.98981845122316,1.62910405295748,45.303063864474,1.83525321528446,0.0730382433999004,-0.583594375206852,1.67004980359261,47.4574805182991,-0.349447288309262,0.728299459583637,-0.00727560401752654,0.264201798236887,-0.027538056387501,0.978030586739783,-0.142705846074278,0.263123587911728,-0.542352919427933,0.587575406396895,0.135430242056751,0.248589732584255,0.544794190205943,0.585895074919299,3.57341282643001,2.31511742099575,1.54351256399473,0.122706461466963,2.40622407601631,2.35081348700538,1.02357081466361,0.30603803616524,1.16718875041371,3.34009960718522,0.349447288309262,0.72675353720467
0,"",162467.520069899,0,0.56151912491878,0.0404093346229615,0.994553567542637,1.77157600162424e-05,0.0887515274761316,9.82781157216534e-07,-0.126269479100268,0.221921181303622,50.5041808420044,-0.568983448801636,0.571889183259286,-0.0722648058506794,0.124466427390307,19027.5008482682,-0.580596771080033,0.56151912491878,3.50674736081557,1.66234679676849,45.6905801920256,2.10951611759501,0.0404093346229615,0.0114471704191651,1.66823247780614,47.9099706584506,0.00686185562950975,0.994553567542637,-0.0540046732495883,0.255001244164473,-0.21178199905078,0.832277112664174,-0.198534284950947,0.25388219707489,-0.781993724799788,0.434218261480655,0.144529611701359,0.248932854780613,0.580596771080033,0.561512248981951,3.49530019039641,2.33703704658079,1.49561180277832,0.134754845639862,3.51819453123474,2.37298352046034,1.48260386172098,0.138179690533076,-0.0228943408383302,3.33646495561228,-0.00686185562950975,0.994525074299326
0,"",162569.129775679,0,0.655542456983239,0.0486798560987047,0.894497569432888,1.04579788933791e-05,0.0836737693495012,0.000372593799569774,-0.180959577522938,0.221454148208296,50.5058264100322,-0.817142415199782,0.417685079611739,-0.0556688529853717,0.124794866262398,19027.3717519888,-0.446082877065795,0.655542456983239,3.49717173704399,1.7258080878358,44.9686350182919,2.02639665539493,0.0486798560987047,0.220137186429634,1.65113516391841,47.6896462274637,0.133324752110066,0.894497569432888,-0.125290724537566,0.254758589990513,-0.491801766300527,0.622859487762277,-0.236628430508309,0.253632524795755,-0.932957753343587,0.350841781415857,0.111337705970743,0.249589732524796,0.446082877065795,0.655537381015285,3.27703455061436,2.37026611583046,1.38255975931471,0.166799894970323,3.71730892347363,2.40648297548117,1.5447060965517,0.122417369563803,-0.440274372859269,3.30227032783682,-0.133324752110066,0.893936552991233
0,"",162614.371018523,0,0.710726020728879,0.0409606795663503,0.941492139571796,7.22950506034829e-06,0.0902950515466877,0.000115292223106196,-0.225360071096749,0.222257247262098,50.5497966948468,-1.01396050690303,0.315430432877127,-0.0463385699714634,0.12493994781155,19027.0258447759,-0.370886740255062,0.710726020728879,3.66058752409881,1.73906829559768,44.6380199506038,2.10491303496551,0.0409606795663503,0.122539921230444,1.66074099145749,47.2173159181734,0.0737862929022429,0.941492139571796,-0.179021501125286,0.255529276786831,-0.700590959190285,0.483558322128357,-0.271698641068213,0.254403887046082,-1.06798148496449,0.285528863700993,0.0926771399429268,0.2498798956231,0.370886740255062,0.710721891677173,3.53804760286838,2.38640720745515,1.48258335451532,0.138185142318,3.78312744532926,2.42278744324108,1.56147723808094,0.118411190336726,-0.245079842460888,3.32148198291499,-0.0737862929022429,0.94118043397167
0,"",162664.008992796,0,0.693962520045696,0.0486366920302403,0.992861527928943,8.13699573971008e-06,0.0838928853482469,1.7213418673672e-06,-0.226013500955894,0.223418478411913,50.7622092291004,-1.01161507571991,0.316519922204802,-0.0492280985893606,0.125106568898505,19028.2248118815,-0.393489318928551,0.693962520045696,3.44481339178447,1.69951949160779,44.8642308354723,2.02693373556168,0.0486366920302403,-0.0149117366533503,1.65785720094508,46.999618309703,-0.00899458448221574,0.992861527928943,-0.176785402366533,0.256622625025383,-0.688892502557196,0.490890917895919,-0.275241599545255,0.255499057689032,-1.07727050751104,0.281359434032732,0.0984561971787213,0.25021313779701,0.393489318928551,0.69395811135868,3.45972512843782,2.35605653772174,1.46843892455285,0.141985034916349,3.42990165513112,2.39221896849331,1.4337741236503,0.15163673158156,0.0298234733067006,3.31571440189017,0.00899458448221574,0.992823456677709
0,"",162784.278551032,0,0.475342176471644,0.0816782800059183,0.997340693299232,2.67785965061497e-05,0.0658520743927549,2.38525118700276e-07,-0.234972518517317,0.22222569115637,50.7730793004418,-1.05735982772567,0.29535236317151,-0.0895855943869115,0.125500217899146,19027.7728348309,-0.713828197963001,0.475342176471644,3.03353904159944,1.70335850966878,44.9917868921239,1.78091636280921,0.0816782800059183,0.0056689829401051,1.69187957810096,47.0692392676424,0.00335070120443691,0.997340693299232,-0.145386924130406,0.255781187092549,-0.568403508416749,0.569761008687651,-0.324558112904229,0.254647028914231,-1.27454113361576,0.202471704574635,0.179171188773823,0.251000435798292,0.713828197963001,0.475333420958653,3.02787005865934,2.38248957971321,1.27088491149826,0.203769594977951,3.03920802453955,2.41899087246527,1.25639499476168,0.208972795454655,-0.0113379658802102,3.38375915620193,-0.00335070120443691,0.997326532243709
0,"",162886.441486708,0,0.417836320295896,0.0599821259977417,0.92384709207246,3.44942378500068e-05,0.0762305869526561,0.000195568525341885,-0.220373545016804,0.217755464248557,50.8916285314399,-1.01202303132682,0.316314589605599,-0.101958828498553,0.125844281432003,19029.2279468926,-0.810198344639478,0.417836320295896,3.24968115329589,1.68427419309465,45.1118075908811,1.92942524834688,0.0599821259977417,-0.163637178026807,1.70276201401671,47.2141475236316,-0.0961010268491937,0.92384709207246,-0.118414716518251,0.252081440625202,-0.469747856980522,0.638535171982065,-0.322332373515357,0.250925084538804,-1.2845761280017,0.198940445099259,0.203917656997106,0.251688562864005,0.810198344639478,0.417826188740181,3.4133183313227,2.37671958288353,1.4361468453849,0.150960560525078,3.08604397526909,2.41320535639712,1.27881531801194,0.200962098437651,0.327274356053615,3.40552402803343,0.0961010268491937,0.923440335775801
0,"",162862.708301377,0,0.402328888912471,0.0803323248666821,0.884898576473344,3.68574128690022e-05,0.0659909537662761,0.00044218364832669,-0.235088727382873,0.216907419246904,50.8133591823774,-1.08382059128772,0.283560315054181,-0.105326135126484,0.125764365160714,19029.0118270884,-0.837487908374433,0.402328888912471,3.01535027225417,1.68565842332685,45.2900775008339,1.78882639004824,0.0803323248666821,-0.250749449074487,1.72293616698711,47.8791950994699,-0.145536122509385,0.884898576473344,-0.129762592256389,0.251308455804669,-0.516347895421584,0.605611450197423,-0.340414862509358,0.250150091301866,-1.36084244757906,0.173563484405337,0.210652270252969,0.251528730321427,0.837487908374433,0.402318370838607,3.26609972132866,2.39200239928755,1.3654249353184,0.172119531114331,2.76460082317969,2.4286274381001,1.13833879161903,0.2549790418418,0.501498898148976,3.44587233397424,0.145536122509385,0.884287597703559
0,"",162780.121755665,0,0.371188526405433,0.055414158047549,0.928209304341581,4.20263774208775e-05,0.0783973511626946,0.00017172649482785,-0.168542500705152,0.211532389517122,50.4348911404099,-0.796769237514382,0.429319972724039,-0.112226281333621,0.125494791288458,19028.1924576196,-0.894270432911129,0.371188526405433,3.35646540161377,1.70717073690341,45.4415105042193,1.96609825195456,0.055414158047549,-0.156742290832403,1.73053052349389,47.7641397249259,-0.090574704522371,0.928209304341581,-0.0563162193715314,0.246543921609938,-0.228422664017775,0.819317671800573,-0.280768782038773,0.245368872573328,-1.14427220981286,0.252510764588293,0.224452562667241,0.250989582576915,0.894270432911129,0.371177215585315,3.51320769244618,2.41242204259175,1.4562989520158,0.145309995123668,3.19972311078137,2.44919487256205,1.30643875937655,0.191403392245233,0.313484581664806,3.46106104698778,0.090574704522371,0.927830532163327
0,"",162806.778000818,0,0.260321705023557,0.0292986841696442,0.964877420446522,6.65879182400393e-05,0.100418905409218,4.17516212094354e-05,-0.14098474635735,0.205822057713466,49.9371623753294,-0.684983659786462,0.496521533662368,-0.14137257106578,0.125590312962348,19028.0231012127,-1.12566461322669,0.260321705023557,3.7667002864069,1.67360480350794,45.3775599763813,2.25065097716722,0.0292986841696442,0.0779385934844383,1.76055003105333,46.9371708550183,0.0442694567661948,0.964877420446522,0.000387824708430296,0.241712252705485,0.00160448923912369,0.998719803357415,-0.282357317423131,0.240512950160301,-1.17397968481506,0.240403162867184,0.282745142131561,0.251180625924696,1.12566461322669,0.2603075075124,3.68876169292247,2.4106641643226,1.53018481276467,0.125970989508653,3.84463887989134,2.44738170034515,1.57091919063918,0.116201420378564,-0.155877186968877,3.52110006210666,-0.0442694567661948,0.964689617766059
0,"",162903.991516853,0,0.218725992672752,0.0192726047679889,0.754046521894726,7.94953137269237e-05,0.115954954420514,0.00211012975324933,-0.193809314758855,0.21683991153123,49.8026300460462,-0.893789862716035,0.375733347866875,-0.154857906638149,0.125904476937983,19028.667119177,-1.22996346440029,0.218725992672752,3.94961494820919,1.62700436322142,44.9280082286834,2.42753801863756,0.0192726047679889,0.551625879660743,1.75038022940899,46.9675515032208,0.315146315293447,0.754046521894726,-0.0389514081207067,0.251321489612683,-0.154986380912892,0.876832054023717,-0.348667221397004,0.250160904121047,-1.39377183106235,0.163386517034835,0.309715813276297,0.251808953875967,1.22996346440029,0.21871078667538,3.39798906854846,2.3715360140811,1.43282203954431,0.151908701201686,4.50124082786995,2.40785490111244,1.86939870246764,0.0615673649741761,-1.10325175932149,3.50076045881799,-0.315146315293447,0.752650564281348
0,"",163029.275242205,0,0.117842744614149,0.0122864976344047,0.86935317485395,0.00012851775085293,0.131815474994399,0.000582601664491092,-0.240359942350068,0.221761571705613,50.0827661185254,-1.08386651709496,0.283614383582,-0.197555167626249,0.126316985498634,19029.8054535494,-1.56396360193685,0.117842744614149,4.17416838886564,1.59973901531612,44.8422398902116,2.60928085700328,0.0122864976344047,0.289489983877705,1.75042313617288,46.9198028637536,0.165382859661376,0.86935317485395,-0.0428047747238192,0.255787420856832,-0.167345112517389,0.867098509914856,-0.437915109976316,0.254639247471834,-1.71974711017301,0.0854784203659489,0.395110335252497,0.252633970997268,1.56396360193685,0.117826116482028,3.88467840498794,2.3532132763745,1.65079741984666,0.0987799471728872,4.46365837274335,2.38928429062819,1.86819893733523,0.0617343468662486,-0.57897996775541,3.50084627234577,-0.165382859661376,0.868642643911039
0,"",163097.729529681,0,0.0581106129392265,0.0140463751699765,0.68588094669874,0.00018866521466015,0.127843120318117,0.00351537924131571,-0.221967082404441,0.22066921595648,50.1553476320971,-1.0058815020588,0.319300930976408,-0.239798471736849,0.126544275977124,19029.7916415431,-1.89497683625136,0.0581106129392265,4.07994877173342,1.59582717686955,44.5917950535837,2.55663572526497,0.0140463751699765,-0.719894199332851,1.7689204610682,46.9482224879881,-0.406968100136128,0.68588094669874,0.0178313893324077,0.254955633360954,0.0699391854862955,0.944242063967769,-0.46176555414129,0.253799799693299,-1.81940866265184,0.0688491060859117,0.479596943473698,0.253088551954248,1.89497683625136,0.0580954705319517,4.79984297106628,2.36424285301681,2.03018186771363,0.0423380562440216,3.36005457240058,2.40038407010239,1.39979872981629,0.16157359830854,1.43978839866571,3.53784092213641,0.406968100136128,0.684031417611875
0,"",163155.255427561,0,0.107177629460735,0.0184553514953287,0.567878204515576,0.000136371040207354,0.117426655247502,0.00682649046510819,-0.196737070995646,0.223682525739564,50.5258900175099,-0.879537059701791,0.383274264373813,-0.204177046563423,0.126732579842784,19030.7498619405,-1.61108569569649,0.107177629460735,3.8351955149553,1.56838753951134,44.9419970836944,2.44531113537808,0.0184553514953287,-1.03020734092098,1.79123896887315,48.1249024283844,-0.575136739889637,0.567878204515576,0.00743997556777662,0.257662491090969,0.0288748879834042,0.976964373754984,-0.400914117559069,0.256515260587889,-1.56292501522226,0.118070233037825,0.408354093126845,0.253465159685568,1.61108569569649,0.107161045652866,4.86540285587629,2.3628044177814,2.05916444850935,0.0394784876054544,2.80498817403432,2.39873056401112,1.16936358593933,0.242257174454414,2.06041468184197,3.58247793774631,0.575136739889637,0.565198822086928
0,"",163192.425141918,0,0.128810679585757,0.041029162386221,0.602096918779781,0.000121190248080186,0.0894299228491386,0.0055296466350291,-0.158889711450303,0.226575623725818,50.7776890000275,-0.701265691505179,0.486338788211309,-0.192685166903394,0.126860486225182,19033.7128849085,-1.51887457345363,0.128810679585757,3.2511835946678,1.54554454636782,45.0557739419385,2.10358452773709,0.041029162386221,-0.916546004423002,1.74662700849837,49.5225108236226,-0.524751993392673,0.602096918779781,0.0337954554530907,0.26024154336971,0.129861877606065,0.896675706082297,-0.351574878353697,0.259103322187535,-1.35689066193923,0.174815954376836,0.385370333806788,0.253720972450364,1.51887457345363,0.128794070283159,4.16772959909081,2.3145065185537,1.80069901107695,0.0717503335727873,2.3346375902448,2.34986963017506,0.993517921277564,0.320457621328647,1.83309200884601,3.49325401699675,0.524751993392673,0.599755608052316
0,"",163193.19519513,0,0.209245605499563,0.0685338025898163,0.620481903643578,8.28484893838298e-05,0.0704949354934407,0.00491894781947403,-0.178917524832841,0.230264371301133,50.5750643498868,-0.777009156135829,0.440772637514398,-0.159277935955796,0.126845452500967,19030.0906856432,-1.25568503099929,0.209245605499563,3.05064257768509,1.63542101288434,45.8793599627116,1.86535610931448,0.0685338025898163,-0.886253478348942,1.77872719683797,50.2207802211824,-0.498251491248589,0.620481903643578,-0.0196395888770443,0.263452579394804,-0.0745469599203009,0.940575176474374,-0.338195460788637,0.262327347853759,-1.28921160357697,0.197324532097905,0.318555871911592,0.253690905001934,1.25568503099929,0.209230188514521,3.93689605603404,2.39789846044973,1.64181099448876,0.100629179835577,2.16438909933615,2.43454875360554,0.889030912250459,0.373986466780161,1.77250695669789,3.55745439367595,0.498251491248589,0.618306793772564
0,"",163179.942534596,0,0.233236602216295,0.0581022007761672,0.554360861937628,7.4677886409618e-05,0.074695944633551,0.00704298195576501,-0.200414271324286,0.234544963271511,50.4206305432945,-0.854481241160933,0.396880249012867,-0.151147879085068,0.126791193381636,19028.3655016642,-1.19210076862452,0.233236602216295,3.23138895713865,1.66343692676143,46.7469454431231,1.94259782571371,0.0581022007761672,-1.06883889320198,1.79560151739982,49.9549402394989,-0.595253948520689,0.554360861937628,-0.0492663922392184,0.267176148071847,-0.184396670865882,0.853702281304841,-0.351562150409354,0.266066906870881,-1.32132986602487,0.186391399800286,0.302295758170136,0.253582386763271,1.19210076862452,0.233221735671754,4.30022785034064,2.42913351040133,1.77027233452894,0.0766817844375988,2.16255006393667,2.46611533101139,0.876905486431479,0.380537975959258,2.13767778640397,3.59120303479964,0.595253948520689,0.551673733648633
0,"",163230.348800591,0,0.43688432158973,0.0212535648675993,0.657149401775837,3.17649635726081e-05,0.10804932606715,0.00403579686639685,-0.146781543859309,0.239462515728292,50.4762925361644,-0.612962506523803,0.542653213785268,-0.0987089681152835,0.12695986847973,19029.0952024617,-0.777481650676435,0.43688432158973,3.85606249553261,1.61785468850851,46.8951446470924,2.38344180285282,0.0212535648675993,-0.796916605079355,1.78455497674093,49.2130542855409,-0.446563213499163,0.657149401775837,-0.0480725757440258,0.271583729738917,-0.177008305284855,0.859501865918937,-0.245490511974593,0.270489347346109,-0.907579224036766,0.364100575096393,0.197417936230567,0.25391973695946,0.777481650676435,0.436874656176905,4.65297910061198,2.39042305195048,1.9465086302675,0.0515936722764515,3.05914589045326,2.42694419980836,1.26049288265253,0.207491613814514,1.59383321015871,3.56910995348187,0.446563213499163,0.655190461339759
0,"",163233.313802615,0,0.74773617649018,0.0080506947376415,0.749737897434681,5.43631403463702e-06,0.139803973961305,0.0020963776623024,-0.125252392186972,0.24027761099525,50.5014710098021,-0.521281994057482,0.604448894431885,-0.0408365717989577,0.12696735312481,19028.6300711244,-0.321630488420239,0.74773617649018,4.45487088784517,1.60978953351533,47.1205075834766,2.76736231357958,0.0080506947376415,-0.578996696955986,1.80493659891423,48.9832216450332,-0.320785060984571,0.749737897434681,-0.084415820388014,0.272306269998139,-0.310003219494692,0.756558508083721,-0.166088963985929,0.271214626320024,-0.612389406277631,0.540280149142893,0.0816731435979154,0.253934706249621,0.321630488420239,0.747732643725047,5.03386758480117,2.40018259820627,2.09728526011443,0.0359683308879198,3.87587419088919,2.43671098653471,1.59061711147006,0.111695771152245,1.15799339391197,3.60987319782846,0.320785060984571,0.748373281205533
0,"",163297.139757046,0,0.96989370617036,0.00949741716113406,0.841678314081885,7.48617035167985e-08,0.133769259113396,0.000820506122977794,-0.138445079788286,0.234080206294882,50.4325455844394,-0.591442915997266,0.556865589651256,-0.00480012433670667,0.127182232645421,19027.9651220734,-0.0377420983801192,0.96989370617036,4.40522957601146,1.62937052974921,47.3341572157441,2.7036389179627,0.00949741716113406,-0.368822200491255,1.83669275710427,49.104666818761,-0.200807782937382,0.841678314081885,-0.13364495545158,0.266957568729694,-0.500622462541608,0.616636850722524,-0.143245204124993,0.265840898014936,-0.538838099008172,0.58999857243426,0.00960024867341333,0.254364465290841,0.0377420983801192,0.969893310239103,4.77405177650273,2.43675416588585,1.95918482189901,0.0500911459988858,4.03640737552021,2.47362211129085,1.63178011592637,0.102725815579993,0.737644400982512,3.67338551420855,0.200807782937382,0.84084887698789
0,"",163290.990172536,0,0.854372028809235,0.00906313382540887,0.981577253699499,1.77028950744516e-06,0.135241164430599,1.11082818542062e-05,-0.170577048243529,0.217817671202189,50.3978082653331,-0.783118501368932,0.437222185466255,0.0233437699516065,0.127182515455369,19030.1453134811,0.183545433647271,0.854372028809235,4.43347726850346,1.62902767347863,47.3607045802698,2.72154816071123,0.00906313382540887,-0.0423924230111696,1.82639881503862,48.4990835108005,-0.0232109343600692,0.981577253699499,-0.193920818195136,0.252817731263314,-0.767038044468344,0.443058896187422,-0.147233278291923,0.251640726055762,-0.585093202518009,0.558485049223174,-0.046687539903213,0.254365030910738,-0.183545433647271,0.854370073330785,4.47586969151463,2.4288658739879,1.84278174412563,0.0653608832966068,4.3910848454923,2.46567194720717,1.78088770100419,0.0749307982346398,0.0847848460223393,3.65279763007724,0.0232109343600692,0.981482016600016
0,"",163337.566109894,0,0.827246282559758,0.0186329212297546,0.963623751761444,2.50279763473001e-06,0.111149654594805,4.34028303277086e-05,-0.163184799733427,0.213364282422866,50.4897539541838,-0.764817793683066,0.447940182933146,0.0277896264483,0.127336529518951,19029.7278177721,0.218237661677157,0.827246282559758,4.15049104993078,1.70346357625981,47.4737772549865,2.43650120130174,0.0186329212297546,0.0834124476141016,1.81951465217673,48.4187657614311,0.0458432404016716,0.963623751761444,-0.190974426181727,0.249071039135664,-0.766746815866082,0.443232062968008,-0.135395173285127,0.247873828774622,-0.546226174640786,0.584910475984251,-0.0555792528966,0.254673059037901,-0.218237661677157,0.827243942435145,4.06707860231669,2.47368661389114,1.64413656098463,0.100147997364647,4.23390349754489,2.51111887144259,1.68606255390554,0.0917837515049504,-0.166824895228203,3.63902930435346,-0.0458432404016716,0.963435194163742
0,"",163374.320872177,0,0.745078046766842,0.0313638214431595,0.919263432311661,5.55528135574236e-06,0.0948096744051595,0.000213506451062961,-0.104679314804728,0.216235541951339,50.3463154336508,-0.484098561504215,0.630415136785714,0.041441727494564,0.127457768979292,19029.8166819307,0.325140851173198,0.745078046766842,3.80222059530278,1.71361777703533,47.0039061751349,2.2188265354488,0.0313638214431595,-0.182935402450585,1.79542795271959,48.6133801674178,-0.101889581352172,0.919263432311661,-0.146121042299292,0.251597810220005,-0.580772313445491,0.561393917271042,-0.0632375873101636,0.250409917624751,-0.252536272963947,0.800626580651363,-0.0828834549891281,0.254915537958585,-0.325140851173198,0.745074472379103,3.98515599775337,2.4631630408864,1.61790183256374,0.105683755295944,3.6192851928522,2.50058446615348,1.44737570029761,0.147791727696953,0.365870804901171,3.59085590543918,0.101889581352172,0.918844319799396
0,"",163411.978726435,0,0.90687609748535,0.0424908812379979,0.632071206627723,7.19007752192487e-07,0.0865081923257489,0.00477412359032759,-0.113800531498857,0.217875028820489,50.4078976264023,-0.522320213174218,0.60373541436461,0.0149262265368025,0.127594966790223,19032.6423103577,0.116981311350177,0.90687609748535,3.43808428347729,1.64763811441799,45.9787116855988,2.08667440586111,0.0424908812379979,-0.841374890200517,1.74606836095435,48.4043742000945,-0.481868241252963,0.632071206627723,-0.128726758035659,0.253078633088577,-0.508643327430193,0.611002253159415,-0.098874304962054,0.251895241998477,-0.392521526717254,0.694672908932918,-0.029852453073605,0.255189933580446,-0.116981311350177,0.906874863170734,4.27945917367781,2.38234058774109,1.79632551101165,0.0724427628800998,2.59670939327678,2.4189637199468,1.07348009061247,0.283055766819526,1.68274978040104,3.49213672190871,0.481868241252963,0.629899548197267
0,"",163477.970650017,0,0.6781509428199,0.0417757624192051,0.423075990012191,9.04832291868312e-06,0.0873273147122187,0.0133915856383159,-0.126417552482901,0.216928460905974,50.6984806509993,-0.582761487150808,0.562637036382821,-0.0530440256642599,0.127818764597438,19033.1951561189,-0.414994041221731,0.6781509428199,3.45234066667789,1.64832657503576,45.8464501263393,2.09445186346219,0.0417757624192051,-1.40330956034333,1.73679580549768,48.0974727012561,-0.807987649383578,0.423075990012191,-0.0733735268186414,0.252379420746787,-0.290727059288472,0.771260074742844,-0.179461578147161,0.251188804392267,-0.714448952378096,0.474949611117695,0.10608805132852,0.255637529194876,0.414994041221731,0.678146265264068,4.85565022702122,2.37610094674598,2.04353701119935,0.0409993074389456,2.04903110633457,2.41267996775365,0.849275964371826,0.395727752027163,2.80661912068666,3.47359161099536,0.807987649383578,0.419097692038107
0,"",163584.397128974,0,0.482962665364599,0.0333507250621226,0.451366210231073,2.58559975332454e-05,0.0959702426649015,0.0117444697414002,-0.146861616324556,0.214702223623491,50.4480527735978,-0.684024663769188,0.497089817716388,-0.0899292173155186,0.128184783628799,19035.1433175858,-0.701559223877448,0.482962665364599,3.54294834089228,1.61438743283264,45.3691075990677,2.19460847429649,0.0333507250621226,-1.30997941331585,1.72531897134132,48.5094092454446,-0.759267958606766,0.451366210231073,-0.056932399009037,0.250658512456168,-0.227131320820364,0.820321629930665,-0.236790833640074,0.249453557398824,-0.949238151218245,0.342499501864985,0.179858434631037,0.256369567257597,0.701559223877448,0.482954088471302,4.85292775420814,2.34469600160021,2.06974710192541,0.0384760333634191,2.23296892757643,2.38082870706746,0.937895666726417,0.348298030309125,2.61995882663171,3.45063794268265,0.759267958606766,0.447692280525776
0,"",163652.997903096,0,0.478732450668308,0.0186299510638006,0.576553177123571,2.63507341543125e-05,0.117085800435913,0.00639935801247383,-0.163102790021511,0.21165964932396,51.0187886209601,-0.770589909519647,0.444503983574374,-0.090977895117052,0.128435145959368,19041.4421872172,-0.708356691912305,0.478732450668308,3.70986069550155,1.51953932178505,44.9475051374831,2.44143777151056,0.0186299510638006,-0.943708979890403,1.67866262918696,49.070986266616,-0.562179060570066,0.576553177123571,-0.0721248949044589,0.248188316439565,-0.290605520594768,0.771353037400275,-0.254080685138563,0.246968312384375,-1.02879872598035,0.303574265545161,0.181955790234104,0.256870291918736,0.708356691912305,0.47872377958683,4.65356967539196,2.24709023195724,2.07093138015141,0.0383652091449219,2.76615171561115,2.28131572466462,1.21252472233663,0.225311584953723,1.88741795978081,3.35732525837393,0.562179060570067,0.573994026501355
0,"",163670.818599185,0,0.577653695628912,0.0127193615607205,0.5766989701246,1.62809952571149e-05,0.128891756909819,0.00630469597495612,-0.162865716771361,0.203606926747013,51.5261966102081,-0.799902632849648,0.427439710570346,-0.071555804047508,0.128506860212332,19043.6015557928,-0.556824779076199,0.577653695628912,3.89999875359145,1.50343412911647,45.4786020504394,2.59406027710931,0.0127193615607205,-0.945404140181411,1.68248077564778,49.7649838115116,-0.561910812809981,0.5766989701246,-0.0913099127238529,0.241395415801765,-0.378258685735926,0.705238433334442,-0.234421520818869,0.240141293225226,-0.976181637362167,0.328974461227058,0.143111608095016,0.257013720424665,0.556824779076199,0.577647152166358,4.84540289377287,2.23931199472831,2.1637908898714,0.0304804016364546,2.95459461341005,2.27323409975723,1.29973178465235,0.193692912571581,1.89080828036283,3.36496155129557,0.561910812809981,0.574176786246324
0,"",163714.811182091,0,0.407028199813443,0.0105218157114256,0.578458369339639,3.61044274263471e-05,0.134508921736681,0.00616431103212373,-0.110387860903528,0.201940890042938,51.4642843871571,-0.54663451706119,0.586992203850553,-0.106669554569022,0.128648811101106,19041.1540557914,-0.829153053619676,0.407028199813443,4.16476705538802,1.56114288557042,45.7938994701089,2.66776801398692,0.0105218157114256,-0.956233661544747,1.70981285792009,50.4267458104534,-0.559262177211584,0.578458369339639,-0.00371830633450579,0.240069491621238,-0.015488458401754,0.987642492251161,-0.217057415472551,0.238805189497305,-0.908930898568266,0.363386602556318,0.213339109138045,0.257297622202211,0.829153053619676,0.407017806083899,5.12100071693278,2.29762139018731,2.2288270551465,0.0258254140649694,3.20853339384328,2.33285022749121,1.375370504301,0.169016608536928,1.9124673230895,3.41962571584018,0.559262177211583,0.575982804345424
0,"",163760.186518804,0,0.367834517629743,0.0118401962274224,0.501738371537673,4.25975632371987e-05,0.132676394339621,0.00905372406365021,-0.140375651956824,0.20317331015474,51.3800635596582,-0.690915809019953,0.492728261830206,-0.115984374980075,0.128791610256578,19037.9670193908,-0.900558466106693,0.367834517629743,4.35171461336683,1.65873646114323,44.9938894433423,2.62351176049241,0.0118401962274224,-1.14877031616164,1.69772751509415,50.1133333331688,-0.676651762987965,0.501738371537673,-0.0243912769767496,0.241185196111762,-0.101130904259343,0.919446545750019,-0.256360026936899,0.23992300189845,-1.06850958394312,0.285290709560367,0.231968749960149,0.257583220513155,0.900558466106693,0.367823126198384,5.50048492952847,2.3552792253061,2.33538549078554,0.0195232917005198,3.20294429720519,2.39165852431091,1.33921471842559,0.18050078225393,2.29754063232328,3.39545503018832,0.676651762987965,0.498626928427758
0,"",163657.012361909,0,0.686404572530826,0.01030280994848,0.445227093036805,8.56318252972209e-06,0.139909003978727,0.0118599175585774,-0.176558924173986,0.208318040275456,51.1927763265651,-0.847545051501657,0.400636609968455,-0.0518562774271537,0.128438101254725,19036.0133500348,-0.403745282128626,0.686404572530826,4.43066555899165,1.65310665553851,44.1605960147098,2.68020550528141,0.01030280994848,-1.29663299692447,1.6848930739537,49.3430845474017,-0.769563966383841,0.445227093036805,-0.124702646746832,0.24534665613306,-0.508271230235154,0.611263143283459,-0.228415201601139,0.244111699515973,-0.935699526298998,0.349427914591898,0.103712554854307,0.256876202509449,0.403745282128626,0.686400037350219,5.72729855591613,2.34226075599011,2.44520109098404,0.0144771397204505,3.13403256206719,2.37845898039768,1.31767358104414,0.187612942124241,2.59326599384894,3.3697861479074,0.769563966383841,0.4415585866695
0,"",163603.576575608,0,0.911220751103725,0.00913972766354618,0.632238124381219,6.53102626600258e-07,0.143430503258287,0.00471286703145078,-0.244188554016058,0.216105836452959,50.7536122731465,-1.12994890847944,0.26380971028071,-0.0143004266379842,0.128254526643638,19035.7884818808,-0.111500365813354,0.911220751103725,4.30334500271673,1.57855932022707,44.3824834073057,2.72612181726418,0.00913972766354618,-0.817853986794994,1.69821774906019,48.9810399489951,-0.481595476933156,0.632238124381219,-0.229888127378073,0.251897896718371,-0.912624243286538,0.361440199400561,-0.258488980654042,0.250697750161613,-1.03107818274159,0.302504157946846,0.0286008532759685,0.256509053287277,0.111500365813354,0.911219575532425,5.12119898951173,2.30079447954639,2.22583939375645,0.0260249410899508,3.48549101592174,2.33622149298532,1.49193517240861,0.13571614096891,1.63570797358999,3.39643549812039,0.481595476933156,0.630093339917999
0,"",163691.589790194,0,0.693527120615594,0.0136427095191222,0.906180819502679,8.16028476689379e-06,0.125404350531199,0.000287664471987172,-0.285093356910663,0.221272249465142,49.8535520044936,-1.28842797775044,0.20354465847185,-0.0506513605679406,0.128530977065078,19030.8310997226,-0.394079012892705,0.693527120615594,4.23852977169379,1.65226011341084,45.8953142339015,2.56529207313731,0.0136427095191222,-0.208040155780712,1.75603903179124,48.7769717512829,-0.118471259473374,0.906180819502679,-0.234441996342722,0.256485619485085,-0.9140551303164,0.360687877890152,-0.335744717478604,0.255300544250668,-1.3150959723335,0.188477650058678,0.101302721135881,0.257061954130155,0.394079012892705,0.693522705176325,4.44656992747451,2.39267758836885,1.85840748000898,0.0631111708726718,4.03048961591309,2.42947876821406,1.65899355394489,0.0971170912338042,0.416080311561424,3.51207806358248,0.118471259473374,0.905694266315987
0,"",163789.704391398,0,0.605188549122238,0.0302944021074665,0.938867281665993,1.40434838422986e-05,0.0984075278715574,0.000122683237306429,-0.31865148641021,0.227835547186261,49.7074131957244,-1.39860302900717,0.168140514070642,-0.0666136178921677,0.128855875675435,19029.9055058147,-0.516962207140291,0.605188549122238,3.69843874164081,1.65432637053076,45.7906100289714,2.23561614414345,0.0302944021074665,0.134677584357948,1.74695400901276,48.4383321987101,0.0770928047694037,0.938867281665993,-0.252037868518042,0.26233163955918,-0.960760466947732,0.336672620235872,-0.385265104302378,0.26116634048377,-1.47517135473405,0.1401664806241,0.133227235784335,0.25771175135087,0.516962207140291,0.605182541144189,3.56376115728287,2.38749704385672,1.49267667847078,0.135521840936144,3.83311632599877,2.42428256712247,1.58113430256958,0.113847332990035,-0.269355168715896,3.49390801802552,-0.0770928047694037,0.938549716929057
0,"",163870.779775958,0,0.886298244696199,0.0946443241866974,0.960770203018348,1.07441667351248e-06,0.0586419862495603,5.0455729200296e-05,-0.334037434870978,0.227439795068255,50.2289968290378,-1.46868508552223,0.148153517532444,-0.0184642831593949,0.129128349884299,19030.4253262433,-0.142991706902003,0.886298244696199,2.8301979244295,1.65894643674341,46.7213131605569,1.70602128058174,0.0946443241866974,0.087506560302436,1.76987710007569,48.4465221346935,0.0494421676503378,0.960770203018348,-0.315573151711583,0.262124536135844,-1.20390542741119,0.228626133811373,-0.352501718030373,0.26095346290983,-1.35082215081459,0.176752410635009,0.0369285663187898,0.258256699768597,0.142991706902003,0.886296730821614,2.74269136412707,2.40723886473914,1.1393515634454,0.254556549751984,2.91770448473195,2.44424579508719,1.19370338719468,0.232594015057521,-0.175013120604872,3.53975420015139,-0.0494421676503378,0.960566924309201
0,"",163914.957789694,0,0.889355990675819,0.103778322172287,0.847003591027626,1.01703123346356e-06,0.0559076571547587,0.000772618789143507,-0.298096251282153,0.22889428364575,50.2937121073503,-1.30233156780579,0.198735634364864,0.0179849133035212,0.129275312704777,19030.5250752265,0.139121019529791,0.889355990675819,2.77323468025764,1.67128655166337,46.495892660147,1.65934122876627,0.103778322172287,-0.343423962852209,1.77046237423998,48.6616519671389,-0.1939741662116,0.847003591027626,-0.316081164585674,0.263461078174288,-1.19972622436691,0.230245684730097,-0.280111337978632,0.262293079223376,-1.06793263020136,0.285550902277338,-0.0359698266070424,0.258550625409555,-0.139121019529791,0.889354518561081,3.11665864310985,2.41605110926784,1.28998042763024,0.197057453800024,2.42981071740543,2.45319557926926,0.990467591715293,0.32194562211472,0.686847925704419,3.54092474847996,0.1939741662116,0.846196110077791
0,"",163985.743529624,0,0.99270210161569,0.078908490895193,0.769706972681338,4.39706008262928e-09,0.0658408486466297,0.00176592389910719,-0.239669995862126,0.234797794877055,50.1189738650473,-1.02075062496912,0.312274663186161,-0.0011845099408085,0.129499829622526,19027.2762542546,-0.00914680694377108,0.99270210161569,3.08295062081311,1.71549277606815,45.8227134560785,1.79712247339165,0.078908490895193,-0.532833670854649,1.8099843585805,48.9884936190223,-0.294385787550412,0.769706972681338,-0.238485485921317,0.268716541863436,-0.887498344045069,0.374810657347886,-0.240854505802934,0.267566516649109,-0.900166840078853,0.368031469991429,0.00236901988161699,0.258999659245053,0.00914680694377108,0.992702005722389,3.61578429166776,2.47481987215878,1.46102927826975,0.144007406707896,2.55011694995846,2.51260507968607,1.01492947322907,0.310139447611757,1.0656673417093,3.61996871716101,0.294385787550412,0.768463125898705
0,"",164048.998545367,0,0.91449579709675,0.0881062069682171,0.946616585040428,6.05963749484675e-07,0.0616360729064856,9.23860987381123e-05,-0.209425724700809,0.240464364982503,50.0623518366519,-0.870922079103271,0.387954023436204,0.0139261006453934,0.129700770501476,19025.1040044653,0.107370993954388,0.91449579709675,3.09170971566505,1.7744897513285,46.2154062079852,1.74230914174082,0.0881062069682171,-0.122683691511525,1.82293612573693,49.0212086185407,-0.0673000495077299,0.946616585040428,-0.223351825346203,0.273779043325627,-0.815810526010761,0.414608512042422,-0.195499624055416,0.272645991765759,-0.717045656124581,0.4733459258718,-0.0278522012907868,0.259401541002952,-0.107370993954388,0.914494664926143,3.21439340717658,2.52478764963062,1.27313416145981,0.202970438525928,2.96902602415353,2.56305819607087,1.15839196655971,0.246704116011055,0.24536738302305,3.64587225147387,0.0673000495077299,0.946342837478396
0,"",164112.103035691,0,0.706474697886243,0.0640156138837426,0.886242044126145,7.45515312513094e-06,0.0728697794787897,0.000421143324422923,-0.183018181538953,0.245893798609793,50.2866497994614,-0.744297670676042,0.460160505999049,0.0489223246727731,0.129905088990332,19024.0086906363,0.37660052468317,0.706474697886243,3.2936311916777,1.73538936832726,45.8299465882693,1.89792057724338,0.0640156138837426,0.273676196914864,1.9030861083549,49.0844935385867,0.143806523369266,0.886242044126145,-0.231940506211726,0.278657055818325,-0.832351097411087,0.405210796496095,-0.13409585686618,0.277539960948584,-0.483158736521626,0.628983031474444,-0.0978446493455461,0.259810177980665,-0.37660052468317,0.706470497793527,3.01995499476285,2.55627538572569,1.18138875475872,0.237448323205529,3.56730738859257,2.59462562682296,1.37488327861798,0.169167634098273,-0.547352393829728,3.80617221670981,-0.143806523369266,0.885653251519811
0,"",164167.24156101,0,0.692943250158547,0.0357029486264863,0.912016032711619,8.1954575935404e-06,0.0946518470773888,0.000252186062248193,-0.191388574082511,0.254072780475649,50.5483405822957,-0.753282479627346,0.454774503272431,0.0513692898066559,0.130091646532841,19025.3009550276,0.39487001030222,0.692943250158547,3.62975495882219,1.67614483958907,44.8557427429376,2.16553777041851,0.0357029486264863,0.21049020179202,1.89512614922498,48.9054099170582,0.111069229812539,0.912016032711619,-0.242757863889167,0.28598696943977,-0.848842394339556,0.395968996597627,-0.140019284275856,0.284894861068365,-0.491477044376227,0.6230890842094,-0.102738579613312,0.260183293065683,-0.39487001030222,0.692938823561461,3.41926475703018,2.51100574521951,1.36171124400644,0.173289031361455,3.84024516061422,2.54887807417093,1.50664137273939,0.131902606557976,-0.420980403584041,3.79025229844996,-0.111069229812539,0.911561448789169
0,"",164199.3559459,0,0.763479930495273,0.0348770878840401,0.978034612670745,4.75930733785327e-06,0.093990893420178,1.5485745481803e-05,-0.15032479551785,0.260210738950803,50.5601246697683,-0.577704041439548,0.566027984054273,0.0391786541518868,0.130196894054147,19026.1957588648,0.300918500679386,0.763479930495273,3.72914801738727,1.71476773680528,45.5885124262063,2.17472485476949,0.0348770878840401,0.0508995767017131,1.83934555730631,49.4496068817495,0.0276726559071666,0.978034612670745,-0.189503449669737,0.291501843020434,-0.650093487252679,0.515631835849365,-0.111146141365963,0.290427951976096,-0.382697810626407,0.701943837972509,-0.0783573083037736,0.260393788108294,-0.300918500679386,0.763476642303105,3.67824844068556,2.49559476241147,1.47389652201838,0.140509454336758,3.78004759408899,2.53362343740462,1.49195319962826,0.135711414668514,-0.101799153403426,3.67869111461263,-0.0276726559071666,0.977923232773876
0,"",164271.926366602,0,0.388973075263269,0.0415737928630178,0.943239133082973,3.9009909015315e-05,0.0878523631954932,0.00010445574382127,-0.128649471014789,0.261416177094612,50.55930664944,-0.492125133358629,0.6247610267318,0.112373738807356,0.130439488638191,19024.7783875641,0.861500914949573,0.388973075263269,3.66607199096572,1.74834742366156,45.6518299756168,2.09687842436252,0.0415737928630178,-0.132377732137704,1.8497514811296,49.0258816837577,-0.0715651445549124,0.943239133082973,-0.241023209822145,0.292688506840172,-0.823480267210358,0.410234934088882,-0.0162757322074328,0.291614803550128,-0.0558124347916894,0.955491228854751,-0.224747477614712,0.260878977276382,-0.861500914949573,0.388962217461348,3.79844972310343,2.52600000751291,1.50374097854551,0.132648073499363,3.53369425882803,2.56435615185863,1.37800447736825,0.16820190577318,0.264755464275407,3.69950296225921,0.0715651445549124,0.942947979537984
0,"",164302.821855867,0,0.292700965899986,0.0496415855156841,0.827947522322419,5.8190399353909e-05,0.0809942174865915,0.000978046345661372,-0.192317156409672,0.257017152132712,50.6594317592167,-0.748265844570436,0.457759721026351,0.137373663378909,0.130553045921731,19026.3872547898,1.05224403160434,0.292700965899986,3.50992010579117,1.74098835166091,46.1176279431339,2.01605030983849,0.0496415855156841,-0.400861484546267,1.83456476921869,48.7683609931203,-0.218504950750246,0.827947522322419,-0.329690819788581,0.2888182855018,-1.14151643555313,0.253655076457758,-0.0549434930307632,0.287728737771365,-0.190955875510851,0.848560163193167,-0.274747326757818,0.261106091843461,-1.05224403160434,0.292687602577153,3.91078159033745,2.50996767867041,1.55810037857105,0.119209454985373,3.10905862124491,2.54821484929837,1.22009281207233,0.222429693100991,0.801722969092536,3.66912953843739,0.218504950750246,0.82703570137028
0,"",164336.140728799,0,0.602005299134594,0.0692107567552134,0.995575382729632,1.42935267644946e-05,0.069440164622376,6.32512648908422e-07,-0.224146678069995,0.246686049769455,50.7620590768334,-0.908631348547985,0.367838627744578,0.0681542703219301,0.130681981344528,19028.699912029,0.521527678266901,0.602005299134594,3.24961414899979,1.7469443888409,46.3702028399195,1.86017034643897,0.0692107567552134,-0.0100650961033701,1.80579980445438,49.116471414022,-0.00557376076713627,0.995575382729632,-0.292300948391925,0.279725163320224,-1.04495764672163,0.296042544735402,-0.155992407748065,0.278599008977873,-0.559917310260261,0.575535840978894,-0.13630854064386,0.261363962689056,-0.521527678266901,0.60199922944235,3.25967924510317,2.49337073794456,1.30733837351052,0.191097817094777,3.23954905289643,2.53151291248972,1.27968893103941,0.200654559044815,0.0201301922067403,3.61159960890876,0.00557376076713627,0.995552805364996
0,"",164384.487414521,0,0.941551841937326,0.0530558294320503,0.987973268371299,2.82485965435819e-07,0.0785307780346394,4.71382947809882e-06,-0.229759823709177,0.231531578732572,50.8049633376771,-0.992347674416194,0.32573089389434,0.00959541228634291,0.130869416300491,19030.6643810887,0.0733205095399123,0.941551841937326,3.37576920175798,1.70035681755531,46.2494202314994,1.98532988306036,0.0530558294320503,0.0276227499499289,1.82311107247827,48.7003016837088,0.0151514355690789,0.987973268371299,-0.23935523599552,0.266548954780735,-0.897978520277506,0.369197001020795,-0.220164411422834,0.26536579819516,-0.829663856157218,0.406728862186284,-0.0191908245726858,0.261738832600982,-0.0733205095399123,0.941551071371332,3.34814645180805,2.47397470165161,1.3533470853897,0.175944773481187,3.40339195170791,2.51184071047256,1.35493940261348,0.175436864439109,-0.0552454998998578,3.64622214495655,-0.0151514355690789,0.987911366010427
0,"",164432.940938844,0,0.857748695326556,0.0408612524253139,0.855689597402973,1.68834001598071e-06,0.0872213599510942,0.000686368797603174,-0.178799875095828,0.23235635650505,50.6822007141043,-0.769507138884501,0.445163981132855,-0.0234866304314654,0.131032237561628,19029.3724523093,-0.179243145568807,0.857748695326556,3.57123164139112,1.69757296756826,46.315009202543,2.10372791604171,0.0408612524253139,-0.338764194864492,1.85287465041357,48.6684151449811,-0.182831685235091,0.855689597402973,-0.155313244664363,0.267346949971526,-0.58094264655312,0.561279108610996,-0.202286505527293,0.266164339681972,-0.760006039009571,0.447250975096845,0.0469732608629307,0.262064475123256,0.179243145568807,0.857746787001658,3.90999583625562,2.49387228861887,1.56784124596092,0.116918186381077,3.23246744652663,2.53187636127564,1.2767082532016,0.201705266599184,0.677528389728986,3.70574930082714,0.182831685235091,0.854930086409911
0,"",164522.612656691,0,0.732274635279368,0.0276982153847951,0.605104184746228,6.15088423871699e-06,0.100245419514562,0.00554596749175139,-0.0996157082283692,0.240361960547745,50.6090471100796,-0.41444040480183,0.680303042373498,-0.0449276694814325,0.131326615636698,19027.5141105313,-0.342106352650712,0.732274635279368,3.89962754393334,1.71556648591497,46.3757215661893,2.27308447439944,0.0276982153847951,-0.980352815817297,1.88361060755105,48.5724421516602,-0.520464692589457,0.605104184746228,-0.0546880387469367,0.27447720221192,-0.199244375511788,0.84207158859341,-0.144543377709802,0.273319171614079,-0.528844635581926,0.596913231022074,0.0898553389628651,0.262653231273395,0.342106352650712,0.732270856867634,4.87998035975064,2.5285358944158,1.92996285737052,0.0536114400709729,2.91927472811605,2.56686984625202,1.13728973534774,0.255417184368788,1.9607056316346,3.7672212151021,0.520464692589457,0.602739730457776
0,"",164665.901652238,0,0.956729144699715,0.0164108199019138,0.555321423462039,1.54721674256479e-07,0.120845746175394,0.00727626453563226,-0.105500922663522,0.242256462193445,50.606016492501,-0.435492707638396,0.665056724220189,0.00715269730065166,0.131824354614987,19028.1760741877,0.0542593007304471,0.956729144699715,4.20255625461187,1.68599519300896,45.2010081283283,2.49262647487842,0.0164108199019138,-1.11456699467764,1.87650694238674,48.131780942336,-0.593958364609092,0.555321423462039,-0.112653619964174,0.276379142160378,-0.407605360822789,0.683563427949884,-0.0983482253628703,0.275220416515522,-0.357343494381797,0.72083467270677,-0.0143053946013033,0.263648709229973,-0.0542593007304471,0.956728575071279,5.31712324928952,2.50355524732134,2.12382900476374,0.0336844446946514,3.08798925993424,2.54163870661425,1.21495995945379,0.224381363259407,2.22913398935528,3.7530138847735,0.593958364609092,0.552539960762977
0,"",164737.741792382,0,0.875896743215664,0.015254643711589,0.842187013688707,1.28183075054786e-06,0.126397925394851,0.000837068270927563,-0.0807902857171304,0.238551329192271,50.6735514796782,-0.338670448790557,0.736257361439541,0.0206273625613275,0.132078522805962,19027.939222777,0.15617499441322,0.875896743215664,4.13939873087944,1.63954743987039,44.0555127757259,2.52472031623963,0.015254643711589,-0.383546308970766,1.91598910006201,47.832709307037,-0.200181884624685,0.842187013688707,-0.101417648278458,0.273261850823895,-0.371137236949394,0.710535317401381,-0.0601629231558029,0.272086211661502,-0.22111713338363,0.825001229911918,-0.0412547251226551,0.264157045611924,-0.15617499441322,0.875895086430677,4.52294503985022,2.50280791558842,1.8071482880007,0.0707391613172439,3.75585242190868,2.54051424242257,1.47838274597792,0.139305360976684,0.767092617941534,3.83197820012402,0.200181884624685,0.841338334402584
0,"",164792.073831395,0,0.709848951234146,0.0204726693340758,0.951494212721286,7.27555253358157e-06,0.117947020802918,7.99366127435228e-05,-0.0588344640107363,0.246220790044139,50.6292845727518,-0.238950025301232,0.812108955355063,0.0492094893371836,0.132260632042986,19026.8716385829,0.372064525755404,0.709848951234146,3.90804356871216,1.62433727032987,43.2886528357861,2.40593110808724,0.0204726693340758,-0.116785031186964,1.90957536586374,46.7864718337137,-0.0611575920357247,0.951494212721286,-0.10804395334792,0.280070033464726,-0.385774772157221,0.699663480672117,-0.0096249746735527,0.278919129555158,-0.0345081195718033,0.972471967723855,-0.0984189786743673,0.264521264085972,-0.372064525755404,0.709844807663707,4.02482859989914,2.48815660210997,1.61759456638946,0.105750000854663,3.79125853752521,2.52566348011158,1.50109409562264,0.133331225755707,0.233570062373929,3.81915073172749,0.0611575920357247,0.951233703130956
0,"",164857.623528462,0,0.518648683593279,0.0213784290235207,0.820668853122601,2.18959896626014e-05,0.116381627082454,0.00111325077332654,-0.0816240453392493,0.252337341697664,50.4584497181853,-0.323471923695885,0.747674729370504,0.0855085075961125,0.132480578363811,19025.6776229993,0.645441834963111,0.518648683593279,3.87880800992336,1.62436528668196,43.2921825152033,2.38789146857878,0.0213784290235207,0.43757071832054,1.91945047157338,46.6300552073298,0.227966662751064,0.820668853122601,-0.167132552935362,0.285566388846492,-0.58526689226443,0.558368272770797,0.0038844622568632,0.284433318861349,0.0136568467871963,0.98910375150921,-0.171017015192225,0.264961156727623,-0.645441834963111,0.518640900069993,3.44123729160283,2.49567679054821,1.37887939040652,0.167931943535143,4.31637872824391,2.53323957649494,1.70389676850705,0.0884003748437996,-0.875141436641081,3.83890094314677,-0.227966662751064,0.819672157435941
0,"",164861.133118918,0,0.459277102603413,0.0193383997574098,0.813982192570207,2.87860952888812e-05,0.115820155067671,0.00118459087653183,-0.0817894560164994,0.246839042599022,50.5030280190216,-0.331347323159742,0.741753185572519,0.0980505839949381,0.132491339770812,19025.2391825612,0.740052777521527,0.459277102603413,3.96819643613192,1.63561336200698,44.9346635859159,2.42612131222916,0.0193383997574098,0.467913685358081,1.9775635396469,47.2049402672453,0.23661120160095,0.813982192570207,-0.179840040011437,0.280724569858557,-0.64062807221345,0.521764356316599,0.0162611279784387,0.27957226616505,0.0581643100780202,0.953617749003769,-0.196101167989876,0.264982679541625,-0.740052777521527,0.459267970686039,3.50028275077385,2.54732334028353,1.3741022568357,0.1694099389195,4.43611012149001,2.58517331076273,1.71598171117633,0.0861653898300528,-0.935827370716164,3.95512707929381,-0.23661120160095,0.812958429321516
0,"",164853.584012757,0,0.53190232354499,0.0274292341152974,0.997732678792856,2.05404722512963e-05,0.100238766678401,1.71429386867576e-07,-0.0329122652688705,0.24251675261641,50.5554544205944,-0.135711306183157,0.89258844838026,0.0828022745257034,0.132459021973593,19024.0115219201,0.625116155109546,0.53190232354499,3.86615144722014,1.69792806038425,46.5383216107778,2.27698189188604,0.0274292341152974,-0.00576012961663866,2.01640589891415,47.6017859942786,-0.00285663200040256,0.997732678792856,-0.115714539794574,0.276915828823313,-0.417868997544398,0.676042900692527,0.049890009256833,0.275748362371777,0.180925858734816,0.856425771461047,-0.165604549051407,0.264918043947186,-0.625116155109546,0.531894825718223,3.87191157683678,2.61669487381215,1.47969547981571,0.138954532468075,3.8603913176035,2.65529900994169,1.45384429518101,0.145989479650031,0.0115202592332773,4.03281179782831,0.00285663200040256,0.997720740530908
0,"",164887.061888561,0,0.644371536427492,0.0231488231586912,0.943706681620693,1.11996400546692e-05,0.106505533412283,0.000105558297776681,-0.024032279494313,0.246258300392719,50.5079755848415,-0.0975897237006335,0.92264433016166,0.0611970644451103,0.132575187702943,19025.1351083968,0.461602698856686,0.644371536427492,3.99933119643624,1.70259412684216,46.288400637426,2.34896334562946,0.0231488231586912,-0.140462200096947,1.97877248582604,47.7297306076431,-0.0709845124202395,0.943706681620693,-0.0852293439394234,0.280254612097749,-0.304113974437275,0.761041060694368,0.0371647849507973,0.279098574363077,0.133160067318903,0.894066791202316,-0.122394128890221,0.265150375405886,-0.461602698856686,0.644366258826668,4.13979339653319,2.59104787512456,1.59772941143906,0.11010321020756,3.8588689963393,2.62967783799683,1.46743032191305,0.142259030994837,0.280924400193894,3.95754497165208,0.0709845124202395,0.94341008169245
0,"",164929.052429297,0,0.787020615756965,0.0219000455952771,0.894171613524492,3.83708634222731e-06,0.110030478372562,0.000372044516272953,0.023530900617981,0.244796652895093,50.5053253845763,0.0961242743301113,0.923802284826116,0.0358595569442513,0.132722076910768,19024.8071129947,0.270185320927131,0.787020615756965,4.09485542431102,1.72530961017946,45.5622534586482,2.37340324319245,0.0219000455952771,-0.26337531773734,1.96940016214403,48.0535737585074,-0.133733774780749,0.894171613524492,-0.0123286563262704,0.279042207899749,-0.0441820483684664,0.964759291405806,0.0593904575622323,0.277878657235007,0.213728028461015,0.830759152789522,-0.0717191138885026,0.265444153821536,-0.270185320927131,0.787017685089543,4.35823074204837,2.59875384281828,1.67704638671048,0.0935334114295532,3.83148010657369,2.6376009864455,1.45263825963952,0.146324217422637,0.526750635474681,3.93880032428806,0.133733774780749,0.893613096635387
0,"",164931.81367605,0,0.960014511393159,0.0305332294142378,0.907086347354862,1.32118154241935e-07,0.0991717747339479,0.000283314357603437,0.00912524838506037,0.239419592484969,50.6208598477379,0.0381140419225852,0.969746672094658,-0.00665498224547572,0.132738506704174,19025.557521191,-0.0501360337005092,0.960014511393159,3.88904517401364,1.74161314964432,45.2935629866398,2.23301321238179,0.0305332294142378,-0.228846049938294,1.95053155646383,48.5723634588314,-0.117324966714804,0.907086347354862,0.0157802306305361,0.274344966832681,0.0575196651599598,0.954131241508539,0.00247026613958465,0.27316175433069,0.00904323574007415,0.992784640168918,0.0133099644909514,0.265477013408348,0.0501360337005092,0.960013985092093,4.11789122395194,2.59537198559439,1.58662852446905,0.112596803122962,3.66019912407535,2.63431655044383,1.38943025790073,0.164701954668428,0.457692099876588,3.90106311292766,0.117324966714804,0.906602541080315
0,"",164954.471796464,0,0.798316514740364,0.0888437189947954,0.730816229367611,3.43178363228403e-06,0.061255363626368,0.00244172424939434,-0.00403674240462805,0.234534305694283,50.6697005455957,-0.0172117353692809,0.986335296174621,-0.0339404270177501,0.132823633304775,19026.6576230616,-0.255530030110462,0.798316514740364,3.07515422701269,1.76927672370642,46.2962294278772,1.73808550455048,0.0888437189947954,-0.665441356969,1.92316395372472,48.9134860757916,-0.346013846443094,0.730816229367611,0.029903684613122,0.270134447306291,0.110699264426709,0.911854829298472,-0.0379771694223781,0.26893176941761,-0.141214886975311,0.887700185821372,0.0678808540355002,0.26564726660955,0.255530030110462,0.798313752586352,3.7405955839817,2.59359661591936,1.44224262208785,0.14923394050335,2.4097128700437,2.63268988485211,0.915304489111548,0.36003180309832,1.330882713938,3.84632790744946,0.346013846443094,0.729332308799176
0,"",164982.304840677,0,0.48661771499892,0.087474031324141,0.536174230573462,2.54361088810104e-05,0.0628507882028087,0.00793577449743376,0.0156129751702142,0.237776289196874,50.6861479587139,0.0656624561807629,0.947904871830131,-0.0924800062988671,0.132928580086047,19028.1798488347,-0.695711984879424,0.48661771499892,3.02839188362211,1.73397087147278,45.4818967229033,1.74650678015709,0.087474031324141,-1.15646964158473,1.85616651129806,48.5271826248351,-0.623041970936099,0.536174230573462,0.108092981469081,0.273006101024167,0.395936138656157,0.692152140211822,-0.076867031128653,0.271813927199176,-0.282792835233668,0.777335646905224,0.184960012597734,0.265857160172094,0.695711984879424,0.486609218426126,4.18486152520684,2.52073233588868,1.66017687226259,0.0968788758795422,1.87192224203739,2.5592824565425,0.731424637109531,0.464519821257145,2.31293928316946,3.71233302259612,0.623041970936099,0.533256941355137
0,"",164959.655569295,0,0.402964704343365,0.0250743316630317,0.549466307467353,3.67584967657856e-05,0.106367949913722,0.00740282137655855,0.00394777209746286,0.249486062483099,50.6297259519188,0.0158236177931996,0.987437298519021,-0.111103356026119,0.132842053339467,19028.7161784942,-0.836356810461247,0.402964704343365,3.98918777208201,1.72138799111852,45.118989859063,2.3174251201148,0.0250743316630317,-1.09142587824662,1.81072321501956,48.7147098903598,-0.602756881445756,0.549466307467353,0.115051128123582,0.283222607703294,0.406221555039528,0.684579817627913,-0.107155583928657,0.282073691618482,-0.379885069443447,0.704030730858339,0.222206712052239,0.265684106678934,0.836356810461247,0.402954202063293,5.08061365032865,2.4792227483272,2.04927679602677,0.0404350563092722,2.8977618938354,2.51738851171857,1.15109840231103,0.249691755226436,2.18285175649325,3.62144643003913,0.602756881445756,0.546670435120399
0,"",165049.334890132,0,0.67856307820649,0.0260972996748163,0.506931577569983,9.02696494248779e-06,0.103852463920923,0.00897200018541646,0.00573776217999892,0.251044906332418,50.635769119897,0.0228555212046459,0.98185535121008,-0.0551783922448623,0.13314249422929,19026.5054964906,-0.414431114305529,0.67856307820649,4.0919034916769,1.77938941629876,45.6322064471231,2.29961100936989,0.0260972996748163,-1.24081597187028,1.85613226400208,49.3620924968586,-0.668495449346327,0.506931577569983,0.0609161544248612,0.284739862475312,0.213936165787615,0.83059683685508,-0.0494406300648634,0.283591516529741,-0.174337479025676,0.861600246219507,0.110356784489725,0.266284988458581,0.414431114305529,0.678558406123891,5.3327194635472,2.5517268030318,2.08984733679608,0.0366315155573747,2.85108751980662,2.59067513889723,1.10051911835624,0.271106004340951,2.48163194374057,3.71226452800416,0.668495449346327,0.503817385747145
0,"",165082.09937082,0,0.830129170783008,0.0377834363939676,0.523647619764616,2.41906511264585e-06,0.0913067129903442,0.00834323046499575,0.0343554431994085,0.247947052690848,50.6053971300824,0.138559594988388,0.890348088400532,0.0285891501451179,0.133258613526017,19026.6925907726,0.214538853351766,0.830129170783008,3.83484031709673,1.79236837075041,45.5569496492051,2.13953804344985,0.0377834363939676,-1.19716678713254,1.86377436900219,49.0399242083214,-0.642334612517215,0.523647619764616,0.00576629305429063,0.282068052120952,0.0204429144347692,0.983690050225258,0.0629445933445264,0.280907123452933,0.22407617354379,0.822698031867903,-0.0571783002902358,0.266517227052034,-0.214538853351766,0.830126871629249,5.03200710422928,2.56615809811247,1.96091079030966,0.0498894303819724,2.63767352996419,2.60524685308779,1.01244668114193,0.311324528063442,2.39433357426509,3.72754873800439,0.642334612517215,0.52065594524084
0,"",165135.505598146,0,0.810647080932987,0.040489460435337,0.729140378784459,3.01688457050245e-06,0.0903277464022338,0.00247160899421131,0.0523188463993464,0.244112497136783,50.6671164843565,0.214322687338824,0.831155662589888,0.0319749251768067,0.133454244647057,19028.0501171101,0.239594666032317,0.810647080932987,3.70966252491299,1.75828548169637,44.8284578154982,2.10981809468958,0.040489460435337,-0.649095006684379,1.86383789390973,48.9492182569441,-0.348257221728005,0.729140378784459,0.0203439212225397,0.278798322404473,0.0729700273914319,0.941829968584041,0.0842937715761531,0.277620944400447,0.303629006659403,0.76141055012979,-0.0639498503536134,0.266908489294113,-0.239594666032317,0.810644500241487,4.35875753159738,2.54281244350286,1.71414826238343,0.086501500010216,3.06056751822862,2.58167076464124,1.18549877085273,0.235820300354523,1.29819001336876,3.72767578781947,0.348257221728005,0.727647017412245
0,"",165183.249275989,0,0.817300358783102,0.0319431551496144,0.731161293414379,2.80501754651021e-06,0.0985863745557331,0.00243332408329132,0.0604782276508507,0.254809448301905,50.6672317539912,0.237346880399798,0.813344804487308,-0.0308663086405852,0.133607781288998,19026.9459430573,-0.231021788871865,0.817300358783102,3.84172579383403,1.73503179334622,44.827557336051,2.21421060326785,0.0319431551496144,-0.656755111223006,1.90060629976594,48.9513386038053,-0.345550317971631,0.731161293414379,0.0913445362914359,0.28828377347085,0.316856322475855,0.751352625190675,0.0296119190102655,0.287141523091294,0.103126565226342,0.917862521423127,0.0617326172811704,0.267215562577996,0.231021788871865,0.817297874775238,4.49848090505705,2.55394630534029,1.76138429208583,0.0781733818446134,3.18497068261103,2.59280495423452,1.22838807346823,0.219301322850737,1.31351022244602,3.80121259953189,0.345550317971631,0.729680688794808
0,"",165262.075210977,0,0.786087339357201,0.0317714414689204,0.661177376615511,3.87164823420845e-06,0.0996653093474029,0.00398692422504088,0.0331104325760711,0.259706699972408,50.52950307124,0.127491637988503,0.89905732026535,-0.0363331057982783,0.133873539412139,19024.7072430526,-0.271398709243238,0.786087339357201,3.85575537396086,1.73900251964101,44.4097662952532,2.21722241941134,0.0317714414689204,-0.859340051603247,1.94866632197207,48.5827625742044,-0.440988814715895,0.661177376615511,0.0694435383743494,0.292745249247538,0.237214911438681,0.812490068766385,-0.0032226732222072,0.291615514288216,-0.0110511034712032,0.991182674632942,0.0726662115965566,0.267747078824278,0.271398709243238,0.786084394677632,4.71509542556411,2.59216416576068,1.81898025126833,0.0689144430759701,2.99641532235762,2.63126306802611,1.13877451432685,0.254797214225787,1.7186801032065,3.89733264394415,0.440988814715895,0.659221094608297
0,"",165330.105640931,0,0.808460154967112,0.0358522115346759,0.746459809701569,3.08900405454699e-06,0.0953193633427793,0.00216819944371995,0.0607149906029211,0.2611168434009,50.4297635736639,0.232520391301237,0.81707494874341,0.0325100542838786,0.134108322196717,19024.099603686,0.242416382155548,0.808460154967112,3.88371777317091,1.79444341226445,44.4580031491777,2.16430217115063,0.0358522115346759,-0.626194678187922,1.92584984971318,48.655507710084,-0.325152388324138,0.746459809701569,0.0282049363190424,0.294106083406446,0.0959005539510178,0.923599554620278,0.0932250448867997,0.292977315987873,0.318198849533657,0.750334105389629,-0.0650201085677573,0.268216644393434,-0.242416382155548,0.808457541758997,4.50991245135884,2.61246023486064,1.72630855435754,0.0842919172149968,3.25752309498299,2.65196175089142,1.22834467498938,0.219317606981549,1.25238935637585,3.85169969942637,0.325152388324138,0.74506574102183
0,"",165369.353456669,0,0.797254609959379,0.0368878031208625,0.798749038919965,3.46915939984388e-06,0.0929434780091692,0.00134187848102727,0.0257995590317924,0.268983160132127,50.3775414781515,0.0959151458370831,0.923968502979395,0.0344871191532692,0.134240558434797,19024.8207257027,0.256905361206615,0.797254609959379,3.82990205806727,1.78074521144313,45.1426651787892,2.15072994915623,0.0368878031208625,-0.491331569544922,1.91657773090535,48.9102760495531,-0.25635880122265,0.798749038919965,-0.00868756012147677,0.301172172955845,-0.0288458260808527,0.976987552143452,0.0602866781850616,0.300067089438608,0.200910664004677,0.840768429063933,-0.0689742383065384,0.268481116869594,-0.256905361206615,0.797251831812373,4.3212336276122,2.59639479930469,1.66432070683912,0.0960483565079861,3.33857048852236,2.63578858399217,1.26663060489691,0.205287403860966,0.982663139089845,3.83315546181071,0.25635880122265,0.797673796944358
0,"",165403.540268324,0,0.799535593788932,0.0378115344538383,0.8295484816999,3.38979022210855e-06,0.0918397360018392,0.000959236859235517,-0.0111484962185247,0.274087995259501,50.3156829912986,-0.0406748796421001,0.967716061327415,0.0341206619580154,0.134358848120657,19025.148599617,0.253951730275139,0.799535593788932,3.83109210666228,1.79055067908493,45.2693043213226,2.13961668408078,0.0378115344538383,-0.406775697614902,1.87940637438078,48.7894538282913,-0.216438394143962,0.8295484816999,-0.0452691581765401,0.30579318795368,-0.148038478160596,0.882312401602678,0.0229721657394907,0.304702452613182,0.0753921261298598,0.939902723819525,-0.0682413239160307,0.268717696241314,-0.253951730275139,0.799532849446897,4.23786780427719,2.57607845344063,1.64508491525833,0.0999523009389276,3.42431640904738,2.61539670233566,1.30929139965242,0.190435661771624,0.813551395229806,3.75881274876157,0.216438394143962,0.828646041247547
0,"",165455.362249612,0,0.487217639324373,0.0389911168918214,0.924133793621871,2.53712597113246e-05,0.0901938498922455,0.000187983124434517,0.00193459635335303,0.26819188070064,50.2611265259565,0.00721347845542148,0.994273082710194,0.0934752286523022,0.134544254142163,19024.344936273,0.694754519606121,0.487217639324373,3.8338711455176,1.80369037368488,45.5746133729546,2.12557055326803,0.0389911168918214,-0.18243886951632,1.90592115450697,48.7331374916144,-0.095722149410485,0.924133793621871,-0.0915406322989491,0.300603952464262,-0.304522384181998,0.760729941901259,0.0954098250056552,0.299491813169739,0.318572397675462,0.750050787138112,-0.186950457304604,0.269088508284325,-0.694754519606121,0.487209154701829,4.01631001503392,2.60423510634733,1.54222251487392,0.123019530649234,3.65143227600128,2.64379052375743,1.38113524622661,0.167237380139216,0.364877739032641,3.81184230901394,0.095722149410485,0.923741248989661
0,"",165585.35871139,0,0.46814777722541,0.027409598025303,0.920345678099241,2.76674137267078e-05,0.10165970419463,0.000209052348455702,-0.021338295542908,0.268850954814437,50.3038608516427,-0.0793684945535562,0.937054428582186,0.0979460160970271,0.1350028765879,19024.2229482207,0.725510585941145,0.46814777722541,4.05776512258063,1.78100118107224,45.8709182604904,2.27836183698525,0.027409598025303,-0.195151144562128,1.94137438079555,48.325656953945,-0.100522159194332,0.920345678099241,-0.119284311639935,0.301400968904158,-0.395766185071111,0.692277524703008,0.0766077205541191,0.300284333802014,0.255117273632493,0.798632523062865,-0.195892032194054,0.270005753175799,-0.725510585941145,0.468138852966041,4.25291626714277,2.61468862587032,1.62654788989536,0.103833154397276,3.86261397801851,2.65428008629919,1.45523978345634,0.145602890648562,0.390302289124257,3.8827487615911,0.100522159194332,0.919929791442753
0,"",165650.555968674,0,0.50842242872075,0.0139262390861215,0.849534071528961,2.29864227891777e-05,0.122510604131946,0.000749722447092951,-0.0244189446098807,0.261764648347041,50.3294482048599,-0.0932858763170597,0.926046820871002,0.0894347332422342,0.135239027225054,19025.1014833441,0.661308610963343,0.50842242872075,4.51469786679028,1.76685875458428,46.7651049543893,2.55521153294029,0.0139262390861215,-0.378865908962004,1.98640635142265,48.4851373259611,-0.190729308074686,0.849534071528961,-0.113853677852115,0.29520699662033,-0.385674049584075,0.699738084134842,0.0650157886323535,0.29406373520797,0.221094207983085,0.825019080032768,-0.178869466484469,0.270478054450108,-0.661308610963343,0.50841442034351,4.8935637757523,2.63860566139709,1.85460216634313,0.0636530585520545,4.13583195782829,2.67823827672036,1.5442359978862,0.122531171080748,0.75773181792401,3.97281270284531,0.190729308074686,0.848737675657829
0,"",165640.245109581,0,0.818298781240357,0.00981043028384419,0.760188385506729,2.77402000342945e-06,0.132878252978913,0.00193012838863777,0.020784050540719,0.256134489194644,50.3919142202287,0.0811450679917009,0.935648018776957,0.0310626254181772,0.135209630748085,19026.1217924056,0.229736781664994,0.818298781240357,4.69506746825308,1.74452958792043,47.2664694781869,2.69130859158992,0.00981043028384419,-0.614028788810783,2.00040944046045,48.7208014439256,-0.30695155521234,0.760188385506729,-0.0102785748774583,0.290211997491087,-0.0354174705605476,0.971746853958479,0.0518466759588962,0.2890502345896,0.179369084520929,0.857647904668642,-0.0621252508363545,0.27041926149617,-0.229736781664994,0.818296311599727,5.30909625706387,2.63444729929612,2.01525999722309,0.0438774140143096,4.0810386794423,2.67389795101789,1.52625072242893,0.126947435751021,1.22805757762157,4.00081888092091,0.30695155521234,0.758880246575918
0,"",165777.185993544,0,0.852821872616281,0.00904172009057555,0.946412091156366,1.80896164171196e-06,0.137033233365934,9.26246141028381e-05,0.000973705607330133,0.26245186206289,50.4527067857355,0.0037100350505298,0.997054458059425,0.0251736865863384,0.135691363218329,19026.5079559868,0.185521657305732,0.852821872616281,4.64203785168529,1.70410798828611,46.7295174296451,2.72402798625103,0.00904172009057555,-0.137044105010729,2.02858451329139,49.26833285359,-0.0675565174203044,0.946412091156366,-0.0241999809790082,0.296027206151009,-0.0817491787111735,0.934846170244784,0.0261473921936685,0.294879882533687,0.088671332777954,0.929343115897204,-0.0503473731726768,0.271382726436658,-0.185521657305732,0.852819895031881,4.77908195669603,2.62972239143643,1.81733325626267,0.0691661007216879,4.50499374667457,2.66886464073963,1.68798135278457,0.0914148085345111,0.274088210021459,4.05716902658278,0.0675565174203044,0.94613867034954
0,"",165836.383652309,0,0.434922933142224,0.0156735514990246,0.855358562109934,3.20441046770013e-05,0.118810889547093,0.000672998521737707,-0.078592214364682,0.260171021024552,50.3603020292419,-0.302079048063025,0.763835858514701,0.1061099210907,0.135896930547469,19025.2612622623,0.780811756845646,0.434922933142224,4.34207824786785,1.73118685128039,46.6573722275325,2.50815112456315,0.0156735514990246,0.380654086836057,2.0774346023744,49.8539740613661,0.183232765258164,0.855358562109934,-0.184702135455382,0.294103531304075,-0.628017401342991,0.529992540612229,0.0275177067260182,0.292945361289159,0.0939346047499148,0.925161104744101,-0.2122198421814,0.271793861094938,-0.780811756845646,0.434913218213723,3.9614241610318,2.68437835268874,1.47573241941247,0.14001573923442,4.72273233470391,2.72389385659452,1.73381658146122,0.0829506326129926,-0.761308173672114,4.15486920474881,-0.183232765258164,0.854615386597078
0,"",165950.897133603,0,0.26870400464996,0.0245877632487362,0.954718262235885,6.43114617225917e-05,0.101882345859358,6.53537358433558e-05,-0.102051153271243,0.260834805370293,50.0382629444072,-0.391248219831575,0.697274859867363,0.150750048812486,0.136291640209488,19022.1750955704,1.10608433929457,0.26870400464996,4.26939130579826,1.8389475500357,47.5146500230424,2.32164930735267,0.0245877632487362,0.119961354579735,2.10203169753962,49.831665052697,0.0570692414962854,0.954718262235885,-0.252801202083728,0.294876639570198,-0.857311730261855,0.39127262740197,0.048698895541243,0.293714455216099,0.165803536994504,0.868311562534173,-0.301500097624971,0.272583280418976,-1.10608433929457,0.268690016467783,4.14942995121854,2.77257424491519,1.49659831790923,0.134497808089367,4.38935266037801,2.81306998756167,1.56034250117703,0.11867896478472,-0.239922709159471,4.20406339507924,-0.0570692414962854,0.954490038206245
0,"",165977.603659539,0,0.419585706773856,0.0249218109372947,0.948354520201267,3.425231443435e-05,0.101820020740764,8.58822326212726e-05,-0.0664004130505591,0.277508083291362,49.9735034178393,-0.239273797948594,0.81187191774929,0.110074266822469,0.136372684420417,19020.0662775959,0.807157733165436,0.419585706773856,4.27715372596011,1.8465621939201,47.3273326987311,2.31627926751823,0.0249218109372947,-0.134112274566231,2.05998165091465,49.3480194132424,-0.0651036258049598,0.948354520201267,-0.176474679873028,0.309759937003136,-0.569714345826593,0.568871458414634,0.0436738537719099,0.308650728371027,0.141499273312616,0.88747553407969,-0.220148533644938,0.272745368840834,-0.807157733165436,0.419575613572595,4.41126600052635,2.74611364177843,1.6063668791469,0.108193323666587,4.14304145139389,2.78666333500813,1.48673914044295,0.137083720874779,0.268224549132462,4.11996330182931,0.0651036258049598,0.948091493584552
0,"",165907.003718105,0,0.728734681500632,0.0213578925084274,0.849537428507465,6.32413858806774e-06,0.107263936076716,0.000733692361906838,-0.0188770064659429,0.283469819491286,50.0166079930374,-0.0665926499682384,0.9471714785139,0.0472067309638366,0.13611530144585,19019.0942236495,0.34681428511266,0.728734681500632,4.42447070707246,1.85830575264484,47.1799694700081,2.3809164346477,0.0213578925084274,-0.386991941762487,2.02928638749134,49.5318337068815,-0.190703463122766,0.849537428507465,-0.0660837374297795,0.314999041897413,-0.209790280731397,0.833831359120626,0.0283297244978937,0.313911820905083,0.0902473962790323,0.928090621176551,-0.0944134619276732,0.272230602891699,-0.34681428511266,0.728730844496957,4.81146264883496,2.73125964440195,1.76162770123179,0.0781322204530066,4.03747876530998,2.77179143883564,1.45663151590007,0.145218123230746,0.773983883524976,4.0585727749827,0.190703463122766,0.848757925309172
0,"",165958.571257203,0,0.516035175105502,0.0181726490221427,0.826504149447696,2.21779549478194e-05,0.1129167200925,0.000973317009182759,0.0217057517321556,0.279888589042502,50.1015578460669,0.0775513993136014,0.938493791232085,0.0885267775634371,0.136303813620964,19019.6345885141,0.649481296316579,0.516035175105502,4.62944614319296,1.89152307929197,47.058807939755,2.44747008052677,0.0181726490221427,-0.440551639739059,1.99938901281183,49.8335489058801,-0.220343133285249,0.826504149447696,-0.0668210258312816,0.311863918589286,-0.21426340736545,0.830341652064395,0.110232529295593,0.310762932232558,0.3547158230992,0.722802495690416,-0.177053555126874,0.272607627241928,-0.649481296316579,0.516027331991206,5.06999778293203,2.73193426012482,1.85582715401811,0.0634781988160423,4.18889450345391,2.77261017210317,1.5108126434797,0.130836192466996,0.88110327947812,3.99877802562367,0.220343133285249,0.825603930013133
0,"",166040.962618281,0,0.322022718057075,0.0112027276316077,0.801265300503254,5.1565374262264e-05,0.131349697043439,0.00128396065585455,0.11431026942251,0.27906910098586,50.2829849435522,0.409612776974193,0.683829811360175,0.135277076578349,0.136597208772131,19018.8476335285,0.990335584411654,0.322022718057075,5.11839509793155,1.93704585869307,46.1746602371862,2.64237166867332,0.0112027276316077,-0.502100576029102,1.98413670944037,49.8113788096347,-0.253057449942913,0.801265300503254,-0.020966807155839,0.311259657901992,-0.0673611456658509,0.946294200168575,0.249587346000858,0.310151812023598,0.804726383419835,0.420977591176903,-0.270554153156697,0.273194417544261,-0.990335584411654,0.322010119084735,5.62049567396066,2.75238030596884,2.04204908085267,0.0411466630266659,4.61629452190245,2.79325847929842,1.65265569087681,0.0984009569642986,1.00420115205821,3.96827341888074,0.253057449942913,0.800223818905749
0,"",166113.661578283,0,0.258412975122291,0.0212389039339558,0.656981650948648,6.71614057867052e-05,0.109519604960986,0.00400511441753603,0.130896276186699,0.282648983603418,50.224367227082,0.463105419725685,0.645289316462042,0.154662649101083,0.136847323918289,19017.3204341032,1.13018395005979,0.258412975122291,4.7332489320908,1.98468308399741,46.2454328526678,2.38488903858515,0.0212389039339558,-0.894826395538487,2.00286239121641,49.6383721101657,-0.446773777101593,0.656981650948648,-0.0237663729143836,0.314584177247433,-0.0755485324225015,0.939778284547423,0.285558925287782,0.313483765794723,0.910920935774304,0.362337033805118,-0.309325298202166,0.273694647836577,-1.13018395005979,0.258398721296119,5.6280753276293,2.79901111166288,2.01073704358597,0.0443532390651074,3.83842253655232,2.840138412278,1.35149136392745,0.176538084481843,1.78965279107698,4.00572478243284,0.446773777101593,0.655038406684494
0,"",166188.743474394,0,0.228378161289364,0.0509474727153648,0.582184808914331,7.62986904476795e-05,0.0803273380664875,0.00619491665283897,0.115670535362673,0.277568340764903,50.203520941939,0.416728129166014,0.678653749543799,0.165169458466275,0.13711720083916,19016.2724397338,1.20458598524061,0.228378161289364,4.05325333365505,2.02228501645334,45.99309872129,2.00429380659883,0.0509474727153648,-1.11943830083112,2.02116859051973,49.2108638630579,-0.553856964768714,0.582184808914331,-0.0494989231036021,0.310148468070719,-0.15959750957827,0.873198140903677,0.280839993828947,0.309028394933673,0.908783783086421,0.363464268408923,-0.33033891693255,0.274234401678321,-1.20458598524061,0.22836316969198,5.17269163448618,2.83842392647083,1.82238163448604,0.0683970992614,2.93381503282394,2.87973400365179,1.01877986963503,0.308307484624593,2.23887660166224,4.04233718103947,0.553856964768714,0.579676739340766
0,"",166176.450809997,0,0.68705715422163,0.0449969013727693,0.752330159085035,8.53442731034873e-06,0.0859791029010884,0.00203782899925558,0.134922881423973,0.264288518718104,50.4358086732413,0.510513593546924,0.611918958484378,0.0552253991049767,0.13708400237257,19016.302811483,0.402858088100491,0.68705715422163,4.22011034290259,2.04672722731637,45.1950524631517,2.06188215341031,0.0449969013727693,-0.644065476487454,2.02961631784448,49.3149378575319,-0.317333611690447,0.752330159085035,0.0796974823189962,0.298306236959776,0.267166664469515,0.78934084142709,0.19014828052895,0.29714353207883,0.639920644405966,0.522224191713912,-0.110450798209953,0.27416800474514,-0.402858088100491,0.68705262548345,4.86417581939005,2.86168728596584,1.69975798657132,0.089176457161738,3.57604486641514,2.90303554210743,1.23182951587949,0.218012775155751,1.28813095297491,4.05923263568896,0.317333611690447,0.750990475854803
