convergence_false,convergence_false_message,bic,singular,p_anova_condition,p_anova_pe,p_anova_interaction,effectsize_condition,effectsize_pe,effectsize_interaction,coef_intercept,se_intercept,df_intercept,t_intercept,p_intercept,coef_condition,se_condition,df_condition,t_condition,p_condition,coef_pe,se_pe,df_pe,t_pe,p_pe,coef_interaction,se_interaction,df_interaction,t_interaction,p_interaction,emmean_amc,emmean_se_amc,emmean_z_ratio_amc,emmean_p_amc,emmean_avc,emmean_se_avc,emmean_z_ratio_avc,emmean_p_avc,emmean_diff,emmean_se_diff,emmean_z_ratio_diff,emmean_p_diff,coef_amc,se_amc,z_ratio_amc,p_amc,coef_avc,se_avc,z_ratio_avc,p_avc,coeff_diff,se_diff,z_diff,p_diff
0,"",152859.621598339,0,0.524258452088749,0.955001455957757,0.744133710383938,2.13070800470556e-05,6.66406179685631e-05,0.00217905268728571,-0.0206295120732408,0.211226893443173,49.3748123657761,-0.0976651776531043,0.92259356182215,-0.0629190879744541,0.0988040684249467,19031.8931582348,-0.636806651562618,0.524258452088749,-0.0777328940122699,1.37043956353275,48.2749618987738,-0.0567211397574425,0.955001455957757,0.433157313261423,1.3197123883729,49.3307366957479,0.328220995027159,0.744133710383938,0.0422895759012133,0.233432707419453,0.181163883882063,0.856238941976944,-0.0835486000476949,0.232953342986904,-0.358649500266634,0.719857311146826,0.125838175948908,0.197608136849893,0.636806651562618,0.524250792924987,-0.510890207273694,1.89855542813989,-0.269094175340585,0.787857212582018,0.355424419249154,1.90656184188243,0.186421657793292,0.852114109655988,-0.866314626522848,2.63942477674581,-0.328220995027159,0.742744574627445
0,"",152955.73033889,0,0.58633639160207,0.836712909302356,0.850098435943709,1.5558522014668e-05,0.000890387897989355,0.000751722464596789,0.012911267637311,0.208479820861352,49.3666828706553,0.0619305388117037,0.950868210500202,-0.0539035812250233,0.0990579714050127,19031.8621661534,-0.544161973645017,0.58633639160207,0.286019926331197,1.38028516141054,48.1824446564236,0.207217996923845,0.836712909302356,0.247280877113999,1.30137259962044,47.9947382523169,0.190015432310562,0.850098435943709,0.0668148488623344,0.23105987683202,0.289166815885168,0.772453724669222,-0.0409923135877123,0.230573129676655,-0.177784435008528,0.858892271674449,0.107807162450047,0.198115942810025,0.544161973645017,0.586330016811029,0.038739049217198,1.89329711089603,0.0204611568856534,0.98367549789918,0.533300803445197,1.90077394489159,0.280570346031134,0.779039963197586,-0.494561754227999,2.60274519924089,-0.190015432310562,0.849297037605284
0,"",153051.466633696,0,0.869607450627572,0.584227956305505,0.685418529357495,1.41569099971709e-06,0.00628874376775847,0.00348644851433497,0.0192540930654527,0.198950402161373,49.7543120832146,0.096778357099451,0.923291202497225,0.0163052045025962,0.09932547466366,19035.4047710802,0.164159341375508,0.869607450627572,0.738439200810116,1.34031106375644,47.9639113356262,0.550946135399735,0.584227956305505,0.520177192803135,1.27627735941414,47.4801886447113,0.407573783994662,0.685418529357495,0.00294888856285652,0.222620382570235,0.0132462649143376,0.989431318807141,0.0355592975680489,0.222112111643982,0.160096166322735,0.872805321056097,-0.0326104090051924,0.19865094932732,-0.164159341375508,0.869605707707475,0.218262008006982,1.84818304778463,0.118095449619348,0.905992028900787,1.25861639361325,1.85333610374471,0.679108549749928,0.49706908560242,-1.04035438560627,2.55255471882828,-0.407573783994662,0.683586614388887
0,"",153282.014644172,0,0.774236061904538,0.545187525651002,0.446963942071226,4.32222451186146e-06,0.00781339510971327,0.012186977752678,-0.0734139602689428,0.189681544477243,50.4003282237121,-0.387037971834685,0.700357587404518,0.0286657659206217,0.0999355695750721,19036.0885886044,0.286842473030464,0.774236061904538,0.79906502166564,1.3112426878404,47.1575957144646,0.609395216519143,0.545187525651002,1.03535158496873,1.35016960865424,47.6626053193235,0.76683075839687,0.446963942071226,-0.102079726189565,0.214663310437786,-0.47553410958483,0.63440632710169,-0.0447481943483211,0.214130978410467,-0.208975808547157,0.834467123656374,-0.0573315318412435,0.199871139150144,-0.286842473030464,0.774232940031224,-0.236286563303093,1.87896183166573,-0.125753785585746,0.899926825023982,1.83441660663438,1.88524087379842,0.973040968997428,0.330532940721486,-2.07070316993747,2.70033921730848,-0.76683075839687,0.443182146122425
0,"",153396.49308601,0,0.844744939804075,0.773442848167235,0.359293920559802,2.01428343725152e-06,0.00182369930400929,0.0177513458632898,-0.119384374647195,0.186930414218123,51.0474033949856,-0.638656770470156,0.525901453486543,0.019630873067969,0.100244215037487,19038.7808344006,0.195830483191752,0.844744939804075,0.357900989080572,1.23593757955708,45.8972583822435,0.289578531311291,0.773442848167235,1.28580828740189,1.38902440276195,47.4157742576632,0.925691647205895,0.359293920559802,-0.139015247715164,0.212383868703892,-0.654547111150802,0.512759385602476,-0.099753501579226,0.211841584989467,-0.470887250886957,0.637721252826612,-0.0392617461359379,0.200488430074974,-0.195830483191752,0.844742849861343,-0.927907298321319,1.85712835913583,-0.499646291952107,0.617324156150338,1.64370927648246,1.86143365225642,0.883034039107422,0.377217880552385,-2.57161657480378,2.77804880552389,-0.925691647205895,0.354606249940817
0,"",153368.413714175,0,0.750572127270764,0.997498328675211,0.213061229047837,5.30673920355204e-06,2.19679116045797e-07,0.0341793278764163,-0.120838980757299,0.192368903169806,51.0948514482952,-0.628162757941354,0.532695170519656,0.0318460764873836,0.100179657270231,19042.4460940287,0.317889653000908,0.750572127270764,-0.00367339839831192,1.16513899542822,45.2472012739215,-0.00315275551906307,0.997498328675211,1.65691352680541,1.31182384959717,45.0797626468777,1.26306098742922,0.213061229047837,-0.152685057244682,0.217157532858173,-0.703107349006409,0.481988852638625,-0.0889929042699152,0.216624382741237,-0.410816654818675,0.681206979868479,-0.0636921529747672,0.200359314540462,-0.317889653000908,0.750568641525589,-1.66058692520372,1.75550504966717,-0.945931158397157,0.344183699930489,1.6532401284071,1.75358586977426,0.94277683055231,0.3457950651755,-3.31382705361082,2.62364769919435,-1.26306098742922,0.206567262917682
0,"",153163.985782975,0,0.623593553659022,0.96050046326922,0.273033852712415,1.26480955091231e-05,5.40255104312702e-05,0.0273116500405382,-0.159598110677119,0.198946839949395,51.1052278342618,-0.802214856580356,0.426143475985201,0.0488999800058909,0.0996389478643763,19042.6974643407,0.490771741914127,0.623593553659022,0.0585722481403967,1.17622702788735,45.8964542881676,0.0497967201498503,0.96050046326922,1.40474465706725,1.26550670080714,43.8825296631893,1.11002545950275,0.273033852712415,-0.20849809068301,0.222760754150677,-0.935973176594565,0.349286998473791,-0.110698130671228,0.222245757046028,-0.498088837071936,0.618421428205568,-0.0977999600117818,0.199277895728753,-0.490771741914127,0.623587898459378,-1.34617240892686,1.72904272354367,-0.778565150876019,0.436235914298155,1.46331690520765,1.72639674524765,0.847613336410537,0.396653344636818,-2.80948931413451,2.53101340161428,-1.11002545950275,0.266988055725188
0,"",153111.46911947,0,0.803708646827252,0.992984775466636,0.510690584590171,3.24374661032422e-06,1.64338358816613e-06,0.00963361101190972,-0.214733053675415,0.195212558891448,51.2518148659553,-1.09999610114646,0.276473803662782,-0.0247330123922085,0.0995076907058904,19045.5011505587,-0.248553777268439,0.803708646827252,-0.0105659102972588,1.19540721928375,47.5381668650952,-0.00883875396334777,0.992984775466636,0.812956428473105,1.22615593530807,45.1907882155514,0.663012268720008,0.510690584590171,-0.190000041283207,0.219371742950556,-0.866109913372167,0.386429889310303,-0.239466066067624,0.218850372885146,-1.09419994542708,0.273867295412615,0.0494660247844171,0.199015381411781,0.248553777268439,0.803705966893634,-0.823522338770365,1.71412052766605,-0.480434325053954,0.630918591862842,0.802390518175847,1.71076135444068,0.469025393923621,0.639051484901497,-1.62591285694621,2.45231187061614,-0.663012268720008,0.507322696541678
0,"",153103.081754301,0,0.500068581695978,0.945764620283051,0.640218389277564,2.38741678732749e-05,0.000100439518184844,0.0046603183903482,-0.222546714753412,0.191208418469316,51.5369897453684,-1.16389600695916,0.249826248067577,-0.0671018937732783,0.0994994351062689,19049.76893404,-0.67439472095104,0.500068581695978,0.0784580713795041,1.14714404951853,46.5683767667912,0.0683942626145637,0.945764620283051,0.556031093002477,1.18198768505582,47.2637288728101,0.470420377498448,0.640218389277564,-0.155444820980134,0.215813429725712,-0.720274086639076,0.471356256376224,-0.289648608526691,0.215281576801249,-1.34544076102758,0.17848293954144,0.134203787546557,0.198998870212538,0.67439472095104,0.500060398071122,-0.477573021622974,1.6515024383536,-0.289174881327497,0.772447552889074,0.634489164381982,1.64274417121197,0.386237355457408,0.699320890483192,-1.11206218600496,2.36397537011165,-0.470420377498448,0.638054708264901
0,"",153117.513890672,0,0.493119891222281,0.844009917913433,0.381324496682152,2.46618826663475e-05,0.000869222288179506,0.0153363875477254,-0.25588714962966,0.189475986102481,50.9416651948167,-1.35049910489058,0.182825181633401,-0.0682176334639332,0.0995342718281994,19046.319857576,-0.685368287836374,0.493119891222281,0.236083612044882,1.19291082795114,45.0201776806714,0.197905498477503,0.844009917913433,1.04706415900164,1.18547615162973,50.0870852474326,0.883243545272667,0.381324496682152,-0.187669516165727,0.214295569141022,-0.875750800252087,0.381165521979244,-0.324104783093593,0.213761199010205,-1.51620024866216,0.129468725217456,0.136435266927866,0.199068543656399,0.685368287836374,0.493111550076559,-0.810980546956757,1.6846796711044,-0.481385607523306,0.630242463825487,1.28314777104652,1.67887888330856,0.764288468813085,0.444695355575506,-2.09412831800328,2.37095230325946,-0.883243545272667,0.377104698823048
0,"",153193.894162909,0,0.425511047637067,0.844254392843394,0.275639669987747,3.33540511770298e-05,0.000857021234514887,0.0238127405937553,-0.276027035271571,0.1980634698317,50.1470767245091,-1.39362920131672,0.169575551745039,-0.0794604839063575,0.0997102653543532,19039.6776148957,-0.796913774363838,0.425511047637067,0.25254385153642,1.27819258317527,45.511072597445,0.197578874154514,0.844254392843394,1.36447445286933,1.23787054857303,49.8085743322892,1.10227556059254,0.275639669987747,-0.196566551365213,0.22200355884428,-0.885420722030365,0.375929760194503,-0.355487519177928,0.221488081074559,-1.60499615804726,0.108494650177827,0.158920967812715,0.199420530708706,0.796913774363838,0.425501110534859,-1.11193060133292,1.7789174584985,-0.625060255618294,0.531931511757963,1.61701830440576,1.77978993852275,0.908544468875865,0.363590630405564,-2.72894890573867,2.47574109714607,-1.10227556059254,0.270341890938617
0,"",153321.555708353,0,0.616812994857164,0.790450342547254,0.262823741644147,1.31504246476305e-05,0.00157850590838707,0.0254961706065437,-0.269822292003736,0.19380790170346,50.1615201579357,-1.39221512452358,0.169999032529231,-0.0500618833641036,0.100047639024027,19039.4847406223,-0.500380457274766,0.616812994857164,0.345945447189725,1.29419698121643,45.1941459838216,0.267305095136728,0.790450342547254,1.41286079045737,1.24727559071655,49.0436170483658,1.13275750842337,0.262823741644147,-0.219760408639632,0.218371093911938,-1.00636217322909,0.314241382774477,-0.319884175367839,0.217844281581279,-1.46840749293889,0.141993567476811,0.100123766728207,0.200095278048055,0.500380457274766,0.616807211307629,-1.06691534326764,1.7966051520293,-0.593850764628243,0.55261193208978,1.75880623764709,1.79819197486694,0.978097034259782,0.328026334532824,-2.82572158091474,2.4945511814331,-1.13275750842337,0.257316099987877
0,"",153285.139766662,0,0.872941828826291,0.851896287818094,0.208303894552722,1.34327961013169e-06,0.00079855013495158,0.0313675755845069,-0.253549955645064,0.19029205521096,50.2901608680752,-1.33242533622319,0.188726746885831,-0.0159850495614529,0.0999533951074628,19039.9528086218,-0.159925028502202,0.872941828826291,-0.246392302496096,1.31201076814095,44.1296355871013,-0.187797469715299,0.851896287818094,1.59573073457769,1.25189405142875,50.1720813325307,1.27465318071967,0.208303894552722,-0.237564906083611,0.215212115992612,-1.10386399477512,0.269652139552918,-0.269535005206517,0.214679389019583,-1.2555234409668,0.209288804070007,0.0319700991229058,0.199906790214926,0.159925028502202,0.872940132373296,-1.84212303707379,1.81216593421664,-1.01653110363213,0.309376543742667,1.3493384320816,1.81473870579369,0.74354419607282,0.457152274262135,-3.19146146915539,2.5037881028575,-1.27465318071967,0.202432025298302
0,"",153204.16557961,0,0.799299295578565,0.674224583887795,0.19824152260096,3.39567371616e-06,0.00389783457766633,0.0327605671865787,-0.155477734091754,0.199510747424202,50.1089166869066,-0.779295030964804,0.439471051026077,-0.0253558972225238,0.0997252261730163,19037.9629724048,-0.254257605578483,0.799299295578565,-0.554361184401827,1.31032060741695,45.7415593479529,-0.423072934413086,0.674224583887795,1.69866916439122,1.30283441623772,50.1905255048979,1.30382583022068,0.19824152260096,-0.130121836869231,0.22330171732662,-0.582717582412961,0.560083435013559,-0.180833631314278,0.222790621851611,-0.811675239340736,0.416978005783252,0.0507117944450475,0.199450452346033,0.254257605578483,0.799296549592961,-2.25303034879305,1.84538857405566,-1.22089752828669,0.222124820460612,1.1443079799894,1.85018275623109,0.618483755799567,0.536256502456571,-3.39733832878245,2.60566883247544,-1.30382583022068,0.192292973495739
0,"",153225.374906729,0,0.750225430569543,0.753800698636023,0.22021871106276,5.32191599478952e-06,0.00216783531126704,0.029688054988689,-0.155283469503049,0.201684263492788,50.2921373384734,-0.769933493143364,0.444940895200462,-0.0317671123228974,0.099787775735933,19042.7850944241,-0.318346732238649,0.750225430569543,-0.383135977694717,1.21430660519617,45.8226677070461,-0.31551831807159,0.753800698636023,1.63162272380298,1.31437006475773,50.3655758404953,1.24137240154182,0.22021871106276,-0.123516357180151,0.225274834175447,-0.548291857065379,0.583491517768656,-0.187050581825946,0.224765508343987,-0.832203229063416,0.405294241547145,0.0635342246457948,0.199575551471866,0.318346732238649,0.750221939460219,-2.0147587014977,1.78883574802316,-1.12629608600131,0.260040213931955,1.24848674610826,1.79005169302537,0.697458487356973,0.485515910068114,-3.26324544760596,2.62874012951546,-1.24137240154182,0.214468209569546
0,"",153273.511416991,0,0.584426987975812,0.691610729823725,0.212084018036996,1.57062591549098e-05,0.00363732650066495,0.0305976916225468,-0.257713693735503,0.20283242107597,50.4063874483163,-1.27057445929207,0.209713210075748,-0.0546490812201554,0.0999180390825738,19045.761639815,-0.546939088496248,0.584426987975812,-0.463212353420647,1.16003219162174,43.6772559769719,-0.399309912919804,0.691610729823725,1.66579494123432,1.31805875005545,50.6044753774611,1.26382450036028,0.212084018036996,-0.203064612515347,0.226362229552168,-0.897078160597231,0.369677211452915,-0.312362774955658,0.225852500936926,-1.38303881364985,0.166652965048877,0.109298162440311,0.199836078165148,0.546939088496248,0.584420580074615,-2.12900729465497,1.75664741643305,-1.2119718930154,0.225523139948218,1.20258258781368,1.75502050208311,0.685224238911331,0.493202430640629,-3.33158988246865,2.6361175001109,-1.26382450036028,0.206293025302475
0,"",153455.080921604,0,0.92431495842188,0.581313920300204,0.273169935781193,4.73859530834251e-07,0.00701087152954789,0.0236443351525115,-0.284120014271649,0.197724367802476,50.776052279637,-1.43694991886626,0.156865957079713,-0.00953784216130434,0.100397183788057,19046.1576593637,-0.095001092674463,0.92431495842188,-0.621264153412441,1.11817881913427,43.7222550579877,-0.555603578588124,0.581313920300204,1.54847530537758,1.39776813057691,50.6779738027252,1.10781986761887,0.273169935781193,-0.274582172110345,0.222015468771939,-1.23677045401014,0.21617231399401,-0.293657856432954,0.221490794158356,-1.32582420659434,0.18489793297058,0.0190756843226087,0.200794367576115,0.095001092674463,0.92431395901889,-2.16973945879002,1.79089540530032,-1.21153890526966,0.225688933359689,0.927211151965138,1.7890927544731,0.518257731270176,0.604278459941988,-3.09695061075516,2.79553626115382,-1.10781986761887,0.267939618003118
0,"",153423.857736112,1,0.836027395043043,0.738513162115489,0.27707235568027,2.24859851163655e-06,1.39692975143578e-05,0.0233382600540193,-0.239858243462501,0.197707747970143,51.0549530482433,-1.21319597195919,0.2306381726159,-0.0207647353993387,0.100322241372165,19052.2141464595,-0.206980377584546,0.836027395043043,-0.356590529727725,1.06816534644282,7977.77911367088,-0.333834579932064,0.738513162115489,1.50341026367309,1.36825346944003,50.5239859402935,1.0987805236762,0.27707235568027,-0.219093508063162,0.221967508987831,-0.98705215489522,0.323617071240215,-0.26062297886184,0.221441270761478,-1.17693950168198,0.239219654101946,0.0415294707986774,0.20064448274433,0.206980377584546,0.836025183088899,-1.86000079340082,1.7389822953557,-1.06959156419724,0.284803193955857,1.14681973394537,1.73266560662795,0.661881744266434,0.508047012368029,-3.00682052734619,2.73650693888007,-1.0987805236762,0.271863809434465
0,"",153257.398778742,0,0.652696320215423,0.599011728688658,0.324942904836994,1.06301167149473e-05,0.00646443507257391,0.0195939562473392,-0.268259487353779,0.184873516761936,51.2153168157667,-1.45104335143481,0.152865651011067,-0.0449596587496034,0.0999044286061344,19051.7064988767,-0.450026684270959,0.652696320215423,-0.588407742516214,1.11075712729253,43.129197785559,-0.529735734354868,0.599011728688658,1.27642586016143,1.28381432329645,49.4618779076493,0.994244912990182,0.324942904836994,-0.223299828604176,0.210414795235861,-1.06123634677814,0.288582505177032,-0.313219146103382,0.209866238485228,-1.49247038668122,0.135575874877633,0.0899193174992068,0.199808857212269,0.450026684270959,0.652691199893054,-1.86483360267764,1.70075836332852,-1.09647181097967,0.272872352909608,0.688018117645214,1.69450353042791,0.406029320854509,0.684721056707279,-2.55285172032286,2.5676286465929,-0.994244912990182,0.320103647284272
0,"",153173.827496772,0,0.885889461650834,0.383504631121632,0.51070826168046,1.08098664727882e-06,0.0174439839883833,0.00844678837302011,-0.277394504185853,0.179242646900861,50.846210727624,-1.54759209921331,0.127922739653778,-0.0143064551135346,0.0996900703027951,19051.951609486,-0.143509329164687,0.885889461650834,-1.0579593375995,1.20178316046219,43.6513181873319,-0.88032464791121,0.383504631121632,0.803837938666069,1.21363761143492,51.4971693004356,0.662337695447382,0.51070826168046,-0.263088049072319,0.205378515970412,-1.28099109017917,0.200196795641679,-0.291700959299388,0.204821235099775,-1.4241734220443,0.154396276570554,0.0286129102270691,0.19938014060559,0.143509329164687,0.885887943904761,-1.86179727626557,1.70994595921788,-1.0888047462723,0.276239998163715,-0.254121398933428,1.7060137308575,-0.148956244804488,0.881588159278998,-1.60767587733214,2.42727522286984,-0.662337695447382,0.507754823691416
0,"",153324.411312365,0,0.729590014155401,0.510641612824759,0.418223019832765,6.27257149427426e-06,0.00963215457373849,0.0126268820886187,-0.228560061379643,0.185119258663637,50.598159248622,-1.23466387576097,0.22265882203383,0.0345939144346031,0.100076114646651,19049.7902247956,0.345676034254,0.729590014155401,-0.830661753481614,1.25271826482736,45.2079379371897,-0.663087444962006,0.510641612824759,0.964701900857763,1.18224619511106,52.0661652693602,0.815990700454009,0.418223019832765,-0.263153975814246,0.210712157523257,-1.24887893943757,0.21170935569112,-0.19396614694504,0.210164516447907,-0.922925288356744,0.356046141046546,-0.0691878288692062,0.200152229293303,-0.345676034254,0.72958619708972,-1.79536365433938,1.72431710616592,-1.04120271608941,0.297781475425239,0.13404014737615,1.72068264103435,0.0778994011908986,0.937908075745504,-1.92940380171553,2.36449239022213,-0.815990700454009,0.414505454525168
0,"",153281.52185962,0,0.842571077751843,0.671097737294505,0.225053067678582,2.07039205187031e-06,0.00401040999486585,0.0293519159243576,-0.283010139254638,0.176200255217379,50.9074095399832,-1.60618461593877,0.114419325925938,0.0198564213474289,0.0999776723384539,19052.0812982691,0.198608558120948,0.842571077751843,-0.528013163631034,1.23535956750546,45.3699978654369,-0.427416581795083,0.671097737294505,1.42720691661428,1.16182719314855,49.9017936589293,1.22841583071106,0.225053067678582,-0.302866560602067,0.202871959318898,-1.49289513256973,0.135464639460907,-0.263153717907209,0.202304468393262,-1.30078055120197,0.19333358096194,-0.0397128426948578,0.199955344676908,-0.198608558120948,0.842568958566777,-1.95522008024531,1.69867147687857,-1.15102896990899,0.249720317549945,0.899193752983244,1.69305244725986,0.531108031791072,0.595343918766804,-2.85441383322856,2.32365438629711,-1.22841583071106,0.219290908135025
0,"",153260.609563217,0,0.860234659496073,0.929169109386444,0.280667629488056,1.62762236105603e-06,0.000177315179998106,0.0230720706747686,-0.31293488598457,0.176922228303454,50.9344981638131,-1.76877088303358,0.0829199197844678,0.0175922945491534,0.0999120289857992,19048.2491884674,0.176077842955765,0.860234659496073,-0.114494593239525,1.28086066846533,45.0550261549801,-0.0893887961886655,0.929169109386444,1.32264861580125,1.21284181773832,50.3566221604842,1.09053678431676,0.280667629488056,-0.330527180533723,0.203465609902671,-1.62448671641283,0.104271973138629,-0.295342591435416,0.202902741220447,-1.45558699532076,0.145506825197614,-0.0351845890983068,0.199824057971598,-0.176077842955765,0.860232787716953,-1.43714320904077,1.76420891431908,-0.814610558520762,0.41529526474265,1.20815402256172,1.76373058044294,0.684999192029833,0.493344430825231,-2.6452972316025,2.42568363547665,-1.09053678431676,0.27547675892142
0,"",153263.908376055,0,0.580293372065246,0.948560961404208,0.432956075265611,1.60579643793541e-05,8.97542510533933e-05,0.0121658776795241,-0.335819347107853,0.188851207852383,49.9983993161213,-1.778221865387,0.0814485189662907,0.0552383984568515,0.0998947963561919,19041.4037149332,0.552965724659867,0.580293372065246,0.0890200713285839,1.37248558202685,46.8669061595363,0.0648604783134564,0.948560961404208,0.96968479210585,1.22678080768178,50.7303432659332,0.790430357268337,0.432956075265611,-0.391057745564705,0.213911090209829,-1.82813217015121,0.0675297178778629,-0.280580948651002,0.213376530054129,-1.31495693823414,0.188524375116046,-0.110476796913703,0.199789592712384,-0.552965724659867,0.580286880561495,-0.880664720777268,1.83906729767546,-0.478864869105339,0.632034764706845,1.05870486343444,1.84261963534436,0.574565061137307,0.565585487236203,-1.9393695842117,2.45356161536357,-0.790430357268337,0.429276479156576
0,"",153078.409630583,0,0.864663632252042,0.82428324892803,0.538572673799762,1.52562337624908e-06,0.00107842219234052,0.00731174650815683,-0.350976931776115,0.197652054179893,50.2704279057618,-1.77573126286192,0.0818304080028821,0.0169432739513128,0.0994073209456733,19041.8846268051,0.170442918993586,0.864663632252042,0.288820819955056,1.2933948717345,46.1888662231296,0.223304441873761,0.82428324892803,0.762182128057512,1.23117649062525,52.0317760765324,0.619068130248688,0.538572673799762,-0.367920205727427,0.22149874207453,-1.66104873680785,0.0967036588571464,-0.334033657824802,0.220985536218223,-1.51156344230124,0.130644957711039,-0.0338865479026256,0.198814641891347,-0.170442918993586,0.864661821434449,-0.473361308102457,1.78493631913542,-0.265197868981534,0.790857036456121,1.05100294801257,1.78643052684007,0.588325676381962,0.556313714355294,-1.52436425611503,2.4623529812505,-0.619068130248688,0.535871477266038
0,"",153077.193742165,0,0.913274907540324,0.808732790499243,0.733050364690502,6.22936574865688e-07,0.0012951115486155,0.00222973185174391,-0.305550153240518,0.188442226873692,50.7066307997998,-1.62145267708665,0.111123144374555,-0.0108266508975092,0.0994090210018376,19041.123585454,-0.10891014505926,0.913274907540324,0.317269135186689,1.30312840524685,45.7100005137491,0.243467285272314,0.808732790499243,0.437052371880886,1.27462809546236,52.6111639091744,0.342886190440005,0.733050364690502,-0.294723502343009,0.213320818077665,-1.3815974690089,0.167095331555765,-0.316376804138027,0.212789758273268,-1.48680465970421,0.137066410474891,0.0216533017950184,0.198818042003675,0.10891014505926,0.913273759919756,-0.119783236694197,1.82098885991703,-0.0657792254147312,0.947553596125383,0.754321507067576,1.82473023120254,0.413387959583736,0.679322394706203,-0.874104743761773,2.54925619092471,-0.342886190440005,0.731684081121736
0,"",153137.163663243,0,0.803079460276198,0.984830756660827,0.958121085560705,3.26494650285248e-06,8.08104813411112e-06,5.33731272265478e-05,-0.30117450502253,0.180928304367368,50.8810433484186,-1.66460690645178,0.102138338339089,-0.0248326747072146,0.0995827713216676,19045.8822553094,-0.249367178455009,0.803079460276198,-0.024964348131018,1.30577718170708,45.2304706765881,-0.0191183828916213,0.984830756660827,0.0628480240876715,1.19110353900962,52.1600977357006,0.0527645347607045,0.958121085560705,-0.276341830315316,0.206798138128399,-1.33628780614909,0.181455220577993,-0.326007179729745,0.206247640949749,-1.58065895070856,0.113956038977953,0.0496653494144293,0.199165542643335,0.249367178455009,0.803076771145254,-0.0878123722186896,1.76753473293343,-0.0496807053250688,0.960376832390051,0.0378836759566535,1.76730991783848,0.0214357852996081,0.98289802757658,-0.125696048175343,2.38220707801925,-0.0527645347607045,0.957919519279109
0,"",153171.851319354,0,0.677008759273497,0.970916712877509,0.801593555610037,9.11026746197266e-06,3.05937823978595e-05,0.00123897330103207,-0.248407817099689,0.186656884478495,50.6199944917012,-1.33082590440595,0.18920999698769,-0.041516799872423,0.0996670746461053,19046.2392123713,-0.41655481531729,0.677008759273497,0.0476953065694011,1.3007750163374,43.9440879357289,0.0366668378238821,0.970916712877509,0.302007180289057,1.19565229047834,51.4309298348245,0.252587798889453,0.801593555610037,-0.206891017227266,0.211868705716839,-0.976505787049902,0.32881388150446,-0.289924616972112,0.211329808880178,-1.3719059251906,0.17009272562617,0.083033599744846,0.199334149292211,0.41655481531729,0.677004065193433,-0.254311873719657,1.76694341063474,-0.143927571301392,0.885557663606378,0.349702486858459,1.76666665483951,0.197944805207311,0.843088248191178,-0.604014360578115,2.39130458095669,-0.252587798889453,0.800586759431
0,"",153026.97198467,0,0.597466067850127,0.97646637678274,0.613437402488598,1.46409563740415e-05,1.95317951463384e-05,0.00497897085509681,-0.199232397127549,0.199253559136306,50.2618425349615,-0.999893793572125,0.322151579845619,-0.0524240119581197,0.0992772221914587,19045.1969880492,-0.528056796925872,0.597466067850127,-0.0378217505672142,1.27502273924285,45.0502026154535,-0.029663589050713,0.97646637678274,0.605056965391589,1.19045219181772,51.6251453160721,0.508258096839418,0.613437402488598,-0.146808385169429,0.222870974772931,-0.658714690501993,0.510078997652044,-0.251656409085668,0.22236102165811,-1.1317469546106,0.257740834752346,0.104848023916239,0.198554444382917,0.528056796925872,0.597459915529227,-0.642878715958804,1.74495455354275,-0.368421466710167,0.712558993297826,0.567235214824376,1.74380400826766,0.325286105625989,0.744964545677501,-1.21011393078318,2.38090438363545,-0.508258096839418,0.611272352460049
0,"",152960.268039539,0,0.687687011956385,0.978696080966881,0.510642535930574,8.48432866232467e-06,1.56000763767818e-05,0.00826819942697482,-0.230582582781952,0.198915622769681,50.5458040838666,-1.15919795323939,0.2518225232081,-0.0398430417317416,0.0991115332483873,19047.3873966519,-0.402002072068539,0.687687011956385,0.0334081976288599,1.24431627118745,46.2073467838066,0.0268486384068406,0.978696080966881,0.756068089182849,1.14150652591781,52.6196937232243,0.662342327456206,0.510642535930574,-0.190739541050211,0.222495032175348,-0.857275504919541,0.391292642590498,-0.270425624513694,0.221984239680846,-1.21821992814667,0.22314040867922,0.0796860834634832,0.198223066496775,0.402002072068539,0.687682501336913,-0.72265989155399,1.69121522357138,-0.427302144329054,0.669159271170012,0.78947628681171,1.68597489022523,0.46826099925263,0.639597955029932,-1.5121361783657,2.28301305183562,-0.662342327456206,0.507751855798791
1,Model failed to converge with 1 negative eigenvalue: -8.4e+00,152875.591376548,0,0.871369486905887,0.713980737508555,0.441574356422668,1.37651414424495e-06,0.00287907040295193,0.0115984480806783,-0.236995019952488,0.200559697544073,50.2878258128982,-1.18166821577106,0.242895359165569,-0.0160123870692757,0.0988898900907782,19047.0225120388,-0.161921375932128,0.871369486905887,0.475378677515404,1.2892278991577,47.088575561811,0.368731298652461,0.713980737508555,0.831461623007024,1.07208355675241,51.257885103283,0.77555673507923,0.441574356422668,-0.220982632883212,0.223867489938533,-0.987113550716484,0.323586975484867,-0.253007407021764,0.223361035614749,-1.13272848294878,0.257328292587492,0.0320247741385514,0.197779780181556,0.161921375932128,0.871367769389741,-0.356082945491621,1.68066097978619,-0.211870775709281,0.83220785060992,1.30684030052243,1.67281861786479,0.781220561850572,0.434672782246428,-1.66292324601405,2.14416711350481,-0.77555673507923,0.438010754284373
0,"",152850.497919346,0,0.87584910939826,0.692908924650964,0.417032435580287,1.28130040396998e-06,0.00324572606368603,0.0128370165456431,-0.220389638258212,0.187112020625024,50.4238074749701,-1.17784863592423,0.244386205263095,0.0154429923241566,0.0988443706402082,19050.5496520434,0.15623542569125,0.87584910939826,0.498244906951671,1.25415661714962,48.4683719262625,0.397274869931363,0.692908924650964,0.870700698695738,1.06420742378711,51.4766147169434,0.818168224759457,0.417032435580287,-0.235832630582368,0.211882516887002,-1.11303487445422,0.265693451835393,-0.204946645934055,0.211348136440579,-0.969711157077914,0.332190487583084,-0.0308859846483133,0.197688741280416,-0.15623542569125,0.875847453924432,-0.372455791744067,1.64987692470896,-0.225747621635335,0.821397717278057,1.36894560564741,1.63975566950704,0.834847307500976,0.403803685912196,-1.74140139739148,2.12841484757423,-0.818168224759457,0.413261136325216
0,"",152902.275660657,0,0.537868165911105,0.897460059623708,0.446488079212939,1.99171049527982e-05,0.000350387127954426,0.0111853454768422,-0.201841357585659,0.184483602433944,50.950665199294,-1.09408833588844,0.279061814597989,0.0609833300956891,0.0989907038311375,19054.5451398312,0.6160510809148,0.537868165911105,0.148918018052071,1.14944546348352,47.8869760054007,0.129556401571901,0.897460059623708,0.840324672333507,1.09545249891368,52.0202722202259,0.767102793746714,0.446488079212939,-0.262824687681348,0.209635692000315,-1.25372108715607,0.209943400543364,-0.14085802748997,0.209092311344842,-0.673664309242163,0.500524757601222,-0.121966660191378,0.197981407662275,-0.6160510809148,0.537860807052957,-0.691406654281437,1.5948531250558,-0.433523716647729,0.664634340085457,0.98924269038558,1.58079904203473,0.625786494096222,0.531454991670752,-1.68064934466702,2.19090499782737,-0.767102793746714,0.443020401020881
0,"",153009.778416705,0,0.239890637687226,0.631861907022964,0.400821226280285,7.25048417722795e-05,0.00496269424130851,0.0139501409715337,-0.206021052474673,0.197701804910584,51.0592505129484,-1.04207977548739,0.302283844078313,0.116648640073879,0.0992503585026892,19050.0751397134,1.17529691412368,0.239890637687226,0.562834521019427,1.16702487925214,46.6361906552344,0.482281510039534,0.631861907022964,0.964597287590392,1.13847176448242,50.7420283538182,0.847273790781211,0.400821226280285,-0.322669692548552,0.221474441796954,-1.45691615669303,0.145139525592137,-0.0893724124007936,0.220957792997571,-0.404477303960835,0.685861764278831,-0.233297280147759,0.198500717005378,-1.17529691412368,0.239875948671983,-0.401762766570965,1.63534055904739,-0.245675290292437,0.805933601543352,1.52743180860982,1.62535882517336,0.939750524593794,0.347345542242328,-1.92919457518079,2.27694352896484,-0.847273790781211,0.396842531777739
0,"",153161.246011867,0,0.0915150478697128,0.440036136870248,0.426048756450072,0.000149497053098888,0.0130033124358669,0.0132816223463315,-0.21232898229272,0.208374727032431,51.1263303211499,-1.01897665478248,0.313011851478766,0.168128913753081,0.0996293135205348,19046.4032918389,1.68754463733635,0.0915150478697128,0.905060900790588,1.16200610584359,46.046909188993,0.778877921758882,0.440036136870248,0.96391784727386,1.20067241476019,47.8820865035647,0.802815018837909,0.426048756450072,-0.380457896045801,0.231216662092161,-1.64546055030477,0.0998748716185098,-0.0442000685396394,0.23071824619606,-0.191575955817898,0.848074378113191,-0.336257827506161,0.19925862704107,-1.68754463733635,0.0914986743874148,-0.058856946483272,1.67431383549502,-0.0351528759038597,0.971957838565914,1.86897874806445,1.66745856183525,1.12085468919084,0.262349720603989,-1.92783569454772,2.40134482952038,-0.802815018837909,0.422081660072396
1,Model failed to converge with 1 negative eigenvalue: -7.1e+01,153224.738688707,1,0.120286450214533,0.717837400010453,0.374010874863919,0.000126663411711636,0.00294324885321367,0.000152189572543008,-0.219769122341823,0.208320376994084,51.0193346618519,-1.05495739549312,0.296415143545222,0.155067087292715,0.0998087656342505,19054.4183097377,1.55364197029506,0.120286450214533,0.428185940322151,1.1774991755287,44.7957154690706,0.363640119008912,0.717837400010453,0.934381435937716,1.05097429277689,5192.93897665349,0.889062122983889,0.374010874863919,-0.374836209634538,0.231247972008361,-1.62092755399812,0.105033176693462,-0.0647020350491087,0.230743827173773,-0.280406352974208,0.779165763516623,-0.310134174585429,0.199617531268501,-1.55364197029506,0.120269842140224,-0.506195495615566,1.58719043947891,-0.318925494398616,0.749783011296117,1.36256737625987,1.56937218457703,0.868224497445838,0.385271445851981,-1.86876287187544,2.10194858555379,-0.889062122983889,0.373969693807044
0,"",153190.642838033,0,0.135710924937103,0.603220186772251,0.312193498012955,0.000116837900401797,0.00624832148991784,0.0200419060380675,-0.238575906445514,0.206496163603905,51.195316792757,-1.15535273044173,0.253309927244187,0.14877650522553,0.0997149379797197,19050.8242162473,1.49201822956344,0.135710924937103,0.595637365102195,1.13761864582084,43.5998477467144,0.523582632273419,0.603220186772251,1.17921284158423,1.15523611075591,50.9461501309965,1.02075483150594,0.312193498012955,-0.387352411671044,0.229563582196352,-1.68734260009818,0.0915374940814135,-0.0897994012199842,0.229059011191523,-0.392036099138227,0.695031541155699,-0.29755301045106,0.199429875959439,-1.49201822956344,0.135694366450783,-0.583575476482036,1.62710744500761,-0.358658230144909,0.719850779600124,1.77485020668643,1.61555398307459,1.0986016099002,0.271941875199188,-2.35842568316846,2.31047222151183,-1.02075483150594,0.307370609220215
0,"",153269.796117783,0,0.0784577623581293,0.629173176264166,0.347630162409765,0.000162557807294631,0.00529888531184687,0.0177558290425554,-0.236735091330922,0.199092312512436,51.1821769186834,-1.18907198546973,0.239898806501276,0.175842256300046,0.0999217241286727,19047.9490618892,1.75980006183248,0.0784577623581293,0.601483553321354,1.23695185981728,44.3864081530169,0.486262701775803,0.629173176264166,1.08469163309878,1.14399037309615,49.7331933599418,0.948165000867199,0.347630162409765,-0.412577347630967,0.223019243871076,-1.84996299184599,0.0643188837497618,-0.0608928350308759,0.222500823755702,-0.2736746498419,0.784334660734947,-0.351684512600092,0.199843448257345,-1.75980006183248,0.0784417126006639,-0.483208079777426,1.6881715573696,-0.286231620043599,0.774700727100915,1.68617518642014,1.6815482590079,1.00275158764398,0.315980732566135,-2.16938326619756,2.2879807461923,-0.948165000867199,0.343045461561607
0,"",153280.884389206,0,0.158404765891926,0.683424838428917,0.509360960743728,0.00010444792290915,0.00385875822093041,0.00892991863598772,-0.257329919107118,0.198127248802129,51.0413323911789,-1.29881134807517,0.199845811532159,0.140979109905914,0.0999488617346176,19046.2136659896,1.41051241063894,0.158404765891926,0.528421098258994,1.28713745009152,43.5094705703063,0.410539758765796,0.683424838428917,0.740932851352899,1.1146992806356,49.034203366045,0.664693038045582,0.509360960743728,-0.398309029013032,0.222170286346116,-1.79280963068352,0.0730033690416807,-0.116350809201204,0.221650010658195,-0.524930311781612,0.599631636740434,-0.281958219811828,0.199897723469235,-1.41051241063894,0.158388434478005,-0.212511753093905,1.70585727472932,-0.1245776866811,0.900857894209264,1.26935394961189,1.69958982157705,0.746858997092641,0.455148678731873,-1.4818657027058,2.2293985612712,-0.664693038045582,0.506246847636368
0,"",153075.594574325,0,0.301429313133698,0.725110069692579,0.577773236035448,5.60526356436509e-05,0.00305285053138704,0.00640497845625233,-0.212347977264753,0.19523193734253,51.3105396597298,-1.08767028671233,0.281823544836756,0.102747640602038,0.0994266725764479,19050.9888353811,1.03340117837129,0.301429313133698,0.419409523691846,1.18456725416782,40.9377268834223,0.354061385891076,0.725110069692579,0.614456602503255,1.09645631139532,48.7182298811239,0.560402266936944,0.577773236035448,-0.315095617866791,0.219353590284311,-1.43647349222042,0.15086765391693,-0.109600336662715,0.218829494323014,-0.500848100946273,0.616478030248019,-0.205495281204076,0.198853345152896,-1.03340117837129,0.301416195256921,-0.195047078811409,1.62032198223287,-0.120375506195766,0.904185693520535,1.0338661261951,1.60791440032845,0.642985799482805,0.520233314279981,-1.22891320500651,2.19291262279063,-0.560402266936944,0.575205085718678
0,"",153123.912808761,0,0.762705159966356,0.728262418748847,0.753174273005824,4.78399358067934e-06,0.00325601455894521,0.00205838764275295,-0.210428645684646,0.194293603350781,51.5878402206385,-1.08304463994491,0.283824898534894,0.030061053012165,0.0995614479651043,19056.0684795121,0.301934670764343,0.762705159966356,0.37186358090474,1.06232882995134,37.5099637378903,0.35004564539755,0.728262418748847,0.360940298597555,1.14133257304926,48.4868855338533,0.316244631162364,0.753174273005824,-0.240489698696811,0.218582494971666,-1.10022396225272,0.271234552583932,-0.180367592672481,0.218051978527688,-0.827177051500949,0.408136716747995,-0.06012210602433,0.199122895930209,-0.301934670764343,0.762701865001315,0.0109232823071853,1.56845204801594,0.0069643712225713,0.994443280644946,0.732803879502296,1.54994301300811,0.472794079106225,0.636360098694349,-0.72188059719511,2.28266514609852,-0.316244631162364,0.751816833919038
0,"",153209.625208402,0,0.896521631958855,0.846550106924579,0.838064145319828,8.87681784931401e-07,0.000914052676992242,0.000864313295730858,-0.237984364109159,0.19025940579555,51.6174504968554,-1.25084151878879,0.216632502504139,-0.0129781513471084,0.0997871415590564,19055.4325066621,-0.130058353654991,0.896521631958855,-0.219046071603053,1.12482956245097,41.450437582565,-0.194737121885166,0.846550106924579,0.23002213268481,1.1195241166171,48.8006517127056,0.205464205076595,0.838064145319828,-0.225006212762051,0.215109211775665,-1.04600919181791,0.295556788588103,-0.250962515456268,0.214569935540042,-1.16960707857152,0.242159127414642,0.0259563026942168,0.199574283118113,0.130058353654991,0.896520259155683,-0.449068204287864,1.59468395690069,-0.281603262103822,0.77824773860324,0.0109760610817572,1.5792829582141,0.00695002819138202,0.994454724451128,-0.460044265369621,2.23904823323421,-0.205464205076595,0.837209461686956
1,Model failed to converge: degenerate  Hessian with 1 negative eigenvalues,153236.222753352,0,0.840402183100134,0.83529237435419,0.832233195201826,2.12820501825582e-06,0.00098106306182106,0.00093123314848995,-0.29680625468132,0.194851087747912,51.2443488524284,-1.5232465885195,0.133844897100733,-0.0201082886318419,0.0998515613440675,19055.7529310615,-0.201381814777567,0.840402183100134,-0.243617765722825,1.16485369161804,44.5401778896679,-0.209140227202635,0.83529237435419,0.227927216722228,1.07018736019828,48.6642119772815,0.212978797170618,0.832233195201826,-0.276697966049478,0.219211042253736,-1.26224465339297,0.206860765436361,-0.316914543313162,0.218680315421429,-1.44921385677729,0.147277868981897,0.0402165772636838,0.199703122688135,0.201381814777567,0.840400033637822,-0.471544982445054,1.59026609848627,-0.296519546567649,0.766833341792125,-0.0156905490005974,1.57334800778911,-0.00997271355283056,0.992043057720075,-0.455854433444457,2.14037472039656,-0.212978797170618,0.831343500687063
0,"",153257.52924339,0,0.651488005288632,0.650722419348913,0.873555148032681,1.07094214176756e-05,0.00448955561990343,0.000514506261991991,-0.332710160348859,0.196669015181542,51.0981209813111,-1.69172637612356,0.0967888786350474,-0.0451240488296492,0.099897578453259,19051.7792002266,-0.451703129628536,0.651488005288632,-0.549008595444093,1.20466708084419,46.0539268430716,-0.455734703947721,0.650722419348913,-0.179341691534938,1.12111530874355,49.7104606932863,-0.159967213128085,0.873555148032681,-0.28758611151921,0.220848201363657,-1.30218905901642,0.192851764387283,-0.377834209178508,0.220323687743835,-1.71490507011578,0.0863626329486544,0.0902480976592985,0.199795156906518,0.451703129628536,0.651482863338907,-0.369666903909155,1.65064284368192,-0.223953295120207,0.822793645249637,-0.728350286979032,1.64061659900761,-0.443949114875227,0.657079373783423,0.358683383069877,2.2422306174871,0.159967213128085,0.872906901707918
0,"",153335.7901466,0,0.648885860950986,0.460120818322896,0.965800082142692,1.08834383654783e-05,0.0120487894675571,3.81582847550999e-05,-0.323163897342442,0.190824494198299,51.1147429629334,-1.69351371112044,0.0964442347577651,-0.0455763316801005,0.100097862422909,19048.3901935603,-0.455317731836697,0.648885860950986,-0.925475938586395,1.24230120612006,45.5059863437768,-0.744969041346125,0.460120818322896,-0.0521808600276361,1.21076145819404,48.6743177762688,-0.0430975562316532,0.965800082142692,-0.277587565662342,0.215751991622721,-1.28660488171878,0.198232041322543,-0.368740229022543,0.215216675483507,-1.71334413652719,0.0866492470286091,0.091152663360201,0.200195724845818,0.455317731836697,0.648880671330844,-0.87329507855876,1.73599632825848,-0.503051224442874,0.614928258146635,-0.977656798614032,1.73344395323995,-0.563996774621246,0.572756327207951,0.104361720055272,2.42152291638809,0.0430975562316532,0.965623767335755
0,"",153412.363566691,0,0.879912990819475,0.760332191245187,0.811956844210647,1.19824848953993e-06,0.00207741096465508,0.00115208590647396,-0.33394226264214,0.197307732171963,50.9453632391811,-1.69249455642769,0.0966597176136915,-0.0151531372385109,0.100297738735363,19049.1419918529,-0.151081544106319,0.879912990819475,-0.371402537023751,1.2101982981632,45.2429682913716,-0.306893950840497,0.760332191245187,-0.284289225110406,1.18863274494408,49.5952315411028,-0.239173307583564,0.811956844210647,-0.318789125403629,0.221599269157507,-1.43858383024288,0.150268470394117,-0.349095399880651,0.22107401260528,-1.57908835944435,0.114315791316767,0.0303062744770217,0.200595477470727,0.151081544106319,0.87991139104689,-0.0871133119133448,1.69916806459302,-0.0512682139740015,0.959111796356248,-0.655691762134158,1.69342355443878,-0.387198914539406,0.698608953666053,0.568578450220813,2.37726548988817,0.239173307583563,0.810971199545241
0,"",153213.912702805,0,0.989179525930586,0.785306227937,0.537167932106303,9.65490515395455e-09,0.00164368628848599,0.00759774175990633,-0.349478967909572,0.207604296053625,50.672108099196,-1.68338986501176,0.0984516290052362,-0.00135309893811335,0.0997709972123454,19050.3283002038,-0.013562046846475,0.989179525930586,0.313350303966935,1.14352898958136,45.6071064666494,0.274020428709595,0.785306227937,-0.739317392627542,1.18985597732311,50.4285253735141,-0.621350320305847,0.537167932106303,-0.348125868971459,0.230584959425005,-1.50975098219571,0.131106976977324,-0.350832066847686,0.230082958378717,-1.52480683193501,0.127307285369951,0.00270619787622671,0.199541994424691,0.013562046846475,0.989179383913719,1.05266769659448,1.65473360202208,0.636155387977933,0.524675147363039,-0.425967088660608,1.64580931456474,-0.258819223400289,0.795774725004053,1.47863478525509,2.37971195464622,0.621350320305847,0.534369151668899
0,"",153147.65817469,0,0.491897221637306,0.451871848965727,0.506462751737169,2.48021671408886e-05,0.012233092527616,0.00864098240405036,-0.296056529877144,0.204649360268658,50.2044274906283,-1.44665260369487,0.154209301504063,-0.0684496203689603,0.0995909418420471,19045.9222487739,-0.687307691873449,0.491897221637306,0.927139350790017,1.222035652129,46.4772568486852,0.758684371585052,0.451871848965727,-0.807985108377216,1.2076673069851,51.3546690208404,-0.669046105416504,0.506462751737169,-0.227606909508184,0.227847045600634,-0.998946064488933,0.317820819717539,-0.364506150246105,0.227343696903557,-1.60332639616014,0.108862611725001,0.136899240737921,0.199181883684094,0.687307691873449,0.491888852709483,1.73512445916724,1.71961799392205,1.00901738950162,0.312966294496157,0.119154242412801,1.71655960393151,0.0694145674521859,0.944659633738606,1.61597021675444,2.4153346139702,0.669046105416504,0.503466067715518
0,"",153246.252541628,0,0.579436230277247,0.465380549671347,0.838803882698565,1.61274376769892e-05,0.0114284183575004,0.000822774693641713,-0.238821103972299,0.189142816225207,50.2876488763082,-1.26264961439478,0.21253896707186,-0.0553436452873038,0.0998589983317405,19045.3402180909,-0.554217909371043,0.579436230277247,0.93655548528057,1.27244087118089,46.86124196482,0.736030652969673,0.465380549671347,-0.251920007987312,1.23206483523406,50.771477139481,-0.204469765537504,0.838803882698565,-0.183477458684995,0.214152594641603,-0.856760381502993,0.391577325306425,-0.294164749259603,0.213617216448279,-1.37706479913254,0.168492214622759,0.110687290574608,0.199717996663481,0.554217909371043,0.579429723024263,1.18847549326788,1.77108897659912,0.671042228239723,0.502193628534025,0.684635477293259,1.77127719307649,0.386520799776195,0.699111001246724,0.503840015974626,2.46412967046813,0.204469765537504,0.837986416487185
0,"",153319.112671304,0,0.7449650599263,0.553656714559873,0.83660838666146,5.55511585371236e-06,0.00751066253667873,0.000827840519026582,-0.228756095342925,0.180258497371758,50.553018404995,-1.26904472564834,0.210237043709727,0.0325491139435229,0.100061788604155,19047.8641383179,0.325290147193823,0.7449650599263,0.762879702198655,1.27878030305397,47.0292273713549,0.596568230193061,0.553656714559873,0.252029107316717,1.21592736367259,51.8537038944789,0.207273160261389,0.83660838666146,-0.261305209286448,0.206446826681202,-1.26572645115035,0.205611034885941,-0.196206981399403,0.205889976880943,-0.952970049206719,0.340605246080357,-0.0650982278870458,0.200123577208311,-0.325290147193823,0.744961487145205,0.510850594881938,1.7648760386775,0.289454094047728,0.772233904603541,1.01490880951537,1.76429289022974,0.575249617076455,0.565122490606855,-0.504058214633435,2.43185472734519,-0.207273160261389,0.835796533989508
0,"",153272.530035497,0,0.544136517683052,0.532148629002229,0.926125392325934,1.93178835221389e-05,0.0084786386217435,0.000167081954763759,-0.172952467323564,0.181705560027963,50.4300667732122,-0.951828151526838,0.345724013091966,0.060618112984479,0.0999341463680673,19046.2323725313,0.606580585190737,0.544136517683052,0.840959666374669,1.33603114431111,46.3332878927487,0.629446154721406,0.532148629002229,0.110300865711713,1.18384225611575,51.9479065280051,0.0931719282209236,0.926125392325934,-0.233570580308043,0.207649206477968,-1.124832520527,0.260660010937541,-0.112334354339085,0.207097308915036,-0.542423051886067,0.587527102994711,-0.121236225968958,0.199868292736135,-0.606580585190737,0.544129287896508,0.730658800662957,1.78500513164405,0.409331484660773,0.68229641305618,0.951260532086383,1.78512747216365,0.53288101097532,0.594115950786558,-0.220601731423426,2.3676845122315,-0.0931719282209235,0.925766975392387
0,"",153197.188200224,0,0.909595676108534,0.532512775753109,0.911482506376943,6.77061636331961e-07,0.00825797753150598,0.000239747013921704,-0.196081323992631,0.181589705355553,50.5894204596525,-1.07980418608369,0.285350626233382,0.0113241195373373,0.0997279943212326,19043.475874939,0.11355005797932,0.909595676108534,0.865318755769027,1.37620762017082,47.4798498217863,0.628770501693357,0.532512775753109,-0.136669172406574,1.22341973629835,52.0394651827557,-0.111710779507357,0.911482506376943,-0.207405443529968,0.207446707320272,-0.999801087272792,0.317406779550231,-0.184757204455294,0.206898166997397,-0.892986183186526,0.371864571900735,-0.0226482390746745,0.199455988642465,-0.11355005797932,0.909594479141044,1.0019879281756,1.83954861381169,0.544692279754109,0.58596517546338,0.728649583362454,1.843222023356,0.395312975935359,0.692611924257028,0.273338344813148,2.4468394725967,0.111710779507357,0.911052732022309
0,"",153150.660162514,0,0.93772873482773,0.458755373723428,0.941603021556674,3.20551972795413e-07,0.0114292377997981,0.000104581929998686,-0.240855753348126,0.18652426366798,50.5467208140556,-1.29128376443752,0.202479447712884,0.00778089473386561,0.0995943196540887,19041.0699320407,0.0781258887142383,0.93772873482773,1.06385709385784,1.42438643221779,48.2504562201699,0.746887972108384,0.458755373723428,0.09026969178874,1.22629912615351,51.8070672217778,0.0736114785239108,0.941603021556674,-0.248636648081992,0.211715876516528,-1.17438829894546,0.240239529903914,-0.23307485861426,0.211180128135495,-1.10367798652304,0.269732848100409,-0.0155617894677312,0.199188639308177,-0.0781258887142383,0.93772791391278,0.9735874020691,1.87689707323682,0.518721786054092,0.603954766973004,1.15412678564658,1.88218752696352,0.613183739193352,0.539754855407686,-0.18053938357748,2.45259825230703,-0.0736114785239108,0.941319537379665
0,"",153192.069760871,0,0.510092509151411,0.342342438432493,0.811809633451923,2.27888329601445e-05,0.018885045574035,0.00116855293997012,-0.295861912622402,0.193203318967712,50.2013022599581,-1.53135005238625,0.131960839579342,0.0656680719966609,0.0996925281607379,19039.3154621321,0.658706055591066,0.510092509151411,1.38244524549334,1.44141800775212,47.7878893839055,0.95908698105503,0.342342438432493,0.295166249048229,1.23304342320142,48.9801899743264,0.239380254980697,0.811809633451923,-0.361529984619063,0.217668793205617,-1.66091785273762,0.0967299462079961,-0.230193840625741,0.217146360151047,-1.06008611180781,0.289105425473216,-0.131336143993322,0.199385056321476,-0.658706055591066,0.510084543626636,1.08727899644511,1.89389186009363,0.574097718753256,0.565901676988078,1.67761149454157,1.8998256592161,0.88303444392565,0.377217661836828,-0.590332498096458,2.46608684640285,-0.239380254980697,0.810810739239218
0,"",153266.954017138,0,0.285823785804024,0.494664446609278,0.555734950444168,5.98247197327039e-05,0.00994751882339337,0.00746469775847954,-0.300399618110937,0.185534903489267,50.3474867490806,-1.61910030113721,0.111673733177932,0.106632299246033,0.0999030407889281,19042.0402140135,1.06735789425392,0.285823785804024,0.97288037666461,1.41354466996423,47.1458271262138,0.688255841740911,0.494664446609278,0.720584763953892,1.21422730755419,46.8278149277425,0.593451291591653,0.555734950444168,-0.40703191735697,0.210992608302408,-1.92912880044398,0.0537148743918766,-0.193767318864903,0.21045131309887,-0.920722783867218,0.357195177767504,-0.213264598492067,0.199806081577856,-1.06735789425392,0.285810254263702,0.252295612710719,1.86136590584249,0.135543265254193,0.892182359133191,1.6934651406185,1.86553744035235,0.907762612525567,0.364003655455429,-1.44116952790779,2.42845461510839,-0.593451291591653,0.552879171290852
0,"",153401.195353957,0,0.127450673827523,0.50523625688902,0.544236780138698,0.000121996866295459,0.00964215744353521,0.00854594366539332,-0.247153533850468,0.180012668881642,50.7330107721919,-1.37297855415371,0.175797488820762,0.152827370045929,0.100260764139719,19043.1416362586,1.52429887560957,0.127450673827523,0.972455979580652,1.44817937794563,46.3140874104598,0.67150243567214,0.50523625688902,0.729370848510677,1.19327469074074,43.3439525700663,0.611234658851191,0.544236780138698,-0.399980903896398,0.206328698812743,-1.93856165525188,0.0525547364542795,-0.0943261638045393,0.205771794990918,-0.45840181259391,0.646663789674213,-0.305654740091858,0.200521528279437,-1.52429887560957,0.127434067921945,0.243085131069975,1.87458868110912,0.129673849799494,0.896824472685425,1.70182682809133,1.87834322561037,0.906025482929682,0.364922364608795,-1.45874169702136,2.38654938148149,-0.611234658851191,0.541044241410988
0,"",153494.923788897,0,0.159370850745767,0.631042340061137,0.677105988719303,0.000103974086559626,0.00505344410548628,0.0041086386249735,-0.211491291153276,0.181866866070718,50.8282318360262,-1.16289072178238,0.25030454097228,0.141446087877157,0.100512713053888,19044.5018698382,1.40724574613087,0.159370850745767,0.662390341039832,1.37002709302576,46.0237452512514,0.483487037892745,0.631042340061137,0.511415321698036,1.21969988980806,42.6143159625489,0.41929603009025,0.677105988719303,-0.352937379030434,0.208071831727977,-1.69622853847823,0.0898426078177272,-0.0700452032761189,0.207515873515835,-0.337541423166233,0.735708791209088,-0.282892175754315,0.201025426107777,-1.40724574613087,0.15935453092586,0.150975019341796,1.83303060626171,0.0823636107471738,0.934357572116436,1.17380566273787,1.83556065281229,0.639480728103137,0.522510246870254,-1.02283064339607,2.43939977961613,-0.41929603009025,0.67499979754898
0,"",153492.396049647,0,0.137890477557904,0.993647927169454,0.714596163989694,0.000115578245138017,1.37133882783143e-06,0.00314253880565141,-0.258045550539911,0.182588786582505,51.300628506835,-1.41326066824651,0.163618287176085,0.14913303555778,0.100510553114357,19045.7507230928,1.48375499822493,0.137890477557904,0.0104029412181125,1.29972670551275,46.7156973058847,0.00800394511706868,0.993647927169454,0.459033369107115,1.24699291271664,42.9846068586538,0.368112251822735,0.714596163989694,-0.407178586097691,0.20870251307557,-1.95099991896242,0.0510570554251537,-0.108912514982131,0.208147384278526,-0.523247098970953,0.600802309311374,-0.29826607111556,0.201021106228714,-1.48375499822493,0.137873929731978,-0.448630427889003,1.80054077651408,-0.249164269835404,0.803233716498003,0.469436310325228,1.80183644620903,0.260532142810685,0.794453324746537,-0.918066738214231,2.49398582543329,-0.368112251822735,0.712789535714982
0,"",153509.867302999,0,0.193700584857707,0.999065241292184,0.716505945351919,8.86944284842782e-05,3.05871603735017e-08,0.00306877653472704,-0.29287736525713,0.188523295631214,51.2647747113796,-1.55353408328937,0.126447984843392,0.130689993150781,0.1005496913114,19045.3222889219,1.29975528961136,0.193700584857707,0.00149808688128628,1.27169963407354,45.3696820508255,0.00117801943253501,0.999065241292184,0.467347612123524,1.27861681027095,43.4009433895677,0.365510298605013,0.716505945351919,-0.423567358407911,0.21393275546856,-1.97990886192348,0.0477137704540284,-0.162187372106348,0.213390072343053,-0.760051160419545,0.447224004594386,-0.261379986301563,0.201099382622801,-1.29975528961136,0.193684853862045,-0.465849525242239,1.80259213823315,-0.258433128249883,0.796072652076993,0.468845699004811,1.80411291132249,0.259876028857378,0.794959402353341,-0.93469522424705,2.5572336205419,-0.365510298605013,0.71473052066025
0,"",153535.322184764,0,0.379795984407325,0.999466071447405,0.761234931924995,4.05060496396177e-05,1.00619927325485e-08,0.0021107237436527,-0.302868254177071,0.194900695836616,50.9246009099149,-1.55396189262948,0.126386887053633,0.0883628043245845,0.100607469031167,19043.2492160722,0.878292687168296,0.379795984407325,-0.000863741342562835,1.28359531147054,45.0015183287759,-0.000672907835393459,0.999466071447405,0.393612359049034,1.28739071735502,44.1944431402062,0.305744288616375,0.761234931924995,-0.391231058501655,0.219600301552207,-1.78155975076676,0.0748210529488842,-0.214505449852486,0.219070754969915,-0.979160590750439,0.327500637417796,-0.176725608649169,0.201214938062333,-0.878292687168296,0.379784903321576,-0.394476100391598,1.81680034293362,-0.217126830653626,0.82810950486388,0.392748617706472,1.81912618568321,0.215899601026834,0.82906600810111,-0.787224718098069,2.57478143471004,-0.305744288616375,0.759799349525229
0,"",153383.283018536,0,0.494427156737084,0.977670242414939,0.921928148147327,2.45176899920106e-05,1.76047520222685e-05,0.00021898830098853,-0.276789621363872,0.192582902059455,50.9209477489226,-1.43724919711938,0.156763930739875,0.0684714655673004,0.100207392524998,19042.743894594,0.683297547635716,0.494427156737084,0.0371096071861045,1.31847269776557,44.9979651070762,0.0281459049163433,0.977670242414939,0.12431801396708,1.26128548332525,44.3532350896977,0.0985645324636013,0.921928148147327,-0.345261086931173,0.217358667432385,-1.58843947200116,0.112186997792578,-0.208318155796572,0.216828506097835,-0.960750777402752,0.336677493336588,-0.136942931134601,0.200414785049995,-0.683297547635716,0.494418843498039,-0.0872084067809758,1.82312915664553,-0.0478344644223864,0.961848169347068,0.161427621153185,1.82609493964291,0.0884004536942378,0.929558400713387,-0.248636027934161,2.52257096665049,-0.0985645324636013,0.921484031843957
0,"",153223.592494108,0,0.637104687285022,0.709265667678253,0.978399246294633,1.16863565078573e-05,0.00308014336015236,1.72068809895792e-05,-0.247139320177586,0.193727577329005,50.7839338998323,-1.27570541884119,0.207864113785571,0.0470762058669283,0.0997888130826666,19043.8602768111,0.471758350587152,0.637104687285022,-0.531295826888801,1.41609906856975,45.5590700868428,-0.375182668134517,0.709265667678253,-0.0302236234863751,1.10979811553489,43.1018058943797,-0.0272334427886538,0.978399246294633,-0.294215526044514,0.218180405815262,-1.34849655698978,0.17749872681236,-0.200063114310658,0.217654941103374,-0.919175614835406,0.358003723689329,-0.0941524117338567,0.199577626165333,-0.471758350587152,0.637099282448389,-0.501072203402427,1.79992268667399,-0.278385403502158,0.780716523152786,-0.561519450375177,1.79840350880832,-0.312232181279082,0.75486407663148,0.0604472469727503,2.21959623106978,0.0272334427886538,0.978273542103546
0,"",153243.333786736,0,0.845565427913286,0.443106333775945,0.865654753789434,1.99202830513136e-06,0.0125467525783772,0.000639790547731294,-0.219193401708355,0.19512859453323,50.8631508485362,-1.12332793782834,0.266572481110321,0.0194482348596909,0.09984598778983,19045.9559241579,0.19478233717942,0.845565427913286,-1.07045661622938,1.38395426868617,47.0847068729132,-0.773476870189932,0.443106333775945,0.181499835303379,1.06673367779788,45.2193891995014,0.170145406563014,0.865654753789434,-0.238641636568046,0.219452669563652,-1.08744011655246,0.276842350079403,-0.199745166848664,0.218927625451581,-0.912379908367668,0.361568762332887,-0.0388964697193819,0.19969197557966,-0.19478233717942,0.845563350333775,-1.25195645153276,1.75027477859531,-0.715291374156417,0.47442901748024,-0.888956780925997,1.74443071336722,-0.509597070330222,0.610333776775375,-0.362999670606759,2.13346735559576,-0.170145406563014,0.864895784812812
0,"",153199.195503477,0,0.93248789226825,0.55056456639258,0.919570544084633,3.7672976007037e-07,0.00774240383178319,0.000224299300039039,-0.248465578375691,0.201086407967918,50.9883450523198,-1.23561597666677,0.222264110868326,-0.00844958341273719,0.0997398561116483,19050.3530158879,-0.0847162181914396,0.93248789226825,-0.738031200280788,1.22737405160945,46.3387358435346,-0.601309111360965,0.55056456639258,0.11037937243958,1.08714706289449,45.9487716841626,0.101531224437749,0.919570544084633,-0.240015994962954,0.224720485785313,-1.06806459644384,0.285491374426784,-0.256915161788429,0.224205860765587,-1.14588958964387,0.25184083924491,0.0168991668254744,0.199479712223297,0.0847162181914396,0.932487002067331,-0.84841057272037,1.64517980497224,-0.515694740572557,0.606067628555862,-0.627651827841209,1.63403029566779,-0.384112723922724,0.700894901223382,-0.220758744879161,2.17429412578899,-0.101531224437749,0.919128772104945
0,"",153067.369944288,0,0.846944333636062,0.763874971180305,0.797348254126618,1.95602388058444e-06,0.00198431278123466,0.00139914492026256,-0.264434948311893,0.202541893175203,51.1006114907979,-1.3055814980615,0.197542486673876,-0.01918393517016,0.0993876518184694,19047.3926380995,-0.193021314209125,0.846944333636062,-0.383745110883744,1.26989938572814,45.9276603939048,-0.302185444923033,0.763874971180305,-0.283944884154383,1.09961095250248,47.5903848122473,-0.258223041074832,0.797348254126618,-0.245251013141733,0.225866115392034,-1.08582472725514,0.277556544279597,-0.283618883482053,0.225359147956504,-1.25851950565945,0.208203937469528,0.0383678703403199,0.198775303636939,0.193021314209125,0.846942275647094,-0.0998002267293614,1.68349245004372,-0.0592816598178206,0.952727768766243,-0.667689995038128,1.67613560433458,-0.398350821563271,0.690371603312043,0.567889768308767,2.19922190500496,0.258223041074832,0.796234776569091
0,"",153177.139926865,0,0.811636379493165,0.831259936522551,0.859286239225533,2.98291425393992e-06,0.00097302069182879,0.000636084433915765,-0.317998405705833,0.206157395739698,51.031661434558,-1.54250302088289,0.129130311483135,-0.0237485997088968,0.0996505367853911,19040.3384964973,-0.238318833746396,0.811636379493165,-0.299263678342347,1.3966597876639,47.139166784762,-0.214270992109614,0.831259936522551,-0.208147600867033,1.16804546943314,49.8921497225845,-0.178201625119995,0.859286239225533,-0.294249805996936,0.229227542206661,-1.28365816412957,0.199261588669547,-0.341747005414729,0.228728958580839,-1.49411341500052,0.135145978245518,0.0474971994177935,0.199301073570782,0.238318833746396,0.811633814897894,-0.0911160774753144,1.81992144732555,-0.050065939719109,0.960069841850363,-0.50741127920938,1.82150033978746,-0.278567765333817,0.780576553330883,0.416295201734066,2.33609093886628,0.178201625119995,0.858564633490548
0,"",153267.425388872,0,0.743908940185509,0.720549825109212,0.951825286492612,5.604778256412e-06,0.00280218804688947,7.24103510501824e-05,-0.342592835745073,0.209344473272898,50.9315924047094,-1.63650289109126,0.107899699604931,0.0326314418675887,0.0998862409298411,19041.4633071776,0.326686053692906,0.743908940185509,-0.471460544975451,1.30989960994386,46.099766200638,-0.359921127845557,0.720549825109212,-0.0757876757901931,1.24828767024633,50.9021016550506,-0.0607133095973282,0.951825286492612,-0.375224277612662,0.232200617937841,-1.61594866088215,0.106105413528667,-0.309961393877485,0.231705874468662,-1.33773644966177,0.18098236458376,-0.0652628837351773,0.199772481859682,-0.326686053692906,0.743905349546773,-0.395672869185259,1.80823454967602,-0.218817226590517,0.82679242716881,-0.547248220765645,1.81063690589754,-0.302240730310516,0.762468556916459,0.151575351580386,2.49657534049267,0.0607133095973282,0.951587531710503
0,"",153272.465144301,0,0.705535066177842,0.787788683601457,0.686763497574238,7.49677195245431e-06,0.00164976467994399,0.00316026530131163,-0.312825300584523,0.197656753514696,51.0868304414361,-1.58266942576927,0.119668718362899,0.03775621182987,0.0999198336849604,19045.6529864868,0.37786503877611,0.705535066177842,-0.329332667316884,1.21607880927781,44.3820240873894,-0.27081523401634,0.787788683601457,-0.517283196796946,1.27560607496949,51.8710910324996,-0.405519546313949,0.686763497574238,-0.350581512414393,0.221736611659369,-1.58107183920063,0.113861612783239,-0.275069088754653,0.221217553094281,-1.24343247137093,0.213708510802732,-0.07551242365974,0.199839667369921,-0.37786503877611,0.705530855263696,0.187950529480062,1.76261256439151,0.106631788106507,0.91508109908894,-0.84661586411383,1.76216741701702,-0.480440085282574,0.63091449682541,1.03456639359389,2.55121214993899,0.405519546313949,0.685095653693059
0,"",153192.173575587,0,0.746717149343564,0.938537143406521,0.529499401661421,5.47655312774678e-06,0.000132343789399832,0.00753453113449399,-0.257255811944948,0.188894127948285,51.0949120624231,-1.36190475976775,0.179202549906577,0.0322066241390476,0.0997183958633348,19047.1569011148,0.322975754475505,0.746717149343564,0.0937908975793501,1.20963199686443,45.4206982410504,0.0775367201119614,0.938537143406521,-0.815465570203654,1.28835603212276,52.7714031380532,-0.632950480978502,0.529499401661421,-0.289462436083995,0.213866842238901,-1.35347037929634,0.175905406711973,-0.2250491878059,0.213331839828377,-1.054925453167,0.291459420164318,-0.0644132482780952,0.19943679172667,-0.322975754475505,0.746713604005087,0.909256467783005,1.76721445913707,0.514513936371364,0.606892719302886,-0.721674672624305,1.76722797683477,-0.40836535075507,0.683005467663653,1.63093114040731,2.57671206424552,0.632950480978502,0.526765980780847
0,"",153292.017326105,0,0.642581846974928,0.858251466184703,0.427620949557342,1.13070205206568e-05,0.000710068104580546,0.012429107291738,-0.213454457622499,0.186719020640442,50.8573107044751,-1.14318539637984,0.258314547988891,-0.0464032523731064,0.0999855936643868,19048.8557018252,-0.464099383445821,0.642581846974928,0.218179815057407,1.21468598518202,45.4038420154245,0.179618286305256,0.858251466184703,-1.00677433979222,1.25897679622522,50.8109328574573,-0.799676644407447,0.427620949557342,-0.167051205249392,0.212075564659474,-0.787696618974576,0.430874183712473,-0.259857709995605,0.211532924371258,-1.22845042098285,0.21927793011505,0.0928065047462127,0.199971187328774,0.464099383445821,0.642576543471915,1.22495415484963,1.75009986561259,0.699933860300514,0.483968610164923,-0.788594524734817,1.74874803572301,-0.450948054622847,0.652026987970594,2.01354867958445,2.51795359245045,0.799676644407447,0.423898168164869
0,"",153380.469387279,0,0.47559618647341,0.908049024523651,0.498601903036284,2.67168614932428e-05,0.00028517337194119,0.00908684308964014,-0.212246786974696,0.18120347736308,50.7878894864312,-1.17131740551211,0.246937308100665,-0.0715011079659281,0.100223372585017,19049.8023983716,-0.713417500546345,0.47559618647341,0.14887155053847,1.2820444004842,47.2698749405003,0.116120432710633,0.908049024523651,-0.818127041621213,1.20031986249576,50.6605704735871,-0.681590855224313,0.498601903036284,-0.140745679008768,0.207351612913982,-0.67877783553656,0.497278639571297,-0.283747894940624,0.206794965759675,-1.37212186910961,0.170025502567618,0.143002215931856,0.200446745170035,0.713417500546345,0.475587446949833,0.966998592159684,1.75697904706842,0.550375710952929,0.582061704681013,-0.669255491082744,1.7555158394022,-0.381230106878811,0.703032510882624,1.63625408324243,2.40063972499152,0.681590855224313,0.495497699015888
0,"",153439.1842588,0,0.989672718398135,0.750867499507737,0.786498695887539,8.79668504203619e-09,0.00211189604511388,0.00148520869048101,-0.206148490764901,0.182061434066505,50.7337079765483,-1.13230180692522,0.262830910591205,-0.00129913703165397,0.100367053870702,19046.2081302414,-0.0129438593796684,0.989672718398135,0.438718436984199,1.37393261121215,48.178160744762,0.319315833545241,0.750867499507737,-0.325755236815245,1.19621120003418,49.85791402301,-0.272322510277397,0.786498695887539,-0.204849353733247,0.208171057900493,-0.984043391042217,0.325094178682467,-0.207447627796555,0.207616553306,-0.99918635818409,0.317704423050053,0.00259827406330794,0.200734107741404,0.0129438593796684,0.989672582826494,0.764473673799445,1.82089465995761,0.419834101670242,0.674606650852861,0.112963200168954,1.82251659740503,0.0619819870665626,0.950577176655552,0.651510473630491,2.39242240006836,0.272322510277397,0.78537404934462
0,"",153456.672097162,0,0.738354857897438,0.692239787591836,0.877759694178573,5.85901497325572e-06,0.00332841722208113,0.000484478758722216,-0.189671816008264,0.191387002159025,50.3172750597088,-0.99103812624989,0.326408960485107,0.0335385706503197,0.100403576832606,19044.2370231439,0.334037608104694,0.738354857897438,0.547183645748421,1.37401276939881,47.4896528554677,0.398237671392122,0.692239787591836,-0.182957595580904,1.18334789215124,49.3163364783569,-0.154610150399896,0.877759694178573,-0.223210386658584,0.21639203437057,-1.03150925729705,0.302302069322211,-0.156133245357944,0.215856927462071,-0.723318205228226,0.469484410540728,-0.0670771413006394,0.200807153665212,-0.334037608104694,0.738351179824181,0.730141241329326,1.81289830932633,0.402748040291706,0.687133588979687,0.364226050167517,1.81379336438892,0.200809010176431,0.840847917337644,0.365915191161808,2.36669578430249,0.154610150399896,0.877128667365794
0,"",153379.284994413,0,0.681554420549303,0.703362099055652,0.905210665692758,8.84228472999858e-06,0.00316058633185425,0.000293361455518179,-0.228118610012502,0.182305821299947,50.5582155069809,-1.25129635678051,0.216585482820151,0.0411181735217874,0.100202884062536,19043.1527453915,0.410349202086098,0.681554420549303,-0.530929185338165,1.38569546361602,46.3015096800157,-0.383149977234311,0.703362099055652,-0.148740461771846,1.2425933729304,48.8280869261257,-0.119701637729704,0.905210665692758,-0.26923678353429,0.2083043211133,-1.29251655508312,0.196178316518484,-0.187000436490715,0.207753148505922,-0.900108796596093,0.368062355189236,-0.0822363470435748,0.200405768125072,-0.410349202086098,0.681549804043356,-0.38218872356632,1.85904100409756,-0.205583805157567,0.837116028920063,-0.679669647110012,1.86342345207874,-0.364742456338524,0.715303663127744,0.297480923543692,2.4851867458608,0.119701637729704,0.904719502968885
0,"",153399.771683859,0,0.532717941983288,0.422906692257492,0.755164085927936,2.04359311220737e-05,0.013961209561065,0.00195846880920689,-0.298927215409041,0.176369410048262,51.1986850555609,-1.69489264225153,0.0961705870864173,0.0625532023454141,0.100265795208505,19045.4038017593,0.623873796795141,0.532717941983288,-1.09597067016157,1.35543626598583,46.1753945799357,-0.808574108325526,0.422906692257492,-0.394824149167448,1.25920376326894,50.101109660437,-0.313550642623931,0.755164085927936,-0.361480417754455,0.203160259689358,-1.77928704318047,0.0751927140970355,-0.236374013063627,0.202594930494531,-1.16673212151282,0.243318566572652,-0.125106404690828,0.20053159041701,-0.623873796795141,0.532710470007099,-0.701146520994126,1.84803168499926,-0.37940178552426,0.704389524847836,-1.49079481932902,1.85212906364523,-0.80490871213637,0.420872360570114,0.789648298334897,2.51840752653788,0.313550642623931,0.753862351672407
0,"",153435.321488005,0,0.259336993718736,0.35185140162406,0.939221833446291,6.68022091891519e-05,0.0187231740631733,0.000111935411622045,-0.308608346127491,0.178725693247439,51.3216629020243,-1.72671505993396,0.0902342590823889,0.113204504169043,0.100359206598037,19045.5332678472,1.12799321563446,0.259336993718736,-1.26703834756276,1.34723855634509,46.3556397988178,-0.940470669871629,0.35185140162406,0.0953441336346579,1.24446611862632,52.4331178331937,0.0766144872950835,0.939221833446291,-0.421812850296534,0.205255709964263,-2.05506024836033,0.0398731858217069,-0.195403841958448,0.204694360153368,-0.954612729984555,0.339773577153912,-0.226409008338086,0.200718413196073,-1.12799321563446,0.25932278434957,-1.36238248119742,1.83250841538126,-0.74345223725151,0.457207928305409,-1.1716942139281,1.83559478202032,-0.638318557780218,0.523266334091262,-0.190688267269316,2.48893223725264,-0.0766144872950835,0.938930233634655
0,"",153493.655714717,0,0.319661000520694,0.35693311250719,0.582689801700433,5.20106410636176e-05,0.0184833389513086,0.00577523780060543,-0.283040181156165,0.188268409330219,50.9985569510218,-1.50338647977696,0.138907230361214,0.100010213113461,0.100494519611344,19040.9736998756,0.995180767073117,0.319661000520694,-1.27654937017262,1.3717853227724,45.9854219594006,-0.930575177457571,0.35693311250719,0.713396320496181,1.29033798280163,52.6222569855284,0.552875548890866,0.582689801700433,-0.383050394269627,0.213680843474511,-1.79262861396988,0.073032327927456,-0.183029968042704,0.213140287086493,-0.858730043693852,0.390489470998736,-0.200020426226923,0.200989039222687,-0.995180767073117,0.319648354178559,-1.9899456906688,1.88044866735202,-1.05822920094435,0.289950961480357,-0.56315304967644,1.88611955419658,-0.298577599931793,0.765262358888161,-1.42679264099236,2.58067596560325,-0.552875548890866,0.580348631476078
0,"",153497.396747086,0,0.412240015843366,0.284708557479917,0.612052784392495,3.53069180893332e-05,0.0252853881333608,0.00493591113973222,-0.273592292584586,0.188274691642956,51.121295229977,-1.45315490997285,0.152292081380187,0.0824145130947754,0.100508437681762,19042.6421328054,0.819976063658686,0.412240015843366,-1.47121525769342,1.35890407499242,45.1837935423172,-1.08264835227728,0.284708557479917,0.645798700683391,1.26578272253836,52.4758796703519,0.51019712086789,0.612052784392495,-0.356006805679361,0.213693318554197,-1.6659706914939,0.0957192521113497,-0.191177779489811,0.213152003796005,-0.896908197366869,0.369767905560336,-0.164829026189551,0.201016875363523,-0.819976063658686,0.412229752760668,-2.11701395837681,1.85496969030613,-1.14126606458321,0.253759219499235,-0.825416557010028,1.85923097528543,-0.443955897885849,0.657074469628539,-1.29159740136678,2.53156544507672,-0.51019712086789,0.609913369059149
0,"",153578.833449434,0,0.218022788933866,0.281620364613301,0.935121684276136,7.96641639731343e-05,0.0258089064839531,0.000126742464673246,-0.304358222908131,0.182374815553631,51.2105665027753,-1.66886103206848,0.101248270151106,0.124093291301332,0.100737877495413,19046.4224376642,1.23184341765571,0.218022788933866,-1.49744570316952,1.37404313216485,44.8307482185027,-1.08980982337159,0.281620364613301,0.0961121429937391,1.17508285402693,52.77671409656,0.0817918010328968,0.935121684276136,-0.428451514209463,0.208626360378034,-2.05367870787326,0.0400067986635008,-0.180264931606799,0.208068326221024,-0.866373728672713,0.386285246049661,-0.248186582602664,0.201475754990826,-1.23184341765571,0.218007581100635,-1.59355784616326,1.80795468154212,-0.88141470714521,0.378093400271768,-1.40133356017578,1.80801779726994,-0.775066242318941,0.438300517824104,-0.192224285987479,2.35016570805386,-0.0817918010328968,0.934812276057236
0,"",153576.186807399,0,0.109913988894023,0.4768053844395,0.94532095314155,0.000134178273742371,0.0111990123176895,9.13338104795023e-05,-0.291939398663308,0.192122922184664,50.9355688525952,-1.51954485879984,0.13480891887492,0.16101528100258,0.10071925117745,19044.4631674028,1.59865446893463,0.109913988894023,-1.00030891035509,1.39437270365832,45.4401440126409,-0.717389911413675,0.4768053844395,0.07934802724172,1.15137553725087,51.9956518371458,0.0689158529728522,0.94532095314155,-0.452954679665889,0.217191379686635,-2.08550947242664,0.0370230792320893,-0.130924117660728,0.216654273354711,-0.604299724318736,0.545644389598438,-0.322030562005161,0.201438502354901,-1.59865446893463,0.109897399704601,-1.07965693759681,1.80861813720168,-0.596951294134023,0.55053989940014,-0.920960883113368,1.8079773678781,-0.509387395813608,0.610480709361776,-0.15869605448344,2.30275107450175,-0.0689158529728523,0.945056599673295
0,"",153610.557202581,0,0.278176715599591,0.733609495668422,0.896200307376357,6.17502400078762e-05,0.00262329220711946,0.000345773646144476,-0.292384711677122,0.200202371493197,51.0747517674181,-1.46044579540387,0.150292100647573,0.109314962215994,0.100801724848833,19043.9846359437,1.08445527474781,0.278176715599591,-0.460880323987761,1.34577057535944,44.5909608621119,-0.342465745964659,0.733609495668422,-0.158347132302836,1.20754209223995,49.7134342551848,-0.131131770329518,0.896200307376357,-0.401699673893116,0.224407567364632,-1.79004513355117,0.0734466560110065,-0.183069749461128,0.223886574580719,-0.817689715446183,0.413534384492058,-0.218629924431988,0.201603449697666,-1.08445527474781,0.278162987168923,-0.302533191684925,1.8077220531305,-0.167356033058853,0.867089917746828,-0.619227456290597,1.80849486333104,-0.342399344806572,0.732050381500533,0.316694264605672,2.41508418447991,0.131131770329518,0.895671069066504
0,"",153586.93074294,0,0.782915595845468,0.918179879263689,0.652209425105937,3.98612827259536e-06,0.000233793591290683,0.00410170154255601,-0.222814381695926,0.213306892031926,50.9456209128215,-1.04457188219955,0.30115211293891,0.0277538221551704,0.10073053571043,19044.5323838931,0.275525410040052,0.782915595845468,-0.135269656762879,1.3095208055968,45.6290914163629,-0.103297065754699,0.918179879263689,-0.539704655689236,1.19029039798717,49.9180259960858,-0.453422674501866,0.652209425105937,-0.250568203851097,0.23614310379666,-1.06108626431394,0.28865069953909,-0.195060559540756,0.235646719805178,-0.827766920337458,0.407802511974226,-0.0555076443103408,0.20146107142086,-0.275525410040052,0.782912606600652,0.404434998926357,1.77038358077032,0.228444842868675,0.819300431377069,-0.674974312452116,1.76890189682798,-0.381578149507607,0.702774294207803,1.07940931137847,2.38058079597435,0.453422674501866,0.650244412089569
0,"",153659.257414097,0,0.629669215729705,0.909854291311392,0.867281340815144,1.22113535592203e-05,0.0002789518234788,0.00054367021116541,-0.143812868388199,0.218676608356588,50.6161403895527,-0.657650900427764,0.513742300477431,0.048658246108538,0.100908787130633,19040.8275579575,0.482200286933849,0.629669215729705,0.159973277854478,1.40523081877563,46.4460928975885,0.113841281956698,0.909854291311392,-0.19389327905603,1.1545171700532,51.850506536924,-0.167943174935281,0.867281340815144,-0.192471114496737,0.24107978067128,-0.798371037010265,0.424655205613946,-0.0951546222796613,0.240592236110227,-0.395501633045493,0.692472716661341,-0.097316492217076,0.201817574261267,-0.482200286933849,0.629663673037641,0.353866556910509,1.81883599252175,0.194556605634291,0.84574007747773,-0.0339200012015518,1.81851662963977,-0.01865256585983,0.985118268623651,0.38778655811206,2.3090343401064,0.167943174935281,0.866627983791673
0,"",153608.042387756,0,0.227026452468383,0.800618365989212,0.999726109082049,7.66525132322851e-05,0.00139171628850923,2.19567036667286e-09,-0.103763311538733,0.220420999340812,50.3767404163643,-0.470750572082726,0.639850882626764,0.121741018074316,0.100771220634068,19038.8683310592,1.20809311734345,0.227026452468383,0.361921187428391,1.42487204336834,46.293577035318,0.254002588592324,0.800618365989212,0.000388292431582244,1.12594442220674,54.1647573569204,0.000344859323359167,0.999726109082049,-0.225504329613049,0.242605587406647,-0.929510041477598,0.35262482374588,0.0179777065355826,0.242121954138901,0.0742506254730996,0.940810963687548,-0.243482036148632,0.201542441268136,-1.20809311734345,0.227011446843408,0.36153289499681,1.81671824520063,0.1990032829537,0.842260176531575,0.362309479859974,1.81536695499764,0.199579197397281,0.841809698528031,-0.000776584863164489,2.25188884441348,-0.000344859323359167,0.999724842075697
0,"",153571.412691637,0,0.153818520659388,0.919696371065289,0.865069379557998,0.000106804446640964,0.000222753057318636,0.000527482826584357,-0.119822375252827,0.209994713737088,50.5876402110445,-0.570597102757757,0.570798758244623,0.143613450042208,0.100694493678771,19043.3375091043,1.42622942720536,0.153818520659388,-0.136859365181209,1.35010064587086,46.1207464544844,-0.101369750173648,0.919696371065289,0.191185631577203,1.11989069311394,55.2232244439533,0.170718118074182,0.865069379557998,-0.263435825295034,0.233140155291357,-1.12994616892923,0.258498908027619,0.0237910747893806,0.232637034240495,0.10226692782193,0.918544805416391,-0.287226900084415,0.201388987357542,-1.42622942720536,0.153802127994918,-0.328044996758413,1.75625384677152,-0.186786777641199,0.851827814376185,0.0543262663959939,1.75197781455945,0.0310085355787766,0.975262732539924,-0.382371263154406,2.23978138622789,-0.170718118074182,0.864445415806708
0,"",153535.107287877,0,0.0769521376446559,0.823407540329533,0.815170221376803,0.000164245809239168,0.00109042117748603,0.00103931434169228,-0.15627482939898,0.204605307632579,50.5988004663157,-0.76378678152187,0.448541298829346,0.177946300554125,0.100605862634067,19044.3307121022,1.76874682941061,0.0769521376446559,-0.297462201173667,1.32536615834794,46.1449011995726,-0.224437752012961,0.823407540329533,0.266762582111233,1.13551477762979,53.0475975995369,0.234926561385716,0.815170221376803,-0.334221129953105,0.228258042505155,-1.46422498977471,0.143132484391781,0.0216714711551457,0.227745491826401,0.0951565318872034,0.924190495786731,-0.355892601108251,0.201211725268134,-1.76874682941061,0.0769361335122055,-0.564224783284901,1.7473089902958,-0.322910708076528,0.746762866514201,-0.0306996190624336,1.74324118246751,-0.0176106550092966,0.985949456527491,-0.533525164222467,2.27102955525959,-0.234926561385716,0.814265733413686
0,"",153456.200980437,0,0.0187143149979196,0.943363629645068,0.865095465950509,0.000290246558454448,0.00011036577815128,0.000562944770967211,-0.191758151379551,0.201569303428075,50.6064554912262,-0.951326159878182,0.345960469858293,0.236063822927665,0.100393957253081,19043.6668734537,2.35137481763546,0.0187143149979196,-0.0959838723273709,1.34374588607495,46.2253145337849,-0.0714300771611942,0.943363629645068,0.202795527462725,1.18775799787416,51.7547811282434,0.170738086231107,0.865095465950509,-0.427821974307216,0.225444155908177,-1.89768491706419,0.0577376006294216,0.0443056715481147,0.22492930898768,0.196975982131975,0.843846333039641,-0.47212764585533,0.200787914506162,-2.35137481763546,0.0187041820780291,-0.298779399790096,1.79339162486081,-0.166600197998184,0.867684637895979,0.106811655135354,1.79348560507016,0.0595553456539596,0.952509784207214,-0.40559105492545,2.37551599574832,-0.170738086231107,0.864429714036534
0,"",153656.834504171,0,0.0105999433979758,0.979440340536352,0.904961644626937,0.000342898580873536,1.4756827060669e-05,0.000296362733570227,-0.292710352137134,0.203424086055315,50.7125013221264,-1.43891688449095,0.156317902581897,0.257944784611135,0.100922473421284,19044.2160127808,2.55587061896894,0.0105999433979758,-0.0341587931651515,1.31822948339248,45.5012784346029,-0.0259126302328207,0.979440340536352,0.146870418178388,1.22370922230074,48.5914520312306,0.120020684245766,0.904961644626937,-0.550655136748269,0.227340887917326,-2.42215618049542,0.0154287179899424,-0.0347655675259988,0.226824887388448,-0.153270515975,0.878184950766078,-0.51588956922227,0.201844946842569,-2.55587061896894,0.0105922494724898,-0.18102921134354,1.79844554377567,-0.100658711613522,0.91982138820111,0.112711625013237,1.79888301157457,0.0626564508575685,0.950040076397462,-0.293740836356777,2.44741844460147,-0.120020684245766,0.904466762738281
0,"",153838.814902654,0,0.0443635286573636,0.977861623339855,0.869082801483416,0.000212256901032215,1.69120337836688e-05,0.000552245907438351,-0.341274698243766,0.20640302942046,50.826895314367,-1.65343841707168,0.104405898888484,0.203903321810869,0.101405450930536,19044.6058878783,2.01077279317602,0.0443635286573636,0.0371404258611436,1.33114395741001,46.0299524015444,0.0279011339490337,0.977861623339855,0.196404271791392,1.18545789545721,49.6772083315238,0.16567798193764,0.869082801483416,-0.545178020054635,0.23022553591998,-2.36801716141568,0.0178837063409424,-0.137371376432898,0.229710153617762,-0.598020480459405,0.54982626761761,-0.407806643621737,0.202810901861072,-2.01077279317602,0.0443494611217405,-0.159263845930249,1.78334120347332,-0.0893064353697764,0.928838379822805,0.233544697652536,1.7816294414093,0.13108488904842,0.895708154802541,-0.392808543582785,2.37091579091442,-0.16567798193764,0.868410374430881
0,"",153914.38315685,0,0.216002296688304,0.935226349929719,0.866451152445673,8.03790913401485e-05,0.000143965346552797,0.000560842343350519,-0.298567406952759,0.202903006024777,50.9521984537784,-1.47147848029565,0.147311496367197,0.125717507416197,0.101608829546993,19043.6689939923,1.23726951660292,0.216002296688304,0.111030722340112,1.3587834495773,46.3730156231412,0.0817133314176387,0.935226349929719,0.198550891894864,1.17472227559697,50.9083289865589,0.169019432098505,0.866451152445673,-0.424284914368956,0.227184654659891,-1.8675773458561,0.0618210065462444,-0.172849899536562,0.226660761665241,-0.762592952863395,0.445706188660526,-0.251435014832393,0.203217659093987,-1.23726951660292,0.215987040893567,-0.0875201695547515,1.79694563927482,-0.0487049622658989,0.961154421254816,0.309581614234977,1.7954153126085,0.172428970645904,0.863100297977409,-0.397101783789728,2.34944455119395,-0.169019432098505,0.865781356692418
0,"",153861.867382336,0,0.291133057739111,0.981097709567998,0.899776459350575,5.85123927781247e-05,1.2081019149106e-05,0.000318495455532114,-0.308669849373509,0.198862255075414,51.0351781687652,-1.55217916671242,0.12679921562938,0.107123986384368,0.101475018387448,19045.0406172617,1.05566855849537,0.291133057739111,-0.0323868224798796,1.35969112723364,46.9620811963078,-0.0238192497039914,0.981097709567998,-0.145800416506327,1.15183143254184,50.2919059416941,-0.126581383687869,0.899776459350575,-0.415793835757877,0.223521758934646,-1.86019400410788,0.0628580830594805,-0.20154586298914,0.222990526667807,-0.903831503521164,0.366084754106885,-0.214247972768737,0.202950036774897,-1.05566855849537,0.291119666594452,0.113413594026448,1.78336813746485,0.0635951667206923,0.94929258035181,-0.178187238986207,1.78060363562858,-0.100071254163931,0.920287756603747,0.291600833012655,2.30366286508369,0.126581383687869,0.899271732068584
0,"",153707.846508317,0,0.340601822356246,0.879224928638922,0.65321370858251,4.76766996056597e-05,0.000489596981944245,0.00400786433425107,-0.363230587293532,0.192142213381484,51.2364061892597,-1.8904257471645,0.0643630874818109,0.0963280690836456,0.101078699967765,19048.444828658,0.953000672885245,0.340601822356246,-0.200797261308902,1.31437766211743,47.6457116027967,-0.152769837084284,0.879224928638922,-0.515389110986563,1.14030939989308,50.7654178905845,-0.451973044364002,0.65321370858251,-0.459558656377178,0.217378217678011,-2.11409708519137,0.0345069761013486,-0.266902518209887,0.21683583186307,-1.23089673840638,0.218361487640305,-0.192656138167291,0.20215739993553,-0.953000672885245,0.340589729772108,0.314591849677661,1.74250899680914,0.180539584159243,0.856728981248967,-0.716186372295466,1.73765667735453,-0.412156429764832,0.680224770073353,1.03077822197313,2.28061879978616,0.451973044364002,0.651288401502285
0,"",153710.146917787,0,0.410382931350938,0.918069767894309,0.562996229613463,3.55741033542407e-05,0.000226298874083571,0.00662062325738528,-0.357981535981694,0.190411404554184,51.5197325648841,-1.8800425154147,0.0657619597372695,0.0832209122721431,0.101089728209589,19050.2848682745,0.82323806529187,0.410382931350938,-0.130943846761293,1.26617403621451,47.2500963076458,-0.103416941918014,0.918069767894309,-0.680484661504295,1.16879246269085,50.8602090002106,-0.58221171270873,0.562996229613463,-0.441202448253837,0.215855142199383,-2.04397469413216,0.0409560471789489,-0.274760623709551,0.215308685040004,-1.27612420120675,0.201911617779242,-0.166441824544286,0.202179456419178,-0.82323806529187,0.410372626217444,0.549540814743003,1.72575635787621,0.318434761798758,0.750155173392609,-0.811428508265589,1.72055514730078,-0.471608544218164,0.63720622690431,1.36096932300859,2.3375849253817,0.582211712708731,0.560424084906209
0,"",153727.352453373,0,0.354151696192371,0.933176020797745,0.621443923122371,4.50751330611493e-05,0.000151142905102146,0.00489513237881702,-0.297525388669386,0.194678113580461,51.1933992026821,-1.52829397818475,0.132595327694636,0.0937024669788213,0.101126243154388,19046.610884472,0.926589024332358,0.354151696192371,-0.108623726044997,1.28854033469587,47.0110493936079,-0.0842998260280577,0.933176020797745,-0.590903939140736,1.18923080836498,50.1886919352012,-0.496879104530721,0.621443923122371,-0.391227855648207,0.219644850050377,-1.78118383180155,0.0748824240791127,-0.203822921690565,0.219107986549743,-0.930239581405178,0.352247052379738,-0.187404933957643,0.202252486308776,-0.926589024332358,0.354139955684413,0.48228021309574,1.75492501474769,0.274815282158981,0.783458156533085,-0.699527665185734,1.75198470655938,-0.399277266842982,0.689688915768052,1.18180787828147,2.37846161672996,0.496879104530721,0.619274307495175
0,"",153650.716144599,0,0.373674062303096,0.863749473788149,0.6533015648814,4.15574419862169e-05,0.000627579203209271,0.00410733972595894,-0.290124310941168,0.197663039165692,51.0999210683635,-1.46777218525902,0.148294745509543,0.0897783632411409,0.10091614624847,19043.8694738424,0.889633290396299,0.373674062303096,-0.225966142909422,1.30966351735896,47.4052130132854,-0.172537556337448,0.863749473788149,-0.541219020006577,1.19760506390453,49.5188738764344,-0.451917778505419,0.6533015648814,-0.379902674182309,0.222197983190895,-1.70974852573674,0.08731238523237,-0.200345947700027,0.22166990665767,-0.903803094975025,0.366099820336839,-0.179556726482282,0.201832292496941,-0.889633290396299,0.373662824688995,0.315252877097155,1.77532111867808,0.177575129243039,0.859056658076844,-0.767185162916,1.77403149948283,-0.43245295426809,0.665412238028759,1.08243804001316,2.39521012780907,0.451917778505419,0.651328216220654
0,"",153631.823198163,0,0.46193694235502,0.716697438868031,0.768723317903687,2.84159077496559e-05,0.00281971301370168,0.00182851016002285,-0.240500422339339,0.190901430938868,51.0967927146177,-1.25981466538275,0.213460100141521,0.074211646766649,0.10087544535187,19045.8049377877,0.73567602609125,0.46193694235502,-0.469288652120621,1.28550001721515,47.1307887044399,-0.365063123948661,0.716697438868031,-0.357268955159062,1.20811588809392,47.7398611456993,-0.295724076373778,0.768723317903687,-0.314712069105988,0.2161856144009,-1.45574935676514,0.145461920216914,-0.16628877557269,0.215643696279295,-0.771127459053187,0.440631386165441,-0.148423293533298,0.201750890703741,-0.73567602609125,0.461927882880481,-0.11201969696156,1.76494383192093,-0.0634692702031426,0.94939282871668,-0.826557607279684,1.7632588740212,-0.468767019668914,0.639236176232818,0.714537910318124,2.41623177618784,0.295724076373778,0.767440808844118
0,"",153699.746978059,0,0.667730359409562,0.65027238311287,0.75579444230818,9.67355018760908e-06,0.00441315145917556,0.0020481159008148,-0.199795632291219,0.188175045557171,51.0922636987769,-1.06175413269937,0.29334044673356,0.0433834211685508,0.101062847866089,19049.0990229223,0.429271706513109,0.667730359409562,-0.57677273484077,1.26400246272985,46.9725267785595,-0.456306654336038,0.65027238311287,-0.372750369236452,1.19164509602582,47.6757328602519,-0.312803174770397,0.75579444230818,-0.243179053459769,0.213871744736898,-1.13703216738109,0.25552483862569,-0.156412211122668,0.21332128534605,-0.733223648399343,0.463422034086824,-0.0867668423371016,0.202125695732178,-0.429271706513109,0.667725504599894,-0.204022365604318,1.73908512469262,-0.11731591668946,0.906609712432044,-0.949523104077223,1.73523008572693,-0.547202997393539,0.584239277151651,0.745500738472904,2.38329019205165,0.312803174770397,0.754430203227174
0,"",153668.511891463,0,0.539900912711036,0.714346222490737,0.694895672296225,1.9723850133557e-05,0.00279392005392492,0.00316606177442483,-0.202087331367292,0.192436383168672,50.8373760431127,-1.05015136971349,0.298615180524514,0.0618948004300518,0.100974609237573,19049.5057238001,0.612973904008143,0.539900912711036,-0.476746527226464,1.29487918093482,48.3824127945218,-0.368178386250896,0.714346222490737,-0.456718426594078,1.15760343699752,49.0095690631383,-0.394537897864807,0.694895672296225,-0.263982131797343,0.21758936624756,-1.21321246690429,0.225048598889298,-0.14019253093724,0.217048690969161,-0.64590360029934,0.518341787842776,-0.123789600860104,0.201949218475146,-0.612973904008143,0.539893594927333,-0.0200281006323856,1.73908805649115,-0.0115164384906392,0.990811414644493,-0.933464953820543,1.73467240506779,-0.538121752034249,0.590492996196172,0.913436853188157,2.31520687399505,0.394537897864807,0.693183953055075
0,"",153677.403993804,0,0.666065474989571,0.725137703305825,0.640063716710335,9.77816393221894e-06,0.0025365349827776,0.00440783025484228,-0.132807760503732,0.196004828957392,50.7179489163101,-0.677573921061921,0.501121268751328,0.0435815546330235,0.100985876779259,19046.8251497937,0.431560887749548,0.666065474989571,-0.485965713839296,1.37427180736834,49.1724815546161,-0.353616883671577,0.725137703305825,-0.540153169586029,1.14810828001613,49.9947925175668,-0.470472323027266,0.640063716710335,-0.176389315136755,0.220756350763892,-0.799022608076225,0.424277302895111,-0.089226205870708,0.220224236096743,-0.405160700984389,0.685359390007145,-0.0871631092660471,0.201971753558518,-0.431560887749548,0.666060590400847,0.0541874557467334,1.79167389190182,0.0302440393821973,0.975872426233027,-1.02611888342533,1.78982007794512,-0.573308399022659,0.566435899533592,1.08030633917206,2.29621656003227,0.470472323027266,0.638017603536568
0,"",153604.404228985,0,0.531640964849807,0.851907353915624,0.709879992414437,2.05435194138936e-05,0.000723168594517977,0.00280517056477762,-0.0811773123611977,0.192174755037901,50.7342248515272,-0.422414028029789,0.674507729877696,0.063046941883261,0.100792143549532,19045.4360258667,0.625514446493321,0.531640964849807,-0.25659546640577,1.36719298777977,48.6726031295313,-0.187680502093902,0.851907353915624,-0.451305221837809,1.20620494452408,49.7644551079606,-0.374153019258162,0.709879992414437,-0.144224254244459,0.217271024943411,-0.663798839638293,0.506819068463184,-0.0181303704779368,0.216734139143821,-0.083652582604468,0.933332658535974,-0.126093883766522,0.201584287099064,-0.625514446493321,0.531633469868383,0.19470975543204,1.82249181277338,0.106837108439867,0.914918207662127,-0.70790068824358,1.82395659499646,-0.388112683265336,0.697932646329275,0.90261044367562,2.41240988904817,0.374153019258162,0.708290474831359
0,"",153678.403484196,0,0.454458812997953,0.999285421286474,0.598588931015687,2.93818888671448e-05,1.67642931171556e-08,0.00562977482771511,-0.102974489524028,0.203853855015442,50.0250461105268,-0.505138789336248,0.615679670732193,0.0755307271062982,0.100974539615592,19042.8126747819,0.748017543767389,0.454458812997953,0.00122766446131508,1.36371567421673,48.3422044286497,0.00090023491298522,0.999285421286474,-0.64571391877115,1.21870085407431,49.5841818566371,-0.529837914376136,0.598588931015687,-0.178505216630326,0.227748536082092,-0.783782059376151,0.433168002636033,-0.0274437624177296,0.227233597918397,-0.120773348083786,0.903870560699293,-0.151061454212596,0.201949079231184,-0.748017543767389,0.454449575601916,0.646941583232466,1.82802587848027,0.353901764109762,0.723412504924302,-0.644486254309835,1.82981578615394,-0.35221373604196,0.724677976297575,1.2914278375423,2.43740170814863,0.529837914376136,0.596224315324182
0,"",153752.525568892,0,0.137445583977488,0.595667026224504,0.690152105631594,0.000115860628701216,0.00581857845565805,0.00329702217069332,-0.154559878437535,0.215638897330807,49.9276789178085,-0.716753240489948,0.476866042589248,0.150267261921057,0.101160545420368,19042.3358364559,1.48543348888274,0.137445583977488,-0.719388211750798,1.34679671025172,48.7496260606384,-0.534147586101799,0.595667026224504,-0.489441364462614,1.22044815853193,48.6190597924985,-0.401034129177073,0.690152105631594,-0.304827140358592,0.238435434028773,-1.27844731467978,0.201091750137411,-0.00429261651647772,0.237940588767649,-0.018040707298869,0.985606378959568,-0.300534523842114,0.202321090840735,-1.48543348888274,0.137429029968893,-0.229946847288184,1.81697181332578,-0.126554988691481,0.899292624215775,-1.20882957621341,1.81805489532008,-0.664902682160537,0.506112740104957,0.978882728925229,2.44089631706386,0.401034129177073,0.688394996633731
0,"",153825.810271711,0,0.275590417560884,0.488847265866094,0.639497319099963,6.24279421051887e-05,0.00981995868857282,0.00460312259099686,-0.125018344093879,0.217761248497168,50.0483334049865,-0.574107399533506,0.568466520382109,0.110503544790698,0.101350576244336,19041.1793225402,1.09030998032312,0.275590417560884,-0.945392975471263,1.35560144601668,49.0416645806737,-0.697397438051737,0.488847265866094,-0.584314327142065,1.23956236986723,48.0507350734877,-0.471387597224858,0.639497319099963,-0.235521888884577,0.240437393509226,-0.979555989387066,0.327305338405682,-0.0145147993031808,0.239945121031244,-0.060492162711201,0.95176365767094,-0.221007089581396,0.202701152488671,-1.09030998032312,0.275576620324132,-0.361078648329199,1.8358205981013,-0.196685149247506,0.844073932272166,-1.52970730261333,1.83796165086592,-0.832284668122775,0.405248282594932,1.16862865428413,2.47912473973447,0.471387597224858,0.637363971344108
0,"",153977.215366496,0,0.451233315897612,0.700336421163593,0.672386702836969,2.98060401750538e-05,0.00302147425467916,0.00366706025368913,-0.126220161799811,0.22199792691764,50.0467582875333,-0.568564596761474,0.572194258579971,0.0766567750594592,0.101751018324279,19041.7269475167,0.7533759988048,0.451233315897612,-0.535433264294608,1.38315761691614,49.4463521824307,-0.387109363203594,0.700336421163593,-0.510876986761912,1.20087688277004,49.1724845925445,-0.425419952779406,0.672386702836969,-0.20287693685927,0.244449775356868,-0.829933005923584,0.406576662420691,-0.0495633867403518,0.243961074557996,-0.203161044564793,0.839009159783098,-0.153313550118918,0.203502036648558,-0.7533759988048,0.451224001346064,-0.0245562775326962,1.83138855279586,-0.0134085568544195,0.989301840073459,-1.04631025105652,1.83206892072803,-0.571108564322315,0.56792605351795,1.02175397352383,2.40175376554009,0.425419952779406,0.670530563320042
0,"",154161.954058733,0,0.342189786994688,0.970980054135712,0.751723479787905,4.7381284851111e-05,2.71342665787311e-05,0.00202026660763468,-0.207313165135351,0.215866831689229,50.1309046848729,-0.960375262438687,0.341475768557167,0.0971245811715293,0.10225027042277,19041.5359120006,0.949871142344679,0.342189786994688,-0.0499865413204399,1.36708134223838,49.2705706058181,-0.0365644236198812,0.970980054135712,-0.397581926926171,1.2498087688588,49.9895433974537,-0.318114208215393,0.751723479787905,-0.30443774630688,0.239110630721102,-1.27320874604683,0.202943977848783,-0.110188583963822,0.238607040814616,-0.461799381894317,0.644225194189115,-0.194249162343059,0.204500540845541,-0.949871142344679,0.342177731533153,0.347595385605732,1.85122535023477,0.187765031178754,0.851060849233535,-0.447568468246611,1.85332981756444,-0.241494235944893,0.809172083359619,0.795163853852343,2.49961753771759,0.318114208215393,0.750398306429094
0,"",154146.540617899,0,0.242421965786891,0.946914227514823,0.909242645323832,7.17475344835956e-05,9.14571352331571e-05,0.000270285935377535,-0.282976217395327,0.200426817910496,50.6780451313343,-1.41186803415546,0.164099768140854,0.119507204075085,0.102231089622161,19045.1347704823,1.16899080814628,0.242421965786891,-0.0890221313966412,1.33018526258976,48.9682290230346,-0.0669246111051646,0.946914227514823,0.141951353355859,1.23877767872074,48.5681415270381,0.114589854010325,0.909242645323832,-0.402483421470412,0.225260396204832,-1.78674737437836,0.0739783284274777,-0.163469013320243,0.224726420226384,-0.727413417414685,0.466972737532946,-0.239014408150169,0.204462179244322,-1.16899080814628,0.242407334771434,-0.2309734847525,1.81758060398191,-0.127077437031673,0.898879109307061,0.0529292219592175,1.81778070411265,0.029117495768036,0.976770882108741,-0.283902706711718,2.47755535744149,-0.114589854010325,0.908770222058747
0,"",154126.94490732,0,0.113247110407136,0.976180872533844,0.649342391555279,0.000131688745020559,1.83854987324254e-05,0.00440284088662216,-0.27358802500481,0.194080319833862,50.9163123946572,-1.4096639228491,0.164718104707058,0.161853068567141,0.102190395715558,19046.529734181,1.58383835813348,0.113247110407136,0.039437275908486,1.31412975036217,48.983963521929,0.030010184228473,0.976180872533844,0.552763433622407,1.20799731325647,47.3475305460417,0.457586641589697,0.649342391555279,-0.435441093571951,0.21961366988373,-1.98275951493587,0.0473942981997355,-0.111734956437669,0.219066042660275,-0.510051467040679,0.610015405295536,-0.323706137134282,0.204380791431117,-1.58383835813348,0.113230507838725,-0.513326157713922,1.78603146184055,-0.287411598665192,0.77379718123241,0.592200709530894,1.78395085037659,0.331960215947588,0.739919300195238,-1.10552686724482,2.41599462651295,-0.457586641589697,0.647249442508933
0,"",154048.254762185,0,0.101050813242524,0.796536070383489,0.641463997399798,0.000141175338109372,0.00139625259945979,0.00447179838963911,-0.253423267083359,0.191342624688742,50.9440088049342,-1.32444753225061,0.191265688738379,0.167231869983823,0.101979363637601,19045.5423526993,1.63985990909011,0.101050813242524,0.33495504110663,1.29192984469125,48.0755622039629,0.259267205942346,0.796536070383489,0.592231978102584,1.26392831613417,48.8776337284322,0.468564530553421,0.641463997399798,-0.420655137067182,0.217097173314641,-1.93763525634451,0.0526677379280803,-0.0861913970995353,0.216546527564416,-0.398027149495141,0.69061017319493,-0.334463739967647,0.203958727275202,-1.63985990909011,0.10103429830331,-0.257276936995955,1.80730118664922,-0.142354212400509,0.886800227188264,0.927187019209215,1.80744500458403,0.512982147095866,0.607963809026416,-1.18446395620517,2.52785663226835,-0.468564530553421,0.639380935332037
0,"",153854.504482034,0,0.0254565041909397,0.840308544426786,0.406765262815213,0.000262127516709846,0.000854163206919251,0.0137396766335314,-0.285347185560886,0.195638995835922,50.8657110965144,-1.45853941000699,0.150839533540026,0.22670139417422,0.101451466584897,19044.3105212255,2.23457976316696,0.0254565041909397,-0.256056121359332,1.26388844463194,48.0110121544119,-0.202593925474094,0.840308544426786,1.11973380649998,1.3383945594221,50.243085965534,0.836624595204176,0.406765262815213,-0.512048579735106,0.220647033304344,-2.32066831838534,0.0203047518691803,-0.058645791386666,0.220111154242171,-0.2664371625717,0.789902547642998,-0.45340278834844,0.202902933169795,-2.23457976316696,0.0254449506336223,-1.37578992785932,1.83952106846846,-0.747906589080149,0.454516502899238,0.863677685140653,1.84216997939666,0.46883712947245,0.639186058064189,-2.23946761299997,2.6767891188442,-0.836624595204176,0.402803616152336
0,"",153793.59670997,0,0.0121068892149631,0.838294329653731,0.33797413435584,0.000330520112383138,0.000896031054544784,0.0185983448339028,-0.259277007147287,0.199397465729142,50.7688887291533,-1.30030241958784,0.199369474914619,0.254145961111707,0.101283485379814,19043.5403378823,2.50925370664979,0.0121068892149631,-0.256312944695674,1.24902165200834,46.9557486030931,-0.205210969948792,0.838294329653731,1.32135603988699,1.36564868682733,49.4008266035242,0.967566587682781,0.33797413435584,-0.513422968258994,0.223909503393893,-2.29299319804127,0.0218483965594935,-0.0051310460355794,0.223382903978069,-0.0229697346762183,0.981674414806673,-0.508291922223414,0.202566970759628,-2.50925370664979,0.0120986553487173,-1.57766898458267,1.84911798642149,-0.853200821239023,0.393547948051117,1.06504309519132,1.85225957099167,0.574996675342382,0.565293545495464,-2.64271207977398,2.73129737365466,-0.967566587682781,0.333260870859956
0,"",153884.910005731,0,0.0109106103436077,0.82133338416427,0.425362574784868,0.000340163220911922,0.00110384174262311,0.0127455171146887,-0.241549744876013,0.19159320212968,50.5455290492933,-1.26074277266121,0.213190234317459,0.258509901961327,0.101543729584037,19046.4058263296,2.54579877083781,0.0109106103436077,0.276033238211343,1.21543946436182,46.6734198109667,0.227105706458426,0.82133338416427,1.0658268835029,1.32612266849177,50.0354254406717,0.803716661230958,0.425362574784868,-0.50005964683734,0.217111970690073,-2.30323388087696,0.0212656875040669,0.016960157085314,0.216565372170516,0.0783142610258124,0.937578073645635,-0.517019803922654,0.203087459168073,-2.54579877083781,0.0109028018577578,-0.789793645291554,1.79897068038855,-0.439025301469043,0.66064320328512,1.34186012171424,1.7987477138093,0.745996846257288,0.45566932015158,-2.1316537670058,2.65224533698355,-0.803716661230958,0.42156062955647
0,"",153954.615019464,0,0.00128787716267497,0.67818957767789,0.653618323591055,0.000543805448145357,0.00366114302665768,0.00399973511404228,-0.224429668069726,0.196517144033368,49.5944485120745,-1.14203607615842,0.258922957080549,0.327474666954367,0.1017271386105,19045.9206421857,3.21914752963047,0.00128787716267497,0.502750062927201,1.20416485679789,47.4376037713041,0.417509330295612,0.67818957767789,0.591701412251668,1.31078805617022,50.7421054991682,0.451408913490153,0.653618323591055,-0.551904335024094,0.221554965839563,-2.49104926595845,0.0127366457636776,0.103044998884641,0.22101627625506,0.466232626079193,0.641048998309335,-0.654949333908735,0.203454277221,-3.21914752963047,0.00128572317724197,-0.0889513493244678,1.78077750526361,-0.0499508495932513,0.960161555732255,1.09445147517887,1.77909756276555,0.615172263783882,0.538440962799293,-1.18340282450334,2.62157611234044,-0.451408913490153,0.651694860288527
0,"",154028.744628911,0,0.000203696894457032,0.775688793998331,0.517818591589105,0.0007241271988251,0.00178592739268759,0.00824918713254829,-0.304609149382606,0.197039659793384,49.5263527314516,-1.54592811265519,0.128488561812493,0.378662653652559,0.10192505939898,19046.4281670629,3.71510849133091,0.000203696894457032,0.341592133065882,1.1917736380127,45.9185389243672,0.286625011806347,0.775688793998331,0.861078421366861,1.32222169417718,50.9880337137606,0.651236040944488,0.517818591589105,-0.683271803035165,0.222110509269423,-3.07626957987093,0.00209608240487743,0.0740535042699523,0.221570783728437,0.334220527742115,0.738213154876969,-0.757325307305117,0.20385011879796,-3.71510849133091,0.00020311652793755,-0.519486288300979,1.78111279389379,-0.291663891294219,0.770543619923281,1.20267055443275,1.77899590810588,0.676038966111643,0.499015905590317,-1.72215684273372,2.64444338835437,-0.651236040944488,0.514894128341634
0,"",154013.774608644,0,0.000323282143792257,0.820882692010924,0.554711332195508,0.000678605021209479,0.00116276300564276,0.00688339100821506,-0.327543377010406,0.180540502566233,50.1987883217316,-1.81423764947283,0.0756195872561671,0.366495200927456,0.101901896780759,19048.4729326881,3.5965493529131,0.000323282143792257,0.267106410376761,1.17280672974806,44.5573385281652,0.227749725169244,0.820882692010924,0.80980657178709,1.36183977247531,51.0162311248575,0.594641593052587,0.554711332195508,-0.694038577937862,0.207600833129787,-3.34313965639996,0.000828361996603181,0.0389518239170499,0.207025682833283,0.188149718353629,0.850759287386803,-0.732990401854912,0.203803793561518,-3.5965493529131,0.000322466425251193,-0.54270016141033,1.79803645802029,-0.301829342219158,0.762782161558112,1.07691298216385,1.79644963138568,0.59946739577284,0.548861245868538,-1.61961314357418,2.72367954495062,-0.594641593052587,0.552083071213008
0,"",153975.119255737,0,0.0114682986567675,0.897797300968203,0.759607650845662,0.000335437126353795,0.000374884225282318,0.00182007023186272,-0.278927184750872,0.172049459304009,50.6998447220432,-1.62120349508342,0.111177530957552,0.257408559764076,0.101809263605202,19050.8582315104,2.52834123977422,0.0114682986567675,0.149008766890895,1.15349633760038,44.4970474438218,0.129180095361966,0.897797300968203,0.42263288194045,1.37390889787388,51.8957007846627,0.307613468836598,0.759607650845662,-0.536335744514949,0.200212350903429,-2.6788344579883,0.00738789087461397,-0.0215186249867958,0.199617884346552,-0.107799083520181,0.914155069899666,-0.514817119528153,0.203618527210404,-2.52834123977422,0.011460290422807,-0.273624115049556,1.79502485203826,-0.1524347224156,0.878844072538717,0.571641648831346,1.79283147607187,0.318848512233746,0.74984138922899,-0.845265763880902,2.74781779574776,-0.307613468836598,0.758376470220572
0,"",153985.197416179,0,0.203248491103991,0.822908253569093,0.940876646448692,8.49706888118624e-05,0.00110628354384133,0.000103967583138711,-0.328262419703641,0.172519292808487,51.4948194027698,-1.90275774007516,0.062670418905818,0.129574516330381,0.101835169220839,19051.8683248336,1.27239456979137,0.203248491103991,-0.259167818891075,1.15137370678098,45.7490796394209,-0.225094439246541,0.822908253569093,0.102853877500951,1.38025541567094,53.4046797122724,0.0745180032138864,0.940876646448692,-0.457836936034022,0.200629569667992,-2.28200128620952,0.0224892643190311,-0.198687903373261,0.200035976608186,-0.993260846084874,0.320582853080326,-0.259149032660761,0.203670338441678,-1.27239456979137,0.203232962479819,-0.362021696392027,1.79849236187435,-0.201291761959297,0.840470443740985,-0.156313941390123,1.79637358992797,-0.0870163880534401,0.930658485734786,-0.205707755001903,2.76051083134189,-0.0745180032138864,0.94059821649968
0,"",153858.361306825,0,0.723904877852313,0.965318911734071,0.998274361312039,6.55050062853855e-06,4.23729096546478e-05,8.98152405531192e-08,-0.293904301237068,0.176742854776201,51.6187854934597,-1.66289212431938,0.102395138304972,0.0358508578226013,0.101488605973618,19049.6583704152,0.353250076485637,0.723904877852313,0.0505330934953912,1.15578025042141,45.1122556459712,0.0437220600343068,0.965318911734071,-0.00303823546682454,1.39812621151086,52.5775114192725,-0.0021730766806391,0.998274361312039,-0.329755159059669,0.204098290412412,-1.61566840365663,0.10616602583154,-0.258053443414466,0.203518636897336,-1.26795976697034,0.204812318663749,-0.0717017156452026,0.202977211947236,-0.353250076485637,0.723900969039286,0.0535713289622158,1.81439127700161,0.0295257862189161,0.976445253475027,0.0474948580285667,1.81360251298246,0.0261881298071548,0.979107283678513,0.0060764709336491,2.79625242302173,0.0021730766806391,0.998266137031703
0,"",153849.912881469,0,0.766612017215002,0.834354052458119,0.803075404686318,4.62498831142392e-06,0.000976589404627732,0.00122613780665612,-0.227678747311554,0.184116737398348,51.3793666733116,-1.23659994484345,0.221858590235384,0.0301149180745478,0.10146068994868,19048.250837188,0.296813653541883,0.766612017215002,0.256985092110386,1.22181697921347,45.2550663210415,0.210330267529771,0.834354052458119,0.327011626468904,1.30456779064881,51.1824379608603,0.250666641329747,0.803075404686318,-0.257793665386102,0.210502766199428,-1.22465690138187,0.220704519073,-0.197563829237007,0.209940645451371,-0.941046117164431,0.346681226473906,-0.0602298361490956,0.202921379897359,-0.296813653541883,0.76660878095332,-0.0700265343585185,1.78773590906677,-0.0391705139463657,0.96875444204952,0.583996718579291,1.78702770589001,0.326797797624765,0.743820825300201,-0.65402325293781,2.60913558129762,-0.250666641329747,0.802071853734693
0,"",153952.485220216,0,0.876154600662658,0.735782251129137,0.757960361235522,1.27527481826186e-06,0.00249204718702103,0.00191626464695522,-0.210641289673432,0.192482415648768,51.1095908830417,-1.09434043085681,0.278936411450634,0.0158535004150826,0.101724213405713,19045.7166137805,0.155847854550157,0.876154600662658,0.432447803714865,1.27382056673258,46.1329241942803,0.339488790657634,0.735782251129137,0.389567887038955,1.25726684551842,50.0060860844192,0.309852986601521,0.757960361235522,-0.226494790088514,0.21798214986242,-1.03905200600814,0.298780550111107,-0.194787789258349,0.217435908247349,-0.895840023979681,0.370338210225754,-0.0317070008301653,0.203448426811426,-0.155847854550157,0.876152948971637,0.0428799166759096,1.7901296403895,0.0239535258835107,0.980889679030838,0.822015690753822,1.78944499349393,0.459369074625099,0.645969152176506,-0.779135774077912,2.51453369103685,-0.309852986601521,0.756672755640325
0,"",154050.12420116,0,0.291997620759239,0.860033482871856,0.741157626262152,5.83084155672703e-05,0.000664369335896888,0.00217962703007056,-0.245494993456671,0.196479960998797,51.0889729072782,-1.24946580917824,0.217188859613159,0.107460789238167,0.101976619946397,19043.3023007882,1.05377869255377,0.291997620759239,0.228254461727201,1.28742257466072,47.2822465962116,0.177295680703249,0.860033482871856,0.427462026881634,1.28699075757209,50.5026778961258,0.33214071225192,0.741157626262152,-0.352955782694837,0.221637190297774,-1.59249349001688,0.111273864693458,-0.138034204218504,0.221097643715327,-0.624313321024029,0.532421837262165,-0.214921578476334,0.203953239892793,-1.05377869255377,0.291984250948704,-0.199207565154433,1.81987662577509,-0.109462126351335,0.91283596000813,0.655716488608836,1.82089353302206,0.360106989627544,0.718767125992169,-0.854924053763269,2.57398151514419,-0.33214071225192,0.73978300948308
0,"",154196.148628132,0,0.0894830729566101,0.766962757592181,0.678280212814899,0.000151420728557001,0.00182554922938388,0.00342771043322746,-0.293349492457415,0.191040535278579,50.8239461829958,-1.53553533562732,0.130854878439826,0.173846815475644,0.102370176277692,19043.0049153607,1.69821740859431,0.0894830729566101,-0.391511607919821,1.31372933822109,48.5613094630044,-0.298015425650737,0.766962757592181,0.545621313908671,1.3077464802538,50.6104519116941,0.417222544390089,0.678280212814899,-0.46719630793306,0.217016573907637,-2.152813951122,0.0313333032663197,-0.119502676981771,0.216462663918501,-0.552070619563123,0.580899970471208,-0.347693630951289,0.204740352555383,-1.69821740859431,0.0894667360575108,-0.937132921828494,1.85237692411497,-0.505908333033374,0.612921002174594,0.154109705988851,1.85495848806501,0.0830798678139745,0.933788033654221,-1.09124262781734,2.61549296050759,-0.417222544390089,0.676515636711216
0,"",154278.197122426,0,0.152575997614102,0.578685331229959,0.610523100651605,0.000107453412219346,0.00617141284818343,0.00502088916212716,-0.323404352251711,0.181395349512874,50.3748140784642,-1.7828701403878,0.0806335875672167,0.14677084509809,0.102597584985302,19043.1344334805,1.43054873191329,0.152575997614102,-0.76376276259248,1.36645943166463,50.309541604733,-0.558935556295336,0.578685331229959,0.665771627548999,1.29926089059226,52.0344734057136,0.512423357287013,0.610523100651605,-0.470175197349801,0.208688021465994,-2.25300519908574,0.0242588211568212,-0.176633507153621,0.208111470697885,-0.848744697066886,0.396023369018112,-0.293541690196181,0.205195169970605,-1.43054873191329,0.152559589802614,-1.42953439014148,1.88356725456881,-0.758950542739572,0.44788214262524,-0.0979911350434808,1.88752612642363,-0.0519151145362679,0.958596330858118,-1.331543255098,2.59852178118452,-0.512423357287013,0.608354747414123
0,"",154330.365069341,0,0.51258853156712,0.510684395867112,0.662106117307524,2.25176419580659e-05,0.00848037988657435,0.00359477309554587,-0.338347851833037,0.177359573204419,50.457294131844,-1.90769432808157,0.0621299275363812,0.0672720286397142,0.10273288112246,19042.2132318748,0.65482470563173,0.51258853156712,-0.958597103808034,1.44717265673069,51.3000199080559,-0.662393045743142,0.510684395867112,0.575204507680606,1.30892550389659,53.5277780831938,0.43944785701574,0.662106117307524,-0.405619880472751,0.205257155981987,-1.97615463652019,0.0481372659234893,-0.271075823193323,0.204671507690094,-1.32444337882035,0.185355835964347,-0.134544057279428,0.20546576224492,-0.65482470563173,0.512580622197211,-1.53380161148864,1.94795354127377,-0.787391269345001,0.431052856005091,-0.383392596127429,1.95465248760971,-0.196143610466671,0.84449776294231,-1.15040901536121,2.61785100779319,-0.43944785701574,0.660337056350651
0,"",154424.340105213,0,0.697015888064899,0.61037519469294,0.783956998102807,7.9622089668991e-06,0.00513070836494003,0.00141464477792569,-0.278715691825136,0.186465503397761,50.3182794747662,-1.49473058955356,0.141230145698277,0.0400932335610133,0.102972742204501,19039.7210789982,0.389357733927191,0.697015888064899,-0.7647392590528,1.49158851254275,50.970325627734,-0.512701225989687,0.61037519469294,0.35594006737067,1.29176639867528,53.5949143779722,0.275545228406382,0.783956998102807,-0.318808925386149,0.213292183880412,-1.4947051485248,0.134991410030464,-0.238622458264123,0.212725135995995,-1.12174077194439,0.261972675543924,-0.0801864671220266,0.205945484409002,-0.389357733927191,0.697011533476475,-1.12067932642347,1.96971167216974,-0.56895602653813,0.56938598224714,-0.408799191682131,1.97667128463745,-0.206811924096479,0.836156743390535,-0.711880134741341,2.58353279735056,-0.275545228406382,0.782897382832642
0,"",154425.847888824,0,0.552505867450619,0.572394127787727,0.883459923155731,1.8534505105178e-05,0.00633394077293859,0.000414831495537072,-0.264316991903846,0.1982528570553,50.438118858464,-1.33323169123418,0.188446381034943,0.0611597696219058,0.102959127402707,19037.6321701648,0.594019890851348,0.552505867450619,-0.843878049950273,1.4851179114766,50.6528594370739,-0.568222929256328,0.572394127787727,0.197139513350647,1.33833215955558,52.2838564592758,0.147302380760327,0.883459923155731,-0.325476761525752,0.223664174764164,-1.45520292585498,0.14561309114029,-0.203157222281941,0.223123040987025,-0.910516553482052,0.362550155859906,-0.122319539243812,0.205918254805413,-0.594019890851348,0.552498809241825,-1.04101756330092,1.9948870913745,-0.5218428490525,0.601779752856687,-0.646738536599627,2.00345747477856,-0.322811212487109,0.746838220917619,-0.394279026701294,2.67666431911117,-0.147302380760327,0.882893353403666
0,"",154378.167398982,0,0.438774328710019,0.529511418052549,0.757442614944657,3.14958219656738e-05,0.00797532080066225,0.00182484739144974,-0.209267790039289,0.210536559989708,50.5029585717957,-0.993973635978088,0.324974403865092,0.0796043837588236,0.102810732426959,19034.0163336034,0.774280873987331,0.438774328710019,-0.927842292223238,1.46537647898224,49.8682595611857,-0.633176733440993,0.529511418052549,0.43845087485803,1.41230614625784,52.718662986206,0.310450305707289,0.757442614944657,-0.288872173798112,0.234555548048919,-1.23157254731773,0.21810880112643,-0.129663406280465,0.234040753862242,-0.55402063162378,0.579564726048998,-0.159208767517647,0.205621464853918,-0.774280873987331,0.438764711512125,-1.36629316708127,2.02990818742904,-0.673081263252469,0.500895593355143,-0.489391417365208,2.04042801941962,-0.239847430395712,0.810448535796603,-0.876901749716062,2.82461229251569,-0.310450305707289,0.756218544072359
0,"",154374.251383829,0,0.45259853422789,0.443264261238342,0.624436344371834,2.96393575567009e-05,0.0120383734478106,0.00456645098417855,-0.170503434841956,0.207292198880949,50.5767898653704,-0.822527021095852,0.414638196389795,0.0772152214584556,0.102802117012121,19033.5618630316,0.751105363417285,0.45259853422789,-1.13120468902287,1.46349621347775,49.0310791486669,-0.772946782236456,0.443264261238342,0.703608229181605,1.42877477696682,52.864940068036,0.492455662379002,0.624436344371834,-0.247718656300412,0.231643742356712,-1.0693949846439,0.284891726296528,-0.0932882133835005,0.231122994496703,-0.403630169238012,0.686484697081528,-0.154430442916911,0.205604234024243,-0.751105363417285,0.452589248164495,-1.83481291820447,2.03981927002986,-0.899497786476748,0.368387574313497,-0.427596459841261,2.05074971801424,-0.208507384438559,0.83483281739817,-1.40721645836321,2.85754955393364,-0.492455662379002,0.622397258163107
0,"",154369.68006683,0,0.837021841498584,0.419181807613903,0.679139444734804,2.22297015076611e-06,0.0134236513235363,0.00334144325420622,-0.224307136162626,0.196345682469826,50.8475009636774,-1.14240931270336,0.258634873181087,-0.021146471835584,0.102798894974528,19035.5025676983,-0.205707190148529,0.837021841498584,-1.22218971044705,1.5001015065921,48.786087307316,-0.814738006112397,0.419181807613903,0.589985105866627,1.41825607090613,51.6160900214947,0.41599335830072,0.679139444734804,-0.203160664327042,0.221899542373035,-0.915552425905902,0.359901693407692,-0.24545360799821,0.221357341779506,-1.10885686476442,0.267491934665761,0.042292943671168,0.205597789949057,0.205707190148529,0.837019641751524,-1.81217481631368,2.0586521755751,-0.880272460697464,0.378711727675125,-0.632204604580423,2.07013546549107,-0.305392866853018,0.760066953898841,-1.17997021173326,2.83651214181227,-0.41599335830072,0.67741486327128
0,"",154403.825168468,0,0.512476779938966,0.346354463007501,0.549936101062224,2.25338769673893e-05,0.0178580488485642,0.0071527311081253,-0.258033604972947,0.191725212710289,50.9142237332794,-1.34585118631661,0.184313120185627,-0.0674019128777234,0.10290395525767,19038.5821944244,-0.654998272019282,0.512476779938966,-1.41226046480531,1.48548921971771,49.7085218996175,-0.950703947265055,0.346354463007501,0.822454919147006,1.36640116003816,50.2896146038362,0.601913217875225,0.549936101062224,-0.190631692095223,0.217872188718095,-0.874970289768749,0.381590071548975,-0.32543551785067,0.217318365022708,-1.49750582660911,0.134261690630293,0.134803825755447,0.20580791051534,0.654998272019282,0.51246886660427,-2.23471538395232,2.01356144576041,-1.1098322272,0.267071329255507,-0.589805545658304,2.02312407139294,-0.291532068644815,0.77064442123915,-1.64490983829402,2.73280232007632,-0.601913217875225,0.547231905305692
0,"",154515.756646376,0,0.906809326767036,0.394780007184523,0.433999033378386,7.19816433954948e-07,0.0144063475006578,0.0120264365954396,-0.267060965589894,0.194692868043857,50.2472642843971,-1.37170389584962,0.176249757830616,0.0120824297274432,0.10321078654107,19038.6570185889,0.117065571655491,0.906809326767036,-1.22798815013218,1.43069005936003,50.4012426516078,-0.85831878267294,0.394780007184523,1.07489837399752,1.36307263353761,51.0863850598735,0.788584810192995,0.433999033378386,-0.279143395317338,0.220633825780356,-1.26518857355639,0.205803737532722,-0.254978535862451,0.220082424497417,-1.15855928270839,0.246635873964728,-0.0241648594548864,0.20642157308214,-0.117065571655491,0.906808091941734,-2.30288652412971,1.97214728738779,-1.16770513990362,0.242925722811362,-0.153089776134659,1.97997908507907,-0.0773188854813307,0.938369867437713,-2.14979674799505,2.72614526707522,-0.788584810192996,0.430354711771345
0,"",154518.036720884,0,0.4206820145699,0.564817600245694,0.495898565097759,3.40555750016044e-05,0.0066112110964765,0.00911975185855226,-0.263351227572484,0.190661076241203,50.1824565243156,-1.38125323093908,0.173320932609015,0.083123752265643,0.103226490507171,19039.9124033901,0.805256013812349,0.4206820145699,-0.813267774811793,1.4033504049618,50.4630050914064,-0.579518680392536,0.564817600245694,0.92424434895314,1.34756279523124,51.1109241205,0.685863658616769,0.495898565097759,-0.346474979838127,0.217092030488474,-1.59598203148467,0.110492805123824,-0.180227475306841,0.216531196297794,-0.832339535311001,0.40521732084915,-0.166247504531286,0.206452981014342,-0.805256013812349,0.420671958915551,-1.73751212376494,1.94234838916154,-0.894541954193384,0.371031992954306,0.110976574141347,1.9488248837485,0.0569453802990688,0.954588704687977,-1.84848869790628,2.69512559046249,-0.685863658616769,0.492799088800765
0,"",154488.972812861,0,0.394620744653192,0.53245823040615,0.425711450152444,3.80516845286725e-05,0.00792673633800591,0.0124188925954605,-0.245064696817743,0.179976677438604,51.0341786378343,-1.36164696618172,0.179290495480275,0.0878237519080818,0.103165876843364,19044.1420509217,0.851286826567898,0.394620744653192,-0.861732378121321,1.370725109431,49.4644766234503,-0.628668995841941,0.53245823040615,1.0681595972842,1.33029713188018,51.2701852290201,0.802948132177445,0.425711450152444,-0.332888448725824,0.207740577486359,-1.60242381509545,0.109061922025056,-0.157240944909661,0.207155636174914,-0.759047389745616,0.447824208800416,-0.175647503816164,0.206331753686728,-0.851286826567898,0.394610040899401,-1.92989197540552,1.90771032796461,-1.01162736664774,0.311716255854147,0.206427219162881,1.91253676409205,0.107933726053564,0.914048263864749,-2.1363191945684,2.66059426376036,-0.802948132177445,0.422004714357088
0,"",154575.013763483,0,0.275206355467493,0.586626188921798,0.375283285809903,6.25084990559146e-05,0.00620701528653432,0.0153937414099892,-0.20089896085832,0.179638112722554,51.1680953761146,-1.11835377144383,0.268639032737207,0.112835428031872,0.103406552089593,19047.0897186332,1.09118257742613,0.275206355467493,-0.69461419344988,1.26888178187992,47.9797625412892,-0.547422307869192,0.586626188921798,1.23029055951413,1.37551222444693,51.1687584431668,0.894423573740908,0.375283285809903,-0.313734388890192,0.207569254888829,-1.51146849304934,0.130669130097974,-0.0880635328264486,0.206979558266158,-0.42546971094221,0.67049429728892,-0.225670856063744,0.206813104179186,-1.09118257742613,0.275192552611634,-1.92490475296401,1.87026536135528,-1.02921478028611,0.303378758387033,0.535676366064248,1.87251093190241,0.286073825758667,0.774821578193336,-2.46058111902826,2.75102444889386,-0.894423573740908,0.371095304173457
0,"",154669.913071734,0,0.192816217356786,0.752224508724793,0.521373873548581,8.90355067697125e-05,0.00215358606425976,0.00821965479142773,-0.263122654075413,0.18118650878894,51.7732646817158,-1.45221990221092,0.152474180303002,0.1350080458464,0.103665811549119,19047.8645544645,1.30233915915885,0.192816217356786,-0.389672536112236,1.22703755802312,46.7288779072573,-0.317571808266436,0.752224508724793,0.897962700450803,1.39056760699657,50.3146315595835,0.645752637939179,0.521373873548581,-0.398130699921813,0.209041250540619,-1.90455567450048,0.0568378530723267,-0.128114608229013,0.208451573452777,-0.614601300949335,0.538818055059869,-0.2700160916928,0.207331623098239,-1.30233915915885,0.192800470815876,-1.28763523656304,1.85430272282933,-0.694404004648358,0.487428883016544,0.508290164338569,1.85476690960422,0.274045305481017,0.784049805121191,-1.79592540090161,2.78113521399313,-0.645752637939179,0.518439565119173
0,"",154703.524478946,0,0.21348253126808,0.663503723531553,0.462763783265549,8.12618270182463e-05,0.0040137462979121,0.0110156766583137,-0.233718782732745,0.183608031842544,51.7423984689621,-1.27292243366115,0.208735385098392,0.129069774385566,0.103746508679837,19044.967912302,1.2440878833222,0.21348253126808,-0.556363544189458,1.27077928598184,47.5642334852009,-0.437812884052163,0.663503723531553,1.05260676091997,1.42226697031913,49.1754439528657,0.740090842919443,0.462763783265549,-0.362788557118311,0.211183020228509,-1.71788696234081,0.0858172353437807,-0.10464900834718,0.21059968377911,-0.496909617665628,0.61925278897672,-0.258139548771131,0.207493017359673,-1.2440878833222,0.213467219980089,-1.60897030510943,1.90547943421702,-0.844391325467428,0.398450768106143,0.496243216730513,1.90908218336943,0.259938111126609,0.794911512998947,-2.10521352183994,2.84453394063827,-0.740090842919443,0.459244874645826
0,"",154684.239563857,0,0.491742660130885,0.766256168161207,0.294508189176387,2.48221445400529e-05,0.00185790403592377,0.0222296570784978,-0.199852840646333,0.17519573753918,51.6912474017952,-1.14074031396819,0.259235707770693,0.071296075932204,0.10369538268305,19044.1825980907,0.68755304322589,0.491742660130885,-0.387667661910795,1.29669532354753,48.0189163046541,-0.29896588263325,0.766256168161207,1.56364146947393,1.4757702679534,49.3788469028859,1.05954260187284,0.294508189176387,-0.271148916578537,0.203883902667566,-1.32991821831392,0.183545218149381,-0.128556764714129,0.203282837240149,-0.632403435821087,0.527123289413929,-0.142592151864408,0.207390765366099,-0.68755304322589,0.491734286945019,-1.95130913138472,1.9613518480555,-0.994879696531384,0.319794778784595,1.17597380756313,1.96767177646574,0.597647342218515,0.550075268121681,-3.12728293894786,2.9515405359068,-1.05954260187284,0.289352738141448
0,"",154681.84875784,0,0.314188651632694,0.763874378639116,0.303179451324845,5.31886971074861e-05,0.00188292797006801,0.0210544530656376,-0.284324991245088,0.171603924057363,51.7136298400396,-1.65686765501962,0.103601904031347,0.104369588454485,0.103695728566922,19045.1218260195,1.00649843437985,0.314188651632694,-0.388844536486223,1.28715834460665,48.3766539654636,-0.302095339019887,0.763874378639116,1.52235440659302,1.46339821987608,50.3177326793653,1.04028717946775,0.303179451324845,-0.388694579699573,0.200805968422777,-1.93567244416369,0.0529078314521566,-0.179955402790604,0.200195866080223,-0.898896697090094,0.368707687441398,-0.208739176908969,0.207391457133844,-1.00649843437985,0.314175864379683,-1.91119894307924,1.94612946806075,-0.98205128407191,0.326074583675518,1.13350987010679,1.95171770540713,0.580775522487944,0.561391754193346,-3.04470881318604,2.92679643975216,-1.04028717946775,0.298206498725778
0,"",154616.542838563,0,0.103136058627819,0.60686589888713,0.370225934867912,0.000139477417032628,0.00550541834639529,0.0156337655635697,-0.340307361204834,0.180748328317846,51.0842360247506,-1.88276906553959,0.0654321919197179,0.168712284038529,0.10350988386295,19044.3122130055,1.62991472642273,0.103136058627819,-0.666335047741152,1.28654209658903,48.4562059673831,-0.517927123805577,0.60686589888713,1.29640235223136,1.43412531923155,51.4515576501755,0.903967271790453,0.370225934867912,-0.509019645243363,0.208582129510728,-2.44037994260281,0.0146718218523238,-0.171595077166305,0.207995201249463,-0.824995365929133,0.409374221614986,-0.337424568077058,0.207019767725901,-1.62991472642273,0.103119520774453,-1.96273739997251,1.92419011173683,-1.02003299362187,0.307712813324853,0.630067304490208,1.92906827484349,0.326617420807114,0.743957265689294,-2.59280470446272,2.86825063846311,-0.903967271790453,0.366012755906369
0,"",154631.456941858,0,0.0375344785967093,0.476035290256908,0.419805589837798,0.000227108538725145,0.0104987947640156,0.0126463422610758,-0.343722178476726,0.181895734083385,51.3249238320829,-1.88966596830224,0.0644570366789103,0.215403887743351,0.103557177077854,19046.4728630932,2.08004789065863,0.0375344785967093,-0.877929163332656,1.2223026690134,48.6226150888923,-0.718258403249085,0.476035290256908,1.1568217465704,1.42245759604496,51.6371231716409,0.813255699000698,0.419805589837798,-0.559126066220078,0.209601840493624,-2.66756276998,0.00764036155945237,-0.128318290733375,0.209015220655866,-0.613918404270879,0.539269247806383,-0.430807775486703,0.207114354155707,-2.08004789065863,0.0375211404543548,-2.03475090990306,1.87475014087244,-1.08534511641971,0.277768830689571,0.278892583237744,1.87620115226096,0.148647485319821,0.881831801356529,-2.3136434931408,2.84491519208993,-0.813255699000698,0.416071470863996
0,"",154665.223496933,0,0.13041101537505,0.685969585842834,0.372779187126232,0.000120111071579126,0.00340280976597684,0.0153682044487956,-0.328389293071982,0.175386078748481,51.5631929967879,-1.87237946942711,0.066829842004994,0.156774592334261,0.103649309766779,19045.1028930669,1.51254834872532,0.13041101537505,-0.489985189101595,1.20458200949324,48.4590781219897,-0.406767812602257,0.685969585842834,1.3563251540697,1.50859450444604,51.7884980550338,0.899065421538008,0.372779187126232,-0.485163885406242,0.204024873035653,-2.37796440300424,0.0174085063834924,-0.171614700737721,0.203422622268473,-0.843636262397734,0.398872694248298,-0.313549184668521,0.207298619533558,-1.51254834872532,0.130394422663896,-1.8463103431713,1.92902464028121,-0.957121181667306,0.33850609356417,0.866339964968107,1.93199749742775,0.44841671178226,0.653852483075202,-2.71265030813941,3.01718900889209,-0.899065421538008,0.368617814934756
0,"",154656.846166306,0,0.452802609688472,0.812702483604811,0.364571605749263,2.9597030954079e-05,0.0011822907218988,0.0158961180201988,-0.29359484850458,0.164885016259845,51.7365396033302,-1.7806035694711,0.0808491858695079,0.0778006433940581,0.103628315092696,19043.5759539609,0.750766268123386,0.452802609688472,-0.302749596101797,1.27072331073092,47.954250050226,-0.238249816891811,0.812702483604811,1.4158029802666,1.54778150341027,51.8007688853172,0.914730520520577,0.364571605749263,-0.371395491898638,0.195058223820761,-1.90402375569621,0.0569070903818945,-0.215794205110522,0.194432718110432,-1.10986570165602,0.267056902147655,-0.155601286788116,0.207256630185393,-0.750766268123386,0.452793333356878,-1.71855257636839,1.99906650533731,-0.859677540381987,0.389966818658807,1.1130533841648,2.00610661150056,0.554832618458019,0.579009153993748,-2.83160596053319,3.09556300682054,-0.914730520520577,0.360333117668692
0,"",154675.498516405,0,0.156266161130918,0.618696853428993,0.244836094509659,0.00010555347828105,0.0053390479057593,0.0261239289641945,-0.24073213574511,0.170272410381209,51.7305767114534,-1.41380588438347,0.163408933217466,0.14698539280823,0.103671616435537,19041.8974429419,1.4177978299357,0.156266161130918,-0.641647707893154,1.28064528851651,46.7677884531454,-0.501034684347633,0.618696853428993,1.81764058185745,1.54509167370437,51.5908540581107,1.17639659367243,0.244836094509659,-0.38771752855334,0.199656117388418,-1.94192661674905,0.0521459846657281,-0.0937467429368794,0.19904379008688,-0.470985519799236,0.637651075461051,-0.293970785616461,0.207343232871073,-1.4177978299357,0.156249797926352,-2.45928828975061,2.00314330767116,-1.22771460251127,0.219554122805913,1.1759928739643,2.01050694085658,0.584923558365465,0.558599117166716,-3.63528116371491,3.09018334740875,-1.17639659367243,0.239436432299333
0,"",154794.631678268,0,0.0311753275362207,0.328143767222929,0.207089890995365,0.000243751238607948,0.0203673492368773,0.030917182159876,-0.270041698535008,0.17651254675824,52.120573988073,-1.52987254160958,0.13209544030257,0.224129812586962,0.104005170308862,19047.4434567369,2.15498721766782,0.0311753275362207,-1.1927091548247,1.20701426896123,46.9648606811484,-0.988148347120336,0.328143767222929,1.880064096981,1.47134244556555,51.177465356041,1.27778825564864,0.207089890995365,-0.49417151112197,0.205176562760301,-2.40851832428487,0.0160174221812516,-0.0459118859480456,0.204572938879947,-0.224427953176098,0.822424321886587,-0.448259625173924,0.208010340617724,-2.15498721766782,0.0311628344925079,-3.07277325180571,1.90223262556138,-1.61535093579782,0.106234718981771,0.687354942156305,1.9039367409259,0.36101774149389,0.718086184428631,-3.76012819396201,2.9426848911311,-1.27778825564864,0.201324096506795
1,Model failed to converge with 1 negative eigenvalue: -5.7e+01,154731.997787557,1,0.0554879307372508,0.239378642070281,0.291531042085499,0.000192463099494628,0.000150734273844376,0.022087089525184,-0.376047435507509,0.177678372734803,52.6240214626779,-2.11645024500976,0.0390539350723181,0.198868600098174,0.103839528907022,19053.5518254383,1.91515314246313,0.0554879307372508,-1.30533974229813,1.10940008999821,9183.18316687798,-1.17661766396669,0.239378642070281,1.60265703113217,1.50348766208061,50.3087049208451,1.065959549621,0.291531042085499,-0.574916035605683,0.206097565790175,-2.78953336203396,0.00527840579088294,-0.177178835409334,0.205495248553352,-0.862204049274327,0.388575241823878,-0.397737200196349,0.207679057814044,-1.91515314246313,0.0554729762198844,-2.9079967734303,1.87013809653671,-1.55496365686341,0.119954725128524,0.297317288834041,1.86683446489381,0.159262802581135,0.873461825893193,-3.20531406226434,3.00697532416122,-1.065959549621,0.286441927768919
0,"",154620.048271354,0,0.123021641523109,0.182959176580454,0.251944800143979,0.000124888858814595,0.0377600737983703,0.0268856705451049,-0.382198979930088,0.183151912963354,51.9943487043753,-2.08678672117697,0.0418279501451998,0.159648993770293,0.103514772419492,19043.631484952,1.54228222734547,0.123021641523109,-1.66073981149596,1.22851167818273,46.5688114457593,-1.35183070783063,0.182959176580454,1.74497148011753,1.50504250530099,48.6544010740704,1.15941674336205,0.251944800143979,-0.541847973700381,0.210671317088301,-2.57200638980802,0.0101111025559478,-0.222549986159795,0.2100891687324,-1.05931204118032,0.289457692928588,-0.319297987540586,0.207029544838984,-1.54228222734547,0.123005025867618,-3.4057112916135,1.94066519412427,-1.75491955125744,0.0792730694252758,0.0842316686215736,1.94489238177918,0.0433091668262481,0.965455084009505,-3.48994296023507,3.01008501060199,-1.15941674336205,0.246286355167395
0,"",154604.085731802,0,0.20780791338671,0.206176939136665,0.21851891139035,8.3320080855098e-05,0.033797608394608,0.0308715390953765,-0.393260934429027,0.197233547300744,51.4060517797135,-1.99388460944414,0.0514824611252105,0.13032290178721,0.103458890663579,19042.3252365951,1.25965879733802,0.20780791338671,-1.6532534676847,1.28971418648108,46.9757874895776,-1.28187584893946,0.206176939136665,1.75726764039077,1.4097153428444,48.7793531149086,1.24654076392835,0.21851891139035,-0.523583836216236,0.22299649159269,-2.34794651914336,0.0188772315612312,-0.262938032641817,0.222445933237041,-1.18203119659476,0.237193322654522,-0.260645803574419,0.206917781327157,-1.25965879733802,0.20779247494441,-3.41052110807548,1.90851951266454,-1.78699829131637,0.0739377647366113,0.104014172706073,1.91281816467265,0.0543774492667853,0.956634445145296,-3.51453528078155,2.8194306856888,-1.24654076392835,0.2125659334021
0,"",154692.224580323,0,0.162051051975058,0.453749240781558,0.388869606639884,0.000102655700055896,0.0122682425496521,0.0149156533286365,-0.39267634384502,0.200418998814332,51.5658777688318,-1.95927704543018,0.0554971125533684,0.145000439097178,0.103700568934165,19043.584729692,1.39826078668125,0.162051051975058,-0.93995242435505,1.24399643676378,45.9653038899292,-0.755590929826382,0.453749240781558,1.22257654972171,1.40646530957728,49.9028340203561,0.869254677948057,0.388869606639884,-0.537676782942198,0.225931689449208,-2.37982013170877,0.017321090426824,-0.247675904747841,0.225384200574584,-1.09890535413054,0.271809351029608,-0.290000878194357,0.207401137868329,-1.39826078668125,0.162034768791364,-2.16252897407676,1.87674171407501,-1.15227841841977,0.249206682448226,0.28262412536666,1.8786122915869,0.150443030013352,0.880415094518212,-2.44515309944342,2.81293061915456,-0.869254677948057,0.384707846454125
0,"",154603.338654839,0,0.0761662704193581,0.476129218412571,0.314109765797777,0.000165152795923422,0.0108520374007905,0.0199445642828551,-0.336965988315703,0.203588953354939,51.1935374923769,-1.65512903702704,0.104016982154841,0.183461365759946,0.103447484555733,19041.0859627193,1.77347343483354,0.0761662704193581,-0.887310068276195,1.23530093779896,47.0278642212702,-0.71829466094083,0.476129218412571,1.50582511268311,1.48107609447872,50.7949357807005,1.01671015979304,0.314109765797777,-0.520427354075649,0.228632228117079,-2.27626419233052,0.0228302019111963,-0.153504622555758,0.228094261752365,-0.672987655964854,0.500955144123285,-0.366922731519891,0.206894969111467,-1.77347343483354,0.0761502900299019,-2.39313518095931,1.92661550169279,-1.24214467227977,0.214183188896627,0.618515044406921,1.93061190241947,0.320372542835662,0.748685937178777,-3.01165022536623,2.96215218895745,-1.01671015979304,0.30929133113521
0,"",154604.866271907,0,0.0967829761030415,0.510526146710095,0.236315428001745,0.000144829631578353,0.00931290072614138,0.027551736372307,-0.306046576036687,0.208847872866498,50.8053781392661,-1.46540432438266,0.148972385809902,0.171799551137815,0.103447849211793,19040.6069946222,1.66073584368179,0.0967829761030415,-0.832030986010235,1.25477360227032,46.773491277844,-0.663092516853084,0.510526146710095,1.7307393391273,1.4441505765688,50.6939235214198,1.19844797849225,0.236315428001745,-0.477846127174501,0.233327749380432,-2.04796098382363,0.0405638225404266,-0.134247024898872,0.232800224192066,-0.576661922748471,0.564167859544603,-0.343599102275629,0.206895698423587,-1.66073584368179,0.0967665112330182,-2.56277032513754,1.91119269568669,-1.34092722880397,0.179944080710349,0.898708353117069,1.91504512778961,0.469288342126109,0.638863546994609,-3.46147867825461,2.88830115313761,-1.19844797849225,0.230742663717021
0,"",154604.607316674,0,0.0163883619554264,0.419339049011291,0.242116954494547,0.000302459199151555,0.014111607106011,0.0276249662375758,-0.285457343178356,0.208280768228796,51.2943123817871,-1.37054105189771,0.176486221156103,0.24833616074047,0.103457757771051,19043.8883965509,2.40036287360906,0.0163883619554264,-1.01678126627183,1.24785913390517,46.384750467344,-0.814820550369193,0.419339049011291,1.60927482244265,1.35927520171511,49.3375624819891,1.18392126952077,0.242116954494547,-0.533793503918827,0.232825337561442,-2.29267789111638,0.0218665563125872,-0.0371211824378859,0.232295360055646,-0.159801652641679,0.873037322193494,-0.496672321480941,0.206915515542103,-2.40036287360906,0.016378826156673,-2.62605608871449,1.84491166113718,-1.42340478627352,0.154618845797001,0.592493556170823,1.84549829226051,0.321048011074067,0.74817400752208,-3.21854964488531,2.71855040343022,-1.18392126952077,0.23644422974894
0,"",154610.468138519,0,0.044850664785653,0.347615213252227,0.282256174835598,0.000211297097168983,0.0190310009311799,0.0237612848362547,-0.287935804159625,0.221827007792797,51.2312418195753,-1.29801960106039,0.200094175870238,0.207566408529932,0.103463262093039,19043.926731595,2.00618465270579,0.044850664785653,-1.18783110401712,1.25187186509621,46.4069772040279,-0.948843996846137,0.347615213252227,1.42942662477208,1.31461835986518,48.5747365497877,1.08733201088008,0.282256174835598,-0.495502212689557,0.245021496833705,-2.02228057167511,0.0431473745765132,-0.0803693956296939,0.244516261356678,-0.328687324040417,0.742392036424388,-0.415132817059863,0.206926524186078,-2.00618465270579,0.0448365506843382,-2.6172577287892,1.81587316738477,-1.44132188073388,0.149493768489489,0.241595520754969,1.81477652547088,0.133126871195494,0.894093044146967,-2.85885324954417,2.62923671973036,-1.08733201088008,0.276890106504665
0,"",154738.703917711,0,0.415971821142572,0.251385821497475,0.234919470115914,3.47448187576691e-05,0.0291079600729936,0.0292764904623707,-0.275846870843871,0.224484779532778,51.3547795042798,-1.22879988308336,0.224748052105121,0.084443652359265,0.10380961697182,19043.8038998312,0.813447297297976,0.415971821142572,-1.3959344654219,1.20139397465045,45.0316988192639,-1.16192897157492,0.251385821497475,1.64286657309637,1.36575999974619,47.9769175892012,1.20289551121843,0.234919470115914,-0.360290523203136,0.247577392642225,-1.45526422811873,0.145596125790149,-0.191403218484606,0.247073147646419,-0.774682397937143,0.438527354609912,-0.16888730471853,0.20761923394364,-0.813447297297976,0.415961651233665,-3.03880103851827,1.81999262204722,-1.66967766885784,0.0949831542922319,0.246932107674467,1.81794460151016,0.135830380897933,0.891955373151373,-3.28573314619274,2.73151999949238,-1.20289551121843,0.229016757612181
0,"",154836.861370538,0,0.701652988451342,0.0885999127169084,0.151753238846709,7.70703142572814e-06,0.0620101134683761,0.0426056040113649,-0.284804709007899,0.221027150553549,51.1740005885513,-1.2885507879671,0.203349595192154,0.0398718674622508,0.104078051628877,19042.517791168,0.383095828930643,0.701652988451342,-2.21086582194453,1.27070703708049,45.7898827628764,-1.73987060544192,0.0885999127169084,1.94153109128204,1.33282863714113,47.6830715282007,1.45669971155974,0.151753238846709,-0.32467657647015,0.24456131640068,-1.32758762198602,0.184314375916874,-0.244932841545648,0.244049680896605,-1.00361877403731,0.315562401838446,-0.0797437349245016,0.208156103257753,-0.383095828930643,0.701648712189309,-4.15239691322658,1.84154235211886,-2.25484736120723,0.0241429113208338,-0.269334730662484,1.84146106814432,-0.146261430839751,0.883715012101731,-3.88306218256409,2.66565727428226,-1.45669971155974,0.145199289447956
0,"",155033.917987329,0,0.876997558501335,0.10168827973076,0.192819744604381,1.2580820778729e-06,0.0580908420164821,0.0356270927429941,-0.256458548028875,0.213929420276316,51.0745912096923,-1.19879980835561,0.236138452997161,0.0161932718080427,0.1046222098502,19041.9715207693,0.154778529637527,0.876997558501335,-2.19640110805851,1.31467818987846,45.256997688754,-1.67067585434087,0.10168827973076,1.75559280227332,1.32885303106505,47.2452658576194,1.32113391114912,0.192819744604381,-0.272651819836917,0.238406349690133,-1.14364328043819,0.252771604788377,-0.240265276220832,0.237877320766032,-1.01003860076745,0.312476796690584,-0.0323865436160854,0.209244419700399,-0.154778529637527,0.876995918080134,-3.95199391033183,1.86870923571026,-2.11482548210864,0.0344448241894757,-0.440808305785185,1.86986203624677,-0.235743759293593,0.813631511696436,-3.51118560454665,2.6577060621301,-1.32113391114912,0.186456717705882
0,"",155124.906264607,0,0.88817452582229,0.0816118992968759,0.183127122599584,1.03830270649757e-06,0.0649539636732689,0.036763524290868,-0.239384486812873,0.20919762279569,51.063603641325,-1.14429831282865,0.257835631588262,0.014747647216191,0.104878616217485,19043.5164815531,0.140616340566595,0.88817452582229,-2.3023131227376,1.29290371875202,45.6482091408439,-1.78073052876661,0.0816118992968759,1.81884715669366,1.34652215354582,47.8058657121847,1.35077403064187,0.183127122599584,-0.254132134029064,0.234285594715636,-1.08471088176598,0.27804972676797,-0.224636839596682,0.233744730753156,-0.961034881397639,0.336534629571764,-0.029495294432382,0.209757232434969,-0.140616340566595,0.88817303860073,-4.12116027943126,1.86641619148923,-2.20806071990994,0.0272400407135474,-0.483465966043936,1.86706573854586,-0.258944265358582,0.795678243809401,-3.63769431338733,2.69304430709164,-1.35077403064187,0.176767829355491
0,"",155237.974040404,0,0.842656681820751,0.0602080412077941,0.193394612704234,2.06891104165743e-06,0.0742000110894786,0.033828752426945,-0.207508187536661,0.206231289801886,51.2988058089728,-1.00619158099628,0.319046126462299,0.0208806298542654,0.105192549405246,19044.7165134622,0.198499132993007,0.842656681820751,-2.44182721531182,1.26757144329662,46.3018312308147,-1.92638231811318,0.0602080412077941,1.82993137040711,1.38791463652139,49.6491960516614,1.31847544672745,0.193394612704234,-0.228388817390927,0.231784600780971,-0.985349400354458,0.32445247503455,-0.186627557682396,0.231234801723823,-0.807091131140786,0.419613981377731,-0.0417612597085309,0.210385098810493,-0.198499132993007,0.842654563026757,-4.27175858571893,1.87925857908997,-2.27310846588633,0.0230196443890851,-0.611895844904714,1.88002021190719,-0.325473014082107,0.744823103403737,-3.65986274081422,2.77582927304279,-1.31847544672745,0.187344539127106
0,"",155266.414360295,0,0.461549527541126,0.0907476539331128,0.15250567711854,2.84649614324495e-05,0.0626452683968723,0.0401043172990456,-0.149628681252447,0.20710153986499,51.1700745601085,-0.722489467485326,0.473282815897657,0.0775124626531318,0.105271129453321,19045.9019026921,0.736312634391391,0.461549527541126,-2.11564210524465,1.22377719527784,44.7193408080768,-1.72878046216927,0.0907476539331128,2.06428441537828,1.42104731754438,50.5073868967812,1.45265002079272,0.15250567711854,-0.227141143905579,0.232595633379461,-0.976549476038602,0.328792242409397,-0.0721162185993156,0.232046091013107,-0.310784026933866,0.755964813459567,-0.155024925306264,0.210542258906642,-0.736312634391391,0.461540459010262,-4.17992652062293,1.87556080320777,-2.22862757286994,0.0258386948907833,-0.0513576898663679,1.87517569263122,-0.0273882015792896,0.97815010849595,-4.12856883075656,2.84209463508876,-1.45265002079272,0.146320950255969
0,"",155250.522669761,0,0.208286096474282,0.317519464444324,0.177127024543399,8.31533676954812e-05,0.0224094403602807,0.0353630596128396,-0.0857060318867472,0.211512127241705,50.4911722899701,-0.405206230982712,0.687037738132143,0.132391103970896,0.105211342901435,19040.4199207192,1.25833489355729,0.208286096474282,-1.27505502945835,1.2613059469574,44.5802971267481,-1.01090067206463,0.317519464444324,2.03258024501938,1.48520350464626,51.0901909357037,1.36855335895769,0.177127024543399,-0.218097135857644,0.23650371267776,-0.922172144311342,0.356438790438673,0.0466850720841492,0.235965266894314,0.197847220053191,0.84316460006726,-0.264782207941793,0.21042268580287,-1.25833489355729,0.208270666895096,-3.30763527447773,1.94666302196192,-1.69913089074049,0.0892945241720697,0.757525215561039,1.95037108341296,0.388400557208552,0.697719631937596,-4.06516049003877,2.97040700929253,-1.36855335895769,0.171138931864268
0,"",155186.308178407,0,0.294701476135691,0.633117055284104,0.15500066674045,5.76656519930084e-05,0.00505229416732774,0.0391599477666197,-0.042655315437195,0.201893223339863,50.78153355126,-0.211276608157322,0.833517039985361,0.110075501019723,0.105044658214093,19041.0610623194,1.04789241919734,0.294701476135691,-0.616213540059484,1.28222284473858,45.4827880828087,-0.480582250260188,0.633117055284104,2.11497080179839,1.46524285806843,51.1209034134684,1.44342679450863,0.15500066674045,-0.152730816456918,0.227863452832323,-0.670273422782318,0.502683506166649,0.0674201855825283,0.227307620996487,0.296603278354536,0.766769407684256,-0.220151002039447,0.210089316428185,-1.04789241919734,0.29468817536612,-2.73118434185787,1.94493712419865,-1.40425328298629,0.16024344029572,1.4987572617389,1.94917513227877,0.76891872716779,0.441941559344165,-4.22994160359678,2.93048571613687,-1.44342679450863,0.148900280625834
0,"",155102.2320161,0,0.222616964963256,0.661740982112881,0.0940348397014846,7.81154671456116e-05,0.00425806471262017,0.053903528357356,-0.00839155943238596,0.196515675463967,51.110906717426,-0.0427017306002373,0.966105685940374,0.127841475180827,0.104819133915029,19041.074495263,1.21963872821599,0.222616964963256,-0.560100396619078,1.27180601816702,45.3549350334121,-0.440397661764738,0.661740982112881,2.51215356940481,1.47233139482818,51.0974765213063,1.70624193590464,0.0940348397014846,-0.136233034613213,0.223005182416133,-0.610896272172723,0.541268252914057,0.119449915748442,0.222440130576879,0.536998047243807,0.591268962922715,-0.255682950361655,0.209638267830058,-1.21963872821599,0.222601858268032,-3.07225396602389,1.94347978706225,-1.58080057558401,0.113923642905448,1.95205317278573,1.94766190222163,1.00225463698761,0.316220625602099,-5.02430713880962,2.94466278965636,-1.70624193590464,0.087963043820062
0,"",155077.259894964,0,0.0691879426532783,0.582385716225721,0.0940387808866423,0.000173402730863931,0.00688212875181536,0.0534687846943061,-0.0366210694588604,0.203660947017133,50.8933610896283,-0.179813901463297,0.858012710039586,0.190358331949723,0.104748278025918,19042.2713478754,1.81729318645813,0.0691879426532783,-0.687124297481138,1.2403626160221,44.2844524423011,-0.553970499114828,0.582385716225721,2.46686701142494,1.44603199271536,51.5193410281218,1.70595603959817,0.0940387808866423,-0.226979401408583,0.229294768913179,-0.989902222734645,0.322221912975145,0.153737262490862,0.228744125886704,0.672092723233502,0.501524668753455,-0.380716663899445,0.209496556051836,-1.81729318645813,0.0691722327036661,-3.15399130890608,1.90416267737027,-1.65636652077536,0.0976476167274796,1.77974271394381,1.90609034006083,0.93371372622717,0.350451582616978,-4.93373402284989,2.89206398543072,-1.70595603959817,0.0880162647083427
0,"",155094.507511824,0,0.0573455257569412,0.62777388944996,0.0986475145321873,0.000189674146835921,0.00520200003211121,0.0519310930099687,-0.0965575807090657,0.20845392900878,50.7332687085907,-0.463208255024058,0.645196105536232,0.199195743082684,0.10479667812428,19044.7182360293,1.90078298900328,0.0573455257569412,-0.583773464259274,1.19585358314248,45.5719103796972,-0.488164665380878,0.62777388944996,2.4027395559963,1.4286750387276,51.6367526770625,1.68179571341585,0.0986475145321873,-0.29575332379175,0.233585256195645,-1.26614722439517,0.205460378042462,0.102638162373619,0.233042263587911,0.440427246085773,0.659627694992392,-0.398391486165369,0.20959335624856,-1.90078298900328,0.0573304431134713,-2.98651302025557,1.86369196875971,-1.60247136882985,0.109051413888921,1.81896609173703,1.86252746631468,0.976611687416427,0.328761430794151,-4.8054791119926,2.8573500774552,-1.68179571341585,0.0926084602406826
0,"",155152.763911931,0,0.205845342105348,0.591272748403133,0.206965694516123,8.40365146201452e-05,0.00629178667928771,0.0311528632613794,-0.163711632233527,0.20723953621708,50.8177416097279,-0.789963320811728,0.433220007207877,0.132779418558577,0.104954369438275,19043.90242079,1.26511568093091,0.205845342105348,-0.650799672967907,1.20349406361263,46.1840098443911,-0.540758523572893,0.591272748403133,1.86808892356143,1.46143099626532,50.8154473795651,1.27826009461638,0.206965694516123,-0.296491050792104,0.232573750429974,-1.27482594335759,0.202370855915101,-0.0309322136749501,0.23202745674219,-0.133312729921095,0.893946060441475,-0.265558837117154,0.20990873887655,-1.26511568093091,0.205829862492469,-2.51888859652934,1.89308387884979,-1.33057421526392,0.18332915141789,1.21728925059352,1.8933014719349,0.642945282955645,0.520259605006486,-3.73617784712286,2.92286199253065,-1.27826009461638,0.20115773327945
0,"",155272.394828658,0,0.259720969557118,0.597746650790343,0.358842097739001,6.67060509897336e-05,0.00621863937719303,0.016496127395452,-0.188695469874477,0.211745929274255,50.6382130694577,-0.891140956150695,0.377068341910133,0.118656493017918,0.105277373482609,19042.2705676481,1.12708447307074,0.259720969557118,-0.640390150543828,1.2050963481801,45.127494386578,-0.531401619058034,0.597746650790343,1.3739706442635,1.48390792906846,51.1134351443645,0.925913675200877,0.358842097739001,-0.307351962892395,0.236743329753645,-1.29824972560885,0.194201535973721,-0.0700389768565592,0.236203140708134,-0.296520091335718,0.766832925824768,-0.237312986035836,0.210554746965219,-1.12708447307074,0.259706767464382,-2.01436079480733,1.91127082580752,-1.05393791795899,0.291911341311719,0.733580493719675,1.91194239743659,0.383683365515202,0.70121314312972,-2.74794128852701,2.96781585813693,-0.925913675200877,0.354490843883694
0,"",155524.849272601,0,0.253942845815021,0.822603267421906,0.218081877121649,6.8342462305162e-05,0.00120687602169502,0.0289525740497038,-0.210456496777542,0.215912631322653,51.0049873171959,-0.974729896478558,0.334294628759478,0.120901636203568,0.105974191018946,19043.3712095922,1.14085925111665,0.253942845815021,-0.267674639736081,1.18649863926242,42.1204351989864,-0.225600460783066,0.822603267421906,1.86715333309507,1.49768108948284,52.1284169594993,1.24669620669365,0.218081877121649,-0.33135813298111,0.240787208986002,-1.37614508003361,0.16877672120664,-0.0895548605739744,0.240248011526246,-0.372760049105301,0.709327039408853,-0.241803272407136,0.211948382037893,-1.14085925111665,0.253928499037686,-2.13482797283115,1.91110225497747,-1.11706632508595,0.263965967581671,1.59947869335899,1.91032549701672,0.837280712557535,0.402434798101664,-3.73430666619014,2.99536217896568,-1.24669620669365,0.212508910246782
0,"",155519.774441731,0,0.265997602913148,0.899541321417622,0.148790955989158,6.49779428208099e-05,0.000387489160432388,0.0395961954667602,-0.252814805440419,0.214845120050911,51.2118577254501,-1.17673049953618,0.244743699901394,0.117857118469059,0.105952352526832,19041.2849005491,1.11235961881274,0.265997602913148,-0.15388281622227,1.21154570489323,41.6171917793301,-0.127013628623966,0.899541321417622,2.28052393046792,1.55612579833335,52.0931086253146,1.46551386328177,0.148790955989158,-0.370671923909478,0.2398199385559,-1.54562596480308,0.122194926734895,-0.134957686971359,0.239280275623305,-0.564015093261682,0.572743860316517,-0.235714236938119,0.211904705053664,-1.11235961881274,0.265983559588916,-2.4344067466902,1.97096045129665,-1.23513728806109,0.216779413938275,2.12664111424566,1.97333623338554,1.07768817004749,0.281172939567208,-4.56104786093586,3.1122515966667,-1.46551386328177,0.142780772843765
0,"",155460.809377906,0,0.183829838034731,0.839135643751754,0.132003873915945,9.2783267620837e-05,0.000954135805874049,0.0439591084480779,-0.231846656648207,0.216495880157801,50.9783433480942,-1.07090562868548,0.289255956205255,0.140593739077987,0.105780901239701,19037.3930302056,1.329103244823,0.183829838034731,0.264515935646469,1.29529230475835,43.6659932780411,0.204213315152689,0.839135643751754,2.34064110818695,1.52903478079244,50.963884182567,1.53079651136117,0.132003873915945,-0.372440395726194,0.241222882997171,-1.54396793164338,0.122596101572327,-0.0912529175702201,0.240689948072831,-0.379130571512724,0.704590905205658,-0.281187478155974,0.211561802479401,-1.329103244823,0.18381390991292,-2.07612517254048,2.00096004280394,-1.03756453308844,0.299472837073544,2.60515704383342,2.00689260758528,1.29810485822058,0.194251305121405,-4.6812822163739,3.05806956158488,-1.53079651136117,0.125819692097983
0,"",155394.762986118,0,0.142603819498792,0.865312678616628,0.129872127110185,0.000112903701041474,0.000641563914727666,0.0460640850792434,-0.159926652314134,0.218344538521886,50.8933885625796,-0.732450893421837,0.467253384586953,0.154840491477717,0.105604944252108,19038.966259925,1.46622388349611,0.142603819498792,0.235914227879263,1.38300670692314,45.3253377781319,0.170580682435095,0.865312678616628,2.08256389468626,1.35194089524848,49.1403232671202,1.54042525232103,0.129872127110185,-0.314767143791851,0.242806181097785,-1.2963720378481,0.194847340824864,-0.00508616083641691,0.24227802609061,-0.0209930752635187,0.983251179599066,-0.309680982955434,0.211209888504217,-1.46622388349611,0.142587304029084,-1.846649666807,1.93210390282968,-0.955771407584487,0.339187736792264,2.31847812256553,1.93594369234998,1.19759584523411,0.23107439436247,-4.16512778937253,2.70388179049697,-1.54042525232103,0.123456729950357
0,"",155341.789736685,0,0.157242458554655,0.670988401300345,0.107042433961575,0.00010506929652614,0.00389710059455346,0.05262413397558,-0.152543202308554,0.224452791340869,50.8894924443184,-0.679622656493907,0.49982329810667,0.149159461182227,0.105453092811343,19039.7617928076,1.41446265069793,0.157242458554655,-0.611890971203542,1.43136462828568,46.710026793179,-0.42748783860643,0.670988401300345,2.10150865239539,1.27980422104691,48.5414386580722,1.64205479075253,0.107042433961575,-0.301702663490781,0.248248538611602,-1.21532503344485,0.224242147764606,-0.00338374112632694,0.247732686025834,-0.0136588400207072,0.98910216128729,-0.298318922364454,0.210906185622686,-1.41446265069793,0.157226106195363,-2.71339962359893,1.9188490941323,-1.4140766107644,0.157339409708873,1.48961768119185,1.92130821072036,0.775314274347132,0.438153976632282,-4.20301730479078,2.55960844209383,-1.64205479075253,0.100578649708632
0,"",155387.632628475,0,0.12808335951806,0.230033854598839,0.119060048001907,0.000121600756323885,0.0302819546080675,0.048215885722614,-0.165570230105988,0.227464548450337,50.7810600497614,-0.727894659778761,0.47002118093543,0.160673183462361,0.105583102343656,19041.8381661259,1.52176986559267,0.12808335951806,-1.68626642765293,1.38679542755252,47.3466393569171,-1.21594461169296,0.230033854598839,2.01540303812703,1.27065077057978,49.6614861888269,1.58611877062604,0.119060048001907,-0.326243413568349,0.251030775995544,-1.29961520564371,0.193732885493773,-0.00489704664362614,0.250518211129507,-0.0195476672995026,0.984404211289515,-0.321346366924723,0.211166204687311,-1.52176986559267,0.128066754624845,-3.70166946577996,1.88076065683595,-1.96817678651752,0.0490477002285306,0.329136610474106,1.88102345254097,0.174977409255315,0.86109738452371,-4.03080607625407,2.54130154115957,-1.58611877062604,0.112712369601646
0,"",155454.409569099,0,0.0899348708897434,0.18013000394811,0.12305263731382,0.000150999396428736,0.0375289865546549,0.0469589719897814,-0.230352074603055,0.218639462117364,50.9851588666245,-1.05357044136618,0.297047138387534,0.179379678089011,0.105777068823135,19042.4414870085,1.69582765040449,0.0899348708897434,-1.87519315866628,1.37841463644077,47.4627710121805,-1.36039846726255,0.18013000394811,2.02612890154925,1.29166571661698,49.9375111983183,1.56861707753296,0.12305263731382,-0.409731752692066,0.243147702312162,-1.68511463935628,0.0919664557353525,-0.0509723965140439,0.242617394734767,-0.210093742741603,0.833594509068394,-0.358759356178022,0.211554137646269,-1.69582765040449,0.0899185244110858,-3.90132206021554,1.88863375514242,-2.06568481029893,0.0388582504724185,0.150935742882971,1.8894224000504,0.0798845948258816,0.936329042217117,-4.05225780309851,2.58333143323397,-1.56861707753296,0.116737190770075
0,"",155569.04085117,0,0.0468449137553684,0.146371961870594,0.111070205300817,0.000207468123925445,0.0435009999047732,0.0509188484603108,-0.31557710597643,0.214526529612188,51.4151230164437,-1.47103999932744,0.147374506840145,0.210896918092074,0.106094100334354,19042.172999782,1.98782889366548,0.0468449137553684,-2.06884882113211,1.40126174703246,47.9296503035267,-1.47641853887287,0.146371961870594,2.16470967970439,1.33405336290665,49.0769641013104,1.62265598955344,0.111070205300817,-0.526474024068503,0.239597208257095,-2.19732954276989,0.0279969192174304,-0.104680187884356,0.239057227169178,-0.437887568277846,0.661467787860248,-0.421793836184147,0.212188200668709,-1.98782889366548,0.0468306170193612,-4.23355850083651,1.93310534807866,-2.19002989415156,0.0285220688566958,0.0958608585722724,1.9363804974198,0.0495051766427135,0.960516711895682,-4.32941935940878,2.6681067258133,-1.62265598955344,0.10466296442123
0,"",155681.106361635,0,0.0477960066676524,0.23559296051478,0.1910189992529,0.000205702508123066,0.0296230369965095,0.0350241564734323,-0.301741797979592,0.211625871256191,51.5673764451647,-1.42582660706123,0.159944123163736,0.210610458289897,0.10640624399059,19041.3049238019,1.97930544666649,0.0477960066676524,-1.63768553238845,1.36318582896681,47.2782939054812,-1.20136631234619,0.23559296051478,1.87671613575339,1.41519762444301,48.4520047867862,1.3261159454617,0.1910189992529,-0.51235225626949,0.237144749814488,-2.16050431928301,0.0307336495982894,-0.0911313396896946,0.236596627037829,-0.385175988477315,0.700107031941897,-0.421220916579795,0.212812487981179,-1.97930544666649,0.0477816267422594,-3.51440166814184,1.96259074511262,-1.79069511913966,0.0733422333947688,0.23903060336494,1.96732239560486,0.121500473892307,0.90329463937349,-3.75343227150678,2.83039524888602,-1.3261159454617,0.184801295221602
0,"",155666.24485538,0,0.0263756657821591,0.393062432785968,0.213065590611897,0.000258994312338948,0.0156548708033037,0.0309921897381907,-0.289132080567038,0.206216468568983,51.5967765796115,-1.40208045736327,0.166878946654723,0.236203168711339,0.106359094841217,19037.9180225039,2.22080837622739,0.0263756657821591,-1.18881488816715,1.37905494164003,46.7264989209005,-0.862050417478915,0.393062432785968,1.89857023713032,1.5051878196453,49.7447166699737,1.26135105024815,0.213065590611897,-0.525335249278377,0.232307443861803,-2.2613793193424,0.0237357782649474,-0.0529289118556996,0.231750360205557,-0.228387614192931,0.819344917476029,-0.472406337422677,0.212718189682434,-2.22080837622739,0.026363943016988,-3.08738512529748,2.03736128604347,-1.51538421115929,0.129675133457299,0.709755348963175,2.04546444580981,0.346989824446535,0.728598963329464,-3.79714047426065,3.01037563929061,-1.26135105024815,0.207182395985742
0,"",155685.277212162,0,0.018358561181246,0.381709557279273,0.17796742100379,0.000292107176783823,0.0160498944120274,0.035636220851491,-0.333365004362604,0.202992024963335,51.4604001238936,-1.6422566572397,0.106634610415831,0.250968787147507,0.106409931487117,19037.3278984785,2.35850905681573,0.018358561181246,-1.28768363547808,1.45846858021356,47.788686617703,-0.882901183438269,0.381709557279273,2.01955493801203,1.47836044438222,50.5009937626979,1.36607749868197,0.17796742100379,-0.584333791510111,0.229473058448664,-2.54641566840333,0.0108835505164372,-0.0823962172150963,0.2289099973392,-0.359950278156708,0.718884316945841,-0.501937574295015,0.212819862974234,-2.35850905681573,0.0183485120491315,-3.30723857349012,2.07177443220466,-1.59633139693241,0.110414823825754,0.731871302533949,2.08161262199079,0.351588616826318,0.725146803278922,-4.03910987602407,2.95672088876445,-1.36607749868197,0.171914639995017
0,"",155661.958034765,0,0.0420526163059062,0.355522187846252,0.20099233583418,0.000217098147508531,0.0177813103626963,0.0318971351077982,-0.347524906534313,0.199564869251873,51.2922047691244,-1.74141324491184,0.0876062949694062,0.216207620681295,0.106341930135573,19036.2984634657,2.03313613365543,0.0420526163059062,-1.48142113483634,1.5879371814781,48.0767241572316,-0.932921750378934,0.355522187846252,1.8130764258923,1.39953170577845,50.9373756991286,1.295487925287,0.20099233583418,-0.563732527215608,0.226414127628763,-2.48982929254275,0.0127804464468688,-0.131317285853017,0.225845365458446,-0.581447777714876,0.560938704720844,-0.43241524136259,0.212683860271146,-2.03313613365543,0.0420387712957182,-3.29449756072864,2.11133800264095,-1.56038377398964,0.118669216941233,0.33165529105596,2.12196107744784,0.156296594966225,0.875799240179992,-3.6261528517846,2.7990634115569,-1.295487925287,0.195151964083959
0,"",155580.471563313,0,0.0333732310967151,0.34875095858218,0.12514217473184,0.000237718343968896,0.0184034830435396,0.0452076645549275,-0.299163202047196,0.200564803974198,50.9640786488818,-1.49160369177078,0.141967493691991,0.225811321112558,0.106128375573669,19039.8025950966,2.12771862277126,0.0333732310967151,-1.44032402093454,1.52203454365466,47.764405023939,-0.946314935452176,0.34875095858218,2.06905770775106,1.32717382522501,51.3317941373973,1.55899526378941,0.12514217473184,-0.524974523159754,0.227196066273367,-2.31066730938947,0.0208512382472356,-0.0733518809346386,0.22662941746414,-0.323664428719829,0.746192104120479,-0.451622642225115,0.212256751147337,-2.12771862277126,0.0333604199305878,-3.5093817286856,2.01608834317823,-1.74068846762602,0.0817382008424399,0.628733686816521,2.02270779436421,0.310837624973976,0.755924064941817,-4.13811541550213,2.65434765045003,-1.55899526378941,0.118997501148154
0,"",155552.807036678,0,0.088447890138277,0.30758238573834,0.0565367469256573,0.000152421142123162,0.0220810165881179,0.0692032746121758,-0.289895724803802,0.202527908797922,51.2416293362871,-1.43138655074474,0.158390666070332,0.180683596886204,0.10605178943264,19041.0126284825,1.70372982721774,0.088447890138277,-1.46162115526044,1.41701685395017,47.1197981988421,-1.031477608178,0.30758238573834,2.76386201540502,1.41662053609175,51.1981006201871,1.95102495339375,0.0565367469256573,-0.470579321690007,0.228895250446878,-2.05587193605496,0.0397948618301672,-0.109212127917598,0.228333169055023,-0.478301634272331,0.632435533355213,-0.361367193772408,0.21210357886528,-1.70372982721774,0.0884315730613123,-4.22548317066546,2.00018737964871,-2.11254366148814,0.0346398451584899,1.30224086014458,2.00717499526211,0.648792887126679,0.51647225558492,-5.52772403081005,2.83324107218349,-1.95102495339375,0.051054077472562
0,"",155574.159237525,0,0.318420777837824,0.422555368707472,0.0344628472484102,5.22783608102068e-05,0.0137842738152364,0.0827907110737477,-0.306576723035898,0.199005757719683,51.1000005377189,-1.54054197501028,0.129598581498337,0.105868960325793,0.106109346607654,19040.8069200108,0.997734541870757,0.318420777837824,-1.11989219607699,1.38414015086371,46.8360579938724,-0.809088729474524,0.422555368707472,3.27019267605823,1.50601222341339,52.2367948000853,2.17142505566542,0.0344628472484102,-0.412445683361691,0.225811706476134,-1.82650266364858,0.0677745804012265,-0.200707762710104,0.22524218810985,-0.891075354907404,0.372888745427367,-0.211737920651587,0.212218693215309,-0.997734541870757,0.318408098818132,-4.39008487213523,2.04121571062718,-2.15072069516178,0.0314982518831203,2.15030047998124,2.04970045891977,1.04908035250892,0.29414113797005,-6.54038535211646,3.01202444682679,-2.17142505566542,0.029899056617075
0,"",155523.71973234,0,0.129867541411339,0.621523192265079,0.0364513826951922,0.000120472956483657,0.00529879582212632,0.0791329889389012,-0.284569280941979,0.195332302583248,50.9371370013617,-1.45684700983187,0.15129588608649,0.160526328333776,0.105979662334147,19041.6943398864,1.51468993954375,0.129867541411339,-0.686880862469105,1.38199823291523,46.3727996188444,-0.497020072898484,0.621523192265079,3.10526991708582,1.44724754590386,53.5737952778575,2.14563840572724,0.0364513826951922,-0.445095609275755,0.222518751076691,-2.00026113359926,0.0454720735479401,-0.124042952608203,0.221941884152443,-0.558898348916435,0.576231096305723,-0.321052656667552,0.211959324668294,-1.51468993954375,0.12985094335144,-3.79215077955493,1.99768475936306,-1.89827286902065,0.0576601460274684,2.41838905461672,2.0045310553892,1.20646125592061,0.227639689328615,-6.21053983417165,2.89449509180772,-2.14563840572724,0.0319018388364669
0,"",155588.715229947,0,0.154731480980039,0.833938505015939,0.0801084734436379,0.000106348154079472,0.000966334967484969,0.0564801208997141,-0.254273847012731,0.199812615790444,50.9716891585669,-1.27256152474078,0.208948061232981,0.151065291589502,0.106154307756637,19040.4845571505,1.42307264567939,0.154731480980039,-0.301329598913158,1.42913677050745,45.9608898315681,-0.210847278673101,0.833938505015939,2.51801940520657,1.41134226324767,53.1751702144092,1.78413094454658,0.0801084734436379,-0.405339138602233,0.226544639519963,-1.78922414346738,0.0735787248997286,-0.103208555423229,0.225976023669306,-0.456723477771541,0.647869813545815,-0.302130583179004,0.212308615513274,-1.42307264567939,0.154715097126524,-2.81934900411973,2.00500062640696,-1.40615866498362,0.159677015300653,2.21668980629341,2.01211586987399,1.10167105159418,0.270604706532556,-5.03603881041314,2.82268452649535,-1.78413094454658,0.0744023900510093
0,"",155753.056356834,0,0.540257332746324,0.778394534847076,0.0679103503510808,1.96985520953484e-05,0.00168347566678754,0.0618724184425118,-0.242384272530661,0.207973138949288,50.9059798125968,-1.16545950960409,0.249265004988139,0.0652897759088114,0.106606873253234,19040.4445515885,0.612434957675963,0.540257332746324,-0.402178102067553,1.42104477768594,47.4988101889538,-0.283015784148947,0.778394534847076,2.61179978291982,1.40124023139673,52.6767994066296,1.86392006481032,0.0679103503510808,-0.307674048439472,0.23398267430889,-1.31494372114621,0.188528817414867,-0.177094496621849,0.233426245357634,-0.75867431423798,0.448047405753878,-0.130579551817623,0.213213746506469,-0.612434957675963,0.54025001901406,-3.01397788498738,1.99263937959607,-1.51255561635962,0.130392575349826,2.20962168085227,1.9987679193517,1.10549186799484,0.268946516148053,-5.22359956583965,2.80248046279346,-1.86392006481032,0.06233293054854
0,"",155872.084947524,0,0.478978023076576,0.738820742459019,0.0355641771020349,2.63253250866816e-05,0.00232382420881681,0.0829649585910052,-0.232788057633018,0.204142825573156,50.968945975228,-1.14031956293069,0.259483379111291,0.0757080803177277,0.106938178184749,19038.5439171623,0.707961194054872,0.478978023076576,-0.494907374145124,1.47583346411988,48.2791340970348,-0.33534093525943,0.738820742459019,3.04544505631472,1.41084653080007,51.5030820043133,2.15859414176514,0.0355641771020349,-0.308496137950746,0.230739236135581,-1.33699037544475,0.181225778486764,-0.15707997731529,0.230172846531685,-0.68244356222821,0.494958518246352,-0.151416160635455,0.213876356369498,-0.707961194054872,0.478969356323079,-3.54035243045985,2.03776414865601,-1.73737104600395,0.082321698518146,2.5505376821696,2.04564463410085,1.24681366433455,0.212465829013539,-6.09089011262944,2.82169306160015,-2.15859414176514,0.030881667647852
0,"",156001.738371508,0,0.440388411919478,0.985812234806845,0.0311208184592012,3.12680957912205e-05,6.80605584635987e-06,0.0892380176895958,-0.219918300495051,0.208894837983387,50.8067576122993,-1.0527703921173,0.297427543769609,0.0827847442852696,0.10729616061599,19037.8213009445,0.77155364935707,0.440388411919478,0.0264989670490702,1.4822432371661,46.9591763618208,0.0178776103574832,0.985812234806845,3.15411128860743,1.42216697292429,50.2004750890486,2.21782065584176,0.0311208184592012,-0.302703044780321,0.235119097779908,-1.28744558667742,0.197939023783829,-0.137133556209781,0.234559264786616,-0.58464352851095,0.558787432708501,-0.165569488570539,0.214592321231981,-0.77155364935707,0.440378835599894,-3.12761232155837,2.05007809696033,-1.52560642747987,0.127107910448029,3.18061025565651,2.05824867845606,1.5452993066136,0.122273883119502,-6.30822257721487,2.84433394584858,-2.21782065584176,0.0265670631535193
0,"",156030.224090764,0,0.383998631028639,0.756252610856758,0.0538227033286871,3.9811214304525e-05,0.00212710768786203,0.0738491614203061,-0.21695756243177,0.221831599052903,50.6678875273665,-0.978028213104252,0.332707171394578,0.0934671123015696,0.107362820896285,19036.5002220746,0.870572433932793,0.383998631028639,0.450077938733778,1.4412996834715,45.7459464136836,0.312272280286446,0.756252610856758,2.88573528497046,1.46051081685589,48.9597938048915,1.97583972105234,0.0538227033286871,-0.310424674733339,0.246714383221205,-1.2582350111911,0.20830677658661,-0.1234904501302,0.246178960128871,-0.501628774715577,0.615928674625375,-0.186934224603139,0.214725641792571,-0.870572433932793,0.383987653340289,-2.43565734623668,2.0478667109322,-1.18936322038653,0.234296767375103,3.33581322370424,2.05599493718053,1.6224812441799,0.104700345852734,-5.77147056994092,2.92102163371178,-1.97583972105234,0.0481729330871766
0,"",156044.274625566,0,0.253354681364178,0.666165578527992,0.0972071693815407,6.85450015910613e-05,0.00410964244464855,0.0536476254600201,-0.156248860496215,0.228653053083496,50.2740238521721,-0.683344737317628,0.49752640842016,0.12266865780885,0.107389909252894,19034.2038210127,1.14227359592953,0.253354681364178,0.62595744585981,1.44153655004791,45.6925917062721,0.434229326921337,0.666165578527992,2.54847609999273,1.50797348494226,50.3820798208243,1.69000060375088,0.0972071693815407,-0.278917518305065,0.252877094956039,-1.10297659957519,0.270037327314634,-0.0335802026873652,0.25235450745745,-0.133067576346055,0.894139937393033,-0.2453373156177,0.214779818505789,-1.14227359592953,0.25334031293673,-1.92251865413292,2.08140736880791,-0.923662846083807,0.355661881957602,3.17443354585254,2.09087701166233,1.51823064108813,0.128956265614427,-5.09695219998547,3.01594696988452,-1.69000060375088,0.0910278391374091
0,"",156037.532857267,0,0.25416605480785,0.626782723040082,0.105139749823729,6.83131295408146e-05,0.0053073787542171,0.0502246020548842,-0.157172547551267,0.233983797987308,50.2232032596557,-0.671724063389176,0.504837652736051,0.122435527318141,0.107369152173287,19033.6471475494,1.14032312670718,0.25416605480785,0.698828571073361,1.4272783852053,44.9296196320316,0.489623172547968,0.626782723040082,2.45299985782866,1.48712445634773,51.4523038733718,1.64949197584515,0.105139749823729,-0.279608074869408,0.257698909564209,-1.08501846337747,0.27791347785921,-0.0347370202331255,0.257185491673557,-0.135066017943255,0.892559677684034,-0.244871054636282,0.214738304346573,-1.14032312670718,0.25415170629888,-1.75417128675531,2.0569912532759,-0.852785000403704,0.393778543454789,3.15182842890203,2.06545696131147,1.52597148618423,0.127016965818114,-4.90599971565734,2.97424891269546,-1.64949197584515,0.0990468857278574
0,"",156096.990776427,0,0.228162828897494,0.838755965153611,0.126976885830048,7.630560424604e-05,0.0009393832049421,0.0451762772212131,-0.21048849989061,0.234173770711437,50.4821670046729,-0.898856004458273,0.372996844890182,0.129595760886629,0.107535528241609,19032.1595574264,1.20514366745338,0.228162828897494,0.298071253536059,1.45629432551099,44.5544330331786,0.20467789258979,0.838755965153611,2.28188082058969,1.47074240961313,50.8774628220297,1.55151629930215,0.126976885830048,-0.340084260777239,0.257941402520839,-1.31845549979036,0.187351212388116,-0.0808927390039814,0.257427120390241,-0.314235496560556,0.753342184739703,-0.259191521773258,0.215071056483217,-1.20514366745338,0.228147844734478,-1.98380956705363,2.06536566686972,-0.960512513050681,0.336797336372025,2.57995207412575,2.07413053061183,1.24387160598071,0.213546821040803,-4.56376164117939,2.94148481922627,-1.55151629930215,0.120778004356962
0,"",156105.881237319,0,0.198946124100234,0.833908306688993,0.0684061062576067,8.66967571252647e-05,0.00100815586114014,0.0625726637919749,-0.175641214867264,0.239422039609188,50.5560450932905,-0.733605039677909,0.466577975582461,0.138169827541505,0.10755825353585,19032.614044731,1.28460460261612,0.198946124100234,0.2991997671264,1.41843150506638,44.0899927922287,0.21093705692359,0.833908306688993,2.75871621537551,1.48233903971184,51.8885974714462,1.86105616965455,0.0684061062576067,-0.313811042408769,0.262725120159148,-1.19444627989389,0.232303442613627,-0.0374713873257593,0.262219170058126,-0.142901021757688,0.886368351609822,-0.276339655083009,0.2151165070717,-1.28460460261612,0.198930489497215,-2.45951644824911,2.04770021317676,-1.20111158480248,0.229707919797494,3.05791598250192,2.05559669278613,1.48760503129496,0.136855085806902,-5.51743243075103,2.96467807942368,-1.86105616965455,0.0627362449528872
0,"",156105.617878071,0,0.0764991339425986,0.662915786387938,0.0535972967751863,0.000164825593061355,0.00444975907298716,0.0693393179450476,-0.183517086778161,0.234532217871992,50.845754266348,-0.782481351360968,0.437560866852829,0.190561273247976,0.107572601399735,19035.7377785239,1.77146662596601,0.0764991339425986,0.584257566093964,1.33114124193033,43.1009752076375,0.438914780558307,0.662915786387938,2.92064581861033,1.47908594111737,52.3338603404246,1.97462888221622,0.0535972967751863,-0.374078360026137,0.258283616206467,-1.44832399948708,0.147526458765333,0.00704418646981478,0.257767385801683,0.0273276871234374,0.978198373980269,-0.381122546495952,0.215145202799471,-1.77146662596601,0.0764831377584386,-2.33638825251636,1.98763887520321,-1.17545912472531,0.239811081128091,3.5049033847043,1.99212352933715,1.7593805469837,0.078512893788284,-5.84129163722066,2.95817188223475,-1.97462888221622,0.0483102789379338
0,"",156163.831762108,0,0.143999103920221,0.406458322633461,0.10958347212916,0.000112132693274213,0.0164792400248631,0.0486586457452212,-0.210174109486364,0.235746133993747,51.0950056519439,-0.891527279475721,0.376825610813896,0.157418289333298,0.107738121015452,19036.6545192975,1.46111968400415,0.143999103920221,1.07970258378533,1.28754334375769,41.9692218694178,0.838575717873867,0.406458322633461,2.44665797536322,1.50283088221774,51.8206267226693,1.62803280416534,0.10958347212916,-0.367592398819662,0.259456315896663,-1.41677953588946,0.156547394588794,-0.0527558201530658,0.258939964021019,-0.203737651515173,0.838558517592943,-0.314836578666596,0.215476242030904,-1.46111968400415,0.143982599183081,-1.36695539157789,1.97741904450269,-0.691282606677672,0.48938796009139,3.52636055914855,1.98049260731826,1.78054719624706,0.0749864525955847,-4.89331595072644,3.00566176443549,-1.62803280416534,0.103517930181758
0,"",156210.089177194,0,0.162183923312263,0.39286058896357,0.23268075762401,0.000102604971078371,0.0175417979250064,0.0271560837093544,-0.208640874138668,0.23154825277398,51.3721913531214,-0.901068661236358,0.371756864597239,0.150799156158635,0.107881801920881,19040.9439135688,1.39781829255344,0.162183923312263,1.08277806953081,1.2541124190907,41.7489871623187,0.863381984779232,0.39286058896357,1.76272524434045,1.45981925676355,52.2332562158194,1.2074955417758,0.23268075762401,-0.359440030297303,0.255709907946772,-1.40565546788325,0.159826456538985,-0.0578417179800328,0.255183455722764,-0.226667194455087,0.820682538211517,-0.301598312317271,0.215763603841763,-1.39781829255344,0.162167639769987,-0.679947174809637,1.92467018142196,-0.353279840552883,0.723878657311483,2.84550331387126,1.92441812946553,1.47863048591293,0.13923910025487,-3.5254504886809,2.9196385135271,-1.2074955417758,0.227241360959705
0,"",156139.81179739,0,0.0616411487654178,0.326506853584665,0.23220310732015,0.000183377983593607,0.0230726245259476,0.0272656717532978,-0.151365827341239,0.228855342653328,51.5691924912099,-0.661403948827749,0.511297763400648,0.201280444063914,0.107695433006799,19045.0338981316,1.86897845567143,0.0616411487654178,1.19495736470656,1.20356894170302,41.7376657804007,0.992844965753037,0.326506853584665,1.70647135406212,1.41173392395668,52.127913669031,1.20877689846779,0.23220310732015,-0.352646271405153,0.253194729756763,-1.39278677618578,0.163684278415083,0.0499146167226754,0.252662971419217,0.197554142747167,0.843393916369153,-0.402560888127828,0.215390866013599,-1.86897845567143,0.061625811826988,-0.511513989355566,1.85765133535938,-0.275355218505851,0.783043345138895,2.90142871876869,1.85263953730942,1.56610536498774,0.117323952320343,-3.41294270812425,2.82346784791336,-1.20877689846779,0.226748569132916
0,"",156171.846452801,0,0.038756582780221,0.459385814442252,0.220973156447255,0.000224299164469388,0.0123487937556886,0.0287935725649955,-0.126811992589303,0.230809317814104,51.4080778390014,-0.549423193960646,0.585093988533227,0.222768764555743,0.107778904239111,19042.1501882862,2.06690507876684,0.038756582780221,0.934896660108923,1.25265082989039,44.5498469977532,0.746334603227562,0.459385814442252,1.75565664891331,1.4171182597938,51.7705736945243,1.23889212264386,0.220973156447255,-0.349580757145046,0.254997230523242,-1.37091981912008,0.17039995234581,0.0959567719664397,0.254469800178857,0.37708510754123,0.706110358162826,-0.445537529111485,0.215557808478221,-2.06690507876684,0.0387430990912751,-0.820759988804389,1.89231876568147,-0.433732415325286,0.664482764642613,2.69055330902224,1.89046190566802,1.42322535088137,0.154670838894393,-3.51131329782663,2.83423651958761,-1.23889212264386,0.215385451314291
0,"",156217.336494029,0,0.0440646460601483,0.523726203093128,0.32139129667417,0.00021293046920434,0.00918351380849449,0.0193085400157211,-0.113186256349299,0.230158843434982,51.2933006103177,-0.491774526931324,0.624976785017899,0.217256860602965,0.10789426452213,19037.9414093962,2.01360898621636,0.0440646460601483,0.834656442218741,1.29871660382943,44.5626546702906,0.64267788658253,0.523726203093128,1.50803884054804,1.50600406375042,50.9278947580116,1.00135110976563,0.32139129667417,-0.330443116952264,0.254456914003043,-1.29862109759106,0.194073993989297,0.104070604253666,0.253929537415891,0.409840482965231,0.681922967217166,-0.434513721205931,0.21578852904426,-2.01360898621636,0.0440506022281781,-0.673382398329299,1.98686942801174,-0.338916281480637,0.734672798733284,2.34269528276678,1.99042105852567,1.17698477552386,0.239201582926843,-3.01607768109608,3.01200812750085,-1.00135110976563,0.316657091561967
0,"",156303.689653058,0,0.0383761646797824,0.688652437606857,0.370906370023709,0.000225215096810665,0.00354824396061301,0.0160341407053654,-0.075770509173537,0.227282990906485,51.2819223461481,-0.333375185144025,0.740210355312518,0.223955639769151,0.108141083213588,19039.1368876016,2.0709579848282,0.0383761646797824,0.538825722411143,1.3362354459228,45.6639492090541,0.403241602410145,0.688652437606857,1.3405917667277,1.48476347034413,50.0279707389747,0.9028992115606,0.370906370023709,-0.299726148942688,0.251965320538809,-1.18955318256396,0.234222056308561,0.148185130595614,0.25143106592819,0.589366831217014,0.555615221844402,-0.447911279538301,0.216282166427176,-2.0709579848282,0.038362722611034,-0.801766044316554,1.99533174262777,-0.401820923903442,0.68781582203748,1.87941748913884,1.99968664957281,0.939855996708452,0.347291431097715,-2.6811835334554,2.96952694068827,-0.9028992115606,0.36657938914017
0,"",156383.453810589,0,0.0461765420156049,0.602380350209351,0.296662906023985,0.000208802189452647,0.00588167801017707,0.0216170449006358,-0.0375960501428355,0.226231595004238,51.2563125586346,-0.166183906107948,0.868666031413318,0.216064210730445,0.108362271472546,19036.3522103225,1.99390625348034,0.0461765420156049,0.742922314561402,1.41627620333029,46.5080062945946,0.524560331391904,0.602380350209351,1.54906536797523,1.46892209095115,50.3331972428042,1.05455924280654,0.296662906023985,-0.25366026087328,0.251113062420141,-1.01014363183098,0.312426480708328,0.178468160587609,0.250576261436875,0.71223091750281,0.476321794564357,-0.43212842146089,0.216724542945093,-1.99390625348034,0.0461623004283097,-0.806143053413834,2.03709337674741,-0.395732008466391,0.692302739759879,2.29198768253664,2.04386676699332,1.12139779341308,0.262118574992341,-3.09813073595047,2.9378441819023,-1.05455924280654,0.291626952412856
0,"",156364.438104099,0,0.0371193664993859,0.59321618385079,0.15030045230646,0.000228272325533603,0.00641197731971741,0.039799804351548,-0.0364431593792609,0.238243752874658,50.62604357306,-0.152965855093938,0.879033263104341,0.225751768054139,0.10829525901765,19032.2888351637,2.0845951161846,0.0371193664993859,0.763261842646089,1.41862376414962,44.8566681109385,0.538029787696117,0.59321618385079,2.14229311697265,1.46706764102954,51.4444302588457,1.46025517642067,0.15030045230646,-0.2621949274334,0.261959244544424,-1.00089969296325,0.316875305009142,0.189308608674878,0.261444548646012,0.724087037405384,0.469012302148346,-0.451503536108279,0.216590518035299,-2.0845951161846,0.0371060681837171,-1.37903127432656,2.03735091886127,-0.676874691325803,0.49848546308236,2.90555495961874,2.04420227192596,1.42136372682986,0.155211045921247,-4.2845862339453,2.93413528205909,-1.46025517642067,0.14421995607356
0,"",156324.496310026,0,0.0153497752095773,0.579003334636708,0.13750523504884,0.000308656314368962,0.00686768069832847,0.043026749170792,-0.0795262110077758,0.242622035951021,50.6804409518475,-0.327778186742404,0.744429644469698,0.262267209850307,0.108185396068595,19034.5002449521,2.42423856990843,0.0153497752095773,0.784371363916809,1.40346724621636,45.1685258348961,0.558881132446386,0.579003334636708,2.11980396586599,1.40474805689233,50.6472400905295,1.50902786835352,0.13750523504884,-0.341793420858083,0.265902802767507,-1.28540736427262,0.198649969130857,0.182740998842531,0.265395485989228,0.688561066370015,0.491099528973806,-0.524534419700613,0.216370792137189,-2.42423856990843,0.0153405240689498,-1.33543260194918,1.9835961177344,-0.673238160737311,0.500795787257791,2.9041753297828,1.98781821875111,1.46098637309372,0.144019181125591,-4.23960793173198,2.80949611378466,-1.50902786835352,0.131291661137626
0,"",156278.532725925,0,0.00441411438732207,0.76630541200392,0.247063205372865,0.000425676318768722,0.00194193782083837,0.02738728942038,-0.10328118618483,0.244371347545306,50.8347645807974,-0.42264032679069,0.674340141398592,0.307676644417785,0.108059683976581,19036.9459229095,2.84728432561831,0.00441411438732207,0.416896134776344,1.39440559422721,45.9407405310944,0.298977669411453,0.76630541200392,1.5804354466708,1.34898530497576,48.7449888438999,1.17157350850401,0.247063205372865,-0.410957830602615,0.267449033537722,-1.53658371902343,0.12439528200833,0.204395458232956,0.266944780927054,0.765684414293941,0.443864102979877,-0.615353288835571,0.216119367953161,-2.84728432561831,0.0044093960847014,-1.16353931189446,1.93930432443396,-0.599977681292528,0.548521109884608,1.99733158144715,1.94096763644765,1.02903909572787,0.303461303719299,-3.1608708933416,2.69797060995153,-1.17157350850401,0.24136832918704
0,"",156292.484569478,0,0.00486456511279791,0.80105614272773,0.264999484944337,0.000416330808614604,0.00144738852104445,0.0251131225643087,-0.135502347706684,0.240052987921158,50.8081587585892,-0.564468490395076,0.574918989525935,0.304471137950293,0.108114246239522,19041.7567673562,2.81619812874385,0.00486456511279791,-0.329977874503335,1.30170359121065,44.3334228689038,-0.253496937959922,0.80105614272773,1.51585742969431,1.34448608957533,49.3466409343886,1.12746233780158,0.264999484944337,-0.439973485656977,0.263532678668346,-1.66952154806836,0.0950140635957123,0.16896879024361,0.263018595870174,0.642421459534415,0.520599569889816,-0.608942275900587,0.216228492479044,-2.81619812874385,0.00485956874782505,-1.84583530419765,1.87281260467141,-0.985595301736826,0.324331744467905,1.18587955519098,1.86995270438813,0.634176229381703,0.525965818766429,-3.03171485938863,2.68897217915067,-1.12746233780158,0.259547055453674
0,"",156299.061577626,0,0.00569338575261352,0.770537299517806,0.155207676635795,0.000401390358462417,0.00201161827823417,0.0406681336007482,-0.125513252836582,0.242751451684345,50.8487122289199,-0.517044293517921,0.607367071589841,0.299005391512793,0.108129587834158,19042.6616370837,2.76525045088849,0.00569338575261352,-0.369224245185624,1.25787419553134,42.7450588204811,-0.293530343890757,0.770537299517806,2.01038901559201,1.39266636942907,49.1564666146615,1.44355393346375,0.155207676635795,-0.424518644349375,0.265999635165618,-1.59593694211295,0.110502872618293,0.173492138676211,0.265489631081596,0.653479904165784,0.51344694072629,-0.598010783025586,0.216259175668317,-2.76525045088849,0.00568791067389578,-2.37961326077764,1.8781523620732,-1.26699692145897,0.205156390674433,1.64116477040639,1.87512077517253,0.875231500891129,0.381447956513796,-4.02077803118403,2.78533273885815,-1.44355393346375,0.14886449103631
0,"",156326.477778717,0,0.00171404912341682,0.840245835597483,0.244559723866682,0.000516256100482747,0.000985592560592453,0.028128792757558,-0.138021446521366,0.234612725908552,51.1172452270655,-0.58829479938426,0.558924890687326,0.339386045743938,0.108215215566517,19042.4070377875,3.13621373821804,0.00171404912341682,-0.254836621957887,1.25633795430609,41.704705013789,-0.202840820882976,0.840245835597483,1.65202082647731,1.40224485928025,47.955778489736,1.1781257856244,0.244559723866682,-0.477407492265304,0.258629557161044,-1.84591234469009,0.0649049339338636,0.201364599222572,0.25810478538644,0.780166082240919,0.435293123825888,-0.678772091487876,0.216430431133034,-3.13621373821804,0.0017114442424048,-1.9068574484352,1.88413672142716,-1.01205895875265,0.31150986405599,1.39718420451943,1.88132405942877,0.742660041749351,0.457687527445381,-3.30404165295463,2.8044897185605,-1.1781257856244,0.238746463595567
0,"",156426.045897396,0,0.00162906662915959,0.87192255344037,0.4061022605876,0.00052127942970093,0.000597912890321326,0.0139667705371458,-0.214437421320345,0.223331216220404,51.2171960169992,-0.960176660251196,0.341477438589575,0.341891856308293,0.108499078955456,19038.3091261204,3.15110376603892,0.00162906662915959,-0.21780496452473,1.34314330475598,43.9534714824668,-0.162160630033666,0.87192255344037,1.19907059006138,1.43102140418411,49.5670184019758,0.83791240756809,0.4061022605876,-0.556329277628639,0.248564523876654,-2.23816846005228,0.0252100715974324,0.127454434987948,0.24801903559063,0.513889729005798,0.607329088864551,-0.683783712616587,0.216998157910913,-3.15110376603892,0.00162654692277178,-1.41687555458611,1.96139011261064,-0.722383347135478,0.470058822451168,0.981265625536649,1.96383838918608,0.499667198146247,0.617309432932371,-2.39814118012276,2.86204280836823,-0.83791240756809,0.40207989977556
0,"",156578.00596886,0,0.00229924276356656,0.614463205517952,0.261926632087483,0.000488024964721487,0.00555148452941327,0.0243201783928793,-0.243171095095228,0.22173744194612,51.1101002908568,-1.09666230908498,0.277929372007637,0.332138404555983,0.10893376970797,19039.6555667268,3.04899394784905,0.00229924276356656,-0.700558923587349,1.38134376213307,46.0743234714441,-0.507157553964372,0.614463205517952,1.59535217601346,1.40651511054109,51.613688994392,1.13425882456373,0.261926632087483,-0.575309499651211,0.247326638364685,-2.32611215457881,0.0200125683028248,0.0889673094607543,0.246774497552766,0.360520679174845,0.718457795141481,-0.664276809111965,0.21786753941594,-3.04899394784905,0.00229609107234409,-2.29591109960081,1.97005035030898,-1.16540732029551,0.243854155574399,0.894793252426111,1.97273726278392,0.453579536062184,0.650131485195385,-3.19070435202692,2.81303022108218,-1.13425882456373,0.25668599546079
0,"",156550.787841333,0,0.000906589449994379,0.540822863609076,0.132488848644918,0.000578159971219505,0.00809289836185272,0.0436428215887143,-0.194111149170513,0.229270038157855,50.8713941397648,-0.846648566599294,0.401156392164268,0.361197122836306,0.108842164430405,19036.8479414355,3.31854042710866,0.000906589449994379,-0.847163991833815,1.37501425762929,46.5251183763864,-0.616112878199854,0.540822863609076,2.23790775030955,1.46391393310575,51.2106836207114,1.52871538394456,0.132488848644918,-0.555308272006819,0.25406205322056,-2.18571905944859,0.0288361656028716,0.167085973665793,0.253525555759084,0.659049827010609,0.50986377272222,-0.722394245672612,0.217684328860809,-3.31854042710866,0.000904892227891079,-3.08507174214337,2.00608737396319,-1.53785512145892,0.124084042475959,1.39074375847573,2.01072869191132,0.6916615673066,0.489149887855702,-4.4758155006191,2.9278278662115,-1.52871538394456,0.126335016862475
0,"",156669.139422432,0,0.000447167587139304,0.478143441723587,0.094338259084777,0.000647392764689854,0.0108879696208882,0.0544599737529431,-0.242975802992621,0.244599096308458,50.4735056298076,-0.993363453339215,0.325271398170398,0.383255865368998,0.10915324752441,19030.7194010265,3.51117235685808,0.000447167587139304,-1.04289973886931,1.45845456019594,46.4513024448597,-0.7150718077423,0.478143441723587,2.5396682191362,1.48951980952693,50.4735547341655,1.70502480255217,0.094338259084777,-0.626231668361619,0.268104271184467,-2.33577654542752,0.019502890645234,0.140280062376377,0.267593719083099,0.524227784034104,0.6001201184078,-0.766511730737996,0.218306495048821,-3.51117235685808,0.000446135039462478,-3.58256795800552,2.08055035204382,-1.72193283113105,0.0850816867961846,1.49676848026689,2.08873841513707,0.716589722015843,0.473627288166578,-5.0793364382724,2.97903961905386,-1.70502480255217,0.0881897987503012
0,"",156755.272706166,0,0.000523187772321957,0.482133399220755,0.093621827619333,0.000632109675897109,0.0104444802830669,0.0549490315636201,-0.277925595515764,0.254911615085799,50.4001169774997,-1.09028219613382,0.280774186130468,0.379471368923363,0.109383313578145,19027.8110574589,3.46918882332325,0.000523187772321957,-1.08511884833907,1.53171107718567,47.5504070812723,-0.708435725576159,0.482133399220755,2.52459913541218,1.4772307047197,50.2323383142252,1.70900802924429,0.093621827619333,-0.657396964439126,0.277636234083344,-2.36783561990608,0.0178924835219686,0.101545773407599,0.277141485732449,0.366404088291679,0.714063569525163,-0.758942737846726,0.21876662715629,-3.46918882332325,0.000522032415208242,-3.60971798375125,2.12310610407653,-1.70020611632189,0.0890921622092334,1.43948028707311,2.13286643480385,0.674904093188326,0.499736699809532,-5.04919827082436,2.95446140943941,-1.70900802924429,0.0874494621951824
0,"",156829.884270176,0,0.00101622007869847,0.519077070624833,0.0555841135785117,0.000567326862858178,0.00851163364326568,0.0721596372748917,-0.220401435517544,0.259816200041479,50.4758555747874,-0.848297509864118,0.400277270515309,0.360171731971233,0.109591055021499,19027.8284883389,3.28650665787072,0.00101622007869847,-1.03164104923763,1.58850197949801,49.1310910445014,-0.649442721855241,0.519077070624833,2.81758305951723,1.43716117285212,49.4221259969305,1.96051988652434,0.0555841135785117,-0.580573167488777,0.282227618098233,-2.05710968827544,0.0396756759954343,0.139770296453689,0.28173903860139,0.496098436154028,0.619824962520445,-0.720343463942466,0.219182110042998,-3.28650665787072,0.00101438375903998,-3.84922410875487,2.13727199326975,-1.80099871278716,0.0717030828465133,1.78594201027961,2.14700022776673,0.831831309183099,0.405504168732273,-5.63516611903448,2.87432234570425,-1.96051988652434,0.0499350559290547
0,"",156910.745940895,0,0.00354647265523202,0.791024388155169,0.0311923979238566,0.000446753082861226,0.00144027120426293,0.0917348234703052,-0.126036801973322,0.274778045670216,50.3412439464237,-0.458685851942443,0.648434016418133,0.320243509636774,0.109812372271355,19028.147187843,2.91627894938312,0.00354647265523202,-0.426375385011336,1.60035280027851,49.2133071129385,-0.266425868681665,0.791024388155169,3.10882590251938,1.4011604081814,48.7411220831998,2.21875088988162,0.0311923979238566,-0.446280311610097,0.2961424658742,-1.50697844124684,0.131816183302399,0.194206707663452,0.295673980726002,0.656827182380384,0.51129204391157,-0.640487019273549,0.219624744542709,-2.91627894938312,0.00354233636275376,-3.53520128753072,2.12277574125432,-1.6653672919033,0.0958395007667908,2.68245051750804,2.13133345630637,1.25857852489998,0.208182607793647,-6.21765180503876,2.8023208163628,-2.21875088988162,0.0265036767670493
0,"",156697.485145725,0,0.00391654618291661,0.84762890849911,0.0214405073787712,0.000437298355555395,0.00076298935644884,0.103797127557239,-0.157413710076533,0.278607373189537,50.3130947399044,-0.565001953374162,0.574583198956743,0.315050370362291,0.109196859189708,19027.0689934567,2.88515963462789,0.00391654618291661,-0.307224020922132,1.59045905980801,48.8669665553362,-0.19316688413169,0.84762890849911,3.29856082056189,1.38790051161949,48.7700630589441,2.37665509375231,0.0214405073787712,-0.472464080438824,0.299471513454243,-1.57765950754115,0.1146438534999,0.157636660285758,0.299013139400875,0.527189743573177,0.598061830372603,-0.630100740724582,0.218393718379416,-2.88515963462789,0.00391215234350371,-3.60578484148403,2.10673803610579,-1.7115487448782,0.0869798608418143,2.99133679963976,2.11502022434377,1.41433011618973,0.157264998372717,-6.59712164112379,2.77580102323898,-2.37665509375231,0.0174704152338804
0,"",156605.044925811,0,0.00389032681844458,0.651798159814704,0.0521943511632691,0.000437987389827537,0.00424937622538417,0.0754770499535679,-0.245284639430068,0.272012723071122,50.1563318616783,-0.901739582842726,0.371505194674654,0.314519899060655,0.108933147121907,19024.9835405619,2.8872745107481,0.00389032681844458,-0.72101909367123,1.58783710224595,48.3177879270423,-0.454088831059161,0.651798159814704,2.85644529842289,1.43510502081193,48.527423620426,1.99040854641204,0.0521943511632691,-0.559804538490723,0.293246646244271,-1.90898871533696,0.0562635474196338,0.0692352596305868,0.292781673906322,0.236474020750149,0.813064864120047,-0.629039798121309,0.217866294243814,-2.8872745107481,0.0038859503096473,-3.57746439209413,2.13521884797638,-1.67545560750582,0.0938448740637245,2.13542620475166,2.14530805230935,0.995393739585769,0.319544802230767,-5.71289059684579,2.87021004162386,-1.99040854641204,0.0465459492153571
0,"",156827.640776045,0,0.00339793943440637,0.586469783225228,0.119954785270343,0.000450906081108336,0.00619877549327438,0.0492659525664071,-0.285615581207386,0.268181655002312,50.1958302865762,-1.06500789998079,0.291968639023869,0.321002757736849,0.10957195284044,19025.5298503268,2.92960697893464,0.00339793943440637,-0.840000099193006,1.53384369519407,48.0828369591849,-0.547643871292066,0.586469783225228,2.43294280299057,1.53697836740096,48.3548956981801,1.5829388718754,0.119954785270343,-0.606618338944235,0.289939870399136,-2.09222118403086,0.0364187343326519,0.035387176529463,0.289464501124103,0.122250488028898,0.902700642614575,-0.642005515473698,0.219143905680879,-2.92960697893464,0.00339390965646826,-3.27294290218358,2.16570705444332,-1.51125836500766,0.130722637286485,1.59294270379756,2.1770785288144,0.731688215521124,0.464358890829608,-4.86588560598114,3.07395673480193,-1.5829388718754,0.113435397730407
0,"",156969.63952468,0,0.0139666920476375,0.55968033002052,0.155609731209438,0.000317492524333883,0.00711456210720237,0.0412710871486687,-0.285119312840339,0.261020819879072,50.435966384447,-1.0923240260008,0.279881041536488,0.270402239552055,0.109993548499695,19028.9458994858,2.45834635976677,0.0139666920476375,-0.875935973012313,1.49121144457471,48.1523220283917,-0.587398907243586,0.55968033002052,2.2235950459689,1.54148518501161,48.3373236928515,1.44250172988341,0.155609731209438,-0.555521552392394,0.283494833104331,-1.95954736214876,0.0500487189364536,-0.0147170732882834,0.283004554463251,-0.052002955628032,0.958526338351846,-0.540804479104111,0.219987096999391,-2.45834635976677,0.0139578485690586,-3.09953101898122,2.13970149762155,-1.44858103919009,0.147454619452452,1.34765907295659,2.14975668324531,0.6268891188756,0.530731920343294,-4.4471900919378,3.08297037002323,-1.44250172988341,0.149160883932984
0,"",156990.157826658,0,0.0650946329197932,0.62673122955818,0.0948052017362664,0.000178793011057222,0.00497207592180389,0.0568245017529413,-0.272634382653731,0.260205745090932,50.202258015397,-1.04776465469068,0.299765418402162,0.203018304041099,0.110054060239231,19029.6174344002,1.84471434856457,0.0650946329197932,-0.746929123811544,1.52595299783408,47.9483857677062,-0.48948370288713,0.62673122955818,2.56018103265657,1.50238040146265,48.1990419658479,1.7040830871889,0.0948052017362664,-0.47565268669483,0.282768304143732,-1.68212872420472,0.0925438815112044,-0.0696160786126323,0.28227635054785,-0.246623843894536,0.805199349680088,-0.406036608082197,0.220108120478461,-1.84471434856457,0.065079102510616,-3.30711015646812,2.1364653394739,-1.54793531884889,0.121637870101567,1.81325190884503,2.14636313279522,0.844802019350576,0.398221386962449,-5.12036206531315,3.0047608029253,-1.7040830871889,0.0883655658302294
0,"",157045.361445553,0,0.0827187547056635,0.918667777308516,0.0704639462077454,0.000158204327546559,0.000223892806047153,0.0657631139790875,-0.23250304167499,0.25610366447947,50.242944683926,-0.907847383392781,0.368292864831901,0.191253562179469,0.110218883018163,19029.1759997322,1.73521593525814,0.0827187547056635,0.156496339336773,1.52439080449108,47.0628626597835,0.102661560851529,0.918667777308516,2.76888170672563,1.49705241765447,48.5969967399911,1.84955561613788,0.0704639462077454,-0.423756603854459,0.279063913949554,-1.51849301422419,0.12889015925144,-0.0412494794955208,0.278564014543022,-0.148078995641952,0.882280425735363,-0.382507124358938,0.220437766036326,-1.73521593525814,0.0827025650051212,-2.61238536738886,2.13177360164339,-1.22545159831934,0.220405116060346,2.92537804606241,2.14135654279723,1.3661330972193,0.17189719166926,-5.53776341345127,2.99410483530895,-1.84955561613788,0.0643776248583346
0,"",157048.872528232,0,0.145367598831728,0.613324634215399,0.0682093963567585,0.000111422058676936,0.0054069066771911,0.0662736464667743,-0.179105860138346,0.257792465602044,50.5732867538202,-0.694767629147211,0.49038071456465,0.16050621108159,0.110226410603369,19027.9842826793,1.4561502112152,0.145367598831728,0.794855252471179,1.56257630922735,47.5981629135082,0.50868251859278,0.613324634215399,2.73189585612329,1.46500377211074,48.9924933930612,1.86477052696406,0.0682093963567585,-0.339612071219936,0.280617529301329,-1.21023113582922,0.226190213778052,-0.018599649056756,0.280120395687614,-0.0663987676124022,0.947060351342342,-0.32101242216318,0.220452821206739,-1.4561502112152,0.145351099674044,-1.93704060365211,2.13713734684705,-0.906371603355232,0.364739197754069,3.52675110859447,2.14671970914372,1.64285588545754,0.100412754204415,-5.46379171224658,2.93000754422149,-1.86477052696406,0.0622135761814383
0,"",157103.69794793,0,0.0979282723144163,0.446980570868618,0.097579388492505,0.000143978543087355,0.0121436048452954,0.0547890237014693,-0.161920135668106,0.265855408360514,50.5552208244635,-0.609053382312739,0.545216396188689,0.182656170153681,0.110362083492852,19022.5443290218,1.65506272057206,0.0979282723144163,1.24592454452578,1.62487806705194,47.8286495650115,0.766780332499835,0.446980570868618,2.60156268217243,1.54044773948129,49.2050689402196,1.68883540511958,0.097579388492505,-0.344576305821787,0.288094209604804,-1.19605425702399,0.231675386623674,0.020736034485575,0.287609981827859,0.0720977566696068,0.94252411149967,-0.365312340307362,0.220724166985704,-1.65506272057206,0.0979117758954777,-1.35563813764666,2.23246629498731,-0.60723789680075,0.543693045771899,3.84748722669822,2.24555342476295,1.71338040069315,0.0866425796044263,-5.20312536434487,3.08089547896259,-1.68883540511958,0.0912509768231595
0,"",157035.121593006,0,0.0311233360613081,0.41477013125939,0.166264000077522,0.000244266926697928,0.0140205403177502,0.0386418176417605,-0.257671725862842,0.265964183612145,50.4286498771404,-0.968821148634826,0.337258251487535,0.237448113511264,0.110151401872119,19018.9538531215,2.15565221572877,0.0311233360613081,1.38709863387536,1.68599211245384,47.5999753645796,0.822719527350897,0.41477013125939,2.22077273963161,1.58043164320235,49.1229548836274,1.40516848620657,0.166264000077522,-0.495119839374106,0.288112505406554,-1.71849478964978,0.0857064040084092,-0.0202236123515787,0.28763125843012,-0.070310898968208,0.943946207855644,-0.474896227022527,0.220302803744238,-2.15565221572877,0.0311108320182815,-0.833674105756253,2.30326773939072,-0.361952755860152,0.717387335413724,3.60787137350698,2.31853938609325,1.55609665082561,0.119685111312122,-4.44154547926324,3.16086328640471,-1.40516848620657,0.159971182747719
0,"",157088.539090121,0,0.025015813582249,0.46064687797386,0.227473964006658,0.000264076492796134,0.0116170974976755,0.0300850530020828,-0.320624267587256,0.265195416524901,50.3774181380645,-1.20901134638257,0.232302330130968,0.247233853305276,0.110306471268597,19018.2015892096,2.24133589318853,0.025015813582249,1.28228294706691,1.72378100637259,47.0794240365651,0.743878104194491,0.46064687797386,1.89023949569021,1.54623695976651,48.1797384199517,1.2224772430583,0.227473964006658,-0.567858120892532,0.287463112786493,-1.9754121333623,0.0482213969855619,-0.0733904142819803,0.286979462481537,-0.255734029353066,0.798156217050145,-0.494467706610552,0.220612942537194,-2.24133589318853,0.0250043256335661,-0.6079565486233,2.30813548995453,-0.263397253440818,0.792244407324923,3.17252244275713,2.32315517074735,1.36560935864501,0.172061607571584,-3.78047899138043,3.09247391953303,-1.2224772430583,0.221527204554667
0,"",157119.049485299,0,0.00733019214323668,0.639709842317959,0.313433565969438,0.000377966605297531,0.00483474052240159,0.0216096553842953,-0.311309760013537,0.267896245002542,50.5070531126925,-1.16205346592515,0.250675659169075,0.296071735156032,0.110402536716834,19020.3359460176,2.68174757537875,0.00733019214323668,0.771513089940316,1.63719316298651,45.7097440211081,0.471241333877153,0.639709842317959,1.57630368926295,1.54696020227341,47.009520245577,1.01896848215385,0.313433565969438,-0.60738149516957,0.289994095498148,-2.09446159283422,0.0362188809721521,-0.015238024857505,0.289512799330459,-0.0526333374301419,0.958024054346443,-0.592143470312065,0.220805073433668,-2.68174757537875,0.00732386995353064,-0.804790599322639,2.24569154291892,-0.35837094451386,0.720065732565968,2.34781677920327,2.25916890354784,1.03923915361805,0.298693525188645,-3.15260737852591,3.09392040454682,-1.01896848215385,0.308217929791324
0,"",157128.366838666,0,0.00196738719092493,0.879341209961122,0.222038177950745,0.000503354247019372,0.000502325850998762,0.0303683879840998,-0.261378866377404,0.272893739409607,50.6265284057947,-0.957804554046882,0.342713157184066,0.341891075943978,0.110446269136439,19027.4694610082,3.0955421004002,0.00196738719092493,0.230301215596139,1.50874449010384,46.3614836417332,0.152644279469938,0.879341209961122,1.83952676983955,1.48720852486777,48.8487571914551,1.23689902194657,0.222038177950745,-0.603269942321382,0.294634801228025,-2.04751760418993,0.0406072901880849,0.0805122095665741,0.294158251041096,0.273703726758037,0.784312313549979,-0.683782151887957,0.220892538272878,-3.0955421004002,0.00196453481728775,-1.60922555424341,2.11417349449589,-0.761160594640375,0.4465611514734,2.06982798543569,2.12284448344366,0.975025726838943,0.329547498645107,-3.6790535396791,2.97441704973555,-1.23689902194657,0.216124573211302
0,"",157223.988117087,0,0.000509472145028781,0.752987637533156,0.247688451347129,0.000634686271044458,0.00209529031063982,0.0266529339366429,-0.287447896584164,0.272051899138408,50.4575514783675,-1.05659213368668,0.295730452347236,0.384915691691072,0.110724930807329,19028.5442609609,3.47632361460545,0.000509472145028781,-0.479639870007848,1.51534863297337,47.714491276468,-0.316521135513691,0.752987637533156,1.73526791827156,1.48356881385013,49.9620656410241,1.1696578561585,0.247688451347129,-0.672363588275237,0.293961294541295,-2.28725210005763,0.0221811125884372,0.0974677951069079,0.293481259309364,0.332109093903558,0.739806883549151,-0.769831383382145,0.221449861614658,-3.47632361460545,0.000508338487457189,-2.21490778827941,2.11640004212989,-1.04654495567406,0.295309500430137,1.25562804826371,2.12493921593972,0.590900689697342,0.554586963853755,-3.47053583654312,2.96713762770027,-1.1696578561585,0.242138684350787
0,"",157294.095677661,0,0.00014610752051197,0.638241429508044,0.21823374241078,0.000757654756982387,0.00465256082246195,0.0305487778082355,-0.274364540898595,0.284528790918449,50.2606171594013,-0.964276901514802,0.33952394416988,0.421306802770245,0.110917983040892,19027.9714746315,3.79836336020394,0.00014610752051197,-0.723610779511673,1.52928364203126,47.8979155078394,-0.473169763687882,0.638241429508044,1.82653533719027,1.46458613309211,49.3581012493561,1.24713411927095,0.21823374241078,-0.695671343668841,0.305615921434684,-2.27629287244944,0.0228284864347877,0.14694226187165,0.305152047694878,0.481537852954464,0.630134283464311,-0.84261360554049,0.221835966081784,-3.79836336020394,0.000145654689128838,-2.55014611670195,2.11339341350302,-1.20665944182867,0.227563324652849,1.1029245576786,2.12155845496235,0.519865269372545,0.603157483613037,-3.65307067438055,2.92917226618422,-1.24713411927095,0.212348324309315
0,"",157250.772450593,0,0.000242991463835712,0.629499619953714,0.193801043611321,0.000707407298911635,0.00497568921694606,0.0348094953155396,-0.202644306377434,0.289959742713128,50.221616226622,-0.698870486231326,0.487856977521999,0.406628060183583,0.110790798413238,19028.7577323782,3.67023314216857,0.000242991463835712,-0.731160889086143,1.50568601919904,47.1560602797729,-0.485599839384235,0.629499619953714,1.91180541421348,1.45073921572646,48.1530706554562,1.31781466544016,0.193801043611321,-0.609272366561017,0.310632882148457,-1.96139044375165,0.0498334939081617,0.20398375380615,0.310176916199054,0.657636797430935,0.510771543553478,-0.813256120367167,0.221581596826476,-3.67023314216857,0.000242329342152758,-2.64296630329963,2.08732295948721,-1.26619902841912,0.205441835284934,1.18064452512734,2.09440974589828,0.563712295284878,0.572949948335017,-3.82361082842697,2.90147843145292,-1.31781466544016,0.187565697346422
0,"",157222.890854907,0,0.00271944242050288,0.603203010684066,0.232051613197818,0.000472177950263644,0.0058563636190213,0.0300650533798028,-0.222413087577137,0.276081290434886,50.5762798344898,-0.805607244253275,0.424240854136594,0.331963529652142,0.110721525272827,19028.5551039139,2.99818421787594,0.00271944242050288,-0.785919093645593,1.50165410215813,46.4982886437977,-0.523368925317818,0.603203010684066,1.77275906707542,1.46431976719774,47.2833467290635,1.21063657459733,0.232051613197818,-0.554376617229278,0.297693293061245,-1.86224087055675,0.0625691458939502,0.109550442075005,0.29721872996199,0.368585257359168,0.712436885973652,-0.663927059304283,0.221443050545654,-2.99818421787594,0.00271593451260453,-2.55867816072102,2.09367559547885,-1.22209867003575,0.221670316005959,0.98683997342983,2.10117047075316,0.469662022746827,0.638596504808415,-3.54551813415085,2.92863953439548,-1.21063657459733,0.226034720352652
0,"",157274.513183774,0,0.00736577133159936,0.72620093909892,0.256594798331911,0.000377401549214025,0.00259109591350644,0.0273222682878827,-0.28462236017479,0.278388781709541,50.630307062663,-1.02239162952965,0.311455987599513,0.297124344050703,0.110862059209341,19025.8021725897,2.68012651189929,0.00736577133159936,-0.54462828964534,1.54614479647765,47.7628042914777,-0.352249214230185,0.72620093909892,1.70982219073845,1.48879228727234,46.9554384060976,1.14846255273868,0.256594798331911,-0.581746704225493,0.299886646701468,-1.93988865667837,0.0523932229339367,0.0125019838759129,0.299415128271543,0.0417546833658144,0.966694260917313,-0.594248688101406,0.221724118418682,-2.68012651189929,0.00735943400332908,-2.2544504803838,2.14167063397048,-1.05265975291646,0.292496960778352,1.16519390109311,2.15113442355923,0.541664848245607,0.588049409616273,-3.41964438147691,2.97758457454468,-1.14846255273868,0.250777663456999
0,"",157333.524323689,0,0.0132755949853229,0.857236720556038,0.227591314322141,0.000322236445708745,0.000672613353284074,0.0299848811798664,-0.272267104852354,0.274507825036493,50.4830588683504,-0.991837317628958,0.326007223413282,0.274987548667479,0.111037824862187,19026.9659528962,2.47652139267655,0.0132755949853229,-0.280701227738812,1.55211337765105,48.5941561088994,-0.18085098149442,0.857236720556038,1.81389438497444,1.48422073252226,48.3173577073205,1.22211901857208,0.227591314322141,-0.547254653519834,0.296353910050441,-1.84662538593362,0.0648014523564692,0.00272044381512498,0.29587539456771,0.0091945591457502,0.992663906579819,-0.549975097334959,0.222075649724375,-2.47652139267655,0.0132669674100079,-2.09459561271325,2.14286719011304,-0.977473369501149,0.328334855459401,1.53319315723563,2.15222081706354,0.712377254731461,0.476231196410598,-3.62778876994888,2.96844146504453,-1.22211901857208,0.221662621992005
0,"",157315.573422494,0,0.0350651464503622,0.973265796045351,0.229593290068287,0.000233441377659332,2.35726677261531e-05,0.0293810201146174,-0.25121758581932,0.275408109790357,50.3219729487157,-0.912164808837868,0.366031308214166,0.233929085918914,0.110984898828074,19026.610819139,2.10775599553677,0.0350651464503622,-0.0530222956438345,1.57395502441662,48.140815750617,-0.0336873003493139,0.973265796045351,1.77272354972458,1.4571028800002,48.8971451866564,1.21660836311321,0.229593290068287,-0.485146671738234,0.297168054589598,-1.63256670508626,0.102560158519929,-0.0172884999004061,0.296691248175244,-0.0582710140819336,0.953532755682392,-0.467858171837828,0.221969797656147,-2.10775599553677,0.0350521009838273,-1.82574584536842,2.14033678639869,-0.853018018926078,0.393649311860445,1.71970125408075,2.14940105247275,0.800083935988748,0.423662167705748,-3.54544709944917,2.9142057600004,-1.21660836311321,0.223753259259617
0,"",157338.449690617,0,0.0216730419950075,0.959172016796783,0.207703721204934,0.000277022882948652,5.56339373193818e-05,0.0318653064911563,-0.256084555126237,0.282510950512443,50.1632992816368,-0.906458863494417,0.369026736616172,0.254999082272212,0.111050764339971,19028.219823529,2.29623887586723,0.0216730419950075,-0.079697012045256,1.5486304229121,47.6019283396328,-0.0514628996474129,0.959172016796783,1.82605562231013,1.43042150001959,49.5128162613048,1.27658569329748,0.207703721204934,-0.511083637398448,0.303787329477212,-1.68237312029429,0.0924965102947594,-0.00108547285402505,0.303319431110134,-0.0035786459510763,0.997144659741642,-0.509998164544423,0.222101528679942,-2.29623887586723,0.0216622268579731,-1.90575263435539,2.10446923582422,-0.905574005033621,0.365161372955008,1.74635861026488,2.11185533227157,0.826930985081466,0.408276179976192,-3.65211124462026,2.86084300003919,-1.27658569329748,0.201748555437418
0,"",157453.438847581,0,0.00665395065184715,0.945762903594575,0.214897338835891,0.000386865565048984,9.63913292108685e-05,0.0309891493079352,-0.307950911465598,0.284690865813307,50.2917455081832,-1.08170281679337,0.284544208763515,0.302318090218447,0.111392785960124,19032.0696395882,2.71398266604688,0.00665395065184715,-0.102643276355471,1.50103438526952,48.5064952872125,-0.0683816955579206,0.945762903594575,1.77149707168557,1.41001672199995,49.3572934677059,1.25636600193855,0.214897338835891,-0.610269001684045,0.305941962495349,-1.99472147170175,0.0460732662188111,-0.00563282124715181,0.305473401898547,-0.0184396455211592,0.985288125259947,-0.604636180436893,0.222785571920248,-2.71398266604688,0.00664796446584164,-1.87414034804104,2.05700257291792,-0.911102578438935,0.362241328013768,1.6688537953301,2.06185430600004,0.809394626222476,0.41828819222983,-3.54299414337115,2.8200334439999,-1.25636600193855,0.208983302131975
0,"",157500.29941794,0,0.00270555189281433,0.907933127505972,0.272458901053671,0.000472599220469905,0.000274429778666693,0.0241950026788929,-0.349967507069821,0.286742131155455,50.3349373578884,-1.22049559183923,0.227964051877117,0.334530272342036,0.111519564170139,19031.3862928186,2.9997451553134,0.00270555189281433,-0.175742776442366,1.5118604074052,49.2244807565539,-0.116242726895662,0.907933127505972,1.6434271316968,1.48092317120029,49.6676042251446,1.10973152669683,0.272458901053671,-0.684497779411857,0.307897631982499,-2.22313427681953,0.0262067469530132,-0.0154372347277856,0.307431901669476,-0.0502135095413174,0.959952246078046,-0.669060544684071,0.223039128340278,-2.9997451553134,0.00270205579298504,-1.81916990813917,2.11245961224776,-0.86116198273892,0.389148835290734,1.46768435525444,2.12019457776326,0.69224040597387,0.488786367841713,-3.28685426339361,2.96184634240058,-1.10973152669683,0.267114733252639
0,"",157502.648394805,0,0.00855037267640287,0.895535666532221,0.211487170795895,0.000363268556571165,0.000362388934256745,0.0310529668734346,-0.322663756527393,0.283058574727262,50.4448410641823,-1.13991867880453,0.259703884459246,0.293279567905338,0.111521604379337,19030.9292939243,2.62980047263091,0.00855037267640287,-0.20084624690581,1.52156732631542,48.0632079421759,-0.131999579270786,0.895535666532221,1.95779080873647,1.54680154122189,49.9873732095653,1.26570264934564,0.211487170795895,-0.615943324432731,0.304470399751936,-2.0229990335171,0.0430732471624289,-0.0293841886220547,0.304000371076807,-0.0966583972183068,0.922997679280062,-0.586559135810676,0.223043208758674,-2.62980047263091,0.00854349950691984,-2.15863705564228,2.16471442767968,-0.99719252943497,0.31867106642065,1.75694456183066,2.1747495762661,0.807883620718858,0.41915758117505,-3.91558161747294,3.09360308244378,-1.26570264934564,0.205619559462844
0,"",157585.854291723,0,0.0233444919276001,0.590670885651125,0.139638499255323,0.000270192557544434,0.00617947530608103,0.0434086606603572,-0.313733230255351,0.281955298949496,50.5021589763915,-1.11270556511707,0.271103455382439,0.25348514563074,0.111769274036047,19031.3426075405,2.26793229013,0.0233444919276001,-0.803966392191021,1.48453870639264,47.1681777850427,-0.541559737532627,0.590670885651125,2.34938289293188,1.56501463481087,49.6616170185846,1.50118908837923,0.139638499255323,-0.567218375886091,0.303537337797176,-1.86869391423966,0.0616654111960659,-0.0602480846246106,0.303063371279824,-0.198796985495758,0.84242155415598,-0.50697029126148,0.223538548072094,-2.26793229013,0.0233333339019831,-3.15334928512291,2.15248353856478,-1.46498183545946,0.142925873664525,1.54541650074086,2.16172768222732,0.714898788337926,0.474671585779162,-4.69876578586377,3.13002926962174,-1.50118908837923,0.133306661404585
0,"",157581.340867494,0,0.0160928499924653,0.551186830935179,0.108089042059099,0.000304382069096395,0.00743490177689378,0.0511033189982752,-0.365814715954791,0.286516172853377,50.622124509973,-1.27676812206337,0.20750999157557,0.268976744717807,0.111746887937025,19028.6209727904,2.40701776741549,0.0160928499924653,-0.901831634430025,1.50253683391933,48.0932848092537,-0.600206007647492,0.551186830935179,2.60212841557326,1.59023516090364,49.7169602624873,1.63631674078607,0.108089042059099,-0.634791460672598,0.307770173131596,-2.06255029268601,0.0391553745789833,-0.0968379712369836,0.307303252620046,-0.315121855728339,0.75266913479902,-0.537953489435615,0.223493775874051,-2.40701776741549,0.0160833873713793,-3.50396005000329,2.1825572590623,-1.60543785756563,0.108397478657548,1.70029678114323,2.19302836721999,0.775319100545255,0.438151125518598,-5.20425683114652,3.18047032180728,-1.63631674078607,0.101773314216943
0,"",157562.256046013,0,0.00906384657546834,0.769419452329764,0.0853964477790751,0.000357856051408304,0.001786838405391,0.0591335761541689,-0.376381283032278,0.287373106634674,50.54405511934,-1.30973036217601,0.1962091228153,0.291492529710496,0.111687054152403,19027.6597942736,2.60990436109756,0.00906384657546834,-0.455495281282628,1.54520754424749,48.5436176218015,-0.294779353736881,0.769419452329764,2.7610994761472,1.57271327654969,49.0409446668959,1.75562800754417,0.0853964477790751,-0.667873812742774,0.308545961494492,-2.16458452253862,0.0304195173421275,-0.084888753321782,0.308081142898507,-0.275540244115971,0.78290121158041,-0.582985059420992,0.223374108304806,-2.60990436109756,0.00905675389532623,-3.21659475742984,2.19914631103188,-1.46265609581954,0.143561505369228,2.30560419486458,2.21041677353954,1.0430631102987,0.296919064524469,-5.52219895229441,3.14542655309939,-1.75562800754417,0.0791519467315673
0,"",157571.350582363,0,0.00433414601236064,0.73826947369508,0.0620136912849774,0.000427705735029767,0.00240425338041611,0.0703576234080594,-0.35892285153235,0.294225948400816,50.438564214487,-1.2198885022996,0.228180517146489,0.318691079208197,0.111699864758889,19024.0796480519,2.85310174632807,0.00433414601236064,-0.522570837836315,1.55464904089195,46.8813346847088,-0.336134281172875,0.73826947369508,3.11672871799036,1.63130453948014,48.2317108268373,1.91057441609498,0.0620136912849774,-0.677613930740547,0.314942837928962,-2.15154577000855,0.0314331472468948,-0.0402317723241535,0.314487751488479,-0.127927946744302,0.898205994448789,-0.637382158416393,0.223399729517779,-2.85310174632807,0.00432947571289007,-3.63929955582668,2.24700769659253,-1.61962042290531,0.105313839752967,2.59415788015405,2.25989661117572,1.14790998283963,0.25100572664665,-6.23345743598074,3.26260907896029,-1.91057441609498,0.0560592947472456
0,"",157529.644375581,0,0.00230203626012279,0.789680986728462,0.062241507202445,0.000488344957841041,0.00157748976291523,0.0702279008383583,-0.365198549148527,0.291316403329299,50.5335899618424,-1.25361478095592,0.215750938842222,0.340164338562621,0.111579434769238,19022.6231598841,3.04862933986112,0.00230203626012279,-0.406879257445339,1.51651944510239,45.5599195257731,-0.268298081346308,0.789680986728462,3.19757947496679,1.67514244164587,48.2398593920533,1.90884034424266,0.062241507202445,-0.705362887711148,0.312182879129706,-2.25945410484245,0.0238551521065511,-0.0250342105859067,0.311724692962509,-0.0803087184014566,0.93599172433123,-0.680328677125241,0.223158869538477,-3.04862933986112,0.00229887929748778,-3.60445873241214,2.2531997691889,-1.59970668455627,0.109663668256989,2.79070021752146,2.26604449525621,1.23152931169868,0.218124960729204,-6.39515894993359,3.35028488329174,-1.90884034424266,0.056282690624936
0,"",157527.39281678,0,0.003964881738289,0.884904373609104,0.105007574447371,0.000436231507194513,0.000460098004339427,0.053778273006618,-0.336682633838513,0.285220769222468,50.4009794326076,-1.18042818114661,0.24337105434405,0.321491406418847,0.111578808756615,19022.5516632652,2.88129448594592,0.003964881738289,-0.226561215329963,1.55648067793875,46.0292024933492,-0.145559927945908,0.884904373609104,2.69538888065624,1.63134828411152,48.0325394818029,1.65224612482075,0.105007574447371,-0.658174040257361,0.306502064403221,-2.14737229107696,0.0317636547812367,-0.015191227419666,0.306035814955319,-0.0496387242188758,0.960410287189854,-0.642982812837695,0.223157617513229,-2.88129448594592,0.00396045417542957,-2.92195009598621,2.24824600123427,-1.29965764172696,0.193718334195021,2.46882766532628,2.26124933779419,1.09179807112053,0.274921867069157,-5.39077776131249,3.26269656822305,-1.65224612482075,0.0984843871228548
0,"",157621.922782692,0,0.00636127177172488,0.861311433284847,0.167739005686617,0.000391329797902318,0.000669533217861098,0.0390888242556131,-0.398270304504803,0.284613482178189,50.376752782352,-1.39933745041444,0.167839389262015,0.30522327257279,0.111850240375893,19021.6655421989,2.72885665285145,0.00636127177172488,-0.274557231187958,1.56278183566838,46.0687112007198,-0.175684938819713,0.861311433284847,2.36385567222069,1.68775817039057,48.2227654133822,1.40058908538636,0.167739005686617,-0.703493577077593,0.306037011231706,-2.29872058365178,0.0215208109266042,-0.0930470319320122,0.305568271873641,-0.304504886457875,0.760743270542447,-0.610446545145581,0.223700480751787,-2.72885665285145,0.00635543238719635,-2.63841290340866,2.29309499135337,-1.15059032153373,0.249900816570996,2.08929844103274,2.30723747712723,0.905541133821277,0.365178778497014,-4.7277113444414,3.37551634078115,-1.40058908538636,0.161336986675988
0,"",157732.912210878,0,0.00302631910635507,0.875713149796187,0.125022167800389,0.000462112533525017,0.000543441791838144,0.0474327113127777,-0.410842465010232,0.281004527528919,50.3013824633916,-1.46204927238388,0.14994758932986,0.33264736719805,0.112174954573507,19020.7610300409,2.96543349148468,0.00302631910635507,-0.243921402040142,1.55078652021444,45.4995047085863,-0.157288833028039,0.875713149796187,2.73489450291452,1.7522620227634,48.9216136094844,1.56077941962211,0.125022167800389,-0.743489832208282,0.302804932065926,-2.45534254391343,0.0140750397845213,-0.0781950978121824,0.302328799433975,-0.258642570468247,0.795911034060211,-0.6652947343961,0.224349909147014,-2.96543349148468,0.00302256692414409,-2.97881590495467,2.33254199220313,-1.27706850076518,0.201578064372154,2.49097310087438,2.34733250946782,1.06119311636813,0.288602147065983,-5.46978900582905,3.5045240455268,-1.56077941962211,0.118575804911055
0,"",157801.644594874,0,0.00332052908314987,0.978731950223789,0.155682542745385,0.000453191259778128,1.59137324674882e-05,0.0404302820128574,-0.335968059199454,0.289176619508207,50.2396948523146,-1.16180920771127,0.250802873344427,0.330021523586594,0.112375878133288,19022.164998418,2.93676480280901,0.00332052908314987,0.0402691080974988,1.50219738259792,45.1555415967387,0.0268068021978954,0.978731950223789,2.52680992738327,1.75256327057942,49.3364050507773,1.44177957498097,0.155682542745385,-0.665989582786048,0.310477636605344,-2.14504848100414,0.0319489709410784,-0.00594653561285996,0.310010560595609,-0.0191817194918623,0.984696140653038,-0.660043047173188,0.224751756266576,-2.93676480280901,0.00331655533615564,-2.48654081928577,2.30155695402408,-1.08037335984159,0.279975953947193,2.56707903548077,2.31494828769881,1.10891420301773,0.267467196107697,-5.05361985476654,3.50512654115885,-1.44177957498097,0.149364566655695
0,"",157878.602639985,0,0.00200346000261632,0.874233651172742,0.275305792652218,0.000501701607043883,0.000562854223256596,0.02394407804504,-0.328541645051361,0.283149921413862,50.4965178326741,-1.16030985779845,0.251379167006287,0.347975557572754,0.112608085020182,19023.6961025493,3.09014719067807,0.00200346000261632,0.238708399490115,1.49954372473279,44.9962884267454,0.159187355162085,0.874233651172742,1.94867727773809,1.76654240219101,49.6030397120962,1.10310246463441,0.275305792652218,-0.676517202624115,0.304958839613088,-2.2183885651009,0.0265283501202828,0.0194339125213935,0.304481565548749,0.0638262368572921,0.949108586856675,-0.695951115145508,0.225216170040365,-3.09014719067807,0.00200057325842895,-1.70996887824798,2.31045667572544,-0.740099953491266,0.459239346936372,2.18738567722821,2.32387539077385,0.941266337219489,0.34656838900875,-3.89735455547619,3.53308480438202,-1.10310246463441,0.269982670663178
0,"",157915.94572266,0,0.00292309345277677,0.848253112523281,0.246382847871247,0.000465200388235449,0.000847090433996094,0.0269361521136436,-0.325552180357992,0.279845842782308,50.4908067029006,-1.16332684138259,0.25016534855446,0.335522708583146,0.112739164709493,19030.5816878174,2.97609716594692,0.00292309345277677,0.277944651584901,1.44397213299004,43.7019885637225,0.192486160386877,0.848253112523281,1.9575321884961,1.66881230911652,49.7059772712224,1.17300919809995,0.246382847871247,-0.661074888941138,0.301943790046624,-2.18939720150912,0.0285679828872591,0.00997052822515404,0.301459081163845,0.033074234110516,0.973615389706536,-0.671045417166292,0.225478329418987,-2.97609716594692,0.00291942347392121,-1.6795875369112,2.20193380397678,-0.762778396824557,0.445595566916795,2.23547684008101,2.21166625211075,1.01076590464205,0.312128485374541,-3.91506437699221,3.33762461823305,-1.17300919809995,0.240792117135249
0,"",157952.46768056,0,0.000867667712466039,0.770692975113858,0.294816690171748,0.000582591066956965,0.00203370069690332,0.0224146351014261,-0.328566728188979,0.282730648854803,50.5368046748005,-1.16211924501229,0.250645990686919,0.375880376679802,0.112850452483402,19031.6212549998,3.33078307094147,0.000867667712466039,0.414307476080013,1.41234074212936,42.2275031963926,0.293348101999359,0.770692975113858,1.74647243791516,1.64922202979604,48.908938342898,1.05896744426288,0.294816690171748,-0.70444710486878,0.304661517940755,-2.31222869770434,0.0207650836088912,0.0473136484908233,0.304179302946745,0.155545259103664,0.876391476490806,-0.751760753359604,0.225700904966805,-3.33078307094147,0.00086602062077946,-1.33216496183515,2.16730222294917,-0.614665065042197,0.538775935514372,2.16077991399518,2.17533455479515,0.993309240287712,0.320559275858023,-3.49294487583033,3.29844405959209,-1.05896744426288,0.289614606559022
0,"",157992.072275196,0,0.000162872351669792,0.698922663609033,0.372325359029576,0.000746788483655469,0.00367448050393685,0.0162521106615428,-0.299748221274281,0.274879978474392,50.5693913047592,-1.09046945848115,0.280675258878617,0.426055860194243,0.112972366831716,19031.2174711526,3.77132808794647,0.000162872351669792,0.546987591555043,1.40436708088757,41.1338134509725,0.389490467983161,0.698922663609033,1.51797634137191,1.68596219197061,49.0691331634241,0.900362029825621,0.372325359029576,-0.725804081468524,0.297436944449582,-2.44019478754278,0.0146793443715,0.126307638919963,0.296942385899656,0.425360759924133,0.670573706787571,-0.852111720388487,0.225944733663432,-3.77132808794647,0.000162381008693675,-0.970988749816867,2.19001289141996,-0.443371248462057,0.657497228657342,2.06496393292696,2.19847091331325,0.939272801119259,0.347590699438997,-3.03595268274382,3.37192438394122,-0.900362029825621,0.367927620488235
0,"",157974.263598089,0,8.39092523129592e-05,0.672124025588915,0.346393051101264,0.000812429392500812,0.00420094384651872,0.0183754536977152,-0.327127157166501,0.270700335611776,50.6459250318719,-1.20844754930651,0.23248733990384,0.444223213446123,0.112924643750072,19032.0879681262,3.93380221264447,8.39092523129592e-05,0.620127304527262,1.45519522889732,43.0471117307541,0.426147153462815,0.672124025588915,1.54684475410077,1.6267298165607,48.3025370810769,0.950892236899656,0.346393051101264,-0.771350370612624,0.293559704773607,-2.62757578124521,0.00859956848665384,0.117096056279622,0.293059709728326,0.39956381717628,0.689477811016333,-0.888446426892247,0.225849287500145,-3.93380221264447,8.3612594134303e-05,-0.92671744957351,2.17810735314426,-0.425469134124966,0.670494717695383,2.16697205862804,2.18712927344618,0.990783711295501,0.321791204669722,-3.09368950820155,3.2534596331214,-0.950892236899656,0.341659083033435
0,"",157980.38786287,0,1.75673846615355e-05,0.666823515937052,0.234757545555072,0.000968077765682695,0.00430658828942332,0.0292659651846667,-0.294441452444377,0.257443015531799,50.8488358281296,-1.14371505413014,0.258097684090925,0.485159370496296,0.112962937204003,19035.5756785664,4.29485442309396,1.75673846615355e-05,0.622297497607697,1.43564211207998,43.4406194292654,0.433462833370152,0.666823515937052,1.90686056047806,1.58469002707517,48.0271292536644,1.20330192523361,0.234757545555072,-0.779600822940674,0.281397057032427,-2.77046544538252,0.0055976239257004,0.190717918051919,0.280874988472118,0.679013532281289,0.497129287715552,-0.970318740992593,0.225925874408006,-4.29485442309396,1.74808006050499e-05,-1.28456306287036,2.1347067232957,-0.601751542191785,0.547339535358982,2.52915805808576,2.14187971587904,1.18081236744323,0.237677269909465,-3.81372112095612,3.16938005415034,-1.20330192523361,0.22885950432974
0,"",158079.891809924,0,1.48551914093009e-05,0.547945606504681,0.204438661681772,0.000984778206651091,0.00830400857595845,0.0331196738759173,-0.301196403994065,0.257366225601431,51.1137145216981,-1.17030275938581,0.247306890462742,0.49065643223647,0.113264602822534,19037.0765768936,4.33194855241088,1.48551914093009e-05,0.827976237784014,1.3673338572847,43.7902454457884,0.605540653712941,0.547945606504681,2.05937307781479,1.60089586950819,48.3092800550192,1.28638790132393,0.204438661681772,-0.791852836230535,0.281450143648775,-2.81347462099255,0.00490092546360528,0.189460028242405,0.280924020521261,0.674417331386819,0.500046027126076,-0.981312864472939,0.226529205645068,-4.33194855241088,1.47795481679922e-05,-1.23139684003078,2.10308810250789,-0.585518428144957,0.558199179238429,2.88734931559881,2.10759563428583,1.36997309570591,0.170695300226776,-4.11874615562959,3.20179173901639,-1.28638790132393,0.198307718692279
0,"",158183.340395396,0,8.59002725828424e-05,0.464418671840076,0.124788552958492,0.000809956390221812,0.011879573537488,0.0468211288935111,-0.323420442582435,0.258331545198505,51.069718229591,-1.25195876614261,0.216288600161433,0.446117660136596,0.113569117252981,19035.5220924147,3.92815996925333,8.59002725828424e-05,1.0105641165315,1.36962614949874,45.2827397059402,0.737839385515056,0.464418671840076,2.54008982014729,1.62682290199684,49.6306678023105,1.56138066228934,0.124788552958492,-0.769538102719031,0.282456761164055,-2.72444567992505,0.0064409524614195,0.122697217554161,0.28192985182355,0.435204774381084,0.663413797378722,-0.892235320273192,0.227138234505961,-3.92815996925333,8.55982686822926e-05,-1.52952570361579,2.12407025700785,-0.720091860695045,0.471468438567419,3.55065393667879,2.12912719934694,1.66765702761576,0.0953838305556076,-5.08017964029458,3.25364580399368,-1.56138066228934,0.11843396176422
0,"",158230.478534532,0,0.00024467201399658,0.49689867890099,0.0735921283775517,0.000706616545815974,0.0103491505031474,0.0617316969583761,-0.272767413239125,0.262413151621077,50.9724634898014,-1.03945786083542,0.303497509765057,0.417093128215422,0.113696762868694,19031.7655590261,3.66846968806943,0.00024467201399658,0.943573358911185,1.37757818915426,44.8638070015963,0.684950855305334,0.49689867890099,3.10693356252429,1.70060671176579,50.7311824569829,1.82695595697036,0.0735921283775517,-0.689860541454547,0.286245496483872,-2.41003107447462,0.0159511618492215,0.144325714976296,0.285724951314643,0.505121146446058,0.613473749709043,-0.834186256430843,0.227393525737388,-3.66846968806943,0.000244006616527013,-2.16336020361311,2.18500106814589,-0.990095719014387,0.322127335631379,4.05050692143548,2.1921085837326,1.84776746530434,0.0646359893985833,-6.21386712504858,3.40121342353159,-1.82695595697036,0.067706391752764
0,"",158293.165920124,0,0.00023347785923701,0.795527323836039,0.0652827045479779,0.000711215347445095,0.00149550472627637,0.0652375321004473,-0.266810627367934,0.26369483870858,50.8003786966512,-1.01181588792035,0.316421229866612,0.419132026349093,0.113881067519726,19032.1796448804,3.68043640156863,0.00023347785923701,0.362629379727656,1.39114855823603,45.3671177614765,0.260669054775479,0.795527323836039,3.21468437724921,1.70627847631998,50.8604967210768,1.88403266047315,0.0652827045479779,-0.685942653717027,0.287494611667386,-2.3859322083943,0.0170358910836038,0.15232139898116,0.286974875667141,0.530783047216424,0.595569129100017,-0.838264052698186,0.227762135039452,-3.68043640156863,0.000232835128173117,-2.85205499752156,2.19768001715158,-1.29775716904325,0.194370791825789,3.57731375697687,2.20534887078728,1.6221078689014,0.1047802536044,-6.42936875449844,3.41255695263997,-1.88403266047315,0.0595605577857295
0,"",158192.913452192,0,0.000225057895732407,0.883850691212839,0.0576738131108234,0.000714773520930787,0.000470312888125211,0.070352062188447,-0.294534835825371,0.266253384713574,50.9483408715821,-1.10622006229976,0.273827423261467,0.419101269533046,0.113583807636312,19033.826990593,3.68979767675144,0.000225057895732407,0.198521503323151,1.35135781264424,45.8651918684348,0.146905210052916,0.883850691212839,3.29535883243039,1.6960410065078,49.8855087092718,1.94297120163129,0.0576738131108234,-0.713636105358417,0.289725656090916,-2.46314432414118,0.0137724465217752,0.124566433707675,0.289211577672614,0.430710397938091,0.666678957370864,-0.838202539066092,0.227167615272624,-3.68979767675144,0.000224432474385035,-3.09683732910725,2.16561628957867,-1.4300027867401,0.152716219255302,3.49388033575355,2.17153221330304,1.60894704409618,0.107627921519079,-6.5907176648608,3.3920820130156,-1.94297120163129,0.0520196379633196
0,"",158110.947149465,0,0.00045046696730068,0.960502882478502,0.0432805693833899,0.00064657183939925,5.42993636473774e-05,0.0776666721922263,-0.255861789909504,0.263063394048754,51.0428396145326,-0.972624073504064,0.335326999406239,0.397734065927783,0.113339852443204,19033.6734924335,3.50921637318254,0.00045046696730068,-0.0661519362684127,1.32848381070727,45.6619301989537,-0.0497950639181626,0.960502882478502,3.60324291274884,1.73851327559946,51.0133993150892,2.07260017126208,0.0432805693833899,-0.653595855837287,0.2866992158215,-2.27972669532594,0.0226239030015874,0.141872276018279,0.28618193955582,0.495741542036083,0.620076773688866,-0.795468131855567,0.226679704886407,-3.50921637318254,0.000449429118799362,-3.66939484901725,2.18501558975671,-1.67934492834709,0.0930848395906964,3.53709097648043,2.19095918766505,1.61440295026672,0.106440052212789,-7.20648582549768,3.47702655119892,-2.07260017126208,0.0382095050977142
0,"",157936.469953362,0,0.000634877614906263,0.924698894329958,0.036141335638177,0.000613124599785951,0.000196172872726495,0.082816666036959,-0.216349408910689,0.267363502229529,50.9023304676678,-0.809195747013198,0.422168947931421,0.385429721380283,0.112803370311756,19029.6653694211,3.41682806386959,0.000634877614906263,-0.133431499007165,1.40401276526461,46.0310053425945,-0.095035816132354,0.924698894329958,3.84213254733022,1.78551647016082,51.2808690849121,2.15183259944063,0.036141335638177,-0.601779130290971,0.290437697985513,-2.0719732130675,0.0382679393656313,0.169080312469594,0.289933835461019,0.583168612248177,0.559779798652348,-0.770859442760565,0.225606740623512,-3.41682806386959,0.000633552784817677,-3.97556404633739,2.26619172645364,-1.7542928958437,0.0793803324498526,3.70870104832306,2.2766240092374,1.62903537574716,0.103305530320656,-7.68426509466045,3.57103294032165,-2.15183259944063,0.031410541295408
0,"",157991.817260637,0,0.00159464390801313,0.796757507177056,0.0207249879737941,0.000523542778770227,0.00143834666049737,0.101957407364478,-0.278059920424481,0.260382428334902,51.0703211639289,-1.06789049554005,0.290591909083383,0.356706659504547,0.112976972636105,19031.059352643,3.1573395107115,0.00159464390801313,-0.374736528749385,1.44672130727759,46.579370874301,-0.259024683513203,0.796757507177056,4.11951047098885,1.72486949676071,50.2408397371787,2.38830269694331,0.0207249879737941,-0.634766579929028,0.284093745697861,-2.2343560516257,0.0254596549738063,0.0786467390800665,0.283577774726016,0.277337457620057,0.781521000124892,-0.713413319009095,0.225953945272211,-3.1573395107115,0.00159215852065479,-4.49424699973824,2.245851934662,-2.00113236779994,0.0453781270146161,3.74477394223947,2.25665764597735,1.6594337864739,0.0970284128001087,-8.23902094197772,3.44973899352142,-2.38830269694331,0.0169263941842243
0,"",158027.430591139,0,0.0001475544974708,0.705631390274477,0.0109608615739405,0.000756420468131393,0.00305352987044119,0.121645143333715,-0.338829509014637,0.260185148279235,51.0572987555026,-1.30226306634151,0.198670605367119,0.429309649120875,0.113097730582142,19034.5061280914,3.79591745043081,0.0001475544974708,-0.548994755492408,1.444618104519,47.1519819251267,-0.380027602987297,0.705631390274477,4.21765635109396,1.59660618258639,50.3874060518103,2.64163849363382,0.0109608615739405,-0.768139158135512,0.28396215015474,-2.70507586210672,0.00682887921909236,0.0904801401062388,0.283443668786822,0.319217361578427,0.749561692497177,-0.858619298241751,0.226195461164284,-3.79591745043081,0.000147098443309994,-4.76665110658637,2.14928539894895,-2.21778415696556,0.0265695528638277,3.66866159560155,2.15701595131311,1.70080411012641,0.0889797772348059,-8.43531270218793,3.19321236517279,-2.64163849363382,0.00825060674998641
0,"",158162.371244214,0,9.97462346158416e-06,0.550880976511178,0.0182376090499498,0.00102484011339149,0.00771999234249699,0.105848599699018,-0.359286967326021,0.269961326352409,50.711221137249,-1.33088310159288,0.189180630959264,0.501509703862592,0.113491631481937,19033.9785960822,4.41891351207167,9.97462346158416e-06,-0.891553870849234,1.48388482397246,46.3993786876234,-0.600824172096108,0.550880976511178,3.76744438425345,1.54382139622359,50.3066655937656,2.44033694148116,0.0182376090499498,-0.860796671188613,0.29310019036813,-2.93686834562428,0.0033154482316465,0.14222273653657,0.292593941651111,0.486075465999077,0.626913660973276,-1.00301940772518,0.226983262963875,-4.41891351207167,9.9198332129841e-06,-4.65899825510269,2.13768611153893,-2.17945854162314,0.0292976212936658,2.87589051340422,2.14496979863136,1.34076037585202,0.179998264972195,-7.53488876850691,3.08764279244719,-2.44033694148116,0.0146735686080301
0,"",158281.619914789,0,4.86863786762811e-06,0.576303114446065,0.0135063869898351,0.00109667526760259,0.00708800055431743,0.115950663964346,-0.370317428657907,0.274365097536801,50.7169290320195,-1.34972499046908,0.183098140460318,0.520500692685932,0.113853162716191,19036.9703835491,4.57168409087957,4.86863786762811e-06,-0.793573114933291,1.40967607767457,44.3937926343042,-0.562947139063598,0.576303114446065,3.92698998185166,1.53346151780915,50.0008152492221,2.56086633817988,0.0135063869898351,-0.890818121343839,0.297302008284121,-2.99634074618331,0.00273240918914864,0.150183264028025,0.296797935781136,0.50601182125058,0.612848351068854,-1.04100138537186,0.227706325432381,-4.57168409087957,4.83819972024068e-06,-4.72056309678496,2.08108409293818,-2.26831924418789,0.023309755823609,3.13341686691838,2.08481911427794,1.50296821698299,0.132847240107074,-7.85397996370334,3.0669230356183,-2.56086633817988,0.0104411518031463
0,"",158224.12787195,0,1.1852130054365e-05,0.580863158786867,0.0191472218031098,0.00100727156888718,0.00701104790934061,0.106181519814383,-0.338170156901392,0.270192483242423,50.8548043618339,-1.25158980310336,0.216445952455746,0.498125313587265,0.113689560626054,19039.3360516644,4.38145165522886,1.1852130054365e-05,-0.735839887899987,1.3228368717899,43.8243567893866,-0.556258979162215,0.580863158786867,3.81500130594332,1.57509773674718,49.3826918252229,2.42207274948022,0.0191472218031098,-0.836295470488657,0.293392187544386,-2.85043537623897,0.00436594214269121,0.159955156685873,0.292881567668613,0.546142790613773,0.584967787791978,-0.99625062717453,0.227379121252108,-4.38145165522886,1.17891204211987e-05,-4.55084119384331,2.05635981915327,-2.21305685486365,0.0268937261529962,3.07916141804333,2.05743647132005,1.49660096968522,0.134497117677533,-7.63000261188664,3.15019547349436,-2.42207274948022,0.0154322607621606
0,"",158200.41645288,0,6.81513776941079e-05,0.495523005018996,0.0616691500778937,0.000832864041146894,0.0106247858889829,0.0670941867908534,-0.356512244095185,0.274382294792889,50.7547295858458,-1.2993267089784,0.199703083990086,0.452574832798256,0.113611474303512,19037.0844851103,3.98353102600539,6.81513776941079e-05,-0.904632834630572,1.31627685020477,43.9836277079741,-0.687266386619075,0.495523005018996,3.07409598523641,1.60870178460578,50.7734490539,1.9109172468468,0.0616691500778937,-0.809087076893441,0.297224988209968,-2.72213679531507,0.00648612874837057,0.0960625887030705,0.296721633795117,0.323746494229001,0.746129967603273,-0.905149665596511,0.227222948607025,-3.98353102600539,6.78988023120238e-05,-3.97872881986698,2.07765523321929,-1.91500916814866,0.0554913344071202,2.16946315060584,2.07950981922042,1.04325698804305,0.296829286073459,-6.14819197047282,3.21740356921156,-1.9109172468468,0.0560152163089852
0,"",158304.55756314,0,0.00074007607207364,0.547613303391641,0.0930491997109521,0.000597957412795824,0.00854732495091852,0.0546952592702034,-0.33059243135414,0.288492739930014,50.555578681157,-1.14592981242557,0.257219530146096,0.384432275917044,0.113911451927849,19035.9646283777,3.37483430691888,0.00074007607207364,-0.806284023206002,1.33011675264467,42.6224446343587,-0.606175376411784,0.547613303391641,2.70339403985864,1.57925737933015,50.644819162901,1.71181346070728,0.0930491997109521,-0.715024707271184,0.310409981464976,-2.30348490694994,0.0212515753951106,0.0538398445629037,0.30992483468123,0.173719039386696,0.862086273769186,-0.768864551834088,0.227822903855697,-3.37483430691888,0.000738601461073147,-3.50967806306465,2.06408026384206,-1.70035929539473,0.0890633633534391,1.89711001665264,2.0654543219561,0.918495265901582,0.35835963627885,-5.40678807971729,3.1585147586603,-1.71181346070728,0.0869310506342847
0,"",158398.657417028,0,0.00262924620605378,0.580196913270625,0.0899942492422641,0.000475269054199495,0.00729570379463652,0.0562714499485862,-0.300790563811991,0.304227059423246,50.5266206949526,-0.988704175040279,0.327519151041629,0.343498855206645,0.114177898801475,19034.4574281035,3.00845311406455,0.00262924620605378,-0.728465979790163,1.3069106677445,42.2745945716776,-0.557395388812128,0.580196913270625,2.78491296707564,1.61086218397843,50.1262793419944,1.72883378526994,0.0899942492422641,-0.644289419018635,0.325180232117735,-1.98133021439435,0.0475542541466673,0.042708291394654,0.324714042135426,0.131525853066872,0.895359336427821,-0.686997710413289,0.22835579760295,-3.00845311406455,0.00262581315338447,-3.5133789468658,2.0739314116475,-1.6940670878189,0.0902525355308287,2.05644698728548,2.07475141601449,0.991177531636934,0.321598899762609,-5.56982593415128,3.22172436795687,-1.72883378526994,0.0838388475546623
1,Model failed to converge with 1 negative eigenvalue: -1.2e+01,158442.488358838,0,0.00375524642162131,0.677886275192515,0.12594866475792,0.000441131663158751,0.00418091220793548,0.0456689414369274,-0.305731103499695,0.305570357134203,50.6814298430186,-1.0005260535315,0.32180920516894,0.331295104910266,0.114303565864804,19034.9011226831,2.89837943727945,0.00375524642162131,-0.528434694680604,1.26333543358879,41.6729928296409,-0.418285342618363,0.677886275192515,2.62681961514217,1.68821700399951,50.5920262596952,1.55597272679936,0.12594866475792,-0.63702620840996,0.326482115203008,-1.95118255716352,0.0510353331705157,0.0255640014105711,0.326016142406535,0.0784132994822489,0.937499294648345,-0.662590209820531,0.228607131729608,-2.89837943727945,0.00375096490243484,-3.15525430982278,2.10842423524207,-1.49649878666876,0.134523723853378,2.09838492046157,2.10872790680828,0.99509515366429,0.319689987497522,-5.25363923028434,3.37643400799903,-1.55597272679936,0.119714577851411
0,"",158537.978470895,0,0.000955224031464067,0.552707692735199,0.0982080370166723,0.000573111636760572,0.00808199560596204,0.0542226610522294,-0.323921664214645,0.294062799036176,50.8088553118889,-1.10153907694661,0.275853079285641,0.37863497656403,0.114602088360774,19035.6713673846,3.30390991979191,0.000955224031464067,-0.772604264491045,1.29131878309842,43.9343725944477,-0.598306378412029,0.552707692735199,2.80216101442769,1.66264571917132,49.5444273203072,1.68536266152017,0.0982080370166723,-0.702556640778675,0.315846630353454,-2.22436009525403,0.0261242264214061,0.0547133123493847,0.315363350695116,0.173492931974458,0.862263983108055,-0.757269953128059,0.229204176721548,-3.30390991979191,0.000953464634725243,-3.57476527891874,2.10471777524801,-1.69845350334323,0.0894222012892138,2.02955674993665,2.10569538648831,0.96384157127369,0.33512536109024,-5.6043220288554,3.32529143834265,-1.68536266152017,0.0919186229107828
0,"",158800.558497753,0,0.00148540282012115,0.692477048781549,0.0621462547070464,0.00053022951536731,0.00351384217981201,0.0693631329764235,-0.302967325929709,0.285891810584097,50.8801305476035,-1.05972719299208,0.294273655657732,0.366762901074328,0.115407430969856,19037.4605155286,3.17798341053207,0.00148540282012115,-0.519507187421213,1.30512472731391,44.9332780697547,-0.398051754402369,0.692477048781549,3.09458585690386,1.62108781730931,48.8926459349669,1.90895633404997,0.0621462547070464,-0.669730227004037,0.308557369548023,-2.17052092447204,0.0299674052380683,0.0637955751446188,0.308055765506564,0.207090995488151,0.835938794230637,-0.733525802148655,0.230814861939712,-3.17798341053207,0.00148303236113524,-3.61409304432507,2.08133457940389,-1.73643059606504,0.0824877262626214,2.57507866948265,2.08100910596936,1.2374182612157,0.21593184273876,-6.18917171380772,3.24217563461863,-1.90895633404997,0.0562677248707984
0,"",158889.965291518,0,0.00558444828452387,0.953305802978184,0.0615109979678218,0.000403373852845874,7.60677992540523e-05,0.0694561668708187,-0.243317652101358,0.289346605418713,50.6517282257282,-0.840921052967783,0.404344578355654,0.320589696227228,0.115671678594832,19035.4032881008,2.77154875006328,0.00558444828452387,0.0779608220538273,1.32408195475681,45.5710670039233,0.0588791515311799,0.953305802978184,3.14297788309946,1.64241556575026,49.0616972948786,1.91363132975651,0.0615109979678218,-0.563907348328586,0.311859913956792,-1.80820722090854,0.0705742552024572,0.0772720441258706,0.311361822739108,0.24817443399481,0.803999446398745,-0.641179392454457,0.231343357189664,-2.77154875006328,0.0055790317590557,-3.06501706104564,2.10910153496508,-1.45323352633016,0.146158926542144,3.2209387051533,2.11024513795691,1.52633390652981,0.126926728565483,-6.28595576619894,3.28483113150053,-1.91363132975651,0.0556672789798824
0,"",158844.734698088,0,0.00919872039206285,0.822768345087575,0.0519298636696599,0.000356389082474552,0.00110030381619951,0.0741971210073215,-0.238337122957756,0.285685592013578,50.4949548322503,-0.834263713748744,0.408061903093244,0.300934546878638,0.115528756897117,19032.0117219881,2.60484536457562,0.00919872039206285,0.30503185543198,1.35409382455841,46.068295061721,0.225266410569042,0.822768345087575,3.37777137836788,1.69587777771845,49.499735339046,1.99175401833035,0.0519298636696599,-0.539271669836394,0.308411314796523,-1.74854696946571,0.0803693598418874,0.0625974239208819,0.307910316836191,0.203297585362117,0.838902442724402,-0.601869093757276,0.231057513794233,-2.60484536457562,0.00919157333776722,-3.0727395229359,2.16798361006189,-1.41732599299871,0.156387638978282,3.68280323379986,2.17232366645398,1.69532896532474,0.0900130329851821,-6.75554275673577,3.39175555543692,-1.99175401833035,0.0463980536132663
0,"",158869.561084991,0,0.00199345754220892,0.69587964443931,0.0477606064112448,0.000502102959181244,0.00331786634149352,0.0772445705095628,-0.252111084630482,0.292255715231052,50.2123555913869,-0.862638680756568,0.392437648668881,0.357347873382458,0.115585436032575,19026.7791078913,3.09163408166535,0.00199345754220892,0.562663428917288,1.43053795686118,46.4725381320303,0.393322963727475,0.69587964443931,3.52720124421684,1.7373987104584,49.2357020452673,2.03016223218343,0.0477606064112448,-0.60945895801294,0.314527279210533,-1.93769824844029,0.0526600477673781,0.105236788751976,0.31403723162792,0.33510927416614,0.73754265717346,-0.714695746764916,0.23117087206515,-3.09163408166535,0.00199058061059307,-2.96453781529955,2.24621472511774,-1.31979270821678,0.186904236810158,4.08986467313413,2.25488484382472,1.81377984083521,0.0697116273273968,-7.05440248843369,3.47479742091681,-2.03016223218343,0.0423400514555259
0,"",158907.804878692,0,0.000647661343416377,0.920255741927233,0.098760047402741,0.0006112965928313,0.000215929455595112,0.0537160726832095,-0.296379350360805,0.295370112521611,50.0532646086904,-1.00341685836315,0.32048616571542,0.394675454444688,0.115693325665059,19025.9383763066,3.41139345918108,0.000647661343416377,0.147133058299511,1.46180036128359,46.9071144823186,0.100651950975245,0.920255741927233,2.95546443384887,1.75677732730336,49.8580455360277,1.68232159415758,0.098760047402741,-0.691054804805492,0.317462699362576,-2.17680630257678,0.0294950226121209,0.0982961040838828,0.316976864238335,0.310104979806899,0.756481125476514,-0.789350908889375,0.231386651330117,-3.41139345918108,0.000646317537521518,-2.80833137554936,2.28031890895837,-1.23155202744523,0.218116470459207,3.10259749214839,2.29050200205084,1.35454912912996,0.175561250531042,-5.91092886769775,3.51355465460672,-1.68232159415758,0.092506495969304
0,"",159060.694573313,0,0.00479918267632966,0.812757887426611,0.190017876930716,0.000417951907025628,0.0011992619424247,0.0335595212541944,-0.335196303003108,0.289206335282026,50.1007696509841,-1.15902130109368,0.251941971997461,0.327637518637275,0.116161087212553,19026.462813922,2.82054452570471,0.00479918267632966,-0.358577638126947,1.5053800726932,47.2540331503177,-0.238197412488285,0.812757887426611,2.32953543950477,1.75378455557648,50.8095696202562,1.32829054292762,0.190017876930716,-0.662833821640383,0.311911503763846,-2.12507013573384,0.0335807610691517,-0.00755878436583346,0.311413902899503,-0.0242724691976028,0.980635273057061,-0.65527503727455,0.232322174425107,-2.82054452570471,0.00479422196953685,-2.68811307763172,2.30558426889306,-1.16591404352456,0.2436492004205,1.97095780137782,2.31692469457116,0.850678404005112,0.394948022880088,-4.65907087900954,3.50756911115297,-1.32829054292762,0.184082142729097
0,"",159121.293741549,0,0.0382177645510869,0.720385563643803,0.19346933209458,0.000225716802705991,0.00272541924046099,0.0325994188341053,-0.37836065671554,0.283833736151548,50.2342964537795,-1.33303624102499,0.188534242480013,0.241155682738745,0.116351057398027,19027.9675996131,2.07265570362436,0.0382177645510869,-0.542666535439555,1.5070732154343,47.4437283834639,-0.36007974256458,0.720385563643803,2.31528133117107,1.75720432974945,51.5180595387358,1.31759368672919,0.19346933209458,-0.619516339454285,0.307009239979118,-2.01790779813801,0.0436008647528135,-0.137204973976794,0.306502272810848,-0.447647492850625,0.654407621707689,-0.482311365477491,0.232702114796053,-2.07265570362436,0.0382043329846619,-2.85794786661062,2.30928043019624,-1.23759238126301,0.215867240832026,1.77261479573151,2.32062434725055,0.763852537284496,0.44495512436488,-4.63056266234214,3.5144086594989,-1.31759368672919,0.187639700141769
0,"",159088.20662243,0,0.0858655270189589,0.467587838391194,0.180406544446687,0.000155008318232017,0.0111296080344406,0.034783028428434,-0.437291921977498,0.27562221581922,50.4226906025999,-1.58656268210367,0.118863762476067,0.199718927752744,0.116270359536245,19031.7222876449,1.7177114489827,0.0858655270189589,-1.09359532831379,1.49342140128508,47.6439824081458,-0.732275114962702,0.467587838391194,2.25327829723729,1.65920705324884,51.1783234716417,1.3580452739911,0.180406544446687,-0.637010849730242,0.299402568209069,-2.12760649830306,0.0333697229986123,-0.237572994224754,0.298882764423415,-0.794870171530513,0.426689027010989,-0.399437855505488,0.232540719072491,-1.7177114489827,0.0858492600203675,-3.34687362555108,2.22796071727599,-1.50221393025418,0.133041868348078,1.15968296892349,2.2366810449881,0.518483836361953,0.604120734721198,-4.50655659447458,3.31841410649769,-1.3580452739911,0.174449318669194
0,"",159185.030820591,0,0.0926401116146406,0.413011820259218,0.195069147220248,0.00014858331338989,0.0143516671664585,0.033292203423545,-0.45873293033529,0.26832611134147,50.5529511214097,-1.7096097284081,0.0934704707600516,0.196044735284482,0.116574144301748,19031.4256602038,1.68171712911764,0.0926401116146406,-1.27255259099948,1.54069135241468,46.8532613826541,-0.825962052039198,0.413011820259218,2.1175559057802,1.61240000817161,50.0814469797174,1.31329440278372,0.195069147220248,-0.654777665619773,0.292821690167069,-2.23609687262645,0.0253454262709774,-0.262688195050808,0.292288084023862,-0.898730428673111,0.368796265057784,-0.392089470568965,0.233148288603497,-1.68171712911764,0.0926237048846895,-3.39010849677968,2.22572545156028,-1.52314765255668,0.127721769169847,0.845003314780727,2.23456337430631,0.37815142076382,0.705318111155274,-4.23511181156041,3.22480001634322,-1.31329440278372,0.189083763876258
0,"",159135.909337214,0,0.00354018165502964,0.603914449711948,0.162058606255807,0.000446949176374868,0.00565688633610235,0.038391042685102,-0.455569615605609,0.267870280870665,50.4538551100905,-1.70070981418641,0.0951542171910825,0.339547552610457,0.116409662205249,19027.0236824275,2.91683307191271,0.00354018165502964,-0.854445618812494,1.63614470631268,47.9384788590566,-0.522231081099254,0.603914449711948,2.3319378687554,1.64340129721751,50.4330567770631,1.41897044422666,0.162058606255807,-0.795117168216066,0.292336842100396,-2.71986644756532,0.0065308287439728,-0.116022062995152,0.291805696324979,-0.397600404845901,0.690924762049759,-0.679095105220914,0.232819324410498,-2.91683307191271,0.00353604960739374,-3.1863834875679,2.31272826647028,-1.37775956378611,0.168277534382419,1.47749224994291,2.32524463505495,0.635413679777392,0.525158648444697,-4.6638757375108,3.28680259443503,-1.41897044422666,0.155907632987885
