convergence_false,bic,singular,p_anova_condition,p_anova_pe,p_anova_interaction,effectsize_condition,effectsize_pe,effectsize_interaction,coef_intercept,se_intercept,df_intercept,t_intercept,p_intercept,coef_condition,se_condition,df_condition,t_condition,p_condition,coef_pe,se_pe,df_pe,t_pe,p_pe,coef_interaction,se_interaction,df_interaction,t_interaction,p_interaction,emmean_amc,emmean_se_amc,emmean_z_ratio_amc,emmean_p_amc,emmean_avc,emmean_se_avc,emmean_z_ratio_avc,emmean_p_avc,emmean_diff,emmean_se_diff,emmean_z_ratio_diff,emmean_p_diff,coef_amc,se_amc,z_ratio_amc,p_amc,coef_avc,se_avc,z_ratio_avc,p_avc,coeff_diff,se_diff,z_diff,p_diff,convergence_false_message
0,626199.4235345,1,0.026390999991086,0.331640910478421,0.900473886844774,0.0000573569881537299,0.0193270829622198,0.000321276053075017,0.109999937118109,0.0874141194992509,50.0732721262138,1.25837722496366,0.214091320333187,0.0710849091538126,0.0320137754811478,85954.7313051765,2.22044754439141,0.026390999991086,0.573851896759994,0.585220877197723,48.7885478808648,0.980573180348301,0.331640910478421,-0.0658236682233829,0.523614278974029,49.1726136621315,-0.125710223854777,0.900473886844774,0.0274809623905292,0.0934767645736339,0.293987094181911,0.768767765191988,0.172003949022761,0.0934627643792626,1.84034733152966,0.0657172606094377,-0.144522986632232,0.0647843692929618,-2.23083111265133,0.0256923182080707,0.639675564983376,0.781074622221633,0.818968568155407,0.412804346945294,0.50802822853661,0.789451208770028,0.643520743135124,0.51988625948662,0.131647336446766,1.04722855794805,0.125710223854777,0.899961308608979,
0,626051.019837685,1,0.0599549338216862,0.386953371985351,0.759007677297061,0.0000411671339698072,0.0153665853983326,0.00191517932157853,0.113043412253165,0.0868968227767946,50.2105428117548,1.30089235303264,0.199233924729902,0.0601710147491133,0.0319862977927184,85956.39781334,1.88114970788558,0.0599549338216862,0.505189719804667,0.578703784572804,48.8307685672213,0.872967713832381,0.386953371985351,-0.165480874801029,0.536436007964588,49.5927029248157,-0.308482041369515,0.759007677297061,0.0408843023243986,0.0929952881877906,0.439638428151742,0.660199003705193,0.167142203171341,0.0929815895400356,1.797583844266,0.0722429804254241,-0.126257900846942,0.064868295116772,-1.94637304124704,0.0516099455009452,0.670670594605695,0.784887959783443,0.85447940211841,0.392839417474787,0.339708845003637,0.793268058367862,0.428239661763999,0.668476643207985,0.330961749602058,1.07287201592917,0.308482041369515,0.757715563304832,
0,625936.286031549,1,0.231650518902173,0.562823001360503,0.848694816095708,0.0000166444201026881,0.00687267795500853,0.000740856201932547,0.0968796074407292,0.0854311056315292,50.1580031464801,1.13400858767506,0.262181864352705,0.0382342720383612,0.0319650754503799,85956.4135191773,1.19612644424109,0.231650518902173,0.340034467604041,0.583637341288517,49.0499623527385,0.582612597839156,0.562823001360503,-0.101183550660972,0.52759320314639,49.6095921615581,-0.191783271766101,0.848694816095708,0.0507586565461877,0.0916142329534023,0.554047716275756,0.579546190342848,0.130844469803027,0.0916002066587663,1.42842985377157,0.15316817144452,-0.0800858132568393,0.0647358019191584,-1.23711780626198,0.216043350076049,0.441218018265012,0.782564292905793,0.563810567725619,0.572883059049313,0.238850916943068,0.790928186230612,0.301988121173654,0.762661118393184,0.202367101321944,1.05518640629278,0.191783271766101,0.84791197492522,
0,626016.736582477,0,0.287159804202248,0.450233442858695,0.852415822511958,0.0000131815146543075,0.0116757844316392,0.000716385390957519,0.0915462864128505,0.0856417508634105,45.079512641849,1.06894459174308,0.290785314263225,0.0340386447924481,0.0319798009979103,85945.2672476145,1.0643795061349,0.287159804202248,0.460345865956873,0.604831195166257,49.0358263174256,0.761114621130501,0.450233442858695,0.0947449460754333,0.506587164205279,48.7916818230746,0.187025950853032,0.852415822511958,0.0509726024214883,0.0918211421867876,0.555129256808819,0.578806252532827,0.115662800219511,0.0918067648841694,1.25985051717529,0.207723292102993,-0.0646901977980224,0.0645473526296472,-1.00221302907952,0.31624071641351,0.365600919881439,0.784800017715401,0.465852333879559,0.641321202027472,0.555090812032305,0.793089901184903,0.69990906605037,0.483984095220419,-0.189489892150866,1.01317432841056,-0.187025950853032,0.851640286093373,
0,625887.420592245,1,0.587758003267437,0.165351883451498,0.754607223041511,0.00000341877517032938,0.0387986641265913,0.00206912246339998,0.102465172112095,0.0858945338961623,50.1640372560409,1.19291842523955,0.238513213394821,0.0173229465377523,0.0319558574162813,85954.8832582871,0.542089868285819,0.587758003267437,0.874782752856127,0.621181526881595,49.1316051649895,1.40825622623976,0.165351883451498,0.162194508336118,0.515924847397066,47.6665442384296,0.314376229705582,0.754607223041511,0.0724048612588108,0.0921011570138188,0.786144969361755,0.43178256149428,0.101252369198037,0.0920875583400054,1.09952279138723,0.271540098336962,-0.0288475079392262,0.0645989013505228,-0.446563445138108,0.655190294058074,0.712588244520008,0.803372469189577,0.886996096889964,0.375081001874316,1.03697726119224,0.811592601463017,1.27770664656496,0.201352880802446,-0.324389016672235,1.03184969479413,-0.314376229705582,0.753235307587191,
0,625657.950411057,1,0.789646560623949,0.117477920715605,0.817553793291092,0.000000827946704556892,0.0487065332108329,0.00113053610512215,0.117673778198314,0.0864369656479381,50.2547296088191,1.36138256724102,0.179465756136693,0.00851350355610907,0.0319132201654249,85955.297015555,0.266770432816826,0.789646560623949,0.968889085655038,0.608150027036796,49.5739999391215,1.59317445133718,0.117477920715605,0.120581671921453,0.519806853979897,47.5447862488974,0.231973993798313,0.817553793291092,0.0939969588516529,0.0925736160869853,1.01537525295901,0.309926984912844,0.106713222145541,0.0925600394707504,1.15290813136768,0.248948094179327,-0.0127162632938884,0.0645594659599574,-0.196969772051329,0.843851192772031,0.848307413733584,0.795888125058824,1.06586263448884,0.286485742105744,1.08947075757649,0.804147582256525,1.35481444154731,0.175476684273079,-0.241163343842906,1.03961370795979,-0.231973993798313,0.816558212834293,
0,625482.965350405,0,0.847587740263849,0.197034765386182,0.984457169612747,0.000000429797948921186,0.033315281594134,0.00000790289618334416,0.151827258756911,0.0882528421312433,45.8428496386873,1.72036679035361,0.0921103514352153,-0.00612737141074935,0.0318805527706384,85947.2925973015,-0.192197778213952,0.847587740263849,0.790510292024453,0.604548578315911,49.6128314739658,1.3076042527907,0.197034765386182,0.010269815190468,0.524453166914142,48.5201486996842,0.0195819490439826,0.984457169612747,0.144007996493043,0.0942625040702059,1.52773361914709,0.126578689433801,0.131386112118087,0.0942492839239128,1.39402769599984,0.163309241292691,0.0126218843749558,0.064547183647613,0.195545082863156,0.844966247797055,0.780240476833984,0.796189578924726,0.979968210445203,0.327101810827465,0.80078010721492,0.804451595853836,0.995436035358946,0.319524239702475,-0.020539630380936,1.04890633382828,-0.0195819490439826,0.984376863649468,
0,625301.415472047,0,0.228579901635522,0.25336585410401,0.553802571947804,0.0000168664608402387,0.0259249809400796,0.00710097945402711,0.159410849310458,0.087887919461339,45.8536388378363,1.81379705296792,0.0762560212399389,-0.0383449170004653,0.0318470485259458,85950.011167068,-1.20403361615208,0.228579901635522,0.680116285934917,0.588598119521029,50.1652023476576,1.15548497927306,0.25336585410401,-0.328320749827994,0.550764807778895,49.6879550562954,-0.596117880428916,0.553802571947804,0.179730167358698,0.0939268249737891,1.91351264570961,0.0556824561854247,0.114777661429254,0.0939141897881976,1.22215462528197,0.221649159148716,0.0649525059294443,0.0647663236689274,1.00287467699215,0.31592133210095,1.00843703576291,0.801942845686234,1.25749240259133,0.20857538839087,0.351795536106922,0.81022645713127,0.434194086123166,0.664147507218458,0.656641499655987,1.10152961555779,0.596117880428916,0.551096480023214,
1,625413.70841355,1,0.11881918942317,0.198880853033446,0.404808248878615,0.0000283017977666722,0.0325205914696328,0.0138294483987295,0.169803163279853,0.0840923325038204,50.3251476765925,2.0192466806904,0.0488037434162771,-0.0497070809981924,0.0318683212854174,85959.0945141377,-1.55976465007392,0.11881918942317,0.729704641586027,0.560509490213064,50.4210135853909,1.30185956585436,0.198880853033446,-0.480674333290018,0.572142179672647,50.3316426446493,-0.84013091564939,0.404808248878615,0.197874975830358,0.0903771408423847,2.18943611167614,0.0285651573696311,0.11564471813586,0.0903640332154456,1.27976490226083,0.200627831016618,0.0822302576944983,0.0650420975583038,1.26426208227352,0.206135974419303,1.21037897487604,0.796774174998705,1.51909915363159,0.128737539750804,0.249030308296009,0.805100017894721,0.309315989021097,0.757081169469565,0.961348666580035,1.14428435934529,0.84013091564939,0.400834987772885,Model failed to converge with 1 negative eigenvalue: -2.0e+03
0,625818.836594886,0,0.157825821253489,0.188795850657832,0.360663030720334,0.0000232095095388135,0.0342906068338586,0.0165718179902466,0.172081566515823,0.0832022873257977,44.2623664072673,2.06823119948612,0.0444918666146652,-0.0451178836666356,0.0319433563057969,85952.8548033593,-1.41243403588269,0.157825821253489,0.743678426884942,0.558181722819974,49.9908392796058,1.33232314223373,0.188795850657832,-0.542191264101813,0.587751809308328,50.4997905891887,-0.922483360348765,0.360663030720334,0.19421480113393,0.0896007557734997,2.16755762222456,0.0301923610221739,0.123362142384539,0.0895878928973902,1.37699568987332,0.168513580416495,0.0708526587493914,0.0653582227816069,1.0840664836641,0.278335322117889,1.28586969098675,0.806399093159437,1.59458226316794,0.110805681523254,0.201487162783129,0.814713785707968,0.247310363857464,0.804668038669139,1.08438252820362,1.17550361861665,0.922483360348765,0.356276505814899,
0,626151.784633385,0,0.09580287015452,0.139202155420998,0.380467651234346,0.0000322742612214932,0.0434644063165664,0.0152162757788588,0.184998857185887,0.0860239281433221,44.5301642694595,2.15055114523096,0.0369781859569383,-0.0533063637566186,0.0320048905109783,85951.8243117242,-1.66556932098654,0.09580287015452,0.839293554523233,0.558463828364574,49.7055702631916,1.50286108409394,0.139202155420998,-0.516560382916306,0.583844343881997,50.6617896851283,-0.884757021848806,0.380467651234346,0.214069618274868,0.0922381549166156,2.32083586741722,0.020295703907079,0.125923706173686,0.0922254004016754,1.36539072343673,0.172130277960996,0.0881459121011817,0.0654260102636444,1.34726100133546,0.177896187554797,1.35585393743954,0.803749085835568,1.68691194967893,0.0916202839844153,0.322733171606927,0.812095768963068,0.397407773739557,0.691066783895551,1.03312076583261,1.16768868776399,0.884757021848806,0.376287693976023,
0,626468.961774516,0,0.0693767332884285,0.150203363049874,0.443767219657028,0.0000383669419752332,0.0410767358173202,0.0116030363565262,0.189624983925274,0.0866747633774652,45.3813704990292,2.18777619385547,0.0338756009189809,-0.0582276048410307,0.0320639903942644,85950.5904352538,-1.8159812339342,0.0693767332884285,0.814941896458976,0.557676143622098,49.8513688915455,1.46131747929173,0.150203363049874,-0.460727567260924,0.596893201697906,50.7522010643061,-0.771876050774831,0.443767219657028,0.225050266625073,0.0928883766789102,2.42280331158128,0.0154012628457697,0.125065872788042,0.0928758786576468,1.34659154341949,0.178111819236564,0.0999843938370309,0.0656851460349651,1.52217662397839,0.127964830695957,1.2756694637199,0.812698558431416,1.56967112896331,0.116491641251969,0.354214329198051,0.821029478106771,0.431427054257347,0.666157881893874,0.921455134521847,1.19378640339581,0.771876050774831,0.440187843102074,
0,626665.248276755,0,0.132432507806109,0.266661128754139,0.75509817969389,0.0000263376081376009,0.0243992038707767,0.00194537727978814,0.190558881528428,0.0855405692810189,44.3399723728847,2.22770181599331,0.0310212032228897,-0.0482982574571026,0.0321005535878463,85950.8369710635,-1.50459266457601,0.132432507806109,0.622979675484706,0.554637116998289,50.4459595219272,1.12322031178925,0.266661128754139,-0.198099072143998,0.631641928884707,50.4630448707,-0.313625589253997,0.75509817969389,0.224180529848745,0.0919106599029095,2.43911348352368,0.0147233437608298,0.134665973055156,0.0918988027957434,1.46537244184201,0.142819331907875,0.0895145567935891,0.0661674386046583,1.35284905508322,0.176103857485809,0.821078747628702,0.836466675029655,0.981603657551083,0.326295144891906,0.424880603340708,0.844695931871085,0.502998282943727,0.614965479373385,0.396198144287995,1.26328385776941,0.313625589253997,0.753805422030378,
0,626497.540342342,0,0.073698245734622,0.23036326961905,0.877292689165274,0.0000372139592510644,0.028463882981098,0.000478168328860801,0.184205024125372,0.0797040458197497,42.871251627547,2.31111259448424,0.0257011469469804,-0.0573570013405576,0.0320698193401858,85952.3607541614,-1.78850403652524,0.073698245734622,0.671531756133162,0.553093653717161,50.3153576423224,1.21413751833892,0.23036326961905,-0.102075492939165,0.657748475462762,50.3424964818098,-0.155189250522169,0.877292689165274,0.227733959336088,0.086554098370317,2.63111699646781,0.00851047326078449,0.116669112394637,0.0865422807909271,1.34811691266251,0.177620782568788,0.111064846941451,0.0664374128220518,1.67172143260501,0.0945792658019283,0.773607249072325,0.855318910337244,0.904466439035353,0.3657481224237,0.569456263193995,0.86343549563999,0.659523804695922,0.509559465030768,0.20415098587833,1.31549695092552,0.155189250522169,0.876672122462038,
0,626248.191046119,1,0.0715452504839289,0.295690435515325,0.953422007783038,0.0000377750604646411,0.0218148159504046,0.0000686254928002943,0.187199056018851,0.0748737218442928,50.4405095180359,2.50019701716111,0.0157069309735789,-0.0577079453469131,0.0320239738966466,85960.5535430997,-1.80202324462162,0.0715452504839289,0.573476577743114,0.542671749292664,50.0756355824596,1.05676512272954,0.295690435515325,-0.0386692102140725,0.658730943475978,50.2110373642213,-0.0587025865371127,0.953422007783038,0.233965024739864,0.0820921940767116,2.85002767158633,0.00437154256411088,0.119931541971171,0.082079598216007,1.46116141620905,0.143971148883152,0.114033482768693,0.0663664859868878,1.71823897367752,0.0857530354306216,0.612145787957185,0.849412731267703,0.720669428916601,0.47111292583222,0.53480736752904,0.85751745096328,0.623669368977007,0.532844743417602,0.0773384204281449,1.31746188695195,0.0587025865371127,0.953188999134295,
0,626144.372815843,0,0.0108610561268837,0.42311787486606,0.82225251145854,0.000075479312631421,0.0129159113869811,0.00101452450681263,0.194563532086411,0.0761458989226666,42.0158361285964,2.55514131212777,0.0143246580633526,-0.0815214174202174,0.0320044108387893,85953.3984829253,-2.5471931925525,0.0108610561268837,0.442023511125434,0.547282605467187,49.8536022670192,0.807669578221112,0.42311787486606,-0.147946205582493,0.655130432334624,50.2167666760407,-0.22582709988799,0.82225251145854,0.26553936546896,0.0832481224581838,3.18973398592074,0.00142403807492362,0.107785544962109,0.0832358187074428,1.29494184878452,0.195340290541717,0.157753820506851,0.0662856054750259,2.37991068160774,0.0173168348511745,0.589969716707926,0.849583279896494,0.694422466482395,0.48741730845925,0.29407730554294,0.857692554331747,0.342870302485095,0.73169603418004,0.295892411164986,1.31026086466925,0.22582709988799,0.821335898812596,
0,626126.066164646,0,0.00327389885982887,0.324965678071972,0.666967929115333,0.000100607921447051,0.0194105735237192,0.00373304218488834,0.203918608295636,0.075867349471217,42.2963738687908,2.68783092749273,0.0102412470783197,-0.0941113346920148,0.0320012997452604,85955.3192326089,-2.94085976010875,0.00327389885982887,0.56508920391622,0.568440109504675,49.9244661684044,0.994105085949381,0.324965678071972,-0.280431276009355,0.647836491643195,50.0074731301084,-0.432873540819011,0.666967929115333,0.282916443050096,0.0830195943421021,3.40782733633064,0.000654823156434455,0.104719073284661,0.0830077294325666,1.26155809827002,0.207107841844984,0.178197369765435,0.0661890106742102,2.69225008729232,0.00709717039474861,0.845520479925574,0.857802872619768,0.985681567308485,0.324289397464272,0.284657927906864,0.865913845438314,0.328737009353135,0.742354478207719,0.560862552018709,1.29567298328639,0.432873540819011,0.665106643184797,
0,626249.322134915,1,0.203581640279485,0.287382120572686,0.653525268148187,0.0000188043265756089,0.02262864759589,0.00408951049401933,0.20787790530242,0.0750353290552658,50.1480216377474,2.77040039564978,0.00783163089527228,-0.0407165625836809,0.0320244027374009,85963.5186224107,-1.27142301193111,0.203581640279485,0.618150693955584,0.574832837020537,49.9466759665963,1.07535731110904,0.287382120572686,-0.295654533565826,0.654686588668635,49.6650842473243,-0.451597052212519,0.653525268148187,0.232260392512435,0.0822994104205485,2.82213920276693,0.00477044658093524,0.161396791988588,0.0822877590520585,1.96137060782615,0.049835806101513,0.0708636005238468,0.0663175518159696,1.06854970642602,0.285272621217434,0.913805227521408,0.867182674646831,1.05376324301401,0.29199132597553,0.322496160389758,0.875265016204619,0.368455444258685,0.712533662140108,0.59130906713165,1.30937317733727,0.451597052212519,0.651559293997946,
0,626222.268003814,0,0.756380249018135,0.171637300487623,0.624526593854751,0.00000111974825699885,0.0371076468374218,0.00483914782281026,0.235542616020266,0.076786016916545,42.4448848017723,3.06751965369249,0.00374981089215352,-0.00993359064238277,0.0320191933164969,85954.9444873574,-0.310238629193222,0.756380249018135,0.790609067038048,0.570057515406507,49.9114921045149,1.38689350753365,0.171637300487623,-0.316386130468005,0.64240798195137,49.8812595694492,-0.492500310327644,0.624526593854751,0.22568890139258,0.0838560888313322,2.69138358988493,0.00711563266149017,0.217132390580262,0.0838441810842215,2.58971329640815,0.00960558949348579,0.00855651081231889,0.0661536077887842,0.129343071350518,0.897086191639861,1.10699519750605,0.854790209830383,1.29504898953594,0.195303330200319,0.474222936570041,0.862925761274206,0.549552415574891,0.58262640401234,0.632772260936009,1.28481596390274,0.492500310327644,0.622365702605465,
0,626207.745419079,0,0.712493677573135,0.123022550458521,0.551931188843815,0.00000157988743185493,0.0476310888528476,0.00707609321184575,0.23070314228951,0.0771763991476366,41.9343897308339,2.9892965315495,0.00466193037406088,-0.0117983207743445,0.0320162582419826,85955.2524723096,-0.368510295149778,0.712493677573135,0.880750624759908,0.561297326080475,49.2305483921304,1.56913383306164,0.123022550458521,-0.38167176226358,0.637296523251915,50.3291254770821,-0.598891957414162,0.551931188843815,0.219935929619736,0.0841814428510562,2.61264148214794,0.00898454961968248,0.209983892293158,0.0841692635951623,2.49478115079086,0.0126034836537973,0.00995203732657725,0.06608446328515,0.150595719959696,0.880294637863526,1.26242238702348,0.845142274264209,1.49373948678945,0.135243723472043,0.499078862496327,0.853309808850019,0.584874165654935,0.558632330724551,0.763343524527158,1.27459304650383,0.598891957414162,0.549244934976256,
0,626524.207268851,0,0.47641958484411,0.129431231213023,0.559404291956569,0.00000589890501127408,0.0468184831357073,0.00679623765850878,0.201059095573802,0.0766535471767479,41.2664374790386,2.62295879289447,0.0121594027106389,-0.0228400557875986,0.0320753016949191,85956.5262373627,-0.712076101569968,0.47641958484411,0.876553424859575,0.568225343345841,48.4477771528307,1.54261585676244,0.129431231213023,-0.373885057668942,0.636264414339144,50.4627307134145,-0.587625284776105,0.559404291956569,0.201547827678176,0.0837346524431087,2.40698231613384,0.0160849487098586,0.169233948926174,0.0837225429725463,2.0213665629061,0.0432418333662296,0.0323138787520021,0.0661794277357574,0.488276793220782,0.625353796933005,1.25043848252851,0.848960240211974,1.47290582444273,0.140776431334384,0.502668367190632,0.857141413122064,0.586447416371711,0.557574888181594,0.747770115337882,1.27252882867829,0.587625284776105,0.556783835617752,
0,626732.194923116,0,0.696143779525044,0.102633074372158,0.786110298646515,0.00000177431939656769,0.0536697587897233,0.00147871176403445,0.168735974526556,0.0764694496318749,41.4191896551103,2.20658021391358,0.0329434853954964,-0.0125416481489417,0.0321142221168493,85957.1170033421,-0.390532521800099,0.696143779525044,0.958842829120506,0.576417239976884,48.7903576283677,1.66345272594372,0.102633074372158,-0.172891454515658,0.633722518282321,50.2600108138771,-0.27281885924501,0.786110298646515,0.161048111467715,0.0835910555284626,1.92661894803898,0.0540271355086505,0.142145611611938,0.0835790303124345,1.70073295993709,0.0889931429762991,0.0189024998557765,0.0662193030625367,0.285453017195382,0.775297094430426,1.13173428363616,0.852552393428201,1.32746596263174,0.184354592117576,0.785951374604846,0.860741857876769,0.913109275925756,0.361185072270201,0.345782909031315,1.26744503656464,0.27281885924501,0.784992461726477,
0,626876.687220327,0,0.92442744796751,0.0894917846553773,0.855255382669741,0.000000104680595639454,0.0583560038892107,0.00066634002603047,0.151093189312909,0.0754426013448396,41.1482567819111,2.00275688562592,0.051821460084563,-0.00304888033507482,0.0321413538225859,85957.9790625056,-0.0948584913972216,0.92442744796751,1.02550257196473,0.591816385677811,48.4507756737304,1.73280530377714,0.0894917846553773,-0.117815787958679,0.642558013773154,50.4193113950482,-0.18335432044004,0.855255382669741,0.133705495524044,0.0827186431287041,1.61638888727911,0.106010259489788,0.131819599489303,0.0827071323339139,1.59381175201562,0.110978204558423,0.00188589603474009,0.0663784623152717,0.0284112642709743,0.977334140239745,1.1433183599234,0.869494178019058,1.31492353695592,0.188535601524519,0.907686784006047,0.8776301870564,1.03424745113937,0.301020496177849,0.235631575917357,1.28511602754631,0.18335432044004,0.854520015199588,
0,626832.018717426,0,0.592536559331776,0.102610254429726,0.921264199776179,0.00000333187853986184,0.0541284678926171,0.000195693196426963,0.1356901512711,0.0761259678263426,41.6523861101129,1.78244237998569,0.0819673007018136,-0.0171964896887136,0.0321330098412946,85957.9767936216,-0.535165855101882,0.592536559331776,1.00403138983304,0.60344262724969,48.3758969563978,1.66383902047013,0.102610254429726,-0.0632378923870636,0.636595957487402,50.4157575972931,-0.0993375651279015,0.921264199776179,0.133809428032212,0.0833515901598837,1.60536143072425,0.108414287222928,0.101677176585886,0.0833402883104751,1.22002429613753,0.222455664698898,0.0321322514463258,0.0662899853119275,0.484722560958906,0.627873160602457,1.0672692822201,0.873080649764439,1.22241774858721,0.221549690784013,0.940793497445977,0.881206567128002,1.06761970750193,0.285692090211301,0.126475784774127,1.2731919149748,0.0993375651279015,0.920870253246966,
0,626545.176084192,0,0.214716794706164,0.160686791913583,0.980201849733294,0.00001790789468241,0.0402486923206481,0.0000123106132432092,0.135786537621743,0.075238779138054,41.8436111647096,1.80474137376141,0.0783151931595176,-0.0398014378024526,0.0320796012325218,85958.1956717518,-1.24070862084478,0.214716794706164,0.874997930869982,0.614201392397398,48.3948776882142,1.42461079004498,0.160686791913583,0.0158326779327644,0.634855644748386,50.5212107702701,0.0249390204903029,0.980201849733294,0.160230578051917,0.0825449818153704,1.9411304543056,0.0522424559539868,0.0800616909011552,0.082533884991704,0.970046313816473,0.332023407278093,0.080168887150762,0.06617187373907,1.21152511816252,0.225694213948614,0.859165252937215,0.879286437294006,0.977116462277397,0.328511498652776,0.890830608802744,0.887369957444126,1.00389989691401,0.315426866270089,-0.0316653558655288,1.26971128949677,-0.0249390204903029,0.980103603053692,
0,626536.7666052,0,0.161616948176139,0.241652486981108,0.921366179111212,0.0000227900143322349,0.0281682618799356,0.00019349102780693,0.137635721813011,0.0722219424630892,40.7903275967782,1.90573276097293,0.0637492199106421,-0.0448989790698493,0.0320783507546588,85959.5973188304,-1.39966606803589,0.161616948176139,0.72216039082918,0.6092317766793,48.4767239437831,1.18536231771332,0.241652486981108,0.0629226791039411,0.63427433830746,50.8528453229096,0.0992042012480722,0.921366179111212,0.170750966069163,0.0797907153290249,2.13998540262553,0.03235594645115,0.0787035487400379,0.0797792366573085,0.986516693285858,0.323879627686752,0.0920474173291246,0.0661624147100383,1.3912342488183,0.164154404793936,0.659237711725237,0.87541157939278,0.753060305853517,0.451413675936345,0.785083069933119,0.883509566766201,0.888596003330966,0.374220239788101,-0.125845358207882,1.26854867661492,-0.0992042012480722,0.920976139202466,
0,626496.961188242,0,0.460476847881285,0.214508050093084,0.816743864625863,0.00000633708849586759,0.0316172518194904,0.00106211760112189,0.139897733478322,0.0720624091609918,40.074384722945,1.94134133325715,0.0592716573022867,-0.0236703818938995,0.0320708550877994,85960.1028807608,-0.738065194367216,0.460476847881285,0.747476532442481,0.594293578074571,48.4524760385629,1.25775636826533,0.214508050093084,0.1461279720898,0.627334409139366,51.0310346348354,0.232934731398317,0.816743864625863,0.152819136908519,0.0795899569624354,1.920080657672,0.0548477120740904,0.100254359866189,0.0795779418134134,1.25982599677252,0.207732139452889,0.0525647770423299,0.0660632673574714,0.795673286304468,0.426221957678018,0.60134856035268,0.860049846471142,0.699201985582655,0.484425809896767,0.893604504532279,0.868205561630877,1.02925452683543,0.303360085553991,-0.292255944179599,1.25466881827873,-0.232934731398317,0.81581208837753,
0,626498.872911552,0,0.331963523934757,0.270211746062707,0.753236866300324,0.0000109495908947806,0.024912800134227,0.00194869852968039,0.138871504676045,0.0718281478234866,40.9571778510976,1.93338557214803,0.0601211298056857,-0.0311147849492794,0.0320714129339578,85959.6763736236,-0.970171941390663,0.331963523934757,0.664832453232275,0.596120188446497,48.6830381650059,1.11526579055282,0.270211746062707,0.196840590288819,0.622779643037754,51.1644969907736,0.316067797798725,0.753236866300324,0.161621033952281,0.0793710107263149,2.03627284663891,0.0417229648654127,0.0923544961276454,0.0793588200862812,1.16375843324327,0.244521921615817,0.0692665378246351,0.0660089557985333,1.04935060684863,0.294016782320634,0.467991862943455,0.858005689691186,0.545441444697057,0.585449942648832,0.861673043521092,0.866171901050238,0.994806045400814,0.319830605432513,-0.393681180577637,1.24555928607551,-0.316067797798725,0.751951048398178,
0,626382.152675609,1,0.429215516123916,0.34870475148831,0.515836296976325,0.00000726961701092515,0.0179420418290338,0.00829301410527744,0.135437850003283,0.0734540279655939,50.442686030827,1.84384510631224,0.0710833828801093,-0.0253364068616018,0.0320495538358768,85966.9233993678,-0.790538520172463,0.429215516123916,0.562559629251489,0.594565331173611,49.0008051322147,0.946169579280807,0.34870475148831,0.399179702852563,0.61007086214072,51.1973289450468,0.654316945169047,0.515836296976325,0.157853875199327,0.0808030262848286,1.9535639004769,0.050752813345761,0.0929105557760925,0.0807906019139137,1.15001687789247,0.250136919801365,0.0649433194232348,0.0658163381172343,0.986735532255767,0.323772306158432,0.163379926398926,0.847766413619585,0.19271809283098,0.847179753042588,0.96173933210405,0.855967807614278,1.12356951225137,0.261195695977826,-0.798359405705124,1.22014172428144,-0.654316945169047,0.512907630958903,
0,626409.738814325,0,0.804749728393679,0.309481780666345,0.415064339490467,0.00000071093691359487,0.0212938778980969,0.0130073877065699,0.13810634450417,0.0755363111936438,42.1557084073945,1.82834377694355,0.0745797474800702,-0.00792402256177408,0.032054385721248,85957.7653054866,-0.247205565899254,0.804749728393679,0.601314849268958,0.585463027809666,48.4844478497184,1.02707570026855,0.309481780666345,0.504234963060138,0.613660301726759,51.2310986997153,0.821684182016155,0.415064339490467,0.144295084610948,0.0826898263302862,1.74501617689452,0.0809820531083853,0.110420852626986,0.0826774669524533,1.33556163120585,0.181692598194575,0.033874231983962,0.0658675042648279,0.51427835868453,0.607057389997068,0.0970798862088193,0.844024992226984,0.115020155922956,0.908429145955223,1.10554981232909,0.852240375827801,1.29722768796919,0.194552856645456,-1.00846992612027,1.22732060345351,-0.821684182016155,0.411256664069506,
0,626482.557404261,0,0.574691615763244,0.351853418817962,0.358697466213406,0.00000366354427012119,0.0181043912143157,0.0164839980246308,0.139073435614753,0.0825638328769697,43.8533610512622,1.68443531227517,0.0992030710360152,0.0179946359155337,0.0320669954209651,85954.0913351129,0.56115752908266,0.574691615763244,0.547738832810339,0.582607116833477,47.9376660119136,0.940151290611329,0.351853418817962,0.585808444449702,0.632497172289866,51.1814936088041,0.926183499491177,0.358697466213406,0.121759285963946,0.0891953635659336,1.3650853709895,0.172226219387251,0.136806153444526,0.0891840607585418,1.53397537946738,0.125035709876718,-0.0150468674805797,0.0661183295817987,-0.227574827975113,0.819976790854107,-0.0380696116393633,0.855840147596942,-0.0444821521241513,0.964520078435761,1.13354727726004,0.864005262044523,1.31196802502995,0.189530923379215,-1.1716168888994,1.26499434457973,-0.926183499491177,0.354350626126276,
0,626424.998000099,0,0.137657008197589,0.359291171627014,0.313984590613247,0.0000256419955868332,0.0176903732985771,0.0197707909512458,0.151568277909831,0.0888030620670582,45.7702272865063,1.70679112163245,0.0946377392323745,0.0475892094760565,0.0320555273068963,85950.4536266064,1.48458669921235,0.137657008197589,0.532483245890153,0.575243514800787,47.579495815808,0.925665795770958,0.359291171627014,0.636630759408873,0.626061612733441,51.2677998906173,1.01688195931593,0.313984590613247,0.105840683233691,0.0949686275690378,1.11448049680142,0.265073106835276,0.178259821550948,0.0949575176588807,1.87725865150896,0.0604826523777436,-0.0724191383172578,0.066018209910988,-1.09695701254094,0.272660184192472,-0.10414751351872,0.846101258029447,-0.123091075128854,0.902034978550991,1.16911400529902,0.854300386092914,1.36850459666288,0.171154184163071,-1.27326151881774,1.25212322546688,-1.01688195931593,0.309209586534074,
0,626684.579960096,0,0.348437882631974,0.324034357893568,0.340293081790463,0.0000102287797808962,0.0202382532629075,0.0178350767041166,0.172481926141595,0.0921392308137292,46.3435259370025,1.87197054520987,0.0675291624343639,0.0301015102022955,0.0321038697299518,85947.5556362209,0.937628717519116,0.348437882631974,0.567591124796201,0.569628317593221,48.0657255788937,0.99642364549988,0.324034357893568,0.583072327733379,0.605732871914871,51.0260575187458,0.962589872149654,0.340293081790463,0.142657139170941,0.0980578318199475,1.45482657043535,0.14571728035905,0.182015570241482,0.098046257756724,1.85642547105781,0.063392936973671,-0.0393584310705412,0.0658622146228988,-0.597587422407402,0.550115258647292,-0.0154812029371775,0.827340018885253,-0.0187120199480217,0.985070839402401,1.15066345252958,0.835635062569533,1.37699278557239,0.168514478353647,-1.16614465546676,1.21146574382974,-0.962589872149654,0.335753382077981,
0,626886.037383215,0,0.705521243801695,0.432220266884225,0.429452748464635,0.00000166141102232176,0.0127664886140956,0.012454644226305,0.2032383939538,0.0962368327581893,46.9559426499123,2.11185663668368,0.0400474082574945,0.0121454440684801,0.0321410731858338,85946.5088586006,0.377879232540164,0.705521243801695,0.461698429845686,0.582956714014669,48.5056808433397,0.791994360380706,0.432220266884225,0.477971144887825,0.600048219699084,50.3102852527091,0.796554558777828,0.429452748464635,0.191383821228607,0.101941404773076,1.87739046420473,0.0604645974826404,0.198587442906803,0.101930306391504,1.94826690841141,0.0513830345489063,-0.00720362167819569,0.065863947562013,-0.109371240941993,0.912908043288089,-0.0162727150421396,0.832440263909899,-0.01954820753829,0.984403780323676,0.939669574733509,0.84073539224851,1.11767576742595,0.26370549594732,-0.955942289775649,1.20009643939817,-0.796554558777828,0.425709777331578,
0,626907.733132647,0,0.250741768246285,0.704054222352144,0.499475265910481,0.0000153487502856699,0.00297252039261305,0.00909580925871671,0.188703859948274,0.100741974037808,48.2620342569674,1.87314038414071,0.067112107719874,0.0369195961824043,0.0321443223571433,85945.9959358976,1.14855730266156,0.250741768246285,0.225880119474964,0.591183147621846,48.9659530878678,0.382081458823062,0.704054222352144,0.404935343267892,0.595297319096976,50.4073464156896,0.680223697096688,0.499475265910481,0.154984838060476,0.106211696628005,1.45920687627554,0.1445081767967,0.214347763012503,0.106201064764848,2.01832028226002,0.0435579157151393,-0.0593629249520265,0.0658148163153684,-0.901969013596786,0.367073328326345,-0.179055223792927,0.834819178106903,-0.21448384091866,0.830169766845241,0.630815462742854,0.843107207997386,0.748203142802226,0.454337635634323,-0.809870686535781,1.19059463819395,-0.680223697096688,0.496362829852057,
0,627038.248856812,0,0.300336032152143,0.640231636015104,0.583122657666871,0.0000124816306960894,0.00446594988404401,0.00593202246974468,0.185795453649044,0.106490302478173,48.5057162955472,1.74471711813502,0.087367668923744,0.0333167013745767,0.032167694019068,85942.3816603391,1.03571929510482,0.300336032152143,0.262832071762877,0.558888855688121,49.3001329712179,0.470276100673488,0.640231636015104,0.33467370877142,0.605920358135421,51.1240676032924,0.552339435831634,0.583122657666871,0.153762906357332,0.111649778780688,1.37718952994405,0.168453658036257,0.208431865437271,0.111639141520433,1.86701422636005,0.0618996012062436,-0.0546689590799393,0.0659803290712079,-0.828564510809562,0.407350876814264,-0.0718416370085426,0.820136054254866,-0.0875972183344802,0.93019681312946,0.597505780534296,0.828474090929778,0.721212391643689,0.470778848861257,-0.669347417542839,1.21184071627084,-0.552339435831634,0.580715816615874,
0,627231.186526451,0,0.50147818439424,0.48416536282639,0.645025399957677,0.00000525744228491512,0.00989071978852891,0.00417617333544971,0.198783803343924,0.115001142217,47.6993533855491,1.72853764329429,0.0903607781204605,0.0216454789657326,0.0322024554817043,85936.8887198459,0.672168585964829,0.50147818439424,0.377990824731743,0.536239451353276,49.739363666937,0.704891860861467,0.48416536282639,0.288492188587107,0.622525598339812,51.2103430549544,0.463422210036785,0.645025399957677,0.17553855516633,0.119796895211911,1.46530137409502,0.142838711801659,0.208516039260757,0.119786674930672,1.74072816848317,0.0817312382721467,-0.0329774840944264,0.0662404938715233,-0.497844779937599,0.618593450748074,0.0894986361446353,0.817468132404163,0.109482721829683,0.912819625366671,0.666483013318849,0.825789072376022,0.807086259208049,0.419616788060539,-0.576984377174214,1.24505119667962,-0.463422210036785,0.643061761813034,
0,627244.629416261,0,0.407622278020823,0.419681722786128,0.612341202742096,0.00000797971216668717,0.0131745021042897,0.00506086212456664,0.199750351519451,0.118227697185955,49.2367899836436,1.68953939114007,0.0974395618333115,0.0266681354008976,0.0322044231443134,85933.7100898675,0.828089212509512,0.407622278020823,0.431592298233682,0.530379204189764,49.5998712008379,0.813742874577832,0.419681722786128,0.32380730870136,0.635084893005654,51.1071589370691,0.509864605925175,0.612341202742096,0.171155582203418,0.122910476039166,1.3925223277866,0.163764285200087,0.212915878546809,0.122900539371179,1.7324242809364,0.083198047914309,-0.0417602963433912,0.0663964595678783,-0.628953661312302,0.529379393572259,0.107784989532322,0.823278184840118,0.130921712146732,0.895837238706681,0.75539960693504,0.831554492194164,0.908418647275682,0.363657077383719,-0.647614617402718,1.2701697860113,-0.509864605925175,0.610146319959377,
0,627120.318431154,0,0.217479147874609,0.146752145977401,0.717825113959979,0.0000176997322162098,0.0424399107945323,0.00257629635274946,0.200997479878607,0.117059477778238,50.0856521243458,1.71705430174039,0.0921479149599413,0.0396877143311592,0.0321809312759665,85929.1621933678,1.2332680490449,0.217479147874609,0.761963219785486,0.51678041320842,49.0509588105535,1.4744429167794,0.146752145977401,0.242293245860805,0.666790437775297,51.1196363766222,0.363372406282851,0.717825113959979,0.152020774559138,0.121817218464897,1.2479416003325,0.212052444622483,0.222734322065107,0.121807366307643,1.82857842523708,0.0674627871715913,-0.0707135475059691,0.0667506079906991,-1.05936933961444,0.289431607402778,0.51966997392468,0.839530700135134,0.61900056048103,0.535915989654635,1.00425646564629,0.847662179349463,1.18473666763923,0.236121579928303,-0.48458649172161,1.33358087555059,-0.363372406282851,0.716326711682579,
0,626936.463007126,0,0.213783647578961,0.0408480273204351,0.815830455756192,0.0000179874944324265,0.0822830592714789,0.00107486375891263,0.172137267551827,0.113233444100522,49.9535872019538,1.52019810859956,0.13476606112946,0.0399660686585133,0.0321467638743967,85927.0407445107,1.24323769616961,0.213783647578961,1.06927565499954,0.509098126041075,49.2010849413742,2.10033311910731,0.0408480273204351,0.161461977777812,0.68965558534818,50.9396013342265,0.234119727597503,0.815830455756192,0.115944221215363,0.118168495483742,0.981177095813285,0.326505416953222,0.190104161054033,0.118158522602832,1.60889080928198,0.107640219494219,-0.0741599398386702,0.066985796559578,-1.10709946955264,0.268250924865807,0.907813677221725,0.85319519019706,1.06401640287265,0.287321268930369,1.23073763277735,0.861202313109729,1.42909234455405,0.152977693545598,-0.322923955555624,1.37931117069636,-0.234119727597503,0.814892031073856,
0,627221.406654958,0,0.232250303323411,0.0357052705882147,0.598836243125991,0.000016606835065112,0.0862699820792837,0.00549624458712402,0.150956742986889,0.111572274951739,49.5129003093325,1.35299511506945,0.182203131860349,0.0384663273120545,0.0322004257052668,85929.8659112489,1.19459064498526,0.232250303323411,1.11460004615369,0.516170958790511,49.3866042380758,2.15936217869641,0.0357052705882147,0.36441881283699,0.688358666529048,50.712192261436,0.529402520163683,0.598836243125991,0.0990810846271882,0.116598187024356,0.84976522496436,0.395455627092136,0.162985920680798,0.116588215330611,1.39796222301385,0.162124411687966,-0.0639048360536099,0.0670658150767408,-0.952867507544433,0.340657204861065,0.750181233316699,0.856361534028676,0.876009960171306,0.381024619115076,1.47901885899068,0.864398720501584,1.71103776985284,0.0870741406531477,-0.728837625673979,1.37671733305809,-0.529402520163683,0.596526250308545,
0,627490.880326924,0,0.223710806988818,0.0338313263633925,0.486529140323884,0.0000172275672323107,0.0885060655791726,0.00961469501652894,0.143215159366898,0.105450066188151,48.9057857692398,1.35813247486601,0.180654431014623,0.0392417400400368,0.0322518412304636,85932.2238549825,1.21672867479488,0.223710806988818,1.13116709786594,0.518122040733543,49.0874126730041,2.18320590311979,0.0338313263633925,0.482060735522162,0.687700660417894,50.6143087990617,0.700974658406215,0.486529140323884,0.0923707802428104,0.11076888757181,0.833905460889709,0.404334259726373,0.153620792727035,0.110758426180682,1.38698966773355,0.165444913465125,-0.0612500124842246,0.0671499792543605,-0.912137474416974,0.361696353352846,0.64910636234378,0.856997051223297,0.757419598372282,0.448798518260456,1.6132278333881,0.865055691305921,1.86488320879401,0.0621977765405981,-0.964121471044322,1.37540132083579,-0.700974658406215,0.4833188302931,
0,627542.22549843,0,0.503423695274794,0.0358325801979989,0.381918136155457,0.0000052099528269048,0.0874776417115198,0.0151438541185402,0.147270583774812,0.10099839757653,48.198531696145,1.45814772618764,0.151285615659172,0.0215871416062792,0.0322622124088812,85934.1795084556,0.669115351814391,0.503423695274794,1.12688465739961,0.522002833334515,48.613809981369,2.15877115110881,0.0358325801979989,0.607297969557395,0.688503199653504,50.5973899496437,0.882055406369969,0.381918136155457,0.11639593990135,0.106550183456927,1.09240487557117,0.274655180940627,0.137859577321412,0.106539466314926,1.29397660876116,0.19567350060954,-0.0214636374200613,0.0671795103765423,-0.319496782571907,0.749349830785924,0.519586687842214,0.859976451034776,0.604187111422662,0.545719248859546,1.734182626957,0.868036710946245,1.99782175694686,0.0457359876965466,-1.21459593911479,1.377006399307,-0.882055406369969,0.377746845663079,
0,627356.713624692,0,0.834147368718715,0.0587320384478944,0.407612176968315,0.0000005101864404255,0.0716820067940046,0.0136171704355937,0.172117234639838,0.101330396700169,48.3175438351974,1.69857456641686,0.0958309406805517,0.0067479667859319,0.0322273923840659,85934.2726450226,0.20938606218939,0.834147368718715,1.00478303489374,0.519059249762638,48.5285517823187,1.93577714943567,0.0587320384478944,0.563551812240001,0.674857947337157,50.5128181227726,0.835067312259794,0.407612176968315,0.157482352972067,0.10682326219925,1.47423276288199,0.140418931412357,0.150831547390202,0.106812322991624,1.41211747077188,0.157915375379932,0.00665080558186586,0.0669387369503766,0.0993566040362589,0.920855137176921,0.441231222653734,0.847319776246101,0.520737547999327,0.602549613794196,1.56833484713373,0.855430128344098,1.83338743302114,0.0667449751468619,-1.12710362448,1.34971589467431,-0.835067312259794,0.403679809924098,
0,627321.311890708,0,0.948501060193287,0.060389400285754,0.521913607584506,0.0000000485432970244742,0.0712178446989868,0.00820339509024264,0.205609858828809,0.0968984629798354,47.4656548887434,2.12191042567514,0.0390926573115377,0.00208117047988654,0.0322215392180238,85939.6256504266,0.0645894184571541,0.948501060193287,1.01841831917698,0.529586062674289,48.2285658575174,1.92304592389421,0.060389400285754,0.424788991281425,0.658673958859138,50.2845430438264,0.644915417663064,0.521913607584506,0.192917689534476,0.102610797824994,1.88009150716773,0.0600956077456254,0.18189400355432,0.102599545865925,1.77285388564989,0.0762529216516115,0.0110236859801565,0.0667219093258557,0.165218383159858,0.868772096435912,0.593629327895552,0.841069354454839,0.705803064576438,0.480310616016645,1.4432073104584,0.849251378987967,1.69938765619461,0.0892461662212404,-0.849577982562848,1.31734791771827,-0.644915417663064,0.518981999887698,
0,627435.932093228,0,0.737479156318137,0.0725320313006401,0.654717188353952,0.00000130727842609719,0.0651610302538534,0.00399964407089791,0.219825936353394,0.0905938891647698,46.1550482234042,2.42649850205217,0.0192088138474423,-0.0108080345654159,0.0322440648022198,85945.9106227079,-0.335194542986771,0.737479156318137,1.02319214256156,0.557337790492241,48.3533174252706,1.83585638730486,0.0725320313006401,0.302312587232799,0.671966760897286,50.4028421639376,0.44989217447172,0.654717188353952,0.217748401174355,0.0967652791575779,2.25027409696986,0.0244315511897087,0.185324784794834,0.0967545007726599,1.91541254737373,0.0554399122333777,0.0324236163795211,0.06693407336923,0.484411223573111,0.628094054674298,0.720879555328757,0.868952679669519,0.829595871207766,0.406767311934248,1.32550472979435,0.877069393730213,1.51128831911113,0.130715008708808,-0.604625174465596,1.34393352179457,-0.44989217447172,0.652788190482318,
0,627260.177483107,0,0.130098140705016,0.07081248058641,0.549086293412339,0.0000266594637207165,0.06586156884483,0.00713807394602741,0.231377781918658,0.0876056779988213,45.2279481146897,2.64112768948346,0.0113046724903754,-0.0487593821707696,0.0322114239453578,85947.5603118294,-1.51372948471583,0.130098140705016,1.02855559598229,0.556772453055707,48.4037747188344,1.84735360080643,0.07081248058641,0.406516749684904,0.673961608377307,50.6051116174288,0.603174935533304,0.549086293412339,0.269018351135897,0.0939671925018209,2.86289654903421,0.0041978759884445,0.156966784770405,0.0939562568062771,1.67063684852883,0.094793429513061,0.112051566365492,0.0669009256333303,1.67488813203606,0.093956182582952,0.622038846297385,0.870138914139619,0.714873034856105,0.4746875005482,1.43507234566719,0.878235673493346,1.63404014318722,0.102250421828616,-0.813033499369805,1.34792321675461,-0.603174935533303,0.546392319891704,
0,627114.348517652,0,0.0530609051573583,0.0617561747603843,0.747957152431515,0.0000435375089693367,0.0701618465142696,0.00205121648903226,0.218044140585273,0.089619071418601,43.3890566036017,2.43301048687296,0.0191673130891585,-0.0622578229914079,0.032183706721152,85947.5005157309,-1.93445160095529,0.0530609051573583,1.04836474518949,0.548217978176936,48.4645986614549,1.91231369076176,0.0617561747603843,0.215738076505372,0.667743203549795,50.7845263127376,0.323085394742299,0.747957152431515,0.265418937790869,0.0958091448836871,2.77028814016751,0.00560067223617766,0.133190746735037,0.0957981391121976,1.39032707701186,0.164429579202102,0.132228191055832,0.0667704171045077,1.98034094723224,0.0476652306387888,0.832626668684112,0.859888589585735,0.968295984815012,0.332896569475184,1.26410282169486,0.868008921882114,1.45632468725539,0.145302884088459,-0.431476153010744,1.33548640709959,-0.323085394742299,0.746630570933969,
0,627292.13389343,0,0.251315960866906,0.093753527700252,0.868200628695929,0.0000153110635967197,0.0565002501411495,0.000550721773946603,0.192513099788915,0.0890381153977659,43.0010945000828,2.16214257151433,0.0362154993817018,-0.0369585374184784,0.032217235944002,85949.0314990778,-1.14716661239088,0.251315960866906,0.93414144680843,0.546511638401044,48.78854562315,1.70928006133867,0.093753527700252,-0.106189944879372,0.636664176237872,50.4864082057898,-0.166791141770944,0.868200628695929,0.210875933381634,0.0952046341601757,2.21497551292355,0.0267617453199172,0.140755104202605,0.095192854510104,1.47863098472023,0.139238966867948,0.0701208291790287,0.0664408311697219,1.05538759742343,0.29124809287041,1.0403313916878,0.83491630113017,1.24603075814854,0.212753103274467,0.827951501929056,0.843176884486281,0.98194283686216,0.326128010504889,0.212379889758744,1.27332835247574,0.166791141770944,0.867534388895057,
0,627614.213890914,0,0.187656514460826,0.126253963755511,0.653497608890558,0.0000201970434814762,0.0470945610920252,0.00402323064300761,0.18571186127661,0.087592966400058,45.1151513770008,2.12016864948287,0.0395246661920104,-0.0425281395534622,0.032278100529065,85948.886979856,-1.31755397177624,0.187656514460826,0.854222411857332,0.549141769189955,48.961196019247,1.55555898273301,0.126253963755511,-0.274401782392631,0.607633141666987,50.4853333271414,-0.451591204587417,0.653497608890558,0.208066081812969,0.0938161272895097,2.21780719183699,0.0265679815548152,0.132819550475658,0.0938034087036463,1.41593522358314,0.156794470845604,0.0752465313373113,0.0662023189963069,1.13661473613196,0.255699377017396,1.12862419424996,0.814805412533308,1.3851456763658,0.166007927583554,0.5798206294647,0.823189877700615,0.704358308054384,0.48120966300999,0.548803564785261,1.21526628333397,0.451591204587417,0.651563507422003,
0,627400.502001711,0,0.0330803353253353,0.17613992063784,0.588812701619573,0.000052837610784912,0.0368815553140626,0.00587615759358465,0.181942869175516,0.0850468042808758,44.7027156117415,2.13932634757952,0.0379062705423241,-0.0687049081624322,0.0322385518702511,85952.4691052827,-2.13114126338383,0.0330803353253353,0.792882973067182,0.577700920093089,49.1906473208325,1.37248002468028,0.17613992063784,-0.332415078460148,0.610986819508771,50.0777494072028,-0.544062601427978,0.588812701619573,0.230533312419267,0.091494689094508,2.51963599964957,0.0117476248431817,0.105007194684393,0.0914826408381028,1.1478373790086,0.251035703314573,0.125526117734874,0.0661712030345637,1.89699011017386,0.0578292433761969,1.12529805152733,0.836694148896798,1.34493357341038,0.178646687005444,0.460467894607033,0.84500260034011,0.544930742723982,0.585801151441826,0.664830156920295,1.22197363901754,0.544062601427978,0.586398394878642,
0,627125.766583835,0,0.0366924359849227,0.194624177969456,0.571526313728581,0.0000507787431864611,0.0337252438342675,0.00643785850185827,0.180715965548582,0.0863613058765912,45.0036155327408,2.09255712050976,0.0420585599070281,-0.0672448757338997,0.0321868642328546,85952.2111322128,-2.08920245375316,0.0366924359849227,0.760345188872194,0.578286400839163,49.5314658884393,1.31482460553947,0.194624177969456,-0.346283158996668,0.607988770785177,50.0639639379238,-0.569555188576042,0.571526313728581,0.228180093372171,0.0926969201116086,2.46157146426697,0.0138329836451831,0.106069818513461,0.0926850307981876,1.14441153657722,0.252453006032929,0.122110274858709,0.0660412579401749,1.84899983233702,0.0644578369280761,1.10662834786886,0.834926821822255,1.32541956845225,0.185032030202692,0.414062029875526,0.843224890402644,0.491045786940432,0.623394063831881,0.692566317993334,1.21597754157035,0.569555188576042,0.568979429069208,
0,627263.849514919,0,0.0860975816255226,0.159083676142194,0.623799423315632,0.0000342736125478442,0.0394552222258366,0.00483534599317737,0.172359604746737,0.0919623558641351,44.9064033482239,1.87424085787212,0.0674116950285865,-0.0552875835029653,0.0322118885539389,85950.4337975598,-1.71637199757432,0.0860975816255226,0.817066869260679,0.571538765587054,49.755023789895,1.42959133913066,0.159083676142194,-0.287494657354295,0.58253702558296,50.1279420922442,-0.493521690001749,0.623799423315632,0.207903384332628,0.0978812635851143,2.12403657980817,0.0336670849094709,0.107606029843679,0.09786908390635,1.09948949707801,0.27155461269334,0.100297354488949,0.0657914237748454,1.52447460070467,0.127390196988188,1.10456152661497,0.811884192527619,1.36049147991928,0.173674447253099,0.529572211906383,0.820277972038383,0.645600918174605,0.518537842565242,0.574989314708588,1.16507405116592,0.493521690001749,0.621644017930447,
0,627457.865185635,0,0.177555153230011,0.169127925383104,0.864440664547874,0.0000211513432103211,0.0373199682193517,0.000584643198414299,0.149743557877709,0.0944988499135523,42.7719898256285,1.58460719907908,0.120422390918902,-0.0434808564717456,0.0322478840971537,85950.1409747302,-1.34833207477273,0.177555153230011,0.790698705680781,0.566769691478803,50.2052944304238,1.39509701659894,0.169127925383104,-0.0986597019967216,0.574942773391587,50.336785296757,-0.171599168756793,0.864440664547874,0.177327320715387,0.100255570882556,1.76875279003813,0.0769351383539788,0.0938926504287407,0.100243312817546,0.936647520814043,0.348939899209802,0.0834346702866465,0.0657714471168758,1.26855457716147,0.204599973543395,0.8893584076775,0.803104419548173,1.10740071406637,0.268120717338929,0.692039003684058,0.811540167219443,0.852747690918579,0.393799237604019,0.197319403993443,1.14988554678317,0.171599168756793,0.863752660995963,
0,627875.486004852,0,0.75987033565321,0.112583488014591,0.971126214939155,0.00000108697601621298,0.0494898742478561,0.0000263445626125701,0.120588073513813,0.097718287767591,43.6767173842743,1.23403792952875,0.22378784989905,-0.00988046138573619,0.0323258483065374,85947.6794689792,-0.30565203709559,0.75987033565321,0.897248096060472,0.555557726697123,50.096467609246,1.61504026124297,0.112583488014591,-0.0212894633227686,0.585250632385912,50.2276905540514,-0.0363766600917236,0.971126214939155,0.114049870093697,0.103316147612959,1.10389201232075,0.269639984241018,0.0950500366399609,0.103304051090302,0.920099798960194,0.35752060942058,0.0189998334537362,0.0660306085653061,0.287742819073746,0.773543610613892,0.918537559383238,0.802705679830532,1.14430180633225,0.252498494443794,0.875958632737701,0.811165194254394,1.07987699539163,0.280196958628674,0.0425789266455371,1.17050126477182,0.0363766600917236,0.970982024408165,
0,628430.461613084,0,0.432682877528484,0.0991744685411909,0.823802450446153,0.00000716293595480526,0.0540947512904654,0.00100295868992295,0.143203017926544,0.0970582056491576,46.3327570834218,1.47543442585565,0.146859604200213,0.0254452313740625,0.0324303101601899,85944.1706729218,0.784612643183969,0.432682877528484,0.910633415413941,0.541880051704606,49.3825309864977,1.68050736052995,0.0991744685411909,-0.138730134389659,0.619797844418126,49.9025395390598,-0.223831263111121,0.823802450446153,0.0990006348087115,0.102762418214904,0.963393393503783,0.335350140446476,0.15485064123961,0.102750490420189,1.50705500875335,0.131796557763311,-0.0558500064308982,0.0666240602644788,-0.838285841619219,0.401870185713563,1.0493635498036,0.819063568906902,1.28117473373165,0.200132298648934,0.771903281024281,0.827466970247736,0.932850867501309,0.350896973237928,0.277460268779317,1.23959568883625,0.223831263111121,0.822888602628779,
0,628601.831595538,0,0.0464466110042606,0.0886624945257719,0.733412331065696,0.0000461382902655836,0.0580490005813306,0.00233219772164501,0.154515914601963,0.097677452172605,46.9775146673844,1.58189951892807,0.120382626174905,0.0646440000326228,0.0324625525635647,85942.8154554129,1.99134063490676,0.0464466110042606,0.936206619566921,0.538957194779408,48.9630464568005,1.73707045501101,0.0886624945257719,-0.214071217365613,0.625042817217887,50.1784924959862,-0.342490484601455,0.733412331065696,0.0693109412642567,0.103361584163317,0.670567714546072,0.502495955609932,0.206251896892619,0.103349676263866,1.99567046892367,0.0459698035199297,-0.136940955628362,0.0667455128789803,-2.05168781722685,0.0402000114821122,1.15027783693253,0.821110668878091,1.40088039350919,0.161249842730789,0.722135402201307,0.829508307236818,0.87055837283513,0.383995333793366,0.428142434731224,1.25008563443577,0.342490484601455,0.73198180369674,
0,628428.002138458,0,0.0127496573329909,0.0956271478862873,0.83599188139508,0.0000721808574585346,0.0555203686865663,0.000855768358584579,0.148712156920151,0.0972731967133651,47.2850902213603,1.5288091883971,0.132974437633094,0.0807740204814362,0.0324297453218556,85941.5017798467,2.49073866229223,0.0127496573329909,0.904269268597204,0.532204414080686,49.1110086458217,1.69910140666385,0.0956271478862873,-0.130180478408691,0.625586045165734,50.5579646928898,-0.208093641817414,0.83599188139508,0.049447565768973,0.102960368755247,0.480258242727528,0.631043777035148,0.215649503826033,0.102948275611225,2.0947364348327,0.0361944284705619,-0.16620193805706,0.0666918057120418,-2.49208933965107,0.0126994089854592,1.03444974700589,0.817135091170106,1.2659470364008,0.205532044862324,0.774088790188512,0.825523542562269,0.937694384567019,0.348401490467346,0.260360956817382,1.25117209033147,0.208093641817414,0.83515585159207,
0,628681.171374134,0,0.012887352701465,0.10923106789809,0.915465707177277,0.0000719608951927231,0.0512324617849388,0.000224279094360008,0.15568631937691,0.100789917464455,47.5588029600801,1.54466164169462,0.129056917603148,0.0807676569354368,0.0324769942259434,85940.0301191636,2.48691909028077,0.012887352701465,0.869380019485753,0.532980073536496,49.2733348990708,1.6311679604026,0.10923106789809,0.0683243087516231,0.640476231501821,50.7292276697081,0.106677352555946,0.915465707177277,0.0605999608587222,0.106331372330345,0.569916098425341,0.568734605581106,0.219692709562772,0.106319865008992,2.06633736361677,0.0387966357619306,-0.15909274870405,0.066958841648078,-2.37597820972186,0.0175024963726592,0.801055710734129,0.829049888707633,0.966233421709828,0.333927392532652,0.937704328237375,0.837395608924086,1.11978653607005,0.262804738114436,-0.136648617503246,1.28095246300364,-0.106677352555946,0.915044950104926,
0,628672.971984071,0,0.00541275176250475,0.143310987998586,0.558383572387371,0.0000900160329184502,0.0431625187118933,0.00681868547645725,0.16094813706031,0.103970210752814,48.3242624532038,1.54802164865241,0.128141824188804,0.0903275171151271,0.0324749088001713,85938.011541442,2.78145560533955,0.00541275176250475,0.804274009703,0.540725083067459,49.0440624436127,1.48739911442699,0.143310987998586,0.400537445303186,0.67985546152797,50.5569594823399,0.589150882752314,0.558383572387371,0.0634039141577815,0.109438314664688,0.579357552718598,0.562347939170794,0.229739903969121,0.10942797141567,2.09946233122093,0.0357761650478507,-0.166335989811339,0.06745153380875,-2.46600752301591,0.013662846463582,0.403736564399813,0.864572463474638,0.466978282858134,0.640515415799365,1.20481145500618,0.872747720396237,1.38048078138684,0.167438662990906,-0.80107489060637,1.35971092305594,-0.589150882752315,0.555760062677348,
0,628681.477848112,0,0.00513996929703841,0.191762424834176,0.456434277797645,0.000091107932223498,0.0343427975269866,0.0110045746840119,0.152082664401412,0.105252477073105,48.7655263700085,1.44493192588504,0.154872497315057,0.090875183388647,0.0324762983253492,85933.3607271495,2.79820016672636,0.00513996929703841,0.694166422450347,0.524472499250255,49.2571270832235,1.32355161317833,0.191762424834176,0.508397477424916,0.677420831625783,50.6186664219603,0.750489878211719,0.456434277797645,0.0578869003695991,0.110627728599884,0.523258509437205,0.600794369869933,0.221462272156846,0.110616948921278,2.00206455083527,0.0452777894903522,-0.163575371787247,0.0674215594022405,-2.42615823836627,0.0152596151941348,0.185768945025431,0.852617904745378,0.217880652038276,0.827522102445641,1.20256389987526,0.860803972858134,1.3970241051309,0.162406322492909,-1.01679495484983,1.35484166325156,-0.750489878211719,0.452959717625775,
0,628768.98739765,0,0.00694994091973777,0.254894688492925,0.420723075739645,0.000084783495882183,0.025670138727969,0.0128415485687184,0.12090757111746,0.104286838658548,48.1076966269529,1.15937516826385,0.252025516388522,0.087708494809092,0.0324930699102677,85931.7554171799,2.69929849815072,0.00694994091973777,0.591918741800279,0.513963188993346,50.3428675356986,1.15167536212003,0.254894688492925,0.534396651751312,0.658312151414862,50.6562670904786,0.811767868180425,0.420723075739645,0.0321708811019787,0.109660574923568,0.293367795348523,0.769241038640244,0.18848341623413,0.109649040034818,1.71897005367561,0.0856198248959739,-0.156312535132152,0.0672081071084674,-2.32579880400259,0.0200292864842471,0.0575220900489667,0.831037910476572,0.0692171672601311,0.944816758382564,1.12631539355159,0.83931048369008,1.34195320496853,0.179611168924104,-1.06879330350262,1.31662430282972,-0.811767868180425,0.416924842752522,
0,628991.887057547,1,0.0196282822999053,0.272403814274718,0.480604579796582,0.0000633508348687486,0.023890534193526,0.00987622856321997,0.0981765437752703,0.101127497082102,50.1575256960183,0.970819476482882,0.336296703358408,0.0759198548973149,0.0325358392014245,85942.2770697896,2.33342236624992,0.0196282822999053,0.579562013717951,0.522268756243099,50.3134847124543,1.10970071785834,0.272403814274718,0.474488597348113,0.667746575095124,50.620517095719,0.71058185102712,0.480604579796582,0.0203785237601998,0.106703669134343,0.19098240881054,0.848539375220613,0.155255466699028,0.106692205240129,1.45517159711527,0.145621761927141,-0.134876942938828,0.067405368617864,-2.00098220222599,0.0453943079226835,0.105073416369838,0.843597797065927,0.124553924554199,0.900876707119219,1.05405061106606,0.851846841505837,1.23737103867496,0.215949365614706,-0.948977194696224,1.33549315019024,-0.71058185102712,0.477343392929147,
0,629080.878201236,1,0.0595821728113902,0.276891258053286,0.586764387703847,0.0000412949785057825,0.0235318432602589,0.00588329368771683,0.0833871944231837,0.0992484777081427,50.2054049442842,0.840186130294091,0.404787533716817,0.0613258946692536,0.0325526652553582,85940.8217371824,1.88389780646792,0.0595821728113902,0.57045800289691,0.518932918581148,50.1449324254173,1.09929045252446,0.276891258053286,0.380672786240981,0.695890071515143,50.5637441113226,0.547030058083962,0.586764387703847,0.0186689291039244,0.104982328134147,0.177829254082355,0.858857072071096,0.127711827191001,0.104971040725879,1.21663866822573,0.223741723650617,-0.109042898087077,0.067799453994727,-1.60831528371243,0.107766144992172,0.189785216655929,0.864004532534847,0.219657663252217,0.826137779171273,0.951130789137889,0.872126653072954,1.090587916086,0.275454249104114,-0.761345572481961,1.39178014303028,-0.547030058083962,0.58435808186969,
0,629038.98552368,0,0.0125623989115041,0.2275547487924,0.67550831331295,0.000072492793797974,0.0290128956021506,0.00350534004579644,0.0649965766682303,0.0987769191562779,47.418826801936,0.658013807511017,0.513711263202025,0.0812310164266279,0.0325445807337205,85933.0232863296,2.49599210053617,0.0125623989115041,0.634267506540366,0.519167179912538,49.95199675181,1.22170185458799,0.2275547487924,0.297081446350352,0.705571683599028,50.3980339068744,0.421050693013897,0.67550831331295,-0.0222615693438038,0.104555563515984,-0.21291616242306,0.831392355628542,0.129579927336845,0.104544421330928,1.23947242413508,0.215170594874658,-0.151841496680649,0.067913089614117,-2.23582077539711,0.0253635134946141,0.337186060190013,0.871948435511396,0.386704128888371,0.698975259112752,0.931348952890716,0.880021504623285,1.05832522046084,0.28990719865208,-0.594162892700704,1.41114336719805,-0.421050693013897,0.673718065294262,
0,628982.993420107,0,0.000848446446585721,0.165074665361292,0.708547394676531,0.000129531675425612,0.0380697626016162,0.00281261385884634,0.050492227613754,0.098598357096897,47.61468166874,0.512100090715843,0.61094818404926,0.108553606971973,0.0325341600737869,85936.3843461282,3.33660394876572,0.000848446446585721,0.739576551741495,0.524981405791188,50.1466391610275,1.40876713647962,0.165074665361292,0.255597979125831,0.679887673458959,50.1080106098765,0.375941481370687,0.708547394676531,-0.0667123940889907,0.104338822544577,-0.639382278446634,0.522574274687887,0.141257300106416,0.104327474140296,1.35397987222866,0.175742799300178,-0.207969694195407,0.0675580615635682,-3.07838456850511,0.0020812614213462,0.483978572615663,0.854876762151064,0.566138412041829,0.571299692892658,0.995174530867324,0.863070780081194,1.15306247625913,0.2488847419089,-0.51119595825166,1.35977534691791,-0.375941481370687,0.706960401059318,
0,629082.560004531,0,0.00105578085436778,0.112565332909117,0.777532590060929,0.000124812050955059,0.0493095646285977,0.00162490898362029,0.0322328922128258,0.0977921611997312,47.2483192025466,0.329606093345184,0.743154444372021,0.106623018595624,0.0325533060728056,85941.1213268302,3.27533610125991,0.00105578085436778,0.874884433108562,0.541719336406872,50.2875710687153,1.61501422288433,0.112565332909117,0.189922361275282,0.6685541284288,49.5842501177471,0.284079258805308,0.777532590060929,-0.0866336786983977,0.103586626575586,-0.836340380629948,0.402963442302974,0.119822714330648,0.103575512595175,1.15686334856942,0.247328195106313,-0.206456393029045,0.0674486234441064,-3.06094301835726,0.00220641080353225,0.684962071833278,0.856343723554444,0.799868152230032,0.423787191565894,1.06480679438384,0.864594905884538,1.23156727750376,0.218110770708718,-0.379844722550563,1.3371082568576,-0.284079258805308,0.776349641526633,
0,629213.172825321,0,0.0140190816113274,0.142369939740191,0.631439284943083,0.0000702272640662576,0.0424923934180276,0.00467113094165799,0.0239900863331607,0.0967330345873207,47.0358779510531,0.248003036765118,0.805211589020585,0.0800391820789881,0.0325783084727651,85943.289374311,2.45682436661497,0.0140190816113274,0.830433231378144,0.557154497957169,50.0598100101929,1.49049004256981,0.142369939740191,0.325997177553912,0.675379310042301,49.6451394555756,0.482687539737476,0.631439284943083,-0.0650657836309561,0.102635094402668,-0.63395258716949,0.526111764857917,0.083358319182486,0.102624408417517,0.81226601417619,0.416639007362516,-0.148424102813442,0.0675818409726437,-2.19621277960632,0.0280767170885502,0.504436053824231,0.871412714598261,0.578871578729243,0.562675828750124,1.15643040893205,0.879634341582184,1.31467173831799,0.188620248717487,-0.651994355107823,1.3507586200846,-0.482687539737476,0.629317611827491,
0,629126.822193931,0,0.381771163563488,0.233289630431083,0.578291162495149,0.00000890137707275441,0.0284870733625247,0.00625294500562345,0.0332322509556582,0.0981811988939564,47.3821065710606,0.338478765079572,0.736497774178911,0.0284798348839258,0.0325617045507369,85940.8425028176,0.874642015117764,0.381771163563488,0.674134658522352,0.55868913164948,49.6539285298849,1.20663642862003,0.233289630431083,0.389970288001139,0.696925668204442,49.7601136554729,0.559557935361826,0.578291162495149,-0.00032696201323817,0.104044652625044,-0.00314251626574673,0.997492638916359,0.0426914347440001,0.104034481204696,0.410358510463483,0.681542976750103,-0.0430183967572382,0.0678317931960303,-0.634192238334572,0.525955372319162,0.284164370521213,0.889148253143589,0.319591664850657,0.749277893742207,1.06410494652349,0.897269886702219,1.18593631893125,0.235647448966599,-0.779940576002276,1.39385133640888,-0.559557935361826,0.575781003580247,
0,629299.842895242,0,0.905609669745772,0.366232373948265,0.546955352357476,0.000000163614681770527,0.0164627924455606,0.00738907578054487,0.0640734808331861,0.0984885624570379,47.0986057094023,0.650567733295283,0.518486787605807,0.0038650060114176,0.0325945245942367,85938.6846716882,0.118578382704836,0.905609669745772,0.501327157185722,0.549769183881885,49.678556504362,0.911886609660227,0.366232373948265,0.423534981679036,0.698319754694023,49.4150053919244,0.606505800290031,0.546955352357476,0.0588179561204757,0.104331533987116,0.563760100831443,0.57291740895442,0.0514067715167737,0.104321094215972,0.492774466210529,0.622171954341681,0.00741118460370196,0.0679087143598911,0.10913451496704,0.913095799391396,0.0777921755066856,0.884686137237023,0.0879319481026792,0.929930764030077,0.924862138864756,0.892817847752148,1.03589118563578,0.300252910218381,-0.847069963358071,1.39663950938804,-0.606505800290031,0.544178931886082,
0,629431.293685704,0,0.758591237006025,0.583798000326572,0.431844246158556,0.00000109904898543018,0.00606331025098077,0.0125551421139998,0.0953225252837259,0.0943440592309475,46.3621814457808,1.01037125242177,0.317561715625456,-0.0100252127915048,0.0326201134374948,85940.6705985098,-0.307332247961513,0.758591237006025,0.299904488557365,0.543860290059168,49.8471304952077,0.551436635546121,0.583798000326572,0.539675341606666,0.680956658994797,49.3989169746764,0.792525242947642,0.431844246158556,0.10963359141483,0.100387274828059,1.09210646073028,0.274786310000456,0.0702900004140161,0.100375993214073,0.700267047560945,0.483760546732296,0.0393435910008135,0.0677283015555456,0.580903257533291,0.561305656759316,-0.239770853049301,0.867365434591299,-0.276435794518697,0.782213367333191,0.839579830164029,0.875585047806002,0.958878674627676,0.337619869047074,-1.07935068321333,1.36191331798959,-0.792525242947642,0.428054478975964,
0,629389.124968949,1,0.421581120610606,0.738348580566255,0.43325440572693,0.00000751463670908701,0.0022338164691683,0.0124194524823344,0.11263083171587,0.0908676874245139,50.2478561401809,1.23950366635483,0.220917077638566,-0.0262104150504119,0.0326127946366157,85952.8955618974,-0.803685036577161,0.421581120610606,0.184338501133501,0.548806680166063,50.3935110507425,0.335889681732231,0.738348580566255,0.511230047995249,0.647082033843372,49.634555507377,0.790054461810315,0.43325440572693,0.144684364100965,0.0970600705817862,1.49066823497773,0.136048619782295,0.0739872758091324,0.0970479771319168,0.762378341060751,0.445834229246639,0.0706970882918323,0.0672881227483916,1.05066221799927,0.293413754418332,-0.326891546861747,0.844282965370015,-0.387182449806367,0.698621141899771,0.695568549128749,0.852639511060535,0.815782684365146,0.414624438465206,-1.0224600959905,1.29416406768674,-0.790054461810315,0.429495962902602,
0,629373.652592526,0,0.25054857134848,0.743297586400961,0.352747940270786,0.0000153608060818193,0.00213240134831739,0.0173831947540345,0.114311396503378,0.0905998729851364,45.9834926896624,1.26171696203295,0.213413418977688,-0.0374697518480085,0.0326100200199148,85948.6036125196,-1.14902572353914,0.25054857134848,0.186582533348376,0.566633567935553,50.7389348065177,0.32928252738037,0.743297586400961,0.576073447813509,0.614113536733371,49.7408230511067,0.938056911882764,0.352747940270786,0.158743216156018,0.0967727215229958,1.6403715185203,0.100927943533505,0.0632093301256479,0.0967603787096289,0.653256332484339,0.51359103903732,0.0955338860303705,0.0668863317868296,1.42830206827371,0.153204932795528,-0.389490914465132,0.83135236820509,-0.468502802615518,0.63942506725422,0.762655981161883,0.839804329889333,0.908135328693034,0.363806727064551,-1.15214689562701,1.22822707346674,-0.938056911882764,0.348215163483832,
0,629369.445233739,0,0.0974772058700345,0.711977613023697,0.256554970151423,0.0000319520309002871,0.00270901607269647,0.0256968914347186,0.11345172187422,0.0900108895508104,45.8004306839093,1.26042218269799,0.213900959511113,-0.0540412522007536,0.0326094414306541,85951.1601797615,-1.65722716580949,0.0974772058700345,0.222458366865803,0.599172538207963,50.746255285366,0.371275972579022,0.711977613023697,0.68443891701317,0.596350057371968,49.9436592214862,1.14771334143808,0.256554970151423,0.175750778801854,0.0962487071660013,1.82600664441897,0.0678492609999593,0.0431998723329025,0.0962366661374061,0.448892029065325,0.653509546398813,0.132550906468952,0.0666800736223193,1.9878638290013,0.0468267520997832,-0.461980550147366,0.841140002961915,-0.549231457926849,0.582846618512293,0.906897283878971,0.849567971593486,1.06748054799895,0.285754892893864,-1.36887783402634,1.19270011474393,-1.14771334143808,0.251086921723492,
0,629361.01546528,0,0.0848365890491777,0.809069144925589,0.329072820451153,0.0000345502616087813,0.00115565211175445,0.0190597911081537,0.112069852644612,0.0882266314827562,45.2251285064972,1.27024970534567,0.21049209820642,-0.0561936031035127,0.0326080017676459,85952.6047544236,-1.72330716564389,0.0848365890491777,0.153231631950306,0.630882157743294,50.9883622791156,0.242884713206069,0.809069144925589,0.569904535457784,0.578227941242887,49.9954496610631,0.985605320685106,0.329072820451153,0.175711395863893,0.094611717958084,1.85718428600714,0.0632849398637521,0.0429503433325024,0.0945997003126149,0.454021980942523,0.649813006058318,0.132761052531391,0.0664733413000274,1.99720745091139,0.045802652000129,-0.416672903507478,0.851588644431897,-0.489288938071085,0.624637151472295,0.723136167408089,0.85995143971057,0.840903490610437,0.400402002767981,-1.13980907091557,1.15645588248577,-0.985605320685107,0.324326826070294,
0,629598.323234206,0,0.10054765809731,0.686635224427449,0.527569798983009,0.0000313751876811624,0.00319551678787914,0.00805010324436626,0.103983840690745,0.0863307252187351,44.7076217395262,1.20448241836591,0.234741038985588,-0.053623969781787,0.0326533008249506,85953.5435793454,-1.64222202432939,0.10054765809731,0.247763110717027,0.610677479325241,51.347388508282,0.40571843420653,0.686635224427449,0.374457647311563,0.588605588912031,49.8706388846719,0.636177525945182,0.527569798983009,0.159872448546205,0.0928379066999889,1.72206003160802,0.085058644368592,0.0392378063216657,0.0928255161817263,0.422704962338686,0.672510534608783,0.12063464222454,0.0666727830105066,1.8093536339338,0.0703960815424373,-0.126694536594536,0.843940830736214,-0.1501225346379,0.880667941384258,0.622220758028589,0.852367831586388,0.729990897087869,0.465395748819199,-0.748915294623124,1.17721117782406,-0.636177525945182,0.524660719678815,
0,629758.092435087,0,0.19837237292939,0.590040769228032,0.627075822944737,0.0000192463757732654,0.00568177843237176,0.00475922359181479,0.0815215792853785,0.0843517672621475,43.2475143147756,0.966447792753727,0.339193801087735,-0.0420381568236118,0.0326836791715432,85954.4043281617,-1.28621250389134,0.19837237292939,0.315145102993215,0.581263621209281,51.4417748307631,0.542172417977192,0.590040769228032,0.291896091833457,0.597089389527376,49.9769681140874,0.488864978934739,0.627075822944737,0.123144164946548,0.090966154164384,1.35373607994921,0.175820592925315,0.0286326893595786,0.0909531030771054,0.314807174146717,0.752908064315039,0.0945114755869697,0.0668242093486988,1.41432987398017,0.157265069455652,0.0232490111597577,0.829037101291206,0.0280433904870456,0.977627544137851,0.607041194826671,0.837534332154612,0.724795595262367,0.468577438406869,-0.583792183666913,1.19417877905475,-0.488864978934739,0.624937291036361,
0,629868.602292449,0,0.979590613658296,0.63517132398609,0.69049942431706,0.00000000761399403206349,0.00439439293538925,0.00321491849072364,0.0895822689257119,0.0816143762388054,42.750347858442,1.09762854357414,0.278510780570146,-0.000836664850881766,0.0327049136302309,85953.6849037391,-0.0255822369794731,0.979590613658296,0.270966812219791,0.567720608255235,51.6120763940534,0.477289019069694,0.63517132398609,0.22763845868751,0.568377593768748,49.7334901129873,0.400505687034749,0.69049942431706,0.0896444486115955,0.0883517794449226,1.01463093527707,0.310281787287397,0.0798331402024169,0.0883370959363136,0.903732903558119,0.366137047414341,0.00981130840917863,0.066540081949201,0.147449599125365,0.882777158874019,0.0433283535322816,0.799030156436072,0.0542261805556123,0.956754962299621,0.4986052709073,0.807632568299369,0.617366473911785,0.536993030285185,-0.455276917375019,1.13675518753749,-0.400505687034749,0.688784095591735,
0,629840.254381504,0,0.264483587164405,0.695295386288703,0.847099491257481,0.0000144861990322367,0.00297271026985271,0.000757801410993223,0.115633808578274,0.0790534507540072,42.2870331708153,1.46272942515937,0.15093469148146,0.0364884799380285,0.0326997632750861,85953.1083216021,1.11586373366284,0.264483587164405,0.217442238092126,0.552082621229319,52.0276402206936,0.39385814682583,0.695295386288703,0.110975354928651,0.57253175712248,49.5415146076775,0.193832662639376,0.847099491257481,0.0772422555979642,0.0859662137652658,0.898518757716576,0.368909049515613,0.146251893428949,0.0859508571647814,1.70157574052532,0.0888349283839519,-0.0690096378309849,0.0665756231713138,-1.03656014835051,0.299940894003258,0.106466883163476,0.791031044299096,0.134592547196187,0.892934034464431,0.328417593020776,0.799653396234554,0.410699928953275,0.681292579040851,-0.221950709857301,1.14506351424496,-0.193832662639376,0.846306910916256,
0,629866.642496979,0,0.0406255486818209,0.789443105049261,0.777379435438924,0.0000487651594095259,0.00139300932973057,0.00163916215716263,0.101061488789273,0.0790639196421055,41.7921728901575,1.27822512780473,0.208223837935195,0.0669582899684858,0.0327046594222041,85952.520907224,2.04736239885825,0.0406255486818209,0.14564218559143,0.542585064577091,51.6510651487589,0.268422769257292,0.789443105049261,0.172899592271207,0.608176999450466,49.2258895370237,0.284291567138242,0.777379435438924,0.0345904192062577,0.086036494199274,0.402043569164277,0.687651961837279,0.1623259117798,0.0860219515969478,1.88702893582759,0.0591564338285639,-0.127735492573543,0.066989080882331,-1.90681064572173,0.0565451122824667,-0.0272574066797772,0.810753889092268,-0.0336198284664351,0.973180310375582,0.318541777862636,0.819288570191941,0.388802907122223,0.697421950137669,-0.345799184542413,1.21635399890093,-0.284291567138242,0.776186948103547,
0,629803.793683906,0,0.00535742854072072,0.657743525095359,0.676972550343556,0.0000902161988115289,0.00388556142693909,0.00356382465694965,0.0867864920221775,0.0842020657979369,42.0951646494806,1.0306931451117,0.308570559823108,0.0910408094263895,0.0326921754633034,85952.9667938279,2.78478896360329,0.00535742854072072,0.249980491931197,0.560941772773856,50.9134031888759,0.445644279075605,0.657743525095359,0.260387108880863,0.621304675931157,49.109201508671,0.419097294721977,0.676972550343556,-0.00406830132494113,0.0908411159790232,-0.0447848012554202,0.964278839778678,0.168704588414245,0.0908281584299449,1.85740404000776,0.0632536921382362,-0.172772889739186,0.0671216817545002,-2.57402504262496,0.0100522997067608,-0.010406616949666,0.83282041698439,-0.0124956313959592,0.990030188081431,0.510367600812058,0.841285028160572,0.60665242305328,0.544081602341299,-0.520774217761724,1.24260935186231,-0.419097294721977,0.675145027718109,
0,629701.502757788,0,0.0000373807850527554,0.62081048027937,0.630297386289307,0.000197767653247405,0.00490941347381455,0.0047515547701215,0.0872687125972454,0.0882421197304638,43.6509711574873,0.98896890582194,0.328128895423112,0.134718008688941,0.0326722529864195,85951.2080321019,4.12331554683229,0.0000373807850527554,0.286739827775422,0.576035205061476,50.2239648601348,0.497781776627386,0.62081048027937,0.31567766241564,0.651770218798498,49.1353944922081,0.484338887096704,0.630297386289307,-0.046932038411472,0.094686655649079,-0.495656310699242,0.620136916330651,0.211218635927466,0.0946752357622791,2.2309808285856,0.025682398954701,-0.258150674338938,0.067455838269514,-3.82695821386904,0.00012973652807471,-0.0289378346402177,0.865666823011248,-0.0334283743710502,0.973332982826409,0.602417490191061,0.873992507235231,0.689270772007801,0.490652887431613,-0.631355324831279,1.30354043759699,-0.484338887096704,0.628145382220272,
0,629950.699754771,0,0.00000522074982922895,0.596477822227662,0.6808569927312,0.000241453303121573,0.00567836332580172,0.00347265498744535,0.0776188575396141,0.0892199241621594,44.7667458252817,0.869972242954835,0.388956586151798,0.149069451657836,0.0327193413830149,85946.891977258,4.55600404399401,0.00000522074982922895,0.294406755891979,0.552463658635451,49.7269503798698,0.532897958608074,0.596477822227662,0.275021601828872,0.664702532418179,49.1254487215352,0.413751397679119,0.6808569927312,-0.0717970996514155,0.0955966142529377,-0.751042285466811,0.452627207822831,0.216509897611709,0.0955847684537567,2.26510877322944,0.0235060053900066,-0.288306997263124,0.0677015245045971,-4.2585008147571,0.0000205802469837252,0.0193851540631078,0.860148606403977,0.0225369824688216,0.982019611740477,0.56942835772085,0.868467314487601,0.655670453247644,0.51203618373228,-0.550043203657742,1.32940506483635,-0.413751397679119,0.679056181454916,
0,630183.718460916,0,0.0000114684216349879,0.479208743844278,0.726304136770391,0.000223959604942724,0.0102567756665516,0.00253326900032388,0.0797830821207197,0.0870001331985247,44.898454806625,0.917045516915055,0.364018645421985,0.143758399694558,0.0327638462190258,85942.8464311004,4.38771439511513,0.0000114684216349879,0.376331097454448,0.527795624177295,49.0591843965358,0.713024284809214,0.479208743844278,0.232991528548673,0.661782826975574,48.8052324403405,0.352066446954315,0.726304136770391,-0.0665374820833215,0.093489645559454,-0.711709641053324,0.476644596301133,0.21264996861283,0.0934766072979528,2.2749003709026,0.0229119071010255,-0.279187450696151,0.0677440760486586,-4.12120833260194,0.0000376890407727428,0.143339568905776,0.842291301995364,0.170178142129936,0.864870041026419,0.60932262600312,0.85064377064898,0.716307633145013,0.473801414564097,-0.465983057097344,1.32356565395114,-0.352066446954315,0.724788430896022,
0,630061.454092492,0,0.0000399213814040399,0.395913607636942,0.648400352924429,0.000196329293246839,0.0147495922596564,0.00431973326598196,0.0656247834557371,0.0868481501194227,44.9939820632139,0.755626727402922,0.453810821690586,0.13450448103667,0.0327409060753666,85945.2228706109,4.10814779307122,0.0000399213814040399,0.457967391446488,0.534722282871166,48.9980905652562,0.856458401148823,0.395913607636942,0.288560542452227,0.628896548707081,48.526440669401,0.458836263365517,0.648400352924429,-0.0719078092145165,0.0932810070092089,-0.770872994621699,0.440782215511506,0.186785235399989,0.0932674648293213,2.00268374123608,0.0452112450231019,-0.258693044614506,0.0672994764346943,-3.84390872439454,0.00012109005879958,0.169406848994261,0.821242515642848,0.206281148098687,0.836571303500817,0.746527933898713,0.829721825704169,0.899732790884643,0.368262468600476,-0.577121084904453,1.25779309741416,-0.458836263365517,0.646351751488794,
0,630006.09529345,0,0.000346852420257111,0.318277744595007,0.442013858102636,0.000148908697090912,0.02022058437081,0.0122207195983916,0.067516094216266,0.08892216487189,45.5533802381785,0.759271822874941,0.451601249293316,0.117097426102393,0.0327300196824586,85944.3688050173,3.57767661732114,0.000346852420257111,0.53666303951805,0.532289114670409,49.2541479776554,1.00821719762267,0.318277744595007,0.479568298889059,0.618684550998144,48.565238267624,0.775141868526305,0.442013858102636,-0.0506018883119237,0.0951859153296095,-0.531611091165112,0.594995381433214,0.166448599853445,0.0951723061757428,1.74891842534618,0.0803051211483444,-0.217050488165368,0.0671577564447605,-3.23194966085414,0.00122948713152252,0.05709474062899,0.81188230945589,0.0703239126706109,0.943935850062347,1.01623133840711,0.820397261132269,1.23870640060958,0.215454247476353,-0.959136597778117,1.23736910199629,-0.775141868526305,0.43825583369521,
0,629867.475247177,0,0.000869313753322115,0.311527414231028,0.367084287706094,0.000128997142111761,0.0207593388503518,0.0167377624077566,0.0618107815876976,0.0915848452130577,45.6619262068556,0.674901851325999,0.503141325384002,0.108896215968634,0.0327031040449172,85943.1980360096,3.32984342462007,0.000869313753322115,0.540074822615736,0.528183498305605,49.3189845945377,1.02251362329243,0.311527414231028,0.564957656633064,0.620543888980809,48.6921277734594,0.910423366767755,0.367084287706094,-0.0466406589801081,0.0976667141668267,-0.477549177096715,0.632971111264397,0.15095477546043,0.0976533928318076,1.54582212745465,0.122147531513638,-0.197595434440538,0.0671303292873256,-2.94345993142394,0.00324565834269071,-0.0248828340173284,0.810632900507186,-0.0306955639251257,0.975512328971997,1.1050324792488,0.819133293599308,1.3490264501315,0.177328470464983,-1.12991531326613,1.24108777796162,-0.910423366767755,0.362599279286165,
0,630008.311669203,0,0.00293412224994961,0.403351760360859,0.629396002008838,0.000102947632636715,0.0143400999591327,0.0047997144103373,0.0532897050444439,0.0961192200241906,43.2634587035147,0.554412582946806,0.582151346915144,0.0973577362750252,0.0327292289511236,85942.5648044434,2.97464191473667,0.00293412224994961,0.443697891768463,0.526347692408601,48.8432094690541,0.84297489695086,0.403351760360859,0.299344471011617,0.616400023014967,48.9003856782107,0.485633452035657,0.629396002008838,-0.0466483181276966,0.10192715280041,-0.457663309982197,0.647194351426001,0.137365716074368,0.101914189841267,1.34785662613143,0.17770450086541,-0.184014034202064,0.0671289221686636,-2.74120346725847,0.00612145874699159,0.144353420756846,0.806276120902925,0.179037202038414,0.857908490605187,0.743042362780079,0.81480094514866,0.911931149815384,0.361804962541969,-0.598688942023233,1.23280004602993,-0.485633452035657,0.627227074295118,
0,630109.383483419,0,0.0034830993369657,0.390256024822147,0.876591521827896,0.0000993055278337242,0.0152162545122147,0.00049512323955435,0.0329314688493324,0.0958790209031434,41.7465921189181,0.343468973078059,0.732969509505791,0.095679334393036,0.0327487589073225,85946.8659367462,2.92161711116455,0.0034830993369657,0.47248551174918,0.545031634445466,48.6369888264879,0.866895574290662,0.390256024822147,0.095606418959953,0.61246134836296,49.1913041902402,0.156101963357358,0.876591521827896,-0.069484499700498,0.10173012856922,-0.683027738957579,0.494589314661894,0.118456280007102,0.101717612460616,1.16456016948851,0.244197074421676,-0.1879407797076,0.0671195478614742,-2.80009007354287,0.00510883489512362,0.376879092789227,0.81558043394563,0.462099232770892,0.644010160365235,0.568091930709132,0.824114875084046,0.689335853392036,0.490611940467518,-0.191212837919906,1.22492269672592,-0.156101963357358,0.875952650801159,
0,630246.386374012,0,0.00825524764495226,0.368688726653619,0.860519779139658,0.0000811746948832616,0.0168056034116942,0.000626981458150883,0.00592094984344655,0.0931177121116631,42.3014597174579,0.0635856456218165,0.949599685885053,0.0865765488862586,0.0327754094613866,85950.4921700486,2.6415092994721,0.00825524764495226,0.514194752909913,0.566640447385277,48.1754102795726,0.907444491974813,0.368688726653619,-0.105789018115971,0.598944430336018,49.7257146582808,-0.176625764858723,0.860519779139658,-0.0917376779600605,0.0991520453262716,-0.925222244868341,0.35485031470812,0.0851973325080084,0.0991394612467415,0.859368524264687,0.390137229487297,-0.176935010468069,0.0670128072560399,-2.6403163471729,0.0082828671353007,0.619983771025883,0.820220848897063,0.755874191517522,0.449724629016154,0.408405734793941,0.828775852400167,0.492781894659674,0.62216670495846,0.211578036231942,1.19788886067203,0.176625764858723,0.85980235482842,
0,630340.592090743,0,0.229461742367027,0.536056225208165,0.789478623221784,0.0000168023255996649,0.00807092198111284,0.00143022069588775,0.000749372463513809,0.0904686668155083,42.9838011161338,0.00828322655668172,0.993429342529518,0.0394100767629177,0.032793767376001,85951.853162367,1.2017550869059,0.229461742367027,0.359666814885364,0.577040158651621,47.7470047962721,0.623295986410726,0.536056225208165,-0.157248645351607,0.585844277135483,50.3019478030887,-0.268413726119308,0.789478623221784,-0.0479004589375181,0.0966679576138807,-0.495515371586169,0.620236374182876,0.0365412672128182,0.0966549640444565,0.378058877514154,0.705386856085685,-0.0844417261503362,0.0668981301493795,-1.26224344330377,0.206861200733112,0.51691546023697,0.818008917130588,0.631919101872638,0.527439740711465,0.202418169533756,0.826582805890013,0.244885531239432,0.806545065056599,0.314497290703214,1.17168855427096,0.268413726119308,0.788380875130814,
0,630427.736054381,0,0.988696518774052,0.656530858900055,0.778915852277649,0.00000000233529982285684,0.00418162978055908,0.00156997998568908,-0.0235261293564209,0.0928105293849852,44.8083542711551,-0.253485563678155,0.801052493152738,0.000464829463027971,0.0328099599806252,85947.4996622303,0.0141673279486613,0.988696518774052,0.250859299880649,0.56056328219341,47.6920148572763,0.447512899701653,0.656530858900055,-0.159642314937865,0.56564291240964,50.656461366999,-0.282231618986948,0.778915852277649,-0.0313285884537684,0.098799680541998,-0.317092001531839,0.751173793822819,-0.0246917842269695,0.0987858214425407,-0.249952714533346,0.802623916414966,-0.00663680422679895,0.0667030128716909,-0.099497817880662,0.920743020383112,0.410501614818514,0.792014867580833,0.518300390082789,0.604248700813232,0.0912169849427836,0.800673869272832,0.113925267756804,0.909297035195238,0.31928462987573,1.13128582481928,0.282231618986948,0.777765914941135,
0,630609.929123701,0,0.416937729812507,0.755425655091212,0.816554729802858,0.00000766699904128222,0.00205969457351567,0.00106794406500807,-0.0450922890783277,0.0932918872106841,46.2567425164012,-0.483346306163733,0.631129978310198,-0.0266617332135348,0.0328447861899803,85943.9163370912,-0.81174933090806,0.416937729812507,0.172739045353995,0.55136027645774,47.5567121560101,0.313296138168986,0.755425655091212,-0.13103296557708,0.561930316218717,50.8608551469556,-0.233183656042645,0.816554729802858,-0.023860416379398,0.0992388062570889,-0.240434334907103,0.809993563310774,-0.0724995096562366,0.0992244812777031,-0.730661513395365,0.464985928996168,0.0486390932768386,0.066726225314004,0.728935183249915,0.46604131188286,0.303772010931074,0.782891257170578,0.388013032651465,0.698006389062886,0.0417060797769148,0.791586349634904,0.0526867091583256,0.957981528872672,0.262065931154159,1.12386063243743,0.233183656042645,0.815618796654023,
0,630693.880386722,1,0.129284594066929,0.59463101608637,0.911408161393584,0.0000267722642476679,0.00602505301699438,0.000248023436279802,-0.0287068975239687,0.0962505900797265,49.9653984783388,-0.298251652277561,0.766747894271122,-0.0498477412520742,0.0328606417565961,85949.2628217004,-1.51694363187744,0.129284594066929,0.29390495362548,0.548574224944908,47.3540993451024,0.535761507305591,0.59463101608637,-0.0630320656274009,0.563678843698393,50.4033219534884,-0.111822656344235,0.911408161393584,0.0147606699224226,0.102027948419205,0.144672809275504,0.884969208318175,-0.0826814428703083,0.102013865583236,-0.810492205129178,0.417657343248937,0.097442112792731,0.0667741513731428,1.459278939364,0.144488349577919,0.356937019252881,0.782191240163085,0.456329604481968,0.648152978515163,0.230872887998079,0.790893104045204,0.291914149734303,0.770352264534582,0.126064131254802,1.12735768739678,0.111822656344235,0.910964023022938,
0,630927.583949277,0,0.0208245543064087,0.537055362330398,0.894815428657986,0.0000621523815659928,0.00803952182276946,0.000351418879306416,-0.0101103322763512,0.0980522024432969,47.0879181035987,-0.103111730531479,0.918312189982066,-0.0760493267107552,0.0329047936418145,85938.4736490687,-2.31119293859098,0.0208245543064087,0.331729272200948,0.533526259531337,47.7001937593202,0.621767469313221,0.537055362330398,-0.0757583131587562,0.570105299047371,50.2311014293769,-0.132884772839941,0.894815428657986,0.0586552399398581,0.103727627441762,0.56547364850112,0.571751643004827,-0.0907350857985784,0.103713445977165,-0.874863282611941,0.381648299452051,0.149390325738437,0.0669247466340858,2.23221354210327,0.0256008528117721,0.407487585359704,0.776441132038428,0.524814526878434,0.599712131920326,0.255970959042192,0.785162283672403,0.3260102584716,0.744416593650354,0.151516626317512,1.14021059809474,0.132884772839941,0.894284509609895,
0,631427.868527427,0,0.000479603886786036,0.511474325114415,0.678307240641947,0.000141874543383449,0.00916817157122998,0.0033700245632648,-0.0101152691544819,0.0955671408652332,46.479108262756,-0.105844635121461,0.916161120764299,-0.115240615944046,0.0330010325421702,85938.9391749603,-3.4920306143993,0.000479603886786036,0.351273016688279,0.530990455989773,47.2969752456114,0.661542995219191,0.511474325114415,-0.241616649984828,0.579214532926404,51.460700746091,-0.417145351592082,0.678307240641947,0.0945275692631936,0.101421489000673,0.932027030904336,0.351322556092654,-0.127315969485214,0.101407036117783,-1.25549443469916,0.209299327132043,0.221843538748407,0.0672023142004537,3.30112945346917,0.000962964405153272,0.592889666673106,0.781396051630985,0.758756926702643,0.447997976396632,0.10965636670345,0.790127135027181,0.138783193035989,0.889621475463312,0.483233299969655,1.15842906585281,0.417145351592082,0.676572094518561,
0,631676.079788656,0,0.00000128783767500547,0.527206822366492,0.563256489253172,0.000272715509124425,0.00852631225367772,0.00644535141256214,-0.0164494456563109,0.0961758632143325,46.500969714349,-0.171035071654647,0.86493826607174,-0.16002226325761,0.0330490270472469,85943.9219567284,-4.8419659383268,0.00000128783767500547,0.355809318243113,0.558574746171446,47.1837007851543,0.636994996071489,0.527206822366492,-0.351677138614826,0.604540353845999,52.1654359713234,-0.581726490841359,0.563256489253172,0.130926646662324,0.102103200959952,1.28229718002354,0.199738416826547,-0.176545570751732,0.102090220997079,-1.72930932098563,0.0837537493073947,0.307472217414056,0.067578070604922,4.54988156160323,0.00000536761192024658,0.707486456857938,0.8187539112344,0.864101468280367,0.387532152502322,0.00413217962828677,0.827400511128588,0.00499417098818372,0.996015244638983,0.703354277229651,1.209080707692,0.581726490841359,0.560750924943297,
0,631497.261979793,0,0.00000000783670663537911,0.656565442770372,0.525691304326125,0.000387561422167246,0.0042274519968392,0.0078067758651709,-0.00491379662530412,0.0979406336828755,47.0497364055328,-0.0501711745220542,0.960198372260769,-0.190576326876049,0.0330144666037618,85944.9661899309,-5.77250964443369,0.00000000783670663537911,0.256879308853105,0.574037273482392,47.169310345883,0.447495869553467,0.656565442770372,-0.404080732296195,0.632451768073454,51.8807217318991,-0.638911538704504,0.525691304326125,0.173848009162485,0.103837860929817,1.67422563991362,0.0940862622342735,-0.192858929157946,0.103826185398867,-1.85751723822891,0.0632376009937768,0.36670693832043,0.0678430711893659,5.40522314057489,0.0000000647277601279311,0.660960041149298,0.849844736542223,0.777742113034149,0.436721060008142,-0.14720142344309,0.858365880230655,-0.17149030131945,0.863838255906047,0.808161464592387,1.2649035361469,0.638911538704504,0.522880481164122,
0,631739.654271435,0,0.000000000105182008902062,0.574280036404231,0.650685066412104,0.000485333198029975,0.00671141434424624,0.0040049830176309,0.00364299427971469,0.0937001868892483,46.1603503653412,0.0388792637523833,0.969154315663922,-0.21358181045555,0.0330616266175241,85946.7117313564,-6.4601119880273,0.000000000105182008902062,0.325753044430899,0.575858264930419,47.3595045926951,0.565682676222871,0.574280036404231,-0.292334362485052,0.641835381942042,51.5904021265051,-0.45546626239351,0.650685066412104,0.206176622925818,0.0998843952334552,2.06415248792298,0.0390032606904738,-0.210536168054936,0.0998725250831502,-2.10804891414982,0.0350267586295181,0.416712790980754,0.0680422206035491,6.12432673837541,0.000000000910678488503111,0.61808740691595,0.858041016983063,0.720347156700261,0.471311277018173,0.033418681945846,0.866542792236704,0.0385655298794723,0.969236785007705,0.584668724970104,1.28367076388408,0.45546626239351,0.648773833891797,
0,631773.762939447,0,1.37415494833229e-12,0.478068110380137,0.783591728909442,0.000584140776292663,0.0106453209569415,0.00146992169665016,-0.00694008452148734,0.0907579811027258,45.7216209342091,-0.0764680355067847,0.939380380970291,-0.234379229902944,0.0330685046350096,85948.4098816846,-7.08768758944144,1.37415494833229e-12,0.411793533661943,0.575883583862084,47.5207077303551,0.715063851795022,0.478068110380137,-0.177343249836529,0.642380268487222,51.7740205088391,-0.276072069047458,0.783591728909442,0.216908449848926,0.097132958291305,2.23310865502943,0.0255417799944595,-0.24551006371328,0.0971208350124458,-2.52788254633332,0.0114752734183094,0.462418513562206,0.0680614608193953,6.79413148050492,1.08966974862938e-11,0.589136783498471,0.858463516698639,0.686268865290971,0.492543578575499,0.234450283825414,0.866965405021738,0.270426342812993,0.786832276169238,0.354686499673058,1.28476053697444,0.276072069047458,0.782492712984342,
0,631704.970581234,0,7.66120877715567e-13,0.467111553097484,0.859708127003947,0.000597472361263359,0.0112075836860852,0.000605190690100456,-0.00426691118402752,0.0921090781882694,45.9825639454081,-0.0463245455057755,0.963252183344846,-0.236944458216105,0.033055057117673,85948.8185064128,-7.16817573095106,7.66120877715567e-13,0.422423469574063,0.576221766873965,47.4143602940453,0.733091830018386,0.467111553097484,-0.109029953974654,0.61382913495759,52.1004545577829,-0.177622644096532,0.859708127003947,0.223177929371339,0.0983348506281003,2.26957104165838,0.0232336223020681,-0.246813212277858,0.0983222184181148,-2.51024861164427,0.0120646189441234,0.469991141649197,0.0676977211639957,6.94249575271016,3.85232537512081e-12,0.531453423548716,0.83760672524254,0.634490396904139,0.52576083195893,0.313393515599408,0.846197634665057,0.370354988906883,0.711118006732971,0.218059907949308,1.22765826991518,0.177622644096532,0.85901933990711,
0,631644.278778433,0,5.31132775383614e-11,0.32040971155463,0.891213902456988,0.000500895091013804,0.0207902546959714,0.000361107402702833,0.00365661964276859,0.0917969349234553,45.0773215145716,0.0398337879779718,0.968401543245915,-0.216852854389826,0.033042844549289,85943.1100779796,-6.56277803402649,5.31132775383614e-11,0.534288137687563,0.532095594488294,47.4884128558878,1.00412058138045,0.32040971155463,-0.0815626753746103,0.593458578901042,52.2888215691282,-0.137436172084069,0.891213902456988,0.209501270865738,0.0979186965916509,2.1395430919533,0.0323917098743594,-0.221288606734308,0.0979042629248297,-2.26025507085643,0.0238054247162141,0.430789877600046,0.067439021123563,6.38784297907802,0.000000000168241957690226,0.615850813062172,0.792705514250428,0.776897349634955,0.437219335061445,0.452725462312951,0.801408498062722,0.564912230663068,0.572133464246976,0.16312535074922,1.18691715780208,0.137436172084069,0.890686041120981,
0,631715.641824988,0,0.0000000111087549312736,0.294082720106535,0.970986265820336,0.000379686108233054,0.0233822005552584,0.0000255264186149197,0.00564393742837718,0.0904827163141645,43.6417028667198,0.0623758620240897,0.950548324827933,-0.188865847346747,0.0330564879815074,85941.6735343959,-5.71342749575826,0.0000000111087549312736,0.552002679768713,0.520237727684195,47.0238234351943,1.06105853227123,0.294082720106535,-0.0215377800212909,0.589337162684008,52.3206637472853,-0.0365457693575639,0.970986265820336,0.184257870233699,0.0966630220521428,1.906187767793,0.0566258486912628,-0.192703857925015,0.0966479347618391,-1.99387455510434,0.0461657652966151,0.376961728158714,0.0674169265564984,5.59149975255551,0.0000000225116615263296,0.573540459790003,0.781734661636756,0.733676639832182,0.463145839042159,0.530464899747421,0.790456885635495,0.671086443027122,0.502165462852611,0.0430755600425817,1.17867432536801,0.036545769357564,0.970847184395335,
0,632011.252624417,0,0.0000000704361115703174,0.368296622283141,0.9031936107235,0.000337979199614358,0.0171924432901461,0.00028751961728366,0.011467812845647,0.0924851262182991,44.2756072813171,0.123996293399424,0.901879434978096,-0.178499057132247,0.033113475167438,85945.9764580616,-5.39052625040616,0.0000000704361115703174,0.494032063647569,0.543862017999475,47.1697636081295,0.908377579785404,0.368296622283141,0.0728137710258183,0.595742392518563,51.9418805592848,0.122223585127106,0.9031936107235,0.182437681992055,0.0986099545164963,1.85009396755715,0.0643000072479857,-0.177163493818502,0.0985959472968338,-1.79686385369504,0.0723572362523356,0.359601175810557,0.0675953749819514,5.31990799528184,0.000000103819741046437,0.42121829262175,0.802289446352079,0.525020358346957,0.599569038571643,0.566845834673386,0.811000265107525,0.698946546704559,0.484585436823958,-0.145627542051636,1.19148478503712,-0.122223585127106,0.902721948255182,
0,632101.016561419,0,0.000000910505008812527,0.454542422157001,0.733791824734799,0.000280474661938554,0.0118128473556555,0.00228417167882597,0.0169841425647105,0.094219175950375,44.5973673920342,0.180262058051282,0.857763472677559,-0.162684706942674,0.033130545382313,85945.042259529,-4.91041439449182,0.000000910505008812527,0.409713105328235,0.543357553869892,47.563401388295,0.754039586659251,0.454542422157001,0.208635304949752,0.610134475411436,51.0743197404932,0.341949706757779,0.733791824734799,0.176074626309229,0.100269905165317,1.75600671027794,0.0790872627937374,-0.156753411567361,0.100256419491113,-1.563524932997,0.117929175889875,0.33282803787659,0.0677913242234336,4.90959634863632,0.000000912640520190168,0.201077800378483,0.812659909248741,0.247431672326949,0.804574165080769,0.618348410277985,0.821332387505779,0.752860132736011,0.451533967281962,-0.417270609899503,1.22026895082287,-0.341949706757779,0.732388741311908,
0,632167.937358184,0,0.0000068690994581315,0.296861275485225,0.904897657526255,0.000235349237682391,0.0226789462795024,0.000288742766638986,0.0167459201507156,0.0959322858912858,45.0830467802622,0.174559794912973,0.862207108246331,-0.149077893033046,0.0331432797598835,85944.9786389121,-4.49798252053163,0.0000068690994581315,0.57804321988127,0.548077325938781,47.9348457433625,1.05467457332077,0.296861275485225,0.0741223691425357,0.617248598913304,49.927730754089,0.120085115256692,0.904897657526255,0.156816334444934,0.101906787529814,1.53882129194834,0.123847930352848,-0.143989294996934,0.10189376918711,-1.4131315010295,0.157617062536956,0.300805629441868,0.0678975324889275,4.43028808875967,0.00000941072836790659,0.503920850738733,0.821124149433568,0.613696298040133,0.539416035120772,0.652165589023804,0.829773648264559,0.785956013893409,0.431893256899159,-0.148244738285071,1.23449719782661,-0.120085115256692,0.904415723365451,
0,632314.939193032,0,0.0000302458318208299,0.311096060025192,0.943798800082617,0.000202459311786586,0.0211401972139378,0.000102445813686109,0.0107620204925927,0.0942840872970438,46.5011708986048,0.114144611260719,0.909614579749601,-0.138388686658656,0.0331721714721086,85946.3979980358,-4.17183080025418,0.0000302458318208299,0.576528211486427,0.563229773793433,48.5155967802109,1.02361103462878,0.311096060025192,-0.0430269257358368,0.607223679092105,49.0054663137123,-0.0708584451123,0.943798800082617,0.138076289972679,0.100372436863028,1.37563951108512,0.168933267736023,-0.137162888930989,0.10035930464537,-1.36671820730193,0.171713648639776,0.275239178903668,0.0678350912740874,4.05747488112848,0.0000496061506253201,0.619555137222263,0.823871949691929,0.752004164547577,0.452048554354093,0.533501285750589,0.832545349867454,0.64080747773743,0.521647773982536,0.0860538514716734,1.21444735818421,0.0708584451123,0.943510416199375,
0,632362.540573254,0,0.000924113464615126,0.395515632069649,0.932737812460189,0.000127668640412357,0.0147397849741261,0.000147994438101441,0.0019603796624408,0.0897417341869371,45.4991263319631,0.0218446821894172,0.982667372367916,-0.109924851265435,0.0331820445563378,85949.9852019231,-3.31278113615935,0.000924113464615126,0.493404416669538,0.575621716108103,49.1124414236963,0.857167828909492,0.395515632069649,-0.0510558606571994,0.601797875252328,48.6273083582406,-0.084838884876076,0.932737812460189,0.102153118503936,0.096133827157693,1.06261366601342,0.287957186999905,-0.115871358582549,0.0961204077388384,-1.20548134686834,0.228017534699121,0.218024477086485,0.0677918664768338,3.21608606485248,0.00129951853496965,0.544460277326736,0.828420668945754,0.657226814511539,0.511035086371614,0.442348556012338,0.837090963211509,0.528435469324938,0.597197124775227,0.102111721314399,1.20359575050465,0.084838884876076,0.932389479303485,
0,632392.534101525,0,0.00731237007249005,0.246411521179418,0.906127733181576,0.0000837021489740973,0.0275725333991873,0.000288680943416144,-0.000401613580167375,0.0885108617829312,44.2282943877921,-0.00453744966524351,0.996400056193773,-0.0890209028257264,0.033187812019109,85951.5642200422,-2.68233720181582,0.00731237007249005,0.672938690409388,0.573557901412999,48.548633344442,1.17327071730955,0.246411521179418,-0.0734161642840309,0.619336235151234,48.6616571953502,-0.118540075837971,0.906127733181576,0.0752783539073683,0.0950197005373787,0.792239435418504,0.428221078416165,-0.100138854893586,0.0950066340141167,-1.05401960539626,0.291873941216296,0.175417208800954,0.0680050744371467,2.57947234456868,0.00989513813212412,0.746354854693418,0.839801244489962,0.888727969374114,0.374149295618446,0.599522526125356,0.848425569300149,0.706629488571274,0.479796758577516,0.146832328568061,1.23867247030247,0.118540075837971,0.905639743000096,
0,632326.339825222,0,0.000166954939776137,0.206875091789709,0.843649834612639,0.000164858762678163,0.032744425950898,0.000805113745502759,0.00503008877680322,0.0906404893703931,44.2075814086959,0.0554949428422465,0.955994214391353,-0.124887818981531,0.0331746308077903,85949.6923499937,-3.76455791490537,0.000166954939776137,0.724146195949445,0.566021005223325,48.3494202195108,1.27936276086385,0.206875091789709,-0.127084721393584,0.640935622164616,48.7922476271566,-0.198280009721388,0.843649834612639,0.11470233495844,0.0970333215505889,1.18209222487183,0.237169109137817,-0.130530077915585,0.0970208252477519,-1.34538206186418,0.178501885074647,0.245232412874024,0.0682370679100785,3.59382986967123,0.000325852648817547,0.851230917343027,0.850800083256604,1.00050638698197,0.317065508261095,0.59706147455586,0.859357736078337,0.694776400431954,0.487195439979949,0.254169442787167,1.28187124432923,0.198280009721388,0.842825991118746,
0,632292.304004893,0,0.000000693368007246782,0.215008441928536,0.804126126472971,0.000286572868246971,0.031310279618784,0.00127071307283777,0.0288127685784728,0.0931155083071901,43.8335842745854,0.309430395669633,0.75846032990052,-0.164629946830762,0.0331675675800264,85947.0322557645,-4.96358216301345,0.000000693368007246782,0.69509625312932,0.553316904617376,48.8247201204985,1.25623534601746,0.215008441928536,-0.162482172997626,0.65159242626729,48.8719501719399,-0.249361666047011,0.804126126472971,0.178113682230927,0.0993463897920734,1.79285510629736,0.0729960953721095,-0.145337542404226,0.0993340292746088,-1.46311937072884,0.143434718303445,0.323451224635153,0.0683528555093062,4.73208064571809,0.00000222230081713928,0.857578426126944,0.850554540967838,1.00825800677181,0.313330617027482,0.532614080131693,0.859081804397859,0.619980632118042,0.535270538206713,0.324964345995251,1.30318485253458,0.249361666047011,0.803081034766644,
0,632332.19808936,0,0.0000000374714807383082,0.261210839534187,0.974196282204293,0.000352214331417081,0.0256170827344811,0.0000215798097604023,0.0566289775175673,0.0993839959972514,44.4503712657072,0.569799764532848,0.571682239427213,-0.182555078579195,0.0331745042483674,85944.6684383476,-5.50287284513617,0.0000000374714807383082,0.627475314108428,0.552054916423451,49.1392717522313,1.13661756365399,0.261210839534187,-0.0207993374720456,0.639753493024611,48.9797639135054,-0.0325114871568906,0.974196282204293,0.227596283666883,0.105220943829449,2.16303214344656,0.030538707442114,-0.136770305965828,0.105208862734389,-1.29998844594603,0.193604929204882,0.364366589632711,0.0682215872885647,5.34092805685549,0.0000000924719516882137,0.648274651580472,0.840715064105318,0.771099126516021,0.440648178317863,0.606675976636381,0.849291767389377,0.714331634817598,0.475022135031394,0.041598674944091,1.27950698604922,0.0325114871568906,0.974064155446682,
0,632102.866536243,0,0.0000000379320744637803,0.379458754818998,0.983008851015651,0.000351943286020251,0.0156371140363085,0.00000926794904561873,0.0884407898314416,0.106392084772344,46.7354193867159,0.8312722701194,0.410046878906773,-0.182236429905601,0.0331295676276065,85943.5528355904,-5.50071863158713,0.0000000379320744637803,0.501905482905446,0.565955160783412,49.5083506917119,0.886829059409395,0.379458754818998,0.0132625107133084,0.619602416759873,49.4353515487206,0.0214048724707416,0.983008851015651,0.261942829849334,0.111838206179019,2.34215872016083,0.0191725594982869,-0.103004159115677,0.111826696292179,-0.921105268517891,0.356995469857692,0.36494698896501,0.0679007247565115,5.37471419154495,0.0000000767042529151933,0.488642972192137,0.834854160669362,0.585303392152178,0.558343734389294,0.515167993618753,0.843471000187413,0.610771435537543,0.541350906285267,-0.0265250214266167,1.23920483351974,-0.0214048724707416,0.982922686787614,
0,631979.194962231,0,0.0000000264382183781508,0.426719252380974,0.893508201001796,0.000360098797782116,0.0125844650894583,0.0003595833093402,0.0944249615684212,0.107864973182209,47.7337399653564,0.875399666663942,0.385740276410238,-0.18420024974423,0.0331054859857576,85941.3963134829,-5.56404004531079,0.0000000264382183781508,0.449861516549038,0.561412291594435,50.3801025941177,0.801303290441703,0.426719252380974,-0.0778027709420765,0.578265248210298,50.3245875537459,-0.134545126449968,0.893508201001796,0.269193323658376,0.11315677079095,2.37894137290019,0.0173624371380053,-0.096425759645161,0.113144299802595,-0.852237008964629,0.394082559597823,0.365619083303537,0.0673858099601458,5.42575778965596,0.0000000577091723972276,0.527664287491113,0.801584813513985,0.65827630288795,0.510360602253862,0.372058745606961,0.810315187828668,0.459153118682046,0.646124213812261,0.155605541884153,1.15653049642059,0.134545126449968,0.89297152970768,
0,631858.741184594,0,0.000000348427209861853,0.578377217918342,0.877410788426417,0.00030203483400416,0.00616562134421601,0.000469262770375445,0.0715091962797695,0.105884785135365,48.0696744978267,0.675349118273707,0.502689898062301,-0.168574160209893,0.0330824912488803,85940.4001896565,-5.09557031064277,0.000000348427209861853,0.314363127271107,0.56198368140123,50.4374309382813,0.559381237702997,0.578377217918342,-0.086416758225645,0.557435380373719,51.1902127972515,-0.155025607035759,0.877410788426417,0.232919500712968,0.111231628419809,2.09400423262604,0.0362596032053132,-0.101139457116425,0.111218420562467,-0.909376851468762,0.36315123659057,0.334058957829393,0.0671170910238144,4.97725620603644,0.000000644919329833312,0.400779885496751,0.787162958516174,0.509144747171835,0.610650768654694,0.227946369045462,0.795923488563695,0.286392313232027,0.774577661413086,0.17283351645129,1.11487076074744,0.155025607035759,0.87680112985174,
0,631718.366031828,0,0.00000235748295832127,0.792856671742507,0.920465931225303,0.000259200601308922,0.00140086667612257,0.00019551023802122,0.0575159953074968,0.103695697172966,47.7556876459982,0.554661349270447,0.581714899986304,-0.156037179115414,0.0330559036836842,85942.8048460817,-4.72040276401311,0.00000235748295832127,0.150469926909226,0.569919296797036,49.689780304458,0.264019709027,0.792856671742507,0.0568385027096301,0.566471970966902,51.4842018364431,0.100337714172536,0.920465931225303,0.21187953249774,0.109170871496597,1.94080645865637,0.0522817573276815,-0.10222677818734,0.109157944298901,-0.936503328675909,0.34901409953901,0.31410631068508,0.0671658394325864,4.676578352011,0.00000291701176673961,0.0936314241995953,0.799181815572069,0.117159102441004,0.906733975185543,0.207308429618855,0.807901864810594,0.256601003969037,0.797486799893626,-0.11367700541926,1.1329439419338,-0.100337714172536,0.920076216976051,
0,631477.205425091,0,0.000001322255580559,0.66313967751236,0.957016782720883,0.000272121986030043,0.00388369426489723,0.0000567739753202656,0.0731622708405214,0.101238133978358,47.1112154625067,0.722675023387543,0.473452033042545,-0.159659877043586,0.033009932125109,85944.9749244194,-4.83672236702787,0.000001322255580559,0.252501874616186,0.576193247245639,49.2558593640855,0.438224286423373,0.66313967751236,0.030874643646535,0.57006617316107,51.6629739651938,0.054159753902485,0.957016782720883,0.228860607955808,0.10684377192676,2.14201168517983,0.0321925417394844,-0.0915629015953721,0.106830945248522,-0.857082200128143,0.391399457661157,0.32042350955118,0.0671205981954852,4.77384764387772,0.00000180739134464967,0.221627230969651,0.806185939801186,0.274908330731129,0.783386666661846,0.283376518262721,0.814869578751615,0.347756899572635,0.72802276078186,-0.0617492872930698,1.14013234632214,-0.0541597539024851,0.956807885329248,
0,631538.575414257,0,0.00000175166487246266,0.489727833874532,0.904397399345413,0.000265818272422141,0.00982996565068657,0.000284465579476873,0.0846204620459858,0.0970315022639135,45.0988351136789,0.87209267167511,0.387777190703413,-0.157862657115474,0.0330223493092217,85949.3492788364,-4.78047929410611,0.00000175166487246266,0.416597909886938,0.59855611549394,48.7957735857063,0.696004767311003,0.489727833874532,0.0692506132957778,0.57371952725384,51.202916709891,0.120704647490826,0.904397399345413,0.236274359622243,0.102917539464836,2.29576378186706,0.0216893913401046,-0.0819266347715629,0.102904953044396,-0.796138886883489,0.425951313886257,0.318200994393806,0.0671847752300024,4.73620687580582,0.00000217755311923978,0.347347296591159,0.824788173624966,0.421135156514864,0.673656390919712,0.485848523182714,0.83340956758578,0.582964897547457,0.559916930892245,-0.138501226591555,1.14743905450768,-0.120704647490826,0.903924977749339,
0,631821.215433026,0,0.00000598148971140528,0.418394444833976,0.795992587848155,0.000238414223083745,0.0133674033430845,0.00133346688379887,0.0949513437502396,0.0975853868101809,42.7464643607362,0.973007812480521,0.336023504323945,-0.149748580553289,0.0330766094076201,85950.3687731447,-4.52732560063398,0.00000598148971140528,0.494687184549446,0.606178568685179,49.1550984880946,0.816075015028062,0.418394444833976,0.147878849225291,0.568974620062721,50.5899904260614,0.259904122277001,0.795992587848155,0.238500798583089,0.103460933855898,2.30522565082658,0.0211539389943965,-0.0662829688957656,0.103448397997312,-0.640734609515051,0.521695124015652,0.304783767478855,0.0672333309084858,4.53322427076697,0.00000580900801617346,0.346808335324154,0.827051865256067,0.419330818166739,0.674974376654023,0.642566033774736,0.835675991634267,0.768917666903557,0.441942188805534,-0.295757698450582,1.13794924012544,-0.259904122277001,0.794937731404653,
0,632243.777785554,0,0.0000185228915216889,0.324441435961707,0.714908877533566,0.000213301200528527,0.0196766395607055,0.00269647697219145,0.119384846872265,0.0981112365088521,42.2983040632984,1.21683153857197,0.230414467734098,-0.141990412868503,0.0331580437667315,85951.6657686462,-4.28223130011568,0.0000185228915216889,0.609553986117805,0.612427614481265,49.355237144498,0.995307807330188,0.324441435961707,0.218174697331676,0.593910318894835,49.9111595635313,0.367352932573492,0.714908877533566,0.254379437644123,0.104036224310452,2.44510447519735,0.0144810186713646,-0.0374010413308243,0.104024474454334,-0.359540786214142,0.719190571748576,0.291780478974947,0.0676600088095345,4.31245109347119,0.0000161454603403796,0.391379288786129,0.848804935996501,0.461094501443548,0.644730806507348,0.827728683449479,0.857393888691729,0.965400726977988,0.334344137498283,-0.43634939466335,1.18782063778967,-0.367352932573492,0.713355775311536,
0,632546.745896656,0,0.000997497317030653,0.263969991420124,0.663229622521692,0.000126018134361753,0.0251787737232182,0.00384937475517313,0.166246689065641,0.0976861001016553,38.5317505824551,1.70184590123507,0.0968410218478765,-0.109327184804882,0.0332165686284408,85952.6001253012,-3.29134493173608,0.000997497317030653,0.671979380626445,0.594722368054071,49.4280810878503,1.12990433305066,0.263969991420124,0.272106209111199,0.621137031283392,49.6634491120657,0.438077582573002,0.663229622521692,0.268426225414677,0.103669941423009,2.58923871018124,0.0096188389831826,0.0400441738100958,0.103658447327484,0.386308832926909,0.699267959572903,0.228382051604582,0.068079780672273,3.35462378623078,0.000794729870812274,0.399873171515245,0.855641091011578,0.467337503675164,0.640258428238312,0.944085589737642,0.864228058305956,1.09240330797431,0.274655869660323,-0.544212418222397,1.24227406256678,-0.438077582573002,0.661330044315487,
0,632738.080710815,0,0.0327590623034719,0.217259730296954,0.694824224463862,0.0000530310443943656,0.0308795156856166,0.00312143779425016,0.195038009877861,0.0989841540215261,35.7679520481651,1.97039629025314,0.0565719380676197,-0.0709982163960066,0.0332535248794596,85954.0392838833,-2.13505836308684,0.0327590623034719,0.767978646258243,0.614419278869398,49.0315828825829,1.24992602392199,0.217259730296954,0.247513614492587,0.627249269916073,49.728507821073,0.394601678094746,0.694824224463862,0.25673302379463,0.104952232849106,2.44618925033968,0.0144375194688338,0.105888083873594,0.104941438295308,1.00902070329571,0.312964705277139,0.150844939921035,0.0682201969559116,2.2111478220815,0.0270256022544727,0.520465031765656,0.873761850206876,0.595660055016625,0.55140234835662,1.01549226075083,0.88229565500252,1.15096595454494,0.24974624208031,-0.495027228985172,1.25449853983214,-0.394601678094746,0.69313687489244,
0,633035.098972309,0,0.0297964427859055,0.173509410673217,0.767051417348948,0.0000549226771391073,0.0374888775412153,0.00178592727506133,0.204552751861647,0.100593960109643,31.743870408503,2.03344963891165,0.050438552352625,-0.0723788264374195,0.0333109790206826,85955.3135377712,-2.17282195135964,0.0297964427859055,0.859979689712302,0.622664814950423,48.9746180042751,1.38112780594608,0.173509410673217,0.187620624906879,0.629887065204134,49.5901810874083,0.297863911280786,0.767051417348948,0.264913302071333,0.106507920647373,2.48726386226626,0.0128729881631866,0.113448291136843,0.106497493835643,1.06526723823123,0.286755013964234,0.151465010934489,0.0683568276875936,2.21579929991367,0.0267052504369577,0.672359064805422,0.881430187722412,0.762804671510942,0.445579894705454,1.04760031461918,0.889954604206905,1.17713904694359,0.239140012307796,-0.375241249813757,1.25977413040827,-0.297863911280786,0.765807032981927,
0,633356.211085253,0,0.129775607935666,0.143134247229149,0.67938112994179,0.0000267012580969658,0.0430160379191627,0.00350877789644328,0.212194314915536,0.102284643761352,26.7579956193465,2.07454713740434,0.0477760592111606,-0.0505606232983887,0.0333733075528975,85957.3495552395,-1.5150018684318,0.129775607935666,0.939599613049693,0.631465526356734,49.2561677490501,1.48796660123436,0.143134247229149,0.25496694970722,0.613222291307547,49.0963841585853,0.415782259258,0.67938112994179,0.250517274005501,0.108108687206019,2.31727237172067,0.0204888993314902,0.140281066695251,0.108098215236739,1.29771861994234,0.194384042913005,0.110236207310249,0.0682766984220471,1.6145509355012,0.106407977971658,0.684632663342472,0.875929594706844,0.781606955033417,0.434445598221073,1.19456656275691,0.884493032297953,1.35056639129578,0.176834372884239,-0.509933899414438,1.22644458261509,-0.415782259258,0.677569341740865,
0,633564.287362732,0,0.620831237532527,0.161666018731883,0.536828152374979,0.0000028467334898876,0.0392010540706903,0.00789959648554581,0.214225770475995,0.102338542244671,23.942035670019,2.09330488569815,0.0470939230448726,-0.0165289753882337,0.0334138481950676,85958.8959307024,-0.494674402413596,0.620831237532527,0.897625731484561,0.631803420472793,49.4722217834307,1.420735789643,0.161666018731883,0.385344168276092,0.61949177527242,48.593391431732,0.622032743060452,0.536828152374979,0.221597821156452,0.108182744567249,2.0483656801543,0.0405241817306722,0.174763979194733,0.108172486044312,1.61560472154762,0.106179802432306,0.0468338419617185,0.0684237777811187,0.684467351562137,0.493680098761361,0.512281563208467,0.88055102341121,0.581773854766434,0.560719017067163,1.28296989976065,0.889112556807098,1.44297804584825,0.149026655792759,-0.770688336552183,1.23898355054484,-0.622032743060452,0.533920338006525,
0,633397.264645532,0,0.884055740175027,0.148020141457578,0.326741753216958,0.000000247402350190731,0.041787041124884,0.0199871611814011,0.220267589890396,0.101837196981057,21.9974119830939,2.1629384588361,0.0416840702350462,-0.0048680282084801,0.0333814715372791,85958.9870154591,-0.145830246070599,0.884055740175027,0.88733847658874,0.603833566964662,49.5181651015819,1.46950836312263,0.148020141457578,0.58637730403,0.591826604343184,48.133338731205,0.990792403935217,0.326741753216958,0.219756000726304,0.107598541217663,2.04236970352374,0.0411148726376364,0.189057203469237,0.107587089175223,1.75724805753715,0.0788755371154402,0.0306987972570669,0.0680477266035366,0.451136265520316,0.651891341467453,0.30096117255874,0.841143598088639,0.357799991871335,0.720492996657198,1.47371578061874,0.849838137410762,1.73411349261022,0.0828979479592758,-1.17275460806,1.18365320868637,-0.990792403935217,0.321786959190018,
0,633492.48405104,0,0.771168048018338,0.0951330677520252,0.216989131715744,0.000000984159894713888,0.0554910911001249,0.0315423681279795,0.216490853189815,0.108201970665296,23.8058008129262,2.00080323730417,0.0569421836689318,-0.00971409723614776,0.0333991890861927,85954.171201033,-0.290848296079248,0.771168048018338,0.995353536973786,0.584953455848739,49.2827462179864,1.70159442092632,0.0951330677520252,0.728040988664958,0.581964281826614,48.0513208606556,1.25100630983718,0.216989131715744,0.221426795102594,0.113597677460157,1.94921938593556,0.0512692308145412,0.175971442925747,0.11358593051022,1.54923626663352,0.121324934285156,0.0454553521768471,0.0679696335919909,0.668759705984399,0.503648774125782,0.267312548308828,0.820741487683975,0.325696400535507,0.744654067829509,1.72339452563874,0.829511514119598,2.07760169244651,0.0377460601806868,-1.45608197732991,1.16392856365323,-1.25100630983718,0.210932175357687,
0,633414.030251567,0,0.851201001160863,0.0754506353233699,0.243808946737296,0.000000409398298376016,0.0628101760057515,0.0278648144190078,0.216887513952751,0.108565528019359,25.8045339981228,1.99775672729263,0.0563866202804476,-0.00626235392799408,0.0333837628009908,85952.4845282434,-0.187586820734546,0.851201001160863,1.04447208899107,0.57512126052234,49.2121554359802,1.81609020685907,0.0754506353233699,0.704614117149802,0.597208835545593,48.5647031978292,1.17984543297335,0.243808946737296,0.217074978439092,0.113949292537254,1.90501383207906,0.0567782731064154,0.179360613635986,0.113937693503179,1.57419909181312,0.115441429256068,0.0377143648031067,0.0681104865745331,0.553723320737637,0.579768212598693,0.339857971841264,0.824722256063412,0.412087789971236,0.680275077805132,1.74908620614086,0.833474004076148,2.09854920199894,0.0358566583169871,-1.4092282342996,1.19441767109118,-1.17984543297335,0.238061695878863,
0,633510.72813144,0,0.884824386444473,0.0953496466770079,0.183456041946067,0.000000244134356659998,0.0556439007144865,0.0354663563444886,0.208341763030535,0.108794198400618,26.1484275698411,1.915008025183,0.0664907012402357,-0.00483855593825695,0.0334023715794359,85950.403384077,-0.144856658658207,0.884824386444473,0.951164024730669,0.559315476604384,49.0812235747598,1.70058592067791,0.0953496466770079,0.825142858244507,0.611640993512093,49.4955241330647,1.34906402121033,0.183456041946067,0.210927717243537,0.114171262370991,1.84746768024815,0.0646793880795115,0.171752096856265,0.114159597781307,1.50449108260951,0.132454967721782,0.0391756203872723,0.0683080996130554,0.573513545380275,0.566297030367512,0.126021166486162,0.824434735452994,0.152857662428449,0.878510523944198,1.77630688297517,0.833177281018778,2.1319674977253,0.0330095185956671,-1.65028571648901,1.22328198702418,-1.34906402121033,0.177316403377572,
0,633867.274513048,0,0.581345626003663,0.182560441627498,0.173269699008503,0.00000353770186283184,0.0363779157252622,0.0368744324349569,0.197712657379252,0.113624370359484,24.3805832064101,1.74005503180111,0.09445965927995,-0.0184568728524682,0.0334713914247043,85950.0118609299,-0.55142233611614,0.581345626003663,0.760537391911371,0.562404650165492,48.4409072361542,1.35229570325846,0.182560441627498,0.828183750294587,0.599458703192069,49.8531308518198,1.38155263387549,0.173269699008503,0.217378694595534,0.118784803327328,1.83002108440183,0.0672467860962412,0.150857729774005,0.118773263199106,1.27013206264371,0.204037592366777,0.0665209648215291,0.0682961121620164,0.974008076239008,0.330052529216887,-0.0676463583832158,0.817568837503872,-0.0827408718142286,0.934057585266982,1.58872114220596,0.82636593024128,1.92253949983403,0.0545379083439807,-1.65636750058917,1.19891740638414,-1.38155263387549,0.167109106149973,
0,634416.10455294,0,0.439270152124148,0.210024948053496,0.110345376180997,0.00000695958516982939,0.0323120914295561,0.0505501793680837,0.190763274818792,0.113694246364252,23.0228729491105,1.67786216909893,0.106899391109039,-0.0259706824824867,0.033578587909701,85951.9019649,-0.773429858108585,0.439270152124148,0.737606640657739,0.580611550665599,48.333532670807,1.27039608463208,0.210024948053496,0.93525548153495,0.575292433644008,49.6400849586282,1.62570447104766,0.110345376180997,0.220266888572817,0.11886795121318,1.85303848787456,0.0638768423303513,0.134890535343524,0.118856125987227,1.13490604058574,0.256414688703742,0.0853763532292929,0.0682271173926639,1.25135512816599,0.210804940672851,-0.19764884087721,0.812917742575634,-0.243135105221081,0.807900736967942,1.67286212219269,0.821770684409246,2.03567997000924,0.0417825016922031,-1.8705109630699,1.15058486728801,-1.62570447104766,0.104012538477562,
0,634607.215175991,0,0.38178329151913,0.248402279875072,0.0756448220765376,0.00000889973063322547,0.0274730755714821,0.062103155341675,0.179079166451033,0.118217395394808,22.1117122548069,1.51482923348942,0.143980785174257,-0.0294009551032711,0.0336157006589774,85952.3618516053,-0.874619732057236,0.38178329151913,0.684242076666118,0.58565381975004,48.3205586494693,1.16833879263036,0.248402279875072,1.07672735733494,0.593419535232382,49.7197831205606,1.81444541914734,0.0756448220765376,0.21549571302218,0.123245381081966,1.74850944619873,0.0803758513468541,0.118201254771673,0.12323443829064,0.959157654396111,0.337479329349793,0.0972944582505071,0.0684950319710012,1.42046007499783,0.155473783966876,-0.392485280668822,0.829328117442164,-0.473256932225252,0.636029884392858,1.76096943400106,0.838146261929436,2.10102879889633,0.035638438283412,-2.15345471466988,1.18683907046476,-1.81444541914734,0.0696091785769869,
0,635005.730942206,0,0.53473122677438,0.261178128017861,0.0922546062483103,0.0000044838358411558,0.0262711755362799,0.0556801383926552,0.170933627297937,0.122513020922394,21.3535052612165,1.39522824603448,0.17729003228916,-0.0209169592228623,0.0336934199693038,85951.8557112138,-0.620802496211976,0.53473122677438,0.665907247803693,0.585652965026328,47.9187312766967,1.13703385378363,0.261178128017861,1.07753323469173,0.627731526605899,49.9726390121475,1.71655108756108,0.0922546062483103,0.199208314068305,0.12744223870009,1.56312629235196,0.11802289250943,0.118853037803641,0.127432251389926,0.932676277059301,0.350987137000947,0.080355276264664,0.0690291387440111,1.16407763050116,0.244392553062758,-0.41162598688804,0.854120485173661,-0.481929650480573,0.629855922103123,1.74344048249542,0.862873528789073,2.02050523550318,0.0433310076303748,-2.15506646938346,1.2554630532118,-1.71655108756108,0.0860612259741415,
0,635147.571334323,0,0.404347296415169,0.262263687842368,0.0988359276740304,0.00000809030534235358,0.0258541722079312,0.0537297105137142,0.154377619549756,0.121207215128017,23.9685613255998,1.27366691320071,0.214994778518595,-0.0281195303041738,0.0337210547463833,85949.9042485041,-0.833886440257024,0.404347296415169,0.659418329560058,0.581364487672663,48.4750614315786,1.13425973471456,0.262263687842368,1.04994991905124,0.624243723831506,49.8229574600634,1.68195510658373,0.0988359276740304,0.18947781950478,0.12618202825198,1.50162287078157,0.13319453333116,0.0957034929560637,0.12617167422725,0.758518055199065,0.448140908396309,0.093774326548716,0.069038768947219,1.35828503286911,0.174373257634905,-0.390531589491184,0.848630858740359,-0.460190182184583,0.645379717393363,1.7093682486113,0.857412067872527,1.9936367968936,0.0461917610200856,-2.09989983810248,1.24848744766301,-1.68195510658373,0.092577545593024,
0,635172.333794074,0,0.468338426073522,0.33066532571981,0.116440037605078,0.00000611905464321711,0.0192850606512914,0.049052868180943,0.133353993870176,0.122621684666745,28.9744986424477,1.08752374616772,0.285769610241654,-0.0244570999600094,0.0337251665859854,85943.8334518482,-0.725188410786758,0.468338426073522,0.551371483930413,0.561185458275692,49.0905125902191,0.982512065841062,0.33066532571981,0.976023197233657,0.610832544827878,49.4957500836074,1.59785722862668,0.116440037605078,0.165401653485294,0.12749250174466,1.29734416708332,0.194512793965046,0.0815950366914889,0.127481386407927,0.640054512981161,0.522137159777802,0.0838066167938049,0.0688906495504189,1.21651657141757,0.223788202266562,-0.424651713303242,0.825046872079321,-0.514700106956367,0.606762598687625,1.52739468116407,0.833899689215749,1.83162879290736,0.0670067440553692,-1.95204639446731,1.22166508965575,-1.59785722862668,0.110074754808307,
0,635275.237237707,0,0.518153063555296,0.544228834239414,0.194683659960888,0.0000048586835175128,0.0074197340389897,0.0339764590226689,0.119792074275459,0.123087592512744,30.8120269112347,0.97322623531739,0.338019818966094,-0.0218060572498751,0.0337451800433329,85942.9141126751,-0.646197685769448,0.518153063555296,0.342723473232723,0.561278429019663,49.8779155417135,0.610612230067933,0.544228834239414,0.817941723274472,0.622109884972229,49.1496143623778,1.31478657232875,0.194683659960888,0.150092557340973,0.127962838796458,1.17293863400229,0.240820415279464,0.0772393718627389,0.127951933796172,0.603659277129659,0.546070193826942,0.0728531854782337,0.0690567986365498,1.05497484558565,0.291436829297931,-0.475218250041749,0.833462627072934,-0.57017343622315,0.568560071027439,1.16066519650719,0.842287609429557,1.3779915358048,0.168205901452068,-1.63588344654894,1.24421976994446,-1.31478657232875,0.188581641471728,
0,635594.685765718,0,0.408567404805412,0.60120034969612,0.237059370824806,0.00000794702066494526,0.0054920896563118,0.0283723407272808,0.11705158857956,0.119163001409084,31.3145046391251,0.982281305400531,0.333490101460621,-0.0279397101981084,0.0338080687796501,85939.9851034344,-0.826421360540001,0.408567404805412,0.285238175134993,0.542265200538736,50.1028525379562,0.526012318053254,0.60120034969612,0.71624385570444,0.598367710987072,49.0670808332297,1.19699616565693,0.237059370824806,0.152695434255198,0.124142921440596,1.22999710723148,0.218698188110759,0.0712105986727841,0.124130631998133,0.573674664557055,0.56618797585548,0.0814848355824137,0.0689011805090792,1.18263337406354,0.236954479748841,-0.431005680569446,0.803045987114411,-0.536713572429621,0.591465479401195,1.00148203083943,0.811977877231815,1.23338585806509,0.217431838665973,-1.43248771140888,1.19673542197414,-1.19699616565693,0.23130804926845,
0,635635.648762336,0,0.262969871658883,0.771360084196951,0.319193862609351,0.0000145809523699561,0.00172486692661332,0.0200892587793575,0.103247353864532,0.11712683068907,33.9659589024904,0.881500449189281,0.38424257630397,-0.0378539475703874,0.0338160858315439,85937.6462264515,-1.11940653802922,0.262969871658883,0.156422258685431,0.535333237464308,49.4132417366538,0.292196052362357,0.771360084196951,0.598882534857992,0.595155358191446,49.3907027122539,1.00626252728006,0.319193862609351,0.149010185388734,0.122176869214876,1.21962681108374,0.222606377913937,0.0518924926899488,0.122164088426267,0.424776981176992,0.670999259539548,0.0971176926987854,0.0688796513406942,1.40996202519115,0.158550896294929,-0.44246027617256,0.796009122290473,-0.555848248195202,0.578314599065791,0.755304793543421,0.804955047357526,0.93831922170425,0.348080384463269,-1.19776506971598,1.19031071638289,-1.00626252728006,0.314289301184246,
0,635753.070103224,0,0.122316867910684,0.958676479102264,0.3547005933299,0.0000277797107731824,0.0000549319832330799,0.0172257565209019,0.0909645567509408,0.116444196162993,34.5867312875587,0.78118583620615,0.440007854191218,-0.0522864493751892,0.0338393665571577,85939.7464485708,-1.54513676510087,0.122316867910684,0.0282334753851053,0.542135453015644,49.3700909573329,0.0520782679458717,0.958676479102264,0.581228161508527,0.622155590669151,49.79328083244,0.934216730068107,0.3547005933299,0.153135669304165,0.121581291343497,1.25953317004604,0.207837817098335,0.0277841093830063,0.121569205006701,0.228545620426447,0.819222094434386,0.125351559921159,0.0692287519743816,1.8106864033537,0.0701894087336697,-0.55299468612342,0.820774048073819,-0.673747771900416,0.500471684615363,0.609461636893631,0.829642584998642,0.734607465809664,0.462578589853327,-1.16245632301705,1.2443111813383,-0.934216730068107,0.350192107469183,
0,635945.394551767,0,0.0624079625025112,0.834015587438933,0.423165395433632,0.0000403996930892632,0.000914657497770553,0.0128806592593379,0.105968443228276,0.111782095925617,32.7482314064403,0.94799119976056,0.350077423765593,-0.0631287417203938,0.0338780674958981,85945.1545138238,-1.86341035326284,0.0624079625025112,0.117655053825522,0.558439058153656,48.4857022916236,0.210685574562998,0.834015587438933,0.505060988741286,0.62540876094342,49.9794298224705,0.807569417446934,0.423165395433632,0.17602198418437,0.117163784648073,1.50235829879592,0.133004599932104,0.0317087838141123,0.117151798405578,0.270664080668543,0.786649405366281,0.144313200370258,0.0693384779976227,2.0812859546067,0.0374077399833507,-0.387405934915763,0.834002911219946,-0.46451388802598,0.642279611714289,0.622716042566807,0.842864012726431,0.738809621913379,0.460022608290449,-1.01012197748257,1.25081752188684,-0.807569417446934,0.419338498058871,
0,636021.563348179,0,0.152615445833905,0.636443485734582,0.461847962281584,0.0000238037021235713,0.00464307146414642,0.0109510008700071,0.114249782225909,0.110399194322753,30.5405796530732,1.03487876815385,0.308850892325094,-0.0484801248288528,0.0338934946026545,85948.8193738242,-1.43036666467128,0.152615445833905,0.272728979709259,0.573355233546602,48.5052211572595,0.475671911150509,0.636443485734582,0.462295049965189,0.623411141342592,49.6653341479461,0.741557247388266,0.461847962281584,0.166118360509168,0.1158690170945,1.43367368322185,0.15166540559714,0.0526312581621085,0.115857279516615,0.454276661610724,0.649629711710068,0.11348710234706,0.0693446135870294,1.63656694408759,0.101720987269107,-0.18956607025593,0.842542194678121,-0.224992969436208,0.821984743634743,0.735024029674446,0.851397674508025,0.863314584573156,0.387964527531024,-0.924590099930377,1.24682228268518,-0.741557247388265,0.458355634599001,
0,636232.359979464,0,0.363825468136018,0.58220161165694,0.402460337459428,0.00000959449526787343,0.00617253870906852,0.0142135346694395,0.112892108433391,0.11202874614814,28.4973976174607,1.00770661383738,0.322075624559101,-0.0308165980473002,0.0339350726603768,85949.9287041019,-0.90810467258207,0.363825468136018,0.321218102148469,0.580005201337657,49.3836763848366,0.5538193474949,0.58220161165694,0.51658604145024,0.611711604192462,49.4621116733811,0.844492793515337,0.402460337459428,0.147200867118476,0.117423976149143,1.25358442071075,0.209993096783817,0.0670999383300743,0.117412244949303,0.571490123189854,0.567667453556445,0.080100928788402,0.0692873483270203,1.15606861458089,0.247653092469216,-0.195367939301771,0.838511009309369,-0.232993886940952,0.815766152670144,0.837804143598708,0.847403993282944,0.988671460412825,0.322823910569238,-1.03317208290048,1.22342320838492,-0.844492793515337,0.398394088673706,
0,636352.865986531,0,0.567207666229517,0.498122835919163,0.179338539429946,0.00000380894590496136,0.00931353940607151,0.0364051722983379,0.120791153578885,0.110156033430345,31.674361248727,1.09654596137273,0.281107141096293,-0.019430334133507,0.0339589668437056,85949.8535651427,-0.57217094450883,0.567207666229517,0.407685136289984,0.597370336228573,49.5431848126119,0.682466322087327,0.498122835919163,0.801215255651441,0.588162594332755,49.1173567510195,1.36223429264553,0.179338539429946,0.147255755451145,0.115633994161498,1.27346423098975,0.202853357460982,0.0797519803552525,0.115621804748283,0.689765918538276,0.49034140447971,0.0675037750958925,0.0690695437133996,0.977330549279374,0.328405533717422,-0.393530119361456,0.833852692537586,-0.471942014318935,0.636968178056582,1.20890039194142,0.842770905468363,1.43443536564612,0.151448061415804,-1.60243051130288,1.17632518866551,-1.36223429264553,0.173123956643716,
0,636148.712513756,0,0.580929327523416,0.313114784022948,0.103699135644184,0.00000354568069416862,0.0205179457374649,0.0527057390147194,0.130671408322633,0.112067532395164,36.2184586229343,1.16600593882865,0.251233158973702,-0.0187238312791443,0.0339181491346833,85945.6666724406,-0.55202986474277,0.580929327523416,0.593813905818062,0.582698841697432,49.5764042128014,1.01907514366813,0.313114784022948,0.969108512240047,0.584579985931922,49.3951070028168,1.65778599261335,0.103699135644184,0.156103551399527,0.117416668529414,1.32948373816637,0.183688427358359,0.0840106690341116,0.117404189307095,0.715567898640857,0.474258201261926,0.072092882365415,0.0689541768672654,1.04551871461234,0.295783295697269,-0.375294606421985,0.820906977808378,-0.457170686286441,0.647548366350639,1.56292241805811,0.829852477203569,1.88337380557666,0.0596497276449378,-1.93821702448009,1.16915997186384,-1.65778599261335,0.0973606695724443,
0,636160.962551062,0,0.737681220619243,0.28495393918364,0.115614390303093,0.00000130522087342689,0.0231561458788436,0.0493435506837593,0.145770873300164,0.114596770915464,36.2525160445104,1.27203299129341,0.211460801537005,-0.0113607859176593,0.0339202187848887,85943.8659276104,-0.334926669833878,0.737681220619243,0.628912685496891,0.581783848185219,49.2965198983542,1.08100746945568,0.28495393918364,0.920368462087308,0.574650483132017,49.4207242915197,1.60161435359982,0.115614390303093,0.162341369645756,0.119816744694204,1.35491387334954,0.175444998993399,0.106717014200728,0.119804188920128,0.890761960517719,0.373056886449961,0.055624355445028,0.0688503827514455,0.807901905873722,0.419147054075837,-0.291455776590416,0.813243146766137,-0.35838700608716,0.720053714385167,1.5492811475842,0.822208508703256,1.88429228253505,0.0595254507516892,-1.84073692417461,1.14930096626403,-1.60161435359982,0.109240914778808,
0,636262.588055329,0,0.641452813651483,0.310960470013573,0.158766284837179,0.00000252334454446598,0.020815217088852,0.0403550166786806,0.132249277207525,0.113167794439584,34.6894150116266,1.16861230584579,0.250528310576152,-0.0158048176441462,0.0339399426815169,85936.7883999406,-0.465670133637357,0.641452813651483,0.558105024210709,0.545168742936702,49.3007674499057,1.02372894895684,0.310960470013573,0.793692103249617,0.554575077210225,48.7075727893603,1.43117160482989,0.158766284837179,0.15226516411478,0.118369117266256,1.28635887156511,0.198317845153013,0.0922813715169991,0.11835493240669,0.77970025955406,0.435567326036652,0.0599837925977809,0.0686724075088774,0.873477351001954,0.382402946076186,-0.235587079038908,0.773122032745849,-0.304721724463327,0.760578102306088,1.35179712746032,0.782181098952629,1.7282405944997,0.0839450985652272,-1.58738420649923,1.10915015442045,-1.43117160482989,0.152381039429209,
0,636384.636997828,0,0.423040184315025,0.477773481094567,0.192599439163692,0.0000074697442413933,0.0101647674602369,0.0348213823004071,0.145014414937205,0.115198750767935,30.9398336954226,1.25881933589134,0.21751116702019,-0.0272101221953833,0.033963328495974,85927.3694540516,-0.801161823659562,0.423040184315025,0.368185786859634,0.514742043119567,49.821891902384,0.715282133606695,0.477773481094567,0.716193305190112,0.54201814394451,48.3943375617874,1.32134562872389,0.192599439163692,0.178445097995903,0.120256652004368,1.48386883404522,0.13784372142403,0.0984212455784661,0.120241434009023,0.818530204580567,0.413054502266926,0.0800238524174369,0.0685842693274913,1.1667960190014,0.243292755088685,-0.348007518330478,0.742933515685141,-0.468423500869445,0.639481765310641,1.08437909204974,0.752021189802275,1.44195284222623,0.149315677542395,-1.43238661038022,1.08403628788902,-1.32134562872389,0.186386146333216,
0,636226.762412476,0,0.052209638382199,0.430668152295715,0.206887939421474,0.000043857944190454,0.0126775107624991,0.0330543059731892,0.163304730017822,0.117784984631223,26.6347233428734,1.38646475634495,0.177102075922625,-0.0658778009345779,0.0339326505532026,85936.0325554683,-1.9414280894824,0.052209638382199,0.431118277750899,0.542564124864315,49.171761277486,0.794594146560489,0.430668152295715,0.69073446586695,0.539850285357614,47.89052783732,1.27949263824022,0.206887939421474,0.233823115463405,0.1227643398822,1.90465012631333,0.0568255660657053,0.077374048315522,0.122750256789384,0.630337160502087,0.528474015024479,0.156449067147883,0.0685073863551679,2.28368173815291,0.022390242075389,-0.259616188116051,0.760836088451773,-0.341224860461528,0.73293430923841,1.12185274361785,0.769906985869303,1.45712763256871,0.14508115202454,-1.3814689317339,1.07970057071523,-1.27949263824022,0.200723630377543,
0,636329.706180225,0,0.0244255832857803,0.461467218502684,0.229575805115321,0.0000589264418689931,0.0109873668821797,0.0301413348005906,0.169797370295892,0.12136965650566,25.542927761471,1.3990100588937,0.173836285322152,-0.0764079325706054,0.0339529261895181,85938.2822461707,-2.25040787778092,0.0244255832857803,0.432847467428905,0.583194643871962,49.5850688830049,0.742200690587849,0.461467218502684,0.638050978399412,0.524258524138344,47.6612826845162,1.21705408500147,0.229575805115321,0.249873272269807,0.126249446646785,1.97920291063843,0.0477931653583015,0.0742473542649553,0.126236133626692,0.588162455010868,0.5564232555286,0.175625918004852,0.0683910331047698,2.5679670277214,0.0102296885843581,-0.205203510970507,0.779685786250686,-0.263187446262525,0.792406106251017,1.07089844582832,0.788679947928159,1.35783653260304,0.174515559894544,-1.27610195679882,1.04851704827669,-1.21705408500147,0.223583638566706,
0,636423.73291987,0,0.058842651919995,0.544429738708793,0.38751720861942,0.0000415368737484434,0.00741346103132692,0.0153895699276563,0.183475248676435,0.123687161446619,24.575759640496,1.48338151292784,0.150685433850492,-0.0641853830505733,0.0339714440545844,85939.4187924387,-1.88939224801401,0.058842651919995,0.37186797922887,0.609312951438523,49.8705457305226,0.610307032455045,0.544429738708793,0.453898686570651,0.520553636806013,48.6435016787529,0.871953732483093,0.38751720861942,0.249126913289339,0.128517251252754,1.93847060111317,0.0525658341835725,0.104529460942234,0.128504515564916,0.81343025560397,0.415971418437791,0.144597452347104,0.068390255471078,2.11429905256392,0.0344897332424935,-0.0820307073417813,0.796928595410549,-0.102933572485904,0.918015692220606,0.82576666579952,0.805842129068929,1.0247251117953,0.305492910678807,-0.907797373141301,1.04110727361202,-0.871953732483093,0.383233618735191,
0,636789.154849833,0,0.0814206287881279,0.606245814476052,0.304484913006363,0.0000353301051269727,0.00535592043257639,0.0211670662034399,0.197073885318099,0.123587982078038,24.2129513903578,1.59460395747589,0.123772282927491,-0.0593220899273516,0.0340438007275368,85940.2341570395,-1.74252253448799,0.0814206287881279,0.330206742696183,0.63658010077538,49.968848603419,0.51871986305255,0.606245814476052,0.538369030781131,0.51887606858871,49.7829654052961,1.0375676647517,0.304484913006363,0.260116832164552,0.12847877857469,2.0245898587317,0.0429094964611403,0.122226186952065,0.128466347606059,0.951425717549553,0.341388310327295,0.137890645212487,0.0685097737585407,2.01271494047661,0.0441446267050458,-0.208162288084947,0.816832389792653,-0.254840883743344,0.798845996837527,0.868575773477312,0.825662186066526,1.05197475206564,0.292811133508236,-1.07673806156226,1.03775213717742,-1.0375676647517,0.299471378438349,
0,637195.271195626,0,0.0915693911173006,0.695015641053024,0.265732497774797,0.0000331207207404334,0.00310547248080735,0.0247544535205325,0.192368817902465,0.122684914150799,23.6089903924678,1.56799080990523,0.130190093973029,-0.0575749735347651,0.0341246600029981,85944.2180675003,-1.68719552164642,0.0915693911173006,0.25903764169086,0.656902345802464,49.9166758778413,0.394332039375537,0.695015641053024,0.597883447910076,0.531184586058063,49.9117462730048,1.12556626002081,0.265732497774797,0.256000588632238,0.127678504309098,2.00504062933322,0.0449587036872945,0.119476560940912,0.12766664492766,0.935847895185242,0.349351507610182,0.136524027691326,0.0687827568760075,1.98485832630166,0.0471602360408024,-0.338845806219215,0.84038848965583,-0.403201388869551,0.686800078046836,0.856921089600934,0.849177660579281,1.00911873849386,0.312917692266965,-1.19576689582015,1.06236917211612,-1.12556626002081,0.260349156153142,
0,637370.789865673,0,0.249290348190069,0.879224334365358,0.232839176025684,0.0000154425377793314,0.000471591180540881,0.0287486053265763,0.1886341558504,0.123041209955472,23.4466223938759,1.53309737378773,0.138635485814913,-0.0393549332549277,0.0341598199552745,85949.1993059104,-1.15208257263812,0.249290348190069,0.102686979714911,0.6722960373582,49.4469063928385,0.152740718387128,0.879224334365358,0.675092878415824,0.558885988683261,49.2941615497248,1.20792593138065,0.232839176025684,0.238220723606994,0.128092551497275,1.8597546916072,0.0629202403046248,0.135376571960297,0.128081772417439,1.05695423638489,0.290532473821335,0.102844151646697,0.0691310464007551,1.48766953490775,0.136838065663663,-0.572405898700912,0.869874835599642,-0.658032483841572,0.510517258106847,0.777779858130733,0.878628926668421,0.885219954093605,0.376038012243391,-1.35018575683164,1.11777197736652,-1.20792593138065,0.227075754061729,
0,637608.97636443,0,0.811989497070982,0.926515804787716,0.283835374286609,0.000000658251564300635,0.000175176282064373,0.0234292457128716,0.20652020179391,0.123320155846453,23.4423925729698,1.67466705159739,0.10729070085525,-0.00813658857426097,0.0342073298454379,85951.6417563138,-0.237860967547752,0.811989497070982,-0.0627045081934952,0.676390081317938,49.0514309806424,-0.0927046536095209,0.926515804787716,0.631726828533283,0.58296936926896,48.9454782794313,1.08363639984287,0.283835374286609,0.227069603793081,0.12841284941879,1.76827790069936,0.0770144565221985,0.188212459466307,0.12840275717777,1.46579764798766,0.142703422027717,0.0388571443267745,0.0694745913856273,0.5593000772195,0.575956942666919,-0.694431336726777,0.888564870184063,-0.781520134352069,0.434496639399023,0.569022320339787,0.897310496259263,0.634142053070755,0.525988120456886,-1.26345365706656,1.16593873853792,-1.08363639984287,0.278526045057615,
0,637777.069806503,0,0.952267793288464,0.872489897387202,0.484939572759159,0.000000041686684179484,0.000531594411023845,0.0100105086090431,0.213759955121196,0.124439178960047,21.8946454144301,1.71778660794465,0.0999481745608546,-0.00204964317600913,0.0342409849704294,85954.1111612624,-0.0598593521120728,0.952267793288464,-0.105145537924473,0.651702007316514,48.9409326006681,-0.161339901893852,0.872489897387202,0.435613240506143,0.619014913372681,48.9749904707673,0.703720106083906,0.484939572759159,0.225475547210427,0.129508767222667,1.74100604959634,0.0816825181134852,0.205803271582578,0.12949924408046,1.58922372901814,0.112009891061118,0.0196722756278484,0.0699354016597838,0.28129209471833,0.77848637313606,-0.540758778430615,0.894420655688032,-0.604591111566668,0.545450713988676,0.33046770258167,0.90321737655722,0.365878371208168,0.714455836294091,-0.871226481012285,1.23802982674536,-0.703720106083906,0.4816070965947,
0,637931.221305409,0,0.881886602508508,0.701474278586342,0.631834598698627,0.000000256831920624929,0.00305203835559897,0.00469463585126057,0.214128989177549,0.12349654490953,22.8216591198835,1.73388647702179,0.0964289782430832,-0.00509203158691569,0.0342716626444962,85953.3323516249,-0.148578481287468,0.881886602508508,-0.243134379188119,0.630529855635698,48.5695340179641,-0.38560327796531,0.701474278586342,0.307133757568181,0.637010243416984,49.2852209354967,0.482148851988135,0.631834598698627,0.229056947448626,0.128604823166207,1.78109142261793,0.074897516752021,0.207892982223844,0.128595196076365,1.6166465666446,0.105954594026069,0.0211639652247821,0.0701979669653403,0.301489717433436,0.763041089768638,-0.550268136756299,0.89187276007239,-0.61698053959136,0.537247561702465,0.0639993783800617,0.900701325619724,0.0710550507250861,0.943353942025643,-0.61426751513636,1.27402048683396,-0.482148851988135,0.629700208388505,
0,637808.425668594,0,0.672104156964608,0.650041230178342,0.503474090064295,0.00000208429798506419,0.00429058523190334,0.00921630354566581,0.211269500058914,0.121909917083821,23.2254617853022,1.73299683169871,0.0963557629810745,-0.0144956123300178,0.0342472618471978,85952.9346089625,-0.423263395324664,0.672104156964608,-0.281939427970306,0.617549372965872,48.3709189627945,-0.456545565929815,0.650041230178342,0.425257393256533,0.630923567685685,48.8396255938197,0.674023629861278,0.503474090064295,0.238406106152196,0.127046075655941,1.87653262740546,0.0605821788136863,0.194212109379548,0.127036000587574,1.52879584118886,0.126315063698964,0.0441939967726478,0.0700820339403209,0.630603797975979,0.528299614923048,-0.707196821226838,0.878408319536828,-0.805088938137258,0.420768358717096,0.143317965286227,0.88727807185348,0.161525422336701,0.871679590117827,-0.850514786513065,1.26184713537137,-0.674023629861278,0.500296290807671,
0,637689.512925775,0,0.245062746512987,0.718564283647624,0.413092183750582,0.0000157210838590837,0.00270859598416918,0.0139569361166351,0.209174850315917,0.119467019554121,24.0646857529035,1.75090038319033,0.092702459228775,-0.0397825764268434,0.034223535864203,85950.1709454256,-1.16243326185519,0.245062746512987,-0.213006622435531,0.587619896087186,48.3805803203974,-0.362490487224631,0.718564283647624,0.498137764818931,0.603351294239722,48.1575328896661,0.825618125915567,0.413092183750582,0.261668982414729,0.124608029685406,2.09993676230461,0.0357344043375055,0.164295614961326,0.124596550978446,1.31862089015407,0.18729588623752,0.0973733674534029,0.0697241145371435,1.3965522273005,0.162548264728571,-0.71114438725446,0.837706445449465,-0.84891836647252,0.395926718198415,0.285131142383399,0.846704059473522,0.336754193148303,0.736302206680344,-0.996275529637859,1.20670258847944,-0.825618125915567,0.40902074963424,
0,637569.668276635,0,0.0972614512083056,0.844812226487236,0.272103799833487,0.0000319962271732604,0.000800321285222817,0.0248505807681084,0.215662346328147,0.122030946548271,26.3698928425094,1.76727586262587,0.0887546597032435,-0.0567119126237398,0.0341989149062082,85943.1500363147,-1.65829567339415,0.0972614512083056,-0.114265553420656,0.580630116460652,48.3525582036105,-0.196795774420356,0.844812226487236,0.619210004851573,0.557403000014976,48.4252587139999,1.11088387546342,0.272103799833487,0.285484979587679,0.126984809612473,2.2481821287043,0.0245645787718659,0.149924658319473,0.126972132150627,1.18076821882157,0.237694812602226,0.135560321268207,0.0691838030441652,1.9594228027862,0.0500632923687445,-0.733475558272227,0.800327127934551,-0.916469694292568,0.359420595586899,0.504944451430916,0.809404325059879,0.623846989443207,0.532728076784862,-1.23842000970314,1.11480600002995,-1.11088387546342,0.266618336948035,
0,637391.299234841,0,0.303984234639613,0.910658900310301,0.150311821305272,0.0000122953541179025,0.000260884322828877,0.0415686185242922,0.230532964277746,0.130598526758123,27.6551043907885,1.76520340619698,0.0885712683526971,-0.0351165542794803,0.0341622985237556,85937.6043039471,-1.0279330079345,0.303984234639613,0.0640049452338004,0.567461690348943,48.7520259835788,0.112791658577767,0.910658900310301,0.809036972352521,0.553676193904039,49.2289383389001,1.46120960456671,0.150311821305272,0.278966808632006,0.135207955952946,2.06324255600084,0.0390895887612208,0.179810970177239,0.135195596898441,1.33000611190255,0.183516257562575,0.0991558384547664,0.0690763415467066,1.43545295298711,0.151158065721594,-0.745032027118719,0.788263141180225,-0.945156494318917,0.344578986727127,0.87304191758632,0.797359025581429,1.09491695657386,0.27355301961487,-1.61807394470504,1.10735238780808,-1.46120960456671,0.143957928040817,
0,637578.771036003,0,0.810266803854692,0.676293405004896,0.15901408592056,0.000000670733665517422,0.00365027397858668,0.0394171387759824,0.247626356180129,0.13547360918781,31.3468316327203,1.82785678823128,0.0771033193548821,-0.00821053713976452,0.0341988028402306,85935.1692458986,-0.240082589385435,0.810266803854692,0.235692012883709,0.561061556289254,48.1676046901702,0.420082271261869,0.676293405004896,0.814417659259645,0.569599939251238,49.8200584501019,1.42980643630375,0.15901408592056,0.266181491976018,0.139942584287441,1.90207643607098,0.0571611625575266,0.220645330517411,0.139930756761796,1.57681796070764,0.114837417720328,0.0455361614586072,0.0693099046734815,0.656993566404799,0.51118505325131,-0.578725646375934,0.794957876671178,-0.727995360960886,0.466616426069715,1.05010967214335,0.804058639528184,1.30601130380186,0.19154871353756,-1.62883531851929,1.13919987850247,-1.42980643630375,0.152772581304943,
0,638170.728162179,0,0.940671838203048,0.661975930192574,0.25282238953206,0.0000000644597151094408,0.00404394230382129,0.0261636221871609,0.233936885022541,0.135247675735265,36.345837103196,1.72969246052295,0.0921705869187803,0.00255402278071404,0.03431641221613,85932.4851177118,0.0744256935902393,0.940671838203048,0.243131955771545,0.552660059771708,47.6653904168634,0.439930390251066,0.661975930192574,0.6772768309262,0.585413729645153,49.8189712470712,1.15691996382922,0.25282238953206,0.23914311015932,0.139759386470712,1.71110589562752,0.0870615660285351,0.220038795204509,0.139747507116288,1.57454540510271,0.115361413105772,0.019104314954811,0.0696957306958619,0.274110261332626,0.783999888343894,-0.434144875154654,0.80050022993425,-0.542341974330617,0.587582944947176,0.920408786697742,0.809619747117768,1.13684083172919,0.255604830541026,-1.3545536618524,1.1708274592903,-1.15691996382922,0.247305061461299,
0,638801.301718264,0,0.604398466822477,0.776005664583366,0.394670804911292,0.00000312345289628933,0.00170803588805127,0.0146318784817832,0.21484240884959,0.131488118093949,39.5332426519211,1.63393021334509,0.110213377225518,0.0178444685234118,0.0344429544647219,85935.0081840572,0.518087626358794,0.604398466822477,0.160091242782121,0.55948487152622,47.8540876120865,0.28614043190374,0.776005664583366,0.52847895935651,0.615490436543525,49.6490800749464,0.858630659355726,0.394670804911292,0.203582792927186,0.136203979738244,1.49469048788758,0.134995237921567,0.220378830490517,0.136192438675389,1.61814292066378,0.105631800560218,-0.0167960375633316,0.0702611685635773,-0.239051497530009,0.811065650827471,-0.368387716574388,0.827223988806172,-0.445330069678027,0.656081240492842,0.68857020213863,0.836303814549533,0.823349350031988,0.41030935727768,-1.05695791871302,1.23098087308705,-0.858630659355726,0.390544317434951,
0,639121.20792228,0,0.496103793971129,0.942334654584206,0.571562286952551,0.00000539037070947748,0.000110443856628846,0.0064956605934718,0.217787795052538,0.125945243829567,38.8288138817985,1.72922603847793,0.0917128021599421,0.0234875037814944,0.0345081809416488,85942.6257275482,0.68063581274279,0.496103793971129,0.0435405736532314,0.598771161228397,47.8714973373094,0.072716550950628,0.942334654584206,0.373093075821253,0.655082424813637,49.6122503286145,0.569536079261161,0.571562286952551,0.200190972619621,0.130993324761395,1.52825323721091,0.126449675456052,0.233828060375811,0.130982986656909,1.78517887203389,0.0742323078513696,-0.0336370877561897,0.0708410333079323,-0.474824916937276,0.634911771507161,-0.329552502168021,0.883026143313925,-0.373208092040443,0.708993573997165,0.416633649474484,0.891955494327583,0.46710138804467,0.6404273411531,-0.746186151642505,1.31016484962727,-0.569536079261161,0.568992393291591,
0,639243.522045679,0,0.940334983590264,0.780417391880088,0.645155081546893,0.0000000651844414268346,0.0016270014270399,0.00433379395762173,0.213564029495743,0.121511681136853,37.3274640093523,1.75755966420393,0.0870218039148079,0.00258479734637215,0.0345334657365328,85946.5978464325,0.0748490570304301,0.940334983590264,0.176516324391956,0.629655592876805,48.2245866027759,0.280337896445068,0.780417391880088,0.3082473190022,0.66526494543098,49.3236086612746,0.463345199712135,0.645155081546893,0.213333895845975,0.12680742835852,1.68234541625448,0.0925018791812939,0.207483779137048,0.126797607213955,1.63633828505096,0.101768807655501,0.00585011670892728,0.0710104570906635,0.0823838762431576,0.934341457355743,-0.131730994610244,0.911561242903073,-0.144511403524262,0.885096652260049,0.484763643394155,0.920403893384665,0.52668578096894,0.598411811420599,-0.616494638004399,1.33052989086196,-0.463345199712135,0.643116952041519,
0,639167.698009353,0,0.766752458468895,0.562932569514714,0.595434368298876,0.00000102372243861255,0.00694560320491272,0.00576032237601255,0.222413881443909,0.121264801648282,34.8122279605165,1.83411738955382,0.0751962269001111,-0.010239076735081,0.0345184252452701,85948.2382493354,-0.296626415090706,0.766752458468895,0.376833256965489,0.646932085943473,48.5114364806578,0.582492761069229,0.562932569514714,0.355676103340592,0.665502954684962,49.3007697633715,0.534447068697033,0.595434368298876,0.232274778528017,0.126595571704306,1.83477806846633,0.0665385794580171,0.199081354657542,0.126586113448222,1.57269505504624,0.115789445407298,0.0331934238704747,0.070986695076566,0.467600637481044,0.640070208961434,0.021157153624897,0.923717790712353,0.0229043478837633,0.981726572196833,0.73250936030608,0.932510619862669,0.785523880053996,0.432146474794876,-0.711352206681183,1.33100590936992,-0.534447068697033,0.593032261336504,
0,639211.589139292,0,0.946610082049388,0.481924734915924,0.507680309855646,0.0000000521735265954572,0.0103102455684766,0.00888905590873002,0.242159908044311,0.12454619632442,31.5605452154874,1.94433804637059,0.0608138323218235,0.00231209039552259,0.0345270812528251,85948.7707557238,0.0669645481641576,0.946610082049388,0.463658551953561,0.654239845269205,48.2117208210611,0.708698125475339,0.481924734915924,0.442035174578208,0.662438874259845,49.6465039922524,0.667284472204477,0.507680309855646,0.23946130434678,0.129750943364025,1.84554576743966,0.0649581872493101,0.228282914432564,0.129741783158956,1.75951731874132,0.0784896812654803,0.0111783899142157,0.0709660083596713,0.157517523848335,0.874836998254421,0.0216233773753527,0.926647783539364,0.0233350554109799,0.981383009146336,0.905693726531767,0.935432498793271,0.968208532096258,0.332940234643456,-0.884070349156415,1.32487774851969,-0.667284472204477,0.504590442899475,
0,639125.974157598,0,0.649429760109805,0.407600035048566,0.546306502388341,0.00000240403051218956,0.0143357332759952,0.00737388522817198,0.282315061553907,0.131420294611489,29.371714449027,2.1481846649979,0.0400744718533068,-0.0156864269537142,0.0345093298828061,85947.6469734029,-0.45455611589635,0.649429760109805,0.538362053462854,0.644391410789515,47.9908559804767,0.835458146164995,0.407600035048566,0.393102225706481,0.647114438541887,49.6750312066462,0.60746940926282,0.546306502388341,0.295404999776894,0.136320398415367,2.1669904373137,0.0302355832851364,0.249978907409315,0.136311217010379,1.83388361495064,0.0666712722793013,0.0454260923675795,0.0707512905120181,0.642053198448207,0.520838642284015,0.145259827756372,0.908799201211914,0.159837098847207,0.873009399109198,0.931464279169333,0.91764850875155,1.01505562346151,0.310079313502126,-0.786204451412961,1.29422887708377,-0.60746940926282,0.543539437892136,
0,639374.702224006,0,0.252364345988743,0.480251547012402,0.490933766990169,0.0000152439245617707,0.0105107291166212,0.00964312170175363,0.320641048665286,0.133379572584434,28.6605351732721,2.40397418024644,0.022915012221654,-0.039557514124476,0.0345591200830128,85946.7026837656,-1.14463313965914,0.252364345988743,0.447253747653801,0.628619220559824,47.6552674195117,0.711485956881009,0.480251547012402,0.433800431715707,0.625079753991652,49.4633092930015,0.693992132916691,0.490933766990169,0.359958087609778,0.138165399842821,2.6052693946478,0.0091802047841088,0.265334877233236,0.138155577369826,1.92055132543051,0.0547882966196901,0.0946232103765425,0.0705870377060639,1.34051822333966,0.180076923773465,0.0134533159380933,0.882007884204417,0.0152530563263937,0.98783029374592,0.881054179369506,0.890974600544961,0.988865652096719,0.322728877706917,-0.867600863431413,1.2501595079833,-0.693992132916691,0.487687142578767,
0,639764.089277688,0,0.496651164150437,0.540012414979803,0.470656696770502,0.00000537651224826385,0.00806168803727596,0.0106388211296415,0.29759850477539,0.129894147119677,29.0813755937532,2.29108478999596,0.0293919084672175,-0.0235456984800907,0.0346376807894021,85945.3868770044,-0.67977121861158,0.496651164150437,0.376744762659898,0.610294371903237,46.889369568566,0.617316462357335,0.540012414979803,0.43714105274183,0.601270443259407,49.1546756075378,0.72702900606946,0.470656696770502,0.3222237741802,0.134759775723364,2.39109758420543,0.0167980874383894,0.259504769302353,0.134748766857513,1.92584151494879,0.0541241659585736,0.0627190048778467,0.0704645564568162,0.890078757769286,0.37342359819394,-0.060396290081932,0.852171298406408,-0.0708734149986926,0.943498501912393,0.813885815401727,0.861263496730583,0.944990491866072,0.344663730244993,-0.874282105483659,1.20254088651881,-0.72702900606946,0.467208187041593,
0,639964.810192415,0,0.67665217141663,0.672507262535856,0.485562404133276,0.00000202365320764042,0.00383194922204699,0.00996572094388968,0.277123005240971,0.126612186877669,29.0084034704448,2.18875459049391,0.0368123973697704,-0.014462139642899,0.0346782886449289,85943.4569304146,-0.417037293592451,0.67665217141663,0.2547342049506,0.598854091040258,47.037621283682,0.425369399260688,0.672507262535856,0.40603614064206,0.57782054387862,49.0551869037375,0.702702845967613,0.485562404133276,0.294289635017362,0.131558060221902,2.2369563257544,0.0252891946389888,0.250849735277808,0.131545941991026,1.90693632567487,0.0565288334763261,0.0434398997395548,0.0702861391148544,0.618043618366486,0.536546586496842,-0.15130193569146,0.827570235547043,-0.182826700614053,0.854933997643306,0.660770345592659,0.836739572271015,0.7896965405846,0.429705012161759,-0.812072281284119,1.15564108775724,-0.702702845967612,0.482240953715251,
0,640161.184362614,0,0.795468639132354,0.619329574624304,0.484722017591052,0.000000781832462036327,0.00517031086313941,0.00993638614578427,0.300103786503099,0.126464776139988,29.7721972897986,2.37302271559714,0.0243023635456274,0.00899945776710769,0.0347178885144712,85943.3028598833,0.25921673673664,0.795468639132354,0.302091367935831,0.6041397143138,48.1098432326094,0.500035605636281,0.619329574624304,0.404239641041585,0.574181493850492,49.3871604407588,0.704027638248548,0.484722017591052,0.292930207535924,0.131428003446259,2.22882642857543,0.0258254557706157,0.296477726717973,0.131415811276238,2.25602782373555,0.0240688886705195,-0.00354751918204862,0.0703212523452542,-0.0504473265725057,0.959765923220711,-0.102148273105754,0.828869192147877,-0.123238110516635,0.901918547742386,0.706331008977414,0.838041900438876,0.842834956829144,0.399320754561559,-0.808479282083168,1.14836298770098,-0.704027638248548,0.481415561871641,
0,640472.955249721,0,0.589523694552195,0.598360189002067,0.456769269418236,0.00000338703406412979,0.00581382987059384,0.0111359228619994,0.323405869760583,0.133755841135215,28.1818246190125,2.41788221744761,0.0223219382034405,0.0187649648589665,0.0347803088508842,85942.4256265212,0.539528413603763,0.589523694552195,0.318600599424719,0.600819003146643,48.085180973171,0.530277167925991,0.598360189002067,0.438023945164523,0.584027191624103,49.9505133238972,0.750006080960777,0.456769269418236,0.306775571975015,0.138480273925683,2.21530159695993,0.0267393703172281,0.328646330744245,0.138468751524936,2.37343319070124,0.017623581002436,-0.0218707587692306,0.0705407021189584,-0.31004452907696,0.756527094332463,-0.119423345739804,0.833289052438323,-0.143315630261017,0.886040912094047,0.75662454458924,0.84247956965339,0.898092454515577,0.36913626140089,-0.876047890329044,1.1680543832482,-0.750006080960777,0.453251042352261,
0,640653.282594586,0,0.786921794146354,0.58654107447848,0.454976994461095,0.000000850221645749535,0.00622919812529007,0.0111111362771918,0.351477164106991,0.143439697335864,24.1690631214843,2.45034792065969,0.021884057283144,0.00941116924834483,0.0348161031396986,85939.7963671469,0.270310815963027,0.786921794146354,0.32095383576217,0.586154205867854,47.8316605044091,0.547558701360795,0.58654107447848,0.437578461156732,0.58114978215193,50.4573835488143,0.752952981478251,0.454976994461095,0.344150635397185,0.147839904432821,2.32786023988245,0.0199195260999882,0.347329728810208,0.147828704809149,2.34954185155461,0.0187965308890983,-0.00317909341302251,0.0705754409265536,-0.0450453213084552,0.964071184414937,-0.116624625394562,0.820784338554396,-0.142089243076892,0.887009514748776,0.758532296918901,0.830022116745957,0.913869982034543,0.360785168443605,-0.875156922313463,1.16229956430386,-0.752952981478251,0.451478168823276,
0,640786.378736422,0,0.931310665148161,0.649581272315552,0.522216397358774,0.0000000864542273407027,0.0043632908536158,0.00813577056109708,0.37197022425984,0.14855297832251,22.7041627147312,2.50395669248913,0.0199266074094618,0.00300331190234577,0.0348427479212375,85938.9029329743,0.086196183754932,0.931310665148161,0.263557174139441,0.57642147265413,47.7041454511983,0.457229972585673,0.649581272315552,0.38305535222871,0.594424593350355,50.6271018369606,0.644413701104954,0.522216397358774,0.371102917043329,0.152815846716915,2.42843216208317,0.0151642617135413,0.363415473869304,0.152805071325229,2.37829458615162,0.0173929245422306,0.00768744317402535,0.070766224638725,0.108631528858169,0.913494752318947,-0.119498178089269,0.823377561927741,-0.145131691237119,0.884606897187224,0.64661252636815,0.832618768192807,0.776600950002145,0.437394240885291,-0.766110704457418,1.18884918670071,-0.644413701104954,0.519307202294655,
0,640949.812895687,0,0.77401434625472,0.72082964878404,0.654837221057236,0.000000959315092914506,0.00271460216383396,0.00397125735245627,0.398522854350232,0.149796349956252,22.641350319264,2.66043100827637,0.014085218883495,-0.0100138592391142,0.0348758365546135,85939.3379187732,-0.287128861366037,0.77401434625472,0.208171632168973,0.579089957359921,47.4749260614762,0.359480646354204,0.72082964878404,0.270335191505912,0.601135399968006,50.7229380226603,0.449707655746609,0.654837221057236,0.409647874078611,0.154042939488888,2.65930964079118,0.00783009638364863,0.379955786736595,0.154032393390961,2.46672650065368,0.0136354461106597,0.0296920873420157,0.0709002929464763,0.418786525528614,0.675372153274207,-0.0621635593369395,0.830060851106241,-0.0748903640667943,0.94030194338819,0.478506823674884,0.839295465900059,0.570129165611224,0.568590094919405,-0.540670383011823,1.20227079993601,-0.449707655746609,0.652921250410404,
0,640980.324236816,0,0.406040038311762,0.719491258428288,0.713853675324023,0.0000080329925589777,0.00272167193744542,0.00269789866264877,0.42671706453778,0.14879711498368,21.8692390722941,2.86777780997018,0.00897555964430439,-0.0289832587566529,0.0348823304714007,85941.432910353,-0.830886536678381,0.406040038311762,0.213510770990107,0.591005951651307,47.8229623740344,0.361266701957138,0.719491258428288,0.218829679825379,0.593416934908897,50.2682399003245,0.368762107975523,0.713853675324023,0.455795397666087,0.153077672165306,2.97754330346676,0.00290568594425368,0.390005811567459,0.153067143545598,2.54793943712209,0.0108361281301838,0.0657895860986278,0.0708292962579446,0.928847095402963,0.352968333631489,-0.00531890883527111,0.832886976590993,-0.0063861111828659,0.994904655117057,0.432340450815485,0.842117967551448,0.513396540003253,0.607673965397669,-0.437659359650756,1.18683386981779,-0.368762107975523,0.71230505060923,
0,641279.307335749,0,0.902304553720897,0.575500168033381,0.676659763889093,0.000000175321425034368,0.00653468663025135,0.0035497974079311,0.417567469447417,0.147931401241587,22.5057944984806,2.8227101612151,0.00977664574681802,-0.00428931696266737,0.0349432306551953,85943.9088158598,-0.122751013064376,0.902304553720897,0.34354401596253,0.60934097398967,48.3250101582343,0.563796020006942,0.575500168033381,0.253795906307346,0.604976970878968,49.401890773803,0.419513334430908,0.676659763889093,0.42025255791193,0.15228630224097,2.75962152687209,0.0057868359414695,0.402600827579834,0.152276216457436,2.64388515124665,0.00819604605419908,0.0176517303320959,0.071068253472688,0.248377151112622,0.803842610549833,0.0897481096551833,0.854050238032124,0.105085281472409,0.916308138318327,0.597339922269875,0.86324116367931,0.691973399094976,0.488954034374887,-0.507591812614691,1.20995394175793,-0.419513334430908,0.674841011552037,
0,641772.976115002,0,0.875384228467276,0.556361735279806,0.650873651477785,0.000000286157288479591,0.00718056270784636,0.00422217891945825,0.42161791051178,0.150856800654361,23.2058702346196,2.79482203442574,0.0102398921391304,0.00549564396301818,0.0350434717410844,85944.4807240625,0.15682361621081,0.875384228467276,0.368844291579411,0.62267120863963,48.5154824765479,0.592358031753607,0.556361735279806,0.285135703102873,0.626191629948512,48.9006352245605,0.455348953045442,0.650873651477785,0.414625993215649,0.155193362331817,2.67167349805298,0.00754740447687599,0.415423800242395,0.155183954736503,2.67697650151892,0.00742898450561747,-0.000797807026746035,0.0714889761881689,-0.0111598608524774,0.991095904148535,0.0837085884765371,0.878496715266611,0.0952861712762725,0.92408752639674,0.653979994682283,0.887645370763792,0.736758187697811,0.461269414423884,-0.570271406205746,1.25238325989702,-0.455348953045442,0.648858213439672,
0,641942.225237202,0,0.91552561651274,0.65734044241634,0.513536663213014,0.000000130914243859537,0.00409560651985194,0.00884650610735855,0.428800137566264,0.155669474946719,23.4885541341678,2.75455504499536,0.0111585684130002,-0.00372073560184865,0.0350775124204062,85943.5100750152,-0.106071820522943,0.91552561651274,0.279730705430831,0.626720968192492,48.4430248694477,0.446340109279564,0.65734044241634,0.418885327916842,0.636436007001259,48.5344315684246,0.658173521467672,0.513536663213014,0.435008232644536,0.159900123555596,2.7204996654883,0.00651833378280116,0.412591787971547,0.159891163916313,2.58045396547053,0.00986705106795085,0.0224164446729887,0.0716677385772911,0.312782921827698,0.754445591242845,-0.139154622486011,0.888638608190446,-0.156593041539546,0.87556558693338,0.698616033347672,0.89776464064532,0.778172810242895,0.436467143615617,-0.837770655833683,1.27287201400251,-0.658173521467672,0.510426637143266,
0,641940.543732121,0,0.856914238568603,0.515060024044142,0.397694901328322,0.000000378276475532601,0.00877424025138949,0.0147163102193534,0.438718990875833,0.163147968798403,24.5040099205108,2.6890864416335,0.0126936470327856,0.00632439990739808,0.0350762897286978,85941.2867142679,0.180304130120802,0.856914238568603,0.413425208245268,0.630433634069754,48.5823161289179,0.655779111238733,0.515060024044142,0.560887649913163,0.657355260657035,48.7431765866665,0.853248895205537,0.397694901328322,0.435030450957462,0.167219650767697,2.60155100767319,0.00928032632755554,0.427627754295948,0.167211415342246,2.55740765916421,0.010545555212551,0.0074026966615146,0.071907697184496,0.10294720803701,0.918004870116497,-0.147462441667895,0.906261985931826,-0.162715024967392,0.870742816440835,0.974312858158429,0.915321923814046,1.06444829169892,0.287125667002761,-1.12177529982632,1.31471052131407,-0.853248895205537,0.393521293681191,
0,642138.651609163,0,0.623142560291637,0.467975377984054,0.471353830285736,0.00000280980468794602,0.0109276777048275,0.0106238630679009,0.455910714500808,0.166025906690516,25.5340644047232,2.7460215311497,0.0108986445174943,0.0172562820030499,0.035116340714541,85940.6427809593,0.491403194408136,0.623142560291637,0.470665086399562,0.643391419873601,48.4365954017799,0.731537710732959,0.467975377984054,0.483775167021535,0.66645721417924,49.0706220196682,0.725890809985931,0.471353830285736,0.438888772418985,0.170062822764182,2.5807449581592,0.00985873857117443,0.456106578627582,0.170054978469989,2.68211247169147,0.00731588588921424,-0.0172178062085965,0.0720888780157573,-0.238841367524586,0.811228591695055,-0.0131100806219731,0.921827355727508,-0.0142218394155016,0.988652996414289,0.954440253421095,0.93084359654534,1.02534975474218,0.305198187075297,-0.967550334043068,1.33291442835848,-0.725890809985931,0.467905710767049,
0,642376.243474574,0,0.360980899450854,0.484265432986336,0.592551257311877,0.00000970994403519978,0.0102035419994175,0.00584087525647999,0.475130820774618,0.167849405231006,25.5707722023559,2.83069707706567,0.00892162330169122,0.0321230596493052,0.0351647212928462,85940.6244990089,0.91350246691249,0.360980899450854,0.475280189257406,0.674252751906928,48.2002075354808,0.704899146370874,0.484265432986336,0.37113461898166,0.689014365830912,49.3837825120664,0.538645690694842,0.592551257311877,0.441146181060454,0.171918506677322,2.56601915399633,0.0102873147325286,0.492124394556718,0.171911418310239,2.86266263982889,0.00420097594528582,-0.0509782134962632,0.0724498709295948,-0.703634290056951,0.48166055124471,0.104145570275746,0.959580256591544,0.108532422963426,0.913573362604203,0.846414808239065,0.96846314886555,0.873977300252,0.382130615816855,-0.742269237963318,1.37802873166182,-0.538645690694842,0.590131354207444,
0,642387.965283428,0,0.0451113957197175,0.42774566208271,0.521874613983061,0.0000467111857571546,0.013005440099746,0.00835903764932291,0.484998884928532,0.170048607897685,24.3167961759817,2.8521191142026,0.00872669304295107,0.070462350989915,0.0351671098095484,85940.8658675506,2.00364350017707,0.0451113957197175,0.531237624982516,0.664245222415694,48.5411967942738,0.799761303589866,0.42774566208271,0.440804163552642,0.683352719831507,49.3627899896161,0.645060963043112,0.521874613983061,0.412920054922291,0.174047270980815,2.37245923245649,0.0176701130095909,0.53808619432085,0.174040070892219,3.09173738876538,0.00198988804033166,-0.125166139398558,0.072384998742946,-1.72917236405639,0.0837782509018326,0.0904334614298734,0.948516486805093,0.0953420026830342,0.924043181270222,0.972041788535156,0.957445447357343,1.01524508912555,0.309989012248779,-0.881608327105283,1.36670543966301,-0.645060963043112,0.518887680035204,
0,642438.078951707,0,0.00619398814068994,0.344151148950797,0.437566257357835,0.0000871836149831617,0.0183600303973348,0.0122657317836045,0.509995055078842,0.168824577420505,24.0767455122104,3.02085788023954,0.0058923357164656,0.0962950327271639,0.0351775665698734,85941.6020958336,2.73739891973177,0.00619398814068994,0.633102691060497,0.66274823303906,48.789908027431,0.955268772513173,0.344151148950797,0.522277131380529,0.667307722764025,49.3283258074834,0.782663100641529,0.437566257357835,0.411719038887564,0.17283151740771,2.38219883191975,0.0172096025162632,0.585637917587903,0.172824018027413,3.38863732178135,0.000702408478493793,-0.173918878700339,0.0722116558772895,-2.40845991671875,0.0160199853496904,0.110825559679967,0.93599450215924,0.118404071203735,0.905747500118504,1.15537982244102,0.944978267708564,1.22265226822904,0.221461062408658,-1.04455426276106,1.33461544552805,-0.782663100641529,0.433824976116372,
0,642476.505640524,0,0.0733873527212511,0.415845492737603,0.43911973725401,0.000037298719745969,0.0136042065386388,0.0121408700715957,0.544713209584343,0.168864427167352,23.3815002911474,3.22574279687994,0.00368883048615034,0.0629975154713404,0.0351855707743182,85942.4081470596,1.79043608175093,0.0733873527212511,0.55918336376406,0.681407439263473,48.8284274679364,0.820629966072099,0.415845492737603,0.514042023081927,0.659049996041049,49.5000606842132,0.779974245003879,0.43911973725401,0.480908802185747,0.172884946879128,2.78166960667763,0.00540800644112859,0.588527048016296,0.172877558872763,3.40429985160451,0.000663338927760756,-0.107618245830549,0.0721296030225953,-1.49201217420864,0.135695953849957,0.0451413406821328,0.943492304254549,0.047844948473426,0.961839813851432,1.07322538684598,0.952443312193988,1.12681287495606,0.259821605809561,-1.02808404616385,1.31809999208209,-0.77997424500388,0.435406034973537,
0,642582.785230034,0,0.191071323491976,0.651875513098906,0.587515828630084,0.000019889094887412,0.00422743038677352,0.00599530283863961,0.554492575721221,0.167006434502182,23.0460784201019,3.32018689803222,0.00297607908996278,0.0460313096310619,0.0352075636527423,85943.1086438197,1.30742672469688,0.191071323491976,0.316375685428806,0.696912788464712,48.5437166432814,0.453967398310737,0.651875513098906,0.356404816209544,0.652745341794457,49.4284369435062,0.546008976838891,0.587515828630084,0.509176778345532,0.171086844397872,2.97613051510503,0.00291910600826,0.588498076030202,0.171079455700283,3.43991085090429,0.000581905828278305,-0.0793212976846702,0.0720968085545189,-1.10020539431629,0.271242640804268,-0.0400291307807376,0.950392512809266,-0.0421185249686105,0.966404212484644,0.672780501638348,0.959313245773312,0.701314721341112,0.483106628556496,-0.712809632419086,1.30549068358891,-0.546008976838891,0.585059766609399,
0,642672.137878579,0,0.256501616249153,0.843832734909894,0.684650016005998,0.000014981275786735,0.000804750000807821,0.00338645074144699,0.540386259512856,0.163990819914122,23.7117053737075,3.29522262158237,0.00308029988427662,0.0399711758216698,0.0352260143648015,85943.20135663,1.13470616935902,0.256501616249153,0.139492524158309,0.704340701214472,48.6996309757328,0.198046945061937,0.843832734909894,0.273272284054012,0.668893215320452,49.1201422799309,0.408543961569551,0.684650016005998,0.502806368634406,0.16817803715911,2.98972670348573,0.00279227155730317,0.572979351596458,0.168170852143429,3.40712640920544,0.000656507142209447,-0.0701729829620524,0.0723206039749446,-0.970304160987977,0.331894903834489,-0.133779759895703,0.96690405042308,-0.138358878357336,0.889956794699071,0.41276480821232,0.975768656523402,0.423015030717397,0.672284294648902,-0.546544568108023,1.3377864306409,-0.408543961569551,0.682874362436536,
0,642941.960613729,0,0.37933697796319,0.909836315885254,0.686213470224685,0.00000899254975865149,0.0002633427590896,0.00337798116904341,0.52969768054126,0.161148000485394,24.4924075970464,3.28702608127782,0.00305374376209231,0.0310167903078468,0.0352815088083166,85943.424408668,0.879123125837962,0.37933697796319,0.0808441131544752,0.710221315885593,49.1896386740977,0.113829466035765,0.909836315885254,0.271093373108045,0.667027919285296,48.7329870621338,0.40641982932066,0.686213470224685,0.502081555559322,0.165423210194832,3.03513367300744,0.00240429100077197,0.554423662639328,0.165415896889711,3.35169516995687,0.000803184028837471,-0.0523421070800066,0.0724001127827888,-0.722956153908776,0.469706822408388,-0.190249259953569,0.969896678151569,-0.196154151508331,0.844489512656669,0.351937486262519,0.978765323762144,0.359572900386126,0.719166552260283,-0.542186746216089,1.33405583857059,-0.40641982932066,0.684434152298829,
0,643182.679320978,0,0.701704601675729,0.879532910223777,0.637296335037143,0.0000017070117075173,0.000466564714482845,0.00461712091248683,0.527036428940602,0.159615217666518,26.3744155253319,3.30191843011943,0.00276138326968721,0.0135324872633693,0.0353308606399589,85942.8159635364,0.383021727131781,0.701704601675729,0.108703646586504,0.713545175762072,49.7199534627678,0.152343047474756,0.879532910223777,0.309866140828859,0.653085317172549,48.5319034895965,0.474465024218254,0.637296335037143,0.517099678760311,0.163926375166657,3.15446296079322,0.00160793787409934,0.533087069689123,0.163918734730751,3.25214241413442,0.00114538616671258,-0.0159873909288116,0.0723271640879842,-0.221042690258993,0.82505919297067,-0.201162494242355,0.962836400877604,-0.208926972493977,0.834505247775898,0.418569787415363,0.971740893378706,0.430742176507578,0.66665584799938,-0.619732281657717,1.30617063434509,-0.474465024218254,0.635168333597637,
0,643311.978877944,0,0.777622885621183,0.779022882358516,0.572131782226596,0.000000928068667611503,0.00159374903697295,0.00661517728718303,0.519635697951139,0.157096436385506,28.541147868262,3.30774974854287,0.00254859516890633,0.00998561933498089,0.0353574560628647,85942.4000521468,0.282419055183911,0.777622885621183,0.200431460720368,0.710459405119229,49.8586601464977,0.282115289453775,0.779022882358516,0.371732406369143,0.653571271415393,48.5792684825744,0.568771031756198,0.572131782226596,0.512712046827258,0.161476240154607,3.17515472453628,0.00149756625933759,0.51939400904837,0.16146841775362,3.21669101781192,0.00129678175546061,-0.00668196222111253,0.0723813970765546,-0.0923160161449401,0.926446963664276,-0.171300945648775,0.960881159670268,-0.178274851083101,0.858507128354999,0.57216386708951,0.969805827614227,0.589977757193997,0.555205561769109,-0.743464812738285,1.30714254283078,-0.568771031756198,0.569511535928608,
0,643482.572390574,0,0.586771652257062,0.639203180352142,0.545011243045206,0.0000034373810587462,0.00446195297830167,0.00759660375155908,0.504605836350371,0.155966171391195,29.6483814665206,3.23535438389851,0.00298182758151443,0.0192366323699008,0.035392535751519,85942.020423529,0.543522298174841,0.586771652257062,0.340451313885966,0.721744465643155,49.6450528658198,0.471706164844072,0.639203180352142,0.401176015826936,0.658164663480482,48.5366241912997,0.609537457853559,0.545011243045206,0.486454645197782,0.160405767960543,3.03265057973128,0.00242416118620111,0.510586036892279,0.160398060812317,3.18324320323124,0.00145635232578262,-0.0241313916944963,0.0724994240200853,-0.332849426332145,0.73924794657965,-0.0607247019409694,0.972325041278716,-0.0624530885897062,0.950202018852347,0.741627329712901,0.981211297317827,0.755828364125202,0.449752108373152,-0.80235203165387,1.31632932696096,-0.609537457853559,0.542168252283066,
0,643631.193400852,0,0.516207977036173,0.641879981651472,0.593805031858147,0.00000490402587294203,0.00438901719747932,0.0058762593653998,0.491931150919774,0.154624510703059,29.2398420191239,3.18145647596893,0.00345890422878165,0.0229969890980212,0.0354233392089255,85942.5192889298,0.649204440111808,0.516207977036173,0.337777493592565,0.721851557013302,49.6692976211893,0.467932070397045,0.641879981651472,0.347415463181834,0.647123744743438,48.759933772098,0.536860941981927,0.593805031858147,0.469106438491856,0.159093217185779,2.94862626320557,0.00319189722869841,0.502680460682654,0.159085235144645,3.15981844717142,0.00157867477056918,-0.0335740221907979,0.0724281620330355,-0.463549277634358,0.642970701839553,-0.00963796958926921,0.964983768199955,-0.00998770125143921,0.992031099862297,0.685192956774398,0.973901406640942,0.703554745995982,0.481710101980915,-0.694830926363667,1.29424748948687,-0.536860941981927,0.591363672106335,
0,643710.610788658,0,0.570932569866958,0.665653318952034,0.530371180201462,0.00000373652907809054,0.00379849087634038,0.00807018553538679,0.492717834820288,0.153599853847758,30.0928192692938,3.20780145603946,0.00316710847234745,0.0200830192334182,0.0354397403153122,85942.2970815228,0.566680767261183,0.570932569866958,0.310308162218693,0.713813066204581,49.5625359235044,0.434719083903344,0.665653318952034,0.400119818610817,0.633180344374818,49.0820509289236,0.631920782389229,0.530371180201462,0.47424017996952,0.158070986977259,3.0001721950262,0.00269827017292098,0.500102103995222,0.158062576813918,3.16395008910918,0.00155643484428073,-0.0258619240257019,0.0722994803535628,-0.357705531204796,0.720563693339726,-0.0898116563921237,0.94967399627666,-0.0945710388451657,0.924655554360843,0.710427980829508,0.958651232080734,0.741070325740402,0.4586508008619,-0.800239637221632,1.26636068874963,-0.631920782389229,0.527438642537815,
0,644039.255171254,0,0.249045545253428,0.695262879042847,0.445073615432364,0.0000154598884778725,0.00313253483760715,0.011890826677566,0.490143135405762,0.154177511034547,31.7916644337896,3.17908320167351,0.00328498965901492,0.0409285714372926,0.0355073585816069,85941.5871314566,1.15267857346319,0.249045545253428,0.280633769084963,0.712234862701357,49.4054563501293,0.394018579799054,0.695262879042847,0.489009859516088,0.635212186538384,49.2482123301488,0.769837024350821,0.445073615432364,0.452939242559337,0.158645962626126,2.85503163813099,0.00430325418800188,0.517314489591704,0.158637510525953,3.26098466798034,0.00111026043451985,-0.0643752470323677,0.0724465640441134,-0.888589374551552,0.37422380360043,-0.208376090431125,0.949831352961489,-0.219382198514954,0.826352335813386,0.76964362860105,0.958835983930271,0.802685382588875,0.42215660377119,-0.978019719032175,1.27042437307677,-0.769837024350821,0.441396574196563,
0,644371.49231483,0,0.0888670512322796,0.54736392581434,0.289309312623982,0.0000336829727195919,0.00736834789513614,0.0226412504191785,0.462659018735049,0.154711404458042,33.0882402121905,2.99046486169365,0.00522618372686614,0.0605296382897359,0.0355758735967072,85940.9140626221,1.70142380692904,0.0888670512322796,0.436660212664007,0.720701490670404,49.453200097545,0.605882211035559,0.54736392581434,0.681188074200113,0.635960803810709,49.5252834591345,1.07111644321222,0.289309312623982,0.406500264306555,0.159191441090704,2.55353090292675,0.010663681531222,0.503207355075476,0.159183041869216,3.1611869528722,0.001571276136599,-0.0967070907689211,0.0725811865442669,-1.33239886771402,0.182729153995575,-0.244527861536105,0.956666644923301,-0.255604042258324,0.798256596800083,1.11784828686412,0.965661688049907,1.15759825692323,0.247028020930471,-1.36237614840022,1.27192160762142,-1.07111644321222,0.284117075584185,
0,644338.936792272,0,0.0740096399124528,0.368994738984302,0.229837452166865,0.0000371386179419954,0.0162135912891445,0.0286975248828602,0.442410298956388,0.155158732379661,32.2491357540286,2.85133999338074,0.00753410882384593,0.0635469966209305,0.035569162791344,85941.0994851235,1.7865755512355,0.0740096399124528,0.650123622463674,0.717125617588736,49.8681223712893,0.906568677116362,0.368994738984302,0.769284837235563,0.632834547635765,50.0154337028167,1.21561763672601,0.229837452166865,0.380993283873187,0.159615769521859,2.38694011885217,0.0169892582592813,0.480585669252054,0.159607303725167,3.01105061006225,0.00260345455506468,-0.0995923853788668,0.0725336003136494,-1.37305172979433,0.169736265634001,-0.119161214771888,0.951908775718445,-0.125181338602485,0.900379990661701,1.41940845969923,0.96091993156401,1.47713499644968,0.139639454149191,-1.53856967447112,1.26566909527153,-1.21561763672601,0.224130612471805,
0,644482.952849037,0,0.243424667372605,0.320927304998618,0.358522248808093,0.0000158321639368923,0.0196214988317931,0.0167436932591514,0.43775189965583,0.155043471226488,31.0635020854879,2.82341395089355,0.00822090496475242,0.0415256167993058,0.0355991572318027,85942.0277645262,1.16647752442321,0.243424667372605,0.688046183721611,0.686356404775762,50.2108298888051,1.00246195552936,0.320927304998618,0.598013279100493,0.645349506579784,50.4251469291477,0.926650246112121,0.358522248808093,0.394616963708525,0.159482346581074,2.47436140844541,0.0133474596498768,0.456289475275145,0.159473719631425,2.86122049657912,0.00422013432407312,-0.0616725115666198,0.0727291930696035,-0.847974643518976,0.396452092278679,0.0900329046211185,0.937536511765223,0.0960313582364934,0.92349566737652,1.2860594628221,0.946650669014739,1.3585364748758,0.174293516854025,-1.19602655820098,1.29069901315957,-0.926650246112121,0.354108157802603,
0,644562.747552101,0,0.690172498986144,0.328401605451364,0.44081290996419,0.0000018489353591011,0.0190750709037829,0.0117650455523217,0.429825040069944,0.155108970157228,31.2844161275085,2.77111658748199,0.00932112980414777,0.0141971714238072,0.0356155952778566,85941.0600998854,0.398622325783057,0.690172498986144,0.641008107681062,0.649471830170471,50.0928819391423,0.986968299322254,0.328401605451364,0.513356330639328,0.66075416561759,50.7019453295484,0.776924849440045,0.44081290996419,0.413346120101715,0.159520005653793,2.59118671923071,0.00956455812060737,0.423388191052275,0.159511113803257,2.65428646918287,0.00794763228991691,-0.0100420709505599,0.0729352675405077,-0.137684707127216,0.890489606224292,0.127651777041733,0.921894958062264,0.13846672652386,0.889871564657918,1.15436443832039,0.93109029499363,1.23979859367805,0.215049898526887,-1.02671266127865,1.32150833123518,-0.776924849440045,0.43720310943071,
0,644838.398661067,0,0.736240136233078,0.348595855655863,0.517169286472068,0.00000132023995099521,0.0175457485948494,0.00832031100535382,0.436650048432784,0.1572522231562,29.931904408862,2.77674960435412,0.00937997946727959,-0.0120158194998482,0.035672439394504,85938.4922833605,-0.336837617606254,0.736240136233078,0.583593764086036,0.616789790790909,50.128806665199,0.946179351214122,0.348595855655863,0.444110152806638,0.680862684600058,50.710068350324,0.652275653889756,0.517169286472068,0.446172627851036,0.161601486116764,2.76094384137443,0.00576345858755164,0.406264238551213,0.161592442019933,2.51412896217695,0.0119326790461,0.039908389299823,0.0732745592655231,0.544641819750945,0.585999886529888,0.139483611279398,0.914073925290319,0.152595547712508,0.878717236289717,1.02770391689267,0.923296345554192,1.11308132198423,0.265673504755305,-0.888220305613274,1.36172536920011,-0.652275653889756,0.514223362884238,
0,645234.572603302,0,0.135192496634722,0.472914083932985,0.540898667371149,0.0000259702629857308,0.0103110835134023,0.00740841574714583,0.440954140009907,0.15668619075322,29.6435647629419,2.81425017667579,0.00859915260837804,-0.0534158238326527,0.0357547726121364,85937.792676655,-1.4939494766783,0.135192496634722,0.440123376403937,0.608578722512687,50.2006968515852,0.723198758225994,0.472914083932985,0.4182249769816,0.679361779498431,50.7765224911197,0.615614521750655,0.540898667371149,0.493978534579568,0.161054719300871,3.0671472200498,0.00216112389986265,0.372195520711869,0.161045389581862,2.31112186246521,0.0208261247239797,0.121783013867699,0.0734066047220946,1.65901984336082,0.0971117937950143,0.0218983994223367,0.907439989631815,0.0241320634670528,0.980747267816372,0.858348353385535,0.916708046814198,0.936337753735797,0.349099315677509,-0.836449953963198,1.35872355899686,-0.615614521750655,0.538148964646726,
0,645309.967586205,0,0.0523751955997939,0.74968829138528,0.512885668098738,0.0000437943704706307,0.00205341298590677,0.00847580799237719,0.444314430732509,0.157810953140983,27.2299110774796,2.81548537594583,0.00894633917870872,-0.0693974558495012,0.0357707068456957,85939.8806825844,-1.94006386703124,0.0523751955997939,0.198839463511394,0.619797682872545,50.0191447666615,0.320813499317782,0.74968829138528,0.448025776950052,0.67987922944134,50.8001110156966,0.658978473747752,0.512885668098738,0.518166039286776,0.162166576607402,3.19527025930399,0.00139699955903422,0.363354395379101,0.162157527086737,2.24074948543551,0.0250423067047621,0.154811643907674,0.073442504591192,2.10792979854667,0.0350370622317237,-0.249186313438657,0.915352585562511,-0.272229867888039,0.785445277507823,0.646865240461445,0.92460776156372,0.699610437368003,0.484170622542425,-0.896051553900102,1.35975845888268,-0.658978473747752,0.509909591861646,
0,645165.064850704,0,0.0393824424437389,0.794384981782051,0.549087959114142,0.0000493850723533551,0.00137996784687286,0.00709794239393657,0.461990026351171,0.157270051321526,25.8357589995932,2.93755881980778,0.00687147191807562,-0.0736332107199334,0.0357408096165053,85941.2292239854,-2.06019985305339,0.0393824424437389,0.164911039085764,0.62936981386259,49.6842735203642,0.262025657178672,0.794384981782051,0.420326813691774,0.696886364445146,50.8890328937449,0.60314971728057,0.549087959114142,0.540188740078078,0.161669484249588,3.34131541635975,0.000833824386303739,0.377895812661579,0.161660887453485,2.33758343538916,0.0194088680659639,0.162292927416499,0.0735929164953483,2.20527919187382,0.0274345090697107,-0.25541577460601,0.934423045430836,-0.273340620027457,0.784591393490874,0.585237852777536,0.943592871565785,0.620222842301046,0.535111084851186,-0.840653627383546,1.39377272889029,-0.603149717280569,0.546409094633634,
0,645037.494765213,0,0.0261536351092929,0.653058971035372,0.629314790044228,0.0000575478072171464,0.00410256866391407,0.00462725218989207,0.494238111126501,0.159474643993444,25.3277031462681,3.09916422291446,0.00470752785728706,-0.0794268902886682,0.0357141509398346,85941.0560202847,-2.22396132061137,0.0261536351092929,0.284641404759719,0.629390027082786,49.6495352652414,0.452249626640937,0.653058971035372,0.33716021652732,0.694262589778951,50.7326673439754,0.485637886141423,0.629314790044228,0.574603764079369,0.163806237429039,3.50782591125864,0.000451784589419038,0.403696648231241,0.163797735214214,2.46460457895397,0.0137164529625567,0.170907115848128,0.0735124986767271,2.32487153782782,0.0200788303095104,-0.0525188117676006,0.932491159810203,-0.0563209755021057,0.955086109320037,0.621801621287037,0.941660733168537,0.660324466535601,0.509045632505961,-0.674320433054638,1.3885251795579,-0.485637886141423,0.627223929924936,
0,645241.138606989,0,0.0177183895100949,0.680962276461782,0.819974983483159,0.000065435691265573,0.00346132035981699,0.0010405241287942,0.517063300818705,0.162308671768499,24.4713288449017,3.18567883764211,0.00391444249261461,-0.0847961098017827,0.0357563665266851,85941.312557332,-2.37149682808232,0.0177183895100949,0.262911941781668,0.635666540614947,49.2509128240741,0.413600409937143,0.680962276461782,0.159037241960152,0.695178958067699,50.2458444882174,0.228771656728804,0.819974983483159,0.60000267230777,0.166583385653861,3.60181581105872,0.000316002232307188,0.424724938506735,0.166575093093564,2.54975056966152,0.0107800014313744,0.175277733801034,0.0736008165208408,2.38146452833716,0.0172439514239781,0.103874699821516,0.937394164465652,0.110812189534728,0.911765279035115,0.421949183741819,0.946564128636125,0.44576925215811,0.655763934562122,-0.318074483920303,1.3903579161354,-0.228771656728804,0.819046397266662,
0,645649.935596971,0,0.0295065769912098,0.73606972868237,0.945524305645981,0.0000551265641475258,0.00233297275538838,0.0000941762539140578,0.540253469803903,0.162249404892958,23.5344827274853,3.32977165716156,0.00285167189599236,-0.0780162132883768,0.0358417091153209,85942.393588819,-2.17668786489392,0.0295065769912098,0.216440290442595,0.638505987451227,49.1385367425029,0.338979265185243,0.73606972868237,0.0470088661997976,0.68454298309027,50.0697927305679,0.068671898421313,0.945524305645981,0.61524113218132,0.166531111266267,3.69445161029165,0.000220361851954915,0.45752815850194,0.166522635526383,2.74754334181464,0.00600435723816503,0.15771297367938,0.0736286965687307,2.14200415095164,0.0321931480070175,0.169431424242797,0.931476627835698,0.181895518555816,0.855664721505376,0.263449156642392,0.94070679556077,0.280054484442568,0.779435704057289,-0.0940177323995949,1.36908596618054,-0.068671898421313,0.945250787193263,
0,646067.969956533,0,0.035023186876733,0.649897811248263,0.922874638584953,0.0000517085436875878,0.00421855124565126,0.000190096390120847,0.575681069746448,0.163673085104354,23.7894779429263,3.51726167671006,0.00178208441810026,-0.0757424571255551,0.03592885028798,85942.3797956914,-2.10812359756735,0.035023186876733,0.293567687323634,0.642806960148044,49.2329732286894,0.456696497586185,0.649897811248263,0.0655004319132705,0.673144474902974,49.7983921744195,0.0973051616039953,0.922874638584953,0.64734687286747,0.167925332507724,3.85496853393276,0.00011574451517455,0.493520345853253,0.167916714721531,2.93907814163524,0.00329190066948551,0.153826527014217,0.0736531999716931,2.08852469510268,0.0367505301468885,0.228067255410363,0.926110215944783,0.246263621201606,0.805478168956543,0.359068119236904,0.935397462118132,0.383866894853257,0.701077104143776,-0.131000863826541,1.34628894980595,-0.0973051616039953,0.922484057087539,
0,646324.444393473,0,0.0319435956627806,0.455850840292818,0.91099863116018,0.0000535428341819573,0.0112759144283328,0.000254774525886034,0.60861782550074,0.164882335030928,25.2504288068677,3.6912251720997,0.00107699384659347,-0.0771867953127301,0.0359819923669528,85939.1385237401,-2.14515067774905,0.0319435956627806,0.465470020359722,0.61930925363787,49.532657935944,0.751595455138956,0.455850840292818,0.0761742419028377,0.677998071662591,49.5327797296491,0.112351708782951,0.91099863116018,0.678846041023757,0.169092208066711,4.01465004677173,0.0000595340606681223,0.521749253438376,0.169083255628251,3.0857535330731,0.0020303704492301,0.15709678758538,0.0738062429097345,2.12850270372807,0.0332954260242739,0.389295778456884,0.913593112284284,0.426115054089579,0.670024011183989,0.541644262262559,0.922929194914802,0.586875206946465,0.55728752218305,-0.152348483805675,1.35599614332518,-0.112351708782951,0.910544543621292,
0,646642.749489116,0,0.125135066928325,0.326886879299221,0.941735170923989,0.0000273662997170184,0.0193654360027483,0.000110133818856773,0.635610742020786,0.165071198380916,25.1915490135981,3.85052479327169,0.000719164873173565,-0.0552836784355221,0.0360486184890064,85938.6740702106,-1.53358660477881,0.125135066928325,0.611158592681182,0.617218922707062,49.6488618474267,0.990181230997746,0.326886879299221,-0.0509112545434777,0.693000044306749,48.999600760573,-0.0734650090742886,0.941735170923989,0.67906006181893,0.16930581491915,4.01084901982373,0.0000605007915628082,0.57031276078481,0.169296992922497,3.36871169971633,0.000755203766187279,0.10874730103412,0.0741063172534631,1.46744980812062,0.142253733545824,0.662069847224658,0.923345841118367,0.717033442661908,0.473353461744394,0.560247338137703,0.932656945292884,0.600700333563449,0.548039596838834,0.101822509086955,1.3860000886135,0.0734650090742886,0.941436087521395,
0,646664.971065455,0,0.395742362655783,0.263445137795034,0.950640656672216,0.00000839214905475193,0.0251608842961336,0.0000789557011687978,0.664459964590533,0.164519970972514,24.4659966584036,4.03877997706152,0.000463622904770186,-0.0306186327600878,0.036053565171177,85940.5880631973,-0.849253953519301,0.395742362655783,0.710201543418221,0.627871714569855,49.5710859054377,1.13112523934092,0.263445137795034,-0.0421725241164439,0.677797637395834,49.0276755161421,-0.0622199337821166,0.950640656672216,0.681630069854629,0.168762168226856,4.03899805872581,0.0000536800093955883,0.62190045425124,0.168753280071584,3.68526439300874,0.00022846534612154,0.0597296156033894,0.0739352175636635,0.807864202901112,0.419168760539329,0.752374067534664,0.919236931249527,0.818476762581716,0.41308500546714,0.668029019301776,0.928584147322941,0.719406013152032,0.4718907929515,0.0843450482328875,1.35559527479166,0.0622199337821166,0.950387688381408,
0,646440.02386838,0,0.776564775132686,0.23952780502929,0.978062071403905,0.00000093717303805489,0.0277727778633176,0.0000154874787794464,0.718194184105394,0.164732979877521,23.5737262340736,4.35974742057947,0.000218991704325694,-0.0102186423269635,0.0360065639731327,85941.4832044456,-0.283799429864744,0.776564775132686,0.751979555956029,0.631667246947128,49.6116654734558,1.19046786039703,0.23952780502929,-0.0186882375296345,0.676168909583993,49.3217916707906,-0.027638415882109,0.978062071403905,0.71463730245008,0.168963478952931,4.22953709806817,0.000023417266129057,0.694868114390956,0.168954702102739,4.1127480072642,0.0000390977086588861,0.0197691880591241,0.0738303261139174,0.267765146108403,0.788880100698355,0.770667793485662,0.920638909166886,0.837101045602193,0.402535772727094,0.733291318426393,0.929967638810911,0.788512726490144,0.430396857445551,0.037376475059269,1.35233781916798,0.027638415882109,0.977950541915825,
0,646489.035769515,0,0.385967692712001,0.217554803285102,0.925023241208537,0.00000874586157131559,0.030498864182735,0.000180570677551155,0.734234250009043,0.16728955027715,23.439859233908,4.3890024738104,0.000205695256310732,0.031224701357787,0.0360164134435968,85938.7956428976,0.866957544417524,0.385967692712001,0.766624510638972,0.613824755383867,49.5839656857185,1.24893058469033,0.217554803285102,0.0658626868066907,0.696307530078431,49.5394348253879,0.0945885028692308,0.925023241208537,0.690483579106837,0.171463839175774,4.02699241091292,0.0000564948552701779,0.750578418599938,0.171455165277497,4.37769499323709,0.0000119941039112772,-0.0600948394931012,0.0740872387167704,-0.811136175864766,0.417287473061572,0.70076182383228,0.923579848155647,0.758745251135214,0.448004962028464,0.832487197445661,0.932872058544345,0.892391609139495,0.372183067027251,-0.131725373613381,1.39261506015686,-0.0945885028692308,0.924641682269869,
0,646713.494068069,0,0.097082900342665,0.204531146824582,0.736807013943894,0.0000320328704801699,0.0319349237525781,0.00228881012218809,0.728728987089463,0.170364485153026,24.4661043837805,4.27747007502707,0.000251884467819876,0.0598349702510724,0.03606294735153,85936.5577139243,1.65918136606585,0.097082900342665,0.778616559396448,0.605694576828791,50.0931763682843,1.28549369464891,0.204531146824582,0.232683484881121,0.688474705168897,49.7909278396285,0.337969547950261,0.736807013943894,0.659135578475877,0.17445458997671,3.77826446735436,0.000157925118066583,0.770487182716006,0.174445728339801,4.41677299896494,0.0000100185345798521,-0.111351604240129,0.0740776261515123,-1.50317457544306,0.132794031956413,0.545933074515325,0.91230109599745,0.59841326170768,0.549564219074005,1.01130004427757,0.921647107279278,1.09727469037791,0.272521331329817,-0.465366969762242,1.37694941033779,-0.337969547950261,0.735386136105772,
0,647017.832239286,0,0.0429501457893475,0.33693313275896,0.632158321592072,0.0000476772078146005,0.0184767626540355,0.00460285319313942,0.702846061772007,0.166205767776211,26.2319371399738,4.2287705846548,0.000253044876147555,0.07312943117337,0.0361271348441077,85938.1164450534,2.02422449189317,0.0429501457893475,0.600977760310816,0.619838909929292,49.9383095445385,0.969570884763225,0.33693313275896,0.332392264180539,0.690130238045384,50.1659419123461,0.481637009735952,0.632158321592072,0.624915721601908,0.170426098722307,3.66678417382627,0.000245619933762513,0.759291700959513,0.170417233884854,4.45548659399403,0.00000837031265702345,-0.134375979357605,0.0742153300424307,-1.81062294381469,0.0701992381150085,0.268585496130276,0.922936297926814,0.291011954707598,0.771042176479555,0.933370024491353,0.932281411068011,1.00116768757847,0.31674574536979,-0.664784528361077,1.38026047609077,-0.481637009735952,0.630063830334109,
0,647204.715546985,0,0.0200585382614852,0.598570296988913,0.735898628453781,0.0000629147664714794,0.00567954700543421,0.00227531740319441,0.675074563681355,0.16206864350131,30.271219245402,4.16536196698592,0.000238645620448776,0.0840972877858278,0.0361662965999538,85936.1685223813,2.32529442303847,0.0200585382614852,0.325649262892935,0.614554670707171,49.1577307110288,0.529894700040615,0.598570296988913,0.237313477776923,0.699713334670002,50.4397858981036,0.339158146655651,0.735898628453781,0.589398292400116,0.166407934993537,3.54188814627743,0.000397273896078231,0.749109011420176,0.16639883594709,4.50188853279221,0.00000673523045260643,-0.15971071902006,0.0744014607148216,-2.14660730428702,0.031824557919531,0.0883357851160113,0.926599156626258,0.0953333320932876,0.924050068030871,0.562962740669857,0.935930761833121,0.601500413948607,0.547506736157185,-0.474626955553846,1.39942666934,-0.339158146655651,0.734490596731446,
0,647405.065032795,0,0.0313422000206461,0.907132601586281,0.805675366339089,0.0000539255822807125,0.000281585828413415,0.00121254489117241,0.651395618235418,0.160622714150876,33.7032866461314,4.0554389936628,0.000279392383368647,0.077946752688603,0.0362082249463183,85933.6623224892,2.15273609253603,0.0313422000206461,0.0704792472901512,0.601034692597076,48.8191631364907,0.117263193220361,0.907132601586281,0.164843063662746,0.666551015460595,50.3790320363119,0.247307497609673,0.805675366339089,0.575135598827339,0.164948161489507,3.4867657428478,0.000488899393456101,0.72513603433451,0.164938130382698,4.39641235566336,0.0000110054768939235,-0.150000435507171,0.0740854585620726,-2.02469470282745,0.0428987229019352,-0.0943638163725947,0.892764813595302,-0.105698404479649,0.915821646301677,0.235322310952897,0.902239936735104,0.260820100476208,0.79423124287634,-0.329686127325492,1.33310203092119,-0.247307497609673,0.804670256726118,
0,647451.589156918,0,0.0559618418260037,0.773165349043526,0.736407949756034,0.0000425146070384531,0.00170008728787665,0.00226797905739861,0.646303078701976,0.161576586817644,34.7967743859133,3.99997977077828,0.000314505117608736,0.0692243502667181,0.0362173544078114,85926.6137082,1.91135855720559,0.0559618418260037,-0.166099382581034,0.573103162761532,49.3242214553066,-0.289824578494165,0.773165349043526,0.211072953330941,0.623591641343356,50.4010371913968,0.338479446062238,0.736407949756034,0.583820604250915,0.16579363240967,3.52136928159167,0.000429324280420773,0.714723535893531,0.165782273317365,4.31121809100363,0.0000162357672313724,-0.130902931642616,0.0736180012640726,-1.77813753966314,0.0753812682902511,-0.377172335911974,0.84212078323207,-0.447883894355845,0.65423699242936,0.0449735707499072,0.851739471370055,0.0528020272179772,0.957889646269524,-0.422145906661881,1.24718328268671,-0.338479446062238,0.735001913664931,
0,647669.818612448,0,0.128654283159829,0.519749935109371,0.834662324098566,0.000026869862939149,0.00844669259285129,0.000873323516886083,0.657342015546618,0.162696407606611,35.5157640666153,4.04029827834938,0.000272638942021593,0.0550992067397907,0.0362627264990675,85919.6824281255,1.51944467664911,0.128654283159829,-0.35981531595414,0.554951772885659,49.3489803425803,-0.648372225361421,0.519749935109371,0.127118644434027,0.605874581982641,50.3614747856729,0.209810162390455,0.834662324098566,0.610946650469619,0.166853159111749,3.66158275768959,0.000250661862128757,0.716600626125802,0.166841033467203,4.29511020900424,0.0000174606573754297,-0.105653975656183,0.0735098427779733,-1.43727658315495,0.150639419854943,-0.486933960388166,0.816768293927927,-0.596171477282068,0.551060677987163,-0.232696671520113,0.826438450628485,-0.28156564030044,0.778276589685489,-0.254237288868053,1.21174916396528,-0.209810162390455,0.833815841157998,
0,647872.20501168,0,0.407447924248114,0.595321365122964,0.88168998203378,0.00000798736579370885,0.0057523387744626,0.000443682481305277,0.665306404296846,0.160370281322116,37.1912407492925,4.14856417792599,0.000186554527940672,0.0300751847060621,0.0363052732609993,85915.2273433999,0.828397144675128,0.407447924248114,-0.291105831618633,0.544525320460254,49.3987290656042,-0.534604766170613,0.595321365122964,0.0896176264048036,0.599113721725636,50.4084482465327,0.149583665262543,0.88168998203378,0.642036570963904,0.164574879173681,3.90118208919566,0.0000957241121037443,0.698983148100785,0.164562126548723,4.24753351673437,0.0000216136838360546,-0.0569465771368808,0.0735163390681208,-0.774611166153332,0.43856945718688,-0.380723458023435,0.804737331744365,-0.473102766586175,0.636139863087774,-0.201488205213829,0.814424937769913,-0.247399356121819,0.804599172442237,-0.179235252809607,1.19822744345127,-0.149583665262543,0.881093096404109,
0,648136.197613977,0,0.656581353113006,0.932269429369642,0.917067955255867,0.00000230110984442702,0.000147596904823781,0.000219964359880621,0.682992772841549,0.160544179845696,37.8664597209723,4.25423564714707,0.000132544953723541,0.0161676102790098,0.0363611578648428,85916.7629095128,0.444639588736585,0.656581353113006,-0.0464726285169693,0.544023614592403,49.4330737132858,-0.0854239177683266,0.932269429369642,0.0660830794906977,0.631421180918621,49.7845280911966,0.104657685690171,0.917067955255867,0.668837072062467,0.164793316592075,4.05864197586415,0.0000493589207662368,0.698809850452689,0.164781153442193,4.24083601707425,0.0000222688789707086,-0.0299727783902224,0.0739665034067257,-0.405220971787846,0.685315090806239,-0.112555708007667,0.828630861185641,-0.135833352678438,0.891953023787101,0.0196104509737283,0.838259922568433,0.0233942366153469,0.981335802264123,-0.132166158981395,1.26284236183724,-0.104657685690171,0.916647439427601,
0,648413.445656539,0,0.425728234561951,0.918172904158777,0.836456245036396,0.00000738430631302843,0.000217447754664594,0.000859770630391637,0.690460464598319,0.167756223245688,38.6717134910871,4.1158560394335,0.000195474683296127,0.0290089161891801,0.0364192695969958,85918.6872436903,0.796526578105043,0.425728234561951,0.057239837341066,0.554293853766368,49.0306083417784,0.10326623135387,0.918172904158777,0.135508104259623,0.653029548240322,50.039010606284,0.207506849613112,0.836456245036396,0.662850577143831,0.171874332668961,3.85660014995093,0.000114975004178068,0.716024052055069,0.171863183356383,4.16624455611467,0.0000309658510630471,-0.0531734749112381,0.074314826943614,-0.715516365954579,0.474290031752934,-0.0782682669185566,0.851746889487886,-0.0918914619877455,0.926784275107327,0.192747941600688,0.861339521120426,0.223776962364345,0.822930856775086,-0.271016208519245,1.30605909648064,-0.207506849613112,0.835614043873128,
0,648703.868708138,0,0.190240564685923,0.915003637290284,0.698725778389118,0.0000199698267049739,0.000234525875834797,0.00302294563751163,0.705887368212921,0.171241208221924,39.597468241781,4.12218166142644,0.000186071417995481,0.0477848240246615,0.036480358338641,85916.9441055137,1.30987814267292,0.190240564685923,0.059319895374372,0.55293996337354,49.0627810782097,0.107280897210713,0.915003637290284,0.263818214384394,0.677715036290385,49.9769946351695,0.38927602348689,0.698725778389118,0.661757908434268,0.175317247337681,3.77463095322075,0.000160244713592321,0.747896166798091,0.175306583743332,4.26621836344203,0.0000198814194617435,-0.0861382583638231,0.0747099274587731,-1.15296937493824,0.248922954847198,-0.204498319010022,0.869891547414237,-0.235084844332487,0.814142881578169,0.323138109758766,0.879414147462091,0.367447022192345,0.713285602215131,-0.527636428768787,1.35543007258077,-0.38927602348689,0.697071970785483,
0,649058.639939955,0,0.168944250618533,0.928424196313344,0.599720584456899,0.0000220229180862519,0.000165931244364206,0.00556322277296472,0.705667832080388,0.170041610139375,42.6365086756317,4.1499714775812,0.000155720344286973,0.0502871236219009,0.0365560862215828,85923.0680974317,1.37561563119991,0.168944250618533,0.0522067506826143,0.578214039165607,49.1219754905248,0.0902896629039851,0.928424196313344,0.372772493997895,0.705774488107652,49.8662297347883,0.52817507614562,0.599720584456899,0.661110753391289,0.174221695586938,3.7946522742995,0.000147850519663555,0.748358541493012,0.174211837374605,4.29568135421147,0.0000174157592886153,-0.087247788101723,0.0751825895897779,-1.1604786238114,0.245853991968374,-0.32056574331528,0.907645455333972,-0.353183879709205,0.723950592280546,0.424979244680508,0.91710301150701,0.463393140517737,0.643082594546632,-0.745544987995788,1.4115489762153,-0.52817507614562,0.597377826570313,
0,649478.504904633,0,0.456195160789347,0.907247408657461,0.432843613840664,0.00000646118942688581,0.000280934659880221,0.0123027242001836,0.702306342412708,0.170248935970625,43.9529119791217,4.12517316721372,0.000162123241867516,0.0273060467189593,0.0366460161263364,85930.7972936817,0.745130019722261,0.456195160789347,-0.072845905790947,0.621989132248239,48.8109605499999,-0.117117650476687,0.907247408657461,0.545034486748936,0.689312663079094,50.1924066418686,0.790692694247512,0.432843613840664,0.686044777164961,0.174467819854011,3.93221384745348,0.0000841671402388935,0.721172118010794,0.174458471189819,4.13377529386993,0.0000356852388017212,-0.0351273408458333,0.0751533238158247,-0.467409012167159,0.640207276013981,-0.617880392539882,0.923676311072971,-0.668936060319803,0.503536266034483,0.472188580957988,0.933202512102728,0.505987258750553,0.612865594163808,-1.09006897349787,1.37862532615819,-0.790692694247512,0.429123340350299,
0,649528.311196029,0,0.744201089525887,0.630941155561699,0.330662116027729,0.0000012389828590268,0.00477499066771556,0.018809242881535,0.690868405296373,0.173883660555955,43.5072655966147,3.97316460377861,0.000262789464311796,0.0119608608017404,0.03665645615319,85932.6260349802,0.32629615781065,0.744201089525887,-0.311323552093947,0.643960182706683,48.7140993969234,-0.483451555630966,0.630941155561699,0.66951140077311,0.681591905855432,50.3325853676426,0.982276043804891,0.330662116027729,0.696439762046848,0.178033820305232,3.91183967660093,0.0000915957124093404,0.696426733980711,0.178024876117939,3.91196303105043,0.0000915489284802291,0.0000130280661371184,0.0750830734094321,0.000173515354999863,0.999861554777878,-0.980834952867055,0.932913775909926,-1.05136720905465,0.293089970038203,0.358187848679162,0.942431097107904,0.380067943193253,0.703894981043277,-1.33902280154622,1.36318381171086,-0.982276043804891,0.325963873263206,
0,649660.320452735,0,0.431032404906405,0.604456463993531,0.543576942758756,0.00000721544851219138,0.00556711767466982,0.00744460688707876,0.693451981523015,0.17431310870989,42.6766222297466,3.97819754724889,0.000264208944332227,-0.0288865265351255,0.0366845677574297,85932.4844468028,-0.787429927650577,0.431032404906405,-0.337308834889751,0.646926260885889,48.5613717680395,-0.521402291549962,0.604456463993531,0.436633424007076,0.71391355436314,49.8718735564068,0.611605454664021,0.543576942758756,0.736172562417815,0.178502244511318,4.12416417750499,0.0000372083430761487,0.662790048942663,0.178493817736698,3.71323812413698,0.000204624188093489,0.0733825134751519,0.0755190727075793,0.971708349217946,0.331195661960159,-0.773942258896826,0.958704394447615,-0.807279348440615,0.419505559294654,0.0993245891173244,0.968120955418921,0.102595226930446,0.91828423120814,-0.87326684801415,1.42782710872628,-0.611605454664021,0.540798828303835,
0,650105.845803936,0,0.107127783481112,0.690376628489014,0.610731702022451,0.0000302099941216849,0.00329175231905562,0.00525691371172247,0.695300033661539,0.168788611977028,41.6378206934097,4.11935393932957,0.000176262393073623,-0.0592627230370663,0.0367804696808561,85933.9753613987,-1.61125520014531,0.107127783481112,-0.260316845885331,0.649611484487148,48.6225868207427,-0.400726976203083,0.690376628489014,0.366720776752303,0.715871189699978,49.6570989184749,0.512272014894182,0.610731702022451,0.76577092172308,0.173135149649528,4.42296623922528,0.00000973549591324046,0.634135362841191,0.173126466851075,3.66284470754366,0.000249429764549056,0.131635558881889,0.0757177214210712,1.7385039646116,0.0821220521205472,-0.627037622637633,0.961947185287275,-0.65184204728493,0.514503073611743,0.106403930866971,0.971386068851103,0.109538250834521,0.912775584505416,-0.733441553504604,1.43174237939995,-0.512272014894182,0.608460648270903,
0,650339.32908239,0,0.112264410167976,0.721965923290104,0.545611511806002,0.0000293481705378974,0.00262913298465265,0.0074620860782042,0.683914574791484,0.166385890753241,41.7686301678127,4.11041207698172,0.000180485735209413,-0.0584914625008279,0.0368307878936502,85934.8180851121,-1.58811325648866,0.112264410167976,-0.232261645432661,0.648951388516179,48.5931205533327,-0.357902994804781,0.721965923290104,0.420807786691706,0.691479878833564,49.2601002507565,0.608561144832664,0.545611511806002,0.754079515411375,0.170770119758554,4.41575795857929,0.0000100656663835399,0.622052889851578,0.170760894713296,3.64282988149009,0.000269657062797053,0.132026625559796,0.0755181752437738,1.74827616177976,0.0804162189816465,-0.653069432124366,0.94352383550348,-0.692159972594521,0.488836872589743,0.188546141259044,0.953062131665249,0.197831951343618,0.843176546634835,-0.84161557338341,1.38295975766713,-0.608561144832664,0.542815365553734,
0,650349.698555386,0,0.391026896707201,0.954519911331546,0.586885581006913,0.00000856177798773764,0.0000668709783744091,0.00605376843479518,0.688375575505928,0.166099669638984,42.3658593993584,4.14435246621565,0.000159713917346829,-0.0315938478242141,0.0368329307623159,85933.9570019201,-0.857760899562685,0.391026896707201,-0.0367263820583992,0.640685323132861,49.1360255705022,-0.0573235888701374,0.954519911331546,0.382402126940135,0.699146277659502,49.1181030308607,0.54695582192082,0.586885581006913,0.727461256875244,0.170491661815789,4.26684360471096,0.0000198258041534136,0.65060284677614,0.170482400155844,3.81624640538497,0.000135497196945537,0.0768584100991047,0.0756122485147906,1.01648094863983,0.309400415222969,-0.419128508998533,0.943528504484757,-0.444213934191009,0.656887918895055,0.345675744881735,0.953058425759273,0.362701525466653,0.716827860056017,-0.764804253880268,1.398292555319,-0.54695582192082,0.584409083592581,
0,650291.966171115,0,0.686368396866217,0.733299886865978,0.556330090287773,0.00000189733138872589,0.00237089815682783,0.00711841989455474,0.690212636839663,0.164319526038769,42.6031549755891,4.20042981791962,0.000133222942968409,-0.0148678292205587,0.0368207268851948,85934.2709366576,-0.403789671695397,0.686368396866217,0.220514913172503,0.643518725586335,49.409420924154,0.342670546178097,0.733299886865978,0.42232745192454,0.712945920874835,48.9439818729636,0.592369546635899,0.556330090287773,0.708687822551569,0.168777454629928,4.1989483969022,0.000026815741607609,0.663854136162385,0.168768376837641,3.9335220768345,0.000083710146523654,0.0448336863891837,0.075755392676689,0.591821714666918,0.553969980690218,-0.201812538752037,0.955672267816858,-0.211173375589372,0.832751985480469,0.642842365097041,0.965146097267367,0.666057052830789,0.505374634072559,-0.844654903849077,1.42589184174967,-0.592369546635899,0.553603154318215,
0,650262.082100376,0,0.670567901746627,0.683413695803423,0.566961502791894,0.00000210551605780467,0.00340220625041714,0.00673944315190716,0.683742341588612,0.160370684240479,43.0232284301008,4.26351203043648,0.000107955549297964,-0.0156599185049604,0.0368148004504422,85935.8983559818,-0.425370185723016,0.670567901746627,0.270685845677216,0.659836960268116,49.2966150913273,0.410231408630438,0.683413695803423,0.418047879351729,0.725230128968144,48.9710649447556,0.576434793113915,0.566961502791894,0.702036325310933,0.164972008341689,4.25548753614539,0.0000208593985000986,0.655771453264052,0.164963201229286,3.97525901763134,0.0000703026993436668,0.0462648720468808,0.0758949260978244,0.609591107411422,0.542132703797051,-0.147362033674513,0.975770519999142,-0.151021198790309,0.879958993472569,0.688733725028944,0.985169528811479,0.699101733140123,0.484488455494811,-0.836095758703457,1.45046025793628,-0.576434793113915,0.564321332685404,
0,650309.675309714,0,0.60990935282937,0.707478146280433,0.498102273995016,0.000003029028835054,0.00288013965044194,0.00939747194723475,0.694710622641778,0.154705737729523,44.5842095864894,4.49052913510139,0.0000497816755444824,-0.0187886349989847,0.0368256781808253,85937.7994801943,-0.510204724722972,0.60990935282937,0.253743736588555,0.672304648672687,49.3165007711282,0.377423742479714,0.707478146280433,0.483452082358177,0.708309091819408,49.1077042424046,0.682543945774226,0.498102273995016,0.717605245788738,0.159465133672844,4.5000761562146,0.00000679291214413826,0.662744768133458,0.159455973054695,4.15628687616568,0.000032346162651232,0.0548604776552799,0.075710016217231,0.724613207027607,0.468689354339206,-0.229708345769622,0.971845600997879,-0.236363004096289,0.813151001375288,0.737195818946731,0.981278119690306,0.75126083436915,0.452495695032425,-0.966904164716352,1.41661818363881,-0.682543945774226,0.494895064699375,
0,650272.003479952,0,0.833744779783354,0.703306714763511,0.482721711894475,0.000000512672838367788,0.00296013401697917,0.0101134533933202,0.718096863592696,0.151992977316471,44.8011266606525,4.72453975355397,0.0000230605510789073,-0.00772816951325683,0.0368180161214954,85939.3333343864,-0.209901845003129,0.833744779783354,0.266022165619591,0.694438743900954,49.4275305747213,0.383075063072134,0.703306714763511,0.484003300228749,0.684279722779561,48.9683249904491,0.707317905406747,0.482721711894475,0.729721399832154,0.156829856397318,4.65294948675751,0.00000327220428656495,0.696962147342379,0.156820492523833,4.44433081496959,0.00000881658554491029,0.0327592524897751,0.0754126647745003,0.434399879486186,0.663998085253279,-0.217981134609157,0.970197133773653,-0.224677157889865,0.822230435680166,0.750025465848338,0.979635308517102,0.765617020259989,0.44390421414124,-0.968006600457495,1.36855944555912,-0.707317905406747,0.479368940841974,
0,650339.439997946,0,0.472879127646168,0.560847739098436,0.617869144125076,0.00000599535722134417,0.00692917884985431,0.00514370523726792,0.710664077064738,0.15083305596616,43.769187514974,4.71159370545526,0.0000250712932735782,0.0264386888022379,0.0368326602473813,85940.1254758094,0.717805573224042,0.472879127646168,0.41955872073032,0.716502750369916,49.141479970479,0.585564703713573,0.560847739098436,0.343685664668909,0.684519625543498,48.7568125955448,0.502082996372863,0.617869144125076,0.682869173415821,0.155741338858578,4.3846365930879,0.0000116179564858414,0.72345993373583,0.155732227054767,4.6455377118662,0.00000339191801620728,-0.0405907603200088,0.0754431561447748,-0.53803104740363,0.590555614269716,0.0758730560614105,0.986233207799419,0.0769321651931656,0.938677509241027,0.763244385399228,0.99560568395193,0.766613125760418,0.44331156909085,-0.687371329337817,1.36903925108699,-0.502082996372863,0.615609140432899,
0,650316.64119362,0,0.127956531334329,0.477801603646351,0.692417609291997,0.0000269618375182027,0.0103220490736384,0.00321071037516033,0.724642617427563,0.151060881177585,43.3276544977934,4.79702363562732,0.0000193435023728541,0.056060117567451,0.0368277606858125,85940.165763833,1.52222444491575,0.127956531334329,0.519732467955768,0.726572844972185,49.060203675144,0.715320523678069,0.477801603646351,0.27263717619359,0.685168730318031,49.1560879387418,0.397912461747987,0.692417609291997,0.664165723726024,0.155976798899271,4.25810587480346,0.0000206166308006884,0.766539295017279,0.15596785402822,4.91472617734797,0.000000889066324805705,-0.102373571291254,0.0754421212132406,-1.35698161245878,0.174787053081224,0.247095291762177,0.994002960475064,0.248586072262886,0.803680983099223,0.792369644149356,1.00333777496913,0.789733690803916,0.429683311270316,-0.545274352387179,1.37033746063606,-0.397912461747987,0.690694713791948,
0,650386.769502856,0,0.0469969980164121,0.429839928997795,0.760596432276875,0.0000459094189038085,0.0128294900920981,0.00190296557712513,0.726015886096229,0.152290776582363,44.9603908669364,4.76730043925923,0.0000199113225738371,0.0731824544473589,0.0368425703025733,85939.4096344893,1.98635583365495,0.0469969980164121,0.578070090994191,0.726139250485718,48.7645197843323,0.796087101210295,0.429839928997795,0.208594746910337,0.680805173202067,49.2382799372378,0.306394186062426,0.760596432276875,0.646229137935924,0.157164561695712,4.11179932017432,0.0000392587475987769,0.785136872772171,0.15715556010597,4.99592169849257,0.000000585554174834258,-0.138907734836246,0.0754184369399433,-1.84182728351769,0.0655004178339136,0.369475344083854,0.990689634687929,0.372947622693398,0.709187427025427,0.786664837904526,1.00004091797846,0.786632650486677,0.431496940218385,-0.417189493820672,1.36161034640413,-0.306394186062426,0.759304534494461,
0,650529.451098473,0,0.0292269941236658,0.236196666379389,0.913432818635694,0.0000553194965668564,0.0287321550298271,0.000242107707971433,0.72725887942677,0.153810261922742,46.0098740291186,4.72828581354387,0.0000217361467439467,0.0803995298023853,0.0368729456645006,85938.764576984,2.18044770640036,0.0292269941236658,0.868121100153005,0.723815665690326,48.6267761183351,1.19936765851158,0.236196666379389,-0.0735369918319501,0.672991657078028,49.3035947059282,-0.109268801564689,0.913432818635694,0.630027410183171,0.158629487415744,3.97169164729104,0.0000713640553949394,0.793455386172221,0.15862034189792,5.0022297057136,0.000000566710075038444,-0.16342797598905,0.0753838870037857,-2.16794307755506,0.030163017752931,0.941658091984953,0.983641089439539,0.957318784356085,0.338406376981214,0.794584108321054,0.993027685392965,0.800163097171473,0.42361630758603,0.1470739836639,1.34598331415605,0.109268801564689,0.912989291141075,
0,650543.715676824,0,0.0450325462053837,0.219893708768968,0.708071839423364,0.0000467468521942532,0.0308200813396296,0.00287262220968236,0.71976071124123,0.153368367758726,46.7052812676476,4.69301930873733,0.0000238082053225105,0.0739135247397887,0.0368760115738997,85938.4005797075,2.00437958404654,0.0450325462053837,0.895888622474295,0.720840981754022,48.5735371191431,1.24283808100689,0.219893708768968,-0.247448596438648,0.657018884172644,49.236413654682,-0.376623263652839,0.708071839423364,0.625410275277048,0.15817582537774,3.95389291494769,0.0000768898325997844,0.782083507517693,0.158166293791793,4.94469136734792,0.000000762645920224831,-0.156673232240645,0.0752080910895975,-2.08319650147742,0.0372333158835915,1.14333721891294,0.970613664557437,1.1779529391174,0.238815368284926,0.648440026035646,0.980040909577511,0.661645875900409,0.508198199273235,0.494897192877295,1.31403776834529,0.376623263652839,0.706453596831145,
0,650742.282455822,0,0.0706150174534765,0.307812591601959,0.800954846625951,0.0000380348457324402,0.0213632812907233,0.0012974709568594,0.729559182150041,0.153268730639751,46.9643937809235,4.76000015857653,0.000018869639981981,0.0667476158137991,0.0369185880086249,85937.590361258,1.80796773154503,0.0706150174534765,0.724785178533329,0.703248270356061,48.6580622472977,1.0306249003163,0.307812591601959,-0.162226297032885,0.640018399564259,49.4533932073942,-0.253471301986526,0.800954846625951,0.646956423617806,0.158040220453209,4.09361883805617,0.0000424692250647195,0.786251176814159,0.158030035370123,4.9753274747593,0.000000651374265550544,-0.139294753196354,0.0750971334779781,-1.85486112112656,0.0636160611615171,0.887011475566213,0.946107280226069,0.937537945331384,0.34848191459889,0.562558881500443,0.955638204229194,0.588673494854882,0.556080321413855,0.32445259406577,1.28003679912852,0.253471301986526,0.799904034912752,
0,651077.860463558,0,0.0762931560709678,0.324442805892627,0.843701104340711,0.0000365633135785327,0.0198788286103038,0.000792091847966508,0.729811943535836,0.154092551827228,48.7614825003709,4.73619220969301,0.0000191533821009312,0.0655705870234011,0.0369905127698469,85936.1738321496,1.77263255125383,0.0762931560709678,0.699833206300302,0.703061571959111,48.8530125797506,0.995408132391857,0.324442805892627,0.124825524244406,0.62980248721781,49.5539608580301,0.198197890255769,0.843701104340711,0.653963215683001,0.158840621037166,4.11710311514072,0.0000383664443322974,0.780641929984205,0.158830150756284,4.91494798857213,0.000000888060328020267,-0.126678714301205,0.0751186430611561,-1.68638182399104,0.0917222800187967,0.575007682055895,0.939103501681508,0.612294258328627,0.540343087791826,0.824658730544707,0.948671759288868,0.869277199906191,0.384695530595372,-0.249651048488811,1.25960497443562,-0.198197890255769,0.842890238077703,
0,651254.886258664,0,0.109137194543295,0.307721392926945,0.672538417881812,0.0000298674078276754,0.0211982027996883,0.00359775991283499,0.710896169217971,0.153713904887233,49.0071432969154,4.62480066289056,0.0000276313659346942,0.0593234455952312,0.037028555721794,85934.7238381135,1.60209990475851,0.109137194543295,0.718333948078266,0.696915742586947,49.0555273265157,1.03073284786453,0.307721392926945,0.261512828908104,0.615085565293362,50.0630660328022,0.425164958607631,0.672538417881812,0.643407142634495,0.158453883699321,4.06053248814911,0.0000489609235121189,0.752705060696074,0.158442906716481,4.75063905538524,0.00000202774796481854,-0.109297918061579,0.0750315880688943,-1.45669205296869,0.145201404448842,0.456821119170162,0.92470793933976,0.494016650810126,0.621294420173658,0.979846776986368,0.934322661995067,1.04872419009306,0.294305077478955,-0.523025657816206,1.23017113058672,-0.425164958607631,0.67071642681344,
0,651492.954824221,0,0.105549607059625,0.362716519041375,0.652169421667857,0.0000304836716162727,0.016864574254102,0.00409865419775825,0.694287985828978,0.154827267346066,50.1384269097333,4.48427462248702,0.0000427492785705121,0.0600150893988232,0.0370797332447024,85934.4296360628,1.61854156292771,0.105549607059625,0.651170715921025,0.708769580936635,49.2059415282467,0.918734005289147,0.362716519041375,0.280151038220615,0.617785899185099,49.9670293456268,0.45347593493175,0.652169421667857,0.627640998080099,0.15956465936164,3.93345870314304,0.0000837322302156797,0.737655895641681,0.15955390635021,4.62323933343617,0.000003777934035968,-0.110014897561582,0.0751552583720287,-1.46383499896965,0.143239037113734,0.371019677700409,0.935414749982908,0.396636548340925,0.691635496947737,0.931321754141638,0.945000908835794,0.985524717948675,0.324366396101475,-0.560302076441228,1.2355717983702,-0.45347593493175,0.650206068239065,
0,651509.369018409,0,0.0874144313300477,0.365480191615055,0.566381947761708,0.0000339943531186441,0.0167278672854341,0.00664197636822648,0.684677577517935,0.153827232256364,51.5042908470121,4.45095167789842,0.0000460463221390634,0.0633837084319561,0.0370834834948748,85935.5177907446,1.70921667703403,0.0874144313300477,0.663859469595732,0.726768967125673,49.0447715917476,0.913439483005521,0.365480191615055,0.367642637668968,0.636906711680722,49.8320293484532,0.57723153316881,0.566381947761708,0.615999055799821,0.158645585526783,3.88286288429896,0.000103233787063518,0.729623403717747,0.158635436643126,4.59937211481406,0.00000423766239392172,-0.113624347917926,0.0753680343369468,-1.5075933572839,0.131658633910302,0.296216831926763,0.961591947817861,0.308048369788212,0.758045526937486,1.0315021072647,0.971096034289905,1.06220401571196,0.288143077213165,-0.735285275337934,1.27381342336144,-0.57723153316881,0.563783058078451,
0,651677.242029279,0,0.202980191062537,0.348477085765361,0.631530690475159,0.0000188603280516416,0.0181055692427736,0.00461963621221165,0.666619974152893,0.15123141606317,51.7968128885941,4.40794638776933,0.0000527920568658629,0.0472582785485276,0.0371201559249238,85936.7209380735,1.27311638033279,0.202980191062537,0.662221146664662,0.699508146193949,48.6041273357,0.946695403431444,0.348477085765361,0.325186302362959,0.673923977067745,50.167673732613,0.482526684653439,0.631530690475159,0.613337268971014,0.156147487147,3.92793557025742,0.0000856781554329498,0.696228553168969,0.156137542463992,4.45907206032483,0.00000823152455066825,-0.0828912841979552,0.0758471138148609,-1.09287328190613,0.274449440633755,0.337034844301702,0.966542274296546,0.348701607021791,0.72731333767784,0.987407449027619,0.976097525309154,1.01158687879562,0.311735622187091,-0.650372604725918,1.34784795413549,-0.482526684653439,0.629431846823439,
0,651823.458073717,0,0.74612015931664,0.351574439140405,0.79940887351869,0.00000121974076460537,0.018016737507019,0.00130032342017408,0.633548718675681,0.147026023777665,51.5428241853909,4.30909237968471,0.000073874049684543,0.0120284456763898,0.03715229647047,85936.8887950224,0.323760489097908,0.74612015931664,0.643962938253456,0.684596649348008,48.2258779222846,0.940645763993658,0.351574439140405,0.177368373867875,0.694294402408661,50.1243282681409,0.25546565441482,0.79940887351869,0.613179993742749,0.152092610535494,4.03162251988336,0.0000553931066048015,0.630896040678342,0.152082537295372,4.14837924128677,0.000033483739081455,-0.0177160469355933,0.0761409944465603,-0.232674225814418,0.816014384783531,0.46659456438558,0.970255492764593,0.480898657997896,0.630588526617222,0.821331312121329,0.979815726445114,0.838250795484999,0.401889864221538,-0.35473674773575,1.38858880481732,-0.25546565441482,0.798363467513772,
0,652132.197973679,0,0.813058878797049,0.414204226877834,0.792565661436723,0.000000650760940255394,0.0138042525745016,0.00139846411461249,0.601503612720266,0.142885722846113,50.86738516086,4.20968310016588,0.000104166251700495,-0.00880179268562848,0.0372196425657301,85936.1935971151,-0.236482461380022,0.813058878797049,0.545914824600151,0.662843051643922,48.4594620053834,0.823595907426689,0.414204226877834,0.186273787048174,0.704533472157706,49.9161555060831,0.264393097573763,0.792565661436723,0.603876897844419,0.148092657608998,4.07769640706164,0.0000454841033280031,0.579614103297842,0.148082055075563,3.91414140627693,0.0000907264580819292,0.0242627945465772,0.0763837597528511,0.31764336588147,0.750755475217924,0.359641037551976,0.962515311083916,0.373647082192359,0.70866690038684,0.732188611648324,0.972121867327068,0.753186031769391,0.451338131906718,-0.372547574096348,1.40906694431541,-0.264393097573763,0.791477029693093,
0,652485.376428183,0,0.444029135276993,0.627279052341194,0.672489190762342,0.0000068173286882332,0.00485567624285434,0.00358976919308339,0.55003277036918,0.14153334132696,49.9128762939722,3.88624168137552,0.000300720980649894,-0.0285471760464432,0.037296547669886,85935.3490705699,-0.765410683560206,0.444029135276993,0.319333246796986,0.653513717046627,48.9345057338693,0.48864046532967,0.627279052341194,0.298274454913195,0.701448212657707,50.1894628208923,0.425226623335553,0.672489190762342,0.578203524959991,0.146787251872821,3.93905817830117,0.0000818020941955383,0.510445987142492,0.146776220169954,3.47771584900769,0.000505705703949562,0.0677575378174989,0.0764874301236244,0.885865006942766,0.375690274650705,0.0210587918837905,0.95385890596956,0.0220774705273471,0.982386158010538,0.61760770171018,0.963521008759087,0.640990384325499,0.521528930363702,-0.59654890982639,1.40289642531541,-0.425226623335553,0.670671477970763,
0,652603.564910466,0,0.201581314454076,0.661487204550325,0.490690820565616,0.0000189780427780837,0.00395431988716807,0.0095645177156008,0.500122301464537,0.138523416376443,48.9186013422154,3.61038093447995,0.000718548013548131,-0.0476636769815117,0.0373227088156656,85934.8075786382,-1.27706906851053,0.201581314454076,0.284095655072637,0.644878847378321,48.8855355094724,0.440541128349293,0.661487204550325,0.496752498905788,0.71543631911283,49.9230682411258,0.694335031134261,0.490690820565616,0.551587174599543,0.143902795803698,3.83305391336509,0.000126562201881761,0.438501128707841,0.143891607763959,3.04744060839992,0.00230799130045935,0.113086045891701,0.0767009066576249,1.4743769118205,0.1403801373062,-0.21265684383315,0.958349151997454,-0.221899130802085,0.824392407185222,0.780848153978424,0.967988952348717,0.806670522513488,0.41985633140756,-0.993504997811573,1.43087263822566,-0.694335031134261,0.48747212693937,
0,652835.656680798,1,0.118654071419454,0.754734737695853,0.438313253147411,0.0000283323120381562,0.0020253486628719,0.0121937943852837,0.478056775753547,0.135958973865802,50.1696538372279,3.51618405288504,0.000938985710949541,-0.0583199689853212,0.0373734913052614,85943.4745638561,-1.56046349828471,0.118654071419454,0.204083865174139,0.64959445442306,48.6353938375579,0.314171193711,0.754734737695853,0.572973194106998,0.733299340660343,49.4582678848946,0.781363301910282,0.438313253147411,0.542970563554803,0.141483882715925,3.83768492305936,0.00012419969850128,0.405847076009775,0.141472874823113,2.86872714304573,0.00412127160817585,0.137123487545028,0.0770098019202269,1.78059784762298,0.0749781716613663,-0.368889328932859,0.974838135928538,-0.378410851337376,0.705125408286314,0.777057059281136,0.984424890583094,0.789351292022766,0.429906715756089,-1.14594638821399,1.46659868132068,-0.781363301910282,0.434588848704559,
0,653026.159118789,1,0.0976950632853214,0.786829012587762,0.415987244983991,0.0000319125601308154,0.00152089223393693,0.0133990665330247,0.452407279297275,0.132918308644044,50.1836290590015,3.40364908275221,0.00131467656128339,-0.0619655416525358,0.0374154125694068,85945.6534579964,-1.65615016372164,0.0976950632853214,0.180568418676086,0.664025339493492,48.5461534354028,0.271930012209807,0.786829012587762,0.597902615897556,0.728903059702162,49.5436887842517,0.820277275474555,0.415987244983991,0.521832581550998,0.138588920527686,3.76532683539268,0.000166331365921099,0.376526732376678,0.138577880029521,2.71707672462927,0.0065861338037427,0.14530584917432,0.0770333464343958,1.88627206138665,0.0592583021519554,-0.417334197221469,0.98120867270019,-0.425326649501585,0.670598569097466,0.778471034573641,0.990801788695986,0.785698051270378,0.432044405170762,-1.19580523179511,1.45780611940432,-0.820277275474555,0.412058057958701,
0,653176.43326687,1,0.139875718001089,0.761930235600979,0.563861716950505,0.0000253560905346609,0.00189062113421162,0.00678997117359594,0.419590974435888,0.12893976179252,50.1839324381494,3.25416278580582,0.00203860524184845,-0.0552843533436654,0.0374487331401329,85948.2228617351,-1.47626765201353,0.139875718001089,0.20911357808338,0.68642726526511,48.9946932956763,0.304640547753616,0.761930235600979,0.420976844657201,0.724533420265206,49.3824618948769,0.58103164447971,0.563861716950505,0.478662338907203,0.134814383354409,3.55052871212461,0.000384458197178534,0.353043887910902,0.134803396898475,2.6189539435478,0.00881998546884806,0.125618450996301,0.0770422634945377,1.63051350386671,0.102993013523711,-0.211863266573821,0.993266303503466,-0.213299561080984,0.83109331588345,0.630090422740579,1.0028380654351,0.628307245664035,0.529802685987222,-0.8419536893144,1.44906684053041,-0.58103164447971,0.56121912636081,
0,653336.507926237,1,0.252015563803349,0.620716826418512,0.629497433901417,0.000015266179898422,0.0050211427521836,0.00475787403845225,0.423393701594049,0.126509827690854,50.1725057670632,3.34672577871717,0.00155573249836656,-0.0429367569773868,0.037483795381986,85947.7189681017,-1.1454751724,0.252015563803349,0.332287448003711,0.66726553436046,49.1407487973198,0.497983832361717,0.620716826418512,0.356569605452812,0.734491443970292,49.2981893808707,0.485464614162659,0.629497433901417,0.466764497005517,0.132487140980052,3.52309283416264,0.000426541926970077,0.368143770327476,0.132475748364087,2.77895218463454,0.00545345519085308,0.098620726678041,0.077226165728428,1.27703772093061,0.201588930344219,-0.0242821574491014,0.987523671433306,-0.0245889371075611,0.980382843542457,0.688857053456522,0.997115313081043,0.690849939239208,0.489659848505228,-0.713139210905623,1.46898288794058,-0.485464614162659,0.627346807818829,
0,653429.626286642,1,0.159049218869707,0.488227232763321,0.705930486358241,0.0000230755433773545,0.00986040429365113,0.00290294067945062,0.425387369871873,0.125750121127438,50.1616436137353,3.38279888765099,0.00139882669194701,-0.0528164606152133,0.0375040009746535,85945.1607591833,-1.40828869567566,0.159049218869707,0.442362791450896,0.633390677728083,48.9796358349843,0.698404329280015,0.488227232763321,0.271228502427664,0.714673288121833,49.4714712388444,0.379513977835179,0.705930486358241,0.475144841227957,0.131678462466155,3.60837172859672,0.000308124792540303,0.359815615645767,0.131665831383648,2.73279416432146,0.00627995649407295,0.11532922558219,0.0770222860146436,1.49734877461652,0.134302529785261,0.171134289023232,0.950083837728166,0.180125460751387,0.857054074720966,0.713591293878558,0.959804157139954,0.743475935762701,0.45719358545698,-0.542457004855326,1.42934657624366,-0.379513977835179,0.704306226479138,
0,653641.551257742,1,0.20822186294381,0.487933156749281,0.691693612940112,0.0000184273790779212,0.00981872946852378,0.00319178781919558,0.411880110891065,0.127923926473849,50.1385804681107,3.21972692868574,0.00225313822463164,-0.0472559932353687,0.0375500738846775,85945.0021198471,-1.25847936759059,0.20822186294381,0.44505750400458,0.636843100672571,49.2523290881166,0.698849533793416,0.487933156749281,0.274064446818458,0.687091703565953,49.6882367136948,0.398876082182459,0.691693612940112,0.456079639356553,0.133726257183183,3.41054665675566,0.000648327905944716,0.351769964720435,0.133713235100405,2.63077895360389,0.00851894247520271,0.104309674636118,0.0767838964403215,1.35848373776122,0.174310239322992,0.170993057186121,0.931913580791869,0.183485959117394,0.854416734755189,0.719121950823037,0.941735295028547,0.763613676390071,0.4450974967233,-0.548128893636916,1.3741834071319,-0.398876082182459,0.68998451345586,
0,653877.5476358,0,0.396074641565981,0.64719673627152,0.732825784024691,0.0000083805499242539,0.00427448552834066,0.00236421096973384,0.396693893916508,0.129510852240449,48.2800618819855,3.06301662798119,0.00357760663123429,-0.0319108494540078,0.0376015941346441,85938.5571986466,-0.848656823956483,0.396074641565981,0.305620936065115,0.663708970339647,49.3931373952702,0.46047431890022,0.64719673627152,0.22664925159781,0.660222645122721,49.7294365692044,0.343292150416441,0.732825784024691,0.427193141195758,0.135256182137047,3.15840011484952,0.00158637662176183,0.355268827315786,0.135243179120994,2.62688905736198,0.00861694233254223,0.0719243138799722,0.076576507582845,0.939247768673182,0.347603548574492,0.0789716844673053,0.931224491846268,0.0848041317198758,0.932417108738679,0.532270187662923,0.941078117198549,0.56559617946214,0.57166832559586,-0.453298503195618,1.32044529024544,-0.343292150416441,0.731378685478658,
0,653898.715373386,0,0.568071988828276,0.666677161363612,0.748061474531196,0.00000379247403452133,0.00380190092247366,0.00210528248377616,0.409329135282264,0.130584561095563,48.6287523856026,3.13459058136828,0.00291627020238544,-0.0214691212465547,0.0376060453333093,85938.7324478047,-0.570895478539951,0.568071988828276,0.291449120159897,0.672597501883256,49.199411841951,0.433318766935421,0.666677161363612,0.211305206419584,0.65420735069588,49.4497275621667,0.322994240579564,0.748061474531196,0.429365701003474,0.136290372859064,3.15037439546427,0.00163061354364962,0.378873386669767,0.136277482676685,2.78016132399976,0.00543318998741426,0.0504923143337077,0.0765186964613579,0.659868981944908,0.509337910880764,0.0801439137403129,0.933348116218551,0.0858671189748741,0.931572050197248,0.50275432657948,0.94319171351296,0.533035139491365,0.594009255896563,-0.422610412839167,1.30841470139176,-0.322994240579564,0.746699603851348,
0,653942.143237893,0,0.48954562400217,0.7425527755467,0.669538249145595,0.00000555664874481745,0.00219739283976749,0.00373055538982715,0.41592502677019,0.133419592416879,49.1242545566103,3.11742090674812,0.00304699303406177,-0.025993331255868,0.0376150902576954,85937.8152654585,-0.691034663955119,0.48954562400217,0.22049829439375,0.667534284033465,49.5450472560389,0.330317557716175,0.7425527755467,0.281631672909985,0.655941488369058,49.2307107901797,0.429354870676404,0.669538249145595,0.443011104250809,0.139006033090808,3.18699191970614,0.00143760791064183,0.380956228438519,0.138993301495238,2.74082437311967,0.00612852559527102,0.0620548758122898,0.0765541693314847,0.810600864122605,0.417594920468344,-0.0611333785162354,0.930933075126447,-0.0656689295392493,0.947641409634536,0.502129967303734,0.94079015868757,0.533732164039874,0.593526852733043,-0.563263345819969,1.31188297673811,-0.429354870676404,0.667664990873452,
0,654269.105845966,1,0.629643715091584,0.997605195234916,0.619907609318359,0.00000270576040672425,0.000000183938196282054,0.00500751849174407,0.408692161014333,0.139665043722749,50.1393846838678,2.92623086006855,0.00514400599815898,-0.0181734467076295,0.0376862543425021,85944.5102901369,-0.482230113464307,0.629643715091584,-0.00202984953850034,0.672881703596889,49.4741398296136,-0.00301665140789203,0.997605195234916,0.335524696468073,0.672235705235741,49.4997573252186,0.499117636648609,0.619907609318359,0.432899323913486,0.145059114274913,2.98429592705953,0.00284231730169664,0.38455756437845,0.145047220780828,2.65125772357632,0.00801926235425167,0.0483417595350361,0.076866667443295,0.628904063919489,0.529411865344265,-0.337554546006573,0.946211892072136,-0.356743081369812,0.721284150500827,0.333494846929572,0.956046189344298,0.348827128486647,0.727219095565575,-0.671049392936146,1.34447141047148,-0.499117636648609,0.617696513527634,
0,654460.588723328,0,0.827159458133821,0.835770294387056,0.706281612814727,0.000000554778663388932,0.000883361475631154,0.00285244921266589,0.388991539353864,0.142450052052254,48.9261291464942,2.73072233916188,0.00876191770701362,-0.0082377529979127,0.037727845313588,85935.6834576884,-0.218346765616795,0.827159458133821,-0.138901102786091,0.666479053062404,49.1265328948665,-0.208410305091892,0.835770294387056,0.26372285366776,0.695828377478766,50.2149190119352,0.379005602823101,0.706281612814727,0.404426110507216,0.147777482993121,2.73672350019687,0.00620544260174619,0.378522623931215,0.147766104158405,2.56163364451593,0.0104181149754074,0.0259034865760011,0.0772118523707102,0.335485884364399,0.737258591031733,-0.40262395645385,0.958605920757111,-0.420009878653635,0.674478237104613,0.124821750881669,0.968409834130564,0.128893518510924,0.897441905367305,-0.527445707335519,1.39165675495753,-0.379005602823101,0.704683703249692,
0,654652.980312433,0,0.968032638937037,0.775803477200347,0.772662897252582,0.000000018689379081919,0.00165856086341127,0.00165705658641711,0.392085027915497,0.144116664361058,49.0981533419968,2.7206085406834,0.00898815037647795,-0.00151366606677491,0.0377699009237326,85935.6918556394,-0.0400759872214491,0.968032638937037,-0.192782220144544,0.67322410567287,49.3585421226641,-0.286356680517052,0.775803477200347,0.199174043981458,0.685770813981957,50.8217833056547,0.290438204602126,0.772662897252582,0.400604829391214,0.14938878477763,2.68162586627588,0.00732653473115628,0.390457109348098,0.149377386790514,2.61389704116108,0.00895160074544849,0.0101477200431162,0.0771736324571464,0.13149206173172,0.895386065872575,-0.391956264126001,0.956067772879957,-0.409967028744535,0.681830134211905,0.00639182383691406,0.965898040787625,0.00661749332434918,0.994720042781273,-0.398348087962915,1.37154162796391,-0.290438204602126,0.771481019622575,
1,654807.724876294,0,0.281686710631059,0.833840879658755,0.769969031221833,0.0000134859847875158,0.000893997861455875,0.00168828644592751,0.390831423448289,0.144632298070103,48.8486549941538,2.70224167536116,0.009444458216949,0.0406976998001464,0.0378040011336715,85936.1059573683,1.07654477250286,0.281686710631059,-0.145408764716732,0.689523540380819,49.7001915910874,-0.210882959320611,0.833840879658755,0.197780947428763,0.672785314680375,51.101768761268,0.293973342035154,0.769969031221833,0.356268167243805,0.14989869911111,2.37672621147784,0.0174670475809931,0.430592981547625,0.149887302948386,2.87277823456401,0.00406879619532376,-0.0743248143038198,0.0770900229114964,-0.964130136388063,0.33498068533841,-0.343189712145494,0.958443470908478,-0.358069852382838,0.720291039588844,0.052372182712031,0.968272532839097,0.0540882664082902,0.956864840613374,-0.395561894857525,1.34557062936075,-0.293973342035154,0.768778273765014,Model failed to converge with 1 negative eigenvalue: -7.0e+02
0,655151.612763996,1,0.0764049136573622,0.976824638926339,0.831533755294544,0.0000365326728459297,0.000017159913855541,0.000892219969913096,0.374461400301655,0.144799515727684,50.1401436696797,2.58606804325148,0.0126588165345516,0.0671211109680176,0.0378796082554305,85942.8992818831,1.77195895256902,0.0764049136573622,-0.0195718153970346,0.670341701737201,49.6760654571672,-0.029196774341077,0.976824638926339,0.143902504635782,0.672995790997125,51.1979310324057,0.213823781011428,0.831533755294544,0.310262358265457,0.150049240843162,2.06773694103362,0.0386647662029003,0.439360126468051,0.150037421197668,2.92833696394457,0.00340780501317627,-0.129097768202594,0.077230510501725,-1.67159024799805,0.0946051490914712,-0.163474320032816,0.944919062708003,-0.1730035158401,0.862648664055285,0.124330689238747,0.954824920342241,0.130213075287334,0.896397850072512,-0.287805009271563,1.34599158199425,-0.213823781011428,0.830684479247311,
0,655483.961686322,1,0.1393424369891,0.989140026723111,0.961719114957401,0.0000254269338764241,0.0000037683639598249,0.0000458607578818765,0.383706344816439,0.145508621207128,50.1486391038601,2.63700076073322,0.0111067794603841,0.0561037430544425,0.0379526093191776,85940.001605525,1.47825786054961,0.1393424369891,-0.00877765250211077,0.641637530886734,49.6618359722558,-0.0136800796081554,0.989140026723111,0.0327429504411417,0.678834701769537,50.7278441799896,0.048234055147431,0.961719114957401,0.328344773767157,0.150718120809232,2.17853548069877,0.0293661936875565,0.439381713233597,0.150705812299945,2.91549281695326,0.00355127281672311,-0.11103693946644,0.0774288040909717,-1.43405210464031,0.151557394314276,-0.0415206029432524,0.929084563734102,-0.0446897995768826,0.964354564334726,0.0239652979390309,0.939059327289245,0.0255205366078529,0.979639767976859,-0.0654859008822833,1.35766940353907,-0.048234055147431,0.961529709680451,
0,655548.369067441,1,0.162672303426201,0.914177061638241,0.852506054077719,0.0000226812906161858,0.000234342499948793,0.000700058010938807,0.40020950792097,0.14282372912901,50.1351058051152,2.80212196083655,0.00719745343402192,0.0530076422061279,0.037966953714146,85938.5169706244,1.39615210125162,0.162672303426201,-0.0676126903068009,0.624209654357087,50.0544422732395,-0.108317277432115,0.914177061638241,-0.130745082039291,0.699586632256947,49.8573913597112,-0.186889051349498,0.852506054077719,0.346073387551202,0.148137968166063,2.33615589464041,0.0194831180525606,0.456762753398861,0.14812548433236,3.08362032001184,0.00204498398411361,-0.110689365847659,0.0776911132980766,-1.42473651295198,0.154233380275942,0.0631323917324897,0.932598755553403,0.0676951275739447,0.946028328048327,-0.198357772346091,0.942537987770603,-0.210450692619052,0.833315931424926,0.261490164078581,1.39917326451389,0.186889051349498,0.851747623713892,
0,655696.740815855,1,0.152706137476483,0.73556921434836,0.798156830263338,0.0000237953947157069,0.00230292432688496,0.00133651444579033,0.413191210751605,0.138659772510137,50.1360315021184,2.9798924610337,0.00443771934672,0.0543423816503527,0.038000321341546,85940.8313601166,1.43005058199178,0.152706137476483,-0.214769873851914,0.632390616023916,49.9683400244499,-0.33961584566554,0.73556921434836,-0.182215951157182,0.70869021754194,49.3975514776829,-0.257116504005361,0.798156830263338,0.359430723591446,0.144161018409726,2.4932587710354,0.0126576560447612,0.474629630149043,0.144148552042519,3.29264237083037,0.000992506332082758,-0.115198906557597,0.0778586285571185,-1.47959074918826,0.138982496759097,-0.0325539226947319,0.944851562361012,-0.0344540073716823,0.97251511735401,-0.396985825009095,0.954764346031756,-0.415794564029406,0.677560336959023,0.364431902314364,1.41738043508388,0.257116504005361,0.797088837385092,
0,656276.840339626,1,0.280791895619028,0.734068743112531,0.914656865288189,0.0000135356503399433,0.00233455918145779,0.000234778807949223,0.42141208472155,0.136888474375243,50.1504899355163,3.07850669418932,0.00336943281725212,0.0411238252837592,0.0381288461012775,85939.8676655787,1.07854890689654,0.280791895619028,-0.213726901510022,0.625619351687769,49.8744445732988,-0.341624505273756,0.734068743112531,-0.0787919881447242,0.731476057897018,49.4086534901653,-0.107716428028075,0.914656865288189,0.382700192505219,0.142515550763765,2.68532234169719,0.00724598855794941,0.467764623354653,0.14250304989995,3.28248850591665,0.00102895180376119,-0.0850644308494342,0.0783627952153981,-1.08552063023805,0.277691131551589,-0.134934913365298,0.957573481094507,-0.140913377437173,0.887938373933894,-0.292518889654746,0.967453679134102,-0.302359581614862,0.762377962813413,0.157583976289448,1.46295211579403,0.107716428028075,0.914220637655772,
0,656596.527665409,1,0.514464350703143,0.906716664796835,0.785013221165007,0.00000494509052612816,0.000279449671771028,0.00152513996319142,0.430014745024507,0.137308231090271,50.1671032988742,3.13174775911142,0.00289783352166273,0.0249025940459238,0.0381997420105076,85939.3222233054,0.651904770432057,0.514464350703143,-0.0734600703988394,0.623700985813558,49.6277784956732,-0.11778091115732,0.906716664796835,-0.200631776187266,0.731473496515086,49.2526587536199,-0.274284409678715,0.785013221165007,0.402838983606386,0.142932695841628,2.81838232487224,0.0048266299558531,0.459816672918179,0.142920082447945,3.21729924194281,0.00129403554098505,-0.0569776893117938,0.0784919945651643,-0.725904464874959,0.467897339187473,0.127171705788427,0.956313190646027,0.132981231496469,0.894208223754303,-0.274091846586105,0.966218336099056,-0.283674855201677,0.77665956609732,0.401263552374532,1.46294699303017,0.274284409678715,0.783866064537577,
0,656652.995749318,1,0.862272405239934,0.975471096579736,0.760593418014864,0.000000350200078695189,0.000019375898447401,0.00190150913132493,0.422526683392198,0.138876733547932,50.1716051562942,3.04245839168134,0.00372760031677375,0.00662916361369816,0.0382122380537987,85940.1554963681,0.173482736194751,0.862272405239934,-0.0194727918194696,0.630110895707634,49.2892487143602,-0.0309037535331001,0.975471096579736,-0.215941828721121,0.704778262831782,49.276917372398,-0.306396834450416,0.760593418014864,0.412385677253756,0.144409445518963,2.85566969509348,0.00429461660657402,0.433363833609785,0.144396573675406,3.00120579442527,0.00268912757726512,-0.0209781563560285,0.0782009948628208,-0.268259456197816,0.788499612038821,0.196469036901651,0.940371711848681,0.208926996023106,0.834505229407667,-0.23541462054059,0.950371151105765,-0.247708087799891,0.804360273705877,0.431883657442241,1.40955652566356,0.306396834450416,0.759302518282081,
0,656694.502064721,1,0.855178661239266,0.898103012245612,0.810722173682591,0.00000038761093084351,0.000336156022122447,0.00117880396483748,0.409717012542139,0.136021283468691,50.1801747589814,3.01215370193478,0.00405629899958787,-0.0069760796749408,0.0382218583654056,85941.5302390656,-0.182515449883379,0.855178661239266,-0.0816991985590941,0.634703662797558,49.2727353116777,-0.128720225434011,0.898103012245612,-0.165187599511857,0.686031609948231,49.1261570604394,-0.24078715487224,0.810722173682591,0.415200754689434,0.141644925027948,2.93127872112262,0.00337569760633518,0.407153982220606,0.141631524615757,2.87474122251529,0.00404358759093095,0.00804677246882792,0.0780044769473043,0.103157828675191,0.917837709132066,0.0834884009527622,0.929565007529405,0.0898144834159123,0.928434638605758,-0.24688679807095,0.939619665402148,-0.262751842220421,0.792741855901201,0.330375199023712,1.37206321989646,0.24078715487224,0.809720085690805,
0,656855.278508886,1,0.466847522221578,0.876051768054967,0.971595612957775,0.00000616060671787735,0.000495017117292185,0.0000261416488549415,0.401149452210481,0.132837299470607,50.1716287809805,3.01985552107104,0.00397048732524854,-0.02783706751245,0.0382576401619819,85937.8429788582,-0.727621133833362,0.466847522221578,-0.0957535158872914,0.610738448791927,49.6322178349416,-0.156783179570071,0.876051768054967,-0.0240018554755094,0.670639419078033,48.996735888899,-0.0357895089264304,0.971595612957775,0.430269065493139,0.138540160883252,3.10573528101883,0.00189806552956707,0.375452986659291,0.138525470961915,2.71035343935061,0.00672115449775583,0.0548160788338489,0.0778966007619883,0.703703092274058,0.481617694209938,-0.0717516604117819,0.901982137373117,-0.0795488706913282,0.936596061548661,-0.119755371362801,0.912110514339134,-0.131294804171366,0.895542101882963,0.0480037109510187,1.34127883815606,0.0357895089264304,0.971450198373189,
0,657046.178378836,1,0.365573739909099,0.719690124812768,0.824599598501223,0.00000952653546084653,0.00261110086701426,0.00100458707470913,0.377672986821479,0.131791900693876,50.1460595837586,2.86567675883764,0.00606588098066524,-0.0346538324523115,0.0382999798076241,85934.2571020497,-0.904800279957674,0.365573739909099,-0.213940539037616,0.592771012222299,49.7568797041764,-0.36091599391062,0.719690124812768,0.153280776041615,0.687931649946941,49.3697249505396,0.222813961319322,0.824599598501223,0.418890822694509,0.137550587123606,3.04535830383686,0.00232403258756349,0.344103434816559,0.137535632355179,2.50192207593104,0.0123521108752434,0.0747873878779502,0.0781667652501735,0.956767081746219,0.338684830795798,-0.36722131507923,0.903030680294662,-0.406654306539623,0.684261905058659,-0.0606597629960007,0.913121265936838,-0.0664312236050765,0.947034512257249,-0.306561552083229,1.37586329989388,-0.222813961319322,0.823680301582763,
0,657202.917576873,0,0.51239096773696,0.559207539814757,0.781390085691676,0.00000499496512416318,0.00677201236349246,0.00156643667731296,0.350666170794973,0.131260984610107,48.1393656944552,2.67151866822102,0.0102721437210978,-0.025113893603874,0.0383346825771241,85923.0584541916,-0.655121991772028,0.51239096773696,-0.341010669816614,0.580045913374986,50.6923470226677,-0.587902891742569,0.559207539814757,0.193635612189369,0.693987993044863,49.6218419371643,0.279018677743681,0.781390085691676,0.385336753729924,0.137042785539121,2.81179890071574,0.00492652937297349,0.328186575208863,0.137027472927786,2.39504216341944,0.0166184541356736,0.057150178521061,0.0782982737661694,0.729903429183314,0.465449216059616,-0.534646282005982,0.899424535335492,-0.594431507037502,0.55222354049537,-0.147375057627245,0.909494748452922,-0.16204058118855,0.871273896974164,-0.387271224378736,1.38797598608972,-0.279018677743681,0.780230490996215,
0,657395.962110104,0,0.456825726145252,0.640208960821931,0.698214678653522,0.00000644325396103112,0.00431026988252417,0.00308093713527952,0.340905266114916,0.13094129578714,48.7941273007882,2.60349696454123,0.0121907328868028,-0.0285565661630588,0.0383779806893574,85928.9845694673,-0.744087251338311,0.456825726145252,-0.282590231567559,0.600991288433569,51.0737211288824,-0.470206868229497,0.640208960821931,0.26566257734644,0.681175188723054,49.2175720284986,0.39000624471431,0.698214678653522,0.379261735402752,0.136755672255783,2.7732797415042,0.00554943932514348,0.312651278194594,0.136740614939975,2.2864551130755,0.0222276472476995,0.0666104572081585,0.0782347082386821,0.851418235049081,0.394537065767075,-0.548252808913997,0.903316449197259,-0.606933272831694,0.543895195837156,-0.0169276542211186,0.913454829545232,-0.0185314628305661,0.985214878162294,-0.531325154692879,1.36235037744611,-0.39000624471431,0.696531929246139,
0,657588.257828147,0,0.239743018301254,0.956070741224356,0.677038895776979,0.000016084119745057,0.0000596953530689959,0.00359340113921671,0.307071820135109,0.128652109064241,49.0759726134079,2.38683860193676,0.020892322970566,-0.0451691895526305,0.0384210177911252,85929.5589888804,-1.17563750648647,0.239743018301254,-0.0332429201120758,0.60054296387427,51.3267439475541,-0.055354774115771,0.956070741224356,0.279760912693298,0.667643099152456,48.6873612466382,0.419027640738656,0.677038895776979,0.357835887067853,0.134553820446583,2.65942569211486,0.00782739942962486,0.257496173549278,0.134538145755459,1.91392688001893,0.0556294992640241,0.100339713518575,0.0781638702116228,1.28370963780213,0.199243570927655,-0.313003832805373,0.892888235020617,-0.350552085388544,0.725924408272193,0.246517992581222,0.903077470858031,0.272975465047313,0.784872075629757,-0.559521825386595,1.33528619830491,-0.419027640738656,0.675195931736153,
0,657564.591870229,0,0.0883881172456202,0.861991302617667,0.555825984133708,0.0000337890736749258,0.000590349686240017,0.00719136086746224,0.274991468473226,0.128684801816906,49.2699503753169,2.13693819775615,0.037592825553231,-0.0654592543057795,0.0384154673755152,85928.8311187352,-1.70398172345291,0.0883881172456202,0.103913623708323,0.594782286231143,51.6729349996944,0.174708672591403,0.861991302617667,0.394335613347474,0.664804729090023,48.5733734761194,0.593160060529708,0.555825984133708,0.345641954483603,0.134570968457604,2.56847341180053,0.0102147547919847,0.200626114324906,0.134555088490215,1.49103327548624,0.135952758804241,0.145015840158697,0.0781221334717726,1.85627086350751,0.063414959907635,-0.290421989639151,0.886926245421712,-0.327447734395392,0.743329267731254,0.498249237055796,0.897120073820527,0.555387457705548,0.578629669593854,-0.788671226694947,1.32960945818004,-0.593160060529708,0.553074038785281,
