convergence_false,convergence_false_message,bic,singular,p_anova_condition,p_anova_pe,p_anova_interaction,effectsize_condition,effectsize_pe,effectsize_interaction,coef_intercept,se_intercept,df_intercept,t_intercept,p_intercept,coef_condition,se_condition,df_condition,t_condition,p_condition,coef_pe,se_pe,df_pe,t_pe,p_pe,coef_interaction,se_interaction,df_interaction,t_interaction,p_interaction,emmean_amc,emmean_se_amc,emmean_z_ratio_amc,emmean_p_amc,emmean_avc,emmean_se_avc,emmean_z_ratio_avc,emmean_p_avc,emmean_diff,emmean_se_diff,emmean_z_ratio_diff,emmean_p_diff,coef_amc,se_amc,z_ratio_amc,p_amc,coef_avc,se_avc,z_ratio_avc,p_avc,coeff_diff,se_diff,z_diff,p_diff
0,"",156643.874529676,0,0.603420786460009,0.825416152796932,0.817047367889079,1.9490714418543e-05,0.00100494939925297,0.00108421463113746,0.137191507507987,0.16907786754524,50.0070004983096,0.81141020702357,0.420975553967487,-0.0556698928644901,0.107160634601412,13846.3082077753,-0.519499469852493,0.603420786460009,-0.0607976356022911,0.274146426320866,48.8908225366151,-0.221770666202785,0.825416152796932,0.0622014027951656,0.267451657974589,49.8337285137459,0.232570638246241,0.817047367889079,0.192861400372477,0.200266374266548,0.963024377301526,0.335535289930419,0.0815216146434967,0.200087063904133,0.407430710675807,0.683691674936089,0.11133978572898,0.214321269202823,0.519499469852493,0.603412482501083,-0.122999038397457,0.38299016626365,-0.321154560174228,0.748093265307596,0.00140376719287454,0.383003704134907,0.00366515304609192,0.997075637518874,-0.124402805590331,0.534903315949179,-0.232570638246241,0.816094829433775
0,"",156620.595329216,0,0.675812536429877,0.675668213617298,0.835675474587197,1.24106344296045e-05,0.0035905224018441,0.000872498918967203,0.0780186963289959,0.177664959539014,50.0982472119595,0.439133842325637,0.662452829027881,-0.0448120575591153,0.107156455550241,14091.3861934329,-0.418192794162595,0.675812536429877,-0.116928150461989,0.277810241919112,49.161130822342,-0.420892151614894,0.675668213617298,0.0566981970502315,0.271910752432628,49.7899568829738,0.208517671857348,0.835675474587197,0.122830753888111,0.207565750715879,0.591767926377434,0.554006003554953,0.0332066387698806,0.207391289011699,0.160115880122658,0.872789792035466,0.0896241151182306,0.214312911100483,0.418192794162595,0.675806163809576,-0.173626347512221,0.388723242314452,-0.446658003978491,0.655122008358519,-0.0602299534117577,0.388744410238664,-0.154934583817631,0.876872888892496,-0.113396394100463,0.543821504865256,-0.208517671857348,0.834824785735354
0,"",156689.656459758,0,0.74204132500559,0.558100249650921,0.891573830863496,7.49235658561592e-06,0.00694955940118583,0.000375881755875419,0.0521537330411328,0.181298835175007,49.6385328929503,0.287667226271966,0.77479909966295,-0.0353644463341471,0.107439247222249,14460.5935767395,-0.329157614637715,0.74204132500559,-0.169136728784437,0.286844573380273,49.6817190181965,-0.589645907507586,0.558100249650921,-0.0377720441314994,0.275687878349155,49.9219008721863,-0.137010173815701,0.891573830863496,0.0875181793752799,0.210829408692678,0.415113716430583,0.678058658757932,0.0167892867069857,0.210655831605232,0.0797000803587946,0.936475795541258,0.0707288926682942,0.214878494444498,0.329157614637715,0.742036558041601,-0.131364684652938,0.397833681759521,-0.330200007379828,0.741248841260108,-0.206908772915937,0.397863786678811,-0.520049272750151,0.603029233164879,0.0755440882629989,0.55137575669831,0.137010173815701,0.891022753409264
0,"",156687.679630351,0,0.832136601980676,0.651364958618934,0.811139845018319,3.02957992802374e-06,0.00413529291967456,0.00114956299220887,0.0611502844481393,0.178651014020628,49.5356883202563,0.342289042037446,0.733581487618358,-0.0227922529924674,0.10752795651011,14830.2338219856,-0.211965834116121,0.832136601980676,-0.132637253173139,0.291759146127275,49.7709744558109,-0.454612151611104,0.651364958618934,-0.0679655174717008,0.282931345621982,50.139825175269,-0.240219115072912,0.811139845018319,0.0839425374406066,0.208602846801733,0.402403604397546,0.687387017797563,0.0383580314556719,0.208426833181071,0.184035955784773,0.853985248002549,0.0455845059849347,0.21505591302022,0.211965834116121,0.832133689085673,-0.064671735701438,0.406396445074061,-0.159134599933945,0.873562828742422,-0.20060277064484,0.406434522155696,-0.493567253049417,0.62161183254104,0.135931034943402,0.565862691243965,0.240219115072912,0.810160395786325
0,"",156749.295759855,0,0.830033543201294,0.613040602625946,0.88353738855954,3.12232312078379e-06,0.00519214356109228,0.000430792380346476,0.116005197364286,0.174517348617161,49.760867773567,0.66472014549549,0.509298460994237,-0.0231158056096393,0.107684488821019,14758.1719025446,-0.214662351678707,0.830033543201294,-0.146228833260237,0.287313123993326,49.6303817130243,-0.508952849865756,0.613040602625946,-0.0419874482636673,0.285178554455227,50.2979277505174,-0.147232137928027,0.88353738855954,0.139121002973925,0.20515586107276,0.678123463041522,0.497693415212137,0.0928893917546469,0.204977025223584,0.453169771847969,0.650426497262319,0.0462316112192785,0.215368977642037,0.214662351678707,0.830030577288867,-0.104241384996569,0.404797633815818,-0.257514808112735,0.796781385448842,-0.188216281523904,0.404833489149638,-0.464922706664552,0.64198680909574,0.0839748965273347,0.570357108910454,0.147232137928027,0.882948794609007
0,"",156789.939689556,0,0.559663895747823,0.457194102653183,0.596838439031092,2.37454527508549e-05,0.011219788110908,0.00560264138406846,0.121344542117397,0.17374386442207,49.7940633934244,0.698410516659276,0.488169586930741,-0.0628188224611388,0.107685512036136,14330.9262307527,-0.583354448275814,0.559663895747823,-0.21262999234838,0.283752770149099,49.4861808858343,-0.749349485598513,0.457194102653183,-0.146080491411481,0.274414957282817,50.2962980258279,-0.532334289857707,0.596838439031092,0.184163364578536,0.204498400198013,0.90056139510242,0.367821568258811,0.0585257196562582,0.204319857503014,0.286441662457575,0.774539868810885,0.125637644922278,0.215371024072273,0.583354448275814,0.559654715797923,-0.0665495009368989,0.394726743709351,-0.168596382174452,0.866114126433041,-0.358710483759861,0.394752079787107,-0.908698147843367,0.363509482124938,0.292160982822962,0.548829914565633,0.532334289857707,0.594494487102913
0,"",156773.640473235,0,0.460392737018299,0.393695607441254,0.625023876359609,3.80594395822026e-05,0.0146843445642951,0.00479644180542149,0.155579804937178,0.182403346130782,49.4286099564424,0.85294380962523,0.397804825890212,-0.0794561172278239,0.107631998091501,14318.3493202084,-0.73822021923514,0.460392737018299,-0.243951074045569,0.283528075725691,49.6745732671825,-0.860412406853098,0.393695607441254,-0.13507558619584,0.274670270384001,50.1791328942341,-0.491773594597619,0.625023876359609,0.235035922165002,0.211878034990074,1.10929819684241,0.267301562719973,0.0761236877093545,0.211704873997965,0.359574563739549,0.719165308178527,0.158912234455648,0.215263996183002,0.73822021923514,0.460380638050336,-0.108875487849729,0.394742379710105,-0.275814033268195,0.782690904658883,-0.379026660241409,0.394768676538388,-0.960123441315012,0.336993091998043,0.27015117239168,0.549340540768001,0.491773594597619,0.622879405269744
0,"",156737.660538863,0,0.988175053631306,0.549577560774189,0.896747725688038,1.55741827340068e-08,0.00721234048975318,0.000341970823652354,0.240038109633462,0.186055205176688,49.0467623891571,1.29014455363132,0.203050154934129,-0.00159296658517722,0.107479082156555,14104.5800839878,-0.014821177788408,0.988175053631306,-0.172130987695276,0.28570278710245,49.9653939929373,-0.602482703935093,0.549577560774189,0.0347999339795585,0.2667972030007,49.7343790078289,0.130435902581285,0.896747725688038,0.241631076218639,0.214953226493901,1.1241100222587,0.260966354080585,0.238445143048285,0.214782902878632,1.11016817378162,0.266926564421709,0.00318593317035443,0.21495816431311,0.014821177788408,0.98817484400467,-0.206930921674835,0.390894023481375,-0.529378576402549,0.59654285672685,-0.137331053715718,0.390916260317669,-0.351305554811455,0.725359128067686,-0.0695998679591171,0.5335944060014,-0.130435902581285,0.89622156306102
0,"",156750.630593356,0,0.799958232002398,0.694539872592176,0.849198585967676,4.57934825365075e-06,0.0031153407695606,0.000735362187581742,0.223674066846245,0.179757698060062,48.8273370431815,1.24430869587298,0.219326034691566,0.0272418232509349,0.107502690520275,14022.5828032375,0.253405967042259,0.799958232002398,-0.114765385889303,0.290559588438306,49.9218617715017,-0.394980549449913,0.694539872592176,0.0498890205219687,0.261013151445152,49.6437292586764,0.191136041405377,0.849198585967676,0.19643224359531,0.209537840093445,0.937454750453234,0.348524689210136,0.25091589009718,0.20936382335751,1.19846822661772,0.230734785355486,-0.0544836465018698,0.215005381040549,-0.253405967042259,0.799954517077665,-0.164654406411271,0.390570097794148,-0.421574532564584,0.673335598469997,-0.064876365367334,0.390589910303128,-0.166098415898621,0.868079500770704,-0.0997780410439374,0.522026302890305,-0.191136041405377,0.848419011178246
0,"",156732.60610624,0,0.786431412078031,0.71698258602614,0.934255843947731,5.21869420574267e-06,0.00264646639326744,0.000138068296100111,0.227475792789967,0.171452150963827,49.0531216067869,1.32675963241756,0.19073167603655,0.0291169088856285,0.10746123725953,14067.6885797899,0.270952667474954,0.786431412078031,-0.105849505192463,0.290357129407664,50.0835867509972,-0.364549358262355,0.71698258602614,-0.0216308400860042,0.260896399083705,49.7802039576225,-0.0829096919772519,0.934255843947731,0.198358883904339,0.202435104001548,0.979864064993501,0.327153223224199,0.256592701675596,0.202256134232874,1.26865225941755,0.204565116638224,-0.058233817771257,0.21492247451906,-0.270952667474954,0.786427436753974,-0.0842186651064592,0.390341859503585,-0.215756171304722,0.829177813850176,-0.127480345278468,0.39036088434254,-0.326570490004844,0.743992766341422,0.0432616801720084,0.521792798167411,0.0829096919772519,0.933923347493466
0,"",156748.52427222,0,0.800627371273432,0.884862931559744,0.949126076076518,4.56527739618167e-06,0.00042375031840525,8.23187196681192e-05,0.233781880926765,0.171541933271566,49.1751300574869,1.36282643239579,0.179145751511385,0.0271441414093851,0.107484498402668,13969.8388425368,0.252540057522484,0.800627371273432,-0.0429228992407953,0.294903390330288,49.9717384122858,-0.145549019266012,0.884862931559744,-0.0164003256613205,0.255752718288217,49.9493761079176,-0.0641257139751627,0.949126076076518,0.20663773951738,0.202523490298203,1.02031492353366,0.30757912786918,0.26092602233615,0.202344608063257,1.28951309764864,0.197219765880441,-0.0542882828187703,0.214968996805336,-0.252540057522484,0.800623655781085,-0.0265225735794747,0.390347037256229,-0.0679461377903708,0.945828510944592,-0.0593232249021158,0.39036408080855,-0.15196896389453,0.87921141451978,0.0328006513226411,0.511505436576433,0.0641257139751627,0.9488701271874
0,"",156748.376566525,0,0.64626940439266,0.940203140094142,0.996205710147675,1.44793888614677e-05,0.000114335372717711,4.54600536525304e-07,0.263222746822173,0.177806423618633,49.2600658960147,1.48038941150262,0.145137312012646,0.0493955703387495,0.107624888621862,14547.6906848923,0.458960478113013,0.64626940439266,-0.0218736921014923,0.290121746146962,49.7110977919805,-0.0753948726422326,0.940203140094142,0.00131712850963343,0.275597449964169,50.2430238759374,0.004779175242023,0.996205710147675,0.213827176483424,0.207929986642143,1.02836142076722,0.303779848894309,0.312618317160923,0.207753706385307,1.50475446431329,0.132387214762995,-0.0987911406774989,0.215249777243723,-0.458960478113013,0.646262547416517,-0.0231908206111257,0.400140041925965,-0.0579567605868761,0.953783070651325,-0.0205565635918589,0.400171351892807,-0.0513694033683984,0.959031165146702,-0.00263425701926686,0.551194899928339,-0.004779175242023,0.996186784376993
0,"",156767.194639464,0,0.488913060117262,0.847820814335929,0.93043648270505,3.23426397614935e-05,0.000750899216115874,0.000153146298007652,0.286999976905752,0.181469824604377,49.4853937762505,1.58153002865045,0.120128116986924,0.074565592435188,0.107745038713549,14807.8795263175,0.692055925038257,0.488913060117262,0.056817149196141,0.294531334315654,49.5208378261795,0.19290697652987,0.847820814335929,0.0246523085786359,0.280988039902669,50.2535217214257,0.0877343697161456,0.93043648270505,0.212434384470564,0.211133111001488,1.00616328468284,0.314337030403379,0.36156556934094,0.210958267573207,1.71391988330332,0.0865434408114888,-0.149131184870376,0.215490077427098,-0.692055925038257,0.488902209035404,0.0321648406175052,0.407047328606067,0.0790199034781868,0.937016791877662,0.0814694577747769,0.407085302115996,0.200128713444837,0.841379917513314,-0.0493046171572717,0.561976079805338,-0.0877343697161456,0.930087801857178
0,"",156824.647246089,0,0.534011498157897,0.706258733686522,0.730946538058991,2.60053270524406e-05,0.00288279739980306,0.00237537951035587,0.225134057169735,0.183635041894111,49.7585342358098,1.22598636321031,0.225974501808888,0.0671197125480265,0.107925363530556,14872.3473934173,0.62190860750748,0.534011498157897,0.113483854293595,0.299383062195389,49.6987870912677,0.379059033805765,0.706258733686522,0.0969077809702798,0.280252033444751,50.2173632824369,0.345787967277619,0.730946538058991,0.158014344621708,0.213088730107935,0.741542476421298,0.458364587021011,0.292253769717761,0.212914580314023,1.37263389518333,0.169866189112037,-0.134239425096053,0.215850727061112,-0.62190860750748,0.534001964919557,0.0165760733233156,0.410067113825906,0.0404228302256711,0.967756029234022,0.210391635263875,0.410107062262165,0.513016367246512,0.607939871695601,-0.19381556194056,0.560504066889502,-0.345787967277619,0.729502068704481
0,"",156840.329529425,0,0.6909586029875,0.907933672614628,0.759246415721913,1.05270545930741e-05,0.000271884707807628,0.00189534008442463,0.135437076267407,0.188391372796854,49.8948760417099,0.718913367723325,0.475547865827976,0.0429404348936243,0.108009358520256,15014.0776145176,0.397562169444524,0.6909586029875,0.0354257436573239,0.304772845201831,49.6801086792567,0.116236548678947,0.907933672614628,0.0868537927916145,0.281853431881342,50.0057399171262,0.308152333685897,0.759246415721913,0.0924966413737826,0.217243290405945,0.42577444486751,0.670272209980131,0.178377511161031,0.217071450260229,0.821745609324436,0.411221695296655,-0.0858808697872486,0.216018717040512,-0.397562169444524,0.690952951139979,-0.0514280491342906,0.415101805022719,-0.123892617454352,0.901400298331017,0.122279536448938,0.415145974252792,0.294545880323241,0.768340809996545,-0.173707585583229,0.563706863762683,-0.308152333685897,0.757966420881355
0,"",156799.919903383,0,0.761432005791098,0.800019308747979,0.904239171607164,6.1780464411461e-06,0.00130933946971078,0.000293306077511272,0.137443184755529,0.190734550360845,49.3993116213967,0.720599306709268,0.47455238227812,0.0327499622678372,0.107869800741836,14919.971831667,0.303606403670081,0.761432005791098,-0.0766311592920289,0.300881828517138,49.4763440310178,-0.254688558859459,0.800019308747979,0.0340375761579677,0.281484159035456,49.8380305234652,0.120921817677421,0.904239171607164,0.104693222487692,0.219209495576953,0.477594377069032,0.632938933755709,0.170193147023366,0.219039545004486,0.776997354609555,0.437160331076447,-0.0654999245356744,0.215739601483673,-0.303606403670081,0.761427772324813,-0.110668735449997,0.412002111547076,-0.26861205889075,0.788228231599412,-0.0425935831340612,0.412044503810183,-0.10337131727325,0.917668275671651,-0.0680751523159353,0.562968318070912,-0.120921817677421,0.903752960967133
0,"",156931.73655801,0,0.584095261453729,0.815988867412339,0.933742931833315,2.04398735766828e-05,0.00110630392622393,0.00014035566888415,0.0375166420134604,0.19609030033142,49.1196579099289,0.191323293146331,0.849060980336287,0.0592172896780934,0.108174293242614,14660.9407068547,0.547424789226776,0.584095261453729,-0.0668855280613316,0.285894455821787,49.4194231922013,-0.233951819279157,0.815988867412339,0.0241421625521677,0.288925577092967,49.7381287864125,0.08355841249873,0.933742931833315,-0.021700647664633,0.224032471310551,-0.0968638498592991,0.922834517399865,0.0967339316915537,0.223865180418256,0.432107983523039,0.665662932526643,-0.118434579356187,0.216348586485228,-0.547424789226776,0.584086928500639,-0.0910276906134993,0.406446079683088,-0.223960065464218,0.822788377083873,-0.0427433655091639,0.406483507963764,-0.105153996833186,0.91625361348015,-0.0482843251043355,0.577851154185933,-0.08355841249873,0.933407533268918
0,"",157033.27945925,0,0.456752097497091,0.756950783269935,0.965103735789286,3.84097055036727e-05,0.00195438093163035,3.91450049516252e-05,-0.0639530793857932,0.194147623107244,49.683851819589,-0.329404390134957,0.743234745112816,0.0806842062976254,0.108413632084273,14419.5469228553,0.744225654527537,0.456752097497091,-0.0845616405549601,0.271721019600363,49.4585642398221,-0.3112075785647,0.756950783269935,0.0132057568979004,0.300319580526841,49.3930615295492,0.0439723473066057,0.965103735789286,-0.144637285683419,0.222450798663194,-0.650198994800688,0.515563690284624,0.0167311269118322,0.222281966281343,0.0752698349386364,0.940000021610193,-0.161368412595251,0.216827264168546,-0.744225654527537,0.456739970017194,-0.0977673974528605,0.404982591449214,-0.24141135820926,0.809236310468455,-0.0713558836570597,0.405015341072454,-0.176180693472287,0.860151987914104,-0.0264115137958008,0.600639161053683,-0.0439723473066057,0.964926446192145
0,"",157063.334729228,0,0.382336324856761,0.700106297834054,0.945798482356754,5.18063999421743e-05,0.00302300551334829,9.47788221597939e-05,-0.133056847891573,0.190049031337452,49.8300338372624,-0.700118527072715,0.487109288143119,0.0948624002764041,0.108584708559895,14731.4319764332,0.873625775991085,0.382336324856761,-0.107974423722418,0.27870136631817,49.5005234793425,-0.387419786091587,0.700106297834054,0.0207886965661125,0.304233610253129,49.2592354800783,0.0683313607224916,0.945798482356754,-0.227919248167978,0.218967914837342,-1.04087965735658,0.297931404060141,-0.0381944476151694,0.218795792378348,-0.174566645912104,0.861420158802324,-0.189724800552808,0.21716941711979,-0.873625775991085,0.382322084222626,-0.128763120288531,0.412572665311375,-0.312098040211538,0.754966015887591,-0.0871857271563058,0.412612261364593,-0.211301833028337,0.832651752666561,-0.041577393132225,0.608467220506258,-0.0683313607224916,0.945521860216073
0,"",157077.316447431,0,0.774621426586032,0.94494378271399,0.935201714787048,5.38241245335588e-06,9.73773179025287e-05,0.000135205332642294,-0.132749708232774,0.191462803009575,49.6108747110422,-0.693344640035041,0.491326779519746,0.0311395013264633,0.108749996785611,15233.0016484752,0.286340250545952,0.774621426586032,-0.0205874304236318,0.296609851231712,49.4689902661608,-0.0694091256178436,0.94494378271399,0.0247837472943625,0.3032858654219,49.3829533465769,0.0817174491791299,0.935201714787048,-0.163889209559237,0.220278337430325,-0.744009653745804,0.456870634799737,-0.101610206906311,0.220105855290675,-0.461642452774019,0.644337745564122,-0.0622790026529267,0.217499993571222,-0.286340250545952,0.774617532615429,-0.0453711777179943,0.424191323863972,-0.106959230812895,0.914821323250326,0.00419631687073075,0.42424186590122,0.00989133135603316,0.992107988115796,-0.0495674945887251,0.6065717308438,-0.0817174491791299,0.934871402328232
0,"",157196.358593199,0,0.782169170684804,0.966662076704888,0.916001426324435,5.02691916128986e-06,3.55840600232649e-05,0.000227021664604734,-0.125766706452188,0.192497514143084,49.7935835654946,-0.653341976970702,0.516541513972224,-0.0301608869965225,0.109081661034267,15208.2992498099,-0.27649823728892,0.782169170684804,0.0124917935992141,0.2973764786224,49.5867241389455,0.042006663260936,0.966662076704888,0.0321474831306269,0.303244086308494,49.4929527353962,0.106011904541884,0.916001426324435,-0.0956058194556655,0.221342067318755,-0.431936958996518,0.665787232019024,-0.15592759344871,0.221169375559961,-0.705014394754834,0.480801278091662,0.0603217739930449,0.218163322068535,0.27649823728892,0.782165413338729,-0.0196556895314128,0.424698070370052,-0.0462815607197986,0.963085835973131,0.044639276729841,0.424748208779999,0.105095856338177,0.916299747259907,-0.0642949662612538,0.606488172616987,-0.106011904541884,0.915572906955662
0,"",157236.920151857,0,0.861466657879231,0.852299055657981,0.827258514223359,2.01919911846169e-06,0.000701229565210925,0.000976237873961347,-0.0952668810598154,0.189572171180127,49.7387253404576,-0.502536213341646,0.617508216206659,-0.0190498660431822,0.109161746937155,15082.1367079039,-0.174510454235852,0.861466657879231,0.0557194797065666,0.297720966877099,49.9149221330874,0.187153361387436,0.852299055657981,0.0652679545422461,0.297507116813179,49.2521793401409,0.219382834405375,0.827258514223359,-0.0762170150166333,0.218842488312336,-0.348273388793931,0.727634876990911,-0.114316747102998,0.218668140043088,-0.522786479459111,0.601122849514837,0.0380997320863643,0.218323493874311,0.174510454235852,0.861464315535888,-0.00954847483567944,0.420866491607434,-0.0226876575495724,0.981899421151637,0.120987434248813,0.420913190084963,0.287440348981202,0.773775170051203,-0.130535909084492,0.595014233626358,-0.219382834405375,0.82635184050996
0,"",157259.860184643,0,0.479396806545477,0.776504417993174,0.846434316004854,3.32723709080169e-05,0.00162295568856765,0.000769597503564812,-0.0975750708913746,0.184132276051921,49.8684918282886,-0.529918344483294,0.598520138325167,-0.0772443302425912,0.109211573529963,15034.8014042413,-0.707290699564901,0.479396806545477,0.0840609184396846,0.294524129824272,50.1111561368365,0.285412670567399,0.776504417993174,0.0580150929858829,0.29798154198475,49.2158792264392,0.194693579338723,0.846434316004854,-0.0203307406487835,0.214172559057002,-0.0949269165867905,0.924372876709513,-0.174819401133966,0.213994954849122,-0.81693234897628,0.413967089933291,0.154488660485182,0.218423147059926,0.707290699564901,0.479385844003605,0.0260458254538018,0.418949678142872,0.0621693411229201,0.950427977485053,0.142076011425568,0.418994143167528,0.339088299305321,0.734543212640014,-0.116030185971766,0.595963083969499,-0.194693579338723,0.845632838674642
0,"",157156.92757878,0,0.250095441516364,0.808541594444031,0.972195501840791,9.00937765319162e-05,0.00118705935722947,2.48664995469366e-05,-0.0899019387719113,0.173721835523857,50.1026443359563,-0.517505116733383,0.607081043111334,-0.125164851431646,0.108823568849267,14681.9900907226,-1.15016308282458,0.250095441516364,0.0701157464804962,0.287835809610302,49.929038393398,0.243596328668852,0.808541594444031,-0.0100984488957104,0.288263210852327,49.3520788371428,-0.0350320419516997,0.972195501840791,0.0352629126597345,0.205083410236642,0.171944247557837,0.863481360056508,-0.215066790203557,0.204901160063694,-1.04961236010915,0.29389637199842,0.250329702863292,0.217647137698533,1.15016308282458,0.250076708236075,0.0802141953762065,0.4073464617858,0.196918846488929,0.843891045072131,0.0600172975847858,0.407380809710536,0.147324803118318,0.882875656024024,0.0201968977914208,0.576526421704654,0.0350320419516997,0.9720541907645
0,"",156999.186276446,0,0.629414680559625,0.947501033214457,0.879526359051285,1.63878768637759e-05,8.80739609064247e-05,0.000470814304436519,-0.0141281787575408,0.171980049127432,49.9863367600343,-0.0821501030452212,0.934855426293194,-0.0522371236914123,0.108249710889141,14209.3827123191,-0.48256132291114,0.629414680559625,-0.0188062946750676,0.284174955901003,49.7220574683309,-0.0661785786697513,0.947501033214457,0.0416474536061086,0.273351904347433,49.2808884783226,0.15235838106024,0.879526359051285,0.0381089449338716,0.203302500333842,0.187449465064586,0.85130824234534,-0.0663653024489531,0.203121559094355,-0.326727023684004,0.743874359070497,0.104474247382825,0.216499421778282,0.48256132291114,0.6294072469063,-0.0604537482811762,0.394294097827849,-0.153321463887523,0.878144775055251,0.0228411589310409,0.394316500747221,0.0579259525983758,0.953807610642266,-0.0832949072122171,0.546703808694866,-0.15235838106024,0.878904280891548
0,"",157011.891601253,0,0.945247437501689,0.985516516311997,0.86654411306772,3.32598859900946e-07,6.64799631822501e-06,0.000579959883742891,-0.0181741377758727,0.171490213112619,49.6321374215629,-0.105977696604398,0.916027229519966,0.00743611084866639,0.10827607318007,14180.9659967414,0.0686773229788236,0.945247437501689,0.00514898867817635,0.282225337658731,50.0677659857776,0.0182442466749833,0.985516516311997,0.0463060116215668,0.27411253600725,49.1775690741012,0.168930659998498,0.86654411306772,-0.0256102486245391,0.202902345490487,-0.126219578993186,0.899558113514717,-0.0107380269272063,0.202721090732745,-0.0529694610876117,0.957756240062691,-0.0148722216973328,0.216552146360139,-0.0686773229788236,0.945246469216815,-0.0411570229433904,0.393421415052046,-0.104613072315714,0.916682841418399,0.0514550002997431,0.393442800676626,0.130781400018638,0.895948237242351,-0.0926120232431335,0.5482250720145,-0.168930659998498,0.865851182576662
0,"",157060.229863533,0,0.89869243592182,0.908552774471822,0.909157944473595,1.09980579946296e-06,0.00026564238734041,0.000267284911630575,-0.0216961275555398,0.165191321731515,49.4561462763824,-0.131339390762927,0.896039672791689,-0.0138220007504444,0.108564955473707,14738.2535673968,-0.127315492279569,0.89869243592182,0.034043063734794,0.294883678243164,50.1583277113601,0.115445737579012,0.908552774471822,0.032244616989919,0.281146811096842,49.199148035506,0.114689605989563,0.909157944473595,-0.00787412680509539,0.19776624323207,-0.0398153227588768,0.968240360122984,-0.0355181283059842,0.19757924410904,-0.179766495545364,0.857335887748826,0.0276440015008889,0.217129910947414,0.127315492279569,0.898690699021397,0.00179844674487505,0.407413702032175,0.00441430107996961,0.996477908760171,0.0662876807247131,0.407448035416445,0.162689901442184,0.870762598536475,-0.064489233979838,0.562293622193683,-0.114689605989563,0.90869115278029
0,"",157146.319218576,0,0.951687301726993,0.915457186645117,0.838675669071462,2.49300262645767e-07,0.000229832888773586,0.000840113864173252,-0.00103075472202375,0.162235785796246,49.8166751186614,-0.00635343624690974,0.994956100317954,-0.00659293282671456,0.108813899502309,14725.3528150544,-0.0605890686471965,0.951687301726993,0.0327508129926005,0.306939861290429,49.5251253013668,0.106701074454489,0.915457186645117,0.0558364875245393,0.272832350476351,49.8128385128155,0.204654937096175,0.838675669071462,0.00556217810469081,0.19544297123186,0.0284593406947965,0.977295796308384,-0.00762368754873831,0.195253360615664,-0.0390451028586634,0.968854429129689,0.0131858656534291,0.217627799004619,0.0605890686471965,0.9516864794859,-0.0230856745319388,0.410652563531073,-0.0562170471637441,0.955168900965286,0.0885873005171399,0.410686756416901,0.215705276912344,0.829217487670111,-0.111672975049079,0.545664700952702,-0.204654937096175,0.837841730106563
0,"",157170.256487886,0,0.751110322950947,0.929122804989233,0.753592726021006,6.93927496666298e-06,0.000162274400413525,0.00197236520446048,-0.0203440602798317,0.164078438323746,49.8249350491288,-0.123989845879021,0.901822173489697,0.0345169201180169,0.108823816392784,14497.6983746385,0.317181672745542,0.751110322950947,-0.0276986316712276,0.309811456517119,49.2494278690692,-0.0894048011736361,0.929122804989233,0.0836167319280364,0.264927025540521,50.406795236506,0.315621751904835,0.753592726021006,-0.0548609803978486,0.196980675938187,-0.278509453460623,0.780621309195912,0.0141728598381852,0.196792599406162,0.0720192724774863,0.942586570457267,-0.0690338402360337,0.217647632785567,-0.317181672745542,0.751105755537889,-0.111315363599264,0.407624301020096,-0.273083236992232,0.784789232111424,0.0559181002568088,0.407653485352316,0.137170666426368,0.890895896512157,-0.167233463856073,0.529854051081042,-0.315621751904835,0.752289625393499
0,"",157204.630937253,0,0.317341216938556,0.850587983121598,0.804806951229125,6.87124905899387e-05,0.000721697854941666,0.0012262128394924,0.00466674833889088,0.171979133212148,48.9826955229115,0.0271355498293746,0.978461875294751,0.108924567051983,0.108927736494117,14551.547910549,0.999970903259026,0.317341216938556,-0.0565979695442078,0.29890145754121,49.6451331257348,-0.189353273850813,0.850587983121598,0.0682407222233645,0.274678151344143,50.2736334033705,0.248438843386076,0.804806951229125,-0.104257818713092,0.203664927453071,-0.511908554982377,0.608715010517911,0.113591315390874,0.203481560348357,0.558238865459886,0.576681284667731,-0.217849134103966,0.217855472988234,-0.999970903259026,0.317324589186761,-0.124838691767572,0.40592797846484,-0.307539017733377,0.758433129152956,0.0116427526791567,0.405959126750022,0.0286796180008682,0.977120112159793,-0.136481444446729,0.549356302688286,-0.248438843386076,0.803794882747984
0,"",157198.777498666,0,0.192648176503504,0.878077572840777,0.668628385394817,0.000116991987645825,0.000476805948924492,0.00367693720655213,0.0282288969010501,0.180733207961178,49.0622313760444,0.1561909801718,0.876523407170282,0.141870725350554,0.108892973137172,14507.0442454509,1.3028455488293,0.192648176503504,-0.0446558609582475,0.289603825699938,49.8424699470082,-0.154196377932231,0.878077572840777,0.121228980309785,0.281559586613519,50.2326670131071,0.430562431803074,0.668628385394817,-0.113641828449503,0.211091664247546,-0.538352989231428,0.590333375089513,0.170099622251604,0.210913853035745,0.806488619895326,0.419961167155851,-0.283741450701107,0.217785946274345,-1.3028455488293,0.192627496744457,-0.165884841268032,0.403898023669155,-0.410709712716776,0.681285404106237,0.0765731193515374,0.403929127229248,0.189570680076455,0.849645564460663,-0.24245796061957,0.563119173227038,-0.430562431803074,0.666786562489314
0,"",157180.680499123,0,0.319889039783222,0.983681450139975,0.5396726457988,6.87291696879527e-05,8.51422043909487e-06,0.00756569899523919,-0.00383968647836246,0.176868290303177,49.3471455537132,-0.0217092983246499,0.982767392570962,0.108243789647546,0.10881831815788,14395.6411289092,0.994720295993732,0.319889039783222,-0.00586995055581044,0.285544870317675,49.633119612246,-0.0205570163080849,0.983681450139975,0.173977571902043,0.281721953025369,50.0262394225944,0.617550638257774,0.5396726457988,-0.112083476125909,0.207752636495183,-0.539504470396976,0.58953881319798,0.104404103169184,0.207572828164617,0.502975770443256,0.614981307387326,-0.216487579295093,0.21763663631576,-0.994720295993732,0.319872320439172,-0.179847522457854,0.401113194575465,-0.44837099574399,0.653885470595146,0.168107621346233,0.401141457219018,0.419073168132927,0.675162659568435,-0.347955143804087,0.563443906050738,-0.617550638257774,0.536871591579453
0,"",157156.43500749,0,0.577011413798852,0.726958706211219,0.507734854925493,2.18909226356056e-05,0.00247781861690033,0.00896225106429213,0.00440312031714542,0.171434525983972,49.5456164770382,0.0256839763861631,0.979612575040562,0.0606357768260796,0.10871141192257,14211.3077952232,0.557768276151795,0.577011413798852,-0.0982019850362727,0.279654916498023,49.6419308713778,-0.351154151931268,0.726958706211219,0.187981030079982,0.281729518925834,49.2307479720448,0.667239381931676,0.507734854925493,-0.0562326565089342,0.20308875143064,-0.276887105331085,0.781866794107644,0.0650388971432251,0.20290612264158,0.320536888175188,0.748561371517498,-0.121271553652159,0.21742282384514,-0.557768276151795,0.577002628090717,-0.286183015116255,0.396949604980943,-0.720955535728506,0.470936872224553,0.0897790450437095,0.396973298115716,0.226158901542892,0.821077834303168,-0.375962060159964,0.563459037851669,-0.667239381931676,0.504619239459896
0,"",157093.083687173,0,0.81795439502039,0.458590893056536,0.550787172640478,3.77151558786259e-06,0.0111647591995091,0.0073837240973401,-0.00210623234629683,0.173144673649646,49.7188680325802,-0.0121645806475037,0.990342990168701,0.0249752215128195,0.108502483231256,14048.2360879826,0.230181105252576,0.81795439502039,-0.203498448393787,0.272413777342654,49.424085578903,-0.747019663905684,0.458590893056536,0.171426449288823,0.2853429562988,48.520724656655,0.600773369395219,0.550787172640478,-0.0270814538591164,0.204423159980227,-0.132477425071288,0.894606677817359,0.0228689891665227,0.204242271395717,0.111969912057109,0.910847263217908,-0.049950443025639,0.217004966462511,-0.230181105252576,0.817951043512544,-0.37492489768261,0.394488857574236,-0.95040681247139,0.341905583775799,-0.0320719991049642,0.394510175839151,-0.0812957461407548,0.935206756882486,-0.342852898577645,0.5706859125976,-0.600773369395219,0.547990943694818
0,"",157084.730528901,0,0.89116726077975,0.479030840702878,0.732174616523731,1.28853098752703e-06,0.0101997110876537,0.00242954766669332,0.0291573949915799,0.176890104650301,50.0200564095443,0.164833386521095,0.869739463313516,-0.0148601130555075,0.10860293677567,14530.0015810798,-0.13682975338137,0.89116726077975,-0.198816060492589,0.278735085564421,49.3718449911592,-0.713279636433278,0.479030840702878,0.101785085065165,0.295709494185623,48.6469821757593,0.344206348008808,0.732174616523731,0.0440175080470874,0.207658381709625,0.211970774715169,0.83212983462939,0.0142972819360724,0.207478698918055,0.0689096375224487,0.945061547123614,0.029720226111015,0.21720587355134,0.13682975338137,0.891165365027841,-0.300601145557754,0.406354191584031,-0.73975155611405,0.459450758611721,-0.0970309754274235,0.40638771725328,-0.238764537676588,0.811288169817433,-0.20357017013033,0.591418988371245,-0.344206348008808,0.730691108648827
0,"",157077.177282017,0,0.905647133235638,0.663820394134017,0.952631811440385,9.36974596979881e-07,0.00386248879074991,7.24437721813683e-05,0.0798894382082164,0.174578140239811,50.1597848394819,0.457614212744364,0.649205734176658,0.0128848617232802,0.108702965928259,14995.0705427866,0.118532752195408,0.905647133235638,-0.123553793574106,0.282553444084172,49.3131812885007,-0.437275836345138,0.663820394134017,0.018499115992053,0.309837947877658,49.2039781113183,0.0597057788394517,0.952631811440385,0.0670045764849362,0.205745831409007,0.325666751185526,0.744676502658232,0.0927742999314966,0.205563558444097,0.451316860992784,0.651761194346285,-0.0257697234465605,0.217405931856519,-0.118532752195408,0.905645545512685,-0.142052909566159,0.419306126361353,-0.33878090644385,0.734774786047888,-0.105054677582053,0.419349946719406,-0.250517922808624,0.802186846107173,-0.036998231984106,0.619675895755316,-0.0597057788394517,0.952389969100182
0,"",156931.115607207,0,0.677622431524387,0.79407000200133,0.938602138445559,1.16343170376789e-05,0.00139016405536797,0.000120600832645369,0.12424708811172,0.172137400300423,49.8850502044727,0.721790197219646,0.47379329577376,0.0450018576978153,0.108250944861991,14854.2779318205,0.415717920570468,0.677622431524387,-0.072148944497006,0.274913339258152,49.4764034391208,-0.262442501668702,0.79407000200133,-0.0240906773928382,0.311177826654955,49.6910360195973,-0.0774177185174277,0.938602138445559,0.0792452304139044,0.203437058963335,0.389531930994867,0.696882694647078,0.169248945809535,0.203254683418987,0.832693953037466,0.405017355756052,-0.0900037153956306,0.216501889723982,-0.415717920570468,0.677616426327568,-0.0480582671041678,0.415201560664472,-0.115746836373296,0.907853185626058,-0.0962396218898442,0.415241654737726,-0.231767744858427,0.816718410823199,0.0481813547856764,0.62235565330991,0.0774177185174277,0.93829124574562
0,"",157120.551397607,0,0.980294749955987,0.78560167509305,0.996216697581766,4.32843061748992e-08,0.00149657596412008,4.53246116764365e-07,0.122514003082839,0.170551629724158,49.6118272221809,0.718339679784869,0.475917366287657,0.00268171729342702,0.108572350591845,14094.7385784647,0.0246998179445186,0.980294749955987,-0.07300170271027,0.266921801997254,49.9055304356219,-0.273494717044586,0.78560167509305,0.00138742581392687,0.291145604707229,50.1031205947711,0.00476540188653042,0.996216697581766,0.119832285789412,0.202269006178341,0.592440176839329,0.553555869241127,0.125195720376266,0.202086309701661,0.619516089739537,0.535576425715233,-0.00536343458685405,0.21714470118369,-0.0246998179445186,0.980294400296481,-0.0743891285241969,0.394974796893509,-0.18833892468398,0.850610973809457,-0.0716142768963431,0.394994851691171,-0.181304329891204,0.856128707590565,-0.00277485162785374,0.582291209414458,-0.00476540188653042,0.99619777379955
0,"",157189.661894961,0,0.794876940890675,0.840510145778342,0.831106421091159,4.64292027680674e-06,0.000815660908538387,0.000914458177799855,0.122596982461605,0.171629480916758,49.3198152761824,0.714311910790344,0.478401619028388,-0.0283085638353272,0.108884244301119,14558.3564539687,-0.259987696264299,0.794876940890675,-0.0562029547290452,0.277835964574268,50.1276495117721,-0.202288263202951,0.840510145778342,-0.0632608598493773,0.295065430291383,50.2194955280531,-0.214396040183039,0.831106421091159,0.150905546296932,0.203346418537179,0.742110667020876,0.458020287411868,0.0942884186262774,0.203162862801414,0.464102628433828,0.642574218691871,0.0566171276706544,0.217768488602239,0.259987696264299,0.794873264304136,0.00705790512033201,0.405270111241631,0.0174153112320783,0.986105294411206,-0.119463814578423,0.405301122206814,-0.294753229223638,0.768182397503072,0.126521719698755,0.590130860582767,0.214396040183039,0.830238229354269
0,"",157132.971126161,0,0.946597549431256,0.769219355245946,0.729235274720438,3.02586441726669e-07,0.00173628404977661,0.00240054046159444,0.0967508706144448,0.166035230600322,49.5241381191324,0.582712899332445,0.562730532672703,-0.00728695786671685,0.108791043698072,14827.1142741801,-0.0669812295113222,0.946597549431256,-0.0838370508488478,0.28419945493127,50.0322477410962,-0.294993707391602,0.769219355245946,-0.102963619128848,0.295809045509095,50.3491187239921,-0.348074613308883,0.729235274720438,0.104037828481162,0.198595982355771,0.523866733088209,0.60037123439971,0.089463912747728,0.198408703869014,0.450907198137792,0.652056435391967,0.0145739157334337,0.217582087396144,0.0669812295113222,0.946596646316896,0.01912656828,0.410191974256239,0.0466283337568472,0.962809449512683,-0.186800669977696,0.410228213842288,-0.455357929256204,0.648851756773589,0.205927238257696,0.591618091018189,0.348074613308883,0.727784149275316
0,"",157257.721672118,0,0.901128281099921,0.802835209307089,0.983370666622073,1.06658509151074e-06,0.00127013522366081,8.71252910248127e-06,0.0506361925769711,0.162376774378913,49.9745088549991,0.311843813689817,0.756456577310177,0.0135492442309681,0.109058465647574,14471.5618043688,0.124238353717106,0.901128281099921,-0.0699345013160632,0.278599069973152,49.5474966168052,-0.251022020004599,0.802835209307089,-0.00609255443072534,0.290854978507952,50.361401350608,-0.0209470522456908,0.983370666622073,0.037086948346003,0.195696372446533,0.189512702163836,0.849691000596953,0.0641854368079392,0.195506678621153,0.328303039367345,0.742682546341481,-0.0270984884619362,0.218116931295148,-0.124238353717106,0.901126555591595,-0.0638419468853378,0.402744309230383,-0.158517315880479,0.874049177067661,-0.0760270557467885,0.402771823751456,-0.188759618383096,0.850281222672447,0.0121851088614507,0.581709957015903,0.0209470522456908,0.983287892581393
0,"",157377.515158987,0,0.860565267932176,0.998975091869612,0.852080830044791,2.14096644650101e-06,3.36039888515717e-08,0.000700436714010049,-0.00947805835977446,0.156788872344073,50.4374487476005,-0.0604510908081209,0.952035267767043,-0.0192162993562164,0.109396227786898,14411.9924768483,-0.175657787704065,0.860565267932176,-0.000355107175500435,0.275058827782867,49.5994514947225,-0.00129102264545662,0.998975091869612,0.0553842866444424,0.295494369471337,50.118897431099,0.187429245245956,0.852080830044791,0.00973824099644198,0.191278374588729,0.0509113537658417,0.959396158247051,-0.0286943577159909,0.191084153462687,-0.150166077071347,0.880633588948191,0.0384325987124329,0.218792455573795,0.175657787704065,0.860562800090808,-0.0557393938199428,0.403687667630859,-0.13807554277559,0.890180714653521,0.055029179468942,0.403713796226798,0.136307403866941,0.891578271075495,-0.110768573288885,0.590988738942673,-0.187429245245956,0.851324094495297
0,"",157446.07343808,0,0.910640949599584,0.825107597280347,0.900754223893277,8.58816772587418e-07,0.00098596988220142,0.000314878079487255,-0.0431565140693124,0.15112782458931,50.497028617359,-0.285562994019071,0.776380959198969,0.0123070262589606,0.109656962854116,14666.7178590139,0.112232054751813,0.910640949599584,-0.062001779907897,0.279107758984543,50.0002796442804,-0.222142802957085,0.825107597280347,0.0376261436344,0.300180552495229,49.8809956495647,0.125345040914994,0.900754223893277,-0.055463540328273,0.186819297084002,-0.296883358378841,0.766555561774177,-0.0308494878103518,0.186620170324678,-0.16530628900767,0.868702909008753,-0.0246140525179213,0.219313925708232,-0.112232054751813,0.91063941370524,-0.099627923542297,0.409873966404718,-0.243069654840977,0.80795143826856,-0.024375636273497,0.409905284312235,-0.0594665089873043,0.952580540207976,-0.0752522872688,0.600361104990459,-0.125345040914994,0.900250395840444
0,"",157490.930640228,0,0.936329169177933,0.586986836036529,0.968248339797512,4.3351380464896e-07,0.00592681689317393,3.20433067062818e-05,-0.0715735044507899,0.155188818566172,50.2822271419581,-0.461202714938328,0.646642056159885,0.00877183414478923,0.109804672280075,14720.9576443732,0.0798858005096105,0.936329169177933,-0.150477982725488,0.275230772185878,50.1358972789201,-0.546733860935661,0.586986836036529,0.0124056486770709,0.310099596238604,49.9442287701769,0.0400053686865347,0.968248339797512,-0.0803453385955792,0.190205435955736,-0.422413472001277,0.672723246229677,-0.0628016703060007,0.190008323654218,-0.330520627192569,0.741006609316663,-0.0175436682895785,0.21960934456015,-0.0798858005096105,0.936328083285352,-0.162883631402559,0.414607971607395,-0.392861793686878,0.694421561597864,-0.138072334048417,0.414641658508116,-0.332991949109028,0.739140360380463,-0.0248112973541418,0.620199192477208,-0.0400053686865347,0.968088846128204
0,"",157605.311236235,0,0.927344631143194,0.470972366909025,0.709361899117636,5.65444485698033e-07,0.010445349425051,0.00280671815002215,-0.150277955840075,0.158629850752552,50.1133893744057,-0.947349790264224,0.348006567989959,0.0100429262992787,0.110134569819065,14705.6089446878,0.0911877743362296,0.927344631143194,-0.199078661595837,0.27405649763265,49.9903329657984,-0.726414674767847,0.470972366909025,0.117991977044149,0.314773548417751,49.921662220416,0.37484718025784,0.709361899117636,-0.160320882139354,0.193211975503959,-0.829766797431605,0.406670646574673,-0.140235029540797,0.193016161395549,-0.726545531352748,0.467504405671753,-0.0200858525985573,0.220269139638131,-0.0911877743362296,0.927343389145888,-0.317070638639985,0.417342827910753,-0.759736642000685,0.447412021506159,-0.0810866845516882,0.417377126047667,-0.194276781096115,0.845959165258788,-0.235983954088297,0.629547096835503,-0.37484718025784,0.707774123509901
0,"",157590.361905683,0,0.731008860779526,0.493750317112698,0.476033827070845,8.11212412988336e-06,0.00941950506681863,0.0101931602429322,-0.16311388065561,0.168903400750343,49.6181079748499,-0.96572289208498,0.338866394177997,-0.0378317698116589,0.11004311579169,14569.6610776697,-0.343790427410959,0.731008860779526,-0.194110883598719,0.281558752861482,49.9831238792567,-0.689415198874016,0.493750317112698,0.214060990890899,0.298094213309127,50.0736870622641,0.718098444497194,0.476033827070845,-0.125282110843951,0.201682503409186,-0.621184826280001,0.534478021944831,-0.200945650467269,0.201494069527995,-0.9972782372106,0.318629474206297,0.0756635396233178,0.220086231583381,0.343790427410959,0.731003899752435,-0.408171874489618,0.410027505204691,-0.995474375032117,0.31950560122123,0.0199501072921801,0.410059053818128,0.048651790776039,0.961196795730945,-0.428121981781798,0.596188426618254,-0.718098444497194,0.472696589212583
0,"",157495.041200532,0,0.83319791755492,0.52790252667498,0.69585781185634,3.03480604680346e-06,0.00801108535801875,0.00307129579259738,-0.156887378722689,0.175083541383697,49.3204392650197,-0.896071540950096,0.374567423892255,-0.0231193796960579,0.109775671550994,14615.3052829994,-0.210605677646147,0.83319791755492,-0.18204659130818,0.286395113225609,50.0321719172036,-0.635648385399549,0.52790252667498,0.115179919691387,0.292950265513406,50.1774060779672,0.39317226591186,0.69585781185634,-0.133767999026631,0.2067436558357,-0.647023476903867,0.517616749277259,-0.180006758418747,0.206559797219948,-0.871451080226772,0.383507905650283,0.0462387593921159,0.219551343101988,0.210605677646147,0.833194981562344,-0.297226510999566,0.409668640967175,-0.725529077104493,0.468127513240497,-0.0668666716167928,0.40970189466962,-0.163208109327182,0.870354581499255,-0.230359839382774,0.585900531026811,-0.39317226591186,0.694192252263775
0,"",157534.458200453,0,0.752121606769755,0.470037006401162,0.789832684616446,6.81565775419731e-06,0.0104808211110045,0.00143039543608761,-0.122375445265577,0.184918488076415,49.6052887367565,-0.661780477109498,0.511174559906546,0.0347116740418353,0.109899575693948,14636.8746010766,0.315849026919826,0.752121606769755,-0.204452634844542,0.280860463724605,50.0303008214353,-0.727950926710057,0.470037006401162,0.0812816089917542,0.303339192174485,50.1244660070041,0.267956172788249,0.789832684616446,-0.157087119307413,0.215200210820368,-0.729958017738824,0.465415846854523,-0.087663771223742,0.215021852850411,-0.407697032006924,0.683496116726626,-0.0694233480836705,0.219799151387896,-0.315849026919826,0.752117103347479,-0.285734243836296,0.413379247975384,-0.691215742531205,0.489429972240156,-0.123171025852788,0.413415201133974,-0.297935406136342,0.765752464195579,-0.162563217983508,0.606678384348971,-0.267956172788249,0.788733054460162
0,"",157585.627681951,0,0.932932471658886,0.490160027738182,0.797781524954894,4.96902693181329e-07,0.0095554898130872,0.0013280126059099,-0.109033311483691,0.181333326068479,49.5384479898205,-0.6012866683012,0.550390786602943,-0.00925377460626644,0.109957946281994,14253.2213074076,-0.0841573976157625,0.932932471658886,-0.185927276625362,0.267455115513534,50.091218177906,-0.695171884330452,0.490160027738182,0.0795402102297809,0.30878423326288,49.8980881574505,0.257591553134986,0.797781524954894,-0.0997795368774243,0.212157372744653,-0.47030907098155,0.638134217642281,-0.118287086089957,0.211977119938235,-0.558018177265657,0.576831971804014,0.0185075492125329,0.219915892563988,0.0841573976157625,0.93293128975378,-0.265467486855143,0.408495784546608,-0.649865915139827,0.515778836793267,-0.106387066395582,0.408523043486969,-0.260418764844963,0.794540769917766,-0.159080420459562,0.61756846652576,-0.257591553134986,0.796722149396168
0,"",157642.448237819,0,0.520808140045484,0.748577119372611,0.873793482812348,2.86855462657212e-05,0.0020636138428167,0.000512445864517733,-0.137489529085524,0.169981767742982,49.4173880236708,-0.808848683662432,0.422479371661724,-0.0707322818831862,0.110154998759067,14373.1293950846,-0.642115951886061,0.520808140045484,-0.0863967104768198,0.268078458414653,50.2278981518539,-0.322281435769766,0.748577119372611,0.0498569047943699,0.312263568085484,49.7207176621059,0.159662893433413,0.873793482812348,-0.0667572472023382,0.202647496234297,-0.329425472521777,0.74183411699002,-0.208221810968711,0.202459483609065,-1.02846163220871,0.303732729914789,0.141464563766372,0.220309997518134,0.642115951886061,0.520797899216232,-0.13625361527119,0.411537323438724,-0.331084466732401,0.7405806843568,-0.0365398056824499,0.411565575644757,-0.088782463463342,0.929254794776618,-0.0997138095887397,0.624527136170968,-0.159662893433413,0.87314663259587
0,"",157649.661457336,0,0.428008646224325,0.62479725849807,0.778835672471465,4.18040242428414e-05,0.00480846510498185,0.00159792251653103,-0.16598043407393,0.165434211051476,49.6282760465311,-1.00330175372423,0.320582247257555,-0.0874551727542493,0.110336078178585,15027.9475649337,-0.79262535154366,0.428008646224325,-0.141596116573114,0.287738467769148,50.1195353802348,-0.49210005763538,0.62479725849807,0.087508418772937,0.309915484970766,49.8153148686257,0.282362202008691,0.778835672471465,-0.0785252613196805,0.19894919475129,-0.394700071130453,0.69306425026997,-0.253435606828179,0.198756822715405,-1.27510393538071,0.202272456656398,0.174910345508499,0.220672156357169,0.79262535154366,0.427996133816216,-0.229104535346051,0.422875022630371,-0.54177835787267,0.587971202147419,-0.0540876978001768,0.42291699250913,-0.127891994784317,0.898234446258519,-0.175016837545874,0.619830969941533,-0.282362202008691,0.777665794679448
0,"",157698.08206132,0,0.419607761372486,0.64995483165102,0.68128974838811,4.12137278981055e-05,0.00418222756858028,0.00343476598950623,-0.128128393891621,0.168911884457701,49.7388763073112,-0.758551680972497,0.451700385164895,-0.0893403894900167,0.11068992997731,15805.9156099123,-0.807123010271398,0.419607761372486,-0.141511230318802,0.309928173652283,49.6400158939371,-0.456593631521758,0.64995483165102,0.133152382321191,0.322295989831894,49.5218268097563,0.413136950263145,0.68128974838811,-0.0387880044016042,0.202045597981896,-0.191976488421588,0.847760622383611,-0.217468783381638,0.201852785353596,-1.07736330217433,0.281317992154491,0.178680778980033,0.22137985995462,0.807123010271398,0.419595616329262,-0.274663612639992,0.447105297758383,-0.614315272078081,0.539007012519133,-0.00835884799761122,0.447165750574335,-0.018692952192504,0.985086050609594,-0.266304764642381,0.644591979663789,-0.413136950263145,0.679506278828505
0,"",157711.378045035,0,0.580972365381627,0.887127856782383,0.699891687889461,1.9243193691277e-05,0.000414163720655589,0.00304903499322854,-0.0586148798716011,0.172930046446301,49.8097941829075,-0.338951391479573,0.736071190066818,-0.0611300752382255,0.110747640028763,15832.7148915085,-0.551976324031368,0.580972365381627,-0.0438502448728046,0.307336687912108,49.1318675883998,-0.142678198202438,0.887127856782383,0.128017036286966,0.330172723910828,49.1546424461623,0.387727474185724,0.699891687889461,0.00251519536662449,0.205448232298996,0.0122424775257449,0.990232160194641,-0.119744955109827,0.20525765592771,-0.583388495637891,0.559631800606588,0.122260150476451,0.221495280057525,0.551976324031368,0.580964574546615,-0.17186728115977,0.451045124559548,-0.381042321048479,0.703171845499018,0.0841667914141612,0.45110755958421,0.186578100113725,0.851991438784609,-0.256034072573932,0.660345447821656,-0.387727474185724,0.698217721784149
0,"",157719.835707346,0,0.804431496195139,0.795894578900328,0.556826702583846,3.89177197684298e-06,0.00138100171553231,0.00709178091738822,0.0404675583518147,0.170409984511778,49.82645035532,0.237471756527375,0.813264580372982,-0.0274251849472942,0.110755033014447,15755.1706492947,-0.24762021373527,0.804431496195139,0.0795024770124493,0.305685913558596,48.9120734191721,0.260078968268225,0.795894578900328,0.194359478532308,0.328522524283421,49.0043849761304,0.591616903456613,0.556826702583846,0.0678927432991089,0.203335381643797,0.33389537398879,0.738458510687233,0.0130423734045205,0.203143306290024,0.0642028213614879,0.948808730910387,0.0548503698945884,0.221510066028894,0.24762021373527,0.804428269413971,-0.114857001519858,0.448713331168496,-0.255969666024316,0.797974260185535,0.273861955544757,0.448774107821609,0.610244554602556,0.54169981950153,-0.388718957064615,0.657045048566843,-0.591616903456613,0.554107152113071
0,"",157723.586648089,0,0.689894387169787,0.805221932551212,0.482346189564465,1.03653343889947e-05,0.00124995119362942,0.0101262188736659,0.0401949554178658,0.163968431401563,49.6616260408885,0.245138378615255,0.807359458234892,-0.0441504237945133,0.110651048630961,15359.2803113703,-0.399005923041562,0.689894387169787,0.0741331995844815,0.29900819087413,49.1160097145855,0.247930330496159,0.805221932551212,0.222445702524209,0.314221926645954,48.9900154622061,0.707925461786273,0.482346189564465,0.0843453792123791,0.197908736224567,0.426183203538183,0.669974355633607,-0.00395546837664755,0.197713768475631,-0.0200060340114102,0.984038559084735,0.0883008475890266,0.221302097261921,0.399005923041562,0.689888839968136,-0.148312502939728,0.433727316287038,-0.341948725317488,0.732389479918326,0.29657890210869,0.433777880828742,0.683711445918059,0.494157394378294,-0.444891405048418,0.628443853291907,-0.707925461786273,0.478991546970936
0,"",157778.290474388,0,0.458415327779709,0.809860926289426,0.569636097044203,3.64760425272969e-05,0.00118058159637067,0.00660323241268212,-0.00171235763376292,0.157379584589638,49.6338681268056,-0.0108804305096358,0.991362460291936,-0.0820965794724089,0.11072020929258,15072.0655551733,-0.741477820507615,0.458415327779709,0.0721004804099761,0.298065415669868,49.5044350828997,0.241894821134946,0.809860926289426,0.172066507087849,0.300592512508292,49.2949610303135,0.572424461447964,0.569636097044203,0.080384221838646,0.192524100323515,0.417528100136915,0.676292175062855,-0.0838089371061718,0.19232542103794,-0.435766299919546,0.66300629691694,0.164193158944818,0.221440418585159,0.741477820507615,0.458403774981547,-0.0999660266778732,0.423297880269658,-0.236159998283456,0.81330851839444,0.244166987497826,0.423339823012449,0.576763569655117,0.564099182503039,-0.344133014175699,0.601185025016584,-0.572424461447964,0.567034447756873
0,"",157779.889249421,0,0.533255795673682,0.810122298343064,0.693130019882527,2.60959119572679e-05,0.00118469223364909,0.00315590275148882,0.0164237590049189,0.154215224049574,49.7769694134309,0.106498947209254,0.915614550595169,-0.0689553201874321,0.110672349106055,14875.5656975105,-0.623058250271294,0.533255795673682,0.0729690743228371,0.302069721210302,49.1974884608482,0.241563682816245,0.810122298343064,0.114632152287322,0.288810415655704,49.7611971039449,0.396911420341493,0.693130019882527,0.085379079192351,0.189917611591678,0.449558513698642,0.65302880761965,-0.0525315611825133,0.189717445634126,-0.276893677368087,0.781861747590488,0.137910640374864,0.221344698212109,0.623058250271294,0.533246243861749,-0.0416630779644852,0.41790216964216,-0.0996957685100328,0.920585860046249,0.187601226610159,0.417938897370124,0.448872377734252,0.653523723188613,-0.229264304574645,0.577620831311407,-0.396911420341493,0.691432782285764
0,"",157768.7331532,0,0.494370171176862,0.932009051810044,0.782724829703213,3.13176967625826e-05,0.000150554948307056,0.00153325040668203,-0.0098515903904728,0.1543684460812,49.6088622635292,-0.0638186795330617,0.94937106665107,-0.0756183639843978,0.110651617925052,14911.9899131989,-0.683391399081186,0.494370171176862,0.0262521144905568,0.306117044046444,48.8419655603182,0.0857584214963667,0.932009051810044,0.0794959116761081,0.286723234970399,50.0592491119716,0.277256608395602,0.782724829703213,0.065766773593925,0.190030006735757,0.346086256184667,0.729277891931651,-0.0854699543748706,0.189829902623164,-0.450244946627503,0.652533830584132,0.151236727968796,0.221303235850103,0.683391399081186,0.494359553419798,-0.0532437971855513,0.419406734225994,-0.126950267700903,0.898979760590034,0.105748026166665,0.419444522602373,0.252114452491998,0.800952599239208,-0.158991823352216,0.573446469940798,-0.277256608395602,0.781583075403425
0,"",157800.857478956,0,0.516779776594193,0.969111261371691,0.93177274072485,2.76883093052993e-05,3.08119793522482e-05,0.000148337416576883,-0.0195456380118613,0.160849725076463,49.083345134575,-0.121514898471662,0.903779336835605,-0.0718452964692788,0.110815523617863,15180.5327760114,-0.648332418813729,0.516779776594193,-0.0118469370177801,0.304386760993811,49.1617869957993,-0.0389206711195332,0.969111261371691,-0.0257764408196906,0.299559675395377,49.9072982636967,-0.0860477658939551,0.93177274072485,0.0522996584574176,0.195425619692027,0.26761925350339,0.788992409233121,-0.0913909344811401,0.195228726963367,-0.468122370629854,0.639697082391001,0.143690592938558,0.221631047235725,0.648332418813729,0.516769970369078,0.0139295038019105,0.42704572476682,0.0326182958733903,0.973978979596153,-0.0376233778374707,0.427090795664055,-0.0880922235258491,0.929803377079032,0.0515528816393812,0.599119350790754,0.0860477658939551,0.931428446312635
0,"",157777.663168043,0,0.693109069710481,0.9754793464304,0.824753054562791,1.02223072751304e-05,1.91707707234001e-05,0.00099830162422651,-0.00866071856582913,0.165908036542147,48.8978762099058,-0.0522019231035199,0.95858047970846,-0.0437131369291136,0.11076520398917,15235.7512148391,-0.394646832712805,0.693109069710481,0.00903762934645737,0.292557398797886,49.7781762464244,0.0308918160456473,0.9754793464304,-0.0703606839601938,0.316070900610054,49.5901618803909,-0.222610445391807,0.824753054562791,0.0350524183632845,0.199582184309073,0.175628994564977,0.860585422036413,-0.0523738554949427,0.199388479392578,-0.262672425480628,0.792803071925435,0.0874262738582272,0.22153040797834,0.394646832712805,0.693103545587007,0.0793983133066512,0.430662639516766,0.184363132580392,0.853728589968719,-0.0613230546137364,0.430709858875002,-0.142376714510111,0.88678245412965,0.140721367920388,0.632141801220108,0.222610445391807,0.823838706188037
0,"",157791.602175082,0,0.810162170199267,0.962320370156177,0.666140555177859,3.82688389297554e-06,4.50534139690913e-05,0.00380072008787682,-0.000951626590848535,0.164439024031159,48.9651023836101,-0.00578710921239847,0.99540609454606,-0.0266075073700434,0.110762602355066,15079.089969886,-0.240221038548275,0.810162170199267,-0.0136117346885406,0.286688729541074,50.0332182187152,-0.0474791412635231,0.962320370156177,-0.137322369723351,0.316372363793369,49.3816772931743,-0.434052987678277,0.666140555177859,0.0256558807791949,0.19836097893573,0.129339353520268,0.897089133330033,-0.027559133960892,0.198166635550064,-0.139070504398454,0.88939443577884,0.0532150147400869,0.221525204710131,0.240221038548275,0.8101589047231,0.12371063503481,0.426923212445615,0.28977256665464,0.771990236475698,-0.150934104411891,0.426966475395052,-0.353503408604245,0.723711073821717,0.274644739446701,0.632744727586738,0.434052987678277,0.664249963364291
0,"",157645.844316287,0,0.797072058340187,0.916586132371997,0.566485194369324,4.50209446534875e-06,0.000220298113920191,0.00668777729360606,-0.000226034464666088,0.161038248496074,49.3499708508771,-0.00140360732172021,0.998885742369599,-0.0283442106265931,0.110227464550688,14686.9811943672,-0.257142906644278,0.797072058340187,-0.0293364001684137,0.278697021884992,50.2854710229795,-0.105262696996166,0.916586132371997,-0.176087544512286,0.305121668661214,49.4669518792085,-0.57710599606022,0.566485194369324,0.028118176161927,0.195246792006132,0.144013511684453,0.885489800079946,-0.0285702450912592,0.195052590475562,-0.146474573967982,0.883546760455484,0.0566884212531862,0.220454929101377,0.257142906644278,0.797068456147153,0.146751144343873,0.413228556741229,0.35513311447101,0.722489869666975,-0.2054239446807,0.413261037701228,-0.497080358272762,0.619132385052578,0.352175089024573,0.610243337322428,0.57710599606022,0.563867854060174
0,"",157597.013597933,0,0.489020049938872,0.968580991027158,0.632270394592214,3.3021958282221e-05,3.10777259644802e-05,0.00465727085333611,-0.00134125848898946,0.156372964085421,49.7346576978664,-0.00857730424715093,0.99319069897256,-0.0761292621836638,0.110031522745983,14496.1217910657,-0.691885927630161,0.489020049938872,-0.0108532537161623,0.274181739099835,50.4173631003288,-0.0395841595862457,0.968580991027158,-0.144931477693124,0.300990687479401,49.5519186402863,-0.481514823288487,0.632270394592214,0.0747880036946744,0.19130335244907,0.390939326139539,0.695842084485253,-0.0774705206726533,0.191107056727551,-0.405377603523548,0.685199971123371,0.152258524367328,0.220063045491967,0.691885927630161,0.48900896867575,0.134078223976962,0.407136592999375,0.32932000287473,0.741913826480207,-0.155784731409286,0.40716315483001,-0.382610090233548,0.702008887635637,0.289862955386248,0.601981374958803,0.481514823288487,0.630150647042944
0,"",157595.630464098,0,0.435761818650138,0.974551793643368,0.788440587286282,4.22106337267594e-05,2.04845084910141e-05,0.00145327953925741,-0.0224738828186837,0.159043861707423,49.9692837974977,-0.141306194262477,0.888196201098268,-0.0857284186350272,0.109994007836079,14390.3503477903,-0.779391717072312,0.435761818650138,-0.0088712188518102,0.27671105356751,50.1740463433714,-0.0320595029993837,0.974551793643368,-0.0791033906608369,0.293215730472928,50.0074716984092,-0.26977880938806,0.788440587286282,0.0632545358163434,0.193471379047316,0.326945185007824,0.743709344705176,-0.108202301453711,0.19327723327603,-0.559829523734859,0.575595723672698,0.171456837270054,0.219988015672159,0.779391717072312,0.435749001551415,0.0702321718090267,0.403156149414206,0.174205880056835,0.861703664580711,-0.0879746095126471,0.403179938384761,-0.218201852664335,0.827271841644018,0.158206781321674,0.586431460945857,0.26977880938806,0.787330426222848
0,"",157602.56499405,0,0.451351956309049,0.886264455137711,0.904765469358023,3.84619127061407e-05,0.00041191084695054,0.000287475711960081,-0.0287168398417492,0.158765029093322,50.1024878070779,-0.180876355490537,0.857194325534801,-0.0829285523021152,0.110104116455532,14748.6908840003,-0.753183032312943,0.451351956309049,-0.0413016087282586,0.287291447372902,50.1540935412811,-0.143762054547518,0.886264455137711,-0.0353256309270534,0.293771860230819,50.2844196944805,-0.120248518354678,0.904765469358023,0.0542117124603659,0.193305386670272,0.280445948217868,0.779135389174718,-0.111645392143864,0.193110148182768,-0.578143578649209,0.563167187386505,0.16585710460423,0.220208232911064,0.753183032312943,0.451339934085317,-0.00597597780120512,0.410883245439421,-0.0145442236147013,0.98839579764515,-0.076627239655312,0.410915467963126,-0.1864793263567,0.852068889679315,0.0706512618541069,0.587543720461638,0.120248518354678,0.904286284491214
0,"",157580.55738532,0,0.574630103249785,0.830020846726318,0.956115435236494,2.1143112360514e-05,0.000923514435990566,6.08353021268255e-05,-0.0239856365601621,0.159565235918053,50.0603184086033,-0.150318685784918,0.881117233509611,-0.061782441487814,0.110078502834373,14898.6529776279,-0.561258010392579,0.574630103249785,-0.0619206461319124,0.286945283364485,50.3764809960745,-0.215792521159023,0.830020846726318,-0.01656326371767,0.299494528952087,50.2726705737903,-0.0553040610645673,0.956115435236494,0.0377968049276519,0.193948798102452,0.194880325619167,0.845486636770122,-0.0857680780479761,0.193753829160345,-0.442665202642251,0.658007915307249,0.123564882975628,0.220157005668746,0.561258010392579,0.574621661812411,-0.0453573824142424,0.414752587831588,-0.109360095018045,0.912916883422563,-0.0784839098495824,0.414788413437158,-0.189214325441791,0.849924840388567,0.0331265274353401,0.598989057904173,0.0553040610645673,0.955896226858294
0,"",157655.265884342,0,0.603567294804997,0.613142325243034,0.951730105263399,1.79911544621931e-05,0.00509179442230814,7.3762198979315e-05,-0.0493227617787432,0.161648674827313,49.7740375450342,-0.305123205194439,0.761544640292696,-0.0572886873015605,0.110321518916796,14988.2328392124,-0.519288420464619,0.603567294804997,-0.146301564358507,0.287572612015801,50.5725726984165,-0.508746515646866,0.613142325243034,-0.0185292977438535,0.304569009891228,50.1742172529264,-0.0608377646513379,0.951730105263399,0.00796592552281725,0.195803981286334,0.0406831642057792,0.96754848350062,-0.106611449080304,0.195609468409613,-0.545021925304024,0.585738438181401,0.114577374603121,0.220643037833592,0.519288420464619,0.603559627101959,-0.127772266614653,0.41886046914831,-0.305047327274543,0.760330107048255,-0.16483086210236,0.418899135019738,-0.393485802004804,0.693960708416221,0.0370585954877071,0.609138019782456,0.0608377646513379,0.951488414167143
0,"",157630.184149597,0,0.532650845860667,0.510581438692517,0.974392592876275,2.53336366373405e-05,0.00860408961255257,2.08358133427371e-05,-0.0392407876803906,0.161766603634144,49.8071792000991,-0.242576568950775,0.809329585209399,-0.0688593266128529,0.110355254813381,15368.4818080752,-0.623978683473654,0.532650845860667,-0.201379551179729,0.303913961491868,50.5908099148802,-0.662620269865811,0.510581438692517,-0.00976631337256904,0.302729510395794,49.9496312800651,-0.032260856762198,0.974392592876275,0.0296185389324623,0.195920815993753,0.151176069690352,0.879836826942484,-0.108100114293244,0.195725487591286,-0.552304738762375,0.58073958447063,0.137718653225706,0.220710509626762,0.623978683473654,0.532641584405172,-0.19161323780716,0.428938521158132,-0.446714921499252,0.655080906741471,-0.211145864552298,0.428986538221178,-0.492196947316411,0.622580122282797,0.0195326267451381,0.605459020791588,0.032260856762198,0.974264024723205
0,"",157612.648788911,0,0.686181827957441,0.772490101358203,0.955338954137998,1.035180283602e-05,0.00166671596435393,6.36007587606074e-05,-0.0595551255923757,0.160083625328828,49.8507912145583,-0.372025092947786,0.711450974907683,-0.0446137263153528,0.110416497941061,15770.6129388464,-0.404049459521595,0.686181827957441,-0.0914798171334695,0.314718418669455,50.6081206605549,-0.290671952153997,0.772490101358203,0.0174336356581021,0.309731697587228,49.8097894793445,0.0562862496602961,0.955338954137998,-0.0149413992770229,0.194568740990528,-0.0767923932742636,0.938788702158162,-0.104168851907729,0.19437115336731,-0.535927528869867,0.592008637791862,0.0892274526307056,0.220832995882121,0.404049459521595,0.686176349140403,-0.108913452791572,0.441538399307813,-0.246668133422398,0.805165070444887,-0.0740461814753674,0.441595580839337,-0.167678719371758,0.866836038615886,-0.0348672713162042,0.619463395174457,-0.0562862496602961,0.95511377265059
0,"",157738.137185845,0,0.894026528787148,0.95958919250028,0.832613165898627,1.10821321017638e-06,5.13314019668404e-05,0.000910432148400961,-0.0922307177806195,0.164434411708535,50.0596407493954,-0.560896693230496,0.577370093673709,-0.0147668589447494,0.110851406511938,16012.9015302531,-0.133213094983681,0.894026528787148,0.0165048301497086,0.324125267817261,50.5115763560583,0.0509211462002213,0.95958919250028,0.0670926175164492,0.315776331661686,49.5389913760655,0.212468797656217,0.832613165898627,-0.0774638588358701,0.198407886422977,-0.390427317343265,0.696220591162579,-0.106997576725369,0.198211328547037,-0.539815647822459,0.589324174657928,0.0295337178894988,0.221702813023876,0.133213094983681,0.894024854849119,-0.0505877873667406,0.452485501161957,-0.111799797422976,0.910982148150531,0.0835974476661578,0.45254903931934,0.184725721198952,0.853444170762311,-0.134185235032898,0.631552663323372,-0.212468797656217,0.831741317926958
0,"",157895.193409987,0,0.984972665228439,0.912681478489399,0.607482664918475,2.20559423473008e-08,0.000241012180767789,0.00540483753164717,-0.171505409034988,0.175273287189565,49.9857978973202,-0.978502838538642,0.332537907537539,0.00209702481473017,0.111334365766695,16085.0728776055,0.0188353775609999,0.984972665228439,0.036281981437086,0.329210811116373,50.3837096714568,0.110208960981724,0.912681478489399,0.16536054672638,0.319854592718708,49.1838267315804,0.516986626081694,0.607482664918475,-0.173602433849719,0.207739588420713,-0.835673331065526,0.403338702356949,-0.169408384220258,0.20754853844007,-0.816235014197295,0.414365734334996,-0.00419404962946033,0.222668731533391,-0.0188353775609999,0.984972431611138,-0.129078565289294,0.458972705722133,-0.281233641303801,0.77853120344058,0.201642528163466,0.459039750653912,0.439270298217575,0.660465693064282,-0.330721093452759,0.639709185437417,-0.516986626081694,0.605165494787588
0,"",157987.794858837,0,0.905300001402982,0.879179468470547,0.560694334480866,8.97978693723542e-07,0.00046362075188356,0.00696480467293751,-0.200735492097603,0.17979190467101,49.9437903508497,-1.11648793345238,0.269556107974315,-0.013267180885569,0.111516273473997,15762.1110152902,-0.118970805535952,0.905300001402982,-0.0479718798872158,0.31398475905602,50.3259611648508,-0.152784103379543,0.879179468470547,0.188298381294109,0.321431356891995,48.9296816244728,0.585812109667257,0.560694334480866,-0.187468311212035,0.211661931675603,-0.885696873915673,0.375780893315398,-0.214002672983172,0.211473977474453,-1.011957478357,0.311558384923516,0.0265343617711379,0.223032546947994,0.118970805535952,0.905298485284894,-0.236270261181325,0.449307428612881,-0.52585433966838,0.598989415840562,0.140326501406893,0.449368364283773,0.312274989875072,0.754831545535875,-0.376596762588217,0.642862713783991,-0.585812109667257,0.55800178505432
0,"",158034.847827092,0,0.659834438999226,0.560981422294157,0.577127041048672,1.29635650946617e-05,0.0067739061527104,0.00637310174986838,-0.16429044914275,0.173692472143973,49.6820711418326,-0.945869715105272,0.348792825579209,-0.0490457732349396,0.111429540240579,14944.19106935,-0.440150548311054,0.659834438999226,-0.171099048081782,0.292338184593189,50.2265144324429,-0.585277795030025,0.560981422294157,0.1729390087391,0.308090052036415,49.1250569645646,0.561326169397573,0.577127041048672,-0.115244675907811,0.206457726687949,-0.558199868595848,0.576707910594991,-0.21333622237769,0.206267888257643,-1.03426773881166,0.301011014344521,0.0980915464698793,0.222859080481158,0.440150548311054,0.659828073343071,-0.344038056820882,0.424692304544687,-0.810087805075077,0.41788971264266,0.00183996065731776,0.424733604899126,0.00433203456494748,0.996543547314701,-0.345878017478199,0.616180104072829,-0.561326169397573,0.574575204795088
0,"",158107.70512752,0,0.476505681824265,0.401596850713823,0.558230025728182,3.48270741609596e-05,0.0141029588565697,0.00696976511296317,-0.147789553957276,0.180550989989056,49.6362707478427,-0.818547458345337,0.416957212806505,-0.0794083917189757,0.111536101080592,14553.5776139246,-0.711952371919457,0.476505681824265,-0.247092063191504,0.292080882797615,50.0302474125462,-0.845971365276635,0.401596850713823,0.173911771463652,0.295033231708147,49.5062937291645,0.589465025538848,0.558230025728182,-0.0683811622383001,0.212316361108529,-0.322072033833256,0.747398124149917,-0.227197945676252,0.212131295348444,-1.07102511820832,0.284158135688583,0.158816783437951,0.223072202161184,0.711952371919457,0.476494269704507,-0.421003834655155,0.415141114786225,-1.0141222337661,0.310524430024092,-0.073180291727852,0.415174125675029,-0.176264095477695,0.86008646801919,-0.347823542927303,0.590066463416293,-0.589465025538848,0.555549367100277
0,"",158273.868158002,0,0.242795077617247,0.374512835590821,0.538786211695823,9.26336585725877e-05,0.0158480598262336,0.00764711551560397,-0.160009348952618,0.181185184735497,49.8992629914935,-0.883126008267216,0.381403185044447,-0.130909497915617,0.112072771212562,14727.6360628334,-1.16807585374443,0.242795077617247,-0.266242838113369,0.297117672339358,49.8637516828227,-0.896085500458806,0.374512835590821,0.185284148479484,0.299360303868226,49.7114688550904,0.618933593015872,0.538786211695823,-0.0290998510370009,0.213138682470197,-0.136530125361312,0.891402210926479,-0.290918846868234,0.212952239867692,-1.36612250262774,0.171900516436624,0.261818995831233,0.224145542425123,1.16807585374443,0.242776169191539,-0.451526986592853,0.421757757649491,-1.07058371400035,0.284356649490104,-0.0809586896338843,0.421795447295655,-0.191938272811979,0.847790557399344,-0.370568296958969,0.598720607736452,-0.618933593015872,0.535960107106277
0,"",158305.894794731,0,0.10743333452595,0.422656620482193,0.511117390347182,0.000178376626807556,0.012997779014745,0.00866585304273621,-0.192092163990108,0.164365690894279,50.1680332021911,-1.16868771666991,0.248052968674819,-0.180486263817353,0.112107655586617,14527.8834352685,-1.6099370098584,0.10743333452595,-0.236717757636649,0.292783610391469,49.6383267699177,-0.808507543575076,0.422656620482193,0.194380006486051,0.293704169046982,50.1062277459724,0.66182242872745,0.511117390347182,-0.0116059001727543,0.199056128251594,-0.0583046614776169,0.953505954511673,-0.372578427807461,0.198859426163426,-1.87357690301927,0.0609887639790056,0.360972527634707,0.224215311173234,1.6099370098584,0.107411608341866,-0.4310977641227,0.414695319642761,-1.03955300121079,0.298547621893613,-0.0423377511505978,0.414724673398233,-0.102086405430582,0.918688091530928,-0.388760012972102,0.587408338093963,-0.66182242872745,0.508085030221096
0,"",158299.054010612,0,0.152144303847137,0.60555634791367,0.557126783974441,0.000143364008262466,0.00539257203572379,0.00690771920497645,-0.144868436535132,0.1638793087912,50.1769402840286,-0.883994676348743,0.380915276605987,-0.160423001283625,0.112021394007657,14303.0589050343,-1.43207467381328,0.152144303847137,-0.147923232988849,0.284617825707586,49.8200696222852,-0.519725820479088,0.60555634791367,0.173476986435164,0.293498372143755,50.2258477059631,0.591066264415924,0.557126783974441,0.0155545647484925,0.198605628043048,0.0783188517956851,0.937574421957205,-0.305291437818757,0.198409288190413,-1.53869529296314,0.123878702007413,0.320846002567249,0.224042788015314,1.43207467381328,0.152122451646677,-0.321400219424013,0.408826613439907,-0.786152879627184,0.43177792779783,0.0255537534463149,0.408849608617095,0.0625015969386609,0.950163390255057,-0.346953972870328,0.586996744287509,-0.591066264415924,0.554476022637664
0,"",158326.406912744,0,0.106293070229955,0.619509144799974,0.772934846416225,0.000178919335572733,0.00497512472092443,0.00167153373468687,-0.147219127858846,0.164384213408071,49.949362688094,-0.895579476925719,0.374773158760079,-0.181184636463637,0.112176033694418,14578.3237309046,-1.61518134040296,0.106293070229955,-0.14546889564537,0.291135674033098,49.9320503884565,-0.499660153735856,0.619509144799974,0.086123554885181,0.296877580892602,50.2628834424372,0.290097873427286,0.772934846416225,0.0339655086047906,0.199110090076207,0.170586576460242,0.864548853640464,-0.328403764322483,0.198913137666288,-1.65099082029181,0.0987404493388095,0.362369272927274,0.224352067388835,1.61518134040296,0.10627143018123,-0.231592450530551,0.415792918393421,-0.55698988675757,0.577534338934798,-0.0593453407601891,0.415823047072408,-0.142717776655259,0.886513076697816,-0.172247109770362,0.593755161785205,-0.290097873427286,0.771741362640934
0,"",158292.701387368,0,0.0588677223620411,0.540900678598949,0.812759794059631,0.000240760117964126,0.00751902356870898,0.00112529957481285,-0.159905989573663,0.160589525249371,49.6992882811943,-0.995743584927803,0.32419827690185,-0.211868184461284,0.112139586956802,14822.6025955336,-1.88932552910953,0.0588677223620411,-0.189889442380455,0.308425518842251,50.0336026609519,-0.615673576859822,0.540900678598949,0.0685083192582487,0.287712750739236,50.3281847111196,0.238113601438333,0.812759794059631,0.0519621948876211,0.195967872711673,0.265156702313511,0.79088874791363,-0.371774174034947,0.195768123120652,-1.89905367691461,0.0575574188464041,0.423736368922568,0.224279173913604,1.88932552910953,0.0588482228010551,-0.258397761638703,0.421770139489955,-0.612650677336197,0.5401073419205,-0.121381123122206,0.421805410890759,-0.287765685285725,0.773526105942989,-0.137016638516497,0.575425501478471,-0.238113601438333,0.811792985677305
0,"",158148.835620895,0,0.0538705656397544,0.384226762717182,0.596474496278134,0.000251411151037868,0.0152079312799394,0.00561901548734051,-0.0887550179057784,0.169063808461001,49.2296735318945,-0.524979406969008,0.601953876851795,-0.215380847553438,0.111710337710342,14782.0169943993,-1.92802968792294,0.0538705656397544,-0.273193256879156,0.3112036749194,49.9028004904917,-0.877859996190312,0.384226762717182,0.151196795761619,0.283742084642688,50.24932662021,0.532867008262164,0.596474496278134,0.126625829647659,0.202733551536305,0.624592371060909,0.532238627987602,-0.304135865459216,0.202540486932539,-1.50160528428331,0.133199077831075,0.430761695106876,0.223420675420684,1.92802968792294,0.0538514335847128,-0.424390052640774,0.42112015528491,-1.00776476099476,0.313567406810462,-0.121996461117537,0.42115604064794,-0.289670453093462,0.772068362632044,-0.302393591523237,0.567484169285375,-0.532867008262164,0.594125644546757
0,"",158057.594560043,0,0.125912099725713,0.297499662101763,0.532076375629547,0.000156130647497424,0.0216865281133929,0.00784252843091039,-0.0525752424012176,0.173944277907877,49.6618823475486,-0.302253359717082,0.763721213867397,-0.170657673499391,0.111503934515442,15000.829834851,-1.53050808692097,0.125912099725713,-0.323451814078882,0.30723366530306,49.9999514741663,-1.05278766817375,0.297499662101763,0.185109879640857,0.29419782845373,50.0846654057422,0.629202059762893,0.532076375629547,0.118082431098174,0.206709862685639,0.571247203998928,0.567832084524403,-0.223232915900609,0.206520001760405,-1.08092637031639,0.279729867342111,0.341315346998782,0.223007869030885,1.53050808692097,0.125891013294349,-0.508561693719738,0.425355143753205,-1.19561665396201,0.231846189424715,-0.138341934438025,0.425397198401184,-0.325206501025325,0.745024788772301,-0.370219759281714,0.588395656907459,-0.629202059762893,0.529216780550101
0,"",158092.286332543,0,0.285356109638714,0.40975491412437,0.6243052098198,7.51854981560801e-05,0.0135763177079411,0.00483765988728929,-0.102906154098212,0.169118982483408,50.089954889286,-0.60848375851781,0.545616251796328,-0.119289061158773,0.111651829469503,15181.0852300868,-1.0684022082357,0.285356109638714,-0.25335911368969,0.304784149382621,50.2076396957638,-0.831273916976658,0.40975491412437,0.149324216465769,0.303005039549717,49.9596499217172,0.492810999736748,0.6243052098198,0.016382907060561,0.202747666371198,0.0808044174011185,0.935597494982286,-0.222195215256985,0.202553958986868,-1.09696801962479,0.272655372329514,0.238578122317546,0.223303658939006,1.0684022082357,0.285339121361792,-0.402683330155459,0.429751000471024,-0.937015457123085,0.348750607005201,-0.104034897223921,0.429796394830134,-0.242056235173956,0.808736589158469,-0.298648432931538,0.606010079099434,-0.492810999736748,0.622146137768062
0,"",158073.757541966,0,0.215657919120294,0.70029286820339,0.670220129295394,0.000100301027461117,0.00298722703646595,0.00365868107435442,-0.176672311484736,0.162460135648683,50.164113188083,-1.08748100436642,0.282021879298771,-0.138217892444074,0.111627350885318,15284.0465687496,-1.23820812146724,0.215657919120294,-0.115529007843107,0.2984146157285,50.0235372171403,-0.387142592064648,0.70029286820339,0.134231683775846,0.313352095580055,49.972198482222,0.428373339987933,0.670220129295394,-0.0384544190406613,0.197213188348876,-0.194989084465458,0.845401492944804,-0.31489020392881,0.1970149248727,-1.59830634218333,0.109974816634796,0.276435784888148,0.223254701770637,1.23820812146724,0.215638900941276,-0.249760691618953,0.43268982527215,-0.577228021162412,0.563785430233954,0.018702675932739,0.432736816639809,0.0432195163747907,0.965526547806177,-0.268463367551692,0.62670419116011,-0.428373339987933,0.668379331334086
0,"",158071.751151873,0,0.185446037535863,0.917019436708846,0.676736292137267,0.000114785266869637,0.000219037142967844,0.00351231381386832,-0.237660946219757,0.160327866983289,50.3307290934345,-1.48234334237434,0.144483626821498,-0.147815915735049,0.1116239367501,15275.369504461,-1.32423134355111,0.185446037535863,0.0307814600586442,0.293950962858863,50.0513452298354,0.104716309684019,0.917019436708846,0.133781195375053,0.318995296289021,49.8999614915114,0.419382971885087,0.676736292137267,-0.0898450304847075,0.195458300197743,-0.459663418712904,0.645757830711755,-0.385476861954806,0.19525857025445,-1.97418664621212,0.0483605238528834,0.295631831470099,0.2232478735002,1.32423134355111,0.185426224228775,-0.102999735316409,0.433756643535527,-0.237459729669761,0.812300156888425,0.164562655433698,0.4338035378246,0.379348348007791,0.70442920134421,-0.267562390750107,0.637990592578041,-0.419382971885087,0.674936266756554
0,"",158169.284419023,0,0.199829372844555,0.804421808920727,0.829769982557462,0.000106051736829928,0.00124006380151215,0.000935407176321971,-0.18549491302755,0.159344440962821,50.3512816431341,-1.16411286083605,0.249864724504614,-0.143555433425793,0.111969637084139,15497.9723871919,-1.28209251332948,0.199829372844555,0.0748292848499182,0.300580883485711,49.9157451520402,0.248948915121129,0.804421808920727,0.069784543739545,0.322886668860917,49.8897270602157,0.216127051592844,0.829769982557462,-0.0419394796017567,0.194851632649281,-0.215238019982336,0.829581749856542,-0.329050346453343,0.194649793842493,-1.69047364478384,0.0909373762184278,0.287110866851587,0.223939274168278,1.28209251332948,0.199810194940456,0.00504474111037326,0.441114172330745,0.0114363614383959,0.990875302680722,0.144613828589463,0.441166208881939,0.327798969363412,0.743063666637279,-0.13956908747909,0.645773337721834,-0.216127051592844,0.828888713867492
0,"",158195.607821882,0,0.108783357164463,0.998584098921929,0.950527779627002,0.000164704710612971,6.36953212835522e-08,7.75538713154953e-05,-0.172513221388257,0.15641790742484,50.2188472182484,-1.10289943286162,0.275328183604497,-0.179737408772661,0.112071295219701,15613.8719623035,-1.60377738492546,0.108783357164463,0.000552053138124554,0.309537842912454,49.9374891284403,0.00178347543205142,0.998584098921929,0.0197431208122613,0.316622563707055,50.1315023420808,0.0623553816920264,0.950527779627002,0.00722418738440403,0.19252489744875,0.0375233929748078,0.970067688382073,-0.352250630160918,0.192320664030473,-1.83157973136523,0.0670140588359111,0.359474817545322,0.224142590439402,1.60377738492546,0.108763131213922,-0.0191910676741368,0.442763689082154,-0.0433438155552451,0.965427464259446,0.0202951739503859,0.442817528692133,0.0458319118719802,0.963444223531967,-0.0394862416245227,0.633245127414109,-0.0623553816920264,0.950279826028068
0,"",158192.667721856,0,0.0508910428441809,0.988412688297356,0.83609092004037,0.000246459540714717,4.25835016803496e-06,0.000862352433014031,-0.159603581966157,0.148590828232497,50.0649798075962,-1.07411462648575,0.287921050549401,-0.218716448886024,0.112015841194893,15465.0496549174,-1.95254926939742,0.0508910428441809,-0.00451265540427616,0.309174526905283,50.0280657687567,-0.014595818903472,0.988412688297356,0.0640569387044026,0.308002171151003,50.1147230060085,0.207975607655693,0.83609092004037,0.0591128669198677,0.186187145598064,0.31749166533483,0.750870562702292,-0.378320030852181,0.185978258516643,-2.03421643943572,0.0419297777583193,0.437432897772049,0.224031682389785,1.95254926939742,0.0508730274209126,-0.0685695941086788,0.436386101232735,-0.157130563771345,0.875141950362434,0.0595442833001265,0.436435128847996,0.136433296415204,0.891478753032728,-0.128113877408805,0.616004342302005,-0.207975607655693,0.835248013189768
0,"",158334.808954653,0,0.0830552178989938,0.896709301377755,0.593094480608696,0.00019716578230367,0.000339710940857157,0.00573794811353944,-0.141447321041134,0.151234490350547,49.4953768918574,-0.935284806483445,0.354182504650519,-0.194777368879162,0.112371028397014,15235.3030114432,-1.73334151745057,0.0830552178989938,-0.0394149145563978,0.302076594842916,50.0991007902607,-0.13047986911033,0.896709301377755,0.165755402525734,0.308209352731116,50.117339155427,0.53780133878786,0.593094480608696,0.0533300478380284,0.188515835378058,0.282894260479911,0.777257894425229,-0.336224689920296,0.188308305714053,-1.78550111555278,0.0741800705544743,0.389554737758324,0.224742056794029,1.73334151745057,0.0830349855864727,-0.205170317082132,0.431537173484486,-0.475440656538266,0.634472921712515,0.126340487969336,0.43158106588064,0.292738718070355,0.769721872899115,-0.331510805051468,0.616418705462232,-0.53780133878786,0.590714207614839
0,"",158371.869147349,0,0.333565045613274,0.678007627304554,0.61502125857861,6.24510707468907e-05,0.00347252329024309,0.00507234080635077,-0.139955049589286,0.155695807000552,49.835782766251,-0.898900569549634,0.373028426588585,-0.108698192083427,0.112408898267068,14971.8768807274,-0.966989213124171,0.333565045613274,-0.125357536099913,0.30016785581783,50.0514472374831,-0.417624784500549,0.678007627304554,0.152188622780151,0.300726412465475,50.2347570120069,0.506070024020997,0.61502125857861,-0.0312568575058596,0.192135692445931,-0.162681160943876,0.870769480765316,-0.248653241672713,0.19193166789944,-1.29553004146763,0.195137444927839,0.217396384166853,0.224817796534135,0.966989213124171,0.333549426111981,-0.277546158880064,0.424877598013774,-0.653237921174339,0.513602906588603,0.0268310866802377,0.424915592026585,0.0631445096007655,0.949651431457419,-0.304377245560302,0.601452824930949,-0.506070024020997,0.612807493058465
0,"",158374.905148427,0,0.629060567037335,0.660772702928221,0.777109824793067,1.60923736517151e-05,0.00387357224272151,0.00161385398076213,-0.0889935310652383,0.154542612267433,50.1445017656299,-0.575851085726677,0.567291398376426,-0.0542423920971139,0.112289185888227,14500.2237665202,-0.48305980373842,0.629060567037335,-0.126510783754226,0.286568094829469,50.1189797869676,-0.441468488770568,0.660772702928221,0.0845680330970472,0.297128407069374,50.1139249631699,0.284617798517333,0.777109824793067,-0.0347511389681244,0.191131232497036,-0.181818212094998,0.855725391558682,-0.143235923162352,0.190927767786486,-0.750210013048143,0.453128229135428,0.108484784194228,0.224578371776454,0.48305980373842,0.629053273868004,-0.211078816851274,0.412790420934404,-0.511346208987771,0.609108653616588,-0.0419427506571793,0.412816175686404,-0.101601519338334,0.919072973434526,-0.169136066194094,0.594256814138748,-0.284617798517333,0.775936973758843
0,"",158354.837592985,0,0.359038348760365,0.553534324784641,0.797511762717771,6.09669111631368e-05,0.00704269764834845,0.00132918281699102,-0.0377431879177446,0.156678834903403,49.9232515859049,-0.240895255195217,0.81062289726055,-0.102764569911265,0.112037995078081,13798.6147678919,-0.917229640173831,0.359038348760365,-0.163682140022764,0.274411580460053,50.163663829629,-0.59648408331875,0.553534324784641,0.0738003602391822,0.286113849842121,49.989275466127,0.257940537586369,0.797511762717771,0.0650213819935208,0.192715600507144,0.337395529071921,0.735818754560076,-0.14050775782901,0.192515549025991,-0.729851477139856,0.46548097483734,0.205529139822531,0.224075990156161,0.917229640173831,0.359022318002967,-0.237482500261946,0.396434164976162,-0.59904650315955,0.549141874422455,-0.0898817797835819,0.396441236457284,-0.226721570608527,0.820640252925486,-0.147600720478364,0.572227699684242,-0.257940537586369,0.796452798670075
0,"",158451.804839256,0,0.102240968237663,0.634492089552811,0.953175225326548,0.000195963656250131,0.00453442284466338,6.94342000524345e-05,-0.0443440617781507,0.164134377931052,49.9512624515296,-0.270169249959192,0.788143164530636,-0.183472277660487,0.112270722221181,13625.3360983482,-1.63419522054052,0.102240968237663,-0.132329398842224,0.276649807984899,50.2291886607508,-0.478328178884718,0.634492089552811,0.0165298640555336,0.28009926397939,50.1546306107758,0.0590143073590864,0.953175225326548,0.139128215882336,0.198956511165902,0.699289583774026,0.484371075263149,-0.227816339438637,0.19876097413338,-1.14618244568353,0.251719669728451,0.366944555320973,0.224541444442362,1.63419522054052,0.102217865805421,-0.148859262897757,0.3936869944801,-0.378115774676122,0.705344590249839,-0.11579953478669,0.393690205944955,-0.294138723895207,0.768651901596151,-0.0330597281110672,0.56019852795878,-0.0590143073590864,0.952940712348894
0,"",158611.853781972,0,0.0737987509558004,0.669392685658794,0.980246755101507,0.000233596285399055,0.00365376772301473,1.23420028025002e-05,-0.0789952213836515,0.165801639744455,49.5454186019283,-0.476444150404089,0.635852523830805,-0.201610231432467,0.112757643195288,13682.5096366097,-1.78799614570955,0.0737987509558004,-0.121515405833332,0.28292218560936,50.3034790481343,-0.429501156198164,0.669392685658794,0.0069167695100843,0.277968218347466,50.1678304323959,0.0248833105856663,0.980246755101507,0.122615010048815,0.200608420323027,0.611215670066969,0.541056810732537,-0.280605452816118,0.200412577891986,-1.40013893223485,0.161471718570666,0.403220462864933,0.225515286390575,1.78799614570955,0.0737766296674149,-0.128432175343416,0.396622362180371,-0.32381476081525,0.746078280302087,-0.114598636323248,0.39662739297853,-0.288932732211592,0.772632854775074,-0.0138335390201686,0.555936436694931,-0.0248833105856663,0.980148039336513
0,"",158632.011778124,0,0.0387690402328141,0.711527341787851,0.824973944757277,0.000301443942184202,0.00272508018491589,0.00098434530356987,-0.117837358512247,0.163976784095449,49.065992731736,-0.718622207175717,0.475782112833757,-0.233445233756222,0.11294887313782,14166.7008093767,-2.06682215829965,0.0387690402328141,-0.111212290633121,0.299046297028572,50.6132616403335,-0.371889877046347,0.711527341787851,0.0618093367752375,0.278030005035553,50.1590903872634,0.222311749292432,0.824973944757277,0.115607875243974,0.199211764633609,0.580326545756979,0.561694429293183,-0.351282592268469,0.199013417041016,-1.76512014863838,0.0775435750607082,0.466890467512444,0.22589774627564,2.06682215829965,0.0387509147399269,-0.173021627408358,0.408316169805896,-0.423744245765747,0.671752343239469,-0.0494029538578833,0.408333991247585,-0.120986630838501,0.903701624448104,-0.123618673550475,0.556060010071106,-0.222311749292432,0.824071206331104
0,"",158646.636624088,0,0.0179487672920504,0.904343823259642,0.774132849376722,0.0003781658352118,0.000287467131973693,0.0016554173813306,-0.123280225238211,0.162662852863021,49.2812647230063,-0.757888006194172,0.452127088969225,-0.267863544160613,0.113168847762563,14809.0389816191,-2.36693709847263,0.0179487672920504,-0.0380658851836892,0.315171807638069,50.7299088590215,-0.120778204970041,0.904343823259642,0.0824196826800366,0.285658735323519,50.2041724609395,0.288524986245189,0.774132849376722,0.144583318922402,0.198258012509307,0.72926847743727,0.465837450666337,-0.391143769398824,0.19805692133007,-1.97490583399994,0.0482788352260723,0.535727088321226,0.226337695525127,2.36693709847263,0.0179359808832497,-0.120485567863726,0.425346403744572,-0.283264574010785,0.776974031435443,0.0443537974963474,0.425380770151309,0.104268459245515,0.916956307324867,-0.164839365360073,0.571317470647038,-0.288524986245189,0.772944907078533
0,"",158746.271431558,0,0.037208965298815,0.843335538302091,0.830771842626968,0.000288505384726557,0.000777589795171832,0.00091789687137531,-0.130444557946023,0.1654489308057,49.355680508601,-0.788427929457063,0.434217146993864,-0.236555252070269,0.113529332220235,15044.2237945037,-2.0836487579384,0.037208965298815,-0.0633829226327358,0.3190779020215,50.7063884890751,-0.198644037180817,0.843335538302091,0.0628177957348617,0.292410833521871,50.2326116653703,0.214827183310098,0.830771842626968,0.106110694124247,0.200754931007898,0.528558345199861,0.597111862776373,-0.366999810016292,0.200554166334828,-1.82992862588345,0.0672606122881403,0.473110504140539,0.227058664440471,2.0836487579384,0.0371921284516727,-0.126200718367597,0.43277843839304,-0.291605836086004,0.770588012737923,-0.000565126897874066,0.432819164895544,-0.00130568824975773,0.998958211800307,-0.125635591469723,0.584821667043742,-0.214827183310098,0.829902058446627
0,"",158845.300329166,0,0.104819980459143,0.81442260531472,0.868935218536891,0.000172892300636692,0.00109258556207713,0.000548305205160799,-0.0568266031211762,0.172275104383,49.4885942469804,-0.329859635405241,0.742898255236295,-0.184695709075965,0.113867777579969,15214.6223478128,-1.62201909092547,0.104819980459143,-0.0748738965385849,0.317336853613716,50.896700212749,-0.235944535549365,0.81442260531472,0.0500947984632644,0.302033295797804,50.143548466934,0.165858530037034,0.868935218536891,0.127869105954789,0.206604430416504,0.618907860286496,0.535977060040216,-0.241522312197141,0.206406816880212,-1.1701275948522,0.241949625050234,0.36939141815193,0.227735555159938,1.62201909092547,0.104799260508407,-0.124968695001849,0.438071643203214,-0.285269993939961,0.775437299519865,-0.0247790980753205,0.438117354466939,-0.0565581295118278,0.954897188933018,-0.100189596926529,0.604066591595608,-0.165858530037034,0.868268283628077
0,"",158926.770386655,0,0.125161649616672,0.753066359114204,0.958235593085315,0.000156837076896909,0.00197268974586392,5.52948586477708e-05,0.0194864418738393,0.177624717922269,49.5279493779006,0.109705687934529,0.913086099044608,-0.174896543247996,0.114046893696128,14992.659297074,-1.53354938113439,0.125161649616672,-0.0976861409733502,0.308828358708184,50.6191908468254,-0.316312081513392,0.753066359114204,-0.015941958489224,0.302903026896621,50.0918826286557,-0.052630568444814,0.958235593085315,0.194382985121835,0.211182930192955,0.920448375937534,0.357338498576287,-0.155410101374157,0.210988717121368,-0.736580152220935,0.46137770853236,0.349793086495992,0.228093787392255,1.53354938113439,0.125140549372711,-0.0817441824841262,0.432559201313747,-0.188978022513119,0.850110041910802,-0.113628099462574,0.432600202322959,-0.262663075172916,0.792810279415175,0.0318839169784479,0.605806053793243,0.052630568444814,0.958026260619146
0,"",158934.147019214,0,0.193227054658749,0.723933960397264,0.846273869554723,0.000114898545326416,0.00250013137503399,0.000759106767358015,0.00782868485928849,0.173201714548096,49.6417964745875,0.0451998115591088,0.964129382144316,-0.148338189065073,0.114005343587257,14732.9968826214,-1.30115119517656,0.193227054658749,-0.108071929445254,0.304268116928971,50.3341725715153,-0.355186506348553,0.723933960397264,-0.0580952003617265,0.298101975781246,49.994028625343,-0.194883647481619,0.846273869554723,0.156166873924362,0.207453086188813,0.752781637493822,0.451581142891814,-0.140509504205785,0.207256656367013,-0.677949295664447,0.497803842663311,0.296676378130146,0.228010687174513,1.30115119517656,0.193206706956057,-0.0499767290835276,0.425945030247374,-0.117331405544286,0.906597438877037,-0.166167129806981,0.425979554786298,-0.390082406397044,0.696475612054617,0.116190400723453,0.596203951562492,0.194883647481619,0.845484036163437
0,"",158979.448152484,0,0.312450601176278,0.814516749135656,0.693895488276226,6.96983389842238e-05,0.00110763724598029,0.00315600137736675,-0.0165372285014648,0.168374533220231,49.8941030402325,-0.0982169226259079,0.922153566445413,-0.115280565614347,0.114124695539801,14638.6232766621,-1.01012813282068,0.312450601176278,-0.070914216934428,0.300687171370727,50.1600505519899,-0.23584051361804,0.814516749135656,-0.118556026769623,0.299475420110343,49.5011081309511,-0.395878989754618,0.693895488276226,0.0987433371128825,0.203506895067377,0.485208803761616,0.627528237715326,-0.131817794115812,0.203307163667199,-0.648367680401019,0.51674716892327,0.230561131228694,0.228249391079601,1.01012813282068,0.312433905299093,0.0476418098351945,0.424363780466023,0.112266437495857,0.910612152530682,-0.189470243704051,0.424396025409023,-0.446446791110834,0.655274539777415,0.237112053539245,0.598950840220687,0.395878989754618,0.692194301287452
0,"",158985.747975602,0,0.340827773557281,0.777626634295229,0.653910343749167,6.39623055937904e-05,0.00159379696049671,0.00408719941353154,-0.00109627955434239,0.173007968080638,49.5800298711202,-0.00633658418455859,0.994969599212217,-0.108609382660073,0.114018059963022,14185.2014143764,-0.952562977262525,0.340827773557281,-0.0824750951503477,0.290479144357087,50.4998413306628,-0.283927768146276,0.777626634295229,-0.132837238789347,0.294497596470748,49.5760198406306,-0.451063914888492,0.653910343749167,0.107513103105731,0.207297878527121,0.518640633804964,0.604011367628008,-0.109705662214415,0.207102244295902,-0.529717399187962,0.596307882620571,0.217218765320146,0.228036119926044,0.952562977262525,0.34081154301665,0.0503621436389991,0.413640164943202,0.121753514061949,0.903094230362884,-0.215312333939694,0.413661394394867,-0.520503815094151,0.602712469526536,0.265674477578694,0.588995192941495,0.451063914888492,0.651943484323703
0,"",158983.865744782,0,0.333977056393249,0.680174970815351,0.753029430326676,6.51895778132605e-05,0.00338449947765432,0.00199595480312144,0.0641749861288755,0.178005487154053,49.3841000049354,0.36052251621511,0.719993953840291,-0.11018830393081,0.11404687833919,14318.5061675971,-0.966166768748339,0.333977056393249,-0.121851014318419,0.293888893127454,50.6203492456932,-0.414615921757799,0.680174970815351,-0.0936502964543018,0.296005186911148,50.0496758663956,-0.316380592622564,0.753029430326676,0.174363290059685,0.211502726475868,0.82440209147649,0.409711126873451,-0.0460133178019342,0.211309925287492,-0.217752752216121,0.82762175940746,0.22037660786162,0.228093756678379,0.966166768748339,0.333960738498948,-0.0282007178641168,0.417108055319715,-0.0676101012781947,0.946096014144136,-0.21550131077272,0.417133521251137,-0.516624293646678,0.605418453635966,0.187300592908604,0.592010373822296,0.316380592622564,0.751713645845782
0,"",159034.182025511,0,0.75551752571826,0.772239811890536,0.87704318733884,6.61480340643099e-06,0.00167243971592208,0.000482452985601925,0.0369179697013679,0.174500994597279,49.5373598657706,0.211563090437214,0.833315915341099,-0.035587413132911,0.114289982515726,14657.391681398,-0.311378235866073,0.75551752571826,-0.0870122435070951,0.299008180548166,50.5495368454824,-0.29100288610023,0.772239811890536,-0.0471540855773766,0.303219885057904,50.1024221109966,-0.155511191386316,0.87704318733884,0.0725053828342789,0.208695337611649,0.347422149742515,0.728274195373198,0.0013305565684569,0.20849904195686,0.00638159559856493,0.994908257958638,0.071174826265822,0.228579965031451,0.311378235866073,0.755513097355501,-0.0398581579297185,0.425833230763392,-0.0936003934175467,0.925426597085769,-0.134166329084472,0.425866693973734,-0.31504301928985,0.752728991026812,0.0943081711547532,0.606439770115808,0.155511191386316,0.8764183318222
0,"",159104.291894208,0,0.752432715166741,0.817452298614177,0.922907446275439,6.76141325802207e-06,0.00106078370111354,0.000188788303129961,0.0535271845464016,0.180829453895475,49.6543286646524,0.296009214170065,0.768457520830137,0.0361210157966334,0.114510248026165,14716.0339855618,0.315439154305036,0.752432715166741,-0.069406290489805,0.29913221911783,50.6971454099282,-0.232025459158131,0.817452298614177,-0.0298223404328341,0.306622745255134,50.0976819598048,-0.0972606921512607,0.922907446275439,0.0174061687497682,0.214133596410756,0.0812864914311683,0.935214116714371,0.089648200343035,0.213940598032479,0.419033138953016,0.675191913517066,-0.0722420315932668,0.22902049605233,-0.315439154305036,0.752428242255134,-0.039583950056971,0.428348425648427,-0.0924106350969993,0.926371790000798,-0.0992286309226391,0.428383952884347,-0.231634799236816,0.816821676607163,0.0596446808656681,0.613245490510269,0.0972606921512607,0.92251937107608
0,"",159241.942471261,0,0.530395971339591,0.76138693579205,0.676661345601508,2.70843148725258e-05,0.00183878485746563,0.00349615951942131,0.061143201864439,0.181839858743382,49.7406759490783,0.336247521786333,0.738098632203044,0.0720702777685007,0.114868278481175,14533.9127988772,0.627416713486414,0.530395971339591,-0.0913006638280295,0.2990481801488,50.5982288315711,-0.305304194737451,0.76138693579205,-0.126443880129079,0.301434553740106,50.1530439270468,-0.419473741680252,0.676661345601508,-0.0109270759040617,0.215178882288252,-0.0507813582255894,0.959499745689937,0.13321347963294,0.214985952739388,0.619638064420073,0.535496100446034,-0.144140555537001,0.229736556962349,-0.627416713486414,0.530386114850842,0.0351432163010494,0.424593433659286,0.0827690998378699,0.934035139552952,-0.217744543957108,0.424624097963162,-0.512793656793352,0.608095667371928,0.252887760258158,0.602869107480211,0.419473741680252,0.674869941209257
0,"",159320.13705359,0,0.566152957816549,0.851116060526839,0.569534178760928,2.2560308906565e-05,0.000706163791311396,0.00650806192529173,0.0248220173214125,0.17649788176355,49.9209670970939,0.140636346869398,0.888723179053013,0.0660500509383825,0.115122027230239,14590.6492221794,0.573739470434144,0.566152957816549,0.0558973389424346,0.296283393185831,50.3680816549206,0.188661734771532,0.851116060526839,-0.175998776734489,0.307411301927986,50.0371204389718,-0.572518887987139,0.569534178760928,-0.0412280336169699,0.210822481117063,-0.195558051487295,0.844956096298332,0.090872068259795,0.210625374294944,0.431439319996387,0.666148964967754,-0.132100101876765,0.230244054460478,-0.573739470434144,0.566144114438794,0.231896115676924,0.426933427340863,0.543166922115419,0.58701487899498,-0.120101437792054,0.426964827451303,-0.281291174518942,0.778487078868742,0.351997553468978,0.614822603855972,0.572518887987139,0.566970493447849
0,"",159256.49965585,0,0.481616733387792,0.425002982241928,0.741490770387414,3.41573288638821e-05,0.0126974699067703,0.00219842626181156,-0.0691108044496811,0.174292533808068,49.9856464861916,-0.396521887310368,0.693407856854672,0.0808630574104149,0.11490754574716,14497.8793843999,0.70372277890561,0.481616733387792,0.237350222848143,0.295097887535068,50.3014082869724,0.804310138682162,0.425002982241928,-0.100906117416148,0.30419306845132,49.9423122838642,-0.331717346256019,0.741490770387414,-0.149973861860096,0.208860995625812,-0.718055860122316,0.472722844795476,0.0117522529607338,0.208663239043053,0.0563216262463411,0.95508559092411,-0.16172611482083,0.22981509149432,-0.70372277890561,0.481605431750667,0.338256340264291,0.423797063356643,0.798156404353453,0.424779732812791,0.136444105431996,0.423825932822974,0.321934301006981,0.747502466925007,0.201812234832295,0.608386136902641,0.331717346256019,0.740102701231056
0,"",159211.005187449,0,0.504267567276199,0.313777090795187,0.955889855695218,3.0282812617676e-05,0.020285658247832,6.17443159454669e-05,-0.146342320855571,0.177233877839843,49.8066379527798,-0.825701737383488,0.412910978597016,0.0766913704168723,0.114840702710502,14726.2426768575,0.667806523356102,0.504267567276199,0.305580254607024,0.300301955059303,50.0085910187688,1.01757664064051,0.313777090795187,-0.0171179892297301,0.307933470123852,50.0458310906662,-0.0555898948654239,0.955889855695218,-0.223033691272443,0.211285756590489,-1.05560211379854,0.291150034783296,-0.0696509504386988,0.211089549642718,-0.329959254527699,0.741430749659671,-0.153382740833745,0.229681405421005,-0.667806523356102,0.504257101989508,0.322698243836754,0.430103326500255,0.750280744077349,0.453085637454732,0.288462265377294,0.430139164693625,0.670625437194858,0.5024591736176,0.0342359784594602,0.615866940247705,0.0555898948654239,0.955668514786862
0,"",159332.729756716,0,0.700486692861653,0.275519133261948,0.826333841642465,1.01384131211954e-05,0.0237305036355318,0.00096896768452079,-0.153818023516555,0.177455916700214,49.6906439390915,-0.866795688623945,0.390220383597158,0.0443045258202643,0.115175074208693,14595.0234481606,0.384671128928348,0.700486692861653,0.327353583278291,0.296917408097059,50.0064058533997,1.10250721025856,0.275519133261948,0.0681929469541456,0.309187072145328,50.1540431826834,0.220555621814914,0.826333841642465,-0.198122549336819,0.211654258203731,-0.936066918843245,0.349238734236236,-0.109513497696291,0.21145750203294,-0.517898379785227,0.604529172522096,-0.0886090516405286,0.230350148417387,-0.384671128928348,0.700481088060172,0.259160636324145,0.428651912581972,0.604594610958572,0.545448388264195,0.395546530232436,0.428684876646668,0.92269765457216,0.35616478847043,-0.136385893908291,0.618374144290656,-0.220555621814914,0.825438458725624
0,"",159326.369766837,0,0.54725997921713,0.298048217674775,0.663172539688757,2.4577359842487e-05,0.0215381110733702,0.00381067586786446,-0.154929127903115,0.171437716242346,49.7404727881054,-0.903705038184863,0.370507890531854,0.0693341803987593,0.115195072001089,14739.442902381,0.601884952145385,0.54725997921713,0.312663116833219,0.29734146282051,50.2317907247195,1.05152881763401,0.298048217674775,0.137296692841557,0.31336997526415,50.1816872353747,0.438129698691856,0.663172539688757,-0.224263308301875,0.206645344912146,-1.08525700589683,0.277807842382462,-0.085594947504356,0.206444403541473,-0.414615005473669,0.678423761610975,-0.138668360797519,0.230390144002177,-0.601884952145385,0.547250721492582,0.175366423991662,0.431969141274953,0.405969795606393,0.684764793574381,0.449959809674775,0.432004669887687,1.04156237429507,0.297614620621287,-0.274593385683113,0.6267399505283,-0.438129698691856,0.661292266745829
0,"",159383.245218607,0,0.57464877940996,0.387692060449912,0.76345378455046,2.09125158377936e-05,0.0149511198097786,0.00182050471049056,-0.137938956353257,0.172072971937706,49.9357737354276,-0.801630580328405,0.426564951892438,0.0647958350831667,0.115453165597159,15061.4618829809,0.561230475994509,0.57464877940996,0.270979757057537,0.310966456588221,50.0300190418331,0.871411534319812,0.387692060449912,0.094438970014819,0.312103735365648,50.2020426187705,0.302588400309205,0.76345378455046,-0.202734791436424,0.207317063339869,-0.977897275652928,0.328125132704727,-0.0731431212700903,0.207115227551941,-0.353151828258244,0.723974619500079,-0.129591670166333,0.230906331194319,-0.561230475994509,0.574640429697309,0.176540787042718,0.440556175069206,0.400722534453149,0.688624417992427,0.365418727072355,0.440599607481486,0.829366891997766,0.40689682997456,-0.188877940029638,0.624207470731296,-0.302588400309205,0.762203555516625
0,"",159386.146534123,0,0.88174779488005,0.487512132158344,0.727198513139449,1.47300615039007e-06,0.00968119232364258,0.00245278803359254,-0.124349694619572,0.173376894016641,49.8260859831605,-0.717221838151265,0.476586225702692,-0.017174373492964,0.115452949310193,15022.6498002715,-0.148756472620035,0.88174779488005,0.216955177142809,0.310181662309352,50.0442260536434,0.699445529847068,0.487512132158344,0.109395741248457,0.311832068083198,50.0533006311995,0.350816200273764,0.727198513139449,-0.107175321126608,0.208400536780032,-0.514275648146398,0.607059284801095,-0.141524068112536,0.208199611037949,-0.679751837224806,0.496661607313606,0.034348746985928,0.230905898620385,0.148756472620035,0.881745798211023,0.107559435894352,0.439810254886261,0.244558726631255,0.8067981250647,0.326350918391266,0.439853094035902,0.7419543543432,0.458114991850425,-0.218791482496914,0.623664136166397,-0.350816200273764,0.72572624265321
0,"",159345.536660211,0,0.756925286566673,0.436907452101451,0.598604172892091,6.40663746568167e-06,0.0121529034269799,0.00562944969309695,-0.165006553010095,0.173917494781416,49.6525291436313,-0.948763396215425,0.347336100598794,-0.0356946233815759,0.115320047781474,14954.1953355534,-0.309526609364708,0.756925286566673,0.237934480949196,0.303596728405256,49.9264025057846,0.783718856915972,0.436907452101451,0.167931115636008,0.316961288006306,49.5829328054548,0.529815854460646,0.598604172892091,-0.129311929628519,0.208776871027812,-0.619378616950786,0.535666964392508,-0.20070117639167,0.208576688406368,-0.962241648024664,0.335928232855303,0.0713892467631517,0.230640095562948,0.309526609364708,0.756920973949619,0.0700033653131877,0.438881533678024,0.159504011769482,0.873271797847879,0.405865596585204,0.438923527032225,0.924684077268444,0.355130264285494,-0.335862231272016,0.633922576012613,-0.529815854460646,0.596239611648617
0,"",159397.721190192,0,0.846168222195482,0.555021940576916,0.669103251835343,2.57151716960869e-06,0.00705167944410062,0.00373641480359421,-0.197182927682246,0.17831827114918,49.6174759480835,-1.10579205603269,0.274149494171129,-0.0223887475846419,0.115398051255936,14637.675162982,-0.194013220682444,0.846168222195482,0.174980210408365,0.294442885670612,49.7290109632981,0.594275558772076,0.555021940576916,0.136501534568671,0.317479609376517,49.2904253056266,0.429953705804097,0.669103251835343,-0.174794180097605,0.212499344955571,-0.822563383120781,0.410756328736583,-0.219571675266888,0.212302285696724,-1.03424075038245,0.30102362794901,0.0447774951692839,0.230796102511873,0.194013220682444,0.846165529985127,0.0384786758396947,0.432983266920849,0.0888687364602679,0.92918622990659,0.311481744977036,0.433018846183806,0.719326070267203,0.471940036449388,-0.273003069137341,0.634959218753034,-0.429953705804097,0.667229317183424
0,"",159406.001435043,0,0.685134179766362,0.690136100786111,0.687764424679252,1.19650163519619e-05,0.00321305992073998,0.00328319664688382,-0.224938591858085,0.171449129725068,49.093895070549,-1.311984448208,0.195627188436803,-0.0466985139259152,0.115169694141431,13740.7741343904,-0.405475713676625,0.685134179766362,0.110199323929403,0.274814520334843,49.8840864457274,0.400995274176679,0.690136100786111,0.123731137520016,0.306073762462112,49.6113095896009,0.404252675971636,0.687764424679252,-0.17824007793217,0.206639798928431,-0.86256412780339,0.388377160508159,-0.271637105784001,0.206440593302396,-1.31581246419935,0.188236994749487,0.0933970278518304,0.230339388282861,0.405475713676625,0.685127866791948,-0.0135318135906126,0.41133924183993,-0.032896967306315,0.973756751227452,0.233930461449419,0.411349444428601,0.568690354679749,0.569566294604643,-0.247462275040031,0.612147524924224,-0.404252675971636,0.686026921648604
0,"",159475.382701569,0,0.737948903359953,0.722215506443678,0.738911522345424,8.40718315568529e-06,0.00255199005844742,0.00223844191772535,-0.231448268979351,0.1726446553133,48.7020394961838,-1.34060488903835,0.186268908886426,-0.0385575689898229,0.115242478892247,13314.962437152,-0.33457774737625,0.737948903359953,0.0969394888333619,0.271151254252969,49.9562126140251,0.357510752072431,0.722215506443678,0.098814775628004,0.294836750330063,50.0681429525568,0.335150809786714,0.738911522345424,-0.192890699989528,0.207672979243652,-0.928819438580979,0.352982668794235,-0.270005837969174,0.20747516861307,-1.30138869038695,0.193125442853712,0.0771151379796458,0.230484957784494,0.33457774737625,0.737943633403713,-0.00187528679464211,0.400566002939181,-0.00468159249881932,0.996264643270054,0.195754264461366,0.40056248120066,0.488698451923419,0.625055199947896,-0.197629551256008,0.589673500660127,-0.335150809786714,0.73751132630072
0,"",159431.084488511,0,0.933102234578724,0.953772528231669,0.760581109725918,5.13418028129459e-07,6.83407220883064e-05,0.00186915480188351,-0.268114900008926,0.171190225845593,48.4583406870633,-1.56618112210889,0.123813912752849,0.00967292958584719,0.11523083781165,13724.8395563116,0.0839439317594654,0.933102234578724,0.0160691418585126,0.275801233414106,49.6688056640013,0.0582634880185083,0.953772528231669,0.0928713440043068,0.303120499839974,50.1273851130494,0.306384240106941,0.760581109725918,-0.277787829594773,0.206459170519548,-1.34548554513577,0.178468486188171,-0.258441970423079,0.206259762736361,-1.25299266805332,0.21020837501868,-0.0193458591716944,0.230461675623301,-0.0839439317594654,0.933101010307786,-0.0768022021457942,0.409810702064312,-0.187408971407832,0.851339989056354,0.108940485862819,0.409819355357348,0.265825623994326,0.790373507901326,-0.185742688008614,0.606240999679948,-0.306384240106941,0.759312106344716
0,"",159391.922655736,0,0.637547521373388,0.852797175225544,0.93832311492614,1.55459758479698e-05,0.000698200365467765,0.000120707143273038,-0.333579718809041,0.17216717524941,48.5577021830406,-1.93753378555349,0.0585078600173306,0.0543080247513237,0.115269248892853,14278.2949083989,0.47114061445655,0.637547521373388,-0.0529357455240639,0.283811816368711,49.7913290956461,-0.186517059794625,0.852797175225544,0.0243913037686092,0.313645604771397,50.0963656862377,0.0777670829673732,0.93832311492614,-0.387887743560364,0.207291951088776,-1.87121468789806,0.0613153297238895,-0.279271694057717,0.207092054316855,-1.34853891415083,0.177485112847351,-0.108616049502647,0.230538497785706,-0.47114061445655,0.637540323395111,-0.0773270492926731,0.422980491331152,-0.182814694477561,0.854943418394566,-0.0285444417554548,0.423004644134201,-0.0674802089085313,0.946199417110979,-0.0487826075372183,0.627291209542793,-0.0777670829673732,0.938013331110536
0,"",159522.639231419,0,0.722021391016986,0.741420538703794,0.791537480542569,8.83061083437065e-06,0.00220772893245271,0.00140535859651216,-0.361563378228302,0.179260441693297,48.6884676657982,-2.01697248323706,0.0492303041162238,0.0411523242777069,0.115672596801636,14332.8708155666,0.355765543573625,0.722021391016986,-0.0960794766342935,0.289555080941832,49.7614771416132,-0.331817615915346,0.741420538703794,-0.0825586465304139,0.310688433496288,50.173804691941,-0.265728098086408,0.791537480542569,-0.402715702506009,0.213439392950538,-1.88679182853249,0.0591883306390102,-0.320411053950595,0.213242905510889,-1.50256372273184,0.132951584134928,-0.0823046485554138,0.231345193603273,-0.355765543573625,0.722016155250308,-0.0135208301038796,0.424686141046582,-0.0318372294197295,0.974601856891546,-0.178638123164707,0.424712345968631,-0.420609678198291,0.674040125366693,0.165117293060828,0.621376866992575,0.265728098086408,0.790448621982637
0,"",159661.339005979,0,0.748594381361025,0.728933111227896,0.657118384060904,7.13555857189174e-06,0.00242930153869607,0.003947461831535,-0.348718165704032,0.178162302734426,48.9746837623501,-1.95730612117111,0.056023433737785,-0.0372124065044439,0.116107543295876,14395.3943567487,-0.32049947357525,0.748594381361025,-0.102198927054759,0.293255416290647,49.8726961910652,-0.348498003370104,0.728933111227896,-0.138549333115502,0.310268321868448,50.3150968478589,-0.446546822057605,0.657118384060904,-0.311505759199588,0.212755634657354,-1.46414810447334,0.143153486067777,-0.385930572208476,0.212557228466173,-1.81565489441774,0.0694233272317358,0.0744248130088878,0.232215086591752,0.32049947357525,0.748589729362062,0.0363504060607425,0.426911594413025,0.0851473853988947,0.932144218961928,-0.240748260170261,0.426938909017971,-0.563893932094456,0.572826319870686,0.277098666231003,0.620536643736896,0.446546822057605,0.655202298719482
0,"",159728.830868914,0,0.935981304190696,0.645671889784695,0.543076873099612,4.39460814076347e-07,0.00423958333550223,0.0074200227700912,-0.384399610581341,0.17461879241674,49.2691398752866,-2.2013644995548,0.0324239236626835,-0.0093497438192894,0.116401540026022,14681.2023249726,-0.0803231969027151,0.935981304190696,-0.135253897423866,0.292398920965753,50.2550520880238,-0.462566335666155,0.645671889784695,-0.199298793379837,0.325469110354864,50.1591371710074,-0.612343190303187,0.543076873099612,-0.375049866762052,0.209960636703012,-1.7862865756716,0.0740528693685165,-0.393749354400631,0.209758464444908,-1.87715597290734,0.0604967197591092,0.0186994876385788,0.232803080052043,0.0803231969027151,0.935980209358119,0.0640448959559715,0.43750655945531,0.14638613884031,0.88361656903968,-0.334552690803703,0.437541486019124,-0.764619359520758,0.444498237703558,0.398597586759675,0.650938220709728,0.612343190303187,0.540310719716859
0,"",159754.537937022,0,0.998375835832724,0.900907290815805,0.460624876639154,2.76875391426271e-10,0.000311456515884966,0.0109315355415066,-0.379032227124889,0.168473006007225,49.5359197740863,-2.24980984258471,0.0289361823266885,0.000237286223649323,0.116566862412525,14966.1632434418,0.00203562332157124,0.998375835832724,-0.0369158589450111,0.294982870160515,50.2689317069487,-0.12514577176947,0.900907290815805,-0.249862373357777,0.336038174517269,50.0229928775826,-0.743553537382214,0.460624876639154,-0.379269513348538,0.204971851882177,-1.85034925462132,0.0642632278701695,-0.378794940901239,0.204764533715224,-1.84990503007736,0.0643272387848098,-0.000474572447298646,0.233133724825051,-0.00203562332157124,0.998375808701819,0.212946514412766,0.4471217403329,0.476260703078806,0.633888657799646,-0.286778232302788,0.44716355639044,-0.641327380562266,0.521310003427013,0.499724746715554,0.672076349034538,0.743553537382214,0.457146621057235
0,"",159821.725205703,0,0.779964815701539,0.747656714682808,0.493041937663925,5.20905756956089e-06,0.00208641574431335,0.00942791715978944,-0.291902515600478,0.161574027869738,49.5477713577568,-1.80661780515747,0.0768966803717126,0.0326228565666923,0.116772978282965,14982.9675819594,0.279369911141945,0.779964815701539,0.0961726422082757,0.297278685292459,50.0573247562842,0.323510049547152,0.747656714682808,-0.229823455228368,0.332817317319897,50.1010922913945,-0.690539353778478,0.493041937663925,-0.32452537216717,0.199460362492453,-1.62701685744429,0.1037335175757,-0.259279659033786,0.199247970309936,-1.30129134379873,0.193158749048594,-0.0652457131333845,0.233545956565931,-0.279369911141945,0.779960959603015,0.325996097436644,0.446232768073281,0.7305516778703,0.465053036755021,-0.133650813020092,0.446273776478194,-0.299481663643355,0.764572560687985,0.459646910456736,0.665634634639793,0.690539353778478,0.489855070666227
0,"",159884.939218475,0,0.799612256764213,0.741921483330102,0.610725841488948,4.22423569459223e-06,0.00219062475461664,0.00520195773740298,-0.28868411928439,0.160807353476412,49.5133807832909,-1.79521715296892,0.0787236937112768,0.029710948303483,0.117039799788641,15255.1299105316,0.253853376006599,0.799612256764213,0.101582268487931,0.306762162516596,49.9472776229269,0.331143409782278,0.741921483330102,-0.170936375727248,0.333699431716625,50.1794794231892,-0.512246529303069,0.610725841488948,-0.318395067587873,0.198997291865477,-1.59999698791434,0.109599251606838,-0.258973170980907,0.198783090738403,-1.30279275776889,0.192645523942869,-0.0594218966069661,0.234079599577282,-0.253853376006599,0.799608835616069,0.272518644215178,0.453251351807944,0.601252799640083,0.547671622113674,-0.0693541072393169,0.453298888421298,-0.152998626316636,0.878399358577439,0.341872751454495,0.66739886343325,0.512246529303069,0.608478482455606
0,"",159990.890049807,0,0.989561018777863,0.733502860023443,0.787590934297477,1.11108617717284e-08,0.00234964719091057,0.00146115706206508,-0.367346230527722,0.164660918657345,49.395016558373,-2.23092542859038,0.0302578902331782,0.00153618160589708,0.117409994342453,15407.3247825399,0.0130839083546538,0.989561018777863,0.107491542451419,0.313949404918641,49.7742776081757,0.342384921797431,0.733502860023443,-0.0907639997201924,0.335063939774193,50.1464198148852,-0.270885610016286,0.787590934297477,-0.368882412133619,0.202339821116926,-1.82308361299011,0.0682907281140294,-0.365810048921825,0.202126808215836,-1.80980470700949,0.070326077734738,-0.00307236321179415,0.234819988684906,-0.0130839083546538,0.989560849373743,0.198255542171611,0.459138526688025,0.431798968389167,0.665887529371427,0.0167275427312266,0.459190547030637,0.0364283255380485,0.970940828650368,0.181527999440385,0.670127879548386,0.270885610016286,0.786479012932079
0,"",160060.458087908,0,0.883589466502342,0.689455225364101,0.965516853554174,1.42405363530871e-06,0.00324998071713406,3.78319163906399e-05,-0.427803314120775,0.162242731779241,49.266563727403,-2.63681034847758,0.0111642413223695,0.0172094485355584,0.11753244822898,15055.3680567117,0.146422956339941,0.883589466502342,0.122602268117069,0.305024690377023,49.5487254845302,0.401942111523916,0.689455225364101,-0.0144021263246145,0.331470352334082,49.8986826576075,-0.0434492141550535,0.965516853554174,-0.445012762656333,0.200448227491389,-2.22008829025664,0.0264127749244523,-0.410593865585216,0.20023403531702,-2.05056979916099,0.0403088599740582,-0.0344188970711167,0.235064896457961,-0.146422956339941,0.883587506072242,0.137004394441684,0.450436410580186,0.304159235851327,0.761006579503175,0.108200141792455,0.450480135473026,0.240188486177841,0.810184139161727,0.0288042526492291,0.662940704668163,0.0434492141550535,0.965343447493829
0,"",160097.664088899,0,0.682465761305562,0.782280270263052,0.979570686184771,1.11116581815001e-05,0.00156485059561339,1.33421369654992e-05,-0.43493581944742,0.163259701316721,49.1122563170825,-2.66407335024859,0.0104138986591593,0.0481365710132334,0.117662077194389,15062.379288818,0.409108628379109,0.682465761305562,0.083842698924111,0.301740928728285,49.2616593447289,0.277863196343545,0.782280270263052,0.00874186326053492,0.339667889495948,49.6441230442365,0.0257365018327386,0.979570686184771,-0.483072390460654,0.201348396225642,-2.39918668097707,0.0164315352162134,-0.386799248434187,0.20113431409088,-1.92308930568365,0.0544688351805223,-0.0962731420264667,0.235324154388778,-0.409108628379109,0.682459944486324,0.0751008356635761,0.454314127368171,0.165305965937342,0.868703163283566,0.0925845621846459,0.454359329300694,0.203769475421894,0.838533647433198,-0.0174837265210699,0.679335778991896,-0.0257365018327386,0.979467509239455
0,"",160044.984916407,0,0.640389204673433,0.966346253765876,0.936043236103561,1.45021664076347e-05,3.62645933407346e-05,0.000130808127183108,-0.434906124555622,0.156805717935489,48.599149318364,-2.77353485753974,0.0078430134963362,0.0548876522193961,0.117491147979875,15048.7293728204,0.467164149496589,0.640389204673433,-0.0125807854896614,0.296682584533304,49.5830052324526,-0.0424048668358865,0.966346253765876,-0.0277107850464203,0.343588632323431,49.7197051920381,-0.0806510531475768,0.936043236103561,-0.489793776775018,0.196048218083569,-2.4983332241573,0.0124778840295927,-0.380018472336226,0.195830289403971,-1.94055002161744,0.0523128812214095,-0.109775304438792,0.234982295959749,-0.467164149496589,0.640382440910518,0.0151299995567588,0.453931603875872,0.0333310116052112,0.973410623808046,-0.0402915705360816,0.453975227801223,-0.0887527954580898,0.929278373340807,0.0554215700928405,0.687177264646862,0.0806510531475768,0.935719463870403
0,"",160109.492989341,0,0.908176103598867,0.889619620513291,0.981846585302857,8.70999142953954e-07,0.000388687970135855,1.04718742128919e-05,-0.462914509867066,0.134516174745099,48.3253120428645,-3.44132971922718,0.00120333202211947,0.0135768871923789,0.117710522657609,15273.9630992318,0.115341321114262,0.908176103598867,-0.0418336170410363,0.299895248968371,50.0428141660547,-0.139494097305451,0.889619620513291,-0.00777736331803761,0.340095978267514,49.9381923064154,-0.0228681425686253,0.981846585302857,-0.476491397059445,0.17886343770866,-2.66399552174309,0.00772185906666105,-0.449337622674687,0.178629805675882,-2.51546835072975,0.0118874349861814,-0.0271537743847577,0.235421045315219,-0.115341321114262,0.908174587385163,-0.0340562537229987,0.453411711935394,-0.0751111028377038,0.940126313993906,-0.0496109803590739,0.453456380542708,-0.10940629019201,0.912880244847866,0.0155547266360752,0.680191956535028,0.0228681425686253,0.981755452294396
0,"",160070.332697206,0,0.832382430941221,0.839118593470001,0.858943699432293,2.90083738381411e-06,0.000834593721614187,0.000635693669550286,-0.476209082641997,0.136350174939959,48.7744121485329,-3.49254471328468,0.00102705106745439,-0.0248974246005238,0.117634562462764,15442.3832009966,-0.211650590432593,0.832382430941221,0.0627461826307808,0.30745282463,49.8631739933812,0.204083936149528,0.839118593470001,0.060224177615652,0.33713516835069,50.1660130727506,0.178635109206425,0.858943699432293,-0.451311658041473,0.180197516500722,-2.50453872398217,0.012261118261102,-0.501106507242521,0.179964930002762,-2.7844675472873,0.0053615686113251,0.0497948492010476,0.235269124925528,0.211650590432593,0.832379637845847,0.00252200501512879,0.456251167116589,0.00552766808481243,0.995589581438038,0.122970360246433,0.456299895604172,0.269494605260893,0.787549093087321,-0.120448355231304,0.67427033670138,-0.178635109206425,0.858224224717562
0,"",160022.419339058,0,0.920062650331225,0.827130676977923,0.827298780915827,6.64388483772386e-07,0.000965532932490189,0.00095652044853187,-0.460959673310993,0.150650999139761,49.1045217897981,-3.05978503921739,0.00358362778124636,-0.0117849805349471,0.11743119251819,15158.9252778888,-0.10035647498957,0.920062650331225,0.0656142205504111,0.298880264387984,49.8671847937516,0.219533466636779,0.827130676977923,0.0746383048877824,0.340335470349758,50.2341707233587,0.219308039832221,0.827298780915827,-0.449174692776046,0.191123524052987,-2.35018004717994,0.0187643320518194,-0.472744653845941,0.19090158613713,-2.47637886835762,0.0132722653532174,0.0235699610698943,0.234862385036379,0.10035647498957,0.920061323185683,-0.00902408433737131,0.452921354297363,-0.0199241750289535,0.984103860087019,0.140252525438193,0.452965270698634,0.309631961898257,0.756840847887676,-0.149276609775565,0.680670940699516,-0.219308039832221,0.82641009946223
0,"",160088.88421817,0,0.921803401721353,0.812054221611322,0.803055407207644,6.44828757857207e-07,0.00114181968127172,0.00124695422026259,-0.524937963232416,0.1500767365755,48.9932643363648,-3.49779702844439,0.00100804671141473,0.0115421696650316,0.117580499741152,14943.7511452073,0.0981639786396653,0.921803401721353,0.0695543675494024,0.290977299095265,49.9846783012686,0.239037092466209,0.812054221611322,0.0862285136400049,0.343931413170591,50.3460866652626,0.250714271328381,0.803055407207644,-0.536480132897448,0.190763186974316,-2.81228334149019,0.00491911503073479,-0.513395793567385,0.190540830418219,-2.69441354086959,0.0070512617775097,-0.0230843393300633,0.235160999482304,-0.0981639786396653,0.921802085159186,-0.0166741460906024,0.450487624326188,-0.0370135497407783,0.970474202013175,0.155782881189407,0.450526482504121,0.34577963169564,0.729508333580299,-0.17245702728001,0.687862826341181,-0.250714271328381,0.802035026097243
0,"",160211.53058413,0,0.998815030533018,0.695398940238472,0.71754433551822,1.53396834103142e-10,0.00309587754382419,0.0026190864134795,-0.548736669396473,0.148844168576107,48.8826925926935,-3.68665211842607,0.000569597774844841,0.000174960976299246,0.117805721766752,14379.1502409454,0.00148516535254254,0.998815030533018,0.110324063249556,0.280146486104568,49.9389901765694,0.393808484923763,0.695398940238472,0.122591755958671,0.336994560781939,50.3950609070208,0.363779627998201,0.71754433551822,-0.548911630372772,0.189934269743209,-2.89000837560752,0.00385231562460993,-0.548561708420173,0.189711682237309,-2.89155471055273,0.00383340841568641,-0.000349921952598492,0.235611443533503,-0.00148516535254254,0.998815009930592,-0.012267692709115,0.438219961226406,-0.0279943722207053,0.977666639706606,0.232915819208227,0.438244270846095,0.531474875321356,0.595089747390805,-0.245183511917342,0.673989121563878,-0.363779627998201,0.716022576380957
0,"",160269.280168833,0,0.922881632755059,0.647388214860511,0.66173222238183,6.92463394676626e-07,0.00422649541039156,0.00384146120489889,-0.481216073614727,0.160295972084733,49.1380962131149,-3.00204719654686,0.00420717000337664,0.0113997970460844,0.117758801475542,13533.5073815146,0.0968063270281505,0.922881632755059,0.12310943422368,0.267526030972412,49.8919803706576,0.460177403208942,0.647388214860511,0.143534418151996,0.326119497235779,50.233170337613,0.440128294593262,0.66173222238183,-0.492615870660811,0.199008515429215,-2.47535071350266,0.0133105395790014,-0.469816276568642,0.198795067267151,-2.36331958849501,0.0181120429048279,-0.0227995940921688,0.235517602951084,-0.0968063270281505,0.922880199295494,-0.0204249839283159,0.421808709388764,-0.0484223854882308,0.961379619188745,0.266643852375675,0.421812304389196,0.632138630383929,0.527296294444562,-0.287068836303991,0.652238994471558,-0.440128294593262,0.659844190049149
0,"",160271.214407294,0,0.976866540465749,0.680094584077207,0.661880114339142,6.22106917793909e-08,0.00343455306688784,0.00384683161923901,-0.480054357878983,0.16481862761785,49.7476686599596,-2.9126219822194,0.00535427789170842,0.00341449353161036,0.117748903520814,13516.7968804959,0.0289980919525659,0.976866540465749,0.112592678458231,0.271464400766683,49.9148907583629,0.414760381619989,0.680094584077207,0.139779191481856,0.31773141856849,50.1173002590425,0.439928767861921,0.661880114339142,-0.483468851410594,0.202663668603102,-2.38557238573146,0.0170525661232275,-0.476639864347373,0.202453466279791,-2.35431812112644,0.0185567223812447,-0.00682898706322073,0.235497807041627,-0.0289980919525659,0.976866112356974,-0.0271865130236251,0.417905592557553,-0.0650541976651846,0.94813084810743,0.252371869940087,0.417908203039184,0.603893075332681,0.545914732939315,-0.279558382963712,0.63546283713698,-0.439928767861921,0.659988699413538
0,"",160345.854341231,0,0.960905560153481,0.62188177775134,0.611277227421066,1.77846713013742e-07,0.00489534967757814,0.00516573299547128,-0.495129121927178,0.161705929823051,49.6969839991054,-3.06191073183883,0.00354408468758921,-0.00578254891445368,0.117967517856654,13510.3881701075,-0.0490181451599266,0.960905560153481,0.135258002226235,0.272553778348275,50.0618114194805,0.496261703088188,0.62188177775134,0.161162548681788,0.315114905595538,50.374313618658,0.5114405755488,0.611277227421066,-0.489346573012724,0.20026910369944,-2.44344516439803,0.0145477802092592,-0.500911670841631,0.200056422345842,-2.50385198819408,0.0122849414919464,0.0115650978289074,0.235935035713307,0.0490181451599266,0.960904835574725,-0.0259045464555526,0.41663255697181,-0.0621760014239725,0.950422673594523,0.296420550908023,0.416633224925644,0.711466424601459,0.47679524967748,-0.322325097363576,0.630229811191077,-0.5114405755488,0.609042588965119
0,"",160481.30975722,0,0.641217108367938,0.708442300271625,0.524067866486553,1.6293399390739e-05,0.00282631748584251,0.00809603246628219,-0.465133410612874,0.162023613163142,49.618475637209,-2.87077544767829,0.00600459847758087,-0.0551453549479497,0.118335540260516,13328.1139664639,-0.466008392969239,0.641217108367938,0.10186659012,0.270855162869651,49.9044373887236,0.376092480721969,0.708442300271625,0.20105402678636,0.31338561297749,50.427196952705,0.641554744253053,0.524067866486553,-0.409988055664924,0.200742925394827,-2.04235369619401,0.0411164593032503,-0.520278765560823,0.200529749728818,-2.59452159225457,0.00947226636215658,0.110290709895899,0.236671080521032,0.466008392969239,0.641209492967762,-0.0991874366663601,0.414216130117377,-0.239458170395859,0.810750328210394,0.30292061690636,0.414211444674613,0.731318800580998,0.464584449536224,-0.40210805357272,0.626771225954981,-0.641554744253053,0.521162325132042
0,"",160550.586993909,0,0.382197861193527,0.834310750184847,0.475647125364738,5.59138566779088e-05,0.000886270668314307,0.0101587962683643,-0.456116723089558,0.165130163221691,49.9423543915196,-2.76216479285623,0.0080146875421739,-0.103681777053015,0.11864504831139,13657.2071469929,-0.873882041675242,0.382197861193527,0.0582326222622806,0.276936399333576,49.844949730299,0.210274353253716,0.834310750184847,0.229188591625692,0.318891648829812,50.3295418375866,0.718703648924989,0.475647125364738,-0.352434946036543,0.20344000016245,-1.73237783009791,0.0832063126392894,-0.559798500142573,0.203227465965532,-2.754541555114,0.00587744257380106,0.207363554106031,0.23729009662278,0.873882041675242,0.382182495495593,-0.170955969363411,0.422354432468304,-0.404768971795368,0.685647338361635,0.287421213887972,0.422360082527765,0.68051225903688,0.496180162251102,-0.458377183251384,0.637783297659623,-0.718703648924989,0.472323534569113
0,"",160566.054710913,0,0.229637168826575,0.782966537674936,0.556707519631229,0.000101862392310615,0.00153845668935937,0.00691784810484369,-0.425395789364827,0.172475566950484,49.9998979741866,-2.46641189176062,0.0171194604114703,-0.14277761853237,0.118848059247797,14167.0023853954,-1.20134581444599,0.229637168826575,0.078512142517122,0.283490145676953,49.7787276193194,0.276948400903464,0.782966537674936,0.197497700634301,0.333783235238076,50.258462952144,0.591694488470738,0.556707519631229,-0.282618170832457,0.209562748819162,-1.34860881728717,0.177462647063613,-0.568173407897197,0.209353335466799,-2.71394485609857,0.006648723264545,0.28555523706474,0.237696118495594,1.20134581444599,0.229617085633471,-0.118985558117179,0.437913357600813,-0.27171027339532,0.785844801357779,0.276009843151423,0.437935740581487,0.630251924140606,0.52852977192411,-0.394995401268603,0.667566470476151,-0.591694488470738,0.554055187929306
0,"",160606.89801019,0,0.343517520845255,0.771733343288461,0.713784932798172,6.21008473643731e-05,0.00170937847278028,0.00270374902493737,-0.432192688397584,0.177599347199825,49.7615197761284,-2.43352633448199,0.0185873049564937,-0.112783515287377,0.119061750044325,14448.4823868193,-0.947269087220621,0.343517520845255,0.0841474291703408,0.28847642816451,49.6912361838318,0.291696031130675,0.771733343288461,0.126132258222526,0.341953107920925,50.1853598480335,0.368858347243604,0.713784932798172,-0.319409173110207,0.213919503268978,-1.49312787393952,0.135403717433222,-0.544976203684961,0.213712196703876,-2.55004726960012,0.0107708314272348,0.225567030574754,0.238123500088649,0.947269087220621,0.343501678700477,-0.0419848290521854,0.447366214260101,-0.0938489043514922,0.925229183028958,0.210279687392867,0.447397614639653,0.470006277441225,0.638350532649762,-0.252264516445052,0.68390621584185,-0.368858347243604,0.712233311531124
0,"",160640.699651165,0,0.702050857900677,0.815650638276284,0.718258366355133,1.02764720566574e-05,0.00110735024446528,0.00260935564501638,-0.477682508787993,0.176953437672523,49.2305471538967,-2.69948137245014,0.00949146312325645,-0.0455674544291889,0.119111544238124,14241.4207295191,-0.382561192709348,0.702050857900677,0.0666361500359167,0.284300290359199,49.5563144273617,0.234386500104257,0.815650638276284,0.123397649930714,0.340106235970441,50.3172157680284,0.362820897942721,0.718258366355133,-0.432115054358804,0.213411206664065,-2.02480020198286,0.0428878843383887,-0.523249963217182,0.213203693729766,-2.45422560023935,0.0141188373336599,0.0911349088583777,0.238223088476247,0.382561192709348,0.702045148880129,-0.0567614998947974,0.44326890483321,-0.128052067889028,0.898107767953541,0.190033799966631,0.443295039106663,0.428684698005172,0.668152697983745,-0.246795299861428,0.680212471940881,-0.362820897942721,0.716738679819247
0,"",160706.158527432,0,0.960590939825604,0.863934595523473,0.75568167318758,1.76796138125982e-07,0.000597911165635894,0.00193959716458601,-0.528201463103884,0.185533530564723,48.881880763817,-2.84693263528244,0.00643642410956836,-0.00589060943594028,0.119211906896837,13810.4661139801,-0.0494129285343776,0.960590939825604,0.0471460605186814,0.273692272378675,49.5985907496685,0.172259377690617,0.863934595523473,0.10810052204944,0.345527737373339,50.3657186554917,0.31285627854715,0.75568167318758,-0.522310853667943,0.220632515960287,-2.36733398699019,0.0179167561283208,-0.534092072539824,0.220430561221933,-2.42294929332459,0.0153950753810178,0.0117812188718806,0.238423813793674,0.0494129285343776,0.960590225267923,-0.0609544615307584,0.440782164640576,-0.138287041583141,0.890013566432268,0.155246582568121,0.440800224413568,0.35219261236688,0.724693816949819,-0.21620104409888,0.691055474746678,-0.31285627854715,0.754389855886773
0,"",160668.940850592,0,0.78717526394317,0.947752193394759,0.810114621287377,5.19016367939025e-06,8.72832270317581e-05,0.00115467578547453,-0.49540066635973,0.189860123901695,49.0129183258504,-2.60929286349901,0.0119976440906416,0.0321721411788821,0.119162413792396,14044.2334439337,0.269985645263381,0.78717526394317,-0.0183239165728892,0.278218099936531,49.6932210547751,-0.0658616983476968,0.947752193394759,0.0841562515754911,0.348414047560509,50.4684114847528,0.241540925702417,0.810114621287377,-0.527572807538612,0.224257135648762,-2.35253520924708,0.0186459244211523,-0.463228525180848,0.224057653580964,-2.06745236227094,0.0386915486013595,-0.0643442823577641,0.238324827584793,-0.269985645263381,0.787171297087702,-0.10248016814838,0.445854762156737,-0.229851011689664,0.818207544134075,0.065832335002602,0.445879860951064,0.147645903679483,0.882622226182071,-0.168312503150982,0.696828095121018,-0.241540925702417,0.809135901130427
0,"",160653.182197655,0,0.721570436026302,0.865167043189623,0.888529545484646,8.75342942117685e-06,0.000583208603989115,0.000393773701348048,-0.440071991081683,0.187148144830572,49.2688682885841,-2.35146328316579,0.0227422743989853,0.0424947277093561,0.119244066900808,14508.2324951717,0.356367648418977,0.721570436026302,-0.0488212808230454,0.286043578553461,49.9202385405027,-0.170677772491651,0.865167043189623,0.0502657539657085,0.356808063521488,50.3799029011472,0.140876171546166,0.888529545484646,-0.482566718791039,0.222010003595074,-2.17362601223681,0.029733233252938,-0.397577263372327,0.221807821126428,-1.79244023656728,0.0730624743490371,-0.0849894554187122,0.238488133801616,-0.356367648418977,0.721565253929077,-0.0990870347887539,0.457292301445658,-0.216682053197716,0.828456135210646,0.00144447314266308,0.457328762587466,0.0031585005379731,0.997479885375628,-0.100531507931417,0.713616127042976,-0.140876171546166,0.887967766743926
0,"",160685.691560864,0,0.533145442346055,0.851663452515149,0.754655214381919,2.64482326790428e-05,0.000705071990334315,0.00195697821544276,-0.442254676964151,0.187569870094123,49.5905342206802,-2.35781299385785,0.0223699491455,0.0744060395258494,0.119388461439998,14685.3236635123,0.623226387444858,0.533145442346055,-0.0546826916706893,0.290918990999159,50.0744102845305,-0.187965355863782,0.851663452515149,0.112056965236814,0.356623989534219,50.3523652768942,0.314216004882818,0.754655214381919,-0.516660716490001,0.222443456889179,-2.32266088522172,0.0201973771176718,-0.367848637438302,0.222240928434579,-1.65517953884262,0.0978880844233994,-0.148812079051699,0.238776922879995,-0.623226387444858,0.533135763738198,-0.166739656907503,0.4602129561819,-0.362309784346009,0.717120547320417,0.0573742735661248,0.460253292690948,0.124658040425255,0.900794277094749,-0.224113930473628,0.713247979068437,-0.314216004882818,0.753356987702177
0,"",160738.193890348,0,0.490644820664136,0.878909174384779,0.655111223274252,3.19240655923225e-05,0.000470441828770389,0.0039863051596616,-0.476352348684853,0.191164485563747,49.845059504339,-2.49184542453104,0.0160800338413661,0.0824379107811815,0.119596446072195,14882.8240045211,0.689300673127171,0.490644820664136,-0.0461133001977233,0.301125533112232,49.8249598513822,-0.153136466778911,0.878909174384779,0.156780060072164,0.348912111271424,50.4480439404371,0.449339690447725,0.655111223274252,-0.558790259466034,0.225593633982762,-2.47697707422335,0.0132500412642561,-0.393914437903671,0.225392664508751,-1.74768082520439,0.0805193109193702,-0.164875821562363,0.23919289214439,-0.689300673127171,0.490634074449669,-0.202893360269887,0.46086394850145,-0.440245675387752,0.659759181684469,0.11066675987444,0.46090879481701,0.240105550423218,0.810248431445421,-0.313560120144327,0.697824222542847,-0.449339690447725,0.653186630079375
0,"",160638.785945275,0,0.919882101936549,0.836979126623314,0.827213007787853,6.76852743186281e-07,0.00085716371102605,0.000953392447200988,-0.506221333844955,0.188818000413899,49.8832398024704,-2.68100145502702,0.00992319949836695,-0.0119991423203374,0.119294823311901,14947.299103247,-0.100583931366118,0.919882101936549,-0.0631914300844185,0.305512650856109,49.8679796385168,-0.206837359786389,0.836979126623314,0.0749019785600376,0.341372969106215,50.4478152761885,0.219413911875174,0.827213007787853,-0.494222191524617,0.223446904714308,-2.21181041713921,0.0269797670340165,-0.518220476165292,0.223245302463987,-2.32130517617001,0.0202703790760651,0.0239982846406749,0.238589646623803,0.100583931366118,0.919880752920481,-0.138093408644456,0.458096872381803,-0.301450232407091,0.763071194673014,0.0117105484756191,0.458142143065938,0.0255609501392971,0.979607533159651,-0.149803957120075,0.682745938212431,-0.219413911875174,0.826327633943513
0,"",160489.180082094,0,0.676593334310733,0.862127629934304,0.9577322179891,1.18359229601105e-05,0.000608459470614339,5.63315761803371e-05,-0.511382201177087,0.18847086707439,49.6239087461352,-2.7133222715808,0.00913304476467295,-0.049540370106512,0.118766347935846,14700.2398014327,-0.41712463982872,0.676593334310733,-0.05123785262967,0.29352151865248,50.0502167637011,-0.174562508619118,0.862127629934304,-0.0184208425748403,0.345839769660457,50.360814710815,-0.0532640956617736,0.9577322179891,-0.461841831070575,0.222870568533301,-2.07224235173774,0.0382428455838945,-0.560922571283599,0.222670464941412,-2.51907037348301,0.0117665136942261,0.099080740213024,0.237532695871691,0.41712463982872,0.676587243141947,-0.0328170100548296,0.453587976443469,-0.0723498235384104,0.942323515103222,-0.0696586952045104,0.453627604988532,-0.153559206799752,0.877957303605483,0.0368416851496807,0.691679539320914,0.0532640956617736,0.957521487084538
0,"",160462.447072569,0,0.680727509301453,0.900720184015077,0.961058401657398,1.14516177302271e-05,0.00031579237103748,4.79605971166707e-05,-0.504883685417609,0.191577647807799,49.4784652836997,-2.63539975145814,0.0111921804570771,-0.0488471401821995,0.118711219537645,14785.0547168909,-0.411478715933075,0.680727509301453,-0.0370826690591149,0.295739446706528,49.7719499857598,-0.12538966131195,0.900720184015077,0.0170442142883143,0.347346530131787,50.2021862810718,0.0490697698400715,0.961058401657398,-0.45603654523541,0.225475099732831,-2.02255834802058,0.0431187021847968,-0.553730825599809,0.225276889555582,-2.45800102572522,0.0139712775067203,0.0976942803643989,0.23742243907529,0.411478715933075,0.680721544919008,-0.0541268833474292,0.456171019523229,-0.118654804954511,0.905548843926304,-0.0200384547708007,0.456213618399199,-0.0439234033414287,0.964965460132033,-0.0340884285766286,0.694693060263575,-0.0490697698400715,0.960863694547708
0,"",160488.228495373,0,0.539301597459756,0.889853748245091,0.753120469519936,2.57059263153514e-05,0.000390930142097617,0.0019995708458144,-0.529061126053754,0.188854555513999,49.2876954620084,-2.80142104390242,0.0072504167093069,-0.072906519602448,0.118762722978591,14659.7990600009,-0.613883866704461,0.539301597459756,-0.0410454051886872,0.29485936313771,49.5484734553501,-0.139203329858369,0.889853748245091,0.108644211096116,0.343523409773267,49.9222829774322,0.316264359298901,0.753120469519936,-0.456154606451306,0.223193202043694,-2.04376568047088,0.0409767011085476,-0.601967645656202,0.222993384603315,-2.69948656426309,0.00694465598697585,0.145813039204896,0.237525445957182,0.613883866704461,0.539292071951194,-0.149689616284803,0.452694631733491,-0.330663555058298,0.740898633946316,0.0675988059074288,0.452734275910422,0.149312321828277,0.881307192850301,-0.217288422192232,0.687046819546534,-0.316264359298901,0.751801860956729
0,"",160552.091087212,0,0.505368702240837,0.898907461365774,0.75610662352834,3.08775433099345e-05,0.000330226682147647,0.00196477517621155,-0.546050655982856,0.185581025649629,49.4572040644915,-2.94238408302463,0.00494639227294968,-0.0791917983591016,0.118891775735955,14368.1427435685,-0.666083064777984,0.505368702240837,-0.036807021574215,0.288236882730131,49.3635797698116,-0.127697126147026,0.898907461365774,0.107105916763103,0.342934531695385,49.5492968646862,0.312321760755902,0.75610662352834,-0.466858857623754,0.220499544575934,-2.11727810377849,0.0342362521020492,-0.625242454341957,0.22029773870705,-2.83817009657734,0.00453729960859597,0.158383596718203,0.23778355147191,0.666083064777984,0.505358008534911,-0.143912938337318,0.447961919947986,-0.321261544628678,0.748012195964271,0.0702988951888883,0.447994760534926,0.15691901196556,0.875308676099046,-0.214211833526206,0.685869063390769,-0.312321760755902,0.754796003919063
0,"",160649.945468938,0,0.608903864941932,0.779175558501704,0.895430563648317,1.85124758279927e-05,0.0016124480575733,0.000353921381432901,-0.514033840292792,0.181928834200077,49.6140494755291,-2.82546657627389,0.00678427607751593,-0.0609548206668152,0.119133786723472,14140.7901980901,-0.511650156880353,0.608903864941932,-0.0805192440190129,0.285595128062077,49.2165551297345,-0.281934935534023,0.779175558501704,0.0446406681174925,0.33789087920523,49.3001113554874,0.132115635149709,0.895430563648317,-0.453079019625977,0.217566985479992,-2.08248056857709,0.0372985959667875,-0.574988660959607,0.217362661315358,-2.64529637924056,0.00816193933158588,0.12190964133363,0.238267573446945,0.511650156880353,0.608895875539773,-0.125159912136505,0.442406089277038,-0.282907299809179,0.777247898651862,-0.0358785759015204,0.442432479612824,-0.081093901453433,0.935367275650915,-0.0892813362349849,0.675781758410459,-0.132115635149709,0.894892829254821
0,"",160813.795613681,0,0.336974180646999,0.793127935992004,0.723384751567145,6.38367883259753e-05,0.00142204756489518,0.00257845417341783,-0.516815135057136,0.179706674320332,49.9337619079923,-2.875881694499,0.00590911834963503,-0.11496294723766,0.119729003543733,14441.698961405,-0.960192967743762,0.336974180646999,-0.0784985935387583,0.297691865092134,48.8267330613104,-0.263690757940139,0.793127935992004,0.119364062469935,0.335313282052169,49.0190621270374,0.355977734432137,0.723384751567145,-0.401852187819476,0.216042548377618,-1.86006039475652,0.0628769817437461,-0.631778082294796,0.215834805951688,-2.92713716635773,0.00342097967049445,0.22992589447532,0.239458007087466,0.960192967743762,0.336958105447811,-0.197862656008693,0.44837523456805,-0.441288101469983,0.659004438957096,0.0408654689311768,0.448408894148306,0.0911343852998175,0.927385810797803,-0.23872812493987,0.670626564104337,-0.355977734432137,0.721857239771722
0,"",160828.846617131,0,0.345897681307926,0.896321110838245,0.707572044044444,6.06451216246789e-05,0.000355161876003732,0.00288611818885435,-0.587882810423657,0.179897352099375,49.8462833074311,-3.26787917422437,0.00196595597554721,-0.112962347927106,0.119840389528346,14650.0392174,-0.94260664849047,0.345897681307926,-0.0396016122486799,0.302307303757407,48.3000789890113,-0.130997867919391,0.896321110838245,0.128135242612458,0.339608763529998,49.1824392958706,0.377302520937862,0.707572044044444,-0.474920462496551,0.216263310282312,-2.19602882188655,0.0280898805025448,-0.700845158350763,0.216054930827975,-3.24382857482102,0.00117934700533646,0.225924695854213,0.239680779056691,0.94260664849047,0.345882137893214,-0.167736854861138,0.454649143024195,-0.368936920776758,0.712174742807395,0.0885336303637786,0.454688677108039,0.19471263486674,0.845617920037571,-0.256270485224917,0.679217527059996,-0.377302520937862,0.705948798960438
0,"",160870.477158486,0,0.558148119941987,0.97478692935787,0.653262791812834,2.37033607374507e-05,2.08751758462647e-05,0.00409758594855388,-0.567807276108263,0.177314566857977,49.7796089149674,-3.20225961222384,0.00237776809573086,-0.0702255014658438,0.119918962955989,14467.5086113737,-0.585607978378008,0.558148119941987,0.00946459350725195,0.297917617680373,48.3473139761115,0.0317691635054837,0.97478692935787,0.152618382628196,0.33767755428481,49.6475725976478,0.451964842470613,0.653262791812834,-0.497581774642419,0.214163356058184,-2.32337494051613,0.020159019120722,-0.638032777574106,0.213953461095723,-2.98211010145169,0.00286269027117271,0.140451002931688,0.239837925911978,0.585607978378008,0.558138985625714,-0.143153789120944,0.450294959891243,-0.317911151294074,0.750552333589616,0.162082976135448,0.450329350898633,0.359920968535609,0.718906235810109,-0.305236765256392,0.67535510856962,-0.451964842470613,0.651294310260617
0,"",160976.296362458,0,0.504921495926331,0.890899008977789,0.588087812536151,3.06091048758562e-05,0.000395134097561923,0.00591832299591102,-0.490397707431093,0.173628465220118,49.9183048977457,-2.82440846787069,0.00678990278330447,-0.0801944346892038,0.120270707532452,14524.6208993456,-0.666782763106013,0.504921495926331,0.0412044076961384,0.29881002191164,48.1039662259072,0.137894999078454,0.890899008977789,0.185888930577043,0.340995646660043,49.9151975479691,0.545135788089301,0.588087812536151,-0.410203272741889,0.211321933357365,-1.94112966044181,0.0522425522211807,-0.570592142120297,0.211108537326671,-2.70283783567388,0.00687502789843558,0.160388869378408,0.240541415064905,0.666782763106013,0.504910904412372,-0.144684522880905,0.453375481826784,-0.319127365021876,0.749629933428945,0.227093338273182,0.453411063991829,0.5008553083682,0.616472957443873,-0.371777861154086,0.681991293320086,-0.545135788089301,0.585660130378457
0,"",160993.523023002,0,0.572735251300153,0.997902751030514,0.451663514872125,2.18064850954403e-05,1.45435564591993e-07,0.0113481044398936,-0.469887100604727,0.179987743405922,49.9843121130042,-2.61066165791635,0.0118958614716008,-0.067879202233599,0.1203445571769,14588.9962661049,-0.564040483640822,0.572735251300153,0.00079392540575634,0.300474510557631,48.003559529612,0.00264223878518995,0.997902751030514,0.260470480717963,0.343371837054545,50.1311605158163,0.758566814775164,0.451663514872125,-0.402007898371128,0.2166189936513,-1.85582940625352,0.0634778776886636,-0.537766302838326,0.216409362150574,-2.48494934551009,0.0129569870024857,0.135758404467198,0.240689114353799,0.564040483640822,0.57272658091199,-0.259676555312207,0.456258301618619,-0.569143738077707,0.569258598242546,0.261264406123719,0.456296682168757,0.572575730513625,0.566931996144809,-0.520940961435926,0.686743674109091,-0.758566814775164,0.448111730339564
0,"",161103.283802504,0,0.450764369135451,0.825681780796081,0.313169996497835,4.07630496497566e-05,0.00101412652198612,0.0202487364002918,-0.485298343755921,0.185648595060311,49.9543330328304,-2.61406957374637,0.0117940626699527,-0.0908807601855722,0.12050553838447,13952.2906912489,-0.754162517374259,0.450764369135451,-0.0642375099305974,0.290087318509446,48.3044470211257,-0.221441979127763,0.825681780796081,0.338566493976643,0.332311530568146,50.2244323021566,1.0188225891464,0.313169996497835,-0.394417583570349,0.221432627401987,-1.78120807307374,0.0748784652995771,-0.576179103941493,0.221227400609078,-2.60446537072338,0.00920177192255442,0.181761520371144,0.24101107676894,0.754162517374259,0.450751641575282,-0.40280400390724,0.441102940561429,-0.913174605897112,0.361150717342789,0.274328984046046,0.441125160521534,0.621884690779622,0.534017692392478,-0.677132987953286,0.664623061136292,-1.0188225891464,0.308287199528545
0,"",161123.921390131,0,0.409377492593502,0.760409525783511,0.293315824149915,5.01105144630807e-05,0.0019237588945293,0.0219386132802867,-0.484664305602311,0.18095687183582,49.9482120847752,-2.67834153345688,0.00998858532849805,-0.0993878928373744,0.120467964512085,13582.2961819056,-0.825015125306645,0.409377492593502,-0.0854665762861179,0.278704248196094,48.7886176518115,-0.306656883916547,0.760409525783511,0.355578759010659,0.334823906430895,50.2800432367538,1.06198736763155,0.293315824149915,-0.385276412764937,0.217492667040538,-1.77144552966986,0.0764866430644251,-0.584052198439686,0.217285019410392,-2.68795428246514,0.00718912387172585,0.198775785674749,0.24093592902417,0.825015125306645,0.409363003610746,-0.441045335296777,0.435635275480497,-1.01241878268538,0.311337861434509,0.270112182724541,0.43564678274655,0.620025657073856,0.535240895277932,-0.711157518021318,0.66964781286179,-1.06198736763155,0.288241420010418
0,"",161150.395446257,0,0.411543440144813,0.650348808090573,0.341424807767549,4.89280990632719e-05,0.00424099209115793,0.01802972886992,-0.487152425144192,0.184159103903242,49.6513246560923,-2.64528016708934,0.0109004226803745,-0.0990426984785995,0.120606475443994,13782.3756932058,-0.821205479340883,0.411543440144813,-0.128626279548771,0.282021175203346,48.8407991521567,-0.456087311373083,0.650348808090573,0.325513194962811,0.338914822190819,50.241802722907,0.960457240726809,0.341424807767549,-0.388109726665592,0.22024058692736,-1.76220801115826,0.0780341590613798,-0.586195123622792,0.220034267351309,-2.66410832584938,0.00771927005794863,0.198085396957199,0.241212950887988,0.821205479340883,0.411529235994532,-0.454139474511582,0.440898512111509,-1.03003176929915,0.302995092437127,0.19688691541404,0.440915980596392,0.44654066552028,0.655206744798049,-0.651026389925622,0.677829644381637,-0.960457240726809,0.336825141358069
0,"",161223.275936569,0,0.400415392802035,0.476363764908738,0.303927921761562,5.06106539121431e-05,0.0104122390604395,0.0209870379685077,-0.436540564223166,0.186941454090565,49.4240181791859,-2.33517261512089,0.0236373335945955,-0.101640594613571,0.120870444349495,13971.0879844886,-0.840905278048609,0.400415392802035,-0.208700986295886,0.290798242083475,48.9525854242482,-0.717683108400558,0.476363764908738,0.344450882237767,0.331630217723505,50.3249908313691,1.03865951843071,0.303927921761562,-0.334899969609595,0.222716123697786,-1.50370778751537,0.132656623187444,-0.538181158836737,0.222510834330624,-2.41867395111675,0.0155771956560525,0.203281189227141,0.241740888698989,0.840905278048609,0.400401001334994,-0.553151868533653,0.441058866914086,-1.25414521740338,0.209789227586064,0.13574989594188,0.441079940292935,0.307767104193686,0.758259554425686,-0.688901764475533,0.663260435447009,-1.03865951843071,0.298963114492831
0,"",161233.427980488,0,0.565459463378729,0.500835958695239,0.321835282101036,2.28426521344001e-05,0.00923267097736782,0.0195010226564209,-0.370966152207753,0.178756773389289,49.5535529325723,-2.07525647937199,0.0431744797441139,-0.0695636929458555,0.121029887726356,14461.8399703856,-0.57476458296926,0.565459463378729,-0.205452217646775,0.302954153511542,49.3528415510249,-0.678162736062134,0.500835958695239,0.332480278141676,0.332300891205316,50.3336615460491,1.0005398328476,0.321835282101036,-0.301402459261898,0.215981261833862,-1.39550281678484,0.162864265969822,-0.440529845153609,0.215769622625293,-2.04166758876265,0.041184515868308,0.139127385891711,0.242059775452713,0.57476458296926,0.565450522641703,-0.537932495788451,0.449656436975789,-1.19631890384217,0.231572134514806,0.127028060494902,0.449687993544105,0.282480436032462,0.777575145792477,-0.664960556283353,0.664601782410633,-1.0005398328476,0.317049330887392
0,"",161313.13107507,0,0.699798128697907,0.637033357649376,0.399634965930435,1.01186042470689e-05,0.00452891797478683,0.0141164912537508,-0.313806311740734,0.187674809540285,49.4621727128677,-1.67207475797851,0.100824817852432,-0.0467911029907453,0.121346057296415,14694.3446087064,-0.38560052162591,0.699798128697907,-0.146523526928422,0.308616653475883,49.5461834108944,-0.474775179103783,0.637033357649376,0.286835176474127,0.337662046631479,50.3963592316847,0.849474139411282,0.399634965930435,-0.267015208749989,0.223591187804941,-1.19421168325708,0.232395174073148,-0.36059741473148,0.223383930153245,-1.61424957687916,0.106473302366706,0.0935822059814905,0.242692114592831,0.38560052162591,0.699792546848051,-0.43335870340255,0.457429887161548,-0.947377326155129,0.343446540699113,0.140311649545705,0.457468787358654,0.30671305545421,0.759061791639958,-0.573670352948255,0.675324093262957,-0.849474139411282,0.395617514173728
0,"",161373.609391535,0,0.863832167970327,0.82256100631559,0.461260955414226,2.02571686728589e-06,0.00102134706982819,0.0108507662433375,-0.285734654365779,0.201387471308593,49.2890189172634,-1.41883033988712,0.162241326589793,-0.0208369828883886,0.121497674406543,14519.5820673708,-0.171501084199078,0.863832167970327,-0.0676644717047734,0.300143594120694,49.7102667812934,-0.225440332661453,0.82256100631559,0.257704676122126,0.347092367334171,50.2522928827753,0.742467136634024,0.461260955414226,-0.26489767147739,0.23529856959072,-1.12579380290393,0.260252807867742,-0.306571637254168,0.235099511103482,-1.30400797439015,0.192230863463991,0.0416739657767773,0.242995348813086,0.171501084199078,0.863829778004859,-0.3253691478269,0.458848578923653,-0.709099172956221,0.478262936165579,0.190040204417353,0.458886215446049,0.414133608769723,0.67877626043448,-0.515409352244253,0.694184734668341,-0.742467136634024,0.457804355909721
0,"",161431.156109236,0,0.805431387092055,0.87341706070606,0.523194229014307,4.26295470180102e-06,0.00051746288257647,0.00815532822882271,-0.254059362616596,0.19997753516789,49.4895392172624,-1.27043951413493,0.209868332629004,0.0299550187526145,0.121605907304329,14233.6826155224,0.24632864814412,0.805431387092055,-0.0470747473879242,0.293948334518717,49.5370335253317,-0.160146331378267,0.87341706070606,0.22207053742214,0.345406337030505,50.2716922436822,0.642925486924483,0.523194229014307,-0.28401438136921,0.234149033295001,-1.21296414242029,0.225143530175362,-0.224104343863981,0.2339492524743,-0.957918614801301,0.338103799045445,-0.059910037505229,0.243211814608658,-0.24632864814412,0.805427835024728,-0.269145284810064,0.453538612883395,-0.593434113798953,0.552890664300043,0.174995790034216,0.45356923250825,0.385819357866238,0.699630457736404,-0.444141074844279,0.690812674061011,-0.642925486924483,0.520272450681295
0,"",161468.766596199,0,0.768742529719853,0.786221398870219,0.545238015309969,6.19723335140567e-06,0.00150718268819092,0.00731235671906057,-0.22874440147943,0.19410403922524,49.6039500913894,-1.1784628614245,0.244234535732096,0.0357695986489114,0.121654607564809,13949.8799219424,0.294025843861737,0.768742529719853,-0.0781528729471515,0.286586160573587,49.2672719236333,-0.272702885550135,0.786221398870219,0.210700340312591,0.345956586076487,50.3549901065958,0.609036939293904,0.545238015309969,-0.264514000128342,0.22917845186188,-1.15418355425386,0.248424923508087,-0.192974802830519,0.228975283322882,-0.84277569190034,0.399353905331792,-0.0715391972978229,0.243309215129618,-0.294025843861737,0.768738155218741,-0.288853213259743,0.449229642495216,-0.642996779231501,0.5202261897604,0.13254746736544,0.449252603851814,0.295039953533938,0.767963358938723,-0.421400680625183,0.691913172152973,-0.609036939293904,0.542499954581743
0,"",161420.112947209,0,0.8076296129498,0.591362945722544,0.51717660996714,4.1794397626281e-06,0.00590791819349105,0.00837075702360598,-0.217999291902261,0.194960642037547,49.8244797348729,-1.11817077346451,0.268856507409157,0.0295999120540556,0.121565374508508,14185.3864387705,0.243489662856128,0.8076296129498,-0.157749002811255,0.291912039884742,49.1384407137144,-0.540399097185372,0.591362945722544,0.226200659798906,0.346778206848722,50.404432708493,0.65229202796352,0.51717660996714,-0.247599203956316,0.229857286994259,-1.07718666305541,0.281396882332109,-0.188399379848205,0.22965454940369,-0.820359885477531,0.412010976553214,-0.0591998241081112,0.243130749017017,-0.243489662856128,0.807626092038342,-0.383949662610161,0.453270917184523,-0.847064411268765,0.396959220437269,0.068451656987651,0.453300124844979,0.151007364074873,0.879969906825023,-0.452401319597812,0.693556413697444,-0.65229202796352,0.514212801854795
0,"",161387.334368523,0,0.476505711530257,0.513072261590995,0.683734466634197,3.45576229986997e-05,0.00876296649135013,0.00332278286837629,-0.275347967895561,0.196274567934084,49.7627653707841,-1.40287134901773,0.166863810064414,0.0865639761793156,0.121586784118837,14667.0502236722,0.711952181371201,0.476505711530257,-0.201787279370273,0.30627358429071,49.1015109035695,-0.658846501037907,0.513072261590995,0.14126400753955,0.344764965518773,50.3581027278737,0.409740030652442,0.683734466634197,-0.361911944074876,0.230984497772333,-1.56682352090827,0.117155947955869,-0.188783991716245,0.230781857971997,-0.818019203828197,0.413346221835888,-0.173127952358631,0.243173568237675,-0.711952181371201,0.476494387703502,-0.343051286909823,0.461137259115608,-0.743924460946278,0.456922176029931,-0.0605232718307225,0.461178065417496,-0.131236232529689,0.895588434397761,-0.2825280150791,0.689529931037547,-0.409740030652442,0.681996661685142
0,"",161355.261397541,0,0.365147656717007,0.390099690578095,0.904537131655152,5.65947752770459e-05,0.0150623734431051,0.000287973014943249,-0.369385402212673,0.20241569633819,49.7433573565233,-1.82488516896197,0.074026247518424,0.109963580205366,0.121422414163137,14491.0246860083,0.90562834681927,0.365147656717007,-0.264800962233564,0.305386916442012,49.1647213336719,-0.867099891896794,0.390099690578095,0.0405351545922831,0.336289730421126,50.4382001595744,0.120536403361239,0.904537131655152,-0.479348982418039,0.236140330272048,-2.02993271782842,0.0423633788373329,-0.259421822007307,0.235942319200192,-1.0995137408444,0.27154404378759,-0.219927160410733,0.242844828326274,-0.90562834681927,0.36513259972715,-0.305336116825847,0.454241623889878,-0.672188766434733,0.50146353157541,-0.224265807641281,0.45427794373845,-0.493675316471894,0.621535500257616,-0.0810703091845662,0.672579460842251,-0.120536403361239,0.904058244140693
0,"",161353.443795395,0,0.657325816873802,0.347755589120576,0.891222020747086,1.34194018923995e-05,0.0179298754464471,0.000374490676501171,-0.438617207483579,0.200221630974708,49.8914867452868,-2.19065844858184,0.0331763829021013,0.0538864020632957,0.121470461321686,14664.863503843,0.443617332781757,0.657325816873802,-0.29140598583571,0.307387211458461,49.2255495881125,-0.948009464847529,0.347755589120576,0.0469740684025336,0.341752554726221,50.4300191095823,0.137450525981187,0.891222020747086,-0.492503609546875,0.234287372037398,-2.10213467872378,0.0355414798427341,-0.384730805420283,0.234087539761432,-1.64353389254455,0.100272518908213,-0.107772804126591,0.242940922643371,-0.443617332781757,0.657319272129896,-0.338380054238244,0.459633529896733,-0.736195321334082,0.461611839155452,-0.244431917433176,0.45967426625262,-0.531750274875831,0.594898966490908,-0.0939481368050673,0.683505109452443,-0.137450525981187,0.890674696033924
0,"",161387.028629378,0,0.799210887080987,0.446173070108483,0.907186491639747,4.37967501137843e-06,0.011871190322767,0.000271978249282515,-0.41306313127395,0.198243389661434,50.0791005795574,-2.08361616485367,0.0423186361825772,-0.0309339074625244,0.121608416961331,14774.0140066331,-0.254373079063769,0.799210887080987,-0.240087591985888,0.312619199095642,49.0938886439542,-0.76798735548048,0.446173070108483,0.0398349674719072,0.339961453673193,50.4681366012354,0.117174953341036,0.907186491639747,-0.382129223811425,0.23267128586835,-1.64235660788689,0.100516121975215,-0.443997038736474,0.232469718399969,-1.90991343643549,0.0561443597611609,0.0618678149250488,0.243216833922661,0.254373079063769,0.799207346881278,-0.279922559457795,0.461827474485617,-0.606119330101727,0.544435515838941,-0.200252624513981,0.46187064321498,-0.433568635408533,0.66460171494905,-0.0796699349438143,0.679922907346387,-0.117174953341036,0.906721414510888
0,"",161540.075462226,0,0.366378647543884,0.468672395642732,0.893381822852809,5.53681572125984e-05,0.0107194487437417,0.000359639786599523,-0.374303040431264,0.206746105905863,49.7863967230044,-1.81044783789879,0.0762632151484281,-0.110283635741687,0.122088993846002,14736.1829557419,-0.9033053043323,0.366378647543884,-0.226443128292113,0.310071197917593,49.2200960601603,-0.730293977037798,0.468672395642732,0.0467050872745386,0.346723106907349,50.435793245425,0.13470428230507,0.893381822852809,-0.264019404689577,0.240202300736046,-1.09915435397808,0.271700744924539,-0.484586676172952,0.240004591981581,-2.01907251928805,0.0434796826323434,0.220567271483375,0.244177987692004,0.9033053043323,0.366363882130355,-0.273148215566652,0.465124286788084,-0.587258552875999,0.55703007291732,-0.179738041017574,0.465168269686301,-0.386393597178899,0.699205191351699,-0.0934101745490772,0.693446213814698,-0.13470428230507,0.892845687263222
0,"",161624.859669398,0,0.312573392947411,0.630984745029035,0.736864849088334,7.01380393679056e-05,0.00474655909677925,0.00225977560141979,-0.374679956159383,0.208325044946234,49.5266694861059,-1.79853534295928,0.0781878279724801,-0.1235199536125,0.122312476761787,14539.4720085086,-1.0098720660613,0.312573392947411,-0.147344993360189,0.304827084501341,48.9912429212322,-0.483372380119131,0.630984745029035,0.117728841400679,0.348444819141079,50.4022452204121,0.337869398348014,0.736864849088334,-0.251160002546883,0.241675986519669,-1.03924269085974,0.298691880509954,-0.498199909771883,0.241478881450638,-2.06311999947591,0.0391012284709959,0.247039907225,0.244624953523574,1.0098720660613,0.312556587433381,-0.265073834760868,0.462941459682925,-0.572586078037643,0.56692498829118,-0.0296161519595099,0.462981524221363,-0.0639683235941606,0.948995449241693,-0.235457682801358,0.696889638282157,-0.337869398348014,0.735461609405849
0,"",161668.05795998,0,0.306941532955715,0.578003960650269,0.698443607094304,7.23434208733037e-05,0.00640070135255224,0.00300739580270275,-0.394476454776313,0.200653468416148,49.5193912456726,-1.96595881391984,0.0549228028185559,-0.125071023335777,0.122415003464195,14428.2496233428,-1.02169684921308,0.306941532955715,-0.17203387266757,0.307168605099457,48.6920425530226,-0.560063332682936,0.578003960650269,0.131941377794082,0.338620170660189,50.3312514160232,0.389644177240957,0.698443607094304,-0.269405431440536,0.235148138396532,-1.14568387943704,0.251925976391269,-0.51954747811209,0.23494647886228,-2.21134396492333,0.0270120270133021,0.250142046671553,0.244830006928391,1.02169684921308,0.306924402826025,-0.303975250461652,0.457165111263537,-0.664913491804982,0.506105825775404,-0.0400924948734887,0.457200617800064,-0.0876912526199195,0.930122072238448,-0.263882755588163,0.677240341320378,-0.389644177240957,0.69679968022899
0,"",161709.053961968,0,0.225077449830748,0.397313925694888,0.674761367952162,0.000103272774731252,0.0146709829011576,0.00353235629313231,-0.414421855166676,0.193757654552372,49.2425199739167,-2.1388670095336,0.037430964310555,-0.148606526473187,0.12249241746833,14250.3869005187,-1.21318959609569,0.225077449830748,-0.25802319467266,0.302167544242051,48.9715587571423,-0.853907706467543,0.397313925694888,0.14219314998652,0.336880766694303,50.257816415535,0.422087468458983,0.674761367952162,-0.265815328693489,0.229332924934538,-1.15908053224091,0.246423360417389,-0.563028381639863,0.229127151622659,-2.45727482601928,0.0139995543079743,0.297213052946375,0.24498483493666,1.21318959609569,0.225057340912407,-0.400216344659179,0.452526932468576,-0.884403371255634,0.376478503750177,-0.11583004468614,0.45255621409302,-0.255946203099383,0.797992377587812,-0.28438629997304,0.673761533388606,-0.422087468458983,0.672961174480514
0,"",161696.792362009,0,0.446259500048214,0.479171992378824,0.611488316638,4.03806847009698e-05,0.0103583661233235,0.00517535953379351,-0.46944105102474,0.194573625164623,49.53900040682,-2.41266538888588,0.0195812566894385,-0.0933047094876616,0.122497485914957,14366.8501791044,-0.761686730064305,0.446259500048214,-0.217013354002819,0.304307924980662,48.5884553877623,-0.713137372339578,0.479171992378824,0.174124043861543,0.340653837284696,50.2223379837127,0.511146579910741,0.611488316638,-0.376136341537078,0.23002564491102,-1.63519307459209,0.10200857948609,-0.562745760512401,0.229820064427904,-2.44863633605385,0.0143398149027898,0.186609418975323,0.244994971829913,0.761686730064305,0.446246997167502,-0.391137397864361,0.456763652355434,-0.856323387045681,0.391818928614178,-0.042889310141276,0.456797182579504,-0.0938913631189291,0.925195454761817,-0.348248087723085,0.681307674569393,-0.511146579910741,0.609248421523336
0,"",161724.678134777,0,0.505600184858952,0.632745712825098,0.599561431985858,3.0659188287349e-05,0.00477574696302778,0.0055438195393282,-0.499330586212365,0.197153787255731,49.6716422425724,-2.53269588762541,0.0145258361254049,-0.0816273543950878,0.12261499370952,14454.7409719201,-0.665720821945042,0.505600184858952,-0.149785642814464,0.311453125428286,48.1986230267235,-0.480925155618492,0.632745712825098,0.177642539630038,0.336194949287154,50.0827472498198,0.528391458606679,0.599561431985858,-0.417703231817277,0.232274641972402,-1.79831611522581,0.0721269273954554,-0.580957940607453,0.23207023876387,-2.5033711504842,0.0123016464082363,0.163254708790176,0.24522998741904,0.665720821945042,0.505589561986993,-0.327428182444502,0.458272126410635,-0.714484175612089,0.474927837841977,0.0278568968155735,0.45830867838778,0.0607819535810829,0.951532862700636,-0.355285079260075,0.672389898574307,-0.528391458606679,0.597227664596693
0,"",161816.016871193,0,0.564128002954497,0.864266466566566,0.654531192463306,2.31045453544292e-05,0.000614204307830415,0.00402595974729115,-0.454307212982291,0.194861973527382,49.6671105376888,-2.33143083156987,0.023829719503962,-0.0708736941127343,0.122887955718169,14396.072963521,-0.576734259257073,0.564128002954497,-0.0540869275039706,0.314708598102933,48.0604375455018,-0.171863520189811,0.864266466566566,0.148730416343411,0.330389912975302,50.1331067499224,0.450166335297681,0.654531192463306,-0.383433518869557,0.230478149386526,-1.66364368982552,0.0961836554487596,-0.525180907095025,0.230271794691657,-2.28070010831446,0.0225661987603963,0.141747388225469,0.245775911436339,0.576734259257073,0.564118985461174,-0.202817343847382,0.456271145801547,-0.444510562882704,0.656673493707665,0.0946434888394407,0.456305417610207,0.207412590749227,0.835687650403353,-0.297460832686823,0.660779825950603,-0.450166335297681,0.65259050834572
0,"",161869.453573525,0,0.696225479615221,0.814124952254879,0.77949119716224,1.02741874645397e-05,0.00116692233277523,0.00157704590955705,-0.42505058104912,0.18177644660676,49.5018066584465,-2.33831494114658,0.0234530698044328,-0.0480970133081483,0.123190390940342,14836.470686174,-0.390428286987421,0.696225479615221,-0.076237535834294,0.322482062820807,47.8384984064629,-0.236408608799606,0.814124952254879,0.0955794087544447,0.339546072249846,50.1650763963804,0.281491722525699,0.77949119716224,-0.376953567740972,0.219695404360122,-1.71580087821534,0.0861984933930536,-0.473147594357268,0.219478990395599,-2.15577624766929,0.0311011410355041,0.0961940266162967,0.246380781880683,0.390428286987421,0.696219874273686,-0.171816944588739,0.468258112177086,-0.366927854789114,0.713672833330023,0.0193418729201506,0.468302009843298,0.0413021351896883,0.967055030889291,-0.191158817508889,0.679092144499691,-0.281491722525699,0.778333275997519
0,"",161886.768522448,0,0.46329574148639,0.704359308140399,0.896836729245704,3.58252507055237e-05,0.00301351847735888,0.00033859639153527,-0.389978655324453,0.173008923357657,49.3410961466293,-2.25409561400634,0.0286643096910267,-0.0904315227722305,0.123296174147887,15015.3579294254,-0.733449544539502,0.46329574148639,-0.122549138158888,0.321058972697417,48.2021389380584,-0.381702891307712,0.704359308140399,0.0454066423217344,0.348431051239167,50.1390006362573,0.130317439161204,0.896836729245704,-0.299547132552222,0.212559148191473,-1.40924131048169,0.158763826323934,-0.480410178096684,0.212336235159896,-2.2624973911538,0.0236666898414618,0.180863045544461,0.246592348295773,0.733449544539502,0.463284290663774,-0.167955780480622,0.473772877489937,-0.354506955675591,0.722958992205347,-0.0771424958371533,0.473819990491335,-0.162809711251649,0.870668261821004,-0.0908132846434688,0.696862102478334,-0.130317439161204,0.89631528326876
0,"",161885.320571793,0,0.264719773296737,0.782715009951334,0.920828683231862,8.44034790977321e-05,0.00158575319952033,0.000198291542771848,-0.35405728545258,0.180910227025767,49.2655766609688,-1.95708828225699,0.0560158259822231,-0.137428833101864,0.123216170008939,14737.4824627017,-1.11534738575216,0.264719773296737,-0.0859500630014049,0.309931073949283,48.4213986211019,-0.277319927641298,0.782715009951334,-0.0352105210537235,0.352493120727822,50.3098815972449,-0.0998899524082099,0.920828683231862,-0.216628452350716,0.218993693254677,-0.989199502192008,0.3225655419397,-0.491486118554444,0.218776671295292,-2.24651977582685,0.0246707342969181,0.274857666203728,0.246432340017877,1.11534738575216,0.264701586726677,-0.0507395419476814,0.469349772138021,-0.108106032983778,0.913911582575002,-0.121160584055128,0.469391236511268,-0.258122808077223,0.796312129577472,0.070421042107447,0.704986241455643,0.0998899524082099,0.920431693270305
0,"",161994.415615763,0,0.502689463987738,0.885886334856192,0.914036374206653,3.12457307497061e-05,0.00042813052865004,0.000233334223619459,-0.357322519244425,0.187844984308873,49.2987522675432,-1.90222017670102,0.0629927400560977,-0.0827521596767467,0.123458913467925,14378.3654118484,-0.670280965158874,0.502689463987738,-0.0440818350832114,0.305557361016145,48.5927701971182,-0.14426697146688,0.885886334856192,-0.03732850711769,0.344068683011823,50.4325772958182,-0.108491440694146,0.914036374206653,-0.274570359567678,0.224890167200319,-1.22090869061032,0.222120593637845,-0.440074678921171,0.224677759437767,-1.95869266287154,0.0501487902239072,0.165504319353493,0.24691782693585,0.670280965158874,0.502678698988664,-0.00675332796552146,0.460145122226468,-0.0146765175578623,0.988290253615961,-0.0814103422009014,0.460177775965409,-0.176910634221981,0.859578585475582,0.0746570142353799,0.688137366023645,0.108491440694146,0.913605869776277
0,"",162089.873142591,0,0.443100809518043,0.731169636725333,0.797511693694899,4.14618935730439e-05,0.002424973913055,0.00131683264105283,-0.384431686813997,0.189224853353176,49.1355438453312,-2.03161307831207,0.0476190632751688,-0.0948774144687963,0.123701138695141,14187.6722671948,-0.766989014568573,0.443100809518043,-0.104983946752412,0.303832290087098,49.1152585043907,-0.345532552587865,0.731169636725333,-0.087255598133694,0.338294455454346,50.4538122748427,-0.25792795810533,0.797511693694899,-0.2895542723452,0.226176651465021,-1.2802129241443,0.200470261785872,-0.479309101282793,0.225964944214986,-2.1211657540418,0.0339078560806027,0.189754828937593,0.247402277390281,0.766989014568573,0.443088047037702,-0.0177283486187178,0.454692283110525,-0.0389897723740529,0.968898542877801,-0.192239544886106,0.454718952608294,-0.422765630909837,0.672466265732097,0.174511196267388,0.676588910908692,0.25792795810533,0.796462507255668
0,"",162159.46078399,0,0.39556431361772,0.726946457058701,0.580627494762271,5.2304021705957e-05,0.00249266347289088,0.00608852761319632,-0.360424823647935,0.205211719261125,48.789835672028,-1.75635594763136,0.085302917653262,-0.105194544589806,0.123817094894737,13799.6291764602,-0.849596291039111,0.39556431361772,-0.103198836620952,0.293861239660069,49.3534411503653,-0.351182199940114,0.726946457058701,-0.189649355864755,0.34105996769851,50.4750402927339,-0.556058681247519,0.580627494762271,-0.255230279058129,0.23977251147811,-1.06446847257314,0.287116529307822,-0.465619368237741,0.239570841631527,-1.94355608999316,0.0519490052864235,0.210389089179613,0.247634189789474,0.849596291039111,0.395549574733036,0.086450519243803,0.450186157724074,0.19203282411182,0.847716493963713,-0.292848192485707,0.450205600671247,-0.650476564594214,0.515384434913866,0.37929871172951,0.68211993539702,0.556058681247519,0.578170740004408
0,"",162160.885954211,0,0.550071310486391,0.734372365974848,0.546938618256285,2.61084771495944e-05,0.00235708929228112,0.00722455585003399,-0.288763032178533,0.223239774281671,49.0182063437996,-1.29351067975095,0.201896911958561,-0.0739790156385621,0.123779429300049,13681.296802957,-0.597668094423286,0.550071310486391,-0.0998829911296858,0.292704724249862,49.2859010329349,-0.341241472564763,0.734372365974848,-0.206024335601693,0.339728651740281,50.5373618564033,-0.606437916102517,0.546938618256285,-0.214784016539971,0.255354808867019,-0.841119920525263,0.400280756338923,-0.362742047817095,0.255163887466159,-1.42160417533693,0.155141191994775,0.147958031277124,0.247558858600098,0.597668094423286,0.550061418418959,0.106141344472008,0.448422881487489,0.236699215972031,0.812890143243364,-0.305907326731379,0.448441907253739,-0.682155975574981,0.495140329008106,0.412048671203387,0.679457303480561,0.606437916102517,0.544223996968382
0,"",162108.803265688,0,0.902582651802667,0.785084527868359,0.598829627218488,1.07749731849597e-06,0.00151883129052245,0.00551732417681618,-0.290835441910986,0.226774415083358,49.2140200169759,-1.28248789354866,0.205679472005672,-0.0151374963564803,0.123670626268368,13904.5941505407,-0.122401711814991,0.902582651802667,-0.0815305532085154,0.297354969248909,49.4220459128939,-0.274185944880807,0.785084527868359,-0.180489220637806,0.340915724787322,50.5216111513226,-0.529424744928981,0.598829627218488,-0.275697945554506,0.258398651677821,-1.06694808105366,0.285995281371972,-0.305972938267466,0.25820971145002,-1.18497842915831,0.236025975730872,0.0302749927129605,0.247341252536736,0.122401711814991,0.902580882873766,0.0989586674292908,0.452362750708399,0.218759540378428,0.826837365568455,-0.262019773846322,0.45238806356943,-0.579192500745785,0.562459290382917,0.360978441275612,0.681831449574643,0.529424744928981,0.596510836304169
0,"",162100.051454941,0,0.779676818831285,0.926320744711554,0.567137805494573,5.61826238807752e-06,0.000174913318304348,0.00652615860578288,-0.324925498214065,0.219681014511748,49.1684840751532,-1.47907864926893,0.145497947350942,-0.034591702623617,0.123654128904065,13929.071726798,-0.279745633487536,0.779676818831285,-0.0276235578751449,0.297192901729467,49.3836873637049,-0.0929482424189607,0.926320744711554,-0.19677506592581,0.341592549711338,50.5152103039447,-0.576051983838917,0.567137805494573,-0.290333795590448,0.252187885783379,-1.15125988184791,0.249625336411944,-0.359517200837682,0.251994947822326,-1.42668416150615,0.153670952975544,0.069183405247234,0.247308257808129,0.279745633487536,0.779672665025516,0.169151508050665,0.452766765010566,0.373595239585921,0.708705476165769,-0.224398623800955,0.452791826577306,-0.495588945359734,0.62018445380756,0.39355013185162,0.683185099422675,0.576051983838917,0.564580045160566
0,"",162168.655448772,0,0.692685064937698,0.963600873070879,0.697225049053852,1.11551928704696e-05,4.29344752388242e-05,0.00302152771015544,-0.313622260345921,0.219701213898149,49.0446802837649,-1.42749443565348,0.159773936654213,-0.0489674172260148,0.123898505060857,14002.3308482975,-0.395222018231476,0.692685064937698,0.0138203622563106,0.301298956458433,49.0025626800673,0.0458692669193405,0.963600873070879,-0.133058312330785,0.340046448183844,50.5203946761223,-0.391294521796763,0.697225049053852,-0.264654843119906,0.252325781015245,-1.04886168212798,0.294241783429227,-0.362589677571936,0.252132160035798,-1.43809372640307,0.150407462442284,0.0979348344520295,0.247797010121715,0.395222018231476,0.692679044457969,0.146878674587096,0.45431305045285,0.323298382999762,0.746469278483129,-0.119237950074474,0.454340124090975,-0.262442042320257,0.792980663134752,0.26611662466157,0.680092896367687,0.391294521796763,0.695579547700776
0,"",162302.104195376,0,0.841994760622631,0.803654642478388,0.822523684040332,2.81440305260172e-06,0.0012763697874999,0.00100596923691038,-0.265937798591816,0.226701701786947,49.212042139769,-1.17307367565217,0.246413039537043,-0.0247918028878232,0.124365524176745,14119.8048968682,-0.199346266193433,0.841994760622631,0.0765306234571163,0.306154123559924,48.8943960531499,0.249974171725101,0.803654642478388,-0.0770613848935946,0.341780637992135,50.4843652514409,-0.225470305592232,0.822523684040332,-0.241145995703992,0.258669366444944,-0.932255717088628,0.351204387120691,-0.290729601479639,0.258478334211361,-1.12477358060465,0.260684992457651,0.0495836057756465,0.248731048353489,0.199346266193433,0.841991890168373,0.153592008350711,0.458835413661423,0.334743142699197,0.73781885388313,-0.00053076143647833,0.458866829187143,-0.00115667858890246,0.999077104217895,0.154122769787189,0.68356127598427,0.225470305592232,0.821613423359657
0,"",162381.616118086,0,0.97594024235925,0.789625792846852,0.817433326778239,6.38070903838149e-08,0.00146382952841776,0.00106730846339652,-0.189084297068257,0.229415890170463,49.5896583288498,-0.824198781208055,0.413773340570252,-0.00375974189370984,0.124661798748096,14255.4298170789,-0.0301595350898726,0.97594024235925,0.0828521863802407,0.308854023814592,49.087929817265,0.268256781494865,0.789625792846852,-0.080199513635647,0.345602477326117,50.4006396589212,-0.232057114451669,0.817433326778239,-0.185324555174547,0.261193321696781,-0.709530220645114,0.477995504599724,-0.192844038961967,0.261002831709995,-0.738858033449383,0.459993207867291,0.00751948378741968,0.249323597496192,0.0301595350898726,0.975939820159548,0.163051700015888,0.46348197293528,0.351797285627452,0.724990294361099,0.00265267274459367,0.463517228897533,0.00572292156410886,0.995433794166592,0.160399027271294,0.691204954652234,0.232057114451669,0.816493653401024
0,"",162415.416667746,0,0.909471160067101,0.888740175891231,0.713204553918527,8.92714022304124e-07,0.0004037912998626,0.00270128458095113,-0.107991146591674,0.22235743577388,49.5151653970284,-0.485664651671433,0.629347191721556,0.0141955378547329,0.12484246680513,14483.2583359753,0.113707604615752,0.909471160067101,0.0441496880026368,0.313944726217238,48.9571960895168,0.140628856979387,0.888740175891231,-0.128962958869237,0.348896220373459,50.4420081831449,-0.36963128672244,0.713204553918527,-0.122186684446407,0.255104436525288,-0.478967304962158,0.631961888285134,-0.0937956087369414,0.254909136731043,-0.367957029472451,0.712905275276204,-0.0283910757094658,0.249684933610261,-0.113707604615752,0.909469584013009,0.173112646871874,0.469330338714236,0.368850322666395,0.712239293147753,-0.0848132708666006,0.469370600467673,-0.180695746137688,0.856606397916001,0.257925917738475,0.697792440746917,0.36963128672244,0.711657236156954
0,"",162335.859442724,0,0.860223019269019,0.822376163892906,0.660242851014775,2.14106131924177e-06,0.0010390585899713,0.0038682235591079,-0.0606177801269883,0.215427605542073,49.5515958593664,-0.281383530093359,0.779587985037941,-0.0219396102506726,0.124590750541685,14482.9215079932,-0.176093411070126,0.860223019269019,0.0702935997030604,0.311450871950484,48.9734767297464,0.225697231999518,0.822376163892906,-0.15521738809605,0.35101704174854,50.3534888786808,-0.442193311535126,0.660242851014775,-0.0386781698763157,0.248960567428798,-0.155358618739402,0.876538605464279,-0.0825573903776608,0.248761839046494,-0.331873211317716,0.739984999321654,0.0438792205013451,0.24918150108337,0.176093411070126,0.860220557246151,0.225510987799111,0.469250432893688,0.48057704797089,0.630817131227297,-0.0849237883929898,0.469290155130397,-0.180962220205521,0.856397230280053,0.3104347761921,0.70203408349708,0.442193311535126,0.658349325637997
0,"",162375.285360354,0,0.905521892389856,0.849770317032187,0.674204109079148,9.88307046076963e-07,0.000733534895772664,0.00353774679594954,-0.136120643109284,0.213428131939364,49.9514750258981,-0.637782104319578,0.52652848574334,-0.014793754435483,0.124640981533159,14254.1974172469,-0.118690933379302,0.905521892389856,0.0585832257262267,0.307672880898405,49.3888211651259,0.190407505384172,0.849770317032187,-0.145654318813843,0.344457813880138,50.3626711850568,-0.422850964456643,0.674204109079148,-0.121326888673801,0.247257478114493,-0.490690472130515,0.623645386355282,-0.150914397544767,0.24705793465868,-0.610846187770739,0.541301412652399,0.0295875088709659,0.249281963066318,0.118690933379302,0.905520219885045,0.20423754454007,0.46184290356172,0.442222978776972,0.658327859470424,-0.0870710930876164,0.461875206951504,-0.188516490552303,0.850471789673607,0.291308637627686,0.688915627760276,0.422850964456643,0.672404001142667
0,"",162428.236028534,0,0.914862056580397,0.929984388105279,0.683857568479718,8.12967596046643e-07,0.00015803348980048,0.00331638213973929,-0.116725030845028,0.223220845883889,50.0448488067536,-0.522912770009589,0.603342536648905,-0.0133362403446197,0.124742906599458,14059.2295049953,-0.106909809208163,0.914862056580397,0.0273463807189378,0.30964868293778,49.3450357861184,0.0883142161610057,0.929984388105279,-0.136767849775909,0.333931529009049,50.4133942289855,-0.409568542933852,0.683857568479718,-0.103388790500408,0.255808261920553,-0.404165173259799,0.686091261937054,-0.130061271189648,0.255614574508547,-0.508817900699551,0.610879870858067,0.0266724806892393,0.249485813198916,0.106909809208163,0.914860531172507,0.164114230494847,0.455389941364737,0.360381764259045,0.718561661777909,-0.109421469056972,0.45541755250173,-0.240266253366587,0.810123854744096,0.273535699551819,0.667863058018097,0.409568542933852,0.682122476610568
0,"",162411.316519714,0,0.639347319078222,0.861306159629152,0.698385395493586,1.57229039462701e-05,0.000623378167639284,0.00300702836139599,-0.124714259583917,0.229497286059615,49.9644589111192,-0.543423679317591,0.589254595202825,-0.0584162633823048,0.124655459326923,13967.0713302806,-0.468621781169662,0.639347319078222,0.0543010827583364,0.309188473893605,49.4479151568404,0.175624537598455,0.861306159629152,-0.128897138469052,0.3307410513701,50.3575878912738,-0.389722225091484,0.698385395493586,-0.0662979962016126,0.261261465285152,-0.253761097639302,0.799680129413459,-0.183130522966222,0.261071680682767,-0.701456866126922,0.483017944175341,0.11683252676461,0.249310918653845,0.468621781169662,0.639340005578013,0.183198221227389,0.452742160317901,0.404641399198945,0.685741123001592,-0.074596055710716,0.452767983818193,-0.164755588682856,0.869136361334846,0.257794276938105,0.661482102740201,0.389722225091484,0.69674196019889
0,"",162466.152730557,0,0.599533102157609,0.776509567593404,0.628370554981916,2.02351958562158e-05,0.00163843347406279,0.00469481296242701,-0.184223646089866,0.219485391452877,49.8492228233977,-0.839343542959298,0.4052838915858,-0.065494347537396,0.124731099246495,13625.1703273639,-0.525084344907162,0.599533102157609,0.0861304769109196,0.301766921605708,49.6397379702161,0.285420537322705,0.776509567593404,-0.158811330856462,0.326097373231942,50.2812819552258,-0.487005857429906,0.628370554981916,-0.11872929855247,0.252548866505197,-0.470124060327257,0.638266385167865,-0.249717993627262,0.252353796063905,-0.989555130623137,0.322391610471078,0.130988695074792,0.24946219849299,0.525084344907162,0.599524558479309,0.244941807767382,0.444293314289444,0.551306535321414,0.581423559214066,-0.0726808539455424,0.444307319865447,-0.163582391502244,0.870059907508412,0.317622661712924,0.652194746463884,0.487005857429906,0.626254180012188
0,"",162569.438232775,0,0.717157835902473,0.863117445604292,0.642531563182131,9.71172249771157e-06,0.000604109559549294,0.00431770134786391,-0.233131034036883,0.219164348006492,49.8808351441753,-1.06372699828887,0.292574971834424,-0.0452969104509556,0.125037203797558,13513.1990611777,-0.362267461805159,0.717157835902473,0.0517818677117761,0.298793996049337,49.6859433433327,0.173302905668914,0.863117445604292,-0.153080903812814,0.327810751491773,50.2879388589117,-0.466979509110626,0.642531563182131,-0.187834123585928,0.25242176896444,-0.744128069288622,0.456798999397287,-0.278427944487839,0.252225847394965,-1.10388347333746,0.269643688808529,0.0905938209019112,0.250074407595115,0.362267461805159,0.717152170865756,0.20486277152459,0.443545874530588,0.461875046727466,0.64417092941236,-0.101299036101038,0.443556691894464,-0.228379005327102,0.819351609536115,0.306161807625627,0.655621502983547,0.466979509110626,0.640514538461608
0,"",162613.238623926,0,0.80587188635764,0.96618169139108,0.714748533511714,4.42087406431496e-06,3.65394032075873e-05,0.0026774922197993,-0.278403324850878,0.21939067396598,49.8919610251253,-1.26898431833091,0.210335004452191,-0.0307786147388405,0.125238617040128,13661.9140611882,-0.245759778143979,0.80587188635764,0.0126700949247238,0.297337163315466,49.691720146149,0.0426118779887638,0.96618169139108,-0.12448762186923,0.338693654959635,50.3205781845553,-0.367552270455335,0.714748533511714,-0.247624710112037,0.25271855993858,-0.979843784216793,0.32716323563364,-0.309181939589718,0.252521855500294,-1.22437695136197,0.220810060007708,0.061557229477681,0.250477234080255,0.245759778143979,0.805868194637363,0.137157716793954,0.450683194377697,0.304332885062068,0.760874293926196,-0.111817526944506,0.450699699913727,-0.248097629010869,0.804058870057058,0.24897524373846,0.677387309919271,0.367552270455335,0.71320710975109
0,"",162659.854642283,0,0.791071310299381,0.918460768974805,0.754233787707401,5.08933012979209e-06,0.000212873270522461,0.00196088854311049,-0.277076835793274,0.219457958389046,50.0148294854557,-1.26255086772513,0.212605777449947,-0.0332298646252013,0.125431283702833,13790.5814159015,-0.264924854822727,0.791071310299381,-0.0309502993010077,0.3007972138509,49.7242791265334,-0.102894235304817,0.918460768974805,-0.1070610165273,0.340122846267101,50.4296283499474,-0.314771611793534,0.754233787707401,-0.243846971168073,0.252872864107178,-0.964306597424075,0.334892234207128,-0.310306700418476,0.252675522086114,-1.22808374098351,0.219415533863997,0.0664597292504027,0.250862567405666,0.264924854822727,0.791067350853031,0.076110717226292,0.454041094995044,0.167629578170942,0.866874700433725,-0.138011315828307,0.454061353654214,-0.303948606763412,0.761167045644295,0.214122033054599,0.680245692534201,0.314771611793534,0.752935067371174
0,"",162777.072953959,0,0.544520092552621,0.882122824872651,0.804000999782495,2.62488135574046e-05,0.000446372919703827,0.00123262844016567,-0.284050912333185,0.218705589627388,49.9820469443939,-1.29878213363055,0.199978813365974,-0.076286112164101,0.125883268290562,13990.5203144814,-0.606006764838822,0.544520092552621,-0.0452728075860511,0.303757982003125,49.7425125772731,-0.14904236355371,0.882122824872651,-0.0867641557587589,0.347776644813059,50.4326775609562,-0.249482410773724,0.804000999782495,-0.207764800169084,0.252446099657286,-0.823006576259804,0.410504253717476,-0.360337024497286,0.252246766297167,-1.42850998562566,0.153145122523775,0.152572224328202,0.251766536581124,0.606006764838822,0.544510261084555,0.0414913481727078,0.461741658709208,0.0898583599510953,0.928399771180242,-0.13203696334481,0.461767964705812,-0.285937902662714,0.774925683007937,0.173528311517518,0.695553289626118,0.249482410773724,0.802987645017162
0,"",162877.903742845,0,0.508950042998737,0.988438016963942,0.8069945543976,3.08277791962822e-05,4.25829983450919e-06,0.0011967392927163,-0.279065915133875,0.215233263092991,50.0403892944801,-1.29657428932491,0.200725084808866,-0.0833975476174581,0.126266135239662,14150.6749878706,-0.660490221381718,0.508950042998737,-0.00446769271296926,0.306757973008132,49.8123216537234,-0.0145642268696658,0.988438016963942,-0.086555471282879,0.352432209187629,50.3405860647335,-0.245594667645143,0.8069945543976,-0.195668367516417,0.249637861496243,-0.783808859536165,0.433152274537245,-0.362463462751333,0.249435216053421,-1.45313668409077,0.146185807507517,0.166795095234916,0.252532270479323,0.660490221381718,0.508939291647284,0.0820877785699097,0.467220272492237,0.175693957225012,0.860534382895157,-0.0910231639958483,0.467250520733942,-0.194805912367678,0.845544893566637,0.173110942565758,0.704864418375257,0.245594667645143,0.805996017438289
0,"",162857.420244204,0,0.487330681730918,0.856276381242055,0.613365118546248,3.4495848852369e-05,0.000665035332142894,0.00509091575804324,-0.294058612578217,0.213498553202784,49.9648467597172,-1.37733304590086,0.174548384574871,-0.0876093455430336,0.126133008400477,13984.9702185867,-0.69457905312835,0.487330681730918,-0.0563724003245126,0.309640233496584,49.8063419253971,-0.182057737419754,0.856276381242055,-0.171720837017888,0.33774735918754,50.5183962534007,-0.508429843629176,0.613365118546248,-0.206449267035183,0.248075509856175,-0.832203336616642,0.405294180848988,-0.381667958121251,0.247872704155323,-1.53977405225743,0.123615438915084,0.175218691086067,0.252266016800954,0.69457905312835,0.487319143188035,0.115348436693376,0.458191505241504,0.251747217863801,0.801236457498594,-0.228093237342401,0.458215288047528,-0.497786178881797,0.618634758543566,0.343441674035776,0.675494718375081,0.508429843629176,0.61115192794928
0,"",162777.939750137,0,0.432791568560771,0.67871182094254,0.55577028877288,4.45762829241132e-05,0.00347665837360941,0.00690826088955777,-0.240098989004916,0.208189142927378,49.6517128809024,-1.15327334379137,0.254319921363597,-0.0986996097153517,0.125820687459283,13803.9555557467,-0.784446593866306,0.432791568560771,-0.126472902587973,0.30353269991961,49.7633329152721,-0.416669777659767,0.67871182094254,-0.199710930612924,0.336734510184087,50.5648886572176,-0.593081268990652,0.55577028877288,-0.141399379289565,0.243358600681081,-0.581033005999517,0.561218208756534,-0.338798598720268,0.243153697742132,-1.39335162025613,0.163513487946422,0.197399219430703,0.251641374918566,0.784446593866306,0.432778107515055,0.0732380280249512,0.453336600046813,0.161553309433627,0.871657627863442,-0.326183833200897,0.453354593664613,-0.719489419009184,0.47183941933846,0.399421861225848,0.673469020368174,0.593081268990652,0.553126765286808
0,"",162803.596589647,0,0.315101829218443,0.716473035205194,0.711730824039584,7.08505161089435e-05,0.00267288496257861,0.00273341098094375,-0.217665914978399,0.202556886085411,49.2071480379893,-1.07459153418569,0.287798807560775,-0.126617283243395,0.126036277786436,14243.6421781777,-1.00460982716376,0.315101829218443,-0.114872239377228,0.314503983774033,49.7777465452096,-0.365248916718847,0.716473035205194,-0.126362085164793,0.340026426336871,50.3865426990461,-0.37162430734017,0.711730824039584,-0.0910486317350037,0.238672234833172,-0.381479780413693,0.702847271851239,-0.344283198221794,0.238462649397123,-1.44376152446601,0.14880606832896,0.25323456648679,0.252072555572873,1.00460982716376,0.315084763407724,0.0114898457875656,0.463159986884891,0.0248075095278495,0.980208501165968,-0.241234324542021,0.463189247913971,-0.520811581072853,0.602498034644944,0.252724170329586,0.680052852673743,0.37162430734017,0.710172588599752
0,"",162899.925849911,0,0.249582337099778,0.702890731405399,0.903683309119239,9.23516591434727e-05,0.00294484846583953,0.000293097756097253,-0.264237698617416,0.212747570861987,49.0938622586244,-1.24202451547064,0.220128240218835,-0.145513628406182,0.126378520521428,14354.1008926511,-1.15141107686499,0.249582337099778,-0.12484917026476,0.32544845516764,49.8268143585114,-0.383621947753447,0.702890731405399,-0.0405702060621647,0.333582402492315,50.4508351430692,-0.121619743005177,0.903683309119239,-0.118724070211234,0.2475553238377,-0.47958601079842,0.63152179552936,-0.409751327023598,0.247350925515418,-1.65655869760656,0.0976087285452312,0.291027256812365,0.252757041042857,1.15141107686499,0.249563158957702,-0.0842789642025955,0.466023985503014,-0.1808468379833,0.856487797805602,-0.165419376326925,0.46605737563414,-0.354933501699973,0.722639409629648,0.0811404121243294,0.667164804984629,0.121619743005177,0.903200176903812
0,"",163029.468303588,0,0.143842997773213,0.715237386658359,0.875189390637112,0.000153847758331125,0.00269694712935575,0.000494056999616547,-0.310153672884883,0.21830742949302,49.4142343758798,-1.42071973274185,0.161677990252224,-0.185144903403594,0.12666312207189,13885.616058838,-1.46171119403256,0.143842997773213,-0.118292926799579,0.322398648127395,49.7835481389159,-0.366915083194877,0.715237386658359,-0.0507658976413732,0.321566675538187,50.4208766261061,-0.157870518008153,0.875189390637112,-0.12500876948129,0.25249240061888,-0.495099136349778,0.620530143427383,-0.495298576288477,0.252291395333673,-1.96320043191886,0.0496228892052268,0.370289806807187,0.25332624414378,1.46171119403256,0.143820368424288,-0.0675270291582059,0.455342164126499,-0.148299530503057,0.882106385867404,-0.169058824440952,0.455363090105801,-0.371261589079766,0.710442704222982,0.101531795282746,0.643133351076374,0.157870518008153,0.874558829919275
0,"",163097.50658936,0,0.094227957570706,0.810210232093775,0.868179667958989,0.000200459469954388,0.00116896689795832,0.000554997150263734,-0.297172303091449,0.218013321694165,49.4903138410152,-1.3630924054647,0.17902312741096,-0.212416006393376,0.12692019534021,13970.0953526064,-1.67361865323319,0.094227957570706,-0.0775883533348606,0.321365062167909,49.8064472411997,-0.241433691675922,0.810210232093775,-0.0546414804171692,0.327539339849176,50.1171220116278,-0.166824175814515,0.868179667958989,-0.0847562966980738,0.252367811524487,-0.335844322562705,0.73698826483461,-0.509588309484825,0.252165771961585,-2.02084646746766,0.0432956609066247,0.424832012786751,0.253840390680419,1.67361865323319,0.0942055701700213,-0.0229468729176914,0.458853574586654,-0.0500091405812028,0.960115104307017,-0.13222983375203,0.458877371147332,-0.288159412658365,0.773224715629042,0.109282960834338,0.655078679698352,0.166824175814515,0.867508395696681
0,"",163151.36854911,0,0.172645121186651,0.931578292530558,0.863736580125743,0.000129516767362184,0.000149404269506027,0.000593660487533102,-0.273916284112089,0.22039232619295,49.8275480338369,-1.24285762959042,0.219737229472366,-0.173505796707857,0.127220309380454,14359.2856371006,-1.36382152781115,0.172645121186651,-0.0280480483111994,0.325027994913864,49.8351600580611,-0.0862942538799847,0.931578292530558,-0.0587714550106919,0.340696720878697,50.0957558626084,-0.172503729590098,0.863736580125743,-0.100410487404232,0.2545765783391,-0.394421545215693,0.693269839599938,-0.447422080819947,0.254374399042735,-1.75891159843008,0.0785925248534526,0.347011593415715,0.254440618760907,1.36382152781115,0.172623743103632,0.0307234066994926,0.470851100647696,0.0652507908704681,0.947974321991973,-0.0868195033218913,0.470886554500444,-0.184374564302429,0.853719622487491,0.117542910021384,0.681393441757393,0.172503729590098,0.863041529525071
0,"",163184.333284696,0,0.193166549375422,0.759050511672795,0.609709706997316,0.000118170054176611,0.00191171346931311,0.00523040246050646,-0.216253204526225,0.222288138642592,50.0504180293795,-0.972850849563009,0.335305875627059,-0.165686782665202,0.127321141637036,14329.0013353328,-1.30132969697631,0.193166549375422,0.100083014993449,0.324499228207798,49.6637583676331,0.308422967740802,0.759050511672795,-0.175151960256668,0.340955591004818,50.1905283841527,-0.513709013365888,0.609709706997316,-0.0505664218610231,0.256269886467516,-0.197317065059975,0.843579425873618,-0.381939987191427,0.2560685936772,-1.49155342209947,0.135816256505452,0.331373565330404,0.254642283274073,1.30132969697631,0.193145626375643,0.275234975250117,0.470673981387124,0.584767771609069,0.558703877431452,-0.075068945263219,0.470708966915859,-0.159480593189205,0.873290247019783,0.350303920513336,0.681911182009636,0.513709013365888,0.607455449309232
0,"",163186.904882816,0,0.310912338078663,0.807882947485748,0.646761929789729,7.16554468242932e-05,0.00120076387940713,0.00421526584898827,-0.229826611520665,0.22591813138001,49.9157023155655,-1.01730042700327,0.313916195178458,-0.129028980568206,0.127329719652461,14329.6187923093,-1.01334535975091,0.310912338078663,0.0787981667304351,0.322339185944462,49.7080359613512,0.244457298914975,0.807882947485748,-0.158695154071024,0.344212504092695,50.2128115294054,-0.4610383184345,0.646761929789729,-0.100797630952459,0.259429245909154,-0.388536113572006,0.697619334279753,-0.358855592088871,0.259229985829238,-1.38431358911256,0.166262454833549,0.258057961136412,0.254659439304923,1.01334535975091,0.310895228505157,0.237493320801459,0.471559100413268,0.503634264704729,0.614518409506444,-0.0798969873405893,0.471594754376714,-0.169418736317764,0.865467287075168,0.317390308142049,0.688425008185389,0.4610383184345,0.644771113779824
0,"",163175.087278021,0,0.365827017258265,0.829742278534628,0.802090262488497,5.72326618286548e-05,0.000936936601584291,0.00125959920952417,-0.253547831995562,0.230049127009806,49.8372486736896,-1.10214646450171,0.275692203426468,-0.115106341907516,0.127281257310209,14288.9655615346,-0.904346361279098,0.365827017258265,0.0686094670323682,0.317395063406986,49.8253609772696,0.216164253772254,0.829742278534628,-0.0881448694844497,0.349823091458163,50.3404820614489,-0.251969843148538,0.802090262488497,-0.138441490088046,0.263011146773545,-0.526371189154374,0.598630329442958,-0.368654173903078,0.262814336126756,-1.40271713992525,0.160701204137296,0.230212683815031,0.254562514620417,0.904346361279098,0.36581177072781,0.156754336516818,0.472333582960354,0.331872096695643,0.73998584100982,-0.0195354024520816,0.472369166640643,-0.0413562184657645,0.967011915516748,0.176289738968899,0.699646182916325,0.251969843148538,0.801064373571447
0,"",163225.419893629,0,0.628172995032631,0.771578682935293,0.862183594684101,1.63913747288308e-05,0.00171257828904949,0.000603636326309306,-0.205144452426271,0.235288166129873,49.9192607077622,-0.871885976250233,0.387444847387704,-0.0617269330898216,0.127453242122173,14309.5219947886,-0.484310418958601,0.628172995032631,0.0930759202788257,0.318862087030954,49.6677028659406,0.291900241717324,0.771578682935293,-0.0611190520626744,0.350283389931365,50.4053377576429,-0.174484585394272,0.862183594684101,-0.14341751933645,0.267687984642875,-0.53576375319118,0.592121836080734,-0.266871385516093,0.267493631651783,-0.997673790841869,0.318437566256337,0.123453866179643,0.254906484244346,0.484310418958601,0.628165582752726,0.1541949723415,0.473660218443845,0.325539207932829,0.744773013518197,0.0319568682161513,0.473697123781448,0.0674626604464995,0.946213386923634,0.122238104125349,0.700566779862729,0.174484585394272,0.861484644022258
0,"",163232.616010494,0,0.991715331226994,0.831728045556739,0.95941604655369,7.5549029942087e-09,0.000917399198908175,5.19009319200888e-05,-0.189528068611972,0.236558287639359,49.9827969789236,-0.801189721583181,0.426814159959978,-0.00132348348347414,0.127458271671729,14271.5816250305,-0.0103836609904989,0.991715331226994,0.0687591667908121,0.321896548393643,49.6902990079475,0.213606412165462,0.831728045556739,-0.0175841521376851,0.343842460315198,50.3878881848264,-0.0511401416845548,0.95941604655369,-0.188204585128498,0.268807426950864,-0.70014652222723,0.483835804855351,-0.190851552095446,0.268613916528678,-0.710505079415982,0.477390982210986,0.00264696696694829,0.254916543343457,0.0103836609904989,0.991715186090017,0.0863433189284973,0.470986554143968,0.18332438191453,0.85454350457287,0.051175014653127,0.471021991612165,0.108646762920709,0.91348266881403,0.0351683042753703,0.687684920630396,0.0511401416845548,0.959213849386087
0,"",163296.654287707,0,0.798284310483515,0.911289356936644,0.990515671062183,4.51941123222527e-06,0.000251865964524794,2.83664067717338e-06,-0.193412008512169,0.230949887599342,49.8788970870414,-0.837463098694836,0.40632723348523,0.0326428201445108,0.12772412354499,14452.5892009812,0.255572864690769,0.798284310483515,0.0374270788485101,0.334228953798736,49.7742636169721,0.111980360836864,0.911289356936644,-0.00402808985279917,0.337181833464289,50.3111686248127,-0.0119463430500202,0.990515671062183,-0.22605482865668,0.264014070156719,-0.856222657082227,0.39187463251684,-0.160769188367658,0.263816556330818,-0.609397645862901,0.542260897923239,-0.0652856402890216,0.25544824708998,-0.255572864690769,0.798280673504856,0.0414551687013093,0.474744155592568,0.0873210722300848,0.930416304777654,0.0333989889957109,0.474783267904602,0.0703457582722182,0.9439184628545,0.00805617970559833,0.674363666928577,0.0119463430500202,0.990468424039529
0,"",163293.248432229,0,0.707756603926791,0.838273479010051,0.843003299252409,9.92456132249406e-06,0.000844410016086419,0.000786487287705053,-0.231926040578032,0.215766359945917,49.7140027918045,-1.07489434699721,0.287611381027096,0.0478446039104398,0.127627034878145,14160.0549386591,0.374878284652781,0.707756603926791,0.0673177395465776,0.328103030795558,49.810202917724,0.205172562360521,0.838273479010051,-0.0657401824033598,0.330222904627388,50.3516856715761,-0.199078202880986,0.843003299252409,-0.279770644488472,0.250789348060804,-1.11556031646385,0.264610386551638,-0.184081436667592,0.250583852495395,-0.734610130838241,0.462576966330481,-0.0956892078208796,0.255254069756291,-0.374878284652781,0.707750989663927,0.133057921949937,0.465494932778957,0.285841826796256,0.774999270884724,0.00157755714321779,0.46552335996454,0.00338878191491391,0.997296148405264,0.13148036480672,0.660445809254777,0.199078202880986,0.842201571535776
0,"",163342.34652515,0,0.728256150854431,0.797094996279739,0.715869426944167,8.71984837299519e-06,0.00134135658528038,0.00265368685538927,-0.226539840640446,0.212015110136686,49.7858755032103,-1.06850799688002,0.290445051612705,0.0443681214665353,0.127695243535858,13844.5843230047,0.347453203721533,0.728256150854431,0.0829354270894435,0.320845319673581,49.7463903739725,0.258490375280585,0.797094996279739,-0.119465353334959,0.326373406533003,50.3559424166448,-0.366038871254905,0.715869426944167,-0.270907962106981,0.247604124024554,-1.09411732609153,0.273903524446089,-0.182171719173911,0.24739677051639,-0.736354475418836,0.461515001966552,-0.0887362429330706,0.255390487071716,-0.347453203721533,0.728250869128078,0.202400780424402,0.457660165288482,0.442251250547053,0.658307403278961,-0.0365299262455152,0.457678721817957,-0.0798156534356978,0.936383874402826,0.238930706669917,0.652746813066006,0.366038871254905,0.714336070271945
0,"",163375.350582405,0,0.646396761600677,0.786309822180755,0.795160538615183,1.50446606576187e-05,0.00150275631124711,0.00135804204505892,-0.160798634507786,0.213575914562046,49.6837975561801,-0.752887491258162,0.455070247480095,0.0586589796812764,0.12785764499395,13990.2887151081,0.458783514150068,0.646396761600677,0.0879074513820554,0.322496600620886,49.3695769460006,0.272584117825775,0.786309822180755,-0.0866025724541804,0.331807312793425,50.0940646001652,-0.261002603363648,0.795160538615183,-0.219457614189062,0.249025734472636,-0.881264800418357,0.378174513174582,-0.10213965482651,0.248818570245853,-0.410498519968133,0.681440288964786,-0.117317959362553,0.255715289987901,-0.458783514150068,0.646389634558,0.174510023836236,0.462697657940513,0.377157785092294,0.706056350232011,0.00130487892787501,0.462721490539187,0.00282000934591237,0.997749961063798,0.173205144908361,0.663614625586851,0.261002603363648,0.794090499631228
0,"",163406.010710383,0,0.770165626631386,0.971697537097599,0.990906775654299,6.01749115183799e-06,2.59666605487615e-05,2.62740977171579e-06,-0.170684439392637,0.213204985987753,49.6585813687051,-0.800564952090011,0.427197156115605,0.0374079683395965,0.128037637146003,14185.1805621728,0.292163844736839,0.770165626631386,-0.0114041877107885,0.319793359767989,48.9736476997106,-0.0356611147869432,0.971697537097599,-0.00396395972586649,0.346072823270603,49.933789138549,-0.0114541202293916,0.990906775654299,-0.208092407732233,0.248800790706594,-0.836381617362433,0.402940250747799,-0.13327647105304,0.248592380606712,-0.53612452130579,0.591872493944482,-0.0748159366791931,0.256075274292006,-0.292163844736839,0.77016135389934,-0.007440227984922,0.471189536072495,-0.0157903081781877,0.987401680427697,-0.015368147436655,0.471220548164186,-0.0326134917004941,0.973982810733217,0.00792791945173297,0.692145646541206,0.0114541202293916,0.990861134143592
0,"",163471.989603948,0,0.87860541302147,0.800815087595208,0.918203151885305,1.63420026267321e-06,0.00131510954279632,0.00021340708713319,-0.189891585974625,0.211658802269802,49.8631607945831,-0.897158936638835,0.373945489723968,-0.0195943773001186,0.128285762564766,14275.7859265744,-0.152740077373951,0.87860541302147,-0.0820791596873611,0.323567143182675,48.8656324763911,-0.253669636787015,0.800815087595208,0.0357247480350665,0.346107936324228,49.9130034403574,0.103218517363324,0.918203151885305,-0.170297208674506,0.247605922944096,-0.687775181827762,0.491594367173151,-0.209485963274744,0.247395791866442,-0.846764456639731,0.397126423303618,0.0391887546002372,0.256571525129532,0.152740077373951,0.878603254388789,-0.117803907722428,0.473783366611586,-0.248645089769487,0.803635326967626,-0.0463544116522946,0.473816547822274,-0.0978319813129064,0.922065711772291,-0.0714494960701331,0.692215872648456,-0.103218517363324,0.917789543676653
0,"",163575.367820185,0,0.685935341672953,0.722623918843225,0.783532074626364,1.12164718035414e-05,0.00258705522753205,0.00151982069005882,-0.205709971069548,0.209040094358335,49.456544659957,-0.984069451848418,0.32987125193084,-0.0520505877004559,0.128715331479675,14579.0617624899,-0.404385298177747,0.685935341672953,-0.12045497634341,0.337413220547631,49.1354121644351,-0.356995425810252,0.722623918843225,0.09475635052372,0.343074451762654,50.1172221494666,0.276197630097138,0.783532074626364,-0.153659383369092,0.245596747445102,-0.625657240853484,0.531539785122611,-0.257760558770004,0.245383440474118,-1.05043990854465,0.29351590522624,0.104101175400912,0.257430662959349,0.404385298177747,0.685929409569778,-0.21521132686713,0.48117401372331,-0.447262987462335,0.654685187598416,-0.02569862581969,0.48121418331398,-0.0534037164962828,0.957410244104608,-0.18951270104744,0.686148903525309,-0.276197630097138,0.782396277376333
0,"",163641.245479168,0,0.641259840765735,0.633041780242677,0.810457578209598,1.48821503663428e-05,0.00466146492690509,0.0011559662502504,-0.223571627610818,0.206934741902853,49.941398402746,-1.08039677414716,0.285155455587422,-0.0600782905503974,0.128937820867192,14588.220871483,-0.465947773479739,0.641259840765735,-0.161700794269024,0.33656963106879,49.2859180240591,-0.480437862903841,0.633041780242677,0.0831559894976681,0.34489966453731,50.2289445860344,0.241101972683051,0.810457578209598,-0.163493337060421,0.243925026945116,-0.670260608794386,0.502691673292815,-0.283649918161216,0.243709826110038,-1.16388379856766,0.244471106141405,0.120156581100795,0.257875641734384,0.465947773479739,0.64125288419618,-0.244856783766692,0.481887642040753,-0.508120072823914,0.611369139032392,-0.0785448047713556,0.481927474584988,-0.16298054979952,0.870533748910892,-0.166311978995336,0.68979932907462,-0.241101972683051,0.809476083892545
0,"",163659.505271971,0,0.766427409240333,0.638154785644521,0.920161176451068,6.01651295906743e-06,0.00451736405245783,0.000201585842758108,-0.22971124651716,0.199301284720585,50.3680482266872,-1.15258286889224,0.254522600236678,-0.0383268712339345,0.129022062252071,14666.6628012093,-0.29705672475654,0.766427409240333,-0.159445620695989,0.336949459416109,49.3451258116471,-0.473203372910252,0.638154785644521,0.034940080592347,0.346851944975876,50.3282641266883,0.100734855601796,0.920161176451068,-0.191384375283226,0.237528964727256,-0.805730684268268,0.420398152960398,-0.268038117751095,0.237308618035046,-1.12949171408309,0.258690462987954,0.076653742467869,0.258044124504141,0.29705672475654,0.766423202474932,-0.194385701288336,0.483551035983612,-0.401996246152027,0.687686788920525,-0.124505540103642,0.483591579194559,-0.257460107785604,0.7968236069012,-0.0698801611846941,0.693703889951752,-0.100734855601796,0.919760941327544
0,"",163704.482911029,0,0.564221650711986,0.745207539885301,0.951670143105764,2.24169709331698e-05,0.00215244091172477,7.37059650236358e-05,-0.1813746510618,0.198632407330546,50.3427962637706,-0.913117116684651,0.365533368094045,-0.0745100272569205,0.12922414042499,14830.4891733092,-0.576595263175078,0.564221650711986,-0.11092608642395,0.339445836895761,49.506174657652,-0.326785820790648,0.745207539885301,0.0214502706906657,0.352149166991571,50.3358695473311,0.0609124561444134,0.951670143105764,-0.106864623804879,0.237078563022124,-0.450756164718726,0.652165297843712,-0.25588467831872,0.236856873187957,-1.08033461252215,0.27999320180339,0.149020054513841,0.25844828084998,0.576595263175078,0.564212899817969,-0.132376357114616,0.489091529908936,-0.270657635676624,0.786654362776047,-0.0894758157332841,0.489136483375323,-0.182926072322084,0.854856025298793,-0.0429005413813315,0.704298333983141,-0.0609124561444134,0.951428929299073
0,"",163751.165066015,0,0.512825624108012,0.940820687569345,0.902456790704409,2.90697781399629e-05,0.00011289357227833,0.000302200734995294,-0.21491432873381,0.200925466970546,50.3360345980478,-1.06962214384359,0.289891912584684,-0.084665287348553,0.129366609230342,14733.7073940584,-0.654460125779467,0.512825624108012,-0.0246301358061308,0.330083937328479,49.3135858422241,-0.0746177957203062,0.940820687569345,0.0446844803644799,0.362758747243322,50.1938902462691,0.123179608221845,0.902456790704409,-0.130249041385257,0.239080497854988,-0.544791576702583,0.585896872605887,-0.299579616082363,0.238859877894106,-1.25420651941879,0.209766950852113,0.169330574697106,0.258733218460685,0.654460125779467,0.512815408534807,-0.0693146161706108,0.490436297479526,-0.14133255741232,0.887607230652218,0.0200543445583491,0.490480241072162,0.0408871609476284,0.967385852968602,-0.0893689607289599,0.725517494486645,-0.123179608221845,0.901964872864877
0,"",163652.309885069,0,0.895354859053415,0.902618422017705,0.95495075689446,1.209206761421e-06,0.00030800498410667,6.40876111208456e-05,-0.24642004550313,0.205407126180902,50.1867520991469,-1.19966648716028,0.235901914006298,-0.0169552444965803,0.128904037373541,14307.8369184475,-0.131533851398673,0.895354859053415,-0.0395967031592189,0.321954881784173,49.0949132148108,-0.122988360790762,0.902618422017705,-0.0200038190571171,0.35234556502186,50.2905400067142,-0.0567732959995568,0.95495075689446,-0.22946480100655,0.24261213225852,-0.945809258879267,0.344245882237309,-0.263375289999711,0.242396431399406,-1.08654772052208,0.277236740280847,0.0339104889931606,0.257808074747082,0.131533851398673,0.895353009646723,-0.0195928841021018,0.47726991116668,-0.0410519993900459,0.96725444125452,-0.059600522216336,0.477302962577669,-0.124869374148579,0.900626964453526,0.0400076381142343,0.70469113004372,0.0567732959995568,0.95472578632296
0,"",163598.150741544,0,0.922589202267764,0.634246236969157,0.97749966135288,6.66718841290563e-07,0.00464358773510046,1.59535832499005e-05,-0.307341977028832,0.211887657800795,49.7439814906261,-1.45049494726954,0.15319732193053,0.0125038493633377,0.128674197739221,14163.2039731883,0.0971744886156487,0.922589202267764,-0.153505314250671,0.320643215586305,49.1278414562438,-0.478741812671703,0.634246236969157,-0.00983944201405338,0.34714127582539,50.3573953967824,-0.0283442007599309,0.97749966135288,-0.319845826392169,0.24800340829612,-1.28968318858856,0.197160678923962,-0.294838127665494,0.247792588383483,-1.18985854092296,0.234101995942756,-0.0250076987266754,0.257348395478442,-0.0971744886156487,0.922587827281941,-0.143665872236618,0.472551597312396,-0.304021556701337,0.761111468135228,-0.163344756264725,0.472581487199735,-0.345643578280263,0.729610591470581,0.0196788840281068,0.69428255165078,0.0283442007599309,0.977387627638867
0,"",163686.769955929,0,0.78347270863927,0.442764393375983,0.962479223929765,5.3042845039819e-06,0.0120594725597287,4.44311609823568e-05,-0.341301377527402,0.217381739670881,48.9254017763269,-1.57005541516107,0.122847756358631,-0.0354489497077012,0.128998370065416,14236.6951329543,-0.274801531908697,0.78347270863927,-0.249631611704359,0.322606112578445,49.051971285301,-0.773796905796874,0.442764393375983,0.0165883600558094,0.350871845270442,50.3040447953395,0.0472775467151649,0.962479223929765,-0.305852427819701,0.252879648418709,-1.20947822306871,0.226479172501017,-0.376750327235103,0.252671098187695,-1.49107013005198,0.135943083559171,0.0708978994154024,0.257996740130832,0.274801531908697,0.783468721101962,-0.266219971760168,0.476623440932773,-0.558554088819392,0.576466080585624,-0.233043251648549,0.47665669711683,-0.488912152201293,0.624903891902141,-0.0331767201116188,0.701743690540883,-0.0472775467151649,0.962292023193602
0,"",163780.511297436,0,0.649435808148834,0.479498872067033,0.749032648596104,1.45862614896494e-05,0.0102440628281166,0.00206425875439934,-0.366734790873209,0.225532438138479,48.8852371856108,-1.62608445108916,0.110361816538933,-0.0587773974353805,0.12930733265733,14165.2442860978,-0.45455579530933,0.649435808148834,-0.225232986736371,0.316093541667098,49.0556041751714,-0.712551688175841,0.479498872067033,0.116564441416389,0.362357336983343,50.0260827614635,0.321683679394485,0.749032648596104,-0.307957393437828,0.260073979423868,-1.18411458970264,0.236367705535452,-0.425512188308589,0.259869311558547,-1.63740837945278,0.101545168525913,0.117554794870761,0.258614665314659,0.45455579530933,0.649428842808563,-0.34179742815276,0.480834270594096,-0.710842485770516,0.477181849708109,-0.108668545319982,0.48086831640363,-0.22598399938824,0.821213865084993,-0.233128882832778,0.724714673966685,-0.321683679394485,0.747692343150227
0,"",163858.362465124,0,0.947567426882681,0.513997703293814,0.623735981675481,3.05161756506589e-07,0.00874285262106615,0.00487237589487518,-0.375013454008579,0.226985438335188,49.427792503616,-1.65214763008189,0.104843985017216,-0.00852159771625176,0.129580391630784,14172.068468038,-0.0657630186867509,0.947567426882681,-0.207481578355021,0.315607532804218,49.0001647225116,-0.657403758749095,0.513997703293814,0.180976450073438,0.366620481087865,49.7678272052635,0.493634315072716,0.623735981675481,-0.366491856292327,0.261470745080542,-1.40165530250596,0.161018204112026,-0.38353505172483,0.261266116612614,-1.46798619238295,0.142107973549453,0.0170431954325035,0.259160783261568,0.0657630186867509,0.947566499284711,-0.388458028428459,0.483737212399141,-0.803035239943324,0.421954366459432,-0.0265051282815832,0.483772356767141,-0.0547884307791096,0.956307017459824,-0.361952900146876,0.733240962175729,-0.493634315072716,0.62156446175586
0,"",163900.704568003,0,0.791540381638549,0.490709141725806,0.623635262093428,4.84547596307346e-06,0.00973461858806443,0.00492203313606902,-0.344340125245497,0.228738213929879,49.5457788503486,-1.50538958632883,0.138573050153484,0.0343083941601552,0.12980078026502,14418.0865340549,0.264315777533126,0.791540381638549,-0.224168190446706,0.322824129417882,49.0510887905384,-0.694397258503964,0.490709141725806,0.182358548933503,0.369290857664056,49.2978206151429,0.493807374726278,0.623635262093428,-0.378648519405652,0.263103061655336,-1.43916424622105,0.150103992782121,-0.310031731085342,0.26289846915885,-1.17928313571888,0.238285451243896,-0.0686167883203104,0.25960156053004,-0.264315777533126,0.791536603750012,-0.406526739380209,0.490479772484876,-0.828834871865678,0.407197852723075,-0.0418096415132027,0.490522073876924,-0.0852349848045638,0.93207457791896,-0.364717097867006,0.738581715328112,-0.493807374726278,0.621442224379349
0,"",163976.724468324,0,0.885785108077999,0.493812118121243,0.471304064731891,1.46793261273252e-06,0.00959744104108592,0.0106564856618707,-0.294982593623761,0.234669070248306,49.4770202862732,-1.25701522280562,0.214649899518835,0.0186666162122864,0.129952212697114,14055.8489969413,0.143642157565978,0.885785108077999,-0.216939530887657,0.314672699067761,49.0473518250051,-0.689413258698179,0.493812118121243,0.266549642153808,0.367153962922889,48.931989448668,0.725988737890292,0.471304064731891,-0.313649209836048,0.268348809401374,-1.16881163190449,0.242479532856951,-0.276315977411475,0.268147751668787,-1.03046166037886,0.302793341011245,-0.0373332324245727,0.259904425394228,-0.143642157565978,0.885783048917443,-0.483489173041464,0.483533444590706,-0.999908441598535,0.317354818796817,0.0496101112661508,0.483567252840173,0.10259195794333,0.918286825791921,-0.533099284307615,0.734307925845779,-0.725988737890292,0.467845674675474
0,"",164045.214020059,0,0.832789264384807,0.457532951510925,0.435593222395884,3.23121312734721e-06,0.0113084952591471,0.0123793484947203,-0.259701634152259,0.240146344205443,49.5299616635947,-1.08143072096941,0.284742908847702,0.0274656336549292,0.130088978854813,13795.3025252089,0.211129596809139,0.832789264384807,-0.235214025312682,0.314105554509613,49.0265325024905,-0.748837522723537,0.457532951510925,0.279352388646423,0.355381894493992,49.2954182294319,0.786062523089919,0.435593222395884,-0.287167267807188,0.273216809086598,-1.0510600309228,0.293231019613115,-0.23223600049733,0.273019034761299,-0.850622011393359,0.394979358137924,-0.0549312673098583,0.260177957709625,-0.211129596809139,0.832786145823223,-0.514566413959105,0.474285012902802,-1.08493079047505,0.27795230954464,0.0441383633337415,0.474310981479083,0.0930578566747522,0.925857597600417,-0.558704777292846,0.710763788987985,-0.786062523089919,0.4318308588073
0,"",164109.287632168,0,0.668466842027033,0.356466452739698,0.492596729336393,1.30185987915557e-05,0.0173250421736013,0.00958486522857228,-0.237180401137866,0.245479831536771,49.81184087754,-0.966190988697733,0.338616355327977,0.0558400445166854,0.130387540833769,14088.0026880991,0.428262118908092,0.668466842027033,-0.301679752328452,0.324080736437372,49.1497688709155,-0.930878384333564,0.356466452739698,0.24549201875992,0.355102188988042,49.385483856883,0.691327810339653,0.492596729336393,-0.293020445654551,0.278057057511679,-1.05381409224703,0.291968040299506,-0.181340356621181,0.277861097960736,-0.652629525874851,0.51399514594213,-0.111680089033371,0.260775081667539,-0.428262118908092,0.668460295004369,-0.547171771088372,0.480738399727915,-1.13819027437387,0.255041038882582,-0.0561877335685315,0.480772677816471,-0.116869647883735,0.906963350772305,-0.490984037519841,0.710204377976084,-0.691327810339653,0.489359558780492
0,"",164166.754484948,0,0.646926780556284,0.30939710196711,0.54008368715813,1.5338882455891e-05,0.0209847111890475,0.00762713805708522,-0.253522736303157,0.254471503026495,50.0656561552652,-0.996271618974798,0.323909140532025,0.0597504955561871,0.130446539534386,13677.8399230384,0.458045845979969,0.646926780556284,-0.324792207837756,0.316223920566269,49.2162186168713,-1.02709563291779,0.30939710196711,0.21526064625319,0.348902331527952,49.5261773001719,0.616965341878044,0.54008368715813,-0.313273231859344,0.286053446785092,-1.09515629117625,0.273448170886747,-0.193772240746969,0.285862758400754,-0.677850594568593,0.497866427969716,-0.119500991112374,0.260893079068771,-0.458045845979969,0.646919504036624,-0.540052854090946,0.470870935207259,-1.14692331530982,0.251413315645273,-0.109531561584566,0.470894226068793,-0.232603322616585,0.8160694470016,-0.43052129250638,0.697804663055905,-0.616965341878044,0.537257586139538
0,"",164200.074345181,0,0.683082515933575,0.37143457048737,0.732894100702439,1.23799588166818e-05,0.0162192329992916,0.00235499957825594,-0.212014724492908,0.260611747143296,50.1589821598507,-0.813527121539663,0.419761038148088,0.0532734619578963,0.130486104340835,13463.8335175826,0.408269234697542,0.683082515933575,-0.281224039689934,0.311775872915005,49.3500835483741,-0.902007063794188,0.37143457048737,0.118957924889095,0.346619722657126,49.8959637311647,0.343194334059194,0.732894100702439,-0.265288186450805,0.291547088240202,-0.909932553441374,0.362858080577142,-0.158741262535012,0.2913597564677,-0.544829061018969,0.58587108943156,-0.106546923915793,0.26097220868167,-0.408269234697542,0.683076023438889,-0.400181964579029,0.466198773262099,-0.858393431151404,0.39067525357792,-0.162266114800839,0.466216213727651,-0.348049059691496,0.727803339749384,-0.23791584977819,0.693239445314253,-0.343194334059194,0.731452266895141
0,"",164268.707353914,0,0.30258998995716,0.515834043920141,0.667668401671414,7.49479421787055e-05,0.00855009418062366,0.00369806773941579,-0.186253275508189,0.261824197125868,50.200362212287,-0.711367694631565,0.480149017947806,0.13497889698795,0.130928919145657,14179.7417293097,1.03093264550505,0.30258998995716,-0.216208394662936,0.330360890663008,49.6669767373755,-0.654461229442211,0.515834043920141,0.152004641525704,0.351951726579755,50.2531869949494,0.431890597619383,0.667668401671414,-0.321232172496139,0.292830196621487,-1.09699128096193,0.272645203581435,-0.0512743785202398,0.292641521464629,-0.175212246927978,0.86091286153301,-0.269957793975899,0.261857838291315,-1.03093264550505,0.302572406384382,-0.36821303618864,0.482690962775853,-0.762833913589608,0.445562452886114,-0.0642037531372317,0.482727776597507,-0.133001986315704,0.894191809604835,-0.304009283051408,0.70390345315951,-0.431890597619383,0.665820928742777
0,"",164301.254407813,0,0.204681658153275,0.644282293041426,0.741394303413785,0.000115123164018134,0.00431857110459347,0.00218519078278066,-0.24461402148407,0.256970640557778,50.2453800745262,-0.951914276872692,0.345697364250787,0.166125005775919,0.130973653262941,13972.992235014,1.26838491282219,0.204681658153275,-0.151864784881482,0.326909344482074,49.7553540974263,-0.464547090637874,0.644282293041426,0.115138187200822,0.346975829566025,50.2806536146177,0.331833451756076,0.741394303413785,-0.410739027259988,0.288518766272855,-1.42361286430689,0.154558569850249,-0.0784890157081507,0.288327829776838,-0.272221435471214,0.78545176086636,-0.332250011551838,0.261947306525882,-1.26838491282219,0.204660526779365,-0.267002972082304,0.476705046109327,-0.56010099801014,0.575410549754266,-0.0367265976806598,0.476734927018532,-0.077037774241433,0.938593494744969,-0.230276374401644,0.69395165913205,-0.331833451756076,0.740015023280377
0,"",164337.172186008,0,0.491002869276837,0.658073150423082,0.878338438999525,3.50537339426622e-05,0.00396981882050281,0.000470131081986411,-0.268960281232214,0.245227169036348,50.2488907240064,-1.09678010919071,0.277965992459437,0.0901963885929102,0.130959802784248,13531.7125391742,0.688733387461692,0.491002869276837,-0.142578336386799,0.320223103498384,49.7397471935298,-0.445246875784895,0.658073150423082,0.0517911943504185,0.336620843606285,50.3276505214726,0.153856171815058,0.878338438999525,-0.359156669825125,0.278103293417811,-1.29145061682366,0.19654746855082,-0.178763892639304,0.277906867399688,-0.643251080162062,0.520061193504352,-0.18039277718582,0.261919605568496,-0.688733387461692,0.490991061462443,-0.194369530737217,0.464596152921292,-0.418362333641935,0.675682221476414,-0.0907871420363801,0.464610881727304,-0.195404682944267,0.8450761508176,-0.103582388700837,0.67324168721257,-0.153856171815058,0.877723142361437
0,"",164385.2500284,0,0.815068973465773,0.577324925780088,0.695190447858107,4.06152719320119e-06,0.00630167018932109,0.00307845098341893,-0.274822605276148,0.228280562120232,50.0798326055865,-1.20388088553682,0.234295220377327,0.0306667227736844,0.131112426640862,13469.6370765014,0.233896386173108,0.815068973465773,-0.178346572624726,0.317910824558124,49.6269739569923,-0.560995596399137,0.577324925780088,0.13256573018438,0.336395726639529,50.2910075993829,0.394076736671608,0.695190447858107,-0.305489328049832,0.263356717458391,-1.15998304883982,0.246055707712963,-0.244155882502463,0.263150539221773,-0.927818286918646,0.35350183650068,-0.0613334455473688,0.262224853281725,-0.233896386173108,0.815065418823128,-0.310912302809106,0.462844199534686,-0.671742895604346,0.501747388094461,-0.0457808424403462,0.462854190325875,-0.098909858433201,0.921209841394507,-0.265131460368759,0.672791453279058,-0.394076736671608,0.693524385651534
0,"",164433.462533393,0,0.979565716142478,0.528432905483633,0.640556305375558,4.85688479295729e-08,0.00810748071925877,0.00438097827597529,-0.226237452190823,0.228699592252911,49.9113787994152,-0.989234173800512,0.327320191144981,-0.00336323206377646,0.131305206564294,13508.0279935646,-0.025613851512656,0.979565716142478,-0.199278905695061,0.313877874318338,49.3151029608423,-0.634893128825481,0.528432905483633,0.162561391932985,0.346045388232533,50.1522905430337,0.469768988291641,0.640556305375558,-0.222874220127046,0.263816342610415,-0.844808240163389,0.398217913119813,-0.229600684254599,0.263609671496977,-0.870987331195974,0.383761070464694,0.00672646412755291,0.262610413128589,0.025613851512656,0.979565337785843,-0.361840297628046,0.467183872013094,-0.774513675030941,0.438627084491675,-0.0367175137620756,0.467196630058543,-0.0785911357226071,0.937357838399221,-0.32512278386597,0.692090776465065,-0.469768988291641,0.638520072989268
0,"",164524.148918237,0,0.899811986695213,0.505433757053429,0.714523190188568,1.15116175335757e-06,0.00906451794739074,0.00269268494654021,-0.153402406004713,0.237211609547662,49.9539611297826,-0.646690127423509,0.520792947255342,-0.0165809277649652,0.131697953600479,13769.6451761533,-0.125901180023384,0.899811986695213,-0.215118675035231,0.320651141141831,49.2029696062378,-0.670880740574317,0.505433757053429,0.12901723714904,0.350719358240629,50.120969306194,0.367864602046064,0.714523190188568,-0.136821478239748,0.2714200462193,-0.50409496330717,0.614194646138045,-0.169983333769678,0.271216806049711,-0.626743365374352,0.530827472877568,0.0331618555299304,0.263395907200958,0.125901180023384,0.899810148586602,-0.344135912184271,0.475195438146732,-0.724198686600203,0.468943764790172,-0.0861014378861913,0.475217571944777,-0.181183194749787,0.856223784942354,-0.25803447429808,0.701438716481259,-0.367864602046064,0.712974195745426
0,"",164663.034098534,0,0.789644858655612,0.547794341112405,0.578169642082177,4.98513837871969e-06,0.00735999241476521,0.00622353836375107,-0.165630270894105,0.23779894724972,49.9383939031959,-0.696513894656444,0.489336540622045,0.0353038616865275,0.13233481902245,14276.3368726284,0.266776816164598,0.789644858655612,-0.201738220144627,0.33332315113072,49.4037392034217,-0.605233148253513,0.547794341112405,0.200928222833446,0.358981276251844,50.0252913290554,0.55971783523463,0.578169642082177,-0.200934132580632,0.272243876355906,-0.738066674888034,0.460473933394443,-0.130326409207577,0.272038524963414,-0.479073356338426,0.631886443424488,-0.070607723373055,0.2646696380449,-0.266776816164598,0.789641005546004,-0.402666442978074,0.489850892413389,-0.822018392156486,0.411066429319741,-0.000809997311180782,0.489887602170169,-0.0016534350075253,0.998680750336309,-0.401856445666893,0.717962552503687,-0.55971783523463,0.575671915111855
0,"",164733.902336207,0,0.789242572326335,0.542019555823061,0.69896024777655,4.96301667511803e-06,0.00753002247430682,0.00302243139385251,-0.139291828699154,0.233343414158161,49.9150024051187,-0.596939190256047,0.553246138490425,0.0354494523111005,0.132620831233806,14396.1936033203,0.267299277054028,0.789242572326335,-0.206739113849803,0.336711255954519,49.6879566255408,-0.613995256154218,0.542019555823061,0.140513903693538,0.361255156913775,49.9044672156511,0.388960270889851,0.69896024777655,-0.174741281010254,0.268502307522964,-0.650799922810009,0.515175650059108,-0.103842376388053,0.268293455885731,-0.387047742350752,0.698720863771624,-0.070898904622201,0.265241662467611,-0.267299277054028,0.78923874334959,-0.347253017543341,0.493822073618872,-0.70319460407788,0.48193448148851,-0.0662252101562655,0.493861596171729,-0.134096699702151,0.893326109330378,-0.281027807387075,0.722510313827549,-0.388960270889851,0.697305535961314
0,"",164790.036832863,0,0.660122738801051,0.66451801192359,0.910735260177903,1.37490459525766e-05,0.00382275916462791,0.000253966556012375,-0.113180937523673,0.242405530318154,49.9156331693835,-0.466907406671476,0.642597790745018,0.0583587190066827,0.132707937399185,14064.9815785378,0.439753040778111,0.660122738801051,-0.144898602214344,0.3321138349417,49.6037070872442,-0.436291978742108,0.66451801192359,0.0399046098904488,0.354139624881141,49.9816113516611,0.112680443211747,0.910735260177903,-0.171539656530356,0.276456201238608,-0.620494876807994,0.53493202591391,-0.0548222185169903,0.276252863065456,-0.198449413007534,0.842693460123081,-0.116717438013365,0.26541587479837,-0.439753040778111,0.660115982135205,-0.184803212104793,0.485488655001267,-0.380654028062325,0.703459985405787,-0.104993992323895,0.485520043259119,-0.216250582816538,0.828792426821557,-0.0798092197808976,0.708279249762282,-0.112680443211747,0.91028390654517
0,"",164856.369087924,0,0.524956428154149,0.850810366398353,0.970800968396813,2.87532289772841e-05,0.000721475762103772,2.69780450977789e-05,-0.133587504591282,0.249163309009617,49.7591667076377,-0.536144367010818,0.594247580101224,0.0845081582284172,0.13292886155352,14055.9302214006,0.635739727556399,0.524956428154149,-0.0633377739660288,0.334995296967085,49.5122862007228,-0.189070636332701,0.850810366398353,-0.0129332375663008,0.351572257605822,50.1606460768033,-0.0367868547261808,0.970800968396813,-0.218095662819699,0.282504780995662,-0.772006980027173,0.440110293410358,-0.0490793463628648,0.28230466219258,-0.173852411723135,0.861981452925066,-0.169016316456834,0.265857723107041,-0.635739727556399,0.524946077943519,-0.050404536399728,0.485602189575672,-0.103798000671645,0.917329653133065,-0.0762710115323295,0.485633932191267,-0.157054535271415,0.875201868417607,0.0258664751326016,0.703144515211643,0.0367868547261808,0.970654955363913
0,"",164862.757878719,0,0.459759311994537,0.845995659976742,0.923711109311593,3.87836866826182e-05,0.000766403539995642,0.000184447919860903,-0.138457778587517,0.243787010575423,49.777028124526,-0.567945676271712,0.57262495103638,0.0982943177032881,0.132962489382863,14090.7015433985,0.739263518301405,0.459759311994537,-0.0651124766869295,0.333487907612507,49.7024473166862,-0.195246889619117,0.845995659976742,-0.0340961411986114,0.35427324710355,50.2088035061632,-0.0962424949593938,0.923711109311593,-0.236752096290805,0.277790502097883,-0.852268506312656,0.394065081568611,-0.0401634608842291,0.277587278455955,-0.144687685644794,0.884957462274673,-0.196588635406576,0.265924978765725,-0.739263518301405,0.45974699739573,-0.0310163354883181,0.486526725614977,-0.0637505276798782,0.949168871268223,-0.0992086178855409,0.486558507824589,-0.203898639711603,0.838432708103238,0.0681922823972229,0.708546494207099,0.0962424949593938,0.923327981341689
0,"",164858.494210226,0,0.491583627581432,0.817033468195556,0.880134483765316,3.36474750978543e-05,0.00108948078094323,0.000457910811859038,-0.0861599884697536,0.240289894993315,49.9178182574383,-0.358566840574593,0.721431231040146,0.0914346437408714,0.13293585521043,14059.5102576442,0.687810249508199,0.491583627581432,-0.0788994945458956,0.339214986887112,49.6027085680833,-0.232594365213447,0.817033468195556,-0.0523679522719135,0.345504160211362,50.1469831087475,-0.151569672098528,0.880134483765316,-0.177594632210625,0.274713418185748,-0.646472361574067,0.517973490731539,0.0052746552711178,0.274508448579557,0.0192149105006112,0.984669662939566,-0.182869287481743,0.265871710420859,-0.687810249508199,0.491572280836672,-0.0265315422739821,0.484174954977492,-0.054797428080962,0.956299849419846,-0.131267446817809,0.484204994890499,-0.271098911004614,0.786314959119095,0.104735904543827,0.691008320422725,0.151569672098528,0.879526355150082
0,"",164892.822869952,0,0.582893912267445,0.802184683985394,0.842371563850714,2.17832492262253e-05,0.00127984230995328,0.00079496299994668,-0.0800452178540348,0.245022818936491,49.9744302505844,-0.326684747981706,0.745270662463305,0.07302844948728,0.132978359531853,13844.9087288664,0.549175442864348,0.582893912267445,-0.0858385989144184,0.340805862608489,49.503793333922,-0.251869490323375,0.802184683985394,-0.0671169841928919,0.335764794935844,50.2229536296596,-0.199892857158286,0.842371563850714,-0.153073667341315,0.278883032526353,-0.548881249442273,0.583086946799345,-0.00701676836675484,0.278681011150095,-0.0251784947162247,0.979912590248408,-0.14605689897456,0.265956719063706,-0.549175442864348,0.582885055378639,-0.0187216147215265,0.478409096125822,-0.0391330659745706,0.968784298316498,-0.15295558310731,0.478432862330051,-0.319701247866608,0.74919481373241,0.134233968385784,0.671529589871688,0.199892857158286,0.84156437687037
0,"",164935.320411749,0,0.70936228145132,0.895684806070453,0.84402046698992,1.00327080716514e-05,0.000350025254571146,0.000778039340667673,-0.0320939710169009,0.242433311404052,49.9969904718775,-0.132382678069399,0.895212964007097,0.0496188339834699,0.133126167572458,13846.6181760606,0.372720366613599,0.70936228145132,-0.0443379988655869,0.336433321414132,49.6024066892231,-0.131788369473097,0.895684806070453,-0.0673587888699373,0.340585600581527,50.2338410806204,-0.197773448891928,0.84402046698992,-0.0817128050003708,0.276681887102274,-0.295331240711707,0.767740853616488,0.017524862966569,0.27647804124605,0.063386093476309,0.949459060780591,-0.0992376679669397,0.266252335144916,-0.372720366613599,0.709356576626738,0.0230207900043504,0.478722074340585,0.0480880060441339,0.961646104938162,-0.111696787735524,0.478745274338553,-0.233311520181264,0.815519513618956,0.134717577739875,0.681171201163055,0.197773448891928,0.843222320548385
0,"",164938.344868394,0,0.947837003688519,0.800269630470672,0.831950502082399,3.13992469049415e-07,0.00129950956140675,0.000905123625027975,-0.0430692562723229,0.236418721529179,50.1069688441521,-0.182173628187086,0.856181494889948,0.00870617076483048,0.133072094064679,13632.0450305735,0.0654244665346508,0.947837003688519,-0.0830195877343419,0.326391414947129,49.7209564908165,-0.254355917259006,0.800269630470672,-0.0732160901087762,0.343241686791293,50.2240628476189,-0.213307686467859,0.831950502082399,-0.0517754270371534,0.27140025463489,-0.190771475534561,0.848704637452737,-0.0343630855074924,0.27119345493691,-0.12671060042908,0.89916945554078,-0.017412341529661,0.266144188129358,-0.0654244665346508,0.9478360443304,-0.00980349762556573,0.473644083939734,-0.020698026129707,0.983486543604021,-0.156235677843118,0.473659903679773,-0.329847801406353,0.741514966469596,0.146432180217552,0.686483373582585,0.213307686467859,0.831086978583693
0,"",164960.463277457,0,0.945375538931079,0.77191640051063,0.895358628610066,3.53213454766923e-07,0.00170713651725208,0.00034820388054454,-0.0493898204455877,0.231629622185029,50.1232772904892,-0.213227565540536,0.832014385138909,-0.00911553783477326,0.133041553154831,13290.8449451945,-0.068516471873752,0.945375538931079,-0.0931297002323606,0.319532879348748,49.6746731649913,-0.291455766374252,0.77191640051063,-0.0447179623076906,0.338272127985781,50.1703030123746,-0.132195231614147,0.895358628610066,-0.0402742826108145,0.267223028260713,-0.15071411649269,0.880201237089309,-0.058505358280361,0.267014094470745,-0.21910962564102,0.826564652776058,0.0182310756695465,0.266083106309662,0.068516471873752,0.945374508229358,-0.04841173792467,0.465324963817837,-0.10403855732877,0.917138750259569,-0.137847662540051,0.465329200847947,-0.296236862610079,0.767049199221409,0.0894359246153813,0.676544255971563,0.132195231614147,0.894829872642673
0,"",164986.607660053,0,0.659237424478713,0.820893381494398,0.995739766226695,1.48135525122574e-05,0.00105081244667143,5.73328385814626e-07,-0.0250972604964147,0.234210763454385,50.1074081399077,-0.107156734072568,0.915092539236785,-0.0586841739930456,0.133077844263234,13126.9799864821,-0.440976289614113,0.659237424478713,-0.0737671079147909,0.324097323005113,49.2484783040694,-0.227607890218912,0.820893381494398,-0.00175879748047927,0.327762068118945,50.2239184994861,-0.00536608000606404,0.995739766226695,0.0335869134966308,0.269481383586549,0.124635375734012,0.900812220963953,-0.0837814344894603,0.269274158811332,-0.311138041835504,0.755695682185713,0.117368347986091,0.266155688526467,0.440976289614113,0.65923016223545,-0.0720083104343116,0.460941852483216,-0.156219944113089,0.875859656608266,-0.0755259053952702,0.460941107716288,-0.163851529253834,0.869848025329764,0.00351759496095854,0.655524136237891,0.00536608000606404,0.995718508158599
0,"",164962.131767222,0,0.558439132586636,0.768729795180564,0.842676287592989,2.52076939252972e-05,0.00176827437470921,0.000790930477122622,-0.0471663188927476,0.245728898179793,50.1322572805554,-0.191944534168046,0.848561027769871,-0.0779080597731169,0.133136126719305,13584.0376583457,-0.58517595255999,0.558439132586636,-0.0995764985001346,0.336793197875179,49.3479133366074,-0.295660658019106,0.768729795180564,0.0661294014851669,0.331475758238627,50.2809755668766,0.199499962943175,0.842676287592989,0.0307417408803693,0.279578732234197,0.109957365621852,0.912443187123294,-0.125074378665865,0.279377113878835,-0.447690137997878,0.654376840066409,0.155816119546234,0.26627225343861,0.58517595255999,0.558429412585688,-0.165705899985302,0.472544520691514,-0.35066727626597,0.72583797820382,-0.0334470970149676,0.47256041818391,-0.0707784565273319,0.943574078015961,-0.132258802970334,0.662951516477254,-0.199499962943175,0.841871672336757
0,"",165055.110756445,0,0.921108370820181,0.854185734538576,0.595207878441634,7.23723185426931e-07,0.000688478443261251,0.00563949405349254,-0.0534643366152439,0.247732962171851,50.1375184568638,-0.215814383950069,0.830008038526291,-0.0132163283167447,0.133445019762521,13553.2701970019,-0.0990395021130393,0.921108370820181,-0.0631418420320026,0.341784092800014,49.5383287039695,-0.184741898064134,0.854185734538576,0.174793938811,0.32690085170998,50.410889097003,0.534700163357402,0.595207878441634,-0.0402480082984992,0.281488569172224,-0.142982744972049,0.886303808681417,-0.0666806649319886,0.281287349728161,-0.237055327928645,0.812613867789943,0.0264326566334895,0.266890039525042,0.0990395021130393,0.921106906117112,-0.237935780843003,0.47294137787085,-0.503097829828665,0.614895492429263,0.111652096778998,0.472956149106131,0.236072830409365,0.813376156330716,-0.349587877622001,0.653801703419961,-0.534700163357402,0.592857208519405
0,"",165086.046462299,0,0.586917702370179,0.864107861312021,0.424299316966899,2.16831448505437e-05,0.000597860695499442,0.0127040502278018,-0.0278880936165833,0.244065780896758,50.022706280473,-0.114264660593204,0.909485399950443,0.0725744096327542,0.133575564687144,13613.8605495584,0.543321001881859,0.586917702370179,-0.059567778379992,0.346243764105462,49.4765213358067,-0.172040003475264,0.864107861312021,0.26212608068136,0.325410477076904,50.4269333626611,0.805524404241636,0.424299316966899,-0.100462503249338,0.278329301260377,-0.360948354321326,0.71813805524276,0.0446863160161709,0.278125643967575,0.160669528270398,0.872353690499135,-0.145148819265508,0.267151129374288,-0.543321001881859,0.586908806573986,-0.321693859061352,0.475151585934434,-0.677034168850995,0.498384275302116,0.202558302301368,0.475167776612289,0.426287960319002,0.669898029793053,-0.52425216136272,0.650820954153809,-0.805524404241636,0.420517129386677
0,"",165137.574463077,0,0.61893058603851,0.671663023249514,0.428522468469162,1.83689486567969e-05,0.00366549607639013,0.0124911158318319,-0.00783066082817951,0.240802117324976,50.0521832232269,-0.0325190696625462,0.974187442122751,0.0665048733590976,0.133710907479432,13467.3141541545,0.497378071937232,0.61893058603851,-0.148022426851455,0.347138949147022,49.4220508533053,-0.4264068529768,0.671663023249514,0.255850818436175,0.32054889438237,50.3645352074615,0.798164719704136,0.428522468469162,-0.0743355341872771,0.275537463489247,-0.269783764595692,0.787326613831104,0.0586742125309181,0.275331870999784,0.213103598642106,0.831246157804494,-0.133009746718195,0.267421814958864,-0.497378071937232,0.618922465921699,-0.40387324528763,0.472495256549305,-0.854766772130517,0.392680276735716,0.10782839158472,0.472506423181445,0.228205133929605,0.819486770439108,-0.51170163687235,0.64109778876474,-0.798164719704136,0.424774907952435
0,"",165185.602844956,0,0.996500242583825,0.59642464074082,0.383245992802561,1.42878487270476e-09,0.00569596669775393,0.0152094229186911,-0.000357413169481621,0.251968692391729,50.0523824752018,-0.00141848245545506,0.998873853669838,0.000587228132102739,0.133875010087794,13466.2858408374,0.00438639094568613,0.996500242583825,-0.186736713167964,0.350360187463021,49.5885809170528,-0.532984967613288,0.59642464074082,0.281126812547945,0.319587556982702,50.1021037000651,0.879655062925875,0.383245992802561,-0.000944641301584361,0.2854256086999,-0.00330958846295243,0.997359335283499,0.000229814962621118,0.285225704384267,0.000805730195731246,0.999357120386213,-0.00117445626420548,0.267750020175588,-0.00438639094568613,0.996500177609807,-0.467863525715909,0.474217535529023,-0.986601065255788,0.323838247810871,0.0943900993799809,0.474230602208851,0.19903839807118,0.842232708145804,-0.56225362509589,0.639175113965403,-0.879655062925875,0.37904619996491
0,"",165263.296411654,0,0.980371955110956,0.720444451764106,0.297350310695992,4.40157009422904e-08,0.00260774087126708,0.0217326805079784,-0.0287108611065837,0.257235690777979,49.9168643303714,-0.111613054237346,0.911577825304692,-0.00330280994509433,0.134244002546572,13752.1227796784,-0.0246030353866164,0.980371955110956,-0.12806609160904,0.355828475298835,49.5437039055492,-0.359909620784244,0.720444451764106,0.344059425646082,0.32670064222449,49.9242091151859,1.05313360666633,0.297350310695992,-0.0254080511614894,0.290257201507515,-0.0875363333950959,0.930245206388136,-0.0320136710516781,0.290058722731314,-0.110369620159063,0.912116245507453,0.00660561989018866,0.268488005093144,0.0246030353866164,0.980371598145302,-0.472125517255122,0.483048662908812,-0.977387069890819,0.328377561860299,0.215993334037043,0.483071854063952,0.447124650753195,0.654785061471972,-0.688118851292165,0.65340128444898,-1.05313360666633,0.292279762281228
0,"",165328.126065966,0,0.635307429536118,0.697117806329928,0.292768335701711,1.5935401539279e-05,0.00308983176312901,0.0221020614021079,-0.00245498847784255,0.259333688720036,49.9137251693446,-0.0094665235741618,0.992484655634814,0.0638323891788942,0.134587921208777,14115.6245167024,0.474280222219017,0.635307429536118,-0.140431725019246,0.358711831124251,49.4493117962855,-0.391488969235039,0.697117806329928,0.359544775177473,0.338151750917595,50.0199706621444,1.06326456746661,0.292768335701711,-0.0662873776567368,0.292277191546161,-0.226796272764472,0.820582162096888,0.0613774007010517,0.292078387736527,0.210140165373749,0.833558277848247,-0.127664778357788,0.269175842417554,-0.474280222219017,0.635300093181945,-0.499976500196719,0.492954277051189,-1.0142451814954,0.310465774388969,0.219113050158227,0.492988488315129,0.444458755836436,0.656710941640462,-0.719089550354947,0.67630350183519,-1.06326456746661,0.287661988763089
0,"",165365.267048813,0,0.625116344204366,0.584382602473457,0.289475703336089,1.69167358595139e-05,0.00608704741832305,0.0223126600541397,-0.025412701058822,0.267471568541493,49.908266057852,-0.0950108499284464,0.924686661585503,0.0658227190137086,0.134710692861849,14113.1377873254,0.488622822846086,0.625116344204366,-0.201968411526117,0.366813474765881,49.5014594087437,-0.550602487149699,0.584382602473457,0.355748454818567,0.332294436392712,50.2213690716437,1.07058203766655,0.289475703336089,-0.0912354200725306,0.299576980708684,-0.304547498465011,0.760710811579351,0.0404100179548866,0.299382120588723,0.134978060397935,0.892629220834507,-0.131645438027417,0.269421385723697,-0.488622822846086,0.625108752040192,-0.557716866344684,0.494928694724418,-1.1268630659114,0.25980038119485,0.153780043292449,0.49496365785088,0.310689564482691,0.756036631261448,-0.711496909637134,0.664588872785425,-1.07058203766655,0.284357403570682
0,"",165396.775722152,0,0.640659710693313,0.744071165399891,0.277840916691495,1.52065484912103e-05,0.00216996765468866,0.0234036539342533,-0.0676597715477456,0.272773802361063,49.8848958986525,-0.248043510638116,0.805118964506681,0.0629649577108051,0.134890262614659,14328.4554030801,0.466786530697752,0.640659710693313,-0.120912576906182,0.36830388207039,49.5602709109039,-0.328295689490107,0.744071165399891,0.372837046249401,0.339846404621449,50.2231774227342,1.09707515271406,0.277840916691495,-0.130624729258551,0.304400471093743,-0.429121311110992,0.667834944075803,-0.00469481383694051,0.304207517335511,-0.0154329316976168,0.987686790856366,-0.12592991542161,0.269780525229317,-0.466786530697752,0.64065261347341,-0.493749623155583,0.501121040971708,-0.985290145067883,0.324481572064954,0.251924469343219,0.501163006276324,0.502679699395683,0.615189484710178,-0.745674092498803,0.679692809242899,-1.09707515271406,0.272608541002776
0,"",165448.605425035,0,0.385409980144173,0.79366312146605,0.338501258332369,5.17669493584666e-05,0.00138889859524678,0.0183298903565649,-0.0585679555693322,0.265568488391644,49.789030341137,-0.22053804622693,0.826353999278027,0.117312623277568,0.13515317152927,14553.3158388652,0.867997561212699,0.385409980144173,-0.0952039054473433,0.362038234621221,49.7194714012688,-0.262966439295975,0.79366312146605,0.343165548228799,0.355102257947562,50.0156819192555,0.966385148357672,0.338501258332369,-0.1758805788469,0.298080383877721,-0.590044123530954,0.555161068312016,0.0587446677082359,0.297882675477101,0.197207399235783,0.843665240566083,-0.234625246555136,0.27030634305854,-0.867997561212699,0.385395667733532,-0.438369453676142,0.507094760958407,-0.864472456484516,0.387328404705974,0.247961642781456,0.507142482210622,0.488938812028914,0.624885016824045,-0.686331096457598,0.710204515895124,-0.966385148357672,0.333851492860683
0,"",165579.09638074,0,0.357714140610817,0.816886032997914,0.477655654685423,5.76101288029333e-05,0.00108729857273576,0.0101364035808437,-0.0807059752112632,0.265849571998818,49.7813937326762,-0.303577600687738,0.762714917681992,0.124775509133609,0.13566118045273,14683.2992888764,0.91975839158414,0.357714140610817,-0.084315625565257,0.362210361023111,49.7820884562358,-0.232780821970681,0.816886032997914,0.26007116992962,0.363503767147365,49.9871124211024,0.715456601648332,0.477655654685423,-0.205481484344872,0.298562175565738,-0.688236826903844,0.491303656397766,0.0440695339223459,0.298363082416406,0.147704379393832,0.882576075294078,-0.249551018267218,0.271322360905461,-0.91975839158414,0.357699031199507,-0.344386795494877,0.513132336815645,-0.671146156237287,0.502127425700274,0.175755544364363,0.513184054350631,0.342480525017012,0.73198929764529,-0.52014233985924,0.72700753429473,-0.715456601648332,0.47432694818592
0,"",165650.873572446,0,0.374537408523949,0.890765581282985,0.549749540076642,5.4458587873492e-05,0.000383545347474812,0.0071789571010738,-0.0883973167062903,0.259121640246654,49.7604630011002,-0.341142162507718,0.734432872948337,0.120639589841245,0.135850248081603,14480.0081003819,0.888033636631847,0.374537408523949,-0.049673276145072,0.359842333166708,49.6635520564304,-0.13804177987602,0.890765581282985,0.215166506654284,0.357296702720072,50.1534642497721,0.602206807441093,0.549749540076642,-0.209036906547535,0.292674957377876,-0.714228878412869,0.475085662455555,0.0322422731349542,0.292472217517762,0.110240464576763,0.912218671732877,-0.241279179682489,0.271700496163206,-0.888033636631847,0.374522658089062,-0.264839782799356,0.50707464183759,-0.522289542698491,0.601468749069736,0.165493230509212,0.507119497389196,0.326339711569405,0.744167345850145,-0.430333013308568,0.714593405440145,-0.602206807441093,0.547036484878769
0,"",165642.427788969,0,0.65304171314604,0.86506241435148,0.590823113123464,1.39717891405609e-05,0.000588286373936828,0.00579445061443289,-0.0430148739549568,0.252301095562476,49.7797713507156,-0.170490238494843,0.865315672949163,0.0610566605850415,0.135817297540256,14464.3137873177,0.449549959326385,0.65304171314604,-0.0608345700479625,0.356137282633803,49.5703118075126,-0.170817752070387,0.86506241435148,0.194587345400428,0.359607607222995,50.238349539683,0.541110203154751,0.590823113123464,-0.104071534539998,0.28663793536447,-0.363076626293962,0.716547644467968,0.0180417866300847,0.286431590918883,0.062988117240162,0.949775966600282,-0.122113321170083,0.271634595080511,-0.449549959326385,0.653034977020146,-0.255421915448391,0.506092317572936,-0.504694314810618,0.613773554741793,0.133752775352466,0.506135709669382,0.264262672633464,0.791577521070054,-0.389174690800857,0.719215214445989,-0.541110203154751,0.58843162597985
0,"",165777.198372318,0,0.732080230151851,0.7358461662747,0.72499999575951,8.00869757053726e-06,0.00231274636140461,0.00248492416541673,-0.0611460018788046,0.256900188136083,49.7974661189403,-0.238014624755412,0.812846408527176,0.0466837401944481,0.136356155418528,14635.7984241852,0.34236621039335,0.732080230151851,-0.120777223589,0.356004036234605,49.6508465252475,-0.339258017595643,0.7358461662747,0.131353384300581,0.371307666137729,50.2366915615624,0.353758880517858,0.72499999575951,-0.107829742073253,0.290947589031354,-0.370615692098526,0.710923792563866,-0.0144622616843564,0.290742009359837,-0.0497425938418731,0.960327513475311,-0.0933674803888962,0.272712310837056,-0.34236621039335,0.732075313898497,-0.252130607889581,0.514376196639974,-0.490167720700447,0.624015220394874,0.0105761607115818,0.514425545464209,0.0205591670258872,0.98359731356802,-0.262706768601163,0.742615332275458,-0.353758880517858,0.723519591856413
0,"",165838.552011665,0,0.355396785524778,0.780146629793816,0.785886818420092,5.87421984137525e-05,0.00158349550036933,0.00148033205326938,-0.138823666688318,0.255415445500825,49.6835057190425,-0.543521032630229,0.589201706587184,0.126197092988888,0.136547172600505,14539.7711131173,0.924201435925012,0.355396785524778,-0.0982536306921461,0.350096155329919,49.6612274985336,-0.280647556953475,0.780146629793816,0.10249576675456,0.37529152370009,50.312028403649,0.273109730121346,0.785886818420092,-0.265020759677206,0.289727562452688,-0.914724016706156,0.36033653286337,-0.0126265736994308,0.289520810731074,-0.0436119727198442,0.965213707928803,-0.252394185977775,0.273094345201011,-0.924201435925012,0.355381448164968,-0.200749397446706,0.51321254373852,-0.391162296978047,0.695677275148508,0.00424213606241408,0.513259170814599,0.00826509549879322,0.993405482988596,-0.20499153350912,0.75058304740018,-0.273109730121346,0.784768867407077
0,"",165959.251727221,0,0.217861522583828,0.760492021756954,0.965524010745913,0.000108355460505372,0.00189008608274273,3.75327594288597e-05,-0.164466291252849,0.257992403632586,49.413204889384,-0.637485014818767,0.526751933960152,0.168591629469849,0.136811672746236,14012.8943519455,1.232289804559,0.217861522583828,-0.10284836212066,0.335536408611615,49.6149138056584,-0.306519231538021,0.760492021756954,0.0161929512739729,0.372778165647222,50.271782973325,0.0434385722293002,0.965524010745913,-0.333057920722697,0.292125720074425,-1.14011844160057,0.254236959840774,0.00412533821700004,0.291920523318391,0.0141317169827783,0.988724896486278,-0.337183258939697,0.273623345492471,-1.232289804559,0.217840846945819,-0.119041313394632,0.501529819537934,-0.237356401867205,0.812380309610106,-0.0866554108466867,0.501561885203436,-0.172771124367911,0.862831335099416,-0.0323859025479458,0.745556331294444,-0.0434385722293002,0.965351930513
0,"",165984.621159654,0,0.392312911348276,0.483028761581573,0.765556539255457,5.37714052171664e-05,0.00992345989971889,0.00178735835757175,-0.135813262746595,0.273354132505891,49.4797898141646,-0.496839983729414,0.621502297498993,0.117000186164542,0.136769118672005,13608.8763914821,0.855457630352417,0.392312911348276,-0.228936489314446,0.323939756956502,49.8318699412103,-0.706725508055461,0.483028761581573,-0.112014907905787,0.373613981799352,50.2015170621578,-0.299814550211197,0.765556539255457,-0.252813448911136,0.305758649597969,-0.826839892325375,0.408327815876241,-0.0188130765820534,0.305562097382442,-0.0615687506507294,0.950906263080731,-0.234000372329083,0.273538237344009,-0.855457630352417,0.392297850866611,-0.116921581408659,0.494482768192055,-0.236452286974836,0.813081727067427,-0.340951397220233,0.494505347824602,-0.689479696670878,0.49052144575061,0.224029815811574,0.747227963598704,0.299814550211197,0.764318616135979
0,"",165913.138805852,0,0.681790599309788,0.412111766972663,0.860632248202961,1.22367313634752e-05,0.0135346966250352,0.000620210054959914,-0.0930982225703563,0.278092014491181,49.5784094647623,-0.334774886437125,0.739207166389567,0.0559893258838336,0.136549460504323,13739.1466640613,0.410029638176865,0.681790599309788,-0.270715143323849,0.327299758328276,49.8616929334624,-0.827116844529798,0.412111766972663,-0.0657913774997113,0.372811652069578,50.182323249464,-0.176473501121775,0.860632248202961,-0.14908754845419,0.309904746792378,-0.481075394931178,0.630462914746598,-0.0371088966865228,0.309710986713616,-0.119817824612198,0.904627461667821,-0.111978651767667,0.273098921008646,-0.410029638176865,0.681784206197181,-0.204923765824137,0.496085033882211,-0.4130819352087,0.679546584242667,-0.33650652082356,0.496111840817448,-0.67828762213999,0.497589345254985,0.131582754999423,0.745623304139156,0.176473501121775,0.859921965000501
0,"",165966.522896361,0,0.455617463317224,0.408695644552576,0.996981358420466,4.10987920367429e-05,0.0137682096675579,2.88272628880572e-07,-0.0545550676175921,0.275046307349979,49.6708112184434,-0.198348664060318,0.843581881098088,0.101974372157472,0.136675790900022,13544.1570845183,0.746104130702023,0.455617463317224,-0.270359231910914,0.324468979237363,49.7321883068772,-0.833235992378594,0.408695644552576,0.00140132276424225,0.36855371134221,50.1500352422473,0.00380222128041763,0.996981358420466,-0.156529439775064,0.307230738983717,-0.509484956788,0.6104123400819,0.0474193045398801,0.307035436120215,0.154442448529992,0.877260886053484,-0.203948744314944,0.273351581800044,-0.746104130702023,0.455604514251441,-0.271760554675156,0.491021421236509,-0.553459671862784,0.579948688105345,-0.268957909146671,0.491041624661073,-0.547729348468801,0.583877757114603,-0.0028026455284845,0.737107422684421,-0.00380222128041763,0.996966273653307
0,"",166051.578566739,0,0.267436560857856,0.369108376046994,0.95500907351419,9.09306955760068e-05,0.0162433878367109,6.4095836427071e-05,0.0309681142093808,0.274690677585948,49.8544012767551,0.112738133239673,0.910690904794101,0.151902277973144,0.136968478156562,13525.0010328308,1.10903092461546,0.267436560857856,-0.295498612890661,0.326023956198324,49.7534175172074,-0.906370857946727,0.369108376046994,-0.0207716540083504,0.366339970505493,50.1551912829859,-0.0567004850158411,0.95500907351419,-0.120934163763763,0.307043203352522,-0.393866929615493,0.693679287250683,0.182870392182525,0.306847088950386,0.595965869541272,0.551198027641677,-0.303804555946288,0.273936956313124,-1.10903092461546,0.267416841498076,-0.274726958882311,0.490395054626668,-0.560215598200633,0.575332388859618,-0.316270266899012,0.490413986758179,-0.644904663077978,0.518988969686447,0.0415433080167007,0.732679941010985,0.0567004850158411,0.954783787652234
0,"",166125.53784887,0,0.179661353924158,0.397424495340716,0.939290501479694,0.00013175713067793,0.0144708745713226,0.000116393159512294,0.05592347326597,0.278498126312846,49.8323310437122,0.200803768435948,0.841669357499318,0.184190788873074,0.137264543136892,13664.3105709374,1.34186720520668,0.179661353924158,-0.28834602920582,0.337797121719707,49.6238831065488,-0.853607122931854,0.397424495340716,-0.0273013942369971,0.356680090742162,50.3308084611947,-0.0765430842528658,0.939290501479694,-0.128267315607104,0.310585384792036,-0.412985677651864,0.679617107155876,0.240114262139044,0.310390465508002,0.773587750983459,0.439174617959903,-0.368381577746148,0.274529086273785,-1.34186720520668,0.179639056789867,-0.261044634968823,0.491239826924857,-0.531399574425699,0.595141916362931,-0.315647423442818,0.491262249303513,-0.642523263064334,0.520533489762352,0.0546027884739943,0.713360181484324,0.0765430842528658,0.938987038215346
0,"",166197.156243149,0,0.144421020909926,0.455315354625921,0.909843692171976,0.000152702368983406,0.0112935841368558,0.000257269234399255,0.0537832451761934,0.2733121924582,49.7897545290767,0.196783190286759,0.844798276051933,0.200877456709185,0.137624477712571,13949.509506977,1.45960558795884,0.144421020909926,-0.257739131710734,0.342515315684188,49.5719828894654,-0.752489362981887,0.455315354625921,0.0415200947888338,0.364829568471176,50.3311686562518,0.11380682482186,0.909843692171976,-0.147094211532991,0.306106050512133,-0.480533499050065,0.630848089086053,0.254660701885378,0.305907156934577,0.832477096767767,0.405139700655533,-0.401754913418369,0.275248955425141,-1.45960558795884,0.144398502620349,-0.299259226499568,0.500401708397812,-0.598037979242192,0.549814591792306,-0.216219036921901,0.500432654061221,-0.432064205177645,0.66569474946334,-0.0830401895776676,0.729659136942352,-0.11380682482186,0.909390928322503
0,"",166183.338322867,0,0.557024957274566,0.611014901926682,0.817643657403166,2.41464458810879e-05,0.00526599001103755,0.00106795867929373,0.0776369033582704,0.259897117436717,49.9661677755089,0.298721679270546,0.766391281423565,0.080866414650634,0.137696525174909,14283.2393000263,0.587279995249797,0.557024957274566,-0.178071196486695,0.347880177742482,49.4942699578058,-0.511875087687556,0.611014901926682,0.0864081971433983,0.372789163109425,50.2533275172386,0.231788382534164,0.817643657403166,-0.00322951129236358,0.294223809961058,-0.0109763764285121,0.991242294570433,0.158503318008904,0.294017072712312,0.539095626477432,0.589820873205153,-0.161732829301268,0.275393050349818,-0.587279995249797,0.557015674258057,-0.264479393630094,0.509874676295833,-0.518714511478583,0.603959840619812,-0.0916629993432971,0.509914277960671,-0.179761586025577,0.857339742194591,-0.172816394286797,0.74557832621885,-0.231788382534164,0.816702380751546
