convergence_false,convergence_false_message,bic,singular,p_anova_condition,p_anova_pe,p_anova_interaction,effectsize_condition,effectsize_pe,effectsize_interaction,coef_intercept,se_intercept,df_intercept,t_intercept,p_intercept,coef_condition,se_condition,df_condition,t_condition,p_condition,coef_pe,se_pe,df_pe,t_pe,p_pe,coef_interaction,se_interaction,df_interaction,t_interaction,p_interaction,emmean_amc,emmean_se_amc,emmean_z_ratio_amc,emmean_p_amc,emmean_avc,emmean_se_avc,emmean_z_ratio_avc,emmean_p_avc,emmean_diff,emmean_se_diff,emmean_z_ratio_diff,emmean_p_diff,coef_amc,se_amc,z_ratio_amc,p_amc,coef_avc,se_avc,z_ratio_avc,p_avc,coeff_diff,se_diff,z_diff,p_diff
0,"",626177.459017508,1,0.0135703195226948,0.545104498490144,0.95307772497854,0.0000708893924264419,0.00779909967165946,0.0000725856971359663,0.0858876353538117,0.0876214794653754,50.0774865844103,0.980212110978464,0.331693415119165,0.0790937219989133,0.0320413187633935,85951.0564174699,2.46849146824993,0.0135703195226948,-0.472372107258003,0.77500087434901,47.2627787689283,-0.609511708815541,0.545104498490144,0.0459097943062573,0.776167338076467,48.1967096665697,0.0591493509892249,0.95307772497854,0.014537027994621,0.0939415276730585,0.15474549280499,0.877021963868596,0.171352690344945,0.0939546997175768,1.8237798732796,0.0681853578361335,-0.156815662350324,0.0659696562743644,-2.3770877583193,0.0174499359762423,-0.518281901564261,1.0917457935265,-0.474727637731613,0.634981116063139,-0.426462312951746,1.10191438242455,-0.387019463357397,0.698741798938848,-0.0918195886125147,1.55233467615293,-0.0591493509892249,0.952833151015533
0,"",626020.871168523,1,0.032402300484467,0.575324252518988,0.966009323441243,0.0000532514788937256,0.00654687800941188,0.0000376531272931166,0.0911516271603855,0.0873191666966054,50.225873817858,1.04389025466879,0.301534599768096,0.0684880355392321,0.0320120287388491,85950.4632365639,2.13944689660098,0.032402300484467,-0.443603112138888,0.786446435955489,48.2796376197302,-0.564060172260726,0.575324252518988,-0.0335920776692014,0.784248073578605,48.7247259405883,-0.0428334844559034,0.966009323441243,0.0287891430515006,0.0936869954215039,0.307290706911631,0.758622108544782,0.166768943210969,0.0937008468215668,1.77980187872309,0.075108390061621,-0.137979800159468,0.0660021436741144,-2.09053513232455,0.0365697558843137,-0.410011034469686,1.10551495444745,-0.370877872633223,0.710728496753225,-0.477195189808089,1.11576106786836,-0.427685822305812,0.66887987333781,0.0671841553384028,1.56849614715721,0.0428334844559034,0.965834271738913
0,"",625898.821710468,1,0.17292533670434,0.456218083324408,0.812373448082404,0.0000216098992001256,0.0115873010769729,0.00114818082824777,0.0757589626170581,0.0857175955954132,50.1763105584075,0.883820434892273,0.381008488205944,0.0435975828732447,0.0319894109090526,85950.8572168097,1.36287545266759,0.17292533670434,-0.591382192889689,0.7872997557693,48.1296028690903,-0.751152516631772,0.456218083324408,-0.189210825787507,0.792889802013603,49.5401220355084,-0.238634455011266,0.812373448082404,0.0381698068003775,0.0922073322661586,0.413956307619869,0.678906105473379,0.131018579631071,0.0922217635654671,1.42069045923268,0.155406767383209,-0.0928487728306935,0.0660535259843119,-1.40565959874338,0.159825229311256,-0.402171367102182,1.11221775141391,-0.361594091256789,0.717655380805114,-0.780593018677196,1.12249808934489,-0.695406990966698,0.486800280613399,0.378421651575014,1.58577960402721,0.238634455011266,0.811389045617453
0,"",625982.627378441,0,0.267304335842092,0.582659011411646,0.721394776321903,0.0000143180046228656,0.00635317560361091,0.00256185786811212,0.0713605767990257,0.0859544153652829,45.1633139823864,0.830214207097595,0.410784897702786,0.0355030433997325,0.0320049369463572,85942.6020009176,1.1092989640704,0.267304335842092,-0.436610223545962,0.789157114551013,47.8742560914502,-0.553261467831243,0.582659011411646,-0.285129039189695,0.795095689914023,50.0697061999967,-0.358609715543204,0.721394776321903,0.0381206573337609,0.0924398352907651,0.412383440687169,0.680058398525356,0.117646381152756,0.0924543452151249,1.27248082152347,0.203202334010667,-0.0795257238189955,0.0661051117849576,-1.20301927750604,0.228968860730047,-0.151481184356268,1.11508322462218,-0.135847424668767,0.891941899078195,-0.721739262735658,1.12538065440049,-0.641329011577992,0.521308943965592,0.57025807837939,1.59019137982805,0.358609715543204,0.719887077660358
0,"",625866.242376689,1,0.531257197899749,0.811346475443857,0.807247094309637,0.00000456069279111509,0.00121322367830409,0.00118267826722613,0.0791192432722703,0.0866049464269029,50.1597336586217,0.913564946767206,0.365316017193369,0.0200243202138994,0.0319831044975848,85949.1387654033,0.626090572771369,0.531257197899749,-0.191778023741962,0.798997050019612,47.4284828031214,-0.240023444063098,0.811346475443857,-0.196173580268998,0.799875936172921,50.7990069610841,-0.245255009430097,0.807247094309637,0.0590292535877768,0.0930662344872412,0.634271429514744,0.525903698638759,0.104939547747736,0.0930810785526853,1.12739935311706,0.259573672453043,-0.0459102941599592,0.066117338856084,-0.694376013225381,0.487446432386444,0.00439555652703533,1.12538993499506,0.00390580756975993,0.996883624366182,-0.38795160401096,1.13573460483905,-0.341586495963057,0.732662101225684,0.392347160537995,1.59975187234584,0.245255009430097,0.806258985300895
0,"",625637.22493576,1,0.62795752325364,0.819007058827076,0.950294232950694,0.00000273234065156737,0.00111470095465634,0.0000765818363211736,0.0929944528886115,0.0869089827884151,50.2623045194537,1.07002118659025,0.289721461298097,0.0154785343200102,0.031940491343268,85948.9258437017,0.484605391747443,0.62795752325364,-0.183582549240359,0.797854839129762,47.443014270899,-0.230095175509115,0.819007058827076,0.05002490959633,0.798566735047603,51.2378806819501,0.0626433676746478,0.950294232950694,0.0810060063548183,0.0933320602423084,0.867933335495979,0.385430828481294,0.110468333971943,0.0933468018918291,1.18341851818292,0.236643321769452,-0.0294623276171251,0.0660266058970043,-0.446219023632439,0.655439042544376,-0.233607458836689,1.12366393953552,-0.207897976091725,0.835308629493118,-0.133557639644029,1.13399369499228,-0.117776351168282,0.906244868143903,-0.10004981919266,1.59713347009521,-0.0626433676746478,0.950050494800869
0,"",625474.82093593,0,0.934976088485086,0.714323393138716,0.94374503060773,0.0000000774499788068257,0.00280244830447084,0.0000978523702860983,0.129384335537965,0.0882187231322964,45.8689229838368,1.46663124271177,0.149299369869076,0.00260345112710422,0.0319104954298745,85942.9838710811,0.0815860453444065,0.934976088485086,-0.284618602778466,0.772967709034128,48.2444605975445,-0.368215385263784,0.714323393138716,0.0549002618088547,0.774229435993171,51.3801803126225,0.0709095511699699,0.94374503060773,0.131853285131229,0.0944536188245679,1.39595800321981,0.162727142186053,0.13541977115769,0.0944666701421655,1.43351904914075,0.151709559041398,-0.00356648602646162,0.0657132193064589,-0.0542734941934442,0.956717266988811,-0.339518864587321,1.08895352947176,-0.311784530192044,0.755204281550206,-0.229718340969611,1.09909090078416,-0.209007590551168,0.834442313078235,-0.109800523617709,1.54845887198634,-0.0709095511699699,0.943469741778618
0,"",625292.99761589,0,0.392773640543165,0.636485102496609,0.74508470331975,0.00000849799885410089,0.00457763862013074,0.00207982849816379,0.138757686628358,0.0878167554026631,45.8769120882299,1.58008213799425,0.120958958840401,-0.0272418401927176,0.0318766222535023,85942.4897630398,-0.854602472497677,0.392773640543165,-0.366458969221294,0.770565056936505,49.1810704814161,-0.475571745594338,0.636485102496609,-0.259490760295983,0.793825678095742,51.2698193964183,-0.326886327132247,0.74508470331975,0.167597628360054,0.0941001995020299,1.78105497381479,0.0749034704134764,0.120867514899709,0.0941138725908959,1.28426884976998,0.199047902200998,0.0467301134603456,0.0658605056293468,0.709531653512285,0.477994615753448,-0.106968208925311,1.1012013499616,-0.0971377386424753,0.922617011453365,-0.625949729517276,1.11140227424375,-0.56320716991802,0.573293821146395,0.518981520591965,1.58765135619148,0.326886327132247,0.74375386287163
0,"",625400.428682881,0,0.259299741603201,0.678135308603005,0.696437369081209,0.0000148060706643946,0.00347271577523887,0.00299412446899705,0.149092923284204,0.0841300796207659,45.000643499004,1.77217142734528,0.0831364125977397,-0.0359815314293908,0.0318969588486127,85943.7863421262,-1.12805523561553,0.259299741603201,-0.315575562728225,0.755957961679929,50.0070682372308,-0.41745120592015,0.678135308603005,-0.320773739259758,0.817601366721537,51.2557111057479,-0.392335130928186,0.696437369081209,0.184996794126414,0.0906951253049001,2.03976557179329,0.0413736804064992,0.12261842959109,0.0907095916928457,1.35176917129438,0.176449169166063,0.0623783645353237,0.0661558641800131,0.942900003023002,0.345732053371044,0.00519817653153276,1.10841438408435,0.00468974113487972,0.996258141670523,-0.636349301987983,1.1186180860952,-0.568870921986705,0.56944374001761,0.641547478519516,1.63520273344307,0.392335130928186,0.694810609422432
0,"",625800.561654621,0,0.295336084537738,0.753127877618181,0.542895817142802,0.0000127424440491719,0.00200018986121947,0.00731993033382412,0.152218422434225,0.0834064292226911,44.3578884824986,1.82502025147018,0.0747364341428109,-0.0334573647298907,0.0319709177327445,85943.8859169816,-1.04649372312587,0.295336084537738,-0.245308609096368,0.775666686616619,49.9039058071566,-0.316255181934369,0.753127877618181,-0.508694094064826,0.830440852728751,50.8860024278009,-0.612559091226431,0.542895817142802,0.181740816642486,0.0901098341230468,2.0168810475704,0.0437079283430458,0.130025833401917,0.0901254919371992,1.4427198188557,0.149099413958511,0.051714983240569,0.0664308607725353,0.778478295165334,0.436287097370268,0.263385484968457,1.13116862456485,0.232843697437046,0.815882779683286,-0.754002703161194,1.14150741566377,-0.660532461563336,0.508912194106704,1.01738818812965,1.6608817054575,0.612559091226431,0.54016791471733
0,"",626128.111397926,0,0.171195785620888,0.843803018302992,0.441366132684549,0.000021787053170391,0.000796158052351394,0.0118321116579643,0.165219866891939,0.0863119881152237,44.6579124913809,1.91421690659443,0.0620134541538397,-0.0438312448136871,0.0320314147162965,85942.3873563415,-1.36838304526672,0.171195785620888,-0.153600039784294,0.775469659100868,49.2388429469466,-0.198073564815402,0.843803018302992,-0.654335315200289,0.843184445790986,50.2949088057972,-0.776028683245528,0.441366132684549,0.201570143086045,0.0928487549026839,2.17095149307401,0.0299348392804698,0.133459149828206,0.092864196943925,1.4371432071802,0.150677306342691,0.0681109932578385,0.0666818005665219,1.02143302489096,0.307049325460599,0.500735275415995,1.14036473411296,0.439100982726807,0.660588367062633,-0.807935354984583,1.15073658011346,-0.702102782641119,0.482615067121526,1.30867063040058,1.68636889158197,0.776028683245528,0.437732050185288
0,"",626437.699064353,0,0.123079080538034,0.72290478025249,0.43211253156084,0.0000276665163540918,0.00255998617690631,0.0123702716763983,0.168582807215932,0.0870499995591227,45.5062701212739,1.93662042584428,0.0590158522611542,-0.0494809708643444,0.0320889813376041,85940.53829314,-1.54199257195987,0.123079080538034,-0.273679739312908,0.767467822949215,49.5466286804366,-0.356600929875099,0.72290478025249,-0.690672236751336,0.872091368470468,50.0766119280969,-0.791972334232229,0.43211253156084,0.211833923821764,0.0935963144712925,2.26327206384539,0.0236189232862839,0.133509223299061,0.0936119890480209,1.42619791179284,0.153811222247636,0.0783247005227034,0.0671147854697384,1.1670260133368,0.243199864469029,0.416992497438428,1.15650053573661,0.360564033092153,0.718425380496839,-0.964351976064244,1.16687914510764,-0.826436893749854,0.408556302154248,1.38134447350267,1.74418273694094,0.791972334232229,0.428376807887116
0,"",626632.368965444,0,0.204409895639509,0.431772873580867,0.642974813873462,0.000018740531239361,0.012428730042937,0.00430864724809932,0.169298706157527,0.0859079697918147,44.4941797653103,1.97069848778638,0.0549992755645841,-0.0407699614227154,0.032125172770921,85940.8451633486,-1.26909703220708,0.204409895639509,-0.602203467738357,0.759800243687801,49.9148004352221,-0.792581303758834,0.431772873580867,-0.42054631180817,0.901768362182808,50.2598819607557,-0.466357358989842,0.642974813873462,0.212782619542,0.0925950354269757,2.29799166403267,0.0215622635748736,0.143808592954243,0.0926113309784118,1.55281855292378,0.120466489047282,0.0689740265877571,0.0675277816939287,1.02141703544155,0.307056897657177,-0.181657155930187,1.17399839005011,-0.154733735130959,0.877031233490667,-1.02274977954653,1.18435339271839,-0.863551188213395,0.38783448821845,0.841092623616341,1.80353672436562,0.466357358989842,0.64095972809615
0,"",626475.899232186,0,0.134115363358504,0.396292781660467,0.855010526895282,0.0000261122111515989,0.0144959136148823,0.000660388977434402,0.161641363504797,0.0796635975053895,42.884180928168,2.02904925921606,0.0486901763803424,-0.0480835265270683,0.0320967042181493,85944.2358376285,-1.49808298697158,0.134115363358504,-0.625210296241526,0.730686251292752,49.7740762702255,-0.855648091277734,0.396292781660467,-0.168393513822822,0.916893416664603,51.0418369477193,-0.183656585119119,0.855010526895282,0.216549717804052,0.0868039129367436,2.4946999562319,0.0126063676925924,0.12541425191582,0.086820636754953,1.44452121757406,0.148592415784766,0.0911354658882315,0.0676590662420611,1.34698084011653,0.177986403526553,-0.456816782418704,1.16734119942089,-0.391330985872277,0.69555259796872,-0.793603810064348,1.17750006150186,-0.673973476529705,0.500328176473662,0.336787027645644,1.83378683332921,0.183656585119119,0.854282869534631
0,"",626224.5604588,0,0.147716866961628,0.337589881951096,0.933716118937143,0.0000243812938130455,0.018992928805224,0.000135503172078032,0.164882745313029,0.0745559940047356,49.5655216385276,2.21152903283076,0.0316399617640256,-0.0463982724791964,0.0320506152285633,85953.4957525831,-1.44765621964868,0.147716866961628,-0.689642284405404,0.712050623631655,48.451387538138,-0.968529850992951,0.337589881951096,0.0767913973249509,0.91880472872061,51.5430819304196,0.083577494678199,0.933716118937143,0.222731511902614,0.0820947509092989,2.71310296255964,0.00666563920500654,0.127640445020778,0.0821117367957254,1.5544726004069,0.120071727421856,0.0950910668818363,0.0676009866583455,1.40665205616636,0.159530588892083,-0.766433681730355,1.15740587568457,-0.662199577375599,0.507843325030739,-0.612850887080453,1.1674108442181,-0.52496590220637,0.599606894794382,-0.153582794649902,1.83760945744122,-0.083577494678199,0.933392360963814
0,"",626116.903022696,0,0.0295138435929527,0.264266715711778,0.93432212355927,0.000055118953699479,0.0256133804899889,0.000132326923540906,0.172379817278168,0.0757871022954161,41.8733740696318,2.27452709045711,0.0281206664914816,-0.0697168371668322,0.0320302948743665,85946.5751762105,-2.17659055092327,0.0295138435929527,-0.810406890596909,0.717533265442454,48.5273504903089,-1.12943459157561,0.264266715711778,-0.0755257289119252,0.912042172550455,51.8148591065745,-0.0828094699839628,0.93432212355927,0.253075754939008,0.0832015287015524,3.04172001270316,0.00235230587020725,0.115898784439487,0.0832184253062163,1.3927058101979,0.163708770908828,0.137176970499521,0.0674834506187901,2.03274979630821,0.0420778075597756,-0.734881161684984,1.15542706668419,-0.636025572599684,0.524759754309366,-0.885932619508834,1.16547763454633,-0.760145534541889,0.447167597168971,0.15105145782385,1.82408434510091,0.0828094699839628,0.934003039034918
0,"",626099.806231667,0,0.010618472810846,0.418117240286519,0.838649489066034,0.0000759527317084114,0.013466284294462,0.000804160491793854,0.181233689245922,0.0753705068525079,42.0896831230998,2.4045703925088,0.0206685319169644,-0.0818317199512386,0.0320272429534789,85946.4345194863,-2.55506601270996,0.010618472810846,-0.589968285635955,0.722462638226015,48.8529395128145,-0.816607329459422,0.418117240286519,-0.186058968885364,0.909188460118705,52.0356848279459,-0.204642906335472,0.838649489066034,0.269099801164568,0.0828236906831745,3.24906797734908,0.00115783805585725,0.110995791068456,0.0828408130573,1.33986844131626,0.180288119757232,0.158104010096112,0.0674437151340289,2.34423637223894,0.0190660839025073,-0.403909316750591,1.15622610252626,-0.349334196718169,0.726838428344896,-0.776027254521319,1.1663160116915,-0.665366201563034,0.50581629709982,0.372117937770729,1.81837692023741,0.204642906335472,0.837851130342782
0,"",626225.602218461,1,0.395686196789466,0.539846908082651,0.8987276915658,0.00000839275925210135,0.00779312626012233,0.000313055202556621,0.18614200615978,0.0747995097939031,50.0979748316801,2.48854580294258,0.0161951575818764,-0.0272225555838384,0.0320508600599148,85954.773475768,-0.849354916933571,0.395686196789466,-0.442140135860974,0.716114554072652,48.53392325301,-0.617415374881652,0.539846908082651,-0.116310387139605,0.909461049185882,52.2290215951546,-0.127889355177687,0.8987276915658,0.218232447521159,0.0823007592816132,2.65164561573996,0.00801005651412422,0.167262683104717,0.0823176802482591,2.03191686889469,0.04216207249702,0.0509697644164424,0.0674886066612629,0.7552350972701,0.450107933306412,-0.325829748721369,1.15252500921102,-0.282709482325613,0.777399546820562,-0.558450523000579,1.16256828282259,-0.480359331363076,0.630971907095391,0.23262077427921,1.81892209837176,0.127889355177687,0.898236535206409
0,"",626197.536757358,0,0.86138838071045,0.882771833234217,0.980567803661546,0.000000354731420419268,0.000458446901241305,0.0000114138392432453,0.214995008215219,0.0767638524062566,42.4109961520995,2.80073239520865,0.00764764750064104,0.00559538506143758,0.0320454824267987,85946.1680112597,0.174607608864029,0.86138838071045,-0.108374419611266,0.731051219394661,47.9148099011194,-0.148244632846662,0.882771833234217,-0.021836399380679,0.892249056094943,52.4750854862655,-0.0244734351149096,0.980567803661546,0.210692498342588,0.0840756583148124,2.50598689996184,0.0122110143872054,0.222535738649018,0.084092441422927,2.6463227239392,0.00813721435941478,-0.0118432403064299,0.0672738245339197,-0.176045295305881,0.860258357593855,-0.0865380202305867,1.14840151222946,-0.0753551952945317,0.939932106779122,-0.130210818991945,1.158560526546,-0.112390173848008,0.910514046098472,0.0436727987613579,1.78449811218989,0.0244734351149096,0.980474973074101
0,"",626189.91905648,0,0.9170308891906,0.749636512646019,0.972156897899816,0.00000012626761129588,0.00217983157449561,0.0000234387341931039,0.213032334381843,0.0770812277955996,41.8756957868739,2.76373820804661,0.00845666445142416,0.00333817743810248,0.0320440069472259,85947.4866346311,0.104174781999024,0.9170308891906,0.238399087893075,0.742700863161813,47.1640032409891,0.320989377712807,0.749636512646019,-0.0304821823219949,0.86917805111604,52.4723213774929,-0.0350701243351178,0.972156897899816,0.205677079570469,0.084334034336538,2.43883837869902,0.014734556595471,0.213264240058353,0.0843507541902991,2.52830270583259,0.0114615484466385,-0.00758716048788372,0.0670013452673198,-0.113238927630672,0.909841134348386,0.26888127021507,1.13814823059678,0.236244509271067,0.813242943399307,0.20791690557108,1.14837655782229,0.181052899551834,0.856326054229332,0.0609643646439899,1.73835610223208,0.0350701243351178,0.972023824078392
0,"",626521.816292512,0,0.72475587993525,0.526464196426802,0.8506241013,0.00000144249599833187,0.00870917751014104,0.000685646086817698,0.185091840373212,0.0758695513936764,40.8725027319902,2.43960636346453,0.0191308058784848,-0.0113049608601002,0.0321062413585299,85949.6178941011,-0.352111003398306,0.72475587993525,0.475894658151077,0.745647887141715,46.3636928139866,0.63822974135328,0.526464196426802,-0.159537252412567,0.842959413179873,52.2051094899316,-0.189258521724965,0.8506241013,0.186903469294878,0.0831946098539236,2.24658147472595,0.0246667872018598,0.16906051022959,0.0832110122321231,2.03170837242051,0.0421831878313278,0.0178429590652881,0.066813031526066,0.267058067232392,0.789424452846387,0.635431910563643,1.12029642158768,0.567199803836836,0.570578441306819,0.31635740573851,1.13052139100185,0.279833188700799,0.779605487604595,0.319074504825133,1.68591882635975,0.189258521724965,0.849890202638499
0,"",626733.224786537,0,0.946537989153859,0.371628748281449,0.950348026745393,0.0000000523147854522091,0.0174317963850348,0.000076512787377443,0.153234141088561,0.0756795161567887,41.0460226769847,2.02477696568644,0.0494286245822657,-0.0021555327485685,0.0321456911934299,85948.6862518303,-0.0670551065646105,0.946537989153859,0.674190441066563,0.747221136627335,45.8867655463498,0.902263611157462,0.371628748281449,-0.0534894863218241,0.854794177385897,51.173661256622,-0.0625758664915148,0.950348026745393,0.144518159547729,0.0830643878490429,1.73983295717978,0.0818883536270215,0.14180535639917,0.0830811875686005,1.70682871236139,0.0878538940264,0.0027128031485591,0.0670173436754475,0.0404791207735225,0.967711152605398,0.727679927388387,1.13020662193111,0.643846809307355,0.519674776493188,0.620700954744739,1.1404639482132,0.544253025899863,0.586267366959186,0.106978972643648,1.70958835477179,0.0625758664915148,0.950104247495086
0,"",626881.472856339,0,0.82528162563244,0.457807211769522,0.944966858560609,0.000000567025616091702,0.0122430343586841,0.0000952276176064852,0.132549188803953,0.0750106400696831,40.9555455482976,1.76707182715436,0.0846675278385273,0.00710248614059933,0.0321732203717112,85946.619035577,0.220757700302961,0.82528162563244,0.577313427220591,0.770905948968426,45.2461421435582,0.74887660160505,0.457807211769522,-0.0603890378088749,0.87050307338316,50.5325627826641,-0.0693725727747018,0.944966858560609,0.115919448715543,0.0825491989277104,1.40424680337668,0.160245369118425,0.131928841491941,0.0825674996232099,1.59783016433811,0.1100807795313,-0.0160093927763978,0.0672466401421375,-0.238069779286506,0.811826973566457,0.637702465029466,1.15756903435079,0.550897999260248,0.581703599081139,0.516924389411716,1.16797992130047,0.442579859451824,0.65806965530339,0.12077807561775,1.74100614676632,0.0693725727747018,0.944693060064742
0,"",626841.153822468,0,0.783027436194364,0.695007104332371,0.869635116611326,0.000000882333839223001,0.00345225053638036,0.000541039877706385,0.114137115603512,0.0759050861035168,41.5673611605138,1.5036820516593,0.140223780151736,-0.00885765085351009,0.0321655680030185,85945.1445587612,-0.275376789636635,0.783027436194364,0.313237993192099,0.793818969856592,44.947105237789,0.394596255678656,0.695007104332371,-0.141395596359694,0.857138067878785,50.2696532928504,-0.164962450809839,0.869635116611326,0.116202555514785,0.0833770805729443,1.39369902035755,0.163408512194576,0.10271214496781,0.0833956243231725,1.23162510984728,0.218089156687147,0.0134904105469753,0.0670797772180725,0.201109948578373,0.840612603080168,0.454633589551794,1.16300166319993,0.390913963356593,0.695860832346662,0.171842396832405,1.17349715807773,0.146436142302973,0.883577097385741,0.282791192719389,1.71427613575757,0.164962450809839,0.868973537000616
0,"",626553.71485226,0,0.336404012877492,0.866450005185938,0.923512589978369,0.0000107521163286013,0.000629450438364086,0.000184026970693001,0.115922978476072,0.075415174891191,41.9360621319353,1.53713067221982,0.131772969000053,-0.0308691501806127,0.032111877308393,85944.7458408156,-0.961300078601897,0.336404012877492,0.135699141246269,0.802363616396255,45.4126401366429,0.169124245508227,0.866450005185938,-0.0825097251410026,0.855110394355374,50.582990694776,-0.0964901440628641,0.923512589978369,0.14353209533748,0.0829270170668438,1.73082428880548,0.083483108437157,0.0842591801603809,0.0829459095758894,1.01583285530542,0.309708987451405,0.0592729151770986,0.0669610643120032,0.88518478291979,0.376056978166573,0.218208866387271,1.16733610840143,0.186928910034395,0.851716371772932,0.0531894161052663,1.17784919617257,0.0451580866872481,0.963981302124405,0.165019450282005,1.71022078871075,0.0964901440628641,0.923131301300899
0,"",626542.095878865,0,0.291979767421871,0.902789460210224,0.920138246444455,0.0000129203764840277,0.00032849873007461,0.000198191615710418,0.119458876735649,0.0725394822899871,40.9485680085552,1.64681181839835,0.107251104019776,-0.0338375124758633,0.0321101485642866,85947.1436514779,-1.05379495233784,0.291979767421871,-0.0984545518166454,0.801646731065918,45.9017415717414,-0.122815384883731,0.902789460210224,0.0845761386702779,0.839422295744168,51.2110106025866,0.10075517305065,0.920138246444455,0.156030861734574,0.0802818573058887,1.94353826593807,0.0519511565809914,0.0858287072977837,0.0803009955804632,1.06883739955355,0.285142943785335,0.0702021544367905,0.0667807652081792,1.05123315400693,0.293151519624492,-0.183030690486923,1.15546470028469,-0.15840439819739,0.874138148275524,-0.0138784131463676,1.1659484853278,-0.0119031100610468,0.990502916521458,-0.169152277340556,1.67884459148834,-0.10075517305065,0.919744812407531
0,"",626502.098739549,0,0.721114243269059,0.811402848070397,0.718296348739579,0.0000014825861260016,0.00124043734320788,0.00255157808978229,0.120678065833724,0.0721967366412998,40.1554980895494,1.67151690571968,0.102396055076541,-0.0114598206536932,0.0321029278574274,85949.9801519768,-0.356971199156272,0.721114243269059,-0.188342352698138,0.784822478956915,46.3702282202672,-0.239980833561825,0.811402848070397,0.296101752433349,0.816324624088109,51.432513021376,0.362725493873365,0.718296348739579,0.139375465556355,0.0798798767477494,1.74481322744758,0.0810173855620955,0.107608323276258,0.0798978237937739,1.34682420830395,0.178036856079636,0.0317671422800974,0.0665118301790149,0.477616420937403,0.632923241149276,-0.484444105131487,1.12720656917408,-0.429774025790539,0.667360028962707,0.10775939973521,1.13757187955229,0.0947275523175032,0.924531232793574,-0.592203504866697,1.63264924817622,-0.362725493873365,0.716809953539847
0,"",626504.342302114,0,0.532988687859888,0.822326089995442,0.671086084846619,0.00000452231007200642,0.00107001336691896,0.00355685498234677,0.122520208958369,0.0717719517563644,40.912620239662,1.70707645480052,0.0953877769872607,-0.0200150664745777,0.032103581241083,85949.787953829,-0.623452764483619,0.532988687859888,-0.177885388657773,0.787811129260107,47.5972846732208,-0.225796998862961,0.822326089995442,0.345601320399755,0.809143543750494,51.1076609214092,0.427119913480178,0.671086084846619,0.150356149726202,0.0794866601553169,1.89158972628119,0.0585456657973933,0.0999994719549407,0.0795045073169039,1.25778368207911,0.208469998663087,0.0503566777712612,0.0664346482923165,0.757988174328685,0.44845806223692,-0.523486709057528,1.12412838787708,-0.465682314140411,0.641442913539536,0.167715931741983,1.13448431770883,0.147834508704975,0.882473374546152,-0.691202640799511,1.61828708750099,-0.427119913480178,0.669291989398542
0,"",626392.800360476,1,0.62648359698003,0.73497768408356,0.46147306536872,0.00000275553568642453,0.00240258378122217,0.0107746620865154,0.12137043184906,0.0730712206029008,50.4805320666055,1.66098815440127,0.10291521166279,-0.0156142016832692,0.0320828399492885,85958.0833670338,-0.486683900426198,0.62648359698003,-0.272536050020523,0.800449913012082,48.1344889859797,-0.340478580346112,0.73497768408356,0.571458627418525,0.770077720962991,50.5582510873511,0.742079158846343,0.46147306536872,0.149593886379095,0.080597585771815,1.85605914800748,0.0634451277875692,0.101290336646824,0.0806141337197292,1.2564835962758,0.208940689621151,0.0483035497322716,0.0659817438298326,0.732074463761474,0.464123119175502,-0.843994677439048,1.10560631324666,-0.763377223272741,0.445238459512381,0.298922577398002,1.11584685294996,0.267888533814243,0.788785119922031,-1.14291725483705,1.54015544192598,-0.742079158846343,0.458039376239794
0,"",626427.184841409,0,0.997300219556802,0.782785516474267,0.436032494998456,0.000000000133209237006283,0.00161163617349708,0.0122862654351761,0.124418508619317,0.0748980285944997,41.914876658633,1.66117200885117,0.104142044352151,0.00010857956484224,0.0320891061040469,85950.1451070615,0.00338368929599278,0.997300219556802,-0.224123341238943,0.808369718795822,47.6196947711487,-0.277253509165095,0.782785516474267,0.583395039627603,0.742923142742633,49.5734208845792,0.785269708349502,0.436032494998456,0.136374227224759,0.0822215042856312,1.65861994875459,0.0971923993818928,0.11915958077355,0.0822368156216698,1.44898096883691,0.147342897400864,0.0172146464512092,0.0657148793388987,0.261959644823077,0.793352554749745,-0.807518380866546,1.09283984915586,-0.738917400834438,0.4599571553705,0.35927169838866,1.10294780505437,0.325737715549421,0.744622806282467,-1.16679007925521,1.48584628548527,-0.785269708349502,0.432295452196089
0,"",626513.663657559,0,0.468951000398937,0.908313883044828,0.543684104563799,0.00000610186583997258,0.000283894508928355,0.00760090844656759,0.127344473492045,0.0817777451486876,43.5604832279986,1.55720206347715,0.12665893663193,0.0232498415192382,0.0321046106358218,85948.8113238796,0.724190110354318,0.468951000398937,-0.0899471387813579,0.776844725498784,47.2091259074836,-0.115785221716741,0.908313883044828,0.458320373508851,0.74946208154957,48.8269788177823,0.611532437453325,0.543684104563799,0.112285730654982,0.0884884692160498,1.26893064881516,0.204465799949887,0.145090830945774,0.0885017527377119,1.63941194900142,0.101127494770219,-0.0328051002907919,0.0658087291245304,-0.498491624548995,0.618137571050689,-0.548267512290209,1.07440316818371,-0.510299604958407,0.609841579466013,0.368373234727493,1.08444460929482,0.339688382025372,0.734091211851806,-0.916640747017703,1.49892416309914,-0.611532437453325,0.540847150719026
0,"",626462.050638484,0,0.107878538474056,0.974119842742988,0.521845570675801,0.0000300762816321547,0.0000226143221814686,0.00843529347163432,0.140995726477714,0.0879103546621234,45.5183448804855,1.60385800989679,0.115662512057071,0.0516023303554044,0.0320946176964361,85948.2445391446,1.60781882007382,0.107878538474056,-0.023995851306169,0.735736954541939,47.036368815149,-0.0326147152974102,0.974119842742988,0.474585136647642,0.735622664995032,48.9259114984122,0.645147518192424,0.521845570675801,0.096842179757742,0.0940851774214947,1.02930325915097,0.303337192272084,0.185866267663365,0.094095605145979,1.97529169800241,0.0482350548325897,-0.0890240879056228,0.0656507135951933,-1.35602620337916,0.175090830985874,-0.498580987953811,1.03552999393125,-0.481474212119163,0.630179503485993,0.450589285341473,1.04526397370943,0.431077026162514,0.66641236460585,-0.949170273295285,1.47124532999006,-0.645147518192424,0.518831592663626
0,"",626719.838652955,0,0.268067274614064,0.926456832348482,0.559477582693944,0.0000142716217124897,0.000182977397909798,0.00704699048840117,0.16337412982352,0.0907563883351521,46.1401195602383,1.8001391727952,0.0783784134526861,0.0355993109291751,0.0321429313790515,85947.3909051118,1.10753155987435,0.268067274614064,0.0646561793802025,0.696729873091685,47.0559224850502,0.092799493573163,0.926456832348482,0.430703573874121,0.732912323430239,48.6606508863703,0.587660433731425,0.559477582693944,0.133243554982917,0.0966953653107057,1.37797250731484,0.16821177658537,0.191572782258204,0.0967037495326186,1.98102744913304,0.0475881954162889,-0.0583292272752865,0.0657110937708536,-0.887661792370874,0.374722704016501,-0.366047394493918,1.00651875001681,-0.363676677148642,0.716099461415486,0.495359753254323,1.01592617135948,0.487594243774081,0.625837273607777,-0.861407147748242,1.46582464686048,-0.587660433731425,0.556760238101109
0,"",626920.329558897,0,0.562504188346622,0.820877460910037,0.754358916384511,0.00000390233612117437,0.00110669393608008,0.0020543323674348,0.191607110980345,0.0944717791751053,46.7593891997635,2.02819416182686,0.0482587254390211,0.0186363187760179,0.032179953668057,85945.4843393713,0.579128204106677,0.562504188346622,-0.159555196200399,0.700749332767349,46.7937759497205,-0.227692255617704,0.820877460910037,0.231883361899954,0.736865896265504,48.1059118322193,0.314688687690878,0.754358916384511,0.178818871445819,0.100213528880173,1.78437855092035,0.0743621739904097,0.209162849328989,0.100221799917089,2.08699953006256,0.0368881770261443,-0.0303439778831702,0.0658176703762902,-0.461030870732567,0.644776457049252,-0.391438558100353,1.01212244320184,-0.386750200758359,0.698941147691389,0.0723281656995556,1.02159195027821,0.0707994671256548,0.943557355934299,-0.463766723799909,1.47373179253101,-0.314688687690878,0.752998034125446
0,"",626925.388784357,0,0.162374700071529,0.441647832880366,0.81355867473393,0.0000227124909119425,0.012588725446108,0.00116330892231178,0.174637368336314,0.0991593794849231,48.0222427402736,1.76117851123571,0.0845744173408659,0.0449596401765701,0.0321797380770485,85942.1102465442,1.39714127159527,0.162374700071529,-0.568464185732482,0.73260510861301,47.2261618844861,-0.775948978582358,0.441647832880366,0.181276288811034,0.764457097623943,48.2808821672354,0.237130755112968,0.81355867473393,0.140878826301332,0.104735874357543,1.34508664930228,0.178597254096654,0.225381583015538,0.104745752739076,2.15170140193626,0.0314208796620549,-0.084502756714206,0.0660973859777484,-1.27845837568605,0.201087852331594,-0.749740474543516,1.05386722556584,-0.711418342230888,0.476825035993931,-0.387187896921449,1.06375451558391,-0.363982376807035,0.715871169351164,-0.362552577622068,1.52891419524789,-0.237130755112968,0.812555353567885
0,"",627045.034198115,0,0.170442427937961,0.455675541148222,0.761435564768852,0.0000218646819484861,0.0116510326868145,0.00190491286353253,0.170905097216297,0.105164782305641,48.207578830269,1.62511720624871,0.110658499374717,0.0441410563191552,0.0322010614584099,85939.417955915,1.37079507072047,0.170442427937961,-0.557981191500485,0.741915568765203,47.9817454838993,-0.752081793389447,0.455675541148222,0.240131780533913,0.786545077632819,48.8369856825563,0.305299451185446,0.761435564768852,0.138687822567426,0.110491768047748,1.25518692494353,0.209410910873202,0.219794813328229,0.110501972428777,1.98905782853692,0.0466948203826795,-0.0811069907608036,0.0663665174955078,-1.22210707780913,0.221667136907636,-0.798112972034399,1.07620787540135,-0.741597409084895,0.458331293800292,-0.317849410966572,1.08625979837852,-0.292609016223404,0.769821021325309,-0.480263561067827,1.57309015526564,-0.305299451185446,0.760138093886056
0,"",627248.537074991,0,0.297977162836472,0.65765444703834,0.791991113253241,0.0000126046294883093,0.00412799421203286,0.00141477359446721,0.184270595953167,0.113950942709427,47.368471148947,1.61710462038962,0.112496773336225,0.0335531560480176,0.0322382423594985,85938.6413137711,1.04078738765768,0.297977162836472,-0.323566857574326,0.725601119781623,47.9729713315498,-0.445929380141678,0.65765444703834,0.206016887481945,0.776977979953503,49.6233880562563,0.265151513681603,0.791991113253241,0.158629403716596,0.118857427853995,1.33461918687536,0.182001015060276,0.21957994470553,0.118866092497903,1.84728832328196,0.0647053643631602,-0.0609505409889334,0.0663328511778722,-0.918859055605704,0.358169298410311,-0.529583745056272,1.05814307914015,-0.500484060706247,0.61673427672757,-0.117549970092381,1.06804342458055,-0.110061040016745,0.912360965953901,-0.412033774963891,1.55395595990701,-0.265151513681603,0.7908927448388
0,"",627273.706818357,0,0.233315184901286,0.633084808896365,0.832957581811882,0.0000165296929000586,0.00487300684716383,0.000896422974320306,0.183007057907788,0.117318048797848,49.0171740529508,1.55992244827673,0.125212034465429,0.0384291170522143,0.0322426858397028,85938.2340750699,1.19187083989429,0.233315184901286,-0.335175659209338,0.697537384220954,47.1510591583064,-0.48051282524976,0.633084808896365,0.16316267644318,0.769590264364258,50.0979605665992,0.212012396723814,0.832957581811882,0.152023099273569,0.122043948505789,1.24564225539096,0.212895761910783,0.224006043290459,0.122051259412526,1.83534397243155,0.0664547395942531,-0.0719829440168897,0.0662637675976672,-1.08630925506602,0.277342193736797,-0.498338335652519,1.0338402040999,-0.482026461803536,0.629787148418284,-0.172012982766158,1.04346997425264,-0.164847084257847,0.869064343087871,-0.32632535288636,1.53918052872852,-0.212012396723814,0.832097362975771
0,"",627160.385563277,0,0.105136520488292,0.984043021106084,0.807812992557376,0.000030555029931144,0.0000086039580298979,0.00119469934841295,0.181657299925232,0.116101166689134,49.9164154246871,1.56464663625325,0.123984087381621,0.0522137743132156,0.0322215154635453,85937.4111657009,1.62046302174363,0.105136520488292,-0.0139212968710983,0.692354908543124,46.9893912533658,-0.020107168591311,0.984043021106084,0.191575064122649,0.783407793466651,49.9947493654881,0.244540666713196,0.807812992557376,0.132513634516877,0.120882874412532,1.09621511864991,0.272984644880106,0.23121693277247,0.120890428936226,1.91261570338579,0.0557972678434604,-0.0987032982555933,0.0663697513371498,-1.48717294048901,0.136969140879445,-0.205496360993747,1.04067333846876,-0.197464808021423,0.843463818345937,0.177653767251551,1.0503167060922,0.169143046303174,0.865684126636889,-0.383150128245298,1.5668155869333,-0.244540666713196,0.806812110289222
0,"",626981.552978522,0,0.0980108778350811,0.675768782615241,0.719060939448,0.0000318558481558181,0.00378701263492078,0.00263341540881732,0.149693207417015,0.112328929741264,49.8152949884891,1.33263272214749,0.188716082293923,0.0532585122654747,0.0321882993071621,85936.7631102508,1.65459230253971,0.0980108778350811,0.288706053027289,0.685938597810283,46.601161500874,0.420891977720635,0.675768782615241,0.294550036263209,0.814189488615397,49.568139678977,0.361770865851042,0.719060939448,0.0965220040697402,0.117294839192492,0.822900689699895,0.410564470472587,0.194237892805529,0.117303160031181,1.65586240604173,0.0977496863338671,-0.0977158887357891,0.0666397012628217,-1.46633143432629,0.142558015757868,-0.00584398323592006,1.05976718563564,-0.00551440289445731,0.995600165367308,0.583256089290498,1.06945129806148,0.545378822156488,0.585493002792427,-0.589100072526418,1.62837897723079,-0.361770865851042,0.717523265246879
0,"",627259.279511316,0,0.114285061322897,0.691783209925685,0.490460899986518,0.0000290203429305608,0.00351431822990404,0.00965976566245325,0.127485122322387,0.110718588665688,49.3524209403868,1.15143377330545,0.255101649008029,0.0509153684668802,0.0322404570839148,85937.0136613823,1.57923841880897,0.114285061322897,0.278541607626218,0.69811975574404,45.1388278232957,0.398988290095522,0.691783209925685,0.571233794555894,0.822214109541412,49.4852498584266,0.694750659137312,0.490460899986518,0.0809425655448739,0.115794631253249,0.699018293584339,0.484540598429044,0.165704874104114,0.115803668762007,1.4309121280489,0.152455400715525,-0.0847623085592396,0.0668211371209864,-1.26849545235617,0.204621073718614,-0.292692186929675,1.07368918384065,-0.272604205513831,0.785157478814575,0.849775402182112,1.08351557768303,0.784276128266895,0.432878103575324,-1.14246758911179,1.64442821908282,-0.694750659137312,0.487211574433602
0,"",627521.810444699,0,0.101493952024733,0.671275207405623,0.345775979685452,0.0000312069841872625,0.00405104220404357,0.0176569577262528,0.121817181292635,0.104334291310357,48.73010301575,1.16756609703968,0.248663105354463,0.0528813588067912,0.0322905826019929,85938.5647232652,1.63767125104542,0.101493952024733,0.308984369654354,0.723274190717485,44.8680710630807,0.427202261078669,0.671275207405623,0.777044470362652,0.816453719793314,50.3936598991585,0.951731190053689,0.345775979685452,0.0759286250651462,0.10974511996056,0.691863338364687,0.489023155848202,0.158473304788457,0.109755458826135,1.44387629083212,0.148773776940236,-0.0825446797233106,0.0668483487846128,-1.23480506585543,0.216903061563108,-0.468060100708298,1.0857176142225,-0.43110666583731,0.66639081403327,1.08602884001701,1.09574710823792,0.991130920494476,0.321621656355904,-1.5540889407253,1.63290743958663,-0.951731190053689,0.341233326985036
0,"",627568.782433586,0,0.272826119859075,0.534082654961472,0.258046649230991,0.0000139922569400157,0.00867302243001315,0.0252907529330092,0.128726723138497,0.0995823445609667,48.0057449440145,1.29266612175101,0.202313772646486,0.0354196835348623,0.0323000025279345,85939.0190636093,1.09658454373896,0.272826119859075,0.463491779594117,0.739669138679672,44.8802770875798,0.626620410879196,0.534082654961472,0.939357829099658,0.821155840681137,50.434099798273,1.14394586576949,0.258046649230991,0.100416462802385,0.105273475754745,0.953862899295972,0.340153045496382,0.143187879451743,0.10528498917397,1.36000279408438,0.17382903970902,-0.0427714166493575,0.0669167932393356,-0.639173136949056,0.522710305537758,-0.475866049505542,1.10008081688094,-0.43257371840622,0.66532448607515,1.40284960869378,1.11024181831271,1.26355320575635,0.206390438258479,-1.87871565819932,1.64231168136227,-1.14394586576949,0.252646088070429
0,"",627370.959065806,0,0.50399812686429,0.445454301265104,0.257934219774645,0.00000519563439525993,0.01277048141041,0.0254131893423057,0.15783926647402,0.0998789079791175,48.1051076409301,1.58030628956236,0.120590405177085,0.0215584789405216,0.0322627858458852,85939.2702290831,0.668215046385129,0.50399812686429,0.560442311088097,0.728169646531533,45.7938914856516,0.769658985042338,0.445454301265104,0.944995549335645,0.825845145123981,50.2138641819358,1.14427693244328,0.257934219774645,0.142026000321829,0.105534753595456,1.34577469016751,0.178375190224452,0.156906553071036,0.105545982906634,1.48661795314214,0.137115743394187,-0.0148805527492067,0.0669014736693706,-0.22242488742097,0.82398313965056,-0.384553238247548,1.09596699417174,-0.35088030961933,0.72567814412644,1.50543786042374,1.10605552455361,1.36108705847413,0.173486178922326,-1.88999109867129,1.65169029024796,-1.14427693244328,0.2525088066492
0,"",627328.4069603,0,0.572631904225321,0.29258870334711,0.305686815810499,0.00000370366443580798,0.0243083764082484,0.0208289203782678,0.194814651942143,0.0951994633683579,47.1287447305736,2.0463839295852,0.0463194963894459,0.0181978942640591,0.0322553743794385,85941.8821949734,0.564181771694443,0.572631904225321,0.778669496673439,0.731290049179726,45.5075673282685,1.06478885846575,0.29258870334711,0.848921498828952,0.820336822389754,50.3433915770387,1.03484504859349,0.305686815810499,0.177666320290088,0.101110392369599,1.75715192203632,0.0788919176122687,0.188696390024174,0.101122191336542,1.86602354567435,0.0620380713371689,-0.0110300697340858,0.0668278669473735,-0.16505194970194,0.868903092779599,-0.0702520021555132,1.0939110809677,-0.0642209438936905,0.948794301000881,1.62759099550239,1.10400807213158,1.47425642673056,0.140412562309687,-1.6978429976579,1.64067364477951,-1.03484504859349,0.300741280910889
0,"",627451.200707928,0,0.886956241102324,0.243906070127001,0.454110476821302,0.000000235137317917937,0.0296323561989315,0.0110926184735113,0.21006574776814,0.088813576953444,45.7387151041136,2.36524363699771,0.0223158119229152,0.00458871058969789,0.0322791490870557,85943.9910371748,0.142157111308055,0.886956241102324,0.894321621556272,0.7575597278874,45.6377078388873,1.18052951950107,0.243906070127001,0.614859514308894,0.815056332005391,50.7338810930921,0.754376710130052,0.454110476821302,0.201301882446347,0.0951643816578657,2.11530699763349,0.0344037904535932,0.192107341601799,0.0951778552355774,2.01840376762335,0.0435492273278174,0.0091945408445478,0.0668132584564957,0.137615513102608,0.890544294501732,0.279462107247378,1.10761248503743,0.252310362173222,0.800801179329012,1.50918113586517,1.11786480144382,1.35005694241015,0.176997718350429,-1.22971902861779,1.63011266401078,-0.754376710130052,0.450623052268285
0,"",627279.851075399,0,0.280639574369693,0.222156838423157,0.378005271500859,0.0000135431673566411,0.0324963094624844,0.0152887371725576,0.221303743934984,0.0863549899400646,44.8639196772965,2.56272097406973,0.0138122076727056,-0.0347914172618735,0.0322474036295687,85946.5814068266,-1.07889049492258,0.280639574369693,0.927366846674279,0.749259112978235,45.6097458720599,1.23771180171314,0.222156838423157,0.711061221448691,0.799545261077887,50.9407309574962,0.889332044179828,0.378005271500859,0.252863562238292,0.0928198816843282,2.72423922170314,0.00644498052532816,0.162034264980959,0.0928330355708299,1.74543753723673,0.0809087363904423,0.0908292972573324,0.0665887982620091,1.36403268459574,0.17255727906786,0.216305625225588,1.09065985060113,0.198325467932434,0.842790426897029,1.63842806812297,1.10081096291452,1.48838276808676,0.136649978373291,-1.42212244289738,1.59909052215578,-0.889332044179828,0.373824654763862
0,"",627133.140967229,0,0.136473637993353,0.231568137166498,0.448533784371981,0.0000257976909439742,0.0310962018934531,0.0113241554372157,0.206410704917824,0.0887500478590718,42.9974678272685,2.32575316743027,0.0248162312526687,-0.0479771325135517,0.0322196127889403,85948.0251016446,-1.48906607996296,0.136473637993353,0.915963717441454,0.755482998465212,45.8015802573099,1.21242135071506,0.231568137166498,0.590592346265982,0.773268771166573,50.9287231368336,0.76376076247719,0.448533784371981,0.249526799799362,0.0950068777850342,2.62640774664704,0.00862913800081371,0.135925674140321,0.0950191699936359,1.43050790855597,0.152571297627486,0.113601125659042,0.0662613288112994,1.71444080124861,0.0864478005304527,0.325371371175473,1.07601453846467,0.302385664453692,0.762358081671741,1.50655606370744,1.0860897844449,1.38713767985346,0.165399784242328,-1.18118469253196,1.54653754233315,-0.76376076247719,0.445009823405907
0,"",627292.765648421,0,0.520357797612104,0.324180995099818,0.611887823405909,0.00000480737059520543,0.020920892668316,0.00513951209378337,0.180268559665534,0.0884345769512704,42.7292806584302,2.03843978091133,0.0477250736936272,-0.0207299287533856,0.0322495925151915,85948.3344850355,-0.642796610332998,0.520357797612104,0.760787811061361,0.763480425167101,46.4695910300043,0.996473237535656,0.324180995099818,0.390511858055939,0.764874202241457,50.4578470247186,0.51055697382857,0.611887823405909,0.195466577804638,0.0947201151675222,2.06362267886747,0.0390535056068926,0.142338251551526,0.0947324222041717,1.50252942170899,0.132960435402887,0.0531283262531115,0.0662286937226038,0.80219498931441,0.422440174389839,0.370275953005421,1.07566011940429,0.344231366698324,0.73067229488985,1.1512996691173,1.0857371308281,1.06038527782429,0.2889693571084,-0.781023716111879,1.52974840448291,-0.51055697382857,0.609661310412914
0,"",627605.434760694,0,0.43195593863527,0.44037654643847,0.693842044866908,0.00000718527646330795,0.0125719412422355,0.00308211203489613,0.173295566005573,0.0871529396234808,45.0124918354153,1.98840758274186,0.0528675959370604,-0.025389904657862,0.0323087313766394,85947.990212583,-0.78585272698822,0.43195593863527,0.597363186228569,0.767740261291695,47.5500960576836,0.778079796445125,0.44037654643847,0.294714197592002,0.744420750865989,50.696285782702,0.395897343335955,0.693842044866908,0.194163904682573,0.0935134525443913,2.07632056564699,0.037864312470337,0.134578054441935,0.0935252014286282,1.43894963481726,0.150164793109832,0.0595858502406386,0.0661278497368377,0.901070433679099,0.367550871887324,0.302648988636567,1.06438557812153,0.2843414969702,0.776148687935317,0.892077383820571,1.07436402924853,0.8303306510034,0.406351862881722,-0.589428395184004,1.48884150173198,-0.395897343335955,0.692180760997918
0,"",627400.445505063,0,0.121025718676795,0.567641519741954,0.669172537158262,0.0000279697727060028,0.00681971979202352,0.00360151388434163,0.168897168484496,0.0842602164653753,44.5220862319298,2.0044710964385,0.0511248082728101,-0.0500355394986072,0.0322706252983086,85949.0989107015,-1.55049798496559,0.121025718676795,0.445412366516896,0.7739829336832,48.2306738203675,0.57548086286255,0.567641519741954,0.315843814068209,0.734919848400342,51.0990425805379,0.429766340854296,0.669172537158262,0.216996958051869,0.0908065479726101,2.38966201112855,0.0168638842031117,0.107488486573088,0.0908185761670308,1.18355177001892,0.236590541842554,0.109508471478781,0.06596387167599,1.66012801699511,0.0968887017404697,0.129568552448687,1.06233108617849,0.121966262810573,0.902925737125491,0.761256180585105,1.07227151120884,0.709947221974488,0.477736865532425,-0.631687628136418,1.46983969680068,-0.429766340854296,0.667365619746679
0,"",627125.055300411,0,0.132745919773479,0.53006222197437,0.666202320278731,0.0000262956010802893,0.00818668154120043,0.00370117390559959,0.167301294807844,0.0852436232984189,44.7124467457512,1.96262533588184,0.0559302529839112,-0.0484369402293722,0.0322187908709505,85948.9159002899,-1.50337548120232,0.132745919773479,0.481552257420398,0.761400931509771,48.4598513503236,0.6324555664327,0.53006222197437,0.324872021453635,0.748724755136706,50.6792715201948,0.433900467728382,0.666202320278731,0.213397437441916,0.0917054970104014,2.32698632468795,0.0199659931081986,0.106816402256134,0.0917175561590898,1.16462329274075,0.24417151104069,0.106581035185783,0.0660080356874786,1.6146675791172,0.106382702096481,0.156680235966763,1.06286059874723,0.147413721189249,0.882805475896185,0.806424278874033,1.0728315909534,0.7516783488426,0.452244513834875,-0.64974404290727,1.49744951027341,-0.433900467728382,0.664360720091896
0,"",627251.419101862,0,0.256877078801635,0.409647447032148,0.543616523258028,0.0000149569237265847,0.0140284596753459,0.00739750216347006,0.159769035226214,0.0906663913104604,44.4229278542136,1.76216382848118,0.0849216754312663,-0.0365559285634683,0.0322416476371543,85947.334133772,-1.13381080814686,0.256877078801635,0.63101552441727,0.758709868374731,48.6164242853988,0.831695422347674,0.409647447032148,0.465016103757612,0.760427311543415,50.1777098247144,0.611519466356072,0.543616523258028,0.193844937880199,0.0967888284660863,2.00276148551711,0.045202895664619,0.10683843002421,0.0968004880231569,1.10369722514882,0.269724499737178,0.0870065078559894,0.0661684933496609,1.31492351497581,0.188535608912356,0.165999420659658,1.06916766255571,0.155260420300085,0.876616017204061,1.09603162817488,1.07919471383336,1.01560136843306,0.309819252961637,-0.930032207515224,1.52085462308683,-0.611519466356073,0.540855735150307
0,"",627423.24746313,0,0.425613365070873,0.360593907611099,0.403861628649731,0.00000738573803286351,0.0173433213471702,0.0139928231439196,0.139946138729832,0.0933031226849596,42.1715013701357,1.49990841359473,0.141088094372715,-0.0257127856738101,0.032273128193061,85944.6854579035,-0.796724306363912,0.425613365070873,0.73384133834523,0.79505410477925,48.2703575750152,0.923008049306259,0.360593907611099,0.661672811783483,0.785935358987257,49.9444982594488,0.841892153365009,0.403861628649731,0.16458072897976,0.0993785554226932,1.6560990273982,0.0977017662935158,0.0933844173451889,0.0993918185149222,0.939558393643523,0.347444126399223,0.0711963116345714,0.0664908044403836,1.07076929259304,0.284273177340982,0.0721685265617468,1.11277606291297,0.0648544922621967,0.948289854182235,1.39551415012871,1.12309406100889,1.24256213132772,0.214029231777785,-1.32334562356697,1.57187071797451,-0.841892153365009,0.399848322844065
0,"",627847.606944037,0,0.801158080631748,0.342582586877843,0.324852792294514,0.000000738009352654188,0.0187428175800704,0.0193236558835174,0.109349294784868,0.0962618612694676,42.9885927446284,1.13595658075595,0.262268117745405,0.00814801661362848,0.0323527349411578,85944.8041455802,0.251849391664966,0.801158080631748,0.73954811982339,0.771534100537194,48.1028261647992,0.958542362947362,0.342582586877843,0.782044107018047,0.786534864450604,50.1721767584235,0.994290453436297,0.324852792294514,0.101836166828519,0.102144257924873,0.996983764896701,0.318772390416922,0.0947647733496385,0.102156375683221,0.927644238706127,0.353592141998586,0.00707139347888062,0.0666404428915278,0.106112642294273,0.9154929806786,-0.0424959871946573,1.09664542620045,-0.0387508908343265,0.969088998835188,1.52159222684144,1.10687521056791,1.37467368707331,0.169232632411672,-1.56408821403609,1.57306972890121,-0.994290453436297,0.320081482042165
0,"",628420.207453381,0,0.159334389211615,0.508087124235207,0.329991030438769,0.0000230439185541167,0.00918066517921602,0.0188911225200285,0.12801835765983,0.0953410415896381,45.7888006432803,1.34274133705021,0.185974563213743,0.0456832853079413,0.0324610563374173,85945.4759256378,1.40732589947429,0.159334389211615,0.487905878357376,0.731701464605813,47.9871078874257,0.666810033816489,0.508087124235207,0.779746736024273,0.7926926572362,50.2524107697916,0.98366842294583,0.329991030438769,0.0866951652099441,0.101252085226138,0.856230911356714,0.391870067703243,0.154762954414542,0.10126302224127,1.52832644127293,0.126431508131197,-0.0680677892045975,0.0669003723879153,-1.017450079499,0.308939368739998,-0.291840857666897,1.07374924836033,-0.271796099613157,0.785778804424274,1.26765261438165,1.08377115477881,1.16966816176278,0.24213453546123,-1.55949347204855,1.5853853144724,-0.983668422945831,0.325278570579966
0,"",628600.482404849,0,0.00886589838512603,0.637158233458463,0.414134389101015,0.0000796950229885372,0.00466714859449309,0.0134071391637692,0.136958283014155,0.0960542317000392,46.5404810884145,1.42584330320659,0.160586853843045,0.085047664965605,0.0324951471218043,85945.2661295418,2.61724203453561,0.00886589838512603,0.344361649201467,0.725445479277786,48.0547929965869,0.474689909907902,0.637158233458463,0.646873436216113,0.785504549170161,49.904887005203,0.823513290788063,0.414134389101015,0.0564301342416722,0.101911094784123,0.553719242847968,0.579771003835046,0.207196928258758,0.101921459164069,2.03290778956786,0.0420618399134305,-0.150766794017086,0.0668861655725302,-2.25408038757427,0.0241911112470795,-0.302511787014646,1.06426266121149,-0.284245419895015,0.776222310237425,0.99123508541758,1.07420764673048,0.922759290007442,0.356132660349638,-1.29374687243223,1.57100909834032,-0.823513290788063,0.410216162266105
0,"",628425.595979007,0,0.00179825817569174,0.803932128155783,0.400562995529069,0.000113379056162026,0.00128418582488104,0.014118347571522,0.129601815744199,0.0959129185548313,46.9666157069517,1.35124462582284,0.183090454439658,0.101339434031707,0.0324621532652018,85944.9218841287,3.1217717815515,0.00179825817569174,0.180049858918386,0.721280081856002,48.4609303210259,0.249625441555353,0.803932128155783,0.66741283242171,0.787210381568734,50.1936056814994,0.847820160973622,0.400562995529069,0.0355435685793357,0.101765261573264,0.349270153978297,0.726886502913273,0.218280184915009,0.101775549093344,2.14472127008434,0.0319751392233317,-0.182736616335673,0.066844460973358,-2.733758544459,0.00626159428617574,-0.487362973503324,1.06271129074608,-0.458603364570605,0.646519020057134,0.847462691340096,1.072629943263,0.790079278191759,0.429481470713886,-1.33482566484342,1.57442076313747,-0.847820160973622,0.396538133350331
0,"",628686.738481919,0,0.00183233253250967,0.798601391878149,0.263832339192991,0.000112978162508999,0.0013465892963268,0.0250261725462913,0.136351936593488,0.09937179291248,47.191527766076,1.37213924190316,0.176507595581929,0.101312451640177,0.0325111164431784,85944.5430800743,3.11624031174833,0.00183233253250967,0.182388898367488,0.710918379752381,48.8131626698315,0.256553921746989,0.798601391878149,0.884295500972481,0.782460030870123,49.7587004134285,1.13014782363914,0.263832339192991,0.0455259466143205,0.1050211981095,0.433492927464538,0.664656703075179,0.221728158233032,0.105030557635981,2.11108236710982,0.0347652327577624,-0.176202211618712,0.0668829991479322,-2.63448430637787,0.00842651991199718,-0.701906602604993,1.05227254269766,-0.667038789024704,0.504747357097108,1.06668439933997,1.06208275621189,1.0043326596738,0.315218296507874,-1.76859100194496,1.56492006174025,-1.13014782363914,0.258413941072398
0,"",628691.691809478,0,0.000715109299813239,0.717407246034306,0.129423944848837,0.000133216060979146,0.00270141902899541,0.0467110189566946,0.143249717287722,0.102466962393052,47.9969630960069,1.39800882101133,0.168537960921727,0.110013935619945,0.0325115424492144,85942.0694816714,3.38384239356822,0.000715109299813239,0.259166711998942,0.711945652395223,48.92130118605,0.364025977442265,0.717407246034306,1.23358884158929,0.799690574709601,48.5626236405246,1.54258269460941,0.129423944848837,0.0477936163792122,0.107984027978251,0.442598940547378,0.658055851225577,0.230961933813037,0.107993578736978,2.13866358087413,0.0324629241559118,-0.183168317433825,0.0670651758145356,-2.73119864682627,0.00631044228073537,-0.974422129590344,1.06573045383314,-0.914323247576925,0.36054701850359,1.49275555358823,1.07562161295703,1.38780732518422,0.165195723663017,-2.46717768317857,1.5993811494192,-1.54258269460941,0.122932059507573
0,"",628696.952902833,0,0.000907192397119597,0.741494089095743,0.169611028544443,0.000128081944475408,0.00225662192654752,0.0386810145673122,0.136568839068008,0.103911079704837,48.6190947784411,1.31428563206095,0.194917065210641,0.107874624645366,0.0325124591346501,85940.0130795248,3.31794725826811,0.000907192397119597,0.233697148262768,0.704413424928227,48.6644285044411,0.331761349219855,0.741494089095743,1.12792974583083,0.808967122493206,48.313891482198,1.39428379036542,0.169611028544443,0.0420540201512389,0.109359913978945,0.384546938829302,0.70057311303823,0.224100802498165,0.109369236197897,2.04902960182211,0.0404592204203845,-0.182046782346926,0.0671658226261697,-2.71040799068536,0.00672004902948659,-0.894232597568064,1.06773345108682,-0.83750546230227,0.402308507881514,1.3616268940936,1.07758871301547,1.26358681902234,0.206378367029274,-2.25585949166166,1.61793424498641,-1.39428379036542,0.163231923854296
0,"",628771.659568836,0,0.00139644914080957,0.709451515481362,0.164057052765081,0.000118803712999016,0.0028627750007904,0.0393139401852912,0.108870318428587,0.102995123437703,48.0090830422732,1.05704342880309,0.295781831291659,0.103939098915839,0.0325268292833365,85939.4997769656,3.1954881925453,0.00139644914080957,0.269461364839861,0.71900516343339,48.9211553954004,0.374769721476172,0.709451515481362,1.1407406176866,0.807418939529196,48.7765256719218,1.41282370506662,0.164057052765081,0.0179481030227502,0.108512172844118,0.165401747585807,0.868627778246816,0.191741045898481,0.108522052635822,1.76683946941111,0.0772551165810458,-0.173792942875731,0.0671751523323064,-2.5871611279123,0.00967703287442208,-0.871279252846738,1.07615250152358,-0.809624334481597,0.41815611776218,1.41020198252646,1.08613228078958,1.2983703803567,0.194160092215088,-2.2814812353732,1.61483787905839,-1.41282370506662,0.157707566433291
0,"",628997.273805747,1,0.0045304954382648,0.797215317859065,0.18516517282044,0.0000937501684901078,0.00138549600870578,0.0355307790241917,0.0851143554533727,0.0995723098669076,50.2194406216349,0.854799447428106,0.39672183189566,0.0924571132115267,0.0325699568598349,85947.5533053571,2.83872384631692,0.0045304954382648,0.187787030174984,0.726785023852441,48.1184731850033,0.258380434395289,0.797215317859065,1.10752879502578,0.824111080581885,49.0255177434571,1.34390717601295,0.18516517282044,0.00639815409442311,0.105320739933467,0.060749232282881,0.951558922362744,0.158219492647784,0.105331645477043,1.50210786066443,0.133069255126452,-0.151821338553361,0.0674332014717473,-2.25143305137262,0.0243581227392138,-0.9197417648508,1.09374658201565,-0.840909384288835,0.400398700771937,1.29531582520077,1.10384306058296,1.17346013346924,0.240611334954749,-2.21505759005157,1.64822216116377,-1.34390717601295,0.178978405230386
0,"",629095.533475287,1,0.0173963739344182,0.894362139641909,0.245924723589752,0.000065805812090083,0.000377892744116638,0.0275076407495522,0.0679758754991082,0.0977751353533745,50.2729517089898,0.695226605961043,0.490114464565972,0.0775042231257693,0.0325885219521941,85946.5750218008,2.37826751515348,0.0173963739344182,0.0952836550713869,0.713707871990056,47.1479855573246,0.133505119966947,0.894362139641909,1.0141503778414,0.863522378926588,48.7629951505015,1.17443438941566,0.245924723589752,0.00419949112587982,0.103679425611511,0.0405045755328101,0.967690859289142,0.128905190498381,0.103690955674445,1.24316715628603,0.213806242853168,-0.124705699372501,0.0679047192590333,-1.83648059712597,0.0662866091433662,-0.918866722770018,1.11524582442448,-0.823914066877766,0.409988387009899,1.10943403291279,1.12531169104341,0.985890435283847,0.324186880941573,-2.02830075568281,1.72704475785318,-1.17443438941566,0.240221077514804
0,"",629048.609492882,0,0.00276973767672466,0.807999460757568,0.279225311015852,0.000104179611512857,0.00127610048830227,0.0241423385180396,0.0488907856800123,0.0973807803632484,47.2710257373992,0.502057854718771,0.617957487877581,0.0974862850436756,0.0325791816332102,85936.7092246662,2.99228771739009,0.00276973767672466,0.177355384681174,0.725710546968876,46.7436321187261,0.24438860014085,0.807999460757568,0.980999893202331,0.89643778335111,48.4066195588024,1.09433126472549,0.279225311015852,-0.036589076719381,0.103385659463742,-0.353908626294666,0.723407362060451,0.129071280799114,0.103398419231406,1.24829065819906,0.211924634029037,-0.165660357518495,0.0682677669101419,-2.42662628377089,0.0152399453973857,-0.803644508521157,1.14825990942168,-0.699880316230765,0.484002051032415,1.15835527788351,1.15845249156689,0.9999160831505,0.317351120408627,-1.96199978640466,1.79287556670222,-1.09433126472549,0.273809717917
0,"",628980.917974352,0,0.000123118262430956,0.745729151815613,0.289311315091729,0.000171557159760726,0.00225713271277143,0.0234385937144265,0.0330795867550683,0.0970278685360728,47.3815508928975,0.340928717224887,0.734664422132247,0.125054525579576,0.0325662113301704,85937.1589613046,3.84000841583072,0.000123118262430956,0.233843915367868,0.716899240660799,47.0324328358739,0.326187980269477,0.745729151815613,0.970397020158561,0.905625404469518,47.8376372100983,1.07152142085389,0.289311315091729,-0.0809708595552439,0.103054054961818,-0.78571250384319,0.432035936151573,0.140142792187279,0.103066727080262,1.35972875201659,0.17391577603808,-0.221113651742523,0.0683528780758288,-3.23488429407794,0.00121692034776673,-0.736553104790693,1.14996316313035,-0.640501477269673,0.521846629038202,1.20424093552643,1.16008125250108,1.03806602591857,0.299239317084078,-1.94079404031712,1.81125080893904,-1.07152142085389,0.283935044333184
0,"",629077.711398744,0,0.000135719116486047,0.606061103260764,0.254107182037441,0.000169418062234392,0.0057207694479244,0.0273448358105939,0.0140662329953091,0.096293547363734,46.9069457532934,0.146076589557721,0.884486896480576,0.124343151168067,0.0325845540236347,85938.324530585,3.81601513029385,0.000135719116486047,0.371270241457292,0.715072894008603,46.8525865281299,0.519206146069949,0.606061103260764,1.04612260342465,0.906174599634925,47.4050904547144,1.15443823281529,0.254107182037441,-0.100194645981062,0.102366256292234,-0.978785877399159,0.32768578915457,0.117233581469285,0.102378983869538,1.14509420818902,0.252170134449664,-0.217428227450347,0.0683918846918427,-3.17915244520641,0.00147706386046256,-0.674852361967354,1.14926859276706,-0.587201604755013,0.557068314740325,1.41739284488194,1.15937267486254,1.22255153637288,0.221499127325444,-2.09224520684929,1.81234919926985,-1.15443823281529,0.248320548106011
0,"",629220.599507513,0,0.00226025220007804,0.605058925657065,0.125643288085057,0.000108502115627087,0.00566842493137681,0.0486947045322499,0.00755351581534909,0.0951564697730121,46.6692606306276,0.0793799500272275,0.937069821481716,0.0995910912840494,0.0326120925194053,85940.5878947904,3.05380868230977,0.00226025220007804,0.373290382392488,0.717033310372789,47.542692030376,0.520603962176335,0.605058925657065,1.36500982968866,0.875581018961226,47.4806942423203,1.55897604005633,0.125643288085057,-0.0772213193970912,0.101248304110771,-0.762692472484348,0.445646820888905,0.0811744588465377,0.10126061970525,0.801638969649023,0.422761828534949,-0.158395778243629,0.0680844686892068,-2.32645978287173,0.0199940355562852,-0.99171944729617,1.12664855908815,-0.880238508536167,0.378730116374313,1.73830021208115,1.13675890240776,1.52917228833596,0.126221738498019,-2.73001965937732,1.75116203792245,-1.55897604005633,0.119002051188633
0,"",629138.399899609,0,0.127478779275123,0.56772599810921,0.0830734343860079,0.0000270298746592001,0.00681832943866444,0.0617863950263017,0.0208571449622297,0.096459305734057,47.0794376673261,0.216227400803961,0.829744669917668,0.0496812635589908,0.0325963761172348,85939.1104777952,1.52413456576612,0.127478779275123,0.416254237461,0.723472709212878,48.2196155542788,0.575355824981809,0.56772599810921,1.55262802672857,0.877015336297441,47.5914938004979,1.77035447667702,0.0830734343860079,-0.0118467313923888,0.102482102259873,-0.115598052061306,0.90797110678728,0.0411233719596047,0.102494514564286,0.401225101015641,0.688254401813652,-0.0529701033519936,0.0680729555532575,-0.778137263491548,0.436488096887,-1.13637378926758,1.13181807698734,-1.00402512768868,0.315366502051805,1.96888226418958,1.14198299582706,1.72409070133628,0.0846914704753393,-3.10525605345715,1.75403067259488,-1.77035447667702,0.076668108264476
0,"",629303.646283925,0,0.458842809284031,0.563366280690885,0.0844067190942293,0.00000638504452635608,0.00689624149162497,0.0611898851470306,0.0548254726179972,0.0968564402299378,46.881554304763,0.566048808812725,0.574060280996179,0.0241692605460443,0.0326277851034633,85937.9198437999,0.740757010302818,0.458842809284031,0.422966744393242,0.7269667865734,48.748972967888,0.581824028559709,0.563366280690885,1.55545811632955,0.882557254051606,47.6572509534476,1.76244442973962,0.0844067190942293,0.0475755960885147,0.102880470970467,0.462435636615346,0.643768948559542,0.0494371305226643,0.102893032716036,0.480471118575161,0.63089243496295,-0.00186153443414958,0.068192630002633,-0.0272981762703346,0.978221911453265,-1.13249137193631,1.13829861933955,-0.994898309367528,0.31978572522468,1.97842486072279,1.14850001485834,1.72261631269271,0.0849579330696335,-3.1109162326591,1.76511450810321,-1.76244442973962,0.0779942375351704
0,"",629422.073666494,0,0.726201675394969,0.761168345834015,0.0488081727375204,0.00000142690440891739,0.00188850570094836,0.0793189991070228,0.0880075053190718,0.0928812740952853,46.1553054836804,0.947526895774346,0.348305107924172,0.0114338280175539,0.0326509402883608,85940.2130510254,0.350183728755579,0.726201675394969,0.226057566157117,0.739634880244596,49.3701087905727,0.305633998875716,0.761168345834015,1.74865997929285,0.864719566408204,47.4670372266769,2.02222783804498,0.0488081727375204,0.0993213075005371,0.0991394489100571,1.00183437160968,0.316423593619532,0.0699391178640392,0.099152629745629,0.705368259454786,0.480581091379653,0.0293821896364979,0.0680299412802344,0.431900852529983,0.665813475133644,-1.52260241313573,1.13273944521514,-1.34417709171111,0.178891127642713,1.97471754544997,1.14302262377477,1.72762769902888,0.0840549935110384,-3.4973199585857,1.72943913281641,-2.02222783804498,0.0431528196214448
0,"",629364.823055753,1,0.955153743739488,0.870248645747426,0.0337306833142598,0.0000000367945033474397,0.000536417889087193,0.0912307928705957,0.10612177164196,0.0893461449882613,50.2845625953831,1.18775993811375,0.240508220428763,-0.00183558476731562,0.0326406038228743,85950.7281830771,-0.0562362380695069,0.955153743739488,0.122696481334651,0.747330368949841,50.223002907631,0.164179707439249,0.870248645747426,1.85195768009305,0.847019895961098,47.6197429276326,2.18643940824042,0.0337306833142598,0.13379246209905,0.0958105455602896,1.39642730679224,0.162585856847081,0.0747849183572747,0.0958241243673634,0.780439360662142,0.435132307382558,0.0590075437417758,0.0678126915510347,0.870154869127524,0.384215775655901,-1.7292611987584,1.12441227871798,-1.53792450641863,0.124067074526598,1.9746541614277,1.13471925888545,1.74021384229192,0.0818214759168378,-3.70391536018609,1.6940397919222,-2.18643940824042,0.0287834731071861
0,"",629339.729225237,0,0.666016218882482,0.870606553605427,0.0266282392712837,0.0000021676705735605,0.000531637534676038,0.097491602975176,0.107546817731351,0.0888647341695984,45.6364031293993,1.21023056824879,0.232421658380535,-0.0140863825406238,0.0326358162903373,85944.0417082599,-0.431623416902074,0.666016218882482,0.125605530740824,0.767197785929603,50.3913809554636,0.163719881684263,0.870606553605427,1.88687937264278,0.825158457211838,48.4058224295978,2.28668730975434,0.0266282392712837,0.147946573802153,0.0953527214729993,1.55157159142066,0.12076476499027,0.0633939766271951,0.0953665378748943,0.664740254179699,0.506216642252079,0.0845525971749577,0.0675634467796817,1.25145476148776,0.210768608700151,-1.76127384190196,1.12151169076517,-1.57044626142086,0.116311327128811,2.0124849033836,1.13188752619863,1.77799017729474,0.0754054681721157,-3.77375874528556,1.65031691442368,-2.28668730975434,0.0222140809382821
0,"",629334.555848452,0,0.326681417182131,0.957945316529592,0.0239527345686121,0.0000111934681354765,0.0000560343641167306,0.0983254804468949,0.105563141461557,0.0883099774915304,45.4339089686949,1.19537049447987,0.238144497698814,-0.0320089970973732,0.0326347423849833,85943.7358767909,-0.98082579355987,0.326681417182131,0.0429197632664174,0.809859349049774,50.1206450362553,0.0529965645476293,0.957945316529592,1.86914892192814,0.802498157542823,49.7488952643687,2.32916288263054,0.0239527345686121,0.164855942394725,0.0948709748506675,1.73768576378832,0.0822661985475256,0.0449879008125568,0.0948855855768724,0.474127872416506,0.635408723779854,0.119868041582168,0.0673179591794832,1.78062500769781,0.0749737316000915,-1.82622915866172,1.13486537499411,-1.60920334596621,0.107571885028855,1.91206868519456,1.14535212788267,1.66941557853413,0.0950350483806023,-3.73829784385628,1.60499631508565,-2.32916288263054,0.0198504384299998
0,"",629343.228530443,0,0.270953835147808,0.954449686667473,0.0449416452032936,0.0000141007857371125,0.0000661339456468328,0.077058784863262,0.103859833322827,0.0864542882100296,44.7508602586258,1.20132656775235,0.235944118224468,-0.0359289703934525,0.032636718062574,85946.2924593435,-1.10087571687099,0.270953835147808,-0.0460439584766425,0.80204612840061,49.8302948574199,-0.0574081176209409,0.954449686667473,1.61492164406734,0.785415433403639,50.6355967631209,2.05613688677976,0.0449416452032936,0.164603575434754,0.0930995254543041,1.76803882330792,0.0770544135259151,0.0444918816750287,0.0931136755108619,0.477823278169689,0.632775991509695,0.120111693759725,0.0671416223963814,1.78893046478124,0.0736260147703402,-1.66096560254398,1.11736237589171,-1.48650575532261,0.137145395677573,1.5688776855907,1.12774647468467,1.39116168465911,0.164176403065411,-3.22984328813468,1.57083086680728,-2.05613688677976,0.0397693236280974
0,"",629589.148716216,0,0.26778378197595,0.957940318042072,0.138067850351624,0.0000142883830745774,0.0000570244918211782,0.0430635172825931,0.0948550906673933,0.0845854829555341,44.2199138160585,1.12141099575276,0.268165920520881,-0.036219838707475,0.0326838428085188,85948.3427648079,-1.10818788719773,0.26778378197595,-0.0413162787319587,0.779442966786101,49.2705627046497,-0.0530074431261075,0.957940318042072,1.18616946277386,0.787151007613281,50.4604338814769,1.5069147486331,0.138067850351624,0.149413526162482,0.0913412620672458,1.6357725170524,0.101887205927731,0.0415311828752509,0.0913550140764254,0.454613064155482,0.649387634416599,0.107882343287231,0.0672447436655727,1.60432380891747,0.108642695667577,-1.22748574150582,1.10259999056591,-1.11326478506118,0.265594725874108,1.1448531840419,1.11290132326361,1.02871041673721,0.303615773514637,-2.37233892554771,1.57430201522656,-1.5069147486331,0.131832510515475
0,"",629742.316652079,0,0.43428316868852,0.83013765893811,0.211859138255281,0.00000711272724021622,0.000948634021659213,0.0307831135634465,0.0696338633508663,0.0828361067293649,42.6399223218271,0.840622116372129,0.405248968096,-0.0255779494698973,0.0327131044457087,85950.5551185437,-0.781886950299898,0.43428316868852,-0.166064442989326,0.769980306609994,48.9872649818284,-0.215673623810537,0.83013765893811,0.997322455111294,0.788684549517258,50.3469256877444,1.26453910593499,0.211859138255281,0.112592774986635,0.0897178004111552,1.25496584257137,0.209491159980728,0.0316369463970152,0.0897316140653824,0.352573022635736,0.724408565194529,0.0809558285896199,0.0673136783903898,1.2026653501256,0.229105847669089,-1.16338689810062,1.09707843333763,-1.06044095184814,0.288944039899951,0.831258012121969,1.10734136269462,0.750679095106836,0.452845807010857,-1.99464491022259,1.57736909903452,-1.26453910593499,0.206036593797685
0,"",629839.284255102,0,0.629027819873811,0.669027014585378,0.218302377380406,0.00000271526601212897,0.00375380157497689,0.029801592988382,0.0752147501771338,0.0802852813171295,42.2242139937016,0.936843577592175,0.354166819140375,0.015812718351335,0.0327319475952587,85951.9658433148,0.483097386897489,0.629027819873811,-0.335601093606807,0.780340810316271,49.0877876478518,-0.430069899164685,0.669027014585378,0.957179532691203,0.767860333854225,50.5875234208539,1.24655421108511,0.218302377380406,0.0787161320543146,0.087353518474825,0.901121482324725,0.367523732103247,0.0817411070003429,0.0873673635906777,0.935602307782867,0.349477985918279,-0.00302497494602833,0.0671329172161667,-0.0450594890177046,0.964059891684819,-1.29278062629801,1.08966317740293,-1.1864038843445,0.235462838474686,0.621578439084396,1.09987122196905,0.565137469431749,0.5719802644183,-1.91435906538241,1.53572066770845,-1.24655421108511,0.212560999964542
0,"",629806.618103667,0,0.104471720856575,0.522795997328267,0.269350792484388,0.0000306669902659726,0.00828696176592912,0.0243988460987041,0.099706900402848,0.078006974682527,41.9033555791492,1.27817930138472,0.2082212423183,0.0531328414514847,0.0327259736716186,85952.0929520245,1.62356793367355,0.104471720856575,-0.500230959449962,0.77722882399559,49.5717242271723,-0.64360834802596,0.522795997328267,0.873164776441592,0.781714634926668,49.8883279101708,1.11698660537871,0.269350792484388,0.0670925462776972,0.085283846325256,0.786697002640092,0.431459259132413,0.147268122839121,0.0852985106090744,1.72650286373762,0.0842569845641619,-0.0801755765614238,0.0672645897217995,-1.19194329279377,0.233283481250758,-1.37339573589155,1.09719808243427,-1.25172998192314,0.210668271222927,0.372933816991631,1.10746611619443,0.33674512613816,0.736309042326815,-1.74632955288319,1.56342926985334,-1.11698660537871,0.264000052377283
0,"",629837.582956561,0,0.0121713290324395,0.558152813870283,0.298815628363827,0.0000731295866210935,0.00701613848635938,0.0221482854902706,0.0860807232123046,0.078376844987744,41.5201101153236,1.09829278310151,0.278404986314192,0.0820643372029369,0.0327315881320694,85950.794912991,2.50719081737842,0.0121713290324395,-0.456781050800086,0.774722454235601,49.2003178988902,-0.589606056082084,0.558152813870283,0.851895423140937,0.811183011790543,48.6931381771459,1.05018893487492,0.298815628363827,0.0235679696812064,0.0856797038947085,0.275070624779108,0.78326197938208,0.162242064629351,0.0856952672687538,1.89324416388754,0.0583254067350052,-0.138674094948144,0.0675851572740066,-2.05184245389747,0.0401849759400434,-1.30867647394102,1.11649745781354,-1.1721266938698,0.241146194150869,0.395114372340851,1.12688018268346,0.350626782165924,0.7258683613564,-1.70379084628187,1.62236602358109,-1.05018893487492,0.293631255861007
0,"",629780.885914776,0,0.00120128359337801,0.686830596746275,0.285872702233594,0.000122023994489978,0.00333371550337652,0.0238026007057194,0.0713950025828966,0.083349752663859,41.7056582602951,0.856571259075301,0.396576995734605,0.1059699123536,0.0327200591546102,85948.589666319,3.23868339763282,0.00120128359337801,-0.309900802209136,0.764144402641809,49.1717608520519,-0.405552669283113,0.686830596746275,0.897445190313893,0.831506172591224,47.7747198234043,1.07930069540817,0.285872702233594,-0.0165372001734747,0.0902685412186931,-0.183200037911437,0.854641064621421,0.168587021015659,0.0902834438849842,1.86730826562652,0.0618585517982217,-0.185124221189134,0.0677842081196582,-2.73108185998629,0.006312678967173,-1.20734599252303,1.12409519942968,-1.07406026921526,0.282795670130737,0.587544388104758,1.13448153308521,0.517896828612923,0.604530254846174,-1.79489038062779,1.66301234518245,-1.07930069540817,0.280453703004118
0,"",629695.923930612,0,0.00000595979057481749,0.72876808399764,0.255073172514771,0.000238502655356173,0.00248332427433518,0.0270755306261505,0.0715132797963838,0.0868672726591562,43.1003049733589,0.823247669775275,0.414899195840963,0.148085055886353,0.0327036179433241,85947.6595235609,4.52809399079289,0.00000595979057481749,-0.254494266726843,0.729712012457092,48.8584567887934,-0.348759870171121,0.72876808399764,0.967432007444892,0.839801207697586,47.6859087728797,1.15197739486136,0.255073172514771,-0.0583162375622979,0.0934770362423921,-0.62385629569042,0.532721964509342,0.208947069179501,0.0934902028469027,2.23496219728678,0.0254198306319708,-0.267263306741799,0.0678455154418245,-3.93929215514574,0.0000817223650174308,-1.22192627417174,1.1074443654836,-1.10337486221092,0.26986440853911,0.71293774071805,1.11761279363992,0.637911220035432,0.523531473569002,-1.93486401488979,1.67960241539517,-1.15197739486136,0.249330362477407
0,"",629951.051889717,0,0.00000114660113122857,0.657696288605006,0.318777589003791,0.000275303675089156,0.00408830982071457,0.0211954641864367,0.0597816951898917,0.0877598917275023,44.3185519700023,0.681196090983294,0.499291530201909,0.159339961838386,0.032752317971422,85947.5984501549,4.86499801258092,0.00000114660113122857,-0.31822834667112,0.713764236095057,48.4222748264281,-0.445845183294865,0.657696288605006,0.835725599044235,0.829352386063648,46.892377713194,1.00768456579818,0.318777589003791,-0.082318232482404,0.0942742806445984,-0.873178049405998,0.382566037309472,0.21139026502178,0.0942862627095557,2.24200492146939,0.0249610542318894,-0.293708497504184,0.067817954524248,-4.33083686414001,0.0000148543706609543,-1.15395394571536,1.08918892863094,-1.05946169244102,0.289389566444378,0.517497252373115,1.09919834777143,0.47079515123209,0.637787027451546,-1.67145119808847,1.6587047721273,-1.00768456579818,0.313605916803567
0,"",630185.25746694,0,0.00000418360416306157,0.833511881304308,0.482854429620824,0.000246383327128958,0.000931466989833734,0.0107717072146439,0.0626412457827084,0.0856631062192649,44.6005068878799,0.731251159891059,0.468450404816093,0.150945453365004,0.0327975230717999,85948.7664735297,4.602343080438,0.00000418360416306157,-0.149373716588889,0.706765312764818,47.909951620254,-0.21134839796332,0.833511881304308,0.575309251181286,0.813207481234299,45.9633816492273,0.70745690916182,0.482854429620824,-0.0774774677714648,0.0922957130217962,-0.839448174078985,0.401217860188637,0.207223236206934,0.0923071246399699,2.24493219797688,0.0247724855598911,-0.284700703978399,0.0677246535873144,-4.20379712406128,0.0000262474212840224,-0.724682967770176,1.0724562055326,-0.675722667304896,0.49921674157205,0.425935534592397,1.08235156808709,0.393527895326266,0.693929625016044,-1.15061850236257,1.6264149624686,-0.70745690916182,0.479282582006359
0,"",630058.342758723,0,0.0000141859952249223,0.838503232700003,0.430678769490781,0.000219220116191897,0.00087512219491441,0.0135012201990478,0.0487976330655369,0.0853607575485596,44.7048733835176,0.571663542673893,0.570413252400493,0.1422774810492,0.0327736693912771,85950.1380009089,4.34121304363522,0.0000141859952249223,-0.14655588806876,0.71519055974453,47.9417707219182,-0.204918655695219,0.838503232700003,0.617075306600995,0.776192308496017,46.1807729368023,0.79500311951901,0.430678769490781,-0.0820712229382004,0.0919514628860211,-0.892549399022963,0.372098527335973,0.184045569407668,0.0919621040340939,2.00131968859081,0.0453579493062243,-0.266116792345869,0.0672930888188593,-3.95459321331209,0.0000766649785330712,-0.763631194669755,1.05053025950307,-0.726900713008473,0.467286780375022,0.470519418532235,1.06034440013637,0.443742069531109,0.657229075837714,-1.23415061320199,1.55238461699203,-0.79500311951901,0.426611687535854
0,"",629995.545517894,0,0.00011404322818983,0.720012349563569,0.221995921807674,0.000173211894223073,0.00270765561128395,0.0318912908755357,0.0481479307945574,0.0874790271252644,45.2503338603416,0.550393990157351,0.584756165777168,0.126418567839428,0.0327613808255259,85949.7055566838,3.85876799615632,0.00011404322818983,-0.262937181484593,0.729241820332133,47.8839461273055,-0.360562400775148,0.720012349563569,0.943343298834652,0.762102217770338,46.5120107612967,1.23781728597322,0.221995921807674,-0.06024884616508,0.09391582007166,-0.641519672820923,0.521185103482692,0.164401253518714,0.0939263064321846,1.75032171245244,0.0800628163768141,-0.224650099683794,0.0671270990706329,-3.34663798665589,0.000817979573476473,-1.20628048031925,1.0498576127794,-1.14899436422215,0.250558304559983,0.680406117350059,1.05971026162472,0.642068065196312,0.520828989805066,-1.8866865976693,1.52420443554068,-1.23781728597322,0.215783817433889
0,"",629856.547168174,0,0.000333480875080246,0.801270609131809,0.211024518262821,0.00014975563055697,0.00132063282683996,0.0330956021141504,0.0447380312537656,0.0903217314626131,45.3102707603331,0.495318574271176,0.622768993109919,0.117449300562681,0.0327344293681577,85949.4530442096,3.5879440341468,0.000333480875080246,-0.18674940431121,0.737880789862729,48.4384270217144,-0.253088855106191,0.801270609131809,0.950480142179858,0.749553451823478,46.9779571644378,1.26806185718654,0.211024518262821,-0.0557210971196437,0.0965541611101792,-0.577096797061492,0.563874067907744,0.150777219598852,0.0965642472172463,1.56141868179886,0.118424996804483,-0.206498316718495,0.0669520724659812,-3.08427071952729,0.00204051824102306,-1.13722954649107,1.04687718648184,-1.086306551691,0.277343389371548,0.763730737868648,1.05671426166288,0.722741014838595,0.469839012141886,-1.90096028435972,1.49910690364696,-1.26806185718653,0.204775861432289
0,"",629984.75274293,0,0.00101616309678593,0.769324932102522,0.368934512926296,0.000125625342558897,0.00177218661477013,0.0167523968689165,0.0380703913851969,0.0948704838339552,42.6838557358302,0.401288049208526,0.69021005678408,0.107646951170489,0.0327580128666111,85948.1531299705,3.28612579794816,0.00101616309678593,-0.222684095381075,0.755145370366512,48.9821095849214,-0.294889042719012,0.769324932102522,0.695581982055721,0.766940896899917,48.2790590177364,0.90695643545332,0.368934512926296,-0.0558576946543627,0.100885718837209,-0.553672960832997,0.579802683417945,0.138652263612445,0.100896551177089,1.3742022100348,0.169378914843914,-0.194509958266808,0.0671702413079603,-2.8957757852175,0.00378222529148154,-0.918266077436795,1.07126589221218,-0.857178487724056,0.391346249492125,0.472897886674646,1.08133025835316,0.437329745488543,0.661872226203829,-1.39116396411144,1.53388179379983,-0.90695643545332,0.364429835288553
0,"",630078.59517346,0,0.00097735938679787,0.648176599094263,0.461347621575781,0.000126464921104919,0.00426057141575727,0.0110817413400472,0.0151280958468607,0.0946875153288313,41.1246510586039,0.159768643145021,0.873845472258182,0.108064131143364,0.032775726896572,85947.5425536668,3.29707809332115,0.00097735938679787,-0.355150788662388,0.773568145029907,49.2613451648164,-0.459107308055786,0.648176599094263,0.580262519833932,0.781554636673341,49.1906699914669,0.742446519546987,0.461347621575781,-0.0789609910949819,0.10077428679316,-0.783543040667209,0.433308289166776,0.119829065097157,0.100786244423219,1.18894265564628,0.234462233207566,-0.198790056192139,0.0673524735991136,-2.9514885730159,0.00316246247438706,-0.93541330849632,1.09451491895585,-0.854637330470281,0.392751954539458,0.225111731171544,1.10476592199628,0.203764188132064,0.83853777940192,-1.16052503966786,1.56310927334668,-0.742446519546987,0.457816843155383
0,"",630213.802070056,0,0.00176059052748242,0.548333916457683,0.425538648309316,0.000113827172239769,0.00739145152744766,0.0126942084805132,-0.0136063508095698,0.0918240964067052,41.6668810034155,-0.14817843400609,0.882916736268097,0.102604121526156,0.0328018310573926,85948.4508879696,3.12799981643196,0.00176059052748242,-0.484409048691436,0.801413205242405,49.0636420984835,-0.604443557359297,0.548333916457683,0.605309042129682,0.753445951670826,50.1991280401707,0.803387476948229,0.425538648309316,-0.0999301197385373,0.098097069707576,-1.01868608345209,0.308352021510845,0.0871915287731409,0.0981092618309126,0.88871863008624,0.374154316091184,-0.187121648511678,0.0671138967954166,-2.78812075362099,0.0053014778943185,-1.08971809082112,1.09485760423713,-0.995305769995913,0.319587572330972,0.120899993438246,1.10506772719877,0.109405053158791,0.912881225968158,-1.21061808425936,1.50689190334165,-0.803387476948229,0.421750810966395
0,"",630299.704327733,0,0.0853896983912664,0.405276115985168,0.414942770380882,0.0000344296578954289,0.0142777699252431,0.012991644166485,-0.0188523155201255,0.0889142820264885,42.2868629589096,-0.212027978975404,0.833103889122531,0.0564561391454781,0.0328184711228131,85948.4400926117,1.72025500317209,0.0853896983912664,-0.684071616174955,0.81482389407284,48.6597419531262,-0.839533083345986,0.405276115985168,0.621495265689468,0.756179862405918,51.3194681046544,0.821888146706356,0.414942770380882,-0.0558033281975747,0.0954136458854404,-0.584856890015246,0.55864394775546,0.0385387122527235,0.0954267141066538,0.403856641334739,0.686318142008947,-0.0943420404502982,0.067171650919168,-1.40449191227749,0.16017241836462,-1.30556688186442,1.10649076228515,-1.17991665756715,0.238033364012694,-0.0625763504854868,1.11676771008932,-0.056033452543575,0.955315157738844,-1.24299053137894,1.51235972481184,-0.821888146706356,0.411140559727315
0,"",630368.736520912,0,0.604829401120559,0.358880315898298,0.403530082816096,0.00000311561535874958,0.0175305835771996,0.0136353093468196,-0.0435911671532045,0.0912315336467019,44.2513839249257,-0.477808115360784,0.635138674973657,0.0169892235422477,0.0328313174245157,85945.9175254255,0.517470052224027,0.604829401120559,-0.749334091340159,0.808894710850117,48.093862565562,-0.926367895955999,0.358880315898298,0.658025203865194,0.78122737334641,51.3218939067631,0.842296655641397,0.403530082816096,-0.0395544889050091,0.0976130105668481,-0.405217385216504,0.685317726915445,-0.0252377918217273,0.0976263973648996,-0.258514013657552,0.79601023506998,-0.0143166970832819,0.067449842875142,-0.212256937496265,0.831906588850128,-1.40735929520535,1.11934008470153,-1.25731161998065,0.208640817941612,-0.0913088874749652,1.1297484228776,-0.0808223190455011,0.935583258101719,-1.31605040773039,1.56245474669282,-0.842296655641397,0.399621922579145
0,"",630539.590551498,0,0.737427955608861,0.329763686898327,0.407938214233569,0.00000130784521036451,0.0196824840764616,0.0134484844429432,-0.0657983655683187,0.0917195830872627,45.9762940909651,-0.717386226076907,0.476765001545741,-0.0110180774722639,0.0328640394060775,85943.4619685417,-0.33526242273877,0.737427955608861,-0.782940999383685,0.795243603258443,48.2774759984756,-0.984529766948958,0.329763686898327,0.675379313562738,0.809413461956923,51.0741426890067,0.834405832502304,0.407938214233569,-0.0329930303691317,0.0981045441271691,-0.336304813020324,0.736641020830168,-0.0752094749762152,0.0981182321510554,-0.766518855134164,0.443367637166381,0.0422164446070834,0.067804300835418,0.622621929389934,0.533532996997899,-1.45832031294642,1.12945241399879,-1.29117463902998,0.196643127083838,-0.107561685820947,1.13993961522242,-0.0943573540077035,0.92482529117928,-1.35075862712548,1.61882692391385,-0.834405832502304,0.404052331683776
0,"",630624.797873777,1,0.312236511087577,0.408621852926089,0.331638817757312,0.0000118812978589934,0.0140316343867374,0.0184300221384441,-0.0506322877460035,0.0948259649884916,49.9915308421755,-0.533949617619483,0.595742866415967,-0.0332269621114157,0.0328802002359884,85949.4934585459,-1.01054622152354,0.312236511087577,-0.647205211818563,0.776489671506749,48.8165817826724,-0.833501378791923,0.408621852926089,0.806394887085581,0.822750921008494,51.1627861304694,0.98012030919046,0.331638817757312,0.00431141224909333,0.101010882431916,0.0426826510697926,0.965954509406179,-0.0862375383937012,0.101023853979997,-0.853635403879725,0.393307035615047,0.0905489506427945,0.0679760957508063,1.33207048216976,0.182837028914105,-1.45360009890414,1.12607177634202,-1.29085918805822,0.196752509438598,0.159189675267018,1.13651789712256,0.140067900092075,0.888606342544064,-1.61278977417116,1.64550184201699,-0.98012030919046,0.327026735256321
0,"",630848.790880253,0,0.0681766100752634,0.416860600769909,0.36926928459632,0.0000387053837811358,0.0133330980158009,0.0158364338346013,-0.0335376345708171,0.0970077806485175,46.9343009247327,-0.345721078728025,0.731097215677201,-0.0600459943812632,0.0329224679066351,85939.9563365268,-1.82386067021305,0.0681766100752634,-0.635438693743296,0.77613402252841,49.603618492282,-0.818722894885125,0.416860600769909,0.767344595241488,0.847087944816446,50.9957246404714,0.905861782046447,0.36926928459632,0.047465896217782,0.103116484376576,0.460313367981387,0.645291307263224,-0.0955542988015846,0.103129777810182,-0.926544212840825,0.354163231396378,0.143020195019367,0.0683178501783906,2.09345280400239,0.0363087529446984,-1.40278328898479,1.14361691916287,-1.22661991570711,0.219965480241471,0.131905901498192,1.15413359563067,0.114289976478947,0.909007928045239,-1.53468919048298,1.69417588963289,-0.905861782046447,0.365009015092146
0,"",631346.176943607,0,0.00235302873589509,0.517587180736097,0.491085189862413,0.000107645086378009,0.00850584131345363,0.00922750565206491,-0.0338285740532685,0.09449756920767,46.3120248477776,-0.357983536898458,0.721982156821718,-0.100431754441455,0.0330180992959083,85940.3261644757,-3.04171822676362,0.00235302873589509,-0.511342491572209,0.784588468517572,49.5122666585173,-0.651733376273497,0.517587180736097,0.596612153963312,0.860255373325626,51.6438993700916,0.693529122238311,0.491085189862413,0.0831559865157052,0.100824600086935,0.824758902529783,0.409508483322938,-0.135534254458937,0.100838804314395,-1.34406844052186,0.178926256336906,0.218690240974643,0.0686354781773728,3.18625653644442,0.00144126736361728,-1.10795464553552,1.15899663636948,-0.95596019070957,0.339092347359552,0.0852696623911027,1.16959973555783,0.0729049945881136,0.941881719416385,-1.19322430792662,1.72051074665125,-0.693529122238311,0.487977556394254
0,"",631609.2251501,0,0.0000124013905229365,0.609566832380929,0.502012569185955,0.000222230815682849,0.00530781341545082,0.00866851234849163,-0.0390942541625571,0.0949093605646721,46.3208654926405,-0.41191146932149,0.682304298963535,-0.144531574550448,0.0330685563396202,85939.7710339622,-4.37066478095028,0.0000124013905229365,-0.405695751511454,0.789353048929895,49.50298605105,-0.513959820718302,0.609566832380929,0.587461469509558,0.869008065899678,52.2619353543229,0.676013828365751,0.502012569185955,0.120275056751874,0.101249541814343,1.1879071707052,0.23486998429839,-0.186341402588502,0.101264020669676,-1.84015409773576,0.065745616878251,0.306616459340376,0.0688238558036416,4.45508981965745,0.00000838580793366057,-0.993157221021012,1.16865273053782,-0.849830916463914,0.395419098335582,0.181765717998105,1.1793037370897,0.154129688799824,0.877507479695643,-1.17492293901912,1.73801613179936,-0.676013828365751,0.499031865394766
0,"",631437.264947146,0,0.000000080113201294138,0.510589048194563,0.756295637487212,0.000335112438956515,0.00879387114481762,0.00186586595947433,-0.0268623356039495,0.096641524300858,46.8629948545355,-0.277958525574612,0.782266882509306,-0.17730950738499,0.033034900968158,85937.3420933524,-5.36733885038424,0.000000080113201294138,-0.533925921295323,0.805668192261883,49.5032208260056,-0.662711928339067,0.510589048194563,0.277603914468301,0.889790656547343,52.0695657422785,0.311987895608489,0.756295637487212,0.162571400956143,0.102933058629852,1.57938958698149,0.114246724340643,-0.20034240059947,0.102948285537837,-1.946048926923,0.0516488627031067,0.362913801555613,0.0690005992465994,5.25957463439708,0.000000144389016453529,-0.811529835763624,1.19495833274427,-0.679128144911892,0.49705667078789,-0.256322006827022,1.20570804094855,-0.212590443226512,0.831646426261051,-0.555207828936602,1.77958131309469,-0.311987895608489,0.755049722444753
0,"",631669.57789969,0,0.000000000524199184147449,0.439740768698598,0.991088511528758,0.000448892427663261,0.012278590103756,0.00000241991875477174,-0.0203990683107963,0.0924289974497275,45.9536456763086,-0.220699876376907,0.826303777944268,-0.205505298917372,0.0330798620014948,85937.2389326457,-6.2123989183536,0.000000000524199184147449,-0.653260252026976,0.838589906824509,48.8156607772353,-0.778998467201542,0.439740768698598,0.0100588590227889,0.896279295796866,52.048579101536,0.0112229068215234,0.991088511528758,0.195016196407187,0.0990749695373007,1.96836998606157,0.0490254826866422,-0.216294959476463,0.0990919948576804,-2.18276925181609,0.0290528071187034,0.411311155883649,0.0691557558170241,5.94760553224113,0.00000000272093341432966,-0.663319111049765,1.22196068136545,-0.542831795789499,0.587245619112585,-0.643201393004187,1.23284683111935,-0.521720441476253,0.601864989963912,-0.0201177180455777,1.79255859159373,-0.0112229068215234,0.991045603893299
0,"",631713.553617399,0,6.62951540957595e-12,0.450526225924474,0.926039762742829,0.000548305228780068,0.0119565881521363,0.00016621652397466,-0.0322209865962095,0.0893891634418828,45.4441340344054,-0.360457412907307,0.720175176603133,-0.22720083125409,0.0330888663695171,85940.0251541374,-6.86638305213737,6.62951540957595e-12,-0.644680552925883,0.84740010359288,47.8278513199902,-0.760774692134815,0.450526225924474,0.0805149614033399,0.863182340027576,52.3361409566041,0.0932768867824239,0.926039762742829,0.205814241897522,0.09619793104498,2.13948719750831,0.0323962316787778,-0.25099320238493,0.0962149499703904,-2.60867154701189,0.00908944398328062,0.456807444282451,0.0687953521484058,6.64009166341678,3.13488137111643e-11,-0.725195514329224,1.20417338357649,-0.602235130106707,0.547017634443799,-0.564165591522544,1.21503408910835,-0.464320792790724,0.642417929028949,-0.16102992280668,1.72636468005515,-0.0932768867824239,0.92568359369148
0,"",631649.365951293,0,4.3349665263421e-12,0.45711447694731,0.807784638252496,0.00055798053217719,0.011607046526467,0.00113686633387663,-0.029716779724603,0.0907467296114123,45.661604321187,-0.327469428946405,0.744809542044087,-0.229114018718561,0.0330764889462369,85941.529282551,-6.92679380483723,4.3349665263421e-12,-0.642144057786829,0.856552847462888,47.859099747028,-0.749684108445687,0.45711447694731,0.200451917650754,0.819794187788274,52.5299925666874,0.244514929035486,0.807784638252496,0.211985595278618,0.097391843021636,2.17662576969125,0.0295085008348791,-0.252231932331467,0.0974076441495587,-2.58944700422272,0.00961302182891947,0.464217527610085,0.0682980682411723,6.79693495826049,1.068683145254e-11,-0.842595975437583,1.18025410021177,-0.713910653041918,0.475282429531888,-0.441692140136076,1.19100413122279,-0.370856933705676,0.710744093265554,-0.400903835301508,1.63958837557655,-0.244514929035486,0.806832041117694
0,"",631592.257723302,0,0.000000000236855881020807,0.50726600550062,0.83188185409767,0.000466892191478614,0.00920225379927601,0.000862181359308411,-0.0223151729193562,0.0906253524939249,44.6733752101261,-0.246235433079856,0.806627900293248,-0.209507242689208,0.0330657832654903,85945.0811722701,-6.33607378984618,0.000000000236855881020807,-0.555845346380168,0.831979546730766,48.0588585380585,-0.668099773082575,0.50726600550062,0.168682373847971,0.790662435370467,52.7453241392806,0.213343098523373,0.83188185409767,0.198016490187487,0.0971750322788959,2.03773012000833,0.0415769302306538,-0.226038213475469,0.0971893133696735,-2.32575172761742,0.0200317992017883,0.424054703662956,0.067971581966116,6.23870581494408,0.000000000441205845860262,-0.724527720228139,1.14246185718898,-0.634181102562877,0.525962638820162,-0.387162972532196,1.1530199524019,-0.335781676393094,0.737035508850679,-0.337364747695943,1.58132487074093,-0.213343098523373,0.831059359496487
0,"",631661.44138745,0,0.000000039513633870501,0.56799926831741,0.760147451516223,0.000351010343078963,0.00689744100670703,0.00180166688313867,-0.018911372251578,0.0895925074635296,43.2459333368119,-0.211082073568219,0.833814766192871,-0.181720854189849,0.0330791890917534,85946.3519309169,-5.49350994323956,0.000000039513633870501,-0.48192291617708,0.838127057808081,47.6037909809374,-0.574999830499964,0.56799926831741,0.239122568333323,0.779176652575244,52.1809061207683,0.306891341704096,0.760147451516223,0.1735818778683,0.0962076036958732,1.80424281657631,0.0711932498409451,-0.197004797194439,0.0962218574174763,-2.04740172848356,0.0406186568107717,0.370586675062739,0.0678775928601288,5.45963195581176,0.0000000477122612414843,-0.721045484510402,1.13909697825828,-0.63299745172962,0.526735307077543,-0.242800347843757,1.14961059320956,-0.211202253422083,0.832729452438422,-0.478245136666646,1.55835330515049,-0.306891341704096,0.758926079604351
0,"",631961.147852655,0,0.000000156004529781121,0.654566021785124,0.788511014709796,0.000320080999107947,0.00425315628498093,0.00141993153967308,-0.00938058426713754,0.0918295721906387,44.0072647021037,-0.102152106814386,0.919099994088471,-0.17382646612023,0.033136545229153,85944.565738881,-5.24576309685116,0.000000156004529781121,-0.382242505062485,0.848919339543663,47.4660070289632,-0.450269521799279,0.654566021785124,0.211806739201134,0.785473622728598,51.136597180551,0.269654808350349,0.788511014709796,0.17332095811196,0.0983423808256894,1.76242385690427,0.0779977107934056,-0.180660745625827,0.0983567361613153,-1.83679077485374,0.0662407883137015,0.353981703737787,0.0680460511939478,5.20209031276264,0.000000197059416588219,-0.59404924426362,1.15125763892252,-0.516000262825271,0.605854225653731,-0.170435765861351,1.1618397320327,-0.146694730058132,0.883372978408461,-0.423613478402269,1.5709472454572,-0.269654808350349,0.787425830651803
0,"",632061.518985645,0,0.00000122762572644181,0.6712507949653,0.830448366078163,0.000273784988421264,0.00381020042252515,0.00091442486641986,-0.00177704383752774,0.0935515685482022,44.3437275141631,-0.0189953398441643,0.984930037337264,-0.16085444322883,0.0331558006887055,85944.5874532798,-4.85147213723072,0.00000122762572644181,-0.355145198787379,0.831586224577814,47.6860766157474,-0.427069602995988,0.6712507949653,0.170399161610215,0.791685741003787,50.6155455839551,0.215235860373289,0.830448366078163,0.166929014928207,0.0999362731882367,1.67035461302209,0.0948492238576473,-0.159871387319908,0.0999500949095882,-1.5995121111643,0.109706859724545,0.326800402248114,0.0681448652101754,4.79567170967588,0.00000162130619453654,-0.525544360397594,1.14287456290412,-0.459844306152157,0.645627978522933,-0.184746037177164,1.15344772586334,-0.160168539097759,0.872748311571237,-0.34079832322043,1.58337148200757,-0.215235860373289,0.829583433520566
0,"",632134.699652832,0,0.00000733499304480587,0.699358838374447,0.890024675115498,0.000233891146459853,0.00313671015522941,0.000383213193031926,-0.00611858394621851,0.09514315655811,44.7931870702899,-0.0643092384945364,0.949010141803637,-0.148733426416162,0.0331697807833302,85944.2035402028,-4.48400390065013,0.00000733499304480587,-0.318608670657101,0.820081676619494,47.9691670657082,-0.388508461706469,0.699358838374447,-0.110906874106375,0.798039963213057,50.3802987454453,-0.138974085533064,0.890024675115498,0.145717900509815,0.101421917411399,1.43674961220401,0.150789152414083,-0.148435062186863,0.101435375364328,-1.46334611227814,0.143372695975931,0.294152962696678,0.0682360532875566,4.31081442323569,0.0000162654369112323,-0.207701796550726,1.13899377120894,-0.182355515720046,0.855303733723847,-0.429515544763476,1.14956368573973,-0.373633536002913,0.708676979954725,0.22181374821275,1.59607992642611,0.138974085533064,0.889470627051892
0,"",632290.585610327,0,0.0000355263281717284,0.546034669347683,0.764106735037958,0.000198907212431698,0.00760176316832997,0.00181727889223293,-0.0144762756297834,0.0935625996618985,46.3477575140228,-0.154722888013965,0.877711613346762,-0.137284449568109,0.0332004473838757,85944.4620757915,-4.13501806107538,0.0000355263281717284,-0.483819970463069,0.795749339065831,48.2599265919371,-0.608005494583317,0.546034669347683,-0.240254933130373,0.796249620432287,50.0074392939611,-0.301733183872588,0.764106735037958,0.126447027621241,0.0999027904390463,1.2657006582653,0.20562027257661,-0.140943069845953,0.0999155867770827,-1.4106214494882,0.15835626354479,0.267390097467193,0.0682725672710901,3.91650860887458,0.0000898406090767013,-0.243565037332695,1.12046805716976,-0.217377939312189,0.827913822041838,-0.724074903593442,1.13093424662389,-0.640244917646608,0.52201338489642,0.480509866260747,1.59249924086457,0.301733183872588,0.762855469500511
0,"",632344.010520362,0,0.00123247426537809,0.481396474645396,0.817977482914777,0.000121475779798823,0.010404600800382,0.00107587292673799,-0.0223240488247001,0.0890061482412192,45.3193145466079,-0.250814682646404,0.803091085446382,-0.10731803421812,0.0332113757051777,85946.705010462,-3.23136371015758,0.00123247426537809,-0.554458308836917,0.781373651555296,47.890846395245,-0.709594324985604,0.481396474645396,-0.186505037516475,0.806091090457135,49.7032073815415,-0.231369679834456,0.817977482914777,0.0904911952193781,0.0956441530200382,0.946123650657657,0.34408552207656,-0.118572114909011,0.0956574607439968,-1.2395490533283,0.215142234488198,0.209063310128389,0.0683952300391752,3.05669430468531,0.00223792381998565,-0.367953271320442,1.11741040598473,-0.329291072778384,0.741935691105075,-0.740963346353392,1.12785160527239,-0.656968827184,0.51120096068252,0.37301007503295,1.61218218091427,0.231369679834456,0.81702761813861
0,"",632384.762395769,0,0.011677587786603,0.591859947169639,0.965616854566225,0.0000739861600235244,0.00614803132362912,0.000038445583094148,-0.0263799287415816,0.0876409402152525,43.9085900697683,-0.301000065457885,0.764835231620063,-0.0837720578460411,0.0332192271631098,85948.1827285963,-2.52179430408516,0.011677587786603,-0.41164608935822,0.762553427595673,47.1078261563101,-0.539825898699503,0.591859947169639,-0.0357944922481054,0.826130381489004,48.8283529883623,-0.0433278972062376,0.965616854566225,0.0630073396591071,0.0943817582563239,0.66757963427626,0.504401961283556,-0.103467238948577,0.0943952864165118,-1.09610599084403,0.273032393224453,0.166474578607684,0.0686222724521349,2.42595549023537,0.0152681427021527,-0.375851597110115,1.1190524293164,-0.335865940919062,0.73697196178639,-0.447440581606326,1.12946001910436,-0.396154422501063,0.691991112097917,0.0715889844962109,1.65226076297801,0.0433278972062376,0.965440153343729
0,"",632320.600653761,0,0.000384567266815826,0.71959106910882,0.98714360063495,0.000146658670868848,0.00271413163770666,0.00000545386189836433,-0.0211919161071388,0.089687969183998,43.8372319033199,-0.236284936541074,0.814312145394198,-0.117902663342499,0.033206456330606,85947.0006056751,-3.55059456416099,0.000384567266815826,-0.274447661104858,0.759973345055915,47.9193705798488,-0.361128009147039,0.71959106910882,0.0136028150370411,0.839795102072612,48.1065714265353,0.016197778486049,0.98714360063495,0.101014211917537,0.0963034667942829,1.04891563388177,0.294216949393074,-0.135197565989997,0.0963170027476221,-1.40367289401907,0.160416277648677,0.236211777907535,0.0687470748498742,3.43595387037717,0.000590471501824261,-0.288050476141899,1.1273864975328,-0.255502861505151,0.798334733778208,-0.260844846067817,1.13781821153556,-0.229250018520788,0.818674598413905,-0.0272056300740822,1.67959020414522,-0.0161977784860491,0.987076607743304
0,"",632289.837540689,0,0.00000308113996068073,0.774918560342554,0.870126549611282,0.00025321223954806,0.00169903641986954,0.00056688360806651,0.00411354408061298,0.0922235417754424,43.4564391486848,0.0446040566369611,0.964627244272011,-0.154900395351119,0.0332002146649399,85946.5784254476,-4.66564439159174,0.00000308113996068073,-0.222253986236478,0.772937973125588,48.5812440693757,-0.287544400668702,0.774918560342554,0.135673158170451,0.825356916368246,47.6391622578202,0.164381197370276,0.870126549611282,0.164361359249878,0.0986626234010915,1.66589285368688,0.0957347572512731,-0.149493336534039,0.0986758633104087,-1.51499395615898,0.129773934686737,0.313854695783917,0.0685797616397622,4.57649149369375,0.0000047283892582598,-0.357927144406929,1.1255267553735,-0.318008561500748,0.750478442635873,-0.0865808280660275,1.13599464009792,-0.0762158772673123,0.939247351197448,-0.271346316340902,1.65071383273649,-0.164381197370276,0.869431064551424
0,"",632329.362724167,0,0.0000002068816130095,0.671959087755075,0.660248484773145,0.000313729579667612,0.00370715380354794,0.00406394194968571,0.0332889483813717,0.0986989910434286,44.177929900529,0.337277494222045,0.737504972242381,-0.172460766661842,0.0332072455465385,85945.5069728688,-5.19346798638105,0.0000002068816130095,-0.334542273148115,0.78525266334777,48.7786277245906,-0.426031376604137,0.671959087755075,0.347869772155388,0.786470944013247,47.9459558791464,0.442317386043863,0.660248484773145,0.215944928656432,0.104696707739934,2.06257611455022,0.0391529190388618,-0.139370930679269,0.104708292081727,-1.33104005335592,0.183175832072391,0.355315859335701,0.0681836550002398,5.21115888161834,0.000000187664645346026,-0.682412045303504,1.10618212730466,-0.616907495121333,0.537295742816586,0.0133274990072728,1.11654721502292,0.0119363505886307,0.990476396301771,-0.695739544310777,1.57294188802649,-0.442317386043863,0.658259551583141
0,"",632100.976771432,0,0.000000165578237993205,0.566806893007383,0.641304604933046,0.000318744084630583,0.00673902007158381,0.00447202131949815,0.0664568336171166,0.105728274400582,46.541624133637,0.628562548607631,0.53270826995367,-0.173597937628884,0.0331624811164978,85943.791039419,-5.23476928698565,0.000000165578237993205,-0.457068934523381,0.792611388723365,49.0127891793057,-0.576662083116882,0.566806893007383,0.344104017690445,0.734031482175682,48.921494711603,0.468786456775008,0.641304604933046,0.252024268919976,0.111269070262963,2.26499842520806,0.023512776154119,-0.105453411852994,0.111278329990856,-0.947654515139288,0.343305363622644,0.35747768077297,0.0675785773040863,5.28980773247729,0.000000122445006085276,-0.801172952213826,1.07526605255589,-0.74509276128401,0.456215644835379,-0.112964916832935,1.08529856580523,-0.104086488632851,0.917100713122882,-0.688208035380891,1.46806296435136,-0.468786456775008,0.639222281403816
0,"",631969.860669361,0,0.00000014595319041785,0.483058494391522,0.677190320410227,0.000321582281100897,0.0100748980345704,0.00352427223919139,0.0732329610936208,0.107445818502272,47.643536754452,0.681580373386724,0.498804261255423,-0.174236171404866,0.0331371521040708,85943.7859623656,-5.25803095141242,0.00000014595319041785,-0.549523663305427,0.777526477605711,49.0799486952199,-0.706758778167416,0.483058494391522,0.297682000299289,0.710842955514922,49.5855458526722,0.418773229712397,0.677190320410227,0.260126357373433,0.11284014245259,2.30526434759444,0.0211517729828638,-0.0972407041117627,0.112847965653953,-0.861696562700567,0.388854517598885,0.357367061485195,0.0673107966171523,5.30920861801434,0.00000011010225176738,-0.847205663604716,1.04861247142501,-0.80793018077823,0.419130776000589,-0.251841663006137,1.05834878293415,-0.23795715275255,0.811914326863208,-0.595364000598579,1.42168591102984,-0.418773229712397,0.675381871176386
0,"",631838.462744732,0,0.00000184366950569585,0.392740980131256,0.614366536608892,0.000264691706882082,0.0148935001126526,0.00511748672564424,0.0520693094469931,0.105566775091594,48.020665008805,0.49323576856275,0.624094189088237,-0.157950313327913,0.0331120555244653,85943.5712850364,-4.77017541877488,0.00000184366950569585,-0.672415297042171,0.779847068195327,49.1748103487869,-0.862239949940738,0.392740980131256,0.364900236773704,0.719687437815401,49.9776140339065,0.507025991562882,0.614366536608892,0.225517082886207,0.11106209065381,2.0305495922021,0.0423007056001097,-0.101286738949204,0.111070479606747,-0.911914122526672,0.361813926612961,0.326803821835411,0.0673486697492546,4.85241687849414,0.00000121965908349567,-1.03731553381587,1.05625311219971,-0.982070984534757,0.326064878796586,-0.307515060268467,1.06609205925788,-0.288450755821718,0.773001720358876,-0.729800473547408,1.4393748756308,-0.507025991562882,0.612136581624319
0,"",631689.895571592,0,0.00000650681732456142,0.383967273138268,0.746960363099679,0.000236561392692541,0.0153152310383279,0.00210455243609568,0.040928190308813,0.103229621990406,47.6815193422871,0.396477188617592,0.693521909334897,-0.149189874867217,0.0330835060721341,85942.7062360633,-4.50949408269875,0.00000650681732456142,-0.702172522173102,0.799386473719362,49.6075453005453,-0.878389296363815,0.383967273138268,0.242663069701376,0.74794298535456,49.9109317906047,0.324440598351681,0.746960363099679,0.204233877982716,0.108908781704061,1.87527465450566,0.0607549483373481,-0.101396628383789,0.108918994698582,-0.93093613895712,0.351886599160526,0.305630506366505,0.0675707561314492,4.52311804491198,0.0000060935232633929,-0.944835591874478,1.08963274210646,-0.867113803911528,0.385879657947235,-0.459509452471725,1.09980697158306,-0.417809183197219,0.676086636162645,-0.485326139402753,1.49588597070912,-0.324440598351681,0.745604487515334
0,"",631446.423110153,0,0.0000026685043873253,0.556202675879757,0.952636483406597,0.000256431681337681,0.00696919581649778,0.0000716825705391373,0.0557502050516245,0.100649418220348,46.9962811205114,0.553904891229205,0.582270034144003,-0.15511241664991,0.0330368884022347,85943.2543458384,-4.69512790555113,0.0000026685043873253,-0.474216698302597,0.800401396496925,50.0170487835748,-0.59247360184287,0.556202675879757,0.0455954354427655,0.763783889786051,49.7115202425062,0.0596967755572033,0.952636483406597,0.21862859795994,0.106480352494837,2.05322947226851,0.0400503273119644,-0.0929586239651281,0.106491471267144,-0.872920834495117,0.38270622931446,0.311587221925068,0.067644031363081,4.60627812456381,0.00000409940020695336,-0.519812133745362,1.10119280223043,-0.472044616249308,0.636894942829516,-0.428621262859831,1.1114813826321,-0.385630627338814,0.699770247132721,-0.0911908708855311,1.5275677795721,-0.0596967755572033,0.952397139889475
0,"",631512.433785974,0,0.00000347278640896628,0.831856521606216,0.877913395118351,0.000250547622857092,0.000916428794421195,0.000486648507122121,0.0677814148190481,0.0959344101319256,44.7168625244858,0.706539131536198,0.483518365283504,-0.153384008410142,0.0330499476576773,85944.7796448821,-4.64097583448099,0.00000347278640896628,-0.174145860782872,0.815895724362067,49.6661035079673,-0.213441320481282,0.831856521606216,0.119835461440586,0.776037185233047,48.9754963212662,0.154419741374376,0.877913395118351,0.225557494557637,0.10208632111371,2.20947813670745,0.0271414014773425,-0.0847911980031576,0.102098912425324,-0.830480912959526,0.406266935045454,0.310348692560795,0.067792202587402,4.57794083560972,0.00000469575454176505,-0.293981322223458,1.12079488236914,-0.262297166812575,0.793092346139962,-0.0543103993422857,1.13121966189093,-0.0480104803442873,0.961707890133278,-0.239670922881172,1.55207437046609,-0.154419741374376,0.877278788981325
0,"",631802.305778511,0,0.0000123409613452467,0.930287935232272,0.703328277015868,0.000222324113284089,0.000156754045190438,0.00299782859872194,0.0788506637939055,0.0963984550145835,42.1774019014922,0.817966053314616,0.417973773338139,-0.144728983498778,0.0331056441835303,85945.6309146691,-4.37173137898881,0.0000123409613452467,-0.0727279405860922,0.827106294866869,49.3165954797424,-0.0879305852675181,0.930287935232272,0.293386246187359,0.765873160890101,48.8039648656982,0.383074197098621,0.703328277015868,0.229049381255724,0.102540968866596,2.23373529417021,0.0255004952645313,-0.0691749475657347,0.102553471528031,-0.674525655104974,0.499977180798537,0.298224328821459,0.0677902462769067,4.39922179369706,0.0000108639751274019,-0.366114186773451,1.12202506782671,-0.326297689126134,0.744199136446671,0.220658305601266,1.13242783007521,0.194854188267884,0.845507099136209,-0.586772492374717,1.5317463217802,-0.383074197098621,0.701664750776502
0,"",632236.633685793,0,0.0000414906398742415,0.970961448410449,0.582385688072401,0.000195477756616112,0.0000275872984585611,0.00627133880836492,0.10259739419671,0.0970126135139571,41.7479041845746,1.05756757271517,0.296333925712448,-0.136050619709747,0.0331893072403989,85945.3578588292,-4.09923047577632,0.0000414906398742415,0.0302736789476174,0.827359726447555,48.5311400611693,0.0365907089502699,0.970961448410449,0.42850884565204,0.774026293931015,48.5641404655362,0.553610192588924,0.582385688072401,0.244597634257958,0.103155520122595,2.37115409788315,0.0177326361655172,-0.0403074214090439,0.103168182630904,-0.390696243562302,0.696021775822239,0.284905055667002,0.0680244156758086,4.18827641276341,0.000028108104363479,-0.398235166704423,1.12773502917886,-0.353128311527569,0.723992248879654,0.458782524599658,1.13819828907395,0.403077854714512,0.686890951284831,-0.85701769130408,1.54805258786203,-0.553610192588924,0.579845648959165
0,"",632545.361577059,0,0.001741134600512,0.857805495551095,0.608041415491888,0.000114067182759758,0.000681216707378909,0.0054795102594029,0.15079142011252,0.0969516663468009,38.0734097388336,1.55532571841655,0.128142790055371,-0.104111543242858,0.0332490379506296,85946.727224432,-3.13126483230731,0.001741134600512,0.146345228146956,0.812386671033904,47.6047526857505,0.180142330450482,0.857805495551095,0.408970923137445,0.792216327902649,48.3692413866195,0.516236422720766,0.608041415491888,0.258826582639613,0.103118899234585,2.50998201649543,0.0120737310188707,0.0383834717517005,0.103131792510629,0.372178848222236,0.709759693412686,0.220443110887913,0.0683188917742217,3.22667867061467,0.00125236015258949,-0.262625694990489,1.12944244281114,-0.23252685133456,0.816128834317068,0.555316151284401,1.13996376929928,0.487134912740032,0.62616272648534,-0.81794184627489,1.5844326558053,-0.516236422720766,0.605689294411604
0,"",632732.34331817,0,0.0458650628193045,0.870287747737449,0.692588478941835,0.0000463836336493584,0.000567773950579409,0.00320977244471742,0.178817289070048,0.0982084714243566,35.2386499641242,1.82079291609562,0.077138848741845,-0.0664585642390926,0.0332848347734564,85945.7064778062,-1.99666198409647,0.0458650628193045,0.13936588173837,0.848866170358535,47.4473943109617,0.164178861880556,0.870287747737449,0.316444860256846,0.795724991305914,49.1133573588564,0.397681188493916,0.692588478941835,0.247921407450266,0.104381390761834,2.3751494939931,0.0175418439403518,0.105548927269756,0.104395236242194,1.01105118460468,0.311991932537022,0.14237248018051,0.0684202403605979,2.0808532596518,0.0374473394759911,-0.177078978518476,1.15816765230011,-0.15289580758606,0.878480442099649,0.455810741995217,1.16882494972583,0.389973487562989,0.696556151793261,-0.632889720513693,1.59144998261183,-0.397681188493916,0.690865205628808
0,"",633024.39863234,0,0.0438758865113162,0.842342503606425,0.743925673126309,0.0000472535715252339,0.00083615268830149,0.0021487652917637,0.187382498346976,0.0995698070851202,31.0117904926932,1.8819208737322,0.0692611985051713,-0.0671926861842287,0.033341211911719,85946.0816445406,-2.01530425355089,0.0438758865113162,0.174396110970791,0.872055050393522,47.7899867282002,0.199982914945671,0.842342503606425,0.261549523881941,0.796267534050376,50.1033389478382,0.3284694059439,0.743925673126309,0.25587725366651,0.105721217461693,2.42030180705424,0.01550763024773,0.113676798651831,0.1057355062941,1.07510525684383,0.282327606185019,0.142200455014679,0.0685280186952791,2.07507028106264,0.0379800216058197,-0.0871534129111498,1.17552910313493,-0.0741397322097148,0.940899200507187,0.435945634852732,1.18624420802878,0.367500748920121,0.713245533305182,-0.523099047763882,1.59253506810075,-0.3284694059439,0.742556772732483
0,"",633345.147532393,0,0.174489244842838,0.775214826071142,0.726058481277908,0.0000214539650732316,0.00170156643117466,0.00246208284545681,0.195142753328486,0.101323338367334,26.0856556818865,1.92594081948842,0.0650762474626239,-0.0453597430261401,0.0334035776487922,85948.502953031,-1.35793068344523,0.174489244842838,0.249401249760057,0.868504323441371,48.3798772263867,0.287161782651613,0.775214826071142,0.278120007188526,0.789360383735728,50.2968239095182,0.352335907551245,0.726058481277908,0.240931553650294,0.107373342268495,2.24386750528662,0.0248409274437133,0.141901859995697,0.107387180914054,1.32140408927642,0.186366663278485,0.0990296936545969,0.0685696946506641,1.44421955149596,0.14867722688656,-0.0287187574284692,1.16827002005339,-0.0245822942774451,0.980388142152426,0.527521256948584,1.17895051242195,0.447449872908475,0.654550273185358,-0.556240014377053,1.57872076747146,-0.352335907551245,0.724586362146901
0,"",633556.038735061,0,0.668493486996627,0.717387777535051,0.738953620738293,0.00000213344383811597,0.00270935150014437,0.00224513027927741,0.198574762832025,0.101533030071507,23.3973789325603,1.95576516028502,0.0625362950315363,-0.0143216528508626,0.0334447709289259,85950.3584424659,-0.428217998003271,0.668493486996627,0.309893171924361,0.851219116684707,48.7862764110663,0.364058050213111,0.717387777535051,0.268220536941273,0.800417491123732,49.9037547616749,0.335100794167691,0.738953620738293,0.21227382788069,0.107569673889377,1.97336126628951,0.0484544173102285,0.175616110099377,0.107583501499034,1.63237027659817,0.102601506782379,0.0366577177813133,0.0687583701623707,0.533138259309336,0.593937876481316,0.0416726349830879,1.1630683116601,0.0358299117646896,0.971417982234902,0.578113708865635,1.17377868093808,0.49252360624203,0.622349238169975,-0.536441073882547,1.60083498224746,-0.335100794167691,0.737549053803032
0,"",633377.99343863,0,0.843296251376004,0.645984569234843,0.718516908717377,0.000000454639852359516,0.00439146391591527,0.00265273843815726,0.205387374727667,0.101403748932481,21.7118437047468,2.02544163198959,0.0552880165979429,-0.00660455305523794,0.0334103996342659,85951.9682526483,-0.1976795586864,0.843296251376004,0.381949656331763,0.826316085496723,48.4394413757339,0.462231902580188,0.645984569234843,0.291721456458638,0.804726133750471,49.4074573830217,0.362510230777586,0.718516908717377,0.210643921431063,0.107402552295408,1.96125619856493,0.0498491440807368,0.18871819730476,0.107415983679875,1.75689120780373,0.0789363545554306,0.021925724126303,0.068741074988298,0.318961030650677,0.749756063551527,0.0902281998731255,1.1480825814424,0.0785903395204958,0.937358471717722,0.673671112790401,1.15873691283733,0.581384009887823,0.560981671842537,-0.583442912917276,1.60945226750094,-0.362510230777586,0.716970779658012
0,"",633470.440239985,0,0.731880420666223,0.504721707251351,0.543387412093596,0.00000136583739824877,0.00922019060768912,0.00762834551412067,0.201985872619923,0.107902373857044,23.6103835606408,1.87193168602136,0.0736555303289822,-0.0114532336794166,0.0334277675098793,85949.2129568896,-0.342626341290417,0.731880420666223,0.55900324402322,0.831755327553602,48.5372003400454,0.672076541628397,0.504721707251351,0.484680891304633,0.791970432949802,48.723430099643,0.611993669384062,0.543387412093596,0.212328732783196,0.113551744404156,1.86988525713414,0.0614997535227925,0.174940032131138,0.113563989255104,1.54045338912991,0.123449876099654,0.0373887006520573,0.0686399961270867,0.544707208066159,0.585954906569755,0.0743223527185863,1.14317614771962,0.0650139113441468,0.9481629240378,1.04368413532785,1.15378354921794,0.904575330472765,0.365690409505698,-0.969361782609267,1.5839408658996,-0.611993669384062,0.540541946035493
0,"",633387.171673252,0,0.832678972643986,0.429504220811151,0.571457246765945,0.000000519328237221938,0.0128766030800318,0.00673078476221915,0.20244401855003,0.108203179844709,25.5625015973209,1.87096182238427,0.0728400869295952,-0.00705867943967916,0.03341108518811,85945.5891541503,-0.211267589781584,0.832678972643986,0.681604322150231,0.855550392812277,48.6568083850255,0.796685184036596,0.429504220811151,0.464299772677754,0.814808559337221,47.9167164271625,0.56982682294774,0.571457246765945,0.206256175135601,0.113908052849658,1.81072514168801,0.0701834090268152,0.178265569452948,0.113921436184882,1.56481146501386,0.117627122681678,0.0279906056826532,0.0688479690004653,0.406556737824235,0.684333577156805,0.217304549472477,1.17606930480841,0.184771891064598,0.853407955888503,1.14590409482798,1.18685294637051,0.965497956871788,0.334295458842959,-0.928599545355508,1.62961711867444,-0.56982682294774,0.568795160987222
0,"",633485.67192244,0,0.876971958367738,0.566765778506237,0.486617381140971,0.000000278852896708538,0.00683161894278436,0.0101492001234488,0.192546045764963,0.108248907797132,25.7852799436667,1.77873430488381,0.0870770914737289,-0.00517529860114936,0.0334301354584778,85944.7338309923,-0.154809381720197,0.876971958367738,0.480051735015835,0.832301657599234,48.3630652727259,0.576776137152652,0.566765778506237,0.597550232255182,0.852279454094382,47.9427259035187,0.701120072042718,0.486617381140971,0.199476768067719,0.113978817783521,1.75012139928125,0.08009736794373,0.171271409055756,0.113992593208548,1.50247839999935,0.132973602233935,0.0282053590119625,0.0692854238555126,0.40708936227022,0.683942356119864,-0.117498497239347,1.18582291668701,-0.0990860402391427,0.921069955814992,1.07760196727102,1.19667733516083,0.900495008645078,0.367856880377339,-1.19510046451036,1.70455890818877,-0.701120072042718,0.483228084937888
0,"",633835.507576867,0,0.572722026678302,0.860847217029699,0.478328898009132,0.0000037017826059801,0.000644344331633618,0.0104524337772734,0.180494635917601,0.112968454513494,23.9721457551679,1.5977436948652,0.123199278218266,-0.0188945330707409,0.0334980147726534,85945.2086474514,-0.564049338415296,0.572722026678302,0.141374236614894,0.802186207984484,48.1717280890976,0.176236184576273,0.860847217029699,0.621976033028602,0.870454129539084,48.3364521599707,0.714541998161289,0.478328898009132,0.206569344090841,0.118470111983614,1.74364099629966,0.081221709942555,0.150195674812091,0.118482937842747,1.2676565718807,0.204920619874221,0.0563736692787505,0.0696077790671626,0.809875994238477,0.418011450120346,-0.480601796413708,1.17831541760305,-0.407871940936966,0.68336769366391,0.763350269643496,1.18910007335938,0.641956288411387,0.520901564965491,-1.2439520660572,1.74090825907817,-0.714541998161289,0.474892095966077
0,"",634384.176481039,0,0.44975780115963,0.95712085398461,0.324568765410304,0.00000664657448754574,0.0000596832493055849,0.0199330310036307,0.172957982245083,0.112856112765395,22.5138649079388,1.53255307140189,0.139318767128922,-0.0253998111707981,0.0336055317983283,85948.5725772404,-0.755822324825152,0.44975780115963,0.0420639603354813,0.778340718326991,48.9330669601592,0.0540431193499627,0.95712085398461,0.852505179418634,0.856634764754403,48.6950786921595,0.995179292849558,0.324568765410304,0.210465758693421,0.118331669104363,1.77860889047209,0.0753039055203828,0.134193337416448,0.118343504776501,1.13393073553027,0.256823603339043,0.0762724212769737,0.0696472833105711,1.09512414054773,0.273462253974132,-0.810441219083153,1.15209727110381,-0.703448605781938,0.481776224696135,0.894569139754116,1.16273241371279,0.769368024150645,0.441674865332204,-1.70501035883727,1.71326952950881,-0.995179292849558,0.319649071055166
0,"",634584.777131994,0,0.424992133619493,0.944147345711533,0.219205291533043,0.00000740523791680792,0.000100339434782444,0.030538179472496,0.16222632761445,0.117474968555988,21.6846827181047,1.38094378409758,0.181363730700469,-0.0268414432730075,0.0336445707191173,85948.7398405974,-0.797794196784204,0.424992133619493,-0.0535411343178855,0.760362266804434,49.410448149001,-0.0704152963072487,0.944147345711533,1.06251237451667,0.853747918298577,49.1695513085427,1.24452704568127,0.219205291533043,0.205741573767489,0.122724530427038,1.67645028301661,0.0936500267688196,0.120310887048729,0.122735266671989,0.980247082285324,0.326964168915777,0.0854306867187607,0.0696854828309827,1.22594668571024,0.220218738641129,-1.11605350883455,1.13798995990699,-0.980723510887366,0.32672910656248,1.00897124019878,1.1484996389678,0.878512457440199,0.379665680297672,-2.12502474903333,1.70749583659715,-1.24452704568127,0.213305651786995
0,"",634985.270221269,0,0.600386943960378,0.987486019859129,0.250246948118639,0.00000319284116797062,0.00000506982008261596,0.026465743986743,0.154015462378989,0.121883216185001,21.0090334326425,1.26363142686698,0.220204818382609,-0.0176653961104553,0.03372249299669,85946.602317954,-0.523846090269459,0.600386943960378,-0.0119554275502497,0.758362187608658,49.0209962773562,-0.0157647991231588,0.987486019859129,1.03059845505634,0.885913861571591,49.7809420474454,1.16331677351575,0.250246948118639,0.187256579360164,0.127014556371628,1.47429227570008,0.140402914016396,0.121131572790124,0.127025444689681,0.953600856002075,0.340285722301457,0.0661250065700405,0.0701817199301592,0.942197008506549,0.346091785221395,-1.04255388260659,1.16087522628603,-0.898075744059086,0.369145169543722,1.01864302750609,1.17144434969567,0.869561603819017,0.384540028523669,-2.06119691011268,1.77182772314318,-1.16331677351575,0.24470100266845
0,"",635129.71682243,0,0.477615739651094,0.937317774461386,0.227170602234532,0.00000586763358473626,0.000126455602111476,0.0288457879304776,0.136157473554669,0.120611902119859,23.6209089406167,1.1288891988401,0.270279709351525,-0.0239680820016902,0.0337509377121117,85946.7270340888,-0.710145661911171,0.477615739651094,-0.0596477684594829,0.75462470538709,49.4007299493892,-0.0790429574246262,0.937317774461386,1.05184182602219,0.860322109005796,50.3250826656089,1.22261396634072,0.227170602234532,0.176731173705391,0.125757339613672,1.40533486354205,0.159921725885087,0.097366044819527,0.125767607644847,0.774174261901181,0.438827746590277,0.0793651288858641,0.0699479896758465,1.13463059129588,0.256530130056033,-1.11148959448167,1.13912548998289,-0.975739375736707,0.329193634104159,0.992194057562707,1.14961657630739,0.863065197571937,0.388101621440872,-2.10368365204438,1.72064421801159,-1.22261396634072,0.22147553551187
0,"",635152.736595733,0,0.568885546949291,0.718077625479052,0.213473114968225,0.00000377624534289934,0.00261576770541201,0.030495952400645,0.114181615015898,0.121920554013502,28.5489919759742,0.936524738915255,0.356858398611515,-0.0192302363934941,0.0337552731237614,85945.6994931111,-0.569695772360891,0.568885546949291,-0.267307556180002,0.736249353094308,50.2615575800147,-0.3630666092358,0.718077625479052,1.04057859774237,0.82587180264956,50.4698398949659,1.25997593622157,0.213473114968225,0.152951627726029,0.126939594675724,1.20491662287685,0.228235490753694,0.0833987345799946,0.126948266906839,0.656950556412059,0.51121270903775,0.0695528931460347,0.0695841336776776,0.999551039439714,0.317527827259989,-1.30788615392238,1.1012778505181,-1.18760778972089,0.234987967433364,0.773271041562371,1.11150428908083,0.695697757677425,0.486618130097244,-2.08115719548475,1.65174360529912,-1.25997593622157,0.207678043197619
0,"",635255.553546641,0,0.670238795716188,0.496352984377415,0.229263687409601,0.00000210977371602344,0.0092969948192083,0.0284198911907143,0.101285139007015,0.122344367453761,30.3618596637056,0.827869244125972,0.414204704936761,-0.0143822563053481,0.0337752967122345,85944.662090127,-0.425821760438846,0.670238795716188,-0.493369470261214,0.719991955139476,50.0368714148961,-0.685243031869209,0.496352984377415,1.01558309868088,0.834527965890114,50.629698796086,1.21695514133868,0.229263687409601,0.138211097286054,0.127343320125648,1.08534234186515,0.27777005909061,0.0791010281914578,0.127351555292728,0.621123377799647,0.534518448688741,0.0591100690945965,0.069712044827132,0.847917590728751,0.39648386726295,-1.5089525689421,1.09712865071776,-1.37536520257211,0.169018251371673,0.522213628419668,1.10723051186767,0.471639485023584,0.637184138121418,-2.03116619736176,1.66905593178023,-1.21695514133868,0.223621283906095
0,"",635564.956476971,0,0.543054065269773,0.36317523344833,0.251064758650535,0.0000043039456308074,0.0166300396081351,0.0257773879381789,0.0975004389827475,0.118509204161572,30.906976410823,0.822724611750984,0.416967344596518,-0.0205795935390882,0.0338366857598016,85946.7193261932,-0.60820358368363,0.543054065269773,-0.654509230756204,0.713170736069211,49.8044533083666,-0.917745495789224,0.36317523344833,0.947689564336689,0.816289441237208,50.9404921889222,1.1609724644978,0.251064758650535,0.142016830061141,0.123642106537463,1.14861218429751,0.250715930644158,0.0725407408593121,0.123649883333059,0.586662428656879,0.557430445830391,0.0694760892018286,0.0696300666953946,0.997788634983798,0.318381862321808,-1.60219879509289,1.07895826780087,-1.48494973615475,0.137557139483339,0.293180333580486,1.08891274107058,0.269241347375769,0.787743964003279,-1.89537912867338,1.63257888247442,-1.1609724644978,0.245653097502564
0,"",635597.747176918,0,0.414874605125087,0.252515927063261,0.188457482719873,0.00000773490651604989,0.0267131734844263,0.0340632913790371,0.0814385492175329,0.116318501798838,33.4660762750075,0.700134096967423,0.488682500341522,-0.0275941025943433,0.0338432860464445,85946.6733540799,-0.815349388841108,0.414874605125087,-0.849758313459004,0.733849738323077,48.8530763897737,-1.15794592418986,0.252515927063261,1.06685463724287,0.800214856096743,50.4033428012192,1.33321023611925,0.188457482719873,0.137666786541394,0.121548951416392,1.13260365422476,0.257380733393346,0.0506010346540522,0.121557173280614,0.416273538520346,0.677209853394201,0.0870657518873417,0.0694755436576113,1.25318561473111,0.210138163925579,-1.91661295070187,1.080708091877,-1.77347885623125,0.0761493924440522,0.217096323783866,1.09079261496452,0.199026213420896,0.842242239422781,-2.13370927448574,1.60042971219349,-1.33321023611925,0.182462821132006
0,"",635719.914187933,0,0.235445588920215,0.243010979411572,0.139899258118123,0.000016378357522597,0.028263431535567,0.0431989024116977,0.0700673799717193,0.11556055621959,34.0438380969235,0.606326087930696,0.548320303305929,-0.0401820618073197,0.0338673034343449,85946.0134133344,-1.18645589499668,0.235445588920215,-0.890772532302955,0.753593856788403,48.0377426774591,-1.18203263505778,0.243010979411572,1.20627571739858,0.804134889341914,49.8407205584857,1.50009125755726,0.139899258118123,0.141579273967778,0.120862089974541,1.17141176358609,0.241433306076708,0.0251717109093136,0.120871115441066,0.208252491237965,0.835031824832356,0.116407563058464,0.0695594595322427,1.67349723303278,0.094229450803463,-2.09704824970154,1.0969105951656,-1.91177682022931,0.055904826128275,0.315503185095627,1.10718579683166,0.284959566857232,0.77567511913346,-2.41255143479716,1.60826977868383,-1.50009125755726,0.133590765236792
0,"",635917.944112642,0,0.143425130923144,0.319419333333035,0.120564083785999,0.0000249079006040384,0.020513134442499,0.0480573880678344,0.0852734719767056,0.110934458983453,32.2046191535592,0.76868335373975,0.447682063540553,-0.0496116364090221,0.0339070043792986,85948.8990848304,-1.4631677825043,0.143425130923144,-0.761033384315709,0.756483276409411,48.325387388458,-1.0060148162533,0.319419333333035,1.24972986770379,0.791139475448139,49.4284273760548,1.57965808367214,0.120564083785999,0.16492584553425,0.116441201241794,1.4163873592456,0.156662122883966,0.0283607261068238,0.116450354959732,0.243543492131311,0.807584397257844,0.136565119427426,0.069498601769829,1.9650052799582,0.0494136264426804,-2.0107632520195,1.08948431224464,-1.84561010142199,0.0649488387326941,0.48869648338808,1.09970958328632,0.444386855234709,0.656762915321979,-2.49945973540758,1.58227895089628,-1.57965808367214,0.114185189749937
0,"",635997.935673924,0,0.324129381221144,0.451100681521308,0.12870427733214,0.0000113113305927628,0.0117601663055949,0.0471307402596799,0.0943869827772951,0.109741524553784,30.1115958467398,0.86008448635171,0.396538850487451,-0.0334485320033137,0.0339230042176363,85950.2023471087,-0.986013260757257,0.324129381221144,-0.585088207180954,0.770139454111872,48.5012393057428,-0.759717222714788,0.451100681521308,1.2053667220462,0.779819499322162,48.3035743756744,1.54569964343536,0.12870427733214,0.154584852799975,0.115312205625635,1.34057667149166,0.180057935625587,0.0516715100711272,0.115321596833712,0.448064469187282,0.65410666975534,0.102913342728848,0.0694136735491579,1.48260908070174,0.138178303107675,-1.79045492922716,1.09086890505548,-1.64131081281128,0.100732912696776,0.620278514865251,1.1011228326525,0.563314551720864,0.573220710939764,-2.41073344409241,1.55963899864432,-1.54569964343536,0.12217712341903
0,"",636201.991491683,0,0.647620122004197,0.420156944070569,0.143528287837713,0.00000243065090061563,0.0135614054766978,0.0436479255239552,0.0919631857203245,0.111592731106422,28.2183373612117,0.824096559054749,0.416796159748425,-0.0155236185053747,0.0339631458441509,85950.1143268127,-0.457072456615444,0.647620122004197,-0.636829767521966,0.783193377534706,48.092134442734,-0.813119448898489,0.420156944070569,1.15797447170899,0.778797113578586,48.4399292944401,1.48687565929472,0.143528287837713,0.134301120794116,0.117102955991904,1.14686362659711,0.251437987651908,0.0686536823977774,0.117112554672624,0.586219663550946,0.55772790931785,0.0656474383963391,0.0694764469398731,0.944887674713018,0.344716224614132,-1.79480423923095,1.09932010715668,-1.63264933257074,0.102542769368279,0.521144704187019,1.10965261386893,0.469646714362246,0.638607443669921,-2.31594894341797,1.55759422715717,-1.48687565929472,0.137047654058015
0,"",636328.28684127,0,0.845349988758289,0.391325968034115,0.108691183912268,0.000000442656331477183,0.015078736604895,0.0524454264686641,0.0995613676090273,0.109558398150616,31.2902527827247,0.908751581710374,0.370427943466795,-0.00662961387297003,0.0339883525943778,85950.6898261049,-0.195055463619813,0.845349988758289,-0.653610511572829,0.755715519747695,48.8605028442163,-0.864889623797914,0.391325968034115,1.26247743022562,0.772461039358883,48.2603745588269,1.63435741856112,0.108691183912268,0.134817272595688,0.115122501948469,1.17107663848407,0.241567973210881,0.0838353019069774,0.115131114299329,0.728172418178934,0.46650804770108,0.0509819706887104,0.0694589779406529,0.733986767445245,0.462956802937136,-1.91608794179845,1.07559035316974,-1.78142908789744,0.0748423798226203,0.608866918652793,1.085683839982,0.560814204126761,0.574924202572917,-2.52495486045124,1.54492207871777,-1.63435741856112,0.102183823737792
0,"",636127.843783039,0,0.814086055951304,0.522703631789822,0.103668566522345,0.000000643404641192345,0.00827335706901695,0.0533555567223304,0.110114770508656,0.111736138991922,36.0326687854488,0.985489309923413,0.330955277498308,-0.00798326213996837,0.0339483903253746,85948.4279580849,-0.235158782594806,0.814086055951304,-0.454781446728152,0.706464923267732,49.674611943222,-0.643742430444492,0.522703631789822,1.30641241336303,0.787791506930607,48.7916204564354,1.65832254076091,0.103668566522345,0.144410211253168,0.117141907572895,1.23278008908387,0.217657821838742,0.0894081696113645,0.117148954032243,0.763200750275214,0.445343681415617,0.055002041641804,0.0695393625064232,0.790948315592102,0.428974152338057,-1.76119386009119,1.05329247462606,-1.67208434743297,0.0945076907058446,0.851630966634881,1.06301046810248,0.801150122401971,0.423044742289526,-2.61282482672607,1.57558301386121,-1.65832254076091,0.0972523817186292
0,"",636128.767195755,0,0.915524483955318,0.734526708766725,0.180870055828063,0.00000013091270447134,0.00232381415086866,0.0358067819486142,0.127004238463118,0.114140936510485,35.9920574797685,1.11269665683399,0.273215443830675,-0.00360099155182443,0.0339481596031903,85946.8338696458,-0.106073247973243,0.915524483955318,-0.247252962991888,0.725059851766926,49.925624676504,-0.341010417814955,0.734526708766725,1.09104737659729,0.803911123452414,49.598657769159,1.35717412630362,0.180870055828063,0.150599393269616,0.119486018572947,1.26039343404579,0.207527469106305,0.110796985999645,0.119494060155699,0.927217519057255,0.353813608615921,0.0398024072699708,0.0697032623728876,0.5710264615312,0.567981705717821,-1.33830033958918,1.07756371104502,-1.24196864266271,0.214248131804107,0.8437944136054,1.08757814190452,0.775847160855756,0.437839234275251,-2.18209475319458,1.60782224690483,-1.35717412630362,0.174725889829373
0,"",636215.383855889,0,0.818149809457427,0.72453540176,0.167931217408531,0.000000615091162899996,0.00252130258094581,0.0382727007966424,0.114810857365561,0.112723244017431,34.4205829549266,1.01851981254023,0.315536922495446,-0.00780955941139986,0.0339655322481708,85948.1360724016,-0.229926013063447,0.818149809457427,-0.255926997644546,0.7221325443745,49.690919048603,-0.354404464441117,0.72453540176,1.11912784390394,0.799656124154761,49.2170637707863,1.39951137757728,0.167931217408531,0.143163691087486,0.118126467554691,1.21195269824862,0.22553048788837,0.0941051055740697,0.118134400520858,0.796593584588044,0.42568710451387,0.0490585855134165,0.0696911264683866,0.703943069935461,0.481468227898944,-1.37505484154849,1.07247083312208,-1.28213728437309,0.199794491796836,0.863200846259395,1.08243104592784,0.797464974334207,0.425181036970052,-2.23825568780788,1.59931224830952,-1.39951137757728,0.161659688913941
0,"",636325.7163187,0,0.610862592970026,0.307958836030211,0.124476406724723,0.00000301250121470284,0.0209763622169235,0.0476986149943545,0.124635534014856,0.114852308374338,30.7228591212356,1.08518092303928,0.286283654326732,-0.0172942599194656,0.0339873240835225,85949.1288429155,-0.508844411433088,0.610862592970026,-0.731045759030241,0.709671340701164,49.5264949766363,-1.03011875653307,0.307958836030211,1.24954604824442,0.799365364361235,48.7845748200657,1.56317261662059,0.124476406724723,0.171519770686233,0.120148410699024,1.42756587197725,0.153416852563403,0.0995948967513285,0.120155739266081,0.828881727661624,0.407171335874649,0.071924873934905,0.0697276129779258,1.0315120633439,0.302300754136074,-1.98059180727466,1.06401198217078,-1.86143750301936,0.0626824186238257,0.518500289214182,1.07383206177824,0.482850445306649,0.629201929671111,-2.49909209648885,1.59873072872247,-1.56317261662059,0.118011999115726
0,"",636167.226320759,0,0.105142283154257,0.415361871930367,0.114823853912105,0.0000305495449876708,0.0133006877552114,0.0501138474276748,0.144378971674559,0.117457723353328,26.4360751334303,1.22919947324578,0.229826132251968,-0.0550234095690979,0.0339559252495682,85949.992875234,-1.62043617320655,0.105142283154257,-0.599753311631825,0.730234163630103,50.0416639381633,-0.821316423557015,0.415361871930367,1.2867491870395,0.801452306688351,48.8591884215461,1.60552184615505,0.114823853912105,0.227586666805718,0.122663401913721,1.85537546859982,0.0635426279882511,0.0790918662205705,0.122671480145895,0.644745348523594,0.519092223439468,0.148494800585147,0.0696923196808147,2.13071973016886,0.0331122386486298,-1.88650249867133,1.07919810820775,-1.74805949373307,0.0804537260617515,0.686995875407678,1.08925061877333,0.630705058658904,0.528233390829082,-2.57349837407901,1.6029046133767,-1.60552184615505,0.108379009414329
0,"",636269.462809977,0,0.0551099710563959,0.481337506055829,0.127154515519386,0.0000428012031090537,0.00983520235594097,0.046833040062396,0.151005690979417,0.121155192852207,25.4201364749163,1.2463823252184,0.223988080943805,-0.0651665257047023,0.033975683079852,85948.4750648845,-1.91803430563981,0.0551099710563959,-0.537874423424175,0.75822606471793,50.6627255552427,-0.709385298729175,0.481337506055829,1.25535837823625,0.808990723352158,49.0077763345156,1.55175868152667,0.127154515519386,0.242963056026685,0.126259951312268,1.9243081713677,0.0543159669465785,0.0751199784817671,0.126268873938358,0.594920791947818,0.551896418316105,0.167843077544918,0.0698057907788539,2.40442914079504,0.0161977460790581,-1.79323280166043,1.10359003851212,-1.62490847061115,0.104182063046001,0.71748395481208,1.1139275282853,0.644102903100461,0.519508707953182,-2.51071675647251,1.61798144670432,-1.55175868152667,0.120719975807571
0,"",636369.418712936,0,0.124085378774593,0.373529981743945,0.184702547008821,0.0000275161414321559,0.0157848058748304,0.0353996775240656,0.162069780353874,0.123284595854294,24.3463891072869,1.3145987885252,0.200894740069881,-0.0522801536641919,0.0339952879681858,85948.1986199285,-1.53786470975383,0.124085378774593,-0.690143605058847,0.768636592180734,50.2675414286224,-0.897880236355661,0.373529981743945,1.08775446560118,0.808596481602639,49.3112659541269,1.34523769315104,0.184702547008821,0.240911672981577,0.128322219819729,1.87739639572957,0.0604637851237697,0.103849333451801,0.128331288427208,0.809228479855142,0.418383736068212,0.137062339529776,0.0698372421145375,1.96259668022092,0.0496930567821578,-1.77789807066003,1.11041106440788,-1.60111703462544,0.10935099993793,0.397610860542332,1.1208247989045,0.354748450365265,0.722778050352388,-2.17550893120236,1.61719296320528,-1.34523769315104,0.178548487372488
0,"",636737.521442732,0,0.15224718946228,0.355745469733913,0.178214336792329,0.000023846720921941,0.0172096088605985,0.0359580450500695,0.176376743339753,0.122873080013519,23.8032398754741,1.43543844852223,0.164173393033944,-0.0487736653179312,0.0340681106877728,85947.9777377784,-1.43165160419173,0.15224718946228,-0.744007791384919,0.79811869121247,49.6260724922131,-0.9322019388553,0.355745469733913,1.10268151799016,0.807539057647094,49.9888309089252,1.36548382093494,0.178214336792329,0.252739886475227,0.127981890380374,1.97480976194414,0.0482897408158184,0.122244504290077,0.127991760036782,0.95509667384015,0.339528810874227,0.13049538218515,0.0699583103494303,1.86533067384486,0.0621350681567263,-1.84668930937508,1.13007977435453,-1.63412296307122,0.102233034085069,0.358673726605238,1.14067754136362,0.314439193899148,0.753187492139951,-2.20536303598031,1.61507811529419,-1.36548382093494,0.172101034777975
0,"",637153.301074465,0,0.156852186154796,0.414495483899574,0.181837672224463,0.000023319821971799,0.0135157304556585,0.0356342420039917,0.175046090338932,0.121901157579151,23.163314275628,1.43596741667751,0.16438005809392,-0.0483488930440993,0.0341507154849541,85948.4597605576,-1.4157505152535,0.156852186154796,-0.662575255537412,0.805133168753614,49.4294332427467,-0.822938715297385,0.414495483899574,1.09986782853635,0.812247089178239,49.6225327378607,1.3541049801103,0.181837672224463,0.249725825352973,0.12708450393139,1.96503757442996,0.049409888818718,0.120164060572114,0.127094739261956,0.945468406244905,0.344419793028355,0.129561764780859,0.0701563794216244,1.84675671477032,0.0647824078418602,-1.76244308407376,1.13832636291277,-1.54827573312453,0.121555924418351,0.437292572998934,1.14899199218676,0.380588007551455,0.70350898137002,-2.19973565707269,1.62449417835648,-1.3541049801103,0.175702887595941
0,"",637333.582379115,0,0.341091086140002,0.345174018319708,0.208380503424495,0.0000105451202748396,0.0180884962292646,0.0322738245393138,0.173428660459505,0.122228467254104,22.9863348825079,1.41888926823372,0.169349302503543,-0.0325460137859985,0.0341863822397528,85947.4908634532,-0.952016904209102,0.341091086140002,-0.78497666739584,0.823579681674087,49.314215991071,-0.953127772409612,0.345174018319708,1.04343320828144,0.818427624994479,48.7383478789633,1.27492422838059,0.208380503424495,0.233291057922109,0.127441495744209,1.83057375903963,0.06716418823219,0.13702131441509,0.127452323875032,1.07507898050914,0.282339369265196,0.0962697435070191,0.07028498643502,1.36970565678379,0.170778802169966,-1.82840987567728,1.15567306251218,-1.58211689359855,0.113622887711049,0.258456540885604,1.16646230604538,0.221572990011002,0.824646310708569,-2.08686641656289,1.63685524998896,-1.27492422838059,0.202336062537816
0,"",637573.120305165,0,0.9241755927933,0.20658071116299,0.29930549580172,0.000000105395469083754,0.0320165892079629,0.0221275596979148,0.190647490239456,0.122766045158573,23.1290264125215,1.55293338637082,0.134016540634232,-0.00325823228469714,0.034233912577097,85946.6639082691,-0.0951755741433116,0.9241755927933,-1.06124263540729,0.829228523345631,49.5192165418923,-1.27979514154382,0.20658071116299,0.867010971898712,0.826413369835329,48.6410792965125,1.04912505477915,0.29930549580172,0.222713768282197,0.127987489804192,1.74012138704281,0.0818377055977122,0.190291072648021,0.127998582846403,1.4866654646979,0.137103188258212,0.0324226956341758,0.070454095275655,0.460196039808906,0.645375513277917,-1.928253607306,1.16527633077614,-1.65476081198841,0.097973026054474,-0.19423166350858,1.17613310321495,-0.165144287647078,0.868830415041896,-1.73402194379742,1.65282673967066,-1.04912505477915,0.294120566098282
0,"",637742.979113451,0,0.910206683730493,0.173884142833277,0.448488155070423,0.000000147984395337148,0.0366998319023848,0.0117145399724846,0.19781939617188,0.123943815342235,21.6257836680914,1.59604088050427,0.124990518305009,0.00386466556722784,0.0342678493053735,85947.6788025475,0.112778176791557,0.910206683730493,-1.11242000676598,0.806391111431564,49.950941558101,-1.3795043013199,0.173884142833277,0.644590836132124,0.843660196848946,49.2481931554302,0.764040828925743,0.448488155070423,0.220204415069292,0.129118078329266,1.70544991002535,0.0881105466863391,0.208673414230659,0.129128930682154,1.6160082262611,0.106092534632731,0.0115310008386331,0.0706971734151584,0.163104128236062,0.870436449463209,-1.7570108428981,1.16163578322849,-1.51253161125505,0.13039867713301,-0.467829170633854,1.172459215414,-0.39901530431373,0.689881927551604,-1.28918167226425,1.68732039369789,-0.764040828925743,0.444842911973905
0,"",637904.313118429,0,0.958023197008067,0.105120088849282,0.578748441146469,0.0000000322331943912477,0.0513902686530501,0.00628856251034113,0.197425447981615,0.122919978917493,22.5009970028401,1.60612985553904,0.122189522207748,0.00180537743282776,0.0343002239252911,85948.5881479881,0.0526345669567648,0.958023197008067,-1.27382350975244,0.771881981210583,50.2716803233283,-1.65028273850186,0.105120088849282,0.472616931575561,0.845601113098814,49.3624113446125,0.558912381091358,0.578748441146469,0.221711833560067,0.128098977776288,1.73078534590077,0.0834900564978318,0.211200825459204,0.128108930391233,1.64860345656011,0.0992289001399544,0.0105110081008631,0.0707758743424835,0.14851117274794,0.881939369152543,-1.746440441328,1.13960248184413,-1.53249968225927,0.125399175945752,-0.801206578176879,1.15021400363487,-0.69657174720959,0.486070842064004,-0.945233863151122,1.69120222619763,-0.558912381091358,0.576221519214216
0,"",637785.106355916,0,0.817138625078519,0.132967588584225,0.519766088911616,0.000000622061462116432,0.0442647742301976,0.00857884630664162,0.195831013989633,0.121403432140128,22.93905439317,1.61305994845021,0.120405571058388,-0.00792572514209898,0.0342767425348215,85949.897452098,-0.231227490011552,0.817138625078519,-1.14781665776928,0.751580917380466,50.3585128563329,-1.52720303459785,0.132967588584225,0.538144431597214,0.829931839598328,48.5894678727708,0.648420033936361,0.519766088911616,0.22894494260493,0.126589182130118,1.80856640948674,0.0705183909457409,0.197013771944585,0.12659824273082,1.55621253261378,0.119657562189302,0.0319311706603452,0.0705677757670117,0.452489402043362,0.650916454342239,-1.6859610893665,1.1144661063756,-1.51279709604582,0.130331206699384,-0.609672226172067,1.12484966339466,-0.542003296984728,0.587816234624727,-1.07628886319443,1.65986367919666,-0.648420033936361,0.516713316153592
0,"",637645.298189788,0,0.317148446787383,0.188381420917901,0.550888353814619,0.0000116425803278715,0.0340393553886581,0.0074330814439524,0.194353940469409,0.119177736193234,23.8973062422718,1.63079067179364,0.116045397382777,-0.0342605611708898,0.0342488906949807,85949.1579301809,-1.00034075485869,0.317148446787383,-0.991270341573844,0.743401905890974,50.4562523478754,-1.33342453620131,0.188381420917901,0.509461371162795,0.848182907196536,48.1764054192214,0.600650363076399,0.550888353814619,0.251035384291449,0.124466083705467,2.01689791160692,0.0437061680674269,0.167291589541014,0.124475485401688,1.34397218055553,0.178957383033559,0.0837437947504347,0.0707108566044759,1.18431311359809,0.236289139703437,-1.50073171273664,1.12265432732166,-1.33677096877805,0.181297408245804,-0.481808970411049,1.13303509955842,-0.425237462280583,0.670663577335482,-1.01892274232559,1.69636581439307,-0.600650363076399,0.54807288613079
0,"",637510.627154397,0,0.137795993794618,0.2257128213967,0.461613601157457,0.0000256248610550228,0.0291650735601971,0.011081957860902,0.200065386516679,0.121815985409858,26.2450152062187,1.64235741182527,0.112445762408169,-0.050787084430167,0.0342216602340831,85947.2063899927,-1.48406255227751,0.137795993794618,-0.919366194717259,0.749530938299311,50.0818368732858,-1.22658872067817,0.2257128213967,0.622272927333787,0.838630977650825,49.1319293692429,0.742010424032868,0.461613601157457,0.273884508953757,0.126982090686899,2.15687509531621,0.0310153979072224,0.153716865773758,0.126991210110564,1.21045279937032,0.226105192167951,0.12016764318,0.0705599805064528,1.70305663801891,0.0885574696504016,-1.54163912205105,1.11955358232574,-1.37701236134539,0.168508426084098,-0.297093267383472,1.12995436394062,-0.262925014376141,0.792608375742083,-1.24454585466757,1.67726195530165,-0.742010424032868,0.45808101990363
0,"",637332.248312874,0,0.448308540621806,0.256832057410005,0.228061751805191,0.00000668950291217332,0.0254823960465025,0.0291646839939546,0.213380325495518,0.130385988495189,27.5355577240331,1.63652803463151,0.113109585137623,-0.0259207044659296,0.0341852915736077,85944.536100227,-0.758241432872297,0.448308540621806,-0.869575130634435,0.758169514032981,50.307300534537,-1.14694024824191,0.256832057410005,0.997610628830942,0.817402985966659,49.583592149716,1.22046364639979,0.228061751805191,0.267196724072243,0.135199028442052,1.97632133271406,0.0481183949806689,0.185546774878686,0.13520726557387,1.37231364077335,0.169965820996685,0.0816499491935568,0.0702715909013534,1.161919748027,0.24526806468266,-1.86718575946538,1.10968276327865,-1.68263022663218,0.0924466964736827,0.128035498196507,1.12006315528844,0.114310963263081,0.908991292041256,-1.99522125766188,1.63480597193332,-1.22046364639979,0.222289162596653
0,"",637519.434419527,0,0.937022539350352,0.356521434675356,0.194714683196245,0.0000000726440384589088,0.0173049481565037,0.0338647485560993,0.229500592773471,0.135190475347994,31.1922730487941,1.69760918572639,0.0995387132016016,0.00270394457865508,0.0342215546548849,85940.1465540177,0.0790129088500983,0.937022539350352,-0.709655210153002,0.762444750534264,49.1956270748409,-0.930762799082463,0.356521434675356,1.107494434386,0.842434368928043,49.3061423187729,1.31463586391334,0.194714683196245,0.253944804386899,0.139883821110565,1.81539796647519,0.0694627733722538,0.226260832368184,0.13989234195597,1.61739255490766,0.105793571797395,0.0276839720187156,0.0705998741111103,0.392124948766148,0.694965894251381,-1.81714964453901,1.13095580840978,-1.60673797422207,0.1081118596341,0.397839224233002,1.14147899085401,0.348529607133071,0.727442482710286,-2.21498886877201,1.68486873785609,-1.31463586391334,0.188632310903279
0,"",638108.108806701,0,0.690159469916913,0.430035326335784,0.2674297651381,0.00000184917579599089,0.0129653931864718,0.0246528741845612,0.217109758966761,0.134965338129853,36.203333133301,1.60863346082144,0.116383581909693,0.0136886998178069,0.0343384999470395,85937.5083231312,0.398640005792887,0.690159469916913,-0.604003248422031,0.758966094175433,48.2148130713774,-0.795823756894227,0.430035326335784,0.973655943884161,0.868122171118141,49.766946193234,1.12156557714693,0.2674297651381,0.226991235826104,0.139721537812222,1.62459731964279,0.104248388642401,0.225275859617576,0.13973036919631,1.61221830954359,0.106914442340322,0.00171537620852839,0.0710865803124658,0.0241308021990696,0.980748273869655,-1.57765919230619,1.14780745095221,-1.37449812771069,0.169287091114836,0.36965269546213,1.15839083548178,0.319108787932002,0.749644019966645,-1.94731188776832,1.73624434223628,-1.12156557714693,0.262047194550071
0,"",638748.829210716,0,0.381301065763228,0.422952653194055,0.319520691690146,0.00000891929966298349,0.0133436899793717,0.0198501386938559,0.19952509560806,0.131106548732345,39.3525280082957,1.52185453386765,0.136041248122439,0.0301760693238435,0.0344670025535932,85937.6900653473,0.875506051822241,0.381301065763228,-0.611115939765641,0.756167273538177,48.2949168629004,-0.808175599700544,0.422952653194055,0.880186703234835,0.875400038903501,49.9189476218175,1.00546797363332,0.319520691690146,0.191629038942236,0.136032585602344,1.40869952661499,0.15892403496801,0.225681256535621,0.136041635617644,1.65891313722452,0.0971332970088945,-0.0340522175933848,0.0713965416713915,-0.476944916325401,0.633401346495917,-1.49130264300048,1.15146400379127,-1.29513613807315,0.195273270354348,0.269070763469194,1.16204948058927,0.231548456381349,0.816888745300507,-1.76037340646967,1.750800077807,-1.00546797363332,0.314671563362218
0,"",639094.171023707,0,0.286171632958597,0.377034989697459,0.342155170963978,0.0000132364567934826,0.0163343375097359,0.0181329828104352,0.204126331215115,0.125409454288375,38.5576933236102,1.62767896865043,0.111738410276253,0.0368360422648532,0.0345371046939171,85940.2427552206,1.06656428184442,0.286171632958597,-0.688189658635681,0.771808001206277,47.8788508047711,-0.891659140045314,0.377034989697459,0.823116392714606,0.858242450280722,49.806490357578,0.959072104211779,0.342155170963978,0.189869151874073,0.13056147851336,1.4542509324804,0.145876748807238,0.238946572490616,0.130571049070421,1.83001189154684,0.0672481606855815,-0.0490774206165429,0.0713368168210557,-0.687967627426534,0.491473167591502,-1.51130605135029,1.14889308128698,-1.31544534122995,0.188360275688147,0.134926734078925,1.15956029431448,0.116360257194467,0.907367031544448,-1.64623278542921,1.71648490056144,-0.959072104211779,0.337522422373734
0,"",639220.167434949,0,0.621916708030193,0.443479268184441,0.364157876449215,0.00000282966315844387,0.0124551824997042,0.0165410475694919,0.199240936110528,0.121094456100125,37.1054946475628,1.64533491067327,0.108347097328395,0.0170442206614519,0.034562817204315,85940.9317715657,0.493137482419228,0.621916708030193,-0.624228545305261,0.807745649839061,47.3526962283147,-0.77280335143821,0.443479268184441,0.784298329104963,0.85636952647106,49.8693143951012,0.915841006553457,0.364157876449215,0.203240060834611,0.126475170023102,1.60695621755233,0.108063972805486,0.213893719443036,0.126486137691753,1.69104475277991,0.0908282556214163,-0.0106536586084252,0.0713633814826616,-0.149287469106458,0.881326802674875,-1.40852687441022,1.17174434849809,-1.20207695152585,0.229333715340196,0.160069783799702,1.18264905325594,0.135348507115458,0.892336334760601,-1.56859665820993,1.71273905294212,-0.915841006553457,0.35975029224864
0,"",639141.091804901,0,0.887865894191082,0.650186364818581,0.36763997067438,0.000000231353032871559,0.00440329618220473,0.0161497848941018,0.208155912182873,0.120891670901024,34.6029340029401,1.72183832543181,0.0940283606091593,0.00487129187469354,0.0345468113078677,85940.3406406786,0.141005542632647,0.887865894191082,-0.383115270319544,0.839393527806904,47.1013379780172,-0.456419137898901,0.650186364818581,0.782333002858715,0.860577689916431,50.3460473115209,0.909078880414255,0.36763997067438,0.220696379350217,0.126329186401332,1.74699438535995,0.0806383120422666,0.207062904204666,0.126341163473585,1.63891876971639,0.101230178111484,0.0136334751455515,0.0713800365306058,0.19099843329032,0.848526820615794,-1.16544827317826,1.19660463082829,-0.973962696744319,0.330075061413005,0.399217732539171,1.20767887589886,0.330566130207451,0.740972233346806,-1.56466600571743,1.72115537983286,-0.909078880414256,0.363308489805468
0,"",639188.043550708,0,0.620948992388025,0.685305233971254,0.296625923823359,0.00000284537947920597,0.00356082291217353,0.0213779666735428,0.22726847578608,0.12425466299654,31.3985041720013,1.82905389870486,0.0769036095559059,0.0170883200195356,0.0345562321683735,85941.818721352,0.494507616926337,0.620948992388025,-0.336788095664295,0.82590596727696,46.5321024055589,-0.407780194123911,0.685305233971254,0.896824394288795,0.850460047763053,50.9044309122223,1.05451678376626,0.296625923823359,0.228610285975357,0.129519315003725,1.76506713279623,0.0775524837011752,0.23598987184094,0.129530418991728,1.82188765911435,0.0684720332067252,-0.00737958586558319,0.0712886748188099,-0.10351694549435,0.917552701182992,-1.23361248995309,1.17999542620401,-1.04543836574144,0.295820412656906,0.5600362986245,1.1909730111918,0.470234248267368,0.638187667952142,-1.79364878857759,1.70092009552611,-1.05451678376626,0.291646380567603
0,"",639097.760668971,0,0.919381295784616,0.660768179778081,0.379092113739639,0.000000119199804594069,0.00422563421015983,0.0153603014729171,0.26616706715599,0.13131527183506,29.3190872325821,2.02693154753783,0.0518482764576748,-0.00349566303101118,0.0345375516537986,85941.005994176,-0.101213400013163,0.919381295784616,-0.364903787294019,0.82611238478646,45.9777291893016,-0.441712040654544,0.660768179778081,0.745383386699418,0.839997952136776,50.4754925044987,0.887363337974005,0.379092113739639,0.286250384213309,0.136289351585489,2.10031364067173,0.0357012601209568,0.25698705136757,0.13629963077137,1.88545669502687,0.0593682057967083,0.0292633328457386,0.071144196561454,0.411324243720443,0.680834794864649,-1.11028717399344,1.1726794512457,-0.946795113373922,0.343743192325864,0.380479599405399,1.18361284565908,0.321456125455898,0.747864756078833,-1.49076677339884,1.67999590427355,-0.887363337974005,0.374883315213159
0,"",639333.168774824,0,0.408487273336404,0.54651704988998,0.387121922522392,0.00000794963656269437,0.00801945467620016,0.0150415145146053,0.30372577765788,0.133230777030916,28.5835419593719,2.27969681200163,0.0302789740361384,-0.0285864829202929,0.0345847733959645,85941.0897884773,-0.826562678118587,0.408487273336404,-0.495829349895766,0.816155256766063,45.653829701371,-0.60751841734187,0.54651704988998,0.739419128095579,0.847476914612872,49.8484854536036,0.87249471383341,0.387121922522392,0.350766832394711,0.138143071375368,2.53915617267256,0.0111120208058083,0.271500071426927,0.138153109717299,1.96521143811018,0.0493897706558255,0.0792667609677842,0.0713082566734401,1.11160705177229,0.266307139229201,-1.23524847799135,1.17110175607164,-1.05477467827807,0.291528388137466,0.243589778199813,1.18202103400201,0.206079055442087,0.836729158962808,-1.47883825619116,1.69495382922574,-0.87249471383341,0.382938550716278
0,"",639714.756548753,0,0.712702990789197,0.526476142112081,0.385453689372651,0.00000157770417446522,0.00905872651919893,0.0151792069506883,0.280771196101117,0.129430906038755,28.8208883310655,2.16927474815828,0.0384530353474388,-0.0127636268810178,0.034662147956756,85943.0964127484,-0.368229542408667,0.712702990789197,-0.502479323690015,0.787085673103502,44.5833959695886,-0.638404866027765,0.526476142112081,0.749116334037342,0.855541743048615,49.7421155922644,0.87560465649281,0.385453689372651,0.312233621128688,0.134472246168428,2.32191868601356,0.0202373144488805,0.264322820360928,0.134481943274541,1.96548929859914,0.0493576330530418,0.0479108007677597,0.0715332180805561,0.669769962170661,0.503004444689553,-1.25159565772736,1.15711973228226,-1.0816474931758,0.279409192562856,0.246637010347327,1.16789767829632,0.211180324210516,0.832746563538437,-1.49823266807468,1.71108348609723,-0.87560465649281,0.381244993100021
0,"",639907.703669061,0,0.931391522525497,0.521376628855953,0.365966036341924,0.0000000862445951473665,0.00921646689886239,0.0164856940217545,0.261297189387761,0.125997498232715,28.6520434643768,2.07382839383962,0.0471915544315081,-0.00298760651772405,0.0347014926860307,85944.5928191767,-0.0860944670235102,0.931391522525497,-0.496853237155173,0.768769009165367,44.9033584725524,-0.646297172793938,0.521376628855953,0.787330711542918,0.86292267649226,49.6642712865583,0.912400071282609,0.365966036341924,0.283470462052131,0.13116656998748,2.16114869878194,0.0306838547790958,0.253969858913532,0.131176135720257,1.93609803733768,0.0528556948762727,0.0295006031385996,0.0716829431195621,0.411542856009618,0.680674523300163,-1.28418394869809,1.15035404875781,-1.11633800922838,0.264277477635155,0.290477474387745,1.16102034117489,0.250191546251289,0.802439222525178,-1.57466142308584,1.72584535298452,-0.91240007128261,0.361558152025499
0,"",640106.206628035,0,0.534831396741842,0.642779949438716,0.328596362357085,0.00000448203271550434,0.00470970109334527,0.01930776817988,0.285278917206637,0.125833171394651,29.4065767831531,2.26712014045896,0.030905559917485,0.021562346275174,0.0347415396913693,85944.2725641824,0.620650278218115,0.534831396741842,-0.361356414098493,0.773966197196843,46.0663682534614,-0.466889142455131,0.642779949438716,0.851658586367979,0.863144016442125,49.4498740274529,0.98669349511164,0.328596362357085,0.281838975321751,0.131024902223141,2.15103366260688,0.0314735427850507,0.299516165081637,0.13103460890064,2.28577905939912,0.0222671873552455,-0.0176771897598855,0.0717573698509332,-0.246346679046453,0.805413878395522,-1.21301500046647,1.15396011977465,-1.05117584193755,0.293177836343357,0.490302172269487,1.16467101664636,0.420979113639576,0.673770333529885,-1.70331717273596,1.72628803288425,-0.98669349511164,0.323792919932429
0,"",640422.496021959,0,0.319223658967947,0.647451000360059,0.199910373242622,0.0000115439428148344,0.00454105646849571,0.032899650521675,0.308385236097381,0.133148530525627,27.8482842283233,2.31609943331688,0.0281360013095698,0.0346678282711486,0.0348049498303209,85943.3085787918,0.996060285682329,0.319223658967947,-0.358530517733749,0.778911539814029,46.4453703984644,-0.460296836556499,0.647451000360059,1.10972817543566,0.854219616849948,49.6105908842131,1.29911342884858,0.199910373242622,0.295653144628283,0.138073011859761,2.14128120076481,0.0322513682069178,0.331830195958266,0.138082081237392,2.40313727157531,0.0162550843086615,-0.0361770513299825,0.0717762420430935,-0.50402543098122,0.614243506284929,-1.46825869316941,1.15065278709651,-1.27602236715936,0.201947612476753,0.75119765770191,1.16137282768304,0.646818695767633,0.517749290933276,-2.21945635087132,1.7084392336999,-1.29911342884858,0.193905005204909
0,"",640597.253582792,0,0.430305836937028,0.569214782135247,0.149739749320904,0.00000723736692877189,0.00692516450786281,0.0413251954693435,0.335947205960456,0.143069320261072,23.9859298216902,2.34814288169833,0.027447780190845,0.0274771531764871,0.0348397669362182,85942.7512939341,0.788672129374174,0.430305836937028,-0.438921676479422,0.765699220312399,47.1204610760154,-0.573229885620551,0.569214782135247,1.2631742324343,0.863352112316358,49.6600326866876,1.46310435153188,0.149739749320904,0.333899309932914,0.147666909608647,2.26116542167658,0.0237490154509706,0.351110052938752,0.147675165515848,2.37758360867436,0.0174264918403118,-0.0172107430058382,0.0719361417814585,-0.239250293101962,0.81091150654075,-1.70209590891372,1.14864536474734,-1.4818289100815,0.138385824564813,0.82425255595488,1.15929209334866,0.710996444023004,0.47708643937539,-2.5263484648686,1.72670422463272,-1.46310435153188,0.143438827344447
0,"",640729.558753017,0,0.569253504856484,0.468742680686699,0.218696144564045,0.00000376924225747214,0.0109787388998298,0.0303632717405176,0.35694761728514,0.148418545317466,22.6445811080886,2.40500684413549,0.0247569720068861,0.0198441879185998,0.0348661479721645,85941.5210263325,0.56915343600453,0.569253504856484,-0.544783999486981,0.745955742777703,48.0480464860384,-0.730316784556652,0.468742680686699,1.10595262360152,0.887747319015436,49.5626819188638,1.24579663594826,0.218696144564045,0.361765380466868,0.152869965181418,2.36649089333894,0.0179576160461605,0.368407964333318,0.152877787573038,2.4098200934345,0.0159603885936351,-0.00664258386645004,0.0722475948077601,-0.0919419377783433,0.926744171024927,-1.6507366230885,1.15426592992714,-1.4301181212138,0.152683120073243,0.561168624114536,1.16480071609426,0.481772217651286,0.62996776748201,-2.21190524720303,1.77549463803087,-1.24579663594826,0.21283906493429
0,"",640895.643323632,0,0.879193947451602,0.343089698281067,0.316481042595421,0.000000268805462857796,0.0183847461140021,0.0202552714758477,0.381555238503625,0.149921659205043,22.7021622124842,2.54503078825845,0.0182000144013033,0.00530446001060965,0.0348997005599816,85941.0688445151,0.151991562262632,0.879193947451602,-0.715173966671963,0.74702437559108,48.9370188746626,-0.957363628336873,0.343089698281067,0.899175102634396,0.888559072385218,49.5325632222213,1.01194746706112,0.316481042595421,0.400369100731244,0.154338414489403,2.59409883181568,0.00948392201904747,0.384110727567543,0.154346175025314,2.48863133475479,0.0128235863641499,0.0162583731637009,0.0723166323282397,0.224822044946803,0.822117715667935,-1.61434906930636,1.15556810066309,-1.39701768193498,0.162408253981043,0.184001135962433,1.16611648235523,0.157789670883308,0.874622538133216,-1.79835020526879,1.77711814477044,-1.01194746706112,0.311563171898994
0,"",640926.159657564,0,0.681909829119338,0.223750389657627,0.364827818000408,0.00000195463737409687,0.0299996542657978,0.0167931455356706,0.40522564446582,0.149045674808068,21.985492991963,2.71880176991143,0.0125421224142418,-0.0143065942956199,0.0349060699320044,85941.6261666333,-0.409859784372419,0.681909829119338,-0.915813649749101,0.74324562324997,49.0913689437013,-1.23218169216328,0.223750389657627,0.816598902454907,0.892746766853551,48.9862119802817,0.914703847467267,0.364827818000408,0.445414425568511,0.153490239235821,2.90190716873,0.00370898431968398,0.392401315246275,0.153498020832523,2.55639332102147,0.0105763495378452,0.0530131103222364,0.072374051966309,0.732487803044585,0.463870884582435,-1.73241255220401,1.15636959540018,-1.49814778864407,0.134094857304941,-0.0992147472941943,1.16688947687836,-0.0850249738815128,0.932241536311137,-1.63319780490981,1.7854935337071,-0.914703847467267,0.36034712398931
0,"",641225.891693141,0,0.791983831149769,0.295367241624559,0.423462229999496,0.000000809366858629912,0.0227039740367556,0.0133671494858488,0.393817136814832,0.148246586613885,22.6574190592183,2.65650053610034,0.0142052449384984,0.00922198377941331,0.0349666968736694,85939.6779649174,0.26373620055481,0.791983831149769,-0.808842696206374,0.764558466382601,48.1760272683558,-1.05792131245802,0.295367241624559,0.741274188800139,0.918203630204861,48.105697075788,0.807309146267209,0.423462229999496,0.407753848543305,0.152782880711181,2.66884513922812,0.00761125342946902,0.404048591882559,0.152791728307544,2.64444022171984,0.00818261585755749,0.00370525666074683,0.0727659493591208,0.0509201995353668,0.959389109486703,-1.55011688500651,1.18944105009846,-1.30323136642896,0.192495784607751,-0.067568507406236,1.20021877106554,-0.0562968260746744,0.955105347252366,-1.48254837760028,1.83640726040972,-0.807309146267209,0.419488395844974
0,"",641722.599878932,0,0.652005975369792,0.433702943325942,0.539106117179076,0.00000236661992975133,0.0129515728320043,0.00790570539029325,0.39916280205363,0.151140400094254,23.3426198640574,2.64100665212414,0.0144988158928137,0.0158146182563496,0.0350673217754958,85937.4937735375,0.450978787533198,0.652005975369792,-0.608386890399475,0.770531220899288,47.5111083992496,-0.789568123780145,0.433702943325942,0.581688802569972,0.940337596379913,48.0204397520604,0.618595709465773,0.539106117179076,0.401127875684644,0.155647581428664,2.57715456933385,0.00996173934737826,0.415376288868,0.155656697826065,2.66854105649955,0.00761814670960326,-0.0142484131833559,0.0731967079100674,-0.194659207909489,0.845659748322318,-1.19007569296945,1.21026569567364,-0.98331771050244,0.325451096239985,-0.0266980878295036,1.22113195886759,-0.0218633929245959,0.982556926004442,-1.16337760513994,1.88067519275983,-0.618595709465773,0.53618272907098
0,"",641900.90992243,0,0.880645652606499,0.415821461771421,0.497250159695878,0.000000262347573398952,0.0139202286841677,0.00977803582202769,0.408084886934408,0.156005636965624,23.6470332563436,2.61583424081226,0.0152544023518543,0.00527081452231098,0.0351033716188091,85937.0890688234,0.150151232751864,0.880645652606499,-0.616609740151614,0.751198375349236,47.728431355503,-0.820834762674971,0.415821461771421,0.636200380901291,0.929995591561585,47.392214343448,0.684089673837085,0.497250159695878,0.42153101460097,0.160349376297769,2.62882852639343,0.00856795517477423,0.413063017925357,0.160357457415907,2.57588904552176,0.00999827242577751,0.00846799667561207,0.0731427786307428,0.115773516321581,0.907832040261306,-1.25281012105291,1.19013817627537,-1.05265938529396,0.292497129326113,0.019590640749677,1.20081335780152,0.0163144760360961,0.986983508871936,-1.27240076180258,1.85999118312317,-0.684089673837085,0.493918542015878
0,"",641910.506028533,0,0.66649283114656,0.595808803029333,0.41700551934262,0.00000216133574440264,0.00582940724187964,0.0140828754573679,0.419104664497664,0.163556956712001,24.6906345533645,2.56243863252876,0.0168883653153157,0.015128868147616,0.0351044011365133,85934.3040294064,0.430967846133684,0.66649283114656,-0.399398957607554,0.748007751390086,48.6225995281261,-0.53395029244726,0.595808803029333,0.765728726479007,0.935118398733712,46.942449485445,0.818857513140492,0.41700551934262,0.421382765801553,0.167708590514604,2.5125890361881,0.0119848858107971,0.428760577892754,0.167716236143939,2.55646434567478,0.010574190696842,-0.00737781209120062,0.073202691405032,-0.100786076981501,0.9197202795173,-1.16512768408656,1.19214533100932,-0.977336951947052,0.3284023649815,0.366329768871453,1.20279405607634,0.304565662775608,0.760696975356402,-1.53145745295801,1.87023679746742,-0.818857513140492,0.412867712795212
0,"",642110.074045036,0,0.452689204552403,0.754465761097703,0.464047851769963,0.00000656227111198125,0.00198236282947399,0.011503474996061,0.436518374659994,0.166367381019351,25.690473017763,2.62382188134116,0.0144337610892656,0.0263915959395788,0.035144620705233,85932.3259294011,0.750942687955918,0.452689204552403,-0.238789376920908,0.759299844468919,49.7918718575089,-0.314486271346368,0.754465761097703,0.700346996558142,0.948662074047279,46.8327389883956,0.738247069971133,0.464047851769963,0.424157445390878,0.170485259046021,2.48794205296294,0.0128484665960565,0.456014314874567,0.170493232083604,2.67467693175617,0.00748012941788985,-0.0318568694836891,0.0734295224288707,-0.433842798236201,0.664402600354329,-0.939136373479049,1.20971118578875,-0.776331065225885,0.437553535279951,0.461557619637234,1.22048794179623,0.378174665911034,0.705300844082296,-1.40069399311628,1.89732414809456,-0.738247069971133,0.460364324314828
0,"",642349.922506279,0,0.218143600785549,0.769872871413301,0.476680323722447,0.0000176482628868556,0.00170524828310216,0.010742873284034,0.456099958354808,0.168034103920435,25.6559818888356,2.71432969684996,0.0117090624742634,0.0433402293197328,0.035193370280792,85931.2368956471,1.23148845859151,0.218143600785549,-0.236802599237962,0.80513846614573,50.641078387771,-0.29411412967456,0.769872871413301,0.680038954132593,0.947989167954129,47.3859471953672,0.717348865494102,0.476680323722447,0.426457311823097,0.172165693581975,2.4770167793042,0.013248567336293,0.492818251044913,0.172174697212459,2.86231518930326,0.00420558447823054,-0.0663609392218158,0.0735088506957483,-0.902761213020218,0.366652640774495,-0.916841553370555,1.23816580601842,-0.740483664557698,0.459006569566767,0.443236354894631,1.24932312123745,0.35478119900287,0.722753514363638,-1.36007790826519,1.89597833590826,-0.717348865494102,0.473158862724594
0,"",642361.084724132,0,0.01919419991389,0.871093744430412,0.371097302737931,0.0000638125620923505,0.000524517285458683,0.0167902392978005,0.466842599863374,0.170134194050896,24.3539250657255,2.74396691663121,0.0112182963465933,0.0824210293799317,0.0351958612582369,85932.8030000425,2.3417818582474,0.01919419991389,-0.13349817408296,0.818540118968139,50.6854201864353,-0.163093012778957,0.871093744430412,0.826813572882373,0.915702363035115,47.7414736457929,0.90292829445354,0.371097302737931,0.398768596540463,0.174191899415433,2.28924879904682,0.0220649007311051,0.538905519885858,0.174200628862952,3.09359112767514,0.00197749811489693,-0.140136923345394,0.073147398951187,-1.91581553622858,0.0553885794811751,-0.960311746965333,1.22260535260652,-0.78546339169709,0.43218192607702,0.693315398799414,1.23380453874786,0.561932929427404,0.574161716942758,-1.65362714576475,1.83140472607023,-0.90292829445354,0.366563952681546
0,"",642407.705669139,0,0.00199066536191298,0.87014484944907,0.284005610088677,0.000111220040757456,0.000532148124481715,0.0236806495450899,0.490099512016344,0.168708980612238,24.0273731167955,2.90499954559498,0.00776285542196388,0.108846296733682,0.0352057829543405,85934.5775070741,3.09171640564984,0.00199066536191298,-0.136299204485641,0.829553465032162,50.7030602303423,-0.164304303738104,0.87014484944907,0.959353483215401,0.885513598878226,48.3910593700981,1.08338650522218,0.284005610088677,0.397622230562925,0.172778632105995,2.3013391512383,0.0213724684098859,0.586649404774344,0.172787179284464,3.39521373752232,0.00068575043263584,-0.189027174211419,0.0728330300259304,-2.59534958444157,0.00944947532900797,-1.09565268770104,1.20777369950422,-0.90716720206012,0.364318384908728,0.82305427872976,1.21896237065636,0.675208930597737,0.499543033514606,-1.9187069664308,1.77102719775645,-1.08338650522218,0.27863690298252
0,"",642441.135814196,0,0.0295544036314479,0.857529844971082,0.232183027873138,0.0000550989260271917,0.000646593525948924,0.0288670397170104,0.526112696013267,0.168425334338487,23.1952936836597,3.12371471952034,0.00474004746484928,0.07662456495194,0.0352127219595704,85934.9413392279,2.17604776591588,0.0295544036314479,-0.154746674202644,0.857595121273758,50.3229149698826,-0.180442577579971,0.857529844971082,1.05371792910421,0.871079347628877,49.227723152952,1.20966928210671,0.232183027873138,0.46754255266704,0.172516930595025,2.71012561523351,0.00672577305988167,0.589306659851201,0.172525797577898,3.41575966101602,0.000636043568591928,-0.121764107184161,0.0726903542794905,-1.67510680600048,0.0939132778448993,-1.20846460330685,1.21674509922605,-0.99319455165715,0.320615152971587,0.898971254901563,1.2280181624494,0.732050455270531,0.464137772371699,-2.10743585820841,1.74215869525776,-1.20966928210671,0.226405821452709
0,"",642542.063001864,0,0.0812120878955299,0.536980645068751,0.232070762338423,0.0000353805633538911,0.00770675379125972,0.0284089543970493,0.534834307186888,0.166600700728282,22.8729590563443,3.2102764565149,0.00390043177553514,0.0614373873514461,0.035233584335872,85935.3232921893,1.74371664165021,0.0812120878955299,-0.54019869977143,0.868913573524327,49.7648222005843,-0.621694396578909,0.536980645068751,1.04956665157478,0.867613709766873,50.0490096631696,1.20971653601093,0.232070762338423,0.497147962132269,0.170748477471216,2.91158064478832,0.00359605065436572,0.588661754016178,0.170757589675568,3.44735338051216,0.000566107585687783,-0.0915137918839091,0.072691065058625,-1.2589414092379,0.208051495458179,-1.58976535134621,1.22224458176995,-1.30069331053531,0.193363452942882,0.509367951803348,1.2335505168393,0.412928327498489,0.679659125967853,-2.09913330314956,1.73522741953375,-1.20971653601093,0.226387682431968
0,"",642623.496951019,0,0.118374480633083,0.340519205006215,0.270149317880695,0.0000283786020313964,0.0183069199801136,0.0245674766842481,0.519199704503947,0.163620689067985,23.5485789213269,3.17319103996817,0.00416094837203402,0.0550483229829736,0.0352501348013992,85933.6579995134,1.5616485807251,0.118374480633083,-0.860335073099448,0.893962484845322,49.665763312293,-0.962383866978834,0.340519205006215,0.987053566102642,0.885066216921598,49.381763498741,1.11523132081097,0.270149317880695,0.491751307303235,0.167894379136469,2.92893252193706,0.00340128251930022,0.572354857350485,0.167904424474117,3.40881343146926,0.000652460851056545,-0.08060355004725,0.072908432803979,-1.10554495477855,0.268923526335822,-1.84738863920209,1.2522404393569,-1.47526671487373,0.140140851388499,0.126718493003194,1.26369147632352,0.100276448308299,0.920124854761916,-1.97410713220528,1.7701324338432,-1.11523132081097,0.264751307526301
0,"",642879.411735821,0,0.185312496677545,0.291210950856934,0.274355285246036,0.0000204173052481319,0.0223137040104843,0.0245698179848598,0.508219307011787,0.16080029582108,24.3344475476055,3.16056201524203,0.0041790231184084,0.0467609948688034,0.0353023851250421,85931.4418680682,1.32458457702431,0.185312496677545,-0.995850574972021,0.933514046651863,49.8625520232928,-1.06677620818212,0.291210950856934,0.994429732985914,0.899456127695441,48.5268926397929,1.10559003642992,0.274355285246036,0.491193034777882,0.165222250580403,2.97292303580413,0.00294978407269218,0.555001529213341,0.165233371827411,3.35889489559682,0.000782548245521717,-0.0638084944354599,0.0731593445017886,-0.872185157890527,0.383107375094553,-1.99028030795794,1.29052157403998,-1.54222939623346,0.12301785902719,-0.0014208419861067,1.30211123519759,-0.00109118326276564,0.999129361894408,-1.98885946597183,1.79891225539088,-1.10559003642992,0.268904004293081
0,"",643123.352938654,0,0.394194886139519,0.262877448069747,0.243757717087176,0.00000844810199409714,0.024822848168802,0.0276787292665861,0.504410064819732,0.159120010191778,26.1423429249495,3.16999769049661,0.00386447571118853,0.0301218271568005,0.0353526438436028,85932.2158831626,0.852038882581371,0.394194886139519,-1.04643286347851,0.924179814475212,50.3664904109724,-1.13228275178539,0.262877448069747,1.04600129402927,0.886535613815586,48.9030232956926,1.17987509777228,0.243757717087176,0.505549135465371,0.163569339277933,3.09073288244049,0.00199663163526794,0.534538339609974,0.163580148978402,3.26774576834839,0.00108407697664873,-0.028989204144603,0.073108701003485,-0.39652194262378,0.691720023759988,-2.09243415750778,1.27486167087274,-1.64130290000432,0.100734554421139,-0.000431569449232283,1.28640396774621,-0.000335485166443008,0.999732321570338,-2.09200258805855,1.77307122763117,-1.17987509777228,0.238049895464502
0,"",643259.956030197,0,0.468848764112413,0.305933015986507,0.263645689915123,0.00000610578613093313,0.0206517933872886,0.0253071452703087,0.496287346732359,0.156343872294168,28.1753890114309,3.17433193543122,0.00361693340703622,0.025628464212647,0.0353810010468117,85933.1419562931,0.724356673196969,0.468848764112413,-0.940187171713788,0.909067021921981,50.7243157034603,-1.03423306427508,0.305933015986507,0.99152235637556,0.876886392261181,49.2428278265855,1.13073069114321,0.263645689915123,0.499518559621104,0.160844565470019,3.10559799245572,0.00189894688969538,0.521148864966982,0.160855091731643,3.23986551719745,0.00119586086270761,-0.0216303053458772,0.0730557073511285,-0.29607961006955,0.76716928506465,-1.93170952808935,1.25731100386841,-1.536381628846,0.124444809760715,0.0513351846617726,1.26879242987546,0.0404598762201092,0.96772649496859,-1.98304471275112,1.75377278452236,-1.13073069114321,0.258168459449469
0,"",643434.670383279,0,0.346888242587846,0.337173047686398,0.305456811816925,0.0000102965710886462,0.0181313425293064,0.0212539755906542,0.479206475662938,0.155265731125618,29.3021072399625,3.08636343762961,0.00439826764370355,0.0333147918872281,0.0354168766920289,85932.331750422,0.940647369244904,0.346888242587846,-0.892516561240975,0.921147294427542,50.8390983770596,-0.968918398436637,0.337173047686398,0.909559013063229,0.878334431704258,49.3823531801718,1.03554976354324,0.305456811816925,0.472814633852043,0.159820699515276,2.95840673508534,0.00309233801438887,0.512266653877948,0.159831511440849,3.20504166706532,0.00135042929897053,-0.039452020025905,0.0731358462064762,-0.539434792543789,0.589586879311491,-1.8020755743042,1.267013608634,-1.42230167223466,0.15493869365754,0.0170424518222543,1.27853194697399,0.0133297035420899,0.989364750291581,-1.81911802612646,1.75666886340852,-1.03554976354324,0.300412238974613
0,"",643574.255822554,0,0.293747899936739,0.372309851273612,0.332139737654999,0.000012828316136751,0.0156989171104597,0.0187575489462633,0.466822438702638,0.153991315741357,28.9257370682891,3.03148548640697,0.0050909626428023,0.0372159105192689,0.0354456945421167,85932.0339287394,1.0499416360723,0.293747899936739,-0.828701592979425,0.920668342594419,50.7981847982331,-0.900108708684569,0.372309851273612,0.878539349463027,0.89712594087817,50.1667361976671,0.979282071147169,0.332139737654999,0.455112651964774,0.158611082060608,2.86936225421417,0.00411300437344566,0.503293774771836,0.158622347970458,3.17290584341602,0.00150921460922516,-0.0481811228070615,0.0733907560439854,-0.656501246263018,0.511501665952246,-1.70724094244245,1.2796749447493,-1.33412078547566,0.182164274860981,0.0498377564836018,1.29126385277567,0.0385961059596547,0.969212406975252,-1.75707869892605,1.79425188175634,-0.979282071147169,0.327440626629811
0,"",643651.356276575,0,0.321745058614361,0.390906506359551,0.241752995051734,0.0000114256524498228,0.0146225614003248,0.0267449997376626,0.469600030531698,0.152902979269843,29.7456747070653,3.07122878032971,0.00452630176634226,0.0351385143401618,0.035461787087925,85932.9228176899,0.99088391267587,0.321745058614361,-0.796862095546199,0.920786561952076,50.469331701315,-0.865414558024005,0.390906506359551,1.03869024497214,0.876999696799651,51.0454768295906,1.18436784956999,0.241752995051734,0.461884608059008,0.157532841753357,2.93198931040781,0.00336798339380326,0.501125640237402,0.157543773385805,3.18086605054334,0.00146835505036521,-0.0392410321783942,0.0732023965139205,-0.536062124290315,0.5919156157185,-1.83555234051834,1.26583055697205,-1.45007744552249,0.147036923885736,0.24182814942594,1.27735105697387,0.189320037045139,0.849841992001378,-2.07738048994428,1.7539993935993,-1.18436784956999,0.23626748119072
0,"",643977.625345188,0,0.103239901687174,0.353406954078013,0.150018846140581,0.0000308934574641265,0.017157952810879,0.040235690247028,0.467147380062194,0.153383270823545,31.3979755039592,3.04562145241778,0.00467391930980968,0.0578896039738536,0.035528983189046,85932.1479683789,1.62936281249112,0.103239901687174,-0.85104318449811,0.908582131799059,50.2565962350329,-0.936671715976829,0.353406954078013,1.30291296221438,0.891490582252231,50.9507322745943,1.46149941250389,0.150018846140581,0.441437810395137,0.158014306312485,2.79365723709954,0.0052115685881422,0.51828606435214,0.158025240713389,3.27976759922902,0.00103892629996805,-0.0768482539570026,0.0734789336153254,-1.04585423570946,0.295628336260764,-2.15395614671249,1.26710841432186,-1.69989885819302,0.0891499517399628,0.451869777716274,1.2786673387917,0.353391194103134,0.723795186589961,-2.60582592442877,1.78298116450446,-1.46149941250389,0.143878436662296
0,"",644316.430305548,0,0.0271356896730804,0.416757788967006,0.0796443831737434,0.0000568128647018992,0.0131271642911119,0.0593213762235589,0.439087016890601,0.154012921269667,32.7457644417874,2.85097518617795,0.00748673224914482,0.0786594884924985,0.0355990015919644,85932.0628354599,2.20959816216458,0.0271356896730804,-0.744123653861714,0.908802695854143,50.4012469012886,-0.818795605752847,0.416757788967006,1.57743306620211,0.881916854781765,50.7313772174954,1.78864147753753,0.0796443831737434,0.39511150978317,0.158627484755729,2.49081368459951,0.0127450934718228,0.505296890047049,0.15863814640811,3.18521680622219,0.00144645597729147,-0.110185380263879,0.0735017549673938,-1.49908502610255,0.133851575661408,-2.32155672006382,1.26059115865057,-1.84164128403771,0.0655276380501908,0.833309412340395,1.27212785843713,0.655051618289497,0.512434520662383,-3.15486613240422,1.76383370956353,-1.78864147753753,0.0736725734561572
0,"",644290.520388734,0,0.0178144944026533,0.508127015272472,0.0407411563766299,0.0000653318324972744,0.00868856043739123,0.0795715088780808,0.417662893172133,0.154803346894006,32.0789490325901,2.69802237194592,0.0110289899303127,0.0843392076027602,0.0355937173329906,85932.83192397,2.36949703268529,0.0178144944026533,-0.610084552347945,0.915382804856642,50.6800282663735,-0.666480240956122,0.508127015272472,1.80221812184511,0.858400179031532,50.9879516809982,2.09950809176021,0.0407411563766299,0.369363408537917,0.1593739667129,2.31758935387043,0.0204716493473149,0.484191664279584,0.159384197754992,3.03789002360129,0.00238240883444024,-0.114828255741667,0.0732435297036522,-1.567759721661,0.116937218168503,-2.41230267419306,1.24916372410231,-1.93113410808229,0.0534664699697926,1.19213356949717,1.26061218618733,0.945678284376041,0.344312701785738,-3.60443624369023,1.71680035806306,-2.09950809176021,0.0357721352681771
0,"",644436.418610033,0,0.0712918273911141,0.490885613570356,0.0486514190119794,0.0000378544482795161,0.00948504820595519,0.0736568705235472,0.411688859810124,0.155067350127265,31.0822743366911,2.65490355946786,0.0123975402765642,0.0642529871075834,0.035624135369621,85933.9192676467,1.80363639540782,0.0712918273911141,-0.625736279664458,0.901658569311777,50.2944352072184,-0.693983621918076,0.490885613570356,1.73213197124767,0.857614513340195,51.3022406666677,2.01970925666993,0.0486514190119794,0.382662347169566,0.159618001877277,2.39736334667175,0.0165135393718472,0.459412331511193,0.15962795383713,2.87801929717106,0.00400180658894582,-0.0767499843416271,0.073290162486613,-1.04720717948532,0.295004034735148,-2.35786825091213,1.23866254476585,-1.90355982012667,0.0569675359203548,1.10639569158321,1.25007870088422,0.885060829210688,0.376123824445469,-3.46426394249533,1.71522902668039,-2.01970925666993,0.0434135543705043
0,"",644511.094359914,0,0.299371252695811,0.373167031543239,0.0723735041171478,0.000012532827579022,0.0159574601924584,0.0622441361743549,0.401526589153057,0.155243448661948,31.3584973398981,2.5864317793365,0.0145567210758731,0.0369863651905937,0.0356395835346378,85933.7092407323,1.03778892799482,0.299371252695811,-0.783827205918679,0.872233502513091,49.799529820133,-0.898643773324809,0.373167031543239,1.6305634650494,0.888594931075433,50.7293263935552,1.83499073427753,0.0723735041171478,0.400611141534461,0.159793334785751,2.5070578949466,0.0121740769711326,0.425862742356177,0.159803348164156,2.66491752049347,0.00770072072662064,-0.0252516008217157,0.0736461402496718,-0.342877450686605,0.731690656332612,-2.41439067096808,1.23940844361149,-1.94801857564633,0.0514127405245096,0.846736259130722,1.25086017555239,0.6769231890821,0.498454690315849,-3.2611269300988,1.77718986215087,-1.83499073427753,0.066507062358488
0,"",644785.281832242,0,0.798501013318822,0.238775994259203,0.138011069258741,0.00000075840217876536,0.0276781575513936,0.0435439717234582,0.405016148160669,0.15737119494785,29.9974058841554,2.57363584418917,0.0152481922150689,0.00911285881618849,0.0356963373035305,85933.4145938186,0.255288343414639,0.798501013318822,-0.999262437094439,0.838092185683753,49.9399849084578,-1.19230611400964,0.238775994259203,1.39635915998092,0.926333635704351,49.9110123065386,1.50740414269766,0.138011069258741,0.43169379756706,0.161879015229645,2.66676812281475,0.0076584490622717,0.408196394938721,0.161888836116387,2.52146105149126,0.0116868612612921,0.0234974026283388,0.0741609746116484,0.316843228549589,0.751362561148059,-2.39562159707536,1.24348369511241,-1.92654041745098,0.0540369302164171,0.397096722886484,1.2548837924973,0.316441032437145,0.751667776418831,-2.79271831996185,1.8526672714087,-1.50740414269766,0.131707097566321
0,"",645179.587219279,0,0.31152951451576,0.166681010294651,0.24006228549487,0.0000119182427143498,0.0376620468768199,0.0274421104239981,0.409144267561257,0.156726010012681,29.6701682512003,2.61057030373039,0.0140324296311623,-0.0362086195099503,0.0357784262053455,85933.8098143277,-1.01202381854741,0.31152951451576,-1.15520277688181,0.823228488806976,50.3152181783039,-1.40325898895449,0.166681010294651,1.11689939888281,0.939395575941379,50.0989988226356,1.18895535330104,0.24006228549487,0.479298019183692,0.161267339319261,2.97207122785617,0.00295798051645804,0.373507899264478,0.161277038133915,2.31593972450275,0.0205615599698143,0.105790119919214,0.0744538180521046,1.42088240317212,0.155350949463772,-2.27210217576462,1.2433824970423,-1.82735576636264,0.0676462955110471,-0.0383033779989985,1.25472640516256,-0.0305272749831355,0.975646541223274,-2.23379879776562,1.87879115188276,-1.18895535330103,0.234457236265737
0,"",645259.214084274,0,0.117960482531076,0.1346394115972,0.336109934041927,0.0000284421484696438,0.0441148643683375,0.0183161995134104,0.415403098822203,0.157740227803059,27.2015392533807,2.63346328712572,0.0137723765585298,-0.0559624840529602,0.0357952021883841,85934.9000071065,-1.56340740187579,0.117960482531076,-1.24707242100875,0.820103379264515,50.1033664201489,-1.52062831655095,0.1346394115972,0.911499923317078,0.938601118081964,50.5460703369518,0.97112597221249,0.336109934041927,0.50361458302316,0.162251841162379,3.10390673791585,0.00190983522342765,0.364454056897402,0.162261409535548,2.24609201867902,0.0246981144718564,0.139160526125758,0.0744748552985767,1.86855718709154,0.061684446878589,-2.15857234432583,1.24073667630485,-1.73975057363055,0.0819028247728826,-0.33557249769167,1.25206059085156,-0.268016180801152,0.788686863761349,-1.82299984663416,1.87720223616393,-0.97112597221249,0.33148555180638
0,"",645130.970766617,0,0.0705551931869832,0.111491466666894,0.515899354553086,0.0000380516157869595,0.049806401716057,0.00836080923453285,0.432604613079189,0.157303055977844,25.8569538872152,2.75013482980343,0.0107262914207887,-0.0646825782143198,0.0357687940834902,85936.2540230332,-1.80835222074695,0.0705551931869832,-1.27428328703393,0.786544189037315,50.074042497671,-1.62010387311306,0.111491466666894,0.619125074353465,0.946302931280981,50.7693710710488,0.65425674367866,0.515899354553086,0.525574650218436,0.161795091766483,3.24839674974189,0.00116057320544197,0.377710077111048,0.161803967647375,2.33436844969219,0.0195764373585028,0.147864573107388,0.0745144130520133,1.98437546577968,0.0472139989818367,-1.89340836138739,1.22495471345211,-1.54569662093996,0.122177853718987,-0.655158212680464,1.23602910487988,-0.530050797423684,0.59607671160963,-1.23825014870693,1.89260586256196,-0.65425674367866,0.512946409232042
0,"",645012.501760595,0,0.0403369224824776,0.119865082971585,0.689524523318499,0.0000489149598410747,0.0478606031168944,0.00318709572502814,0.462625297210069,0.159634369039587,25.4050732839987,2.89803066841668,0.0076304745392687,-0.0732865558426129,0.0357440816969733,85936.4463799297,-2.05031301304402,0.0403369224824776,-1.2037525865061,0.760667853169584,49.8203425601939,-1.58249435872733,0.119865082971585,0.378898430187505,0.942995058711974,50.4946448023746,0.401803197892721,0.689524523318499,0.559556607422738,0.164026914146971,3.4113706907963,0.000646371515331571,0.401662035455384,0.164034883277661,2.44863792035925,0.0143397518357608,0.157894571967354,0.0744326795569097,2.12130710471912,0.0338959668793366,-1.5826510166936,1.20612803469626,-1.31217496912934,0.189461105400769,-0.824854156318591,1.21694933794361,-0.677804844129687,0.497895439252738,-0.757796860375011,1.88599011742395,-0.401803197892721,0.68782886847715
0,"",645209.060831,0,0.0245231167525098,0.167619966487535,0.970563947326856,0.0000588486359611075,0.0385043552121727,0.000027318182827779,0.486807718136445,0.162590733173285,24.6024535487338,2.99406804210433,0.00619009407813037,-0.0804747604822164,0.0357844886115074,85934.5477791682,-2.24887272683667,0.0245231167525098,-1.07672666323128,0.768731214891868,48.9890896457525,-1.4006542759978,0.167619966487535,0.0362181018091752,0.976625563217461,50.3421226403885,0.0370849414281722,0.970563947326856,0.583909836968196,0.166963934105852,3.49722136157866,0.000470131550177385,0.42187812149342,0.166972454129882,2.52663305269057,0.0115161757335019,0.162031715474776,0.0748903163236883,2.16358700869213,0.0304960594661001,-1.11294476504045,1.23739760920557,-0.899423723434364,0.368427007607192,-1.0405085614221,1.24833388950643,-0.833517835387376,0.404552743284459,-0.0724362036183504,1.95325112643492,-0.0370849414281722,0.970417278769204
0,"",645611.48096247,0,0.0402697150543147,0.174970124143893,0.935957402837252,0.0000489486742725788,0.037153710256578,0.000130037596137709,0.511595755746234,0.162732131178233,23.7527951029694,3.14379067023898,0.00443479445452194,-0.0735663329285544,0.0358684730586699,85935.0326206527,-2.05100263978961,0.0402697150543147,-1.07224438683637,0.779068978046519,49.0897150628871,-1.37631508512247,0.174970124143893,-0.0789320396674505,0.977413112975232,50.1446861701332,-0.0807560678485092,0.935957402837252,0.600002142618342,0.16712863680713,3.5900618474544,0.000330599510469572,0.455227960937692,0.167137427365857,2.72367457195101,0.00645600859461496,0.14477418168065,0.0750486929488492,1.9290699943212,0.0537221734285994,-0.993312347168921,1.24437993638938,-0.798238800001111,0.424731925359352,-1.15117642650382,1.25542355635551,-0.916962582608919,0.35916224771536,0.157864079334901,1.95482622595047,0.0807560678485092,0.935635946681667
0,"",646028.203915531,0,0.0497972678463891,0.221318426620173,0.981451153760428,0.0000447802531952027,0.0298956936174457,0.0000109106909314801,0.54797061999581,0.163982061958533,23.9306820687454,3.34164977224385,0.00272768926419969,-0.0705349912238967,0.0359555226779692,85935.3850879813,-1.96172899099907,0.0497972678463891,-0.989381471841184,0.798817514428845,49.7785437939994,-1.23855756035669,0.221318426620173,0.0223897613898815,0.958214463993525,50.0399070352142,0.0233661275541264,0.981451153760428,0.633621440316645,0.16835774660165,3.7635419403412,0.000167523615784041,0.491882453264699,0.168366680202574,2.92149523096185,0.00348355608794996,0.141738987051947,0.0749826917567207,1.89028939520889,0.0587192663177458,-1.01177123323107,1.24189378005698,-0.814700298430227,0.415243882506869,-0.966991710451303,1.25310358701311,-0.771677394010351,0.440305522919638,-0.0447795227797631,1.91642892798705,-0.0233661275541264,0.981358223921044
0,"",646278.570021997,0,0.0463829047676615,0.32720935961762,0.967646295437475,0.000046169681409734,0.0189977035976267,0.0000332635782268712,0.580879982851746,0.165035488745733,25.3237461209433,3.5197277098788,0.00165778192940383,-0.0717243545765694,0.0360076332786493,85934.4327514326,-1.99192082471853,0.0463829047676615,-0.801128917439338,0.80976054793937,50.5429405585427,-0.98934051489419,0.32720935961762,0.0388749190513741,0.953651234178458,49.9547089952801,0.0407642937565783,0.967646295437475,0.665153967241982,0.169399196980514,3.92654734554907,0.0000861739359742481,0.520543678053282,0.169408234260183,3.07271768888053,0.00212119056632647,0.144610289188699,0.0750237193110898,1.92752759416079,0.0539139125728809,-0.840003836490712,1.24540385638407,-0.674483086096741,0.500004235398816,-0.762253998387964,1.25669999498767,-0.606552081983133,0.544148208735697,-0.0777498381027483,1.90730246835692,-0.0407642937565783,0.967483805138884
0,"",646599.119957167,0,0.174271697065597,0.538585376593257,0.895714587120502,0.0000214792709205388,0.00750552027545613,0.000351480175492291,0.609305410892172,0.165048065464476,25.1848046537155,3.69168465669363,0.0010790806616236,-0.0490118040089495,0.0360747882351952,85933.9809530188,-1.35861654098728,0.174271697065597,-0.515680113370082,0.832873947622932,50.6931769787443,-0.619157454548628,0.538585376593257,-0.125434901467632,0.952040912074171,49.3710149350156,-0.131753688183791,0.895714587120502,0.664147465589489,0.16944640587302,3.91951344242256,0.0000887279126292453,0.569871844213434,0.169455948701144,3.36294977297298,0.000771143928632427,0.094275621376055,0.0751254626038902,1.25490902962071,0.209511785703341,-0.39024521190245,1.25919025462981,-0.309917592252314,0.75662362435137,-0.641115014837714,1.27065405379645,-0.504555124915545,0.613871335200192,0.250869802935264,1.90408182414834,0.131753688183791,0.895179118590493
0,"",646624.94398706,0,0.503148195776354,0.811000402576692,0.902593702362933,0.00000521662900110339,0.00114386970006944,0.000308192842915932,0.641822632170693,0.164509583499407,24.4648355017599,3.90143004752673,0.000657571200826542,-0.0241575847028876,0.0360804732953991,85935.0537932183,-0.669547333958285,0.503148195776354,-0.20358193908188,0.846875204581886,50.4621838513001,-0.240391899515338,0.811000402576692,-0.114452738694801,0.930360271810007,49.0900696773396,-0.123019804437838,0.902593702362933,0.667311804209084,0.168911575889222,3.95065761891139,0.0000779367508451578,0.62241647514066,0.168921128488389,3.68465733511509,0.000229010528292719,0.0448953290684247,0.0748930893149217,0.599458901737143,0.548866908534778,-0.0891292003870784,1.25231339818616,-0.0711716416323359,0.943261150865215,-0.318034677776681,1.26382231651424,-0.251645087779313,0.801315404796057,0.228905477389602,1.86072054362001,0.123019804437838,0.902091415411702
0,"",646409.407738544,0,0.944891659187029,0.937076712539449,0.97919083337384,0.0000000555997550658265,0.000126147649138168,0.0000140141292459848,0.697626651604232,0.164649183827965,23.540973788223,4.23704895089643,0.000299116744094029,-0.0024908905570584,0.0360354848470773,85936.1019914155,-0.0691232702329084,0.944891659187029,-0.0663683940263159,0.836468594020584,49.8987180289566,-0.079343557547461,0.937076712539449,-0.024225764371183,0.924056345954452,49.0439978842561,-0.0262167609986601,0.97919083337384,0.700747151668499,0.169020204875419,4.14593718061699,0.0000338426609889172,0.696489234807388,0.169029444822386,4.12052015871703,0.0000378017988621054,0.00425791686111155,0.0747427917027162,0.0569675919792652,0.954571011054007,-0.0421426296551329,1.24069181200746,-0.0339670410066989,0.972903432993387,-0.090594158397499,1.25211960538145,-0.0723526394827916,0.942321274177646,0.048451528742366,1.84811269190891,0.0262167609986601,0.979084447133622
0,"",646465.189671073,0,0.273644964554125,0.994688211302254,0.95220168566978,0.0000139450548176145,0.000000903023156869402,0.0000738284289767984,0.713788409731147,0.167125780804247,23.3716104539913,4.27096529509832,0.000278277023261268,0.0394611829908589,0.0360470207867165,85936.0059765099,1.09471412975689,0.273644964554125,-0.00540091795215095,0.807186211513152,49.5779323754173,-0.0066910433740269,0.994688211302254,0.056440428226492,0.936788378527952,49.1634011670514,0.0602488561132464,0.95220168566978,0.675251134427381,0.171420113875317,3.93915929211509,0.0000817676299690917,0.752487064109649,0.171428721991915,4.38950401873227,0.0000113609479070012,-0.0772359296822685,0.0749043941970535,-1.03112681852925,0.302481352894732,-0.061841346178643,1.23093732903391,-0.0502392321038622,0.959931748313576,0.0510395102743411,1.24219055880924,0.0410883096094912,0.96722549431456,-0.112880856452984,1.87357675705591,-0.0602488561132464,0.951957434806652
0,"",646691.054645673,0,0.0562917193310884,0.969739899345369,0.817028723802892,0.0000423962624789228,0.0000291088232912089,0.00109884277544313,0.708474257441692,0.170078152636825,24.346145324898,4.16558062548179,0.000338188477088472,0.0688963153992015,0.0360941187089479,85935.6018338637,1.9087961657898,0.0562917193310884,0.0305926154776071,0.802425550448657,49.932858269786,0.0381251761742905,0.969739899345369,0.214977519522104,0.9241934123275,49.1866582056369,0.232610962872698,0.817028723802892,0.642332646471763,0.174288390921213,3.68545858434213,0.000228291205486058,0.773701763064484,0.174296483702438,4.43899811762905,0.00000903786069689584,-0.131369116592721,0.0748489698202723,-1.75512257427411,0.0792383437775747,-0.184384904044497,1.21832727073431,-0.151342671606919,0.879705409849486,0.245570134999712,1.22951987222242,0.199728479829961,0.841692938842595,-0.429955039044209,1.848386824655,-0.232610962872698,0.816063513664928
0,"",646997.405676267,0,0.0224831144299731,0.840660291139135,0.700816493926302,0.0000606023060637337,0.000823623499350287,0.00304136665785498,0.682386302503159,0.165691771952977,26.0018079526887,4.11840789955955,0.000343061131349615,0.0825193514968974,0.0361586536872907,85935.3081210913,2.28214668086224,0.0224831144299731,-0.166092090452918,0.821801504179689,49.5538574245581,-0.202107308891712,0.840660291139135,0.355827694072756,0.920690948149893,48.962107571985,0.386478975152067,0.700816493926302,0.607664415498316,0.170038626888918,3.5736845598929,0.000351992938498844,0.762071010294322,0.170047311522794,4.48152342703853,0.00000741120956086278,-0.154406594796006,0.0749263107139592,-2.06077936207847,0.0393240942516805,-0.521919784525674,1.2284300159086,-0.424867332909999,0.670933389617949,0.189735603619838,1.23976560872171,0.153041512270589,0.878365538811078,-0.711655388145511,1.84138189629979,-0.386478975152067,0.699141970746
0,"",647171.178890794,0,0.00964914313895096,0.589572615355399,0.730071435708927,0.000077948632266935,0.00596214178764126,0.00247353530040612,0.655481295919346,0.161426724555934,29.9676336177599,4.06055005899735,0.000323720664820348,0.0936801150685032,0.0361948961619967,85932.5714376004,2.5882133947621,0.00964914313895096,-0.460762034067635,0.848524233822691,49.1615421875542,-0.543015762781287,0.589572615355399,0.326125673350615,0.939774294051325,48.5656458425928,0.347025530933286,0.730071435708927,0.573557257435301,0.165945539378742,3.45629812999224,0.00054764924199308,0.751172873808682,0.165955357496815,4.5263550700561,0.00000600097206453275,-0.177615616373381,0.0752023288373403,-2.36183664946809,0.0181846529016516,-0.786887707418251,1.26037343394484,-0.624329017278136,0.532411531096977,-0.13463636071702,1.27192649366785,-0.105852312525364,0.915699530504534,-0.65225134670123,1.87954858810265,-0.347025530933286,0.728572138341036
0,"",647352.243291726,0,0.0157051900529155,0.349697649338929,0.681587856455624,0.0000679078569267233,0.0178172651931056,0.00349613592241889,0.630982830893698,0.160001499846465,33.4087015812218,3.94360572556619,0.000388792868002154,0.087529285653305,0.0362328554582044,85931.4474531174,2.41574351638591,0.0157051900529155,-0.824254923763895,0.872986504593049,49.1427314446115,-0.944178311379659,0.349697649338929,0.381666443170127,0.924634487075314,48.5644481515766,0.412775478856911,0.681587856455624,0.561469970977967,0.164575887649659,3.41161745500164,0.000645786726216565,0.725124373955789,0.16458601830097,4.40574710683984,0.0000105419897627323,-0.163654402977822,0.0751029216718672,-2.17906839487346,0.0293265877067335,-1.20592136693402,1.26579682737272,-0.952697416248879,0.340743402842741,-0.442588480593768,1.27744555093138,-0.346463675317573,0.728994278602196,-0.763332886340255,1.84926897415063,-0.412775478856911,0.679771118642092
0,"",647381.376610397,0,0.0353952150922302,0.203663617728649,0.65276566749346,0.0000515049293526076,0.0325189048976595,0.00416538489649084,0.626247134242124,0.161180846056264,34.6152028698039,3.88536944410578,0.000439947398511428,0.0762409959206511,0.0362389529908623,85931.9512888213,2.10384102266628,0.0353952150922302,-1.14410099787845,0.888105152786519,49.374933610752,-1.28824947618953,0.203663617728649,0.40157545154459,0.887074515986733,48.9943710713179,0.452696413105611,0.65276566749346,0.573098493867132,0.165696147099439,3.45873156316181,0.000542725517478686,0.713581437513144,0.165705776606829,4.30631600252695,0.0000165995880156144,-0.140482943646012,0.0747088262176644,-1.88040624860996,0.0600527326035208,-1.54567644942304,1.2494355326394,-1.23709980150624,0.216050033466969,-0.742525546333864,1.26102131957245,-0.588828701631801,0.555976190073399,-0.803150903089181,1.77414903197347,-0.452696413105611,0.650767362768115
0,"",647589.130372883,0,0.0818536584981605,0.0903218384468153,0.64776390864313,0.0000352331797790441,0.0565415760365294,0.00428470389468377,0.636134051057565,0.162476498339557,35.4179706522678,3.9152373269894,0.000393172864291796,0.0631337813732499,0.0362827207671088,85932.3659780442,1.7400509123473,0.0818536584981605,-1.5281738199482,0.88473969613421,49.7816561047759,-1.7272581151557,0.0903218384468153,0.401009503214004,0.872338277809048,49.1081795364281,0.459694952537419,0.64776390864313,0.60182220536681,0.166943805372684,3.6049388237156,0.000312226467795216,0.716107630417077,0.166952957887913,4.28927788687547,0.000017925497837565,-0.114285425050267,0.0746329075022675,-1.53130072075504,0.125695087516518,-1.92918332316221,1.23670375799027,-1.55993972743906,0.118774125144746,-1.1271643167342,1.24821497213651,-0.903020987486538,0.366514756286004,-0.802019006428009,1.7446765556181,-0.459694952537419,0.645735193005501
0,"",647794.599781037,0,0.277030353658919,0.0760148002220095,0.656433051616339,0.0000137500690432012,0.0611706677893722,0.00406289180536852,0.643224646123048,0.159915634337024,36.9850796139436,4.0222749250861,0.000273192559703074,0.0394877169056092,0.036326527703817,85934.0783441146,1.08702150746602,0.277030353658919,-1.56634878309575,0.864629227818716,50.3686779393066,-1.81158435627643,0.0760148002220095,0.383723795836084,0.857352430678709,49.1038284642735,0.447568330251675,0.656433051616339,0.632870949697173,0.164419769632173,3.84911711719936,0.00011854432224617,0.700380741616669,0.164428297117245,4.25949033040988,0.0000204893562037413,-0.0675097919194962,0.0745570350017792,-0.905478495998201,0.365211947106558,-1.95007257893184,1.21194826850955,-1.60903945292156,0.107607715076403,-1.18262498725967,1.22329684804419,-0.966752255718185,0.333667897270398,-0.767447591672169,1.71470486135742,-0.447568330251675,0.654464763523679
0,"",648075.311417269,0,0.501102613499722,0.0797447752962737,0.764377038510283,0.00000526678254360244,0.0589859674116981,0.00184760778202588,0.657654652363607,0.160110552497957,37.675270747378,4.10750348495611,0.000207284050005825,0.024479023880011,0.0363860373753608,85935.1807204678,0.672758718611861,0.501102613499722,-1.52233647692286,0.851494971313107,50.9922911276621,-1.78783965638134,0.0797447752962737,0.253186964901599,0.840015013008188,49.078994719818,0.301407666506945,0.764377038510283,0.659701890570055,0.164585791345436,4.00825542215523,0.0000611689430316604,0.701094728398572,0.164593582488385,4.25955081479588,0.0000204838128958,-0.0413928378285174,0.0744887504075908,-0.555692471709114,0.578421103913074,-1.77552344182446,1.19050355484081,-1.49140540958896,0.135855088714222,-1.26914951202126,1.20168178084413,-1.05614442380057,0.290902237187667,-0.506373929803199,1.68003002601638,-0.301407666506945,0.763103648955561
0,"",648363.507554857,0,0.310950821083829,0.0590778386334949,0.728838590110694,0.0000119467459455415,0.0690098107721253,0.00244772866994507,0.662861528383754,0.167415191933403,38.5316896258045,3.95938696320604,0.000313444302779466,0.0369287041148077,0.0364463400026186,85934.0884152607,1.01323491226155,0.310950821083829,-1.63228693382057,0.845140696900864,50.3233154255219,-1.93137892874663,0.0590778386334949,0.290082054238232,0.832043734078171,49.5360990242616,0.348637989035056,0.728838590110694,0.654652954008111,0.171695641862705,3.81286878866499,0.000137363045400918,0.71984272945289,0.171702709200496,4.19237840104396,0.0000276045051558584,-0.065189775444779,0.0745183936125179,-0.874814556306112,0.381674815658889,-1.9223689880588,1.18042748388387,-1.62853628393485,0.103411222097867,-1.34220487958234,1.19151588375701,-1.12646830636465,0.259967348447634,-0.580164108476465,1.66408746815634,-0.348637989035056,0.727361103939813
0,"",648659.708126753,0,0.11484555581384,0.0384288230290668,0.559455490667219,0.0000289319415184245,0.0828234949999329,0.00684942192469003,0.67769731526889,0.170839056543467,39.4357721826282,3.96687577759165,0.000298525888950814,0.0575670368828002,0.0365088078009146,85933.4613792239,1.57679859601874,0.11484555581384,-1.76759293212526,0.831289318955252,50.0679119635522,-2.12632701012775,0.0384288230290668,0.494994903602889,0.842429911285074,50.0604879193195,0.587579924421019,0.559455490667219,0.653933266569949,0.175043306333954,3.73583703522116,0.000187091808199985,0.754276925030259,0.175050111278807,4.30891999736522,0.0000164053693841694,-0.10034365846031,0.0747355857941071,-1.34264898567533,0.179385660597681,-2.26258783572815,1.17797570190014,-1.92074236512558,0.0547641957546566,-1.27259802852237,1.1890472741681,-1.0702669743831,0.284499155401008,-0.989989807205779,1.68485982257015,-0.587579924421019,0.556814289355117
0,"",649025.993529985,0,0.0926388126734398,0.0332963658456557,0.459057734274298,0.000032908030036039,0.0863849481071752,0.011023294293087,0.677076420416376,0.169442364418302,42.4159178386884,3.99590989384969,0.000251955572543522,0.0615261798629527,0.0365866188605867,85932.841396577,1.68165798805837,0.0926388126734398,-1.8239282611614,0.833537639944712,50.6395972085978,-2.18817744245164,0.0332963658456557,0.634089384334628,0.849783942027021,49.952656012775,0.746177178662745,0.459057734274298,0.652272943696429,0.173704774249341,3.75506629863919,0.000173295599787846,0.756378754141275,0.173711785320139,4.35421668568612,0.0000133543565324526,-0.104105810444846,0.0749508757876304,-1.38898724465642,0.164836628776283,-2.45801764549602,1.18476359294112,-2.07469039405077,0.0380152382328878,-1.18983887682677,1.19589745359057,-0.994933865988583,0.319768430422198,-1.26817876866926,1.69956788405404,-0.746177178662745,0.455560392101148
0,"",649446.126489006,0,0.304932664275101,0.0230604012914237,0.345600158766468,0.0000122479312837335,0.0974497735723387,0.0179011126971147,0.67308340474875,0.169582153255199,43.7236749848062,3.96906980969777,0.000264714751923726,0.0376266727384989,0.0366760665858019,85932.6226933467,1.02591897772007,0.304932664275101,-1.98997474021735,0.84920594331287,50.8580404173352,-2.3433358608563,0.0230604012914237,0.798644905498427,0.838737290614032,49.7428585351032,0.95219911459254,0.345600158766468,0.67711861821193,0.173862220307997,3.89457017753721,0.0000983730093604605,0.728508506211287,0.173869256797416,4.18997883599462,0.00002789804740111,-0.0513898879993571,0.0750024475152961,-0.685176146936759,0.493232773897365,-2.78861964571578,1.1879855923644,-2.34735140193553,0.0189074133664631,-1.19132983471892,1.19914644059162,-0.993481525184829,0.32047534939802,-1.59728981099685,1.67747458122806,-0.95219911459254,0.340996009970352
0,"",649484.035272569,0,0.570187122896881,0.00781622833722574,0.273484056335082,0.00000375150558796096,0.131618673281297,0.0242726901519818,0.659198191169281,0.173333442594344,43.318343972722,3.80306409024609,0.000443345357886645,0.0208281417922341,0.0366835936562685,85931.0415784428,0.567778118670633,0.570187122896881,-2.42132537522952,0.874108096688358,50.6254606507078,-2.7700525648978,0.00781622833722574,0.934224608500804,0.843600260704424,49.2991854788044,1.10742569913469,0.273484056335082,0.688501856266163,0.177556193498811,3.87765609691769,0.000105467658135836,0.702243569725613,0.177563683300574,3.95488287172371,0.0000765721559629438,-0.0137417134594498,0.0750648733844053,-0.183064499277562,0.854747410485719,-3.35554998373032,1.20911782265807,-2.77520512959906,0.00551669001261971,-1.48710076672871,1.22044533677017,-1.21849026902281,0.22303772042479,-1.86844921700161,1.68720052140885,-1.10742569913469,0.268109919942629
0,"",649614.631611402,0,0.566314003125985,0.0078622219946116,0.476538423218342,0.00000382744135983963,0.132533225824969,0.0103403699206891,0.660281333325735,0.173717873356287,42.4637560829563,3.80088312485573,0.000454753094559387,-0.021053550119409,0.036711232731037,85929.5491654458,-0.573490688086037,0.566314003125985,-2.46085488504033,0.888761315642629,50.179901341576,-2.76885913206177,0.0078622219946116,0.625927818736658,0.872539195947055,49.2525132186993,0.717363554146442,0.476538423218342,0.727451315971767,0.177983238347972,4.08719002263315,0.0000436629482017012,0.666641533497503,0.177991609512485,3.74535370135378,0.000180139799152258,0.0608097824742637,0.0754093639477187,0.806395642276245,0.420014758791307,-3.08678270377698,1.23968236414246,-2.48997871798576,0.0127750744739691,-1.83492706630367,1.25125148764254,-1.46647343433798,0.142519353350638,-1.25185563747332,1.74507839189411,-0.717363554146442,0.473149801684379
0,"",650059.820893146,0,0.145925898419612,0.0225094643869469,0.63337213013717,0.000024605113465281,0.0998964080373312,0.00462227382545571,0.664184196777239,0.168144575689044,41.3913247718997,3.95007804477464,0.000297566446768682,-0.0535205388489927,0.0368069769278133,85929.9578161448,-1.4540867877837,0.145925898419612,-2.10771307695831,0.895116804930245,49.958130825043,-2.35467937295911,0.0225094643869469,0.428841000790492,0.893510667115446,49.6049900532937,0.479950622385893,0.63337213013717,0.755600770495645,0.172596257286989,4.37785142257895,0.0000119855008402716,0.635745951776365,0.172605437851362,3.68323246179437,0.000230294968380982,0.11985481871928,0.0758008544421801,1.58118031256103,0.113836815516604,-2.53655407774881,1.25888380162109,-2.01492312037253,0.043912705054107,-1.67887207616782,1.27059135344581,-1.32133126171114,0.186390934634934,-0.857682001580985,1.78702133423089,-0.479950622385893,0.631262504144508
0,"",650285.173191167,0,0.153147209003478,0.0444807813280732,0.519740486467262,0.0000237471710234049,0.0777379833733193,0.00834855623739894,0.655821605801405,0.165774166570095,41.5325059364702,3.95611463094947,0.000291091639822454,-0.0526487057434873,0.0368555403134686,85930.559709463,-1.42851536826465,0.153147209003478,-1.85640202876547,0.900724220656441,50.3943025160403,-2.06101044714056,0.0444807813280732,0.575344615992146,0.887421718875722,49.927942714173,0.648332809254492,0.519740486467262,0.744800526797035,0.170296345986104,4.37355553628736,0.0000122239129137201,0.622311855860218,0.170305621935837,3.65408874226521,0.000258096995117181,0.122488670936817,0.0758247912405352,1.61541718655383,0.106220380847912,-2.43174664475761,1.25857811134495,-1.93213803961598,0.0533424702996391,-1.28105741277332,1.27028500552528,-1.00848030733354,0.313223936908269,-1.15068923198429,1.77484343775144,-0.648332809254491,0.516769717892795
0,"",650291.285674893,0,0.521237020234904,0.0941031362988288,0.453058956476325,0.00000478820701177707,0.0546809639401739,0.0113284502066923,0.660964155437266,0.165333330513656,42.068726022881,3.99776713735694,0.000252829553044852,-0.0236414011710558,0.0368566251805965,85929.1063780555,-0.641442374477141,0.521237020234904,-1.57296185483815,0.92181948340294,50.3369453433019,-1.70636646670939,0.0941031362988288,0.680579864700934,0.899950043830323,49.911764589097,0.756241826273249,0.453058956476325,0.718273396112506,0.169907053490426,4.22744895727934,0.0000236355769267388,0.650654911980384,0.169917008865009,3.82925121108563,0.000128533750096917,0.0676184841321224,0.0759584888825261,0.890203124455227,0.373356827281297,-2.25354171953908,1.28234618066827,-1.75735831206257,0.0788567542889611,-0.892381990137215,1.29418343200198,-0.68953284988109,0.490488008261502,-1.36115972940187,1.79990008766065,-0.756241826273249,0.449504219617007
0,"",650238.64744512,0,0.838597535751022,0.167672789923681,0.45094836157676,0.00000048283326229717,0.0378364740562676,0.0114639342765647,0.662047969740802,0.163354529247803,42.2282881632102,4.05282897749653,0.000212664408091743,-0.00750496170769252,0.036845317977071,85928.049362517,-0.203688341415941,0.838597535751022,-1.32144079976792,0.943810130484755,49.8499107862316,-1.40011296455274,0.167672789923681,0.689396236924717,0.907320840416443,49.7822905682185,0.759815278362059,0.45094836157676,0.699594770937618,0.168015815089339,4.16386261356183,0.0000312908440947211,0.663985733107509,0.16802644237812,3.95167405623754,0.0000776063958589784,0.035609037830109,0.0760164855310112,0.468438360197304,0.639471141235284,-2.01083703669263,1.30322502054375,-1.54296994378887,0.122838068639365,-0.6320445628432,1.31515089839457,-0.480587104958638,0.630809982053676,-1.37879247384943,1.81464168083289,-0.759815278362059,0.447365009026188
0,"",650216.725620323,0,0.751705370753895,0.164692258772257,0.587872263654335,0.00000116496447141179,0.0382810970496535,0.00588690300316232,0.653355001583278,0.159217103751185,42.5748328552597,4.10354783619418,0.000180137163320805,-0.0116562382489464,0.0368410689970209,85928.8892490793,-0.316392508857139,0.751705370753895,-1.3254994683741,0.93997220362118,49.9565997474355,-1.41014751634963,0.164692258772257,0.496592032480116,0.91046157418527,50.2371701235328,0.545428875375102,0.587872263654335,0.69223322719585,0.163994179929397,4.22108411099633,0.0000243130188612935,0.654082613286402,0.164005085987912,3.98818493552456,0.0000665807527189158,0.0381506139094483,0.0760423280668752,0.501702339727117,0.615876918436978,-1.82209150085421,1.30264271335952,-1.39876535765899,0.161883357825193,-0.828907435893981,1.31457141480716,-0.630553370138189,0.528332596110828,-0.993184064960233,1.82092314837054,-0.545428875375102,0.585458585374208
0,"",650257.931051496,0,0.667608258948633,0.15567417656025,0.590132289598881,0.00000214609120018985,0.0397309757750519,0.00576879924746365,0.664119020910078,0.153436040438057,44.1172247050496,4.32831177742877,0.0000850117620807799,-0.0158248634469296,0.0368504861186579,85929.917322651,-0.429434319969994,0.667608258948633,-1.36271251401047,0.945397611989772,50.2161224837278,-1.44141734306096,0.15567417656025,0.489886819315669,0.903696551559804,50.6463580905694,0.542092164089938,0.590132289598881,0.707621657738873,0.15838803760058,4.46764584282142,0.00000790850928178075,0.661334144763726,0.158399302080529,4.17510769351438,0.0000297845118417061,0.0462875129751467,0.0759873619498845,0.609147518579135,0.542426663073529,-1.85259933332614,1.30186812942914,-1.42303148179723,0.154727029215034,-0.872825694694806,1.31378368755696,-0.664360277084781,0.506459750325387,-0.979773638631337,1.80739310311961,-0.542092164089938,0.587755016528858
0,"",650205.57518641,0,0.910719566015477,0.178709056667748,0.660069065018723,0.000000146324396082078,0.0357208816405645,0.0038955180295016,0.687619868356401,0.150692284507434,44.3245006715605,4.56307282488957,0.000039737676131107,-0.00413082811349183,0.0368392081327289,85928.4289421285,-0.112131294967274,0.910719566015477,-1.32098842069862,0.968598133857216,50.2101314513538,-1.36381474888671,0.178709056667748,0.409409771466214,0.925322993899336,50.0575251801997,0.442450662271938,0.660069065018723,0.717602788803933,0.15578894557306,4.60624973206074,0.00000409995968855918,0.697107995415425,0.155801305639371,4.47433988152193,0.00000766477382150311,0.0204947933885076,0.0761991217443967,0.26896364314087,0.787957660594722,-1.73039819216483,1.33351962441501,-1.29761734321978,0.194418859508327,-0.911578649232405,1.34556136508191,-0.677470885303633,0.498107236580668,-0.818819542932427,1.85064598779867,-0.442450662271938,0.658163125116745
0,"",650272.612686853,0,0.409001529041299,0.256051133315511,0.823057124647079,0.00000793347994366618,0.0257373922904317,0.00101714492779104,0.678778852268434,0.149469405077454,43.237619767534,4.541256131425,0.0000443665251196157,0.0304283002106088,0.0368534823157066,85927.2967596807,0.825656038415684,0.409001529041299,-1.13936685461427,0.991668703585968,49.969550193767,-1.14893900603519,0.256051133315511,0.21067613978962,0.937167701339147,49.633085698711,0.22480089688172,0.823057124647079,0.668520150190951,0.154657521914555,4.32258413244392,0.0000154212247228327,0.723081761351221,0.154670629026925,4.67497782804869,0.00000293985379332769,-0.05456161116027,0.0763539511798439,-0.714587920037769,0.474863711309942,-1.35004299440389,1.35836694109644,-0.993872092701382,0.320285142446295,-0.928690714824652,1.37048148092072,-0.677638280964392,0.498001067940329,-0.42135227957924,1.87433540267829,-0.22480089688172,0.822134168324615
0,"",650247.318529048,0,0.0910031472636344,0.295984677595822,0.747413883911909,0.0000332436432058146,0.0219228606433338,0.00210879033030059,0.69147731710166,0.1498723926701,42.8563934212806,4.61377378970486,0.0000356721451241645,0.0622783547718264,0.0368478564753746,85926.4271327987,1.690148647139,0.0910031472636344,-1.07379824093148,1.01667803088794,49.7684807108005,-1.05618318514629,0.295984677595822,0.301050571386763,0.929604181300006,49.6286624002274,0.323848125301844,0.747413883911909,0.649739158570406,0.155071735611711,4.18992639765966,0.0000279044952745017,0.765300496755089,0.155085049849309,4.93471483872046,0.000000802679479025262,-0.115561338184683,0.0762615165212454,-1.51532966371695,0.12968893977302,-1.37484881231825,1.37153964865744,-1.00241273641928,0.316144293286112,-0.77274766954472,1.38364565439345,-0.558486681247496,0.576512096784834,-0.602101142773526,1.85920836260001,-0.323848125301844,0.746053019160629
0,"",650315.107874403,0,0.0240366916908295,0.295143131190699,0.587879543346283,0.0000592579962623839,0.0218121130393955,0.00594484653858282,0.691187688498555,0.151187464881516,44.5592626198828,4.57172616155863,0.0000383118111287095,0.0831829304378678,0.0368623524097466,85926.9981624259,2.25658225805128,0.0240366916908295,-1.07568223438323,1.01676069095918,50.1943734735027,-1.05795025707423,0.295143131190699,0.493031953776868,0.903894808250758,49.7489802989562,0.545452799680304,0.587879543346283,0.631441296668774,0.156312773291442,4.03960139259678,0.0000535421183638068,0.783075395051478,0.156325391747802,5.00926552171899,0.000000546381492226837,-0.151634098382704,0.0760114026061468,-1.99488620369758,0.0460552925586665,-1.5687141881601,1.35443494182082,-1.15820563965311,0.246780127407525,-0.582650280606367,1.36644145227659,-0.42639974046135,0.669816590486752,-0.986063907553736,1.80778961650152,-0.545452799680304,0.585442134959452
0,"",650462.898998254,0,0.0104225053577523,0.364478870692418,0.65472249773627,0.0000763550298264477,0.0162697122677047,0.00402972313255567,0.689097344255118,0.152401508073748,45.5329195126312,4.52159137376553,0.000043582513171624,0.0945057372416124,0.036894056998874,85927.6049774821,2.56154364494251,0.0104225053577523,-0.921260094989789,1.00673591818796,50.6325223327132,-0.915096082642984,0.364478870692418,0.401945249390162,0.893400503715345,50.027935767669,0.449904883329044,0.65472249773627,0.614360251533996,0.157466148073964,3.90153857859926,0.0000955832245205325,0.791361628286521,0.157478255565015,5.0252120551323,0.000000502876563088562,-0.177001376752525,0.0759577673314046,-2.33026039299267,0.0197923927493264,-1.32320534437995,1.33999440969401,-0.987470794510335,0.323411893530526,-0.519314845599627,1.3519535199133,-0.384121819241928,0.700888160309435,-0.803890498780324,1.78680100743069,-0.449904883329044,0.652779026292465
0,"",650479.959899724,0,0.0164074851874494,0.293453081730094,0.762957975721554,0.0000670149352743663,0.0217533893296178,0.0018142879929088,0.679565979308945,0.151651542004067,46.1504735199794,4.48110167775755,0.0000487249865157582,0.0885466600566615,0.0368979757622547,85928.7667236548,2.39977012904978,0.0164074851874494,-1.05744316044651,0.996090467361211,50.680152901532,-1.06159349486381,0.293453081730094,0.266407710738177,0.878565886175205,50.5882937714868,0.303230201548082,0.762957975721554,0.610797607922101,0.156707586838702,3.8976900879138,0.0000971145868664016,0.779930683084073,0.156719228156457,4.97661130838039,0.000000647070734920966,-0.169133075161972,0.0758102868150408,-2.23100429067914,0.0256808448015111,-1.32385087118469,1.32223361709578,-1.00122312280371,0.316718950036159,-0.791035449708333,1.33410896588667,-0.592931664455606,0.553226885910053,-0.532815421476354,1.75713177235041,-0.303230201548082,0.761714434337688
0,"",650666.958760419,0,0.0312148437993611,0.261148477008116,0.765433133802897,0.0000540097003437554,0.02480699579474,0.00176006084410179,0.691194019278339,0.151579051717077,46.4339246235426,4.55995740472409,0.0000372933545614346,0.0795781744732796,0.0369382238995789,85929.1866458526,2.15435844153262,0.0312148437993611,-1.11742230857242,0.98334768046457,50.7617848067987,-1.13634509011555,0.261148477008116,0.265762200008868,0.886019010928642,51.0278887580516,0.299950900297637,0.765433133802897,0.632280576074873,0.156636993087609,4.03659801948083,0.000054231873299699,0.783495967888402,0.156648598834312,5.00161491209448,0.00000056852063749281,-0.151215391813529,0.075960226781562,-1.9907180141573,0.0465118971242407,-1.38318450858129,1.31766368706789,-1.04972499595796,0.293844568042332,-0.851660108563556,1.32957403125463,-0.640551100234637,0.521814378800498,-0.531524400017736,1.77203802185728,-0.299950900297637,0.764214607954362
0,"",650993.841861069,0,0.0398570974565171,0.24787293251334,0.643945117571686,0.0000491559664457535,0.0262073991424169,0.0042269367032975,0.691919583092865,0.152428967208777,48.3376232626166,4.53929194537653,0.0000375430284675408,0.076061582344689,0.0370082873140612,85928.0883353514,2.05525810203569,0.0398570974565171,-1.15377081168725,0.986994378417976,50.7752750716162,-1.16897404576568,0.24787293251334,0.417190835180701,0.897270110680217,50.9281318957216,0.464955680808793,0.643945117571686,0.639328116315771,0.157492865020029,4.05941003253998,0.0000491968583117598,0.778985646169373,0.157504686172367,4.94579345605553,0.000000758343333776324,-0.139657529853602,0.0762043259749803,-1.8326719391161,0.066851372730151,-1.57096164686795,1.32788106638201,-1.18305900026743,0.236785765304976,-0.736579976506546,1.33986379257062,-0.549742429484841,0.582496050539624,-0.834381670361403,1.79454022136043,-0.464955680808793,0.641963194897136
0,"",651164.163021935,0,0.0543307193217446,0.202039442616241,0.486925710927565,0.0000430874662598318,0.0317547762007812,0.009542609236572,0.671162319007429,0.152005342357213,48.5880366508633,4.41538638444821,0.0000561402542303487,0.0712828410939946,0.037045120404496,85928.7137653963,1.92421674745976,0.0543307193217446,-1.24695672277874,0.964811846979783,50.9323616243141,-1.29243512782537,0.202039442616241,0.639219306685041,0.912773225174908,50.9029134325867,0.700304620090661,0.486925710927565,0.628058886036224,0.15707954546865,3.99834927050747,0.0000637857803819076,0.751524737199253,0.15709135657172,4.7839980098214,0.00000171842385500828,-0.123465851163029,0.0764345253633968,-1.61531520704849,0.106242452112954,-1.88617602946378,1.32213644174625,-1.42661223903077,0.153691694442106,-0.607737416093701,1.33416226552247,-0.455519865760635,0.648735278977626,-1.27843861337008,1.82554645034982,-0.700304620090661,0.483737087087236
0,"",651404.185152149,0,0.0493489544811149,0.158342175407132,0.448152737661218,0.0000449606919481298,0.0388571110084566,0.0113580107694417,0.653353161721617,0.152780717608377,49.7224208008034,4.27641113321876,0.000086010491580035,0.0729170377589366,0.0370967277957985,85927.9230563768,1.96559217191105,0.0493489544811149,-1.38206734397705,0.965279073703066,50.7072522603106,-1.4317800744142,0.158342175407132,0.702790304766207,0.919384673006275,50.8620405811084,0.76441377086282,0.448152737661218,0.611583828972248,0.157849517645227,3.87447385393225,0.000106855314543123,0.736418576205394,0.157861389951727,4.66496954341139,0.00000308662752356706,-0.124834747233146,0.0765980004716453,-1.62973898097192,0.103156675000049,-2.08485764874325,1.32700881613135,-1.57109555219179,0.11616045559612,-0.679277039210838,1.33907107208149,-0.507274821608198,0.61196200251412,-1.40558060953241,1.83876934601255,-0.76441377086282,0.444620704901691
0,"",651428.876852642,0,0.0379598962394191,0.139304124606636,0.365039379324068,0.000050120977395787,0.0428474311027765,0.0161829839310363,0.642674357119764,0.15128023825771,51.1671899762232,4.24823734098666,0.0000911426338036706,0.0769987207518541,0.0371021034392555,85926.8036108475,2.07531955372607,0.0379598962394191,-1.45617467101223,0.969409342446829,50.4044550471832,-1.50212568339478,0.139304124606636,0.849093904777377,0.928993461506636,50.7857486474666,0.913993413258605,0.365039379324068,0.60011627341083,0.156416994792808,3.83664367293178,0.000124727239685898,0.728742844642056,0.156429244249001,4.65861001976112,0.00000318351648883608,-0.128626571231227,0.0767110206728853,-1.67676782427028,0.0935878918930253,-2.3052685757896,1.33661075347992,-1.72471197750561,0.0845793914294091,-0.60708076623485,1.34871729549687,-0.45011713593485,0.652625981476449,-1.69818780955475,1.85798692301327,-0.913993413258605,0.36072030675183
0,"",651602.332029646,0,0.0918119702699956,0.149907306797502,0.359716684581256,0.0000330779314475635,0.0408645115828056,0.016685234909103,0.625726500990801,0.148524793256418,51.546961638752,4.21294308695333,0.000101492120748325,0.0626155204319305,0.0371399397297636,85926.850011272,1.68593489616654,0.0918119702699956,-1.41124864332718,0.965121762390213,50.1852977923956,-1.46224932264722,0.149907306797502,0.863319198244421,0.933981901836004,50.353088141791,0.924342534418841,0.359716684581256,0.59709294963778,0.153762184181735,3.88322364705787,0.000103080674698168,0.696528069391897,0.15377466538512,4.52953721373727,0.00000591130223311156,-0.0994351197541167,0.0768329520705469,-1.29417283957561,0.195605726141685,-2.2745678415716,1.33697439785869,-1.70128002840935,0.0888904163756265,-0.547929445082761,1.34909743082669,-0.40614519942196,0.684635916616559,-1.72663839648884,1.86796380367201,-0.924342534418841,0.355308003851421
0,"",651756.570307211,0,0.428471605360205,0.182656766502137,0.425026984383963,0.00000729640333063327,0.0354159783550661,0.0127170177213711,0.594495622666541,0.144354781014875,51.373956938004,4.11829534489254,0.000138867678831263,0.0294348577375485,0.0371739773396345,85927.825347714,0.791813516983165,0.428471605360205,-1.28197795599052,0.948575533123015,49.7459922281773,-1.35147693697079,0.182656766502137,0.755292570797861,0.939092782118926,50.2192006174438,0.804278964953445,0.425026984383963,0.595497519894658,0.1497289983865,3.97716892727408,0.0000697406224778594,0.631799142814073,0.149741607171206,4.21926246652148,0.0000245102802877226,-0.0363016229194146,0.0769494802844941,-0.471759169590254,0.637098697795478,-2.03727052678839,1.32873166192202,-1.53324451066475,0.125215620989802,-0.526685385192663,1.34084069208124,-0.392802357732109,0.694465463140962,-1.51058514159572,1.87818556423785,-0.804278964953445,0.42123588316741
0,"",652059.432570893,0,0.784441402212565,0.160322900191229,0.354233030842968,0.00000087074928991423,0.0392925715333053,0.0169982459415891,0.56389549200965,0.140128396857796,50.7629942096882,4.02413432719063,0.000190698439303154,0.0101865619542267,0.0372402125456736,85928.543916718,0.273536622320113,0.784441402212565,-1.33446464420298,0.936265576008703,49.6702937592433,-1.42530568077895,0.160322900191229,0.892130278008971,0.954150061198239,50.5560782634683,0.934999969384917,0.354233030842968,0.586974185289835,0.145677188158642,4.02928003148045,0.0000559479399181463,0.580690514911851,0.1456902045423,3.98578968803116,0.0000672560651314267,0.00628367037798413,0.0772331014736572,0.0813598089172603,0.935155810944602,-2.22659492221195,1.33070658439933,-1.67324258278696,0.0942795505649104,-0.442334366194006,1.34283696793144,-0.329402881181769,0.741851190334496,-1.78426055601794,1.90830012239648,-0.934999969384917,0.349788315204008
0,"",652404.280179987,0,0.761395046480615,0.09560943507634,0.331085703269739,0.00000107301609448668,0.0540878405111462,0.0184626258595376,0.513418408749368,0.138794028260789,49.8491190589323,3.69913904209678,0.000539792038979162,-0.0113308599210175,0.0373154882605233,85929.2026296194,-0.303650319189435,0.761395046480615,-1.6039669044896,0.944445180178044,50.4415545739527,-1.69831657586227,0.09560943507634,0.921434047545394,0.939043108792976,51.1883137779878,0.981247867022617,0.331085703269739,0.562478676206811,0.144400647575181,3.89526422250953,0.0000980917405105289,0.512284567363525,0.144413590862969,3.54734318496118,0.000389137332980492,0.0501941088432859,0.0772029716148312,0.650157730892877,0.51559034139755,-2.525400952035,1.32575753857295,-1.90487391439113,0.0567964628405381,-0.682532856944209,1.33788051259566,-0.510159801655236,0.609939511913441,-1.84286809509079,1.87808621758595,-0.981247867022617,0.326470524451678
0,"",652523.164403223,0,0.370032723887135,0.0654143144793541,0.30555083671706,0.00000935124066535259,0.0652273513710566,0.0203433686124307,0.461236701001413,0.135750306624076,48.8509248063157,3.39768441391948,0.00135990157969392,-0.033474001904577,0.0373420075728309,85930.3641455618,-0.89641677243223,0.370032723887135,-1.78026571883365,0.945384015143901,50.8193845315363,-1.88311383555885,0.0654143144793541,0.959381712258353,0.927041791444866,51.5745277587402,1.03488507326415,0.30555083671706,0.535640945824644,0.14146747455799,3.78631871034834,0.000152895550086767,0.44002667927759,0.141480429214126,3.11015934657382,0.00186986440606592,0.0956142665470541,0.0771212188096769,1.23979195379439,0.215052355074437,-2.73964743109201,1.31801070604611,-2.0786230479953,0.0376520108655935,-0.820884006575302,1.33009872456809,-0.617160208797179,0.537129058718916,-1.91876342451671,1.85408358288973,-1.03488507326415,0.300722586364753
0,"",652760.2133372,1,0.233300578200765,0.0391951920079307,0.232822239125341,0.0000165304275699883,0.081346877740402,0.027188153795424,0.436820982832593,0.132945347438327,50.2270519775196,3.28571846438803,0.00185902036281334,-0.0445702913360415,0.0373940673979985,85939.7857605912,-1.19190808696106,0.233300578200765,-1.98792109178904,0.93902194596459,50.6124622073729,-2.11701238755074,0.0391951920079307,1.11118157973406,0.92049985926775,52.1400863992784,1.20715018970019,0.232822239125341,0.527691766610003,0.138770954371772,3.80260962388642,0.000143179876467078,0.405349151100344,0.138783857447413,2.9207226154089,0.00349220602241706,0.122342615509659,0.0771450218079542,1.58587829314794,0.112766920785729,-3.0991026715231,1.30890556365744,-2.36770532387635,0.0178987854092707,-0.876739512054982,1.32095822691588,-0.6637147899082,0.506872871544615,-2.22236315946812,1.8409997185355,-1.20715018970019,0.227374309056747
0,"",652954.65782202,1,0.219366155495648,0.0375894308096793,0.15929933060673,0.0000175527528693014,0.0823865232276567,0.0373290348885624,0.41051740648351,0.129781755684587,50.2465865517911,3.16313648492477,0.00264788884403621,-0.0459808806854883,0.0374368769368346,85941.4121035012,-1.22822426569047,0.219366155495648,-1.98613567770834,0.930178899611194,50.7795053535375,-2.1352190192,0.0375894308096793,1.30920499085546,0.917017876306785,52.5642911700355,1.42767662952022,0.15929933060673,0.505730568860907,0.135734642835773,3.7258768896073,0.000194637389864944,0.374649848095459,0.135747549907748,2.75990136359782,0.00578188155488751,0.131080720765448,0.0771851410371768,1.69826366842178,0.0894580086172824,-3.29534066856381,1.30017629155136,-2.53453373206169,0.0112597085850572,-0.676930686852882,1.31219310788616,-0.515877337553893,0.605940083145135,-2.61840998171093,1.83403575261357,-1.42767662952022,0.1533849559148
0,"",653113.530991895,1,0.332372845471065,0.0537244777889046,0.17553672795367,0.0000109332316199242,0.0715673478692379,0.0345431991279336,0.379429345553667,0.125920344646707,50.2466772309968,3.01324894414978,0.00404179755336175,-0.0363234688257879,0.0374719485377162,85942.6580432006,-0.969350947662295,0.332372845471065,-1.8575221223679,0.940472326934811,50.607097486902,-1.97509492748388,0.0537244777889046,1.24726188858843,0.908355974325147,52.6954891937092,1.37309812875406,0.17553672795367,0.462138185845937,0.132058865526569,3.49948626321463,0.00046615562305095,0.352223144639332,0.132072172795284,2.66689899306259,0.00765546759844562,0.109915041206605,0.0771571562352169,1.42456055367728,0.154284269413914,-3.10478401095634,1.30149449101964,-2.38555294116069,0.0170534676387033,-0.610260233779467,1.3135104253451,-0.464602504863358,0.642216138159074,-2.49452377717687,1.81671194865029,-1.37309812875406,0.169721842718352
0,"",653284.331174354,1,0.518236909273251,0.070742372636534,0.203082376354492,0.00000485664475501972,0.0630822485933534,0.0307479879246028,0.384810682349364,0.123745345755642,50.2321247936725,3.10969822743269,0.00308311481277694,-0.024233804868075,0.0375096694358612,85944.5402411722,-0.646068206746345,0.518236909273251,-1.70851459562178,0.925515179557262,50.6132932288098,-1.84601466659799,0.070742372636534,1.15522417870085,0.896256796900798,52.370609102289,1.28894328354948,0.203082376354492,0.451828650740945,0.129953637937804,3.4768449572546,0.000507351109990423,0.368843018194188,0.129966455577253,2.83798628312168,0.00453991335910585,0.0829856325467576,0.077098968113846,1.07635205213407,0.281769837485808,-2.86373877432264,1.28238291647085,-2.23313858718869,0.0255398066662634,-0.553290416920927,1.2942964276808,-0.42748353861437,0.669027172471428,-2.31044835740171,1.7925135938016,-1.28894328354948,0.197417804915575
0,"",653389.429141034,1,0.323908914029494,0.0678347733654812,0.313448543315232,0.0000113220094851868,0.0644174191490112,0.0194350519639009,0.387628273044245,0.123316154263126,50.2184704274849,3.14336978281971,0.00280225562064179,-0.0370250697701618,0.037533169597408,85947.4225346959,-0.986462645369516,0.323908914029494,-1.63205984026573,0.874594328569801,50.5752047155153,-1.86607640474251,0.0678347733654812,0.88606752511069,0.870548359896468,52.2683143739068,1.01782688467309,0.313448543315232,0.462274083204306,0.129433918299233,3.57150652069107,0.00035493370960392,0.361748304037131,0.129444619015851,2.79461832239494,0.00519610220088407,0.100525779167175,0.0768781194866473,1.3075993512645,0.191009237067519,-2.51812736537642,1.22822398510801,-2.05021836074548,0.0403431270570341,-0.745992315155036,1.23976014429211,-0.601723098286072,0.547358471999049,-1.77213505022138,1.74109671979294,-1.01782688467309,0.308760233172106
0,"",653594.64905568,1,0.36836060947164,0.0854088654177377,0.366610513127212,0.000009415015136706,0.0576510740779906,0.0155262952073459,0.376933862485012,0.125740418489621,50.185148531879,2.99771439456538,0.00422224700472601,-0.033803136738814,0.0375776973867828,85946.5728009308,-0.899553168223223,0.36836060947164,-1.55585455794894,0.886711364075563,50.3243044592046,-1.75463473344677,0.0854088654177377,0.785803268926776,0.862858933181952,52.5877202783494,0.910697263142402,0.366610513127212,0.445721290486511,0.131763282315554,3.38274276910523,0.000717658168587228,0.354635266791078,0.131773834838542,2.69124190872643,0.00711865552832949,0.0910860236954326,0.0768816925088285,1.18475570351125,0.236114051230552,-2.34165782687572,1.23145820551742,-1.90153252167566,0.0572322969126551,-0.770051289022167,1.24301080106695,-0.619504905638136,0.535583791202967,-1.57160653785355,1.7257178663639,-0.910697263142403,0.362454906543869
0,"",653822.643792057,0,0.583851935456878,0.0964092934020031,0.451409942027834,0.00000349150278516877,0.0535061744787978,0.0108416283194445,0.364887241425685,0.127762136093192,48.215072629949,2.85598889141561,0.00631158653342892,-0.0206109770322723,0.0376271316089186,85937.1654115752,-0.547769020676213,0.583851935456878,-1.53825957505583,0.908106453762934,50.7574287467515,-1.69391987985739,0.0964092934020031,0.658432228122106,0.867816539640197,52.5215616281405,0.758722838349103,0.451409942027834,0.418316722073093,0.133744696639684,3.12772567872401,0.00176164517751401,0.357420856149192,0.133755756116936,2.67219046510952,0.00753578622138046,0.0608958659239011,0.0770212695455786,0.790637005637318,0.429155845835029,-2.19669180317794,1.2502325049791,-1.7570266285907,0.0789132704754814,-0.879827346933726,1.26192093221867,-0.697212736923891,0.485669669106221,-1.31686445624421,1.73563307928039,-0.758722838349103,0.448018372040256
0,"",653849.050858761,0,0.742798269619509,0.103396801177154,0.580457901647149,0.00000125304566869873,0.0513991779695796,0.00593319182018364,0.377555507905881,0.128843039332032,48.5726732708159,2.93035238739526,0.00514677673344623,-0.0123492216264075,0.0376327374035678,85936.983577582,-0.328151032277464,0.742798269619509,-1.47678393168833,0.89046682157888,50.7604840676532,-1.65843790683841,0.103396801177154,0.491223153722779,0.883154918609515,51.8335623688646,0.556214026975229,0.580457901647149,0.419306690951609,0.134774952879224,3.11116184419936,0.00186352773139206,0.379930532032931,0.134785907876784,2.81877043392584,0.00482079825526559,0.0393761589186782,0.0771865855530199,0.51014251552338,0.609951621362942,-1.96800708541111,1.2482858657435,-1.57656762719085,0.114895046533075,-0.985560777965548,1.25998807080819,-0.782198499175777,0.434097926392738,-0.982446307445557,1.76630983721903,-0.556214026975229,0.578064551276933
0,"",653890.850968563,0,0.677661663907519,0.100435972855485,0.501504102094273,0.00000201045526968178,0.0523910882000506,0.00893764833782448,0.384171265299347,0.131292080081255,49.061020466817,2.92608103292741,0.00518761829485895,-0.0156459623333889,0.0376414749522937,85936.1726318543,-0.415657525461432,0.677661663907519,-1.49519496085746,0.893562699110944,50.642752727004,-1.67329607910571,0.100435972855485,0.599172784069243,0.885098619016669,50.8157741511822,0.676955958574327,0.501504102094273,0.431107013167904,0.137127360254305,3.14384388621212,0.0016674436899822,0.38191184494951,0.137138238068092,2.78486766586488,0.00535495729483816,0.0491951682183941,0.0772222509981025,0.637059494932399,0.524086091056633,-2.0943677449267,1.25183935543381,-1.67303235501885,0.0943209267596326,-0.896022176788213,1.26356873712607,-0.709120248437117,0.478249858567731,-1.19834556813849,1.77019723803334,-0.676955958574327,0.498433898009701
0,"",654213.558527751,1,0.888755504431971,0.0651859806205022,0.40198839654086,0.000000227670097909276,0.0659119457505124,0.0139980175942499,0.377448485010123,0.137182573541884,50.1996909760302,2.75143172536329,0.00823294879414545,-0.00527508271724344,0.0377116136834103,85941.3600736257,-0.139879527869793,0.888755504431971,-1.6853385121955,0.894010060871946,50.3631822229963,-1.88514490603356,0.0651859806205022,0.767219598789363,0.907714710957058,50.3213034710933,0.845221069492679,0.40198839654086,0.419364705603532,0.142825183944955,2.93620980572414,0.00332249523891267,0.385890068798009,0.14283612234175,2.70162800887808,0.00690009133648965,0.033474636805523,0.0775825596060854,0.431471157634986,0.666125819915564,-2.45255811098486,1.26810752561356,-1.9340300892846,0.0531094284483636,-0.918118913406139,1.2799622159808,-0.71730157495517,0.473188035652842,-1.53443919757873,1.81542942191412,-0.845221069492679,0.39798742068914
0,"",654399.28970077,0,0.844615671506924,0.0395669127841593,0.374462489055723,0.00000044702168977937,0.0813408356136388,0.015562631368197,0.356912069186804,0.139663005865048,48.8794425589718,2.55552332542288,0.0137649742607728,0.00739912673797824,0.0377518873969773,85931.9772276135,0.195993558154411,0.844615671506924,-1.89814875894779,0.898296572672756,50.4274244614596,-2.11305354678145,0.0395669127841593,0.830381392338036,0.926730433277098,50.7871014663361,0.896033369058193,0.374462489055723,0.390277093571178,0.145250643715102,2.68692161073432,0.00721138745266463,0.380263605420966,0.145261929821064,2.61777883502843,0.00885041469366347,0.0100134881502121,0.0778553500963336,0.128616570830675,0.897661053591093,-2.72853015128583,1.28465043219166,-2.12394756029534,0.0336745287959049,-1.06776736660976,1.29661302012009,-0.823505047412573,0.410220848057762,-1.66076278467607,1.8534608665542,-0.896033369058193,0.370234941567096
0,"",654590.14139268,0,0.670655309440195,0.0327156912408326,0.407228166226245,0.00000210442249370486,0.0865421529464335,0.0134364145486975,0.36040716196173,0.141100790933662,49.0496106339863,2.5542533077024,0.0137976893394679,0.0160717681127704,0.0377936697446316,85932.0829024515,0.425250266019835,0.670655309440195,-2.00313762482449,0.912389640793033,50.8770241646356,-2.19548484031822,0.0327156912408326,0.759036331085841,0.908316560903528,51.273427438577,0.835651758161061,0.407228166226245,0.385602182310833,0.146636646142293,2.62964403820756,0.0085474314195628,0.395065762668444,0.146647689609425,2.69397877130314,0.00706046614769441,-0.00946358035761081,0.0777371368892929,-0.121738215945464,0.903106346368235,-2.76217395591034,1.28144768524963,-2.15551051182574,0.0311219069354102,-1.24410129373865,1.29339842772615,-0.961885577614192,0.336107084013758,-1.51807266217168,1.81663312180706,-0.835651758161061,0.403350842053718
0,"",654745.801158814,0,0.111654465840418,0.0369651886387149,0.378273247543438,0.0000294493046918048,0.0828536196011001,0.0151704473434767,0.359638592942881,0.141531537006773,48.7941060324359,2.54104915800971,0.0142828734850823,0.0601772247524689,0.0378278760809027,85931.5330068921,1.590816905072,0.111654465840418,-1.99258966645668,0.930022887727856,50.8130945610735,-2.14251680550012,0.0369651886387149,0.801283377940439,0.901557378372367,51.280022656229,0.888776906675692,0.378273247543438,0.341201739996383,0.147073964185971,2.31993297987767,0.0203445031531931,0.437613894639891,0.147085186746316,2.97524111244908,0.00292758342640473,-0.0964121546435081,0.0777289089315632,-1.24036418327182,0.214840722434329,-2.79387304439712,1.28927040057462,-2.16701868215691,0.0302334296327906,-1.19130628851624,1.3012603085443,-0.915501902804473,0.35992820399936,-1.60256675588088,1.80311475674474,-0.888776906675692,0.374122989327279
0,"",655085.339176102,1,0.0257047648291837,0.059647601965253,0.473653016619148,0.0000578972279059456,0.0683223045863968,0.00999351693341911,0.344080806801777,0.141945285136989,50.1946146508356,2.42403829383773,0.0189930657398151,0.0845486910625692,0.0379026178292383,85939.4259351181,2.23068209809371,0.0257047648291837,-1.81802095464343,0.943621449960243,50.6180431368933,-1.9266422512121,0.059647601965253,0.645034944282949,0.893603800440426,51.6174038319776,0.721835497974644,0.473653016619148,0.296330090223499,0.14749706149003,2.0090575854864,0.0445310270701648,0.446153870453084,0.147508298308821,3.02460183981666,0.00248960638766661,-0.149823780229585,0.0777823623280317,-1.9261922079164,0.0540803784190781,-2.46305589892638,1.29358199509258,-1.90405858172918,0.0569025550990891,-1.17298601036048,1.30558186566205,-0.898439263910632,0.368951411674592,-1.2900698885659,1.78720760088085,-0.721835497974644,0.470395621893776
0,"",655407.482515919,1,0.0596833733664511,0.0604261626047566,0.622161114409432,0.0000412630734509511,0.0683545153693381,0.00472652433331892,0.353057610596607,0.143265730415483,50.1899923171045,2.46435494079924,0.0171933580439136,0.0715099007751431,0.0379735488618903,85939.0372583387,1.88315032222099,0.0596833733664511,-1.79792718943362,0.935995845643276,50.2897912511422,-1.92087090749635,0.0604261626047566,0.451045282790805,0.909802103926998,51.7543607551238,0.495761969382076,0.622161114409432,0.315147284920374,0.148794793957118,2.11799940400601,0.0341751181597832,0.444689882957227,0.148806137733474,2.98838401245054,0.00280456928359813,-0.129542598036853,0.0780777248331697,-1.65914924280452,0.0970857225763943,-2.24897247222442,1.29925915253919,-1.73096527188526,0.0834579586317215,-1.34688190664281,1.31132827212947,-1.02711268815672,0.304367404758095,-0.90209056558161,1.819604207854,-0.495761969382076,0.620062359713626
0,"",655461.486366504,1,0.0646353274079516,0.0726870483960658,0.67376241438345,0.0000397287650734623,0.0625705295758883,0.0034820258343153,0.370436203131802,0.141004304908386,50.1640135910606,2.62712690490182,0.0113923358244405,0.0701893736845167,0.037985460791233,85938.0739615964,1.847795767709,0.0646353274079516,-1.73484298858611,0.94634324069489,50.3491047981608,-1.83320693167548,0.0726870483960658,0.398115326252689,0.940249202051027,51.3079891628456,0.423414691960657,0.67376241438345,0.332113156833403,0.146678480406909,2.26422550814591,0.0235602484748467,0.460596244324284,0.146690982058996,3.13990838331863,0.00169000678261719,-0.128483087490881,0.0784203297524609,-1.63839004370993,0.101340354750396,-2.1329583148388,1.3278952823983,-1.60626996956152,0.108214605581398,-1.33672766233342,1.34013518024017,-0.997457332695246,0.318542574339841,-0.796230652505377,1.88049840410205,-0.423414691960657,0.671992727443668
0,"",655614.580753606,1,0.0664951960489227,0.0732583160312847,0.795323953072184,0.0000391839192385797,0.0615645129383398,0.00132246068812509,0.384312839872905,0.136794400537851,50.1616056576354,2.80941937946185,0.00705711679103513,0.0697699319234383,0.0380198107479474,85939.2989529721,1.83509414042007,0.0664951960489227,-1.73613469477516,0.949252420659664,50.9891039406955,-1.82894945221068,0.0732583160312847,0.244574158330143,0.937944039328272,51.3463753546007,0.260755597429138,0.795323953072184,0.344134633362255,0.142644925609866,2.41252629135553,0.015842394805283,0.476366637373979,0.142657812905674,3.33922571551659,0.000840122706524049,-0.132232004011724,0.0784576218343166,-1.68539398620781,0.091912583145628,-1.9807088531053,1.32833654853968,-1.49111974317262,0.135930059714011,-1.49156053644501,1.34058210188448,-1.11262155025664,0.265871001008299,-0.489148316660285,1.87588807865654,-0.260755597429138,0.794280988175017
0,"",656211.070760562,1,0.159539233369069,0.086782265105656,0.812575873696462,0.0000230225396548562,0.0563639037374983,0.0011110977529565,0.392651340209245,0.134670502236764,50.1844352284232,2.9156447305656,0.00529346179655014,0.0536665167379841,0.0381524081720532,85940.8562220514,1.40663510664826,0.159539233369069,-1.64206025683499,0.940334326418468,51.0525078040358,-1.74625153065426,0.086782265105656,0.221541536939813,0.929542452808349,51.0665818497163,0.238333963414461,0.812575873696462,0.366826973251985,0.140614661762211,2.60873915034775,0.00908764864371115,0.46754036011167,0.140627268662461,3.3246778136172,0.000885207657495416,-0.100713386859685,0.0786074027242386,-1.28122013155677,0.200116356931428,-1.8636017937748,1.31611116544749,-1.41599117361881,0.156778088703756,-1.42051871989518,1.32830984119374,-1.06941820036399,0.284881269804248,-0.443083073879626,1.8590849056167,-0.238333963414461,0.811622081180805
0,"",656533.459181305,1,0.334890369392807,0.16715485110091,0.938485028083807,0.0000108202762165544,0.0370490527503195,0.000120457842280788,0.401480474356973,0.134875551237228,50.2112886338615,2.97667346434657,0.00447480587248362,0.0368599012923819,0.0382238929391841,85940.0213251272,0.964315731812759,0.334890369392807,-1.34423436440189,0.959228954055819,51.04256431118,-1.40136967167035,0.16715485110091,0.0721013250127463,0.929575062550728,49.9378874087955,0.077563747046852,0.938485028083807,0.385780581890615,0.140855942204121,2.73883072204056,0.00616581112019142,0.457346001605498,0.140868930213555,3.2466066215749,0.00116789692855576,-0.0715654197148832,0.0787368108479839,-0.908919461483569,0.363392640100128,-1.41633568941464,1.32960164134859,-1.0652331084505,0.286770454558304,-1.27213303938915,1.34187161895375,-0.948028873567667,0.343114755346633,-0.144202650025493,1.85915012510146,-0.077563747046852,0.938175081134186
0,"",656579.645021831,1,0.626046625861683,0.214353406199607,0.938865738048358,0.00000276315350649521,0.0299762070772429,0.000118619042787285,0.393470909088042,0.136361760126634,50.2190173341463,2.88549303501686,0.00574552424630404,0.0186313537002678,0.0382338067200661,85938.4522410901,0.487300514873648,0.626046625861683,-1.21454269750081,0.965989167169556,51.1548444655142,-1.25730467667617,0.214353406199607,0.0730967088203521,0.948302833391723,50.0836090109721,0.0770816096361461,0.938865738048358,0.39407684595817,0.142319436252316,2.76896013879311,0.00562355149027933,0.429155428485836,0.142332892244537,3.01515286957367,0.00256849763437018,-0.0350785825276656,0.0789536216694692,-0.444293520498886,0.656830385243188,-1.28763940632116,1.34746846847314,-0.955598914889801,0.339274909950878,-1.14144598868045,1.35983653292815,-0.839399413856434,0.401245212673069,-0.146193417640704,1.89660566678345,-0.0770816096361461,0.938558622852243
0,"",656619.061170485,1,0.87502089014137,0.141134603443259,0.793163895195876,0.000000287855149902357,0.0415489370109041,0.00136885000358701,0.37912584092263,0.133273502551904,50.2347123063391,2.84472032071775,0.00641543330450441,0.00601505805265489,0.0382431357369232,85940.628966714,0.157284645642889,0.87502089014137,-1.43669887552387,0.961299788166634,51.5256924093415,-1.4945378051772,0.141134603443259,0.244209304672253,0.926471308863275,50.6885318399364,0.26359079049289,0.793163895195876,0.39822349604561,0.139325801128837,2.85821788081711,0.00426027754301839,0.402956654119173,0.139338904130939,2.89191777868806,0.00382898138116846,-0.00473315807356285,0.0787389397153549,-0.060112037203872,0.952066402998916,-1.68090818019613,1.32893653632738,-1.26485210862021,0.205924347793364,-1.19248957085162,1.34120111100695,-0.889120625583379,0.373938255154759,-0.488418609344507,1.85294261772655,-0.26359079049289,0.792095255749465
0,"",656772.689567969,1,0.683041224367138,0.0849054943166565,0.70455906104202,0.00000193991413979077,0.0560168877117459,0.00284598000836213,0.36874280898062,0.130104244408857,50.2291097719056,2.83421044913671,0.00659991019036573,-0.0156296074426198,0.0382780246203616,85943.6421971642,-0.408318025750623,0.683041224367138,-1.66042533358169,0.945345437182351,51.9879731722889,-1.7564217991369,0.0849054943166565,0.342369721579765,0.897877917904741,50.9432346486396,0.381309880499911,0.70455906104202,0.414294108971599,0.136238773319352,3.04094127448188,0.00235839824380311,0.372804909225376,0.136250997188156,2.73616279454124,0.00621602661069968,0.0414891997462229,0.0785061060415992,0.528483729969213,0.597163636670826,-2.00279505516145,1.29774006205207,-1.54329446529878,0.122759345906112,-1.31805561200192,1.30980770858549,-1.00629703380303,0.314272706913056,-0.684739443159531,1.79575583580948,-0.381309880499911,0.702973322923369
0,"",656957.853271393,1,0.519802747108662,0.051315460378477,0.714363209276873,0.00000482042165190673,0.0710728936219981,0.00263757547329947,0.345185101778145,0.129117849578866,50.2012812005314,2.67341117362169,0.0101035994014948,-0.024664352248404,0.0383193818547218,85943.9513872684,-0.643652142978523,0.519802747108662,-1.87429363897527,0.939582475589972,52.0095486568321,-1.99481545012681,0.051315460378477,0.334920526570472,0.910021597323377,51.2186630918013,0.368035799980534,0.714363209276873,0.40285504132545,0.135316197739252,2.97713834748543,0.00290952684872656,0.343518933426731,0.135328704762071,2.53840405870057,0.0111359331401908,0.0593361078987185,0.0787054782609612,0.753900607807499,0.450908905607482,-2.20921416554574,1.30196065890356,-1.69683634481415,0.0897276053233616,-1.5393731124048,1.31408048259189,-1.17144507722125,0.241419922167867,-0.669841053140945,1.82004319464676,-0.368035799980534,0.712846540227505
0,"",657114.623690614,0,0.696349245559465,0.0214660197811709,0.69430138026421,0.00000177221987900864,0.0982691649163093,0.00301754670891452,0.317028088198078,0.128565395333528,48.0225763438193,2.46588973164695,0.0172905788006327,-0.0149680040425639,0.0383544572871929,85936.5127671038,-0.390254617096665,0.696349245559465,-2.20715280261238,0.930575097012038,51.6204283717985,-2.37181589073174,0.0214660197811709,0.360059834315347,0.911011338016668,51.6101717242587,0.395230903601289,0.69430138026421,0.370350164980362,0.134785375812743,2.74770287760958,0.0060014367213428,0.329655592624135,0.134797716928146,2.44555768551968,0.0144628310185127,0.0406945723562268,0.0787790773252845,0.516565739761027,0.60545933690438,-2.56721263692773,1.29621107019191,-1.98055139009702,0.0476416048389285,-1.84709296829704,1.30830432234236,-1.41182210954561,0.158002346699999,-0.720119668630693,1.82202267603334,-0.395230903601289,0.692672487591919
0,"",657310.781251132,0,0.602406933606145,0.0193163845301638,0.67547522099763,0.00000315791439101162,0.102544783578543,0.00342987279122937,0.30656633893821,0.128008121737904,48.6310063729989,2.39489756412411,0.0205233981905488,-0.0200032726385474,0.0383981043769239,85937.1239515275,-0.520944274805628,0.602406933606145,-2.27088745745259,0.94002210133327,51.0756976409529,-2.41578092071633,0.0193163845301638,0.37949265629995,0.901315164897058,51.5090152950648,0.421043238902225,0.67547522099763,0.36616620369716,0.134264739841847,2.72719556994989,0.00638751682711073,0.31482044270061,0.134277081734166,2.34455827185665,0.0190496335152951,0.0513457609965503,0.0787587202919371,0.651937471891691,0.514441510368274,-2.65038011375254,1.29625583855647,-2.04464275871964,0.0408900907419446,-1.89139480115264,1.30833556702595,-1.44564960918403,0.148275504675268,-0.758985312599901,1.80263032979412,-0.421043238902225,0.673723508314818
0,"",657507.432061147,0,0.331841884604701,0.0268053998916985,0.693596993814365,0.0000109577722404496,0.0928249325083751,0.00306120294520912,0.271298367410486,0.125698543828592,48.8405010412933,2.15832545984336,0.035845683889065,-0.0373050016502493,0.0384422761674296,85938.7258005502,-0.97041604632808,0.331841884604701,-2.11609658711972,0.927917836789994,50.8251174758513,-2.28047840360529,0.0268053998916985,0.358206383565173,0.904076023972117,51.1249755419852,0.396212679096797,0.693596993814365,0.345569374428846,0.132060900822022,2.616742520139,0.00887732766848995,0.260256187844292,0.132073235154985,1.97054450539419,0.0487759995770768,0.0853131865845542,0.0788669049542985,1.08173620651135,0.279369760067135,-2.47430297068489,1.28948545523075,-1.91882968563002,0.0550058916439979,-1.75789020355455,1.30153647611462,-1.35062692119259,0.176814972548177,-0.716412767130346,1.80815204794423,-0.396212679096797,0.691948138528508
0,"",657482.177451533,0,0.133675102925342,0.0327300212852104,0.594241976836891,0.0000261728928249095,0.0866578314096992,0.00558209361690438,0.238195101492593,0.125667639996184,48.8986237197097,1.89543705523416,0.0639534396422569,-0.0576462429074851,0.0384364689017938,85939.3283969852,-1.49977988495178,0.133675102925342,-2.02353928272488,0.921721454762954,50.7983468115551,-2.19539132160625,0.0327300212852104,0.490229949692927,0.914513459825921,51.1907269498883,0.536055477834348,0.594241976836891,0.33339697442627,0.132036317685243,2.52503993046098,0.0115685143917436,0.20345644981681,0.13204882950575,1.54076677982178,0.123373557279655,0.129940524609461,0.0789636337327724,1.64557427852426,0.0998514383573508,-2.51376923241781,1.29236972744545,-1.94508520203938,0.0517647246092178,-1.53330933303195,1.30445049899519,-1.17544462914695,0.239816877364154,-0.980459899385855,1.82902691965184,-0.536055477834348,0.59192020908365
