convergence_false,bic,singular,p_anova_condition,p_anova_pe,p_anova_interaction,effectsize_condition,effectsize_pe,effectsize_interaction,coef_intercept,se_intercept,df_intercept,t_intercept,p_intercept,coef_condition,se_condition,df_condition,t_condition,p_condition,coef_pe,se_pe,df_pe,t_pe,p_pe,coef_interaction,se_interaction,df_interaction,t_interaction,p_interaction,emmean_amc,emmean_se_amc,emmean_z_ratio_amc,emmean_p_amc,emmean_avc,emmean_se_avc,emmean_z_ratio_avc,emmean_p_avc,emmean_diff,emmean_se_diff,emmean_z_ratio_diff,emmean_p_diff,coef_amc,se_amc,z_ratio_amc,p_amc,coef_avc,se_avc,z_ratio_avc,p_avc,coeff_diff,se_diff,z_diff,p_diff,convergence_false_message
0,626249.513127635,1,0.0146982088062704,0.130215646345131,0.125140245551558,0.00018593478273666,0.04587129715267,0.0470507684478667,0.090841689564717,0.0837424073961699,49.7744957021041,1.08477523383059,0.283247540218493,0.0784982907401782,0.032173232937305,32010.289019925,2.43986331411411,0.0146982088062704,-0.130344509421679,0.0846970207097885,49.2623533896736,-1.53895034712378,0.130215646345131,0.135038505032524,0.0865590421649072,49.2939252330909,1.56007392936785,0.125140245551558,0.0143823628158218,0.0897336265015851,0.160278408179209,0.872661766757778,0.169303915871588,0.0896875023371198,1.88770911732165,0.0590650117105027,-0.154921553055766,0.0643475540593886,-2.40757485378206,0.0160588697712946,-0.265383014454203,0.1210969981987,-2.19149127064862,0.0284162607544257,0.0046939956108448,0.12110996334945,0.0387581292325288,0.969083227764465,-0.270077010065048,0.173118084329814,-1.56007392936785,0.118742411608743,
0,626102.391956587,1,0.0326898828951464,0.263842280323779,0.092411782416089,0.000139317167434052,0.0252182180191606,0.0558931653641401,0.0987021531455479,0.0831339486750567,49.9423678445256,1.18726651047627,0.240738985593294,0.0686809216581829,0.0321545573093145,32743.2673902181,2.13596228358857,0.0326898828951464,-0.0984211476422055,0.0870811043836129,49.3766932688681,-1.13022392560201,0.263842280323779,0.14596974440714,0.0850707939754447,49.7309962019359,1.71586202015787,0.092411782416089,0.0318989109225428,0.0891593605542673,0.357774110584019,0.720512366610575,0.167017754224194,0.0891129843103586,1.87422467687214,0.0608994642682428,-0.135118843301651,0.0643097443937083,-2.10106329259287,0.0356354106295921,-0.244390892049346,0.121731272231826,-2.00762620457894,0.0446830277889206,0.0475485967649347,0.121744875938931,0.390559326610065,0.696122994992404,-0.291939488814281,0.170141587950889,-1.71586202015787,0.0861872995046136,
0,625977.046749492,1,0.158297954197467,0.417729935229018,0.081039832762323,0.0000547552026587525,0.013244401215343,0.0598962247955957,0.0899092493853525,0.0811542384705621,49.8911364635413,1.10788112956006,0.273225776863953,0.0454082340193891,0.0321850614114556,36350.5819887148,1.41084813972817,0.158297954197467,-0.0737475282993858,0.0902479528974869,49.7505046132295,-0.817165663393562,0.417729935229018,0.158206348257898,0.0888375907449694,49.7772173398677,1.7808491532832,0.081039832762323,0.0462831399789928,0.0873281675865955,0.529990966924824,0.596118193755921,0.134668577923749,0.087280583172149,1.54293856696779,0.122845682148356,-0.0883854379447562,0.0643720256061648,-1.37304111704529,0.169739564690194,-0.231953876557284,0.126627831884563,-1.83177641996382,0.0669847377144603,0.0844588199585124,0.126645225947646,0.666893041775035,0.504840455854351,-0.316412696515796,0.177675181489939,-1.7808491532832,0.0749370970365989,
0,626057.731549288,0,0.222795420923801,0.654657871593567,0.12637218026258,0.0000397802393408933,0.00399565666320579,0.0461475924547508,0.0855170191504776,0.0819275657596243,43.984028712827,1.04381252338663,0.30227531429121,0.0392730734578816,0.0322135195834148,37361.8830153468,1.21914879112127,0.222795420923801,-0.0400352862593852,0.0889729651184364,50.47110544317,-0.449971361593853,0.654657871593567,0.143354556085677,0.0922173509676974,49.9493506863912,1.55452910522112,0.12637218026258,0.0476529480195825,0.0880579048368721,0.541154688018752,0.58840096639043,0.123996280422547,0.088010556277824,1.4088796352011,0.158870762239916,-0.0763433324029641,0.0644300832802226,-1.18490196684874,0.236056209665148,-0.183389842345062,0.128132269776005,-1.43125414593572,0.152357390450697,0.103319269826292,0.128150607197083,0.806233166475733,0.420108418328124,-0.286709112171354,0.184434701935395,-1.55452910522112,0.120058259670505,
0,625939.219295568,1,0.512973067199376,0.67906537328285,0.200053898181605,0.0000112309070073297,0.00339700339581827,0.0326795982523295,0.0900805352391706,0.0817978825451768,49.9134012966008,1.10125754403752,0.276066995970062,0.0210679596530263,0.0322030994500283,38109.2060241788,0.654221488391786,0.512973067199376,-0.0364450247140436,0.0875802130549229,50.8031581839168,-0.416133090372689,0.67906537328285,0.124270150204216,0.0956965863294845,49.9153813285986,1.29858498584633,0.200053898181605,0.0702473661969339,0.0879336106807548,0.798868210381679,0.424366833763974,0.110473725752308,0.0878861684990196,1.25700923864419,0.208750290225428,-0.0402263595553741,0.0644104917673355,-0.624531166454688,0.532278808913284,-0.16071517491826,0.129713753840243,-1.23899871956676,0.215345972253892,0.0878251254901724,0.129732813013505,0.676969252805994,0.498425462925532,-0.248540300408432,0.191393172658969,-1.29858498584633,0.194086393312224,
0,625705.595539831,1,0.674057449415718,0.583067663534685,0.135949795452225,0.00000448498539559806,0.0060187963326816,0.0440281793204679,0.101446738410386,0.0814629614734658,50.0373219180331,1.24531120125591,0.218817695458206,0.0135338235545678,0.0321782559478668,39441.464806406,0.420589095210582,0.674057449415718,-0.0499367862474186,0.0903881406207259,50.406529546041,-0.552470555368059,0.583067663534685,0.144161089859527,0.0951221512749615,49.8708936504905,1.51553647522976,0.135949795452225,0.0894041880670312,0.0876131615339965,1.02044243697723,0.307518676204146,0.114256627305594,0.0875655587508594,1.3048124049625,0.191956734036389,-0.0248524392385625,0.0643606441515786,-0.386143419882987,0.699390454421692,-0.194097876106946,0.131208136932502,-1.47931279755002,0.139056734080806,0.0942243036121083,0.131228442263099,0.718017390034996,0.472746564386602,-0.288322179719054,0.190244302549923,-1.51553647522976,0.129636600460195,
0,625525.097700178,0,0.938090686979119,0.397618923112448,0.112549543530195,0.000000148684211469656,0.0142648157703883,0.0498007155909081,0.136487227494367,0.083493467446645,44.6270818565619,1.63470546461118,0.109146261323389,0.00249802539569753,0.0321619042680072,40573.761325244,0.0776703199810969,0.938090686979119,-0.0772930617472951,0.0905969084466291,50.2977267564393,-0.8531534140906,0.397618923112448,0.157913812624688,0.0977567257528373,49.7881581239606,1.61537542720026,0.112549543530195,0.13579631981618,0.089498610495605,1.51730087276437,0.129190737968706,0.138365835674056,0.0894519370648375,1.54681765665693,0.121907221321064,-0.00256951585787533,0.0643289281920688,-0.0399433960752999,0.968138253626731,-0.235206874371984,0.133271597976203,-1.7648687187947,0.0775858320588444,0.0806207508773932,0.133293044352937,0.604838393996939,0.545286380175483,-0.315827625249377,0.195513451505675,-1.61537542720026,0.106229418319982,
0,625344.827401003,0,0.494644774870835,0.336028068138807,0.132550521454241,0.000011082013683545,0.0182565323707643,0.045061709480428,0.143454105613105,0.0837651399580393,44.7344822314246,1.71257525129148,0.0937151176890768,-0.0219549233609341,0.0321473819625306,42087.1129209359,-0.682945920340379,0.494644774870835,-0.0880706266966372,0.0906768132406319,50.7281944042275,-0.971258511951908,0.336028068138807,0.154726882687034,0.101175629796471,49.5618333626114,1.52929003751485,0.132550521454241,0.167274466292342,0.089747172186286,1.86384107952877,0.0623440249962844,0.120987055633828,0.0897005894158914,1.34878774400109,0.177405152440929,0.046287410658514,0.0643011919792874,0.719853073228006,0.471615463527183,-0.242797509383671,0.135851873158858,-1.78722238963725,0.0739015519652915,0.0666562559903968,0.135874403798536,0.490572573839806,0.62372878827363,-0.309453765374068,0.202351259592942,-1.52929003751485,0.126192558267796,
0,625451.245858083,0,0.356846410308433,0.335698692848281,0.0951016844071656,0.0000198077906717603,0.0183787906258893,0.0551922086347506,0.153266311492083,0.0809928596784043,44.0126407299346,1.89234349917577,0.065034419343118,-0.0296492173626766,0.032178415900025,42860.0335414305,-0.921400775438842,0.356846410308433,-0.0882351577992674,0.0907791015384101,50.4589926765671,-0.971976548610516,0.335698692848281,0.176118414506444,0.103503387617724,49.5639714371538,1.70157149983258,0.0951016844071656,0.18494658354003,0.0871770155508119,2.12150625220971,0.0338792223564261,0.122941878361619,0.0871289785618319,1.41103316475094,0.158234835263668,0.0620047051784116,0.0643641307060619,0.963342540297401,0.335375651527397,-0.264353572305711,0.137661271104498,-1.92031912959049,0.0548176015002876,0.0878832567071764,0.137684303705344,0.638295392735936,0.523281410560209,-0.352236829012888,0.207006775235448,-1.70157149983258,0.0888357239184171,Model failed to converge with 1 negative eigenvalue: -2.0e+03
0,625853.611254393,0,0.485019294739216,0.412022896511251,0.0732349405512987,0.0000109832522709207,0.0135134522665127,0.063284123276235,0.159116461192953,0.0808704916061244,43.2277475035395,1.96754660485955,0.0555576643087168,-0.0225342358516748,0.0322720603834566,44391.1662658454,-0.698258356730963,0.485019294739216,-0.0766101091722883,0.0926068726531736,49.9586370183863,-0.827261594927241,0.412022896511251,0.193177675902349,0.105550136127159,49.5803275484554,1.83019826397592,0.0732349405512987,0.183723503324964,0.087098380928368,2.10937908795415,0.0349118730784213,0.135686625177858,0.087050018542143,1.55872023292182,0.119062610829242,0.0480368781471056,0.0645521421362311,0.744156220962094,0.456781969990129,-0.269787785074637,0.140404736463024,-1.92150059799219,0.0546686270519693,0.116567566730061,0.140428765489392,0.830083254836179,0.406491713916921,-0.386355351804698,0.211100272254318,-1.83019826397592,0.0672202973041965,
0,626182.901804484,0,0.339451284777084,0.495636689713104,0.0636550665003399,0.0000204655746538418,0.00935259670033934,0.0675359481029836,0.174486605015036,0.0844842946036695,43.7815806480723,2.06531410167515,0.0448450177514898,-0.0308895547977263,0.0323362716306383,44587.2387184228,-0.955260246158336,0.339451284777084,-0.0639539005663676,0.0931726718133536,49.9049786407974,-0.686401917232577,0.495636689713104,0.200615765646374,0.105756984631945,49.6831470067273,1.8969505072838,0.0636550665003399,0.207408874768929,0.0904868282487161,2.29214437927734,0.0218973132493066,0.142547063568945,0.0904400155476955,1.57615036558425,0.114991154113594,0.0648618111999836,0.0646805822161834,1.00280190711943,0.31595644850456,-0.264569666212742,0.140933517195614,-1.87726575961006,0.060481678639653,0.136661865080006,0.140957854954715,0.969522877060744,0.332284371620397,-0.401231531292748,0.211513969263891,-1.8969505072838,0.0578344705072316,
0,626504.925598603,0,0.234761534149345,0.699425295449597,0.0773978720548018,0.0000321218899375632,0.00303042213012815,0.0613091972407846,0.182089827296946,0.0858767022917474,44.9795031432991,2.12036352628372,0.0395243019776612,-0.0384890672440726,0.032392785329635,43950.4318450427,-1.18819875637123,0.234761534149345,-0.0356223312525588,0.0917295686972908,49.6140580005876,-0.388340769050306,0.699425295449597,0.19377245763635,0.107455774732713,49.7876363343305,1.80327635362866,0.0773978720548018,0.222341357429966,0.0918082721277153,2.42180091485291,0.0154438087769953,0.142385676964091,0.091761916926797,1.55168594698909,0.120737386837668,0.0799556804658747,0.0647942159215861,1.23399410469967,0.217205101016705,-0.229394788888909,0.141271524175805,-1.62378646529953,0.10442138966008,0.158150126383791,0.141295686596025,1.11928488543288,0.263018621829914,-0.3875449152727,0.214911549465426,-1.80327635362866,0.0713448243595383,
0,626721.46698591,0,0.280268086445402,0.563272227289564,0.0975874295975163,0.000028770156866606,0.00679277800829899,0.0541480342376181,0.188048396234925,0.0845109534476542,43.7818452678499,2.22513637065285,0.0312723246368547,-0.0349757289467585,0.0323929805538683,40520.7060298776,-1.07973173041595,0.280268086445402,-0.0508105799436304,0.0873179102635163,49.5101319723827,-0.581903297849082,0.563272227289564,0.178689856358927,0.105833513280778,49.795930107981,1.68840522080053,0.0975874295975163,0.224787399770176,0.0905316109481497,2.48297138884361,0.0130291552050714,0.152090158138595,0.0904848219216317,1.68083613260929,0.0927947481972646,0.072697241631581,0.0647939187748675,1.12197630589646,0.261872514389761,-0.229500436302557,0.137193967709375,-1.67281725380754,0.0943632771914662,0.127879276415297,0.137215579277424,0.931958871497739,0.351357780963571,-0.357379712717854,0.211667026561555,-1.68840522080053,0.0913334689739408,
0,626564.501007375,0,0.176022534323956,0.331663123999121,0.169878364472116,0.000044776857966616,0.0189716680664602,0.0375018186123209,0.178541365664614,0.0783092483204887,42.084880878255,2.2799524895695,0.0277418145059831,-0.0438008440615789,0.0323700903553992,40888.7725628056,-1.35312702499989,0.176022534323956,-0.084896479264297,0.0865983579113834,49.6976757874818,-0.980347448980177,0.331663123999121,0.151109721208891,0.108495863384532,49.7858626884838,1.39276942452014,0.169878364472116,0.224155468745328,0.0847628365644582,2.64450173956683,0.00818112861675597,0.134231798705495,0.0847130611103031,1.58454666784753,0.113069370479028,0.0899236700398332,0.064749224713175,1.3887991777226,0.164893825373255,-0.236006200473188,0.138807888195332,-1.7002362296664,0.0890865000741645,0.0662132419445935,0.13882948571452,0.476939330314527,0.633405324328791,-0.302219442417781,0.216991726769064,-1.39276942452014,0.163689527121939,
0,626310.480425008,1,0.166037246704629,0.261137703748378,0.168314536768886,0.0000471533138672383,0.0252143244765767,0.0377668383423614,0.178814397326232,0.0734012057247608,50.195621704221,2.43612343367695,0.0184363677003393,-0.044767285264948,0.0323212083132583,40683.0629768874,-1.38507461822163,0.166037246704629,-0.0975000997383587,0.0857836442040329,49.9416558699065,-1.13658146192133,0.261137703748378,0.15288220601666,0.109359037981856,49.7936783889589,1.39798418894307,0.168314536768886,0.225505394651422,0.0802306637836867,2.81071331105295,0.00494318098660037,0.133621605852098,0.0801783282739605,1.66655514936065,0.0956028934526149,0.0918837887993242,0.0646518587925653,1.42120877133838,0.155256075486127,-0.250382305755019,0.138979409293274,-1.80157842825957,0.071611757730776,0.0553821062783015,0.13900068127522,0.39843046645682,0.690312903940666,-0.30576441203332,0.218718075963713,-1.39798418894307,0.162117815204583,Model failed to converge with 1 negative eigenvalue: -8.1e+02
0,626202.591085218,0,0.0409566911953404,0.149101184497343,0.258819143075841,0.000100969918142508,0.0409909153556365,0.0254142018341815,0.184766456127522,0.0749089696899542,41.3114921008586,2.46654648825453,0.0178784253462535,-0.066037372946828,0.0323074046426028,41375.1495840461,-2.04403212444204,0.0409566911953404,-0.12667659090433,0.0864573900002862,50.2254223607271,-1.46519101379201,0.149101184497343,0.125092391120316,0.109521348038485,50.0273882623835,1.14217358862639,0.258819143075841,0.252738195105748,0.0816069436180628,3.09701826708048,0.00195477827694312,0.118741254744579,0.081555506308784,1.45595631881682,0.145404695245978,0.133996940361168,0.0646243401907548,2.07347479240242,0.0381281146951015,-0.251768982024646,0.139523400855251,-1.80449286987954,0.0711540759254423,-0.00158419978401436,0.139545091412926,-0.0113526012844592,0.990942129276009,-0.250184782240632,0.219042696076969,-1.14217358862639,0.25338187195296,
0,626192.869033179,0,0.0202396087464475,0.0844707874446481,0.349356372864012,0.000132400020516208,0.0576162784435872,0.0175500572717464,0.187793590920448,0.0743670507504543,41.5483671528266,2.52522574211807,0.0154690569189206,-0.0749899247167583,0.0322958586741848,40716.1407056862,-2.32196720555692,0.0202396087464475,-0.150967375787841,0.0857842163771065,50.6563632891149,-1.75985026341198,0.0844707874446481,0.102376781453644,0.108369118041233,49.9601530085793,0.944704389074119,0.349356372864012,0.264729983895847,0.0811050180392795,3.26403951685994,0.00109835844914406,0.113176992553782,0.0810533300743302,1.39632748524943,0.162615900690183,0.151552991342065,0.0646007840053561,2.34599306611356,0.0189764604937762,-0.253344157241485,0.138202305004235,-1.83313988311354,0.0667817712903051,-0.0485905943341966,0.138223434845378,-0.351536585590946,0.725185830318736,-0.204753562907289,0.216738236082467,-0.944704389074119,0.344809815656763,
0,626320.580609466,1,0.510641952999272,0.138279396396082,0.193236630331525,0.00000998440584214377,0.0428668563939177,0.0336162964003562,0.188641127114284,0.073985818099865,49.9052816686458,2.54969306225227,0.0139005018834082,-0.0212779773396504,0.0323450262386657,43343.0138471636,-0.657843873201574,0.510641952999272,-0.137590080461371,0.0913611630368514,50.6409366022839,-1.50600184901184,0.138279396396082,0.138005252161188,0.104642665074817,50.0003885869851,1.31882394301138,0.193236630331525,0.212036530697429,0.0807754731125125,2.62501131255626,0.0086646088442593,0.167359959969333,0.0807233223867051,2.0732541107215,0.0381486369496472,0.0446765707280958,0.0646976275974548,0.690544188205339,0.489852031609255,-0.275595332622559,0.138901968652758,-1.98409954369705,0.0472447439989373,0.000415171699817835,0.138924951089432,0.00298846029141714,0.997615557222108,-0.276010504322377,0.209285330149633,-1.31882394301138,0.187227977781133,
0,626290.067635309,0,0.777405087425397,0.24693697723213,0.0857737004804227,0.00000183464771132334,0.0264230453464758,0.0579823663852542,0.213169478992865,0.0761292615732931,42.0268657939854,2.80009912860691,0.0076857647576617,0.00914242634208638,0.0323392173805817,43562.2645951358,0.282704007165492,0.777405087425397,-0.110424812613437,0.094268949482184,50.5572475851326,-1.17138053643322,0.24693697723213,0.176321608831176,0.100593294399275,49.9155790453502,1.75281672485364,0.0857737004804227,0.206230153814421,0.0827408608046452,2.49248257522168,0.0126853554656769,0.221805613721281,0.0826899143038559,2.68237808188099,0.00731007915343954,-0.01557545990686,0.0646844735773936,-0.240791322019871,0.809716855792349,-0.286746421444613,0.137849355305668,-2.08014336235943,0.0375123853260747,0.0658967962177384,0.13787257403472,0.477954347912182,0.632682698110706,-0.352643217662351,0.20118658879855,-1.75281672485364,0.079633471373835,
0,626284.30675247,0,0.853088345013485,0.273128604173527,0.0387522949926514,0.000000869802737794903,0.023569387370928,0.0825243570468468,0.208680876615132,0.0765538772970509,41.4791219463926,2.72593477931092,0.00935105725887408,0.00597805501322825,0.0322822980588229,39424.8255780498,0.185180590376044,0.853088345013485,-0.100382946894762,0.0906084864633971,50.848157700745,-1.10787577204828,0.273128604173527,0.201300437170158,0.0948362770870149,50.0902081525647,2.12261007447034,0.0387522949926514,0.205020684929147,0.083108682562878,2.46689850695243,0.0136288981229277,0.213883572552779,0.0830584334952601,2.57509759758453,0.0100211805122548,-0.00886288762363159,0.0645685272837535,-0.137263276653077,0.890822696618109,-0.30168338406492,0.131153454219809,-2.30023208965057,0.0214350747277252,0.100917490275396,0.131173190812902,0.769345394817292,0.441688295463338,-0.402600874340316,0.18967255417403,-2.12261007447034,0.0337865400468669,
0,626603.562974603,0,0.81628543028082,0.255831570617626,0.0354728172404895,0.00000143110342245013,0.025476585274583,0.0858138978718446,0.179440059994591,0.0750191776735722,40.2512227445787,2.39192251313899,0.0215194763860076,-0.00750887685656748,0.0323203163034284,37716.129445111,-0.232326836967588,0.81628543028082,-0.101337186588546,0.088170729995867,50.5289034670508,-1.14932910948221,0.255831570617626,0.204343727001588,0.0945279360685106,49.7827925691736,2.16172843183085,0.0354728172404895,0.189297513593776,0.0817120014685168,2.31664272312202,0.0205232020451017,0.171139773683275,0.0816609551905983,2.09573563380236,0.0361056489768846,0.018157739910501,0.0646443947717301,0.280886532770845,0.778797430289972,-0.305680913590134,0.129256573091639,-2.36491581262498,0.0180341699212307,0.103006540413042,0.129274726699997,0.796803389513912,0.425565226265579,-0.408687454003176,0.189055872137021,-2.16172843183085,0.0306391147726529,
0,626805.523576287,0,0.989663999205372,0.272481635308764,0.0363795938553411,0.00000000431224348365497,0.0239756187672798,0.0851543920605212,0.1451019554561,0.0742035282608367,40.08208611036,1.9554589769107,0.0575255122594555,-0.000419451912732613,0.0323783541565943,38918.0922933855,-0.0129547014868014,0.989663999205372,-0.0975161018618877,0.0878866846954374,50.1184166989749,-1.10956628071499,0.272481635308764,0.212225468053448,0.0986725060804378,49.6985179305355,2.15080650612483,0.0363795938553411,0.147901182536281,0.0809873949723669,1.82622471789277,0.0678164195494272,0.143801180118775,0.0809356329048054,1.77673510365836,0.0756118337684783,0.00410000241750665,0.0647619306806894,0.0633088355213163,0.949520580150569,-0.309741569915336,0.132127849013169,-2.3442565078348,0.019065054527171,0.11470936619156,0.132147255442751,0.868041987003315,0.385371347719022,-0.424450936106896,0.197345012160876,-2.15080650612483,0.0314914753652034,
0,626952.685225307,0,0.799244190360717,0.249889294365162,0.0812541977932611,0.00000158504137654666,0.0263396212206621,0.0599489014610291,0.126223420709089,0.072879504104377,39.6146110395527,1.73194675595369,0.0910643003384687,0.00824840100091684,0.0324322608057744,40807.8574025409,0.254327043381702,0.799244190360717,-0.103452300238424,0.0888672935628579,50.0949984391963,-1.16412119792137,0.249889294365162,0.18256666849259,0.102586307557109,49.6631676444729,1.77963972814752,0.0812541977932611,0.120172531780547,0.079798421598608,1.50595123779546,0.132079691858844,0.133863978180927,0.079745636440642,1.6786370283792,0.0932228054320428,-0.01369144640038,0.0648711829826491,-0.211055907582909,0.832843645836374,-0.286018968731014,0.135714776583795,-2.10750056796075,0.0350742125113378,0.0791143682541667,0.135735743795024,0.582855820008901,0.559990364036923,-0.365133336985181,0.205172615114217,-1.77963972814752,0.0751349400938879,
0,626912.891732509,0,0.822946582618901,0.131795878883996,0.115111221017386,0.0000012724744268397,0.0447764194856732,0.0491259961762161,0.110287067282254,0.073260654046797,40.0249150904245,1.505406533933,0.140071262483698,-0.00725084511111241,0.0324048174118227,39346.7153110025,-0.223758246157159,0.822946582618901,-0.134504389566376,0.0877918377762051,50.0749249655345,-1.53208308395649,0.131795878883996,0.160576444934201,0.10012990781141,49.7791697513305,1.6036811422681,0.115111221017386,0.119805047678199,0.0801352353893267,1.4950358240809,0.134905092952498,0.102835907986818,0.0800828242452516,1.28411939708676,0.199100182061329,0.0169691396913812,0.0648153767894689,0.261807313818444,0.793470000083809,-0.295080834500576,0.133156951575332,-2.21603777354153,0.0266889152758931,0.0260720553678249,0.133176712243749,0.195770378533643,0.844789895919721,-0.321152889868401,0.200259815622819,-1.6036811422681,0.108784354682029,
0,626637.198812995,0,0.307604228077905,0.0732519645838622,0.0913200271434452,0.0000283437542250951,0.0624045206490224,0.0560058148033793,0.112818479805032,0.0721532106625605,40.1842435877182,1.56359611400595,0.125754457665644,-0.0329669655258844,0.032311806226871,36725.3373064093,-1.0202761583309,0.307604228077905,-0.158795266850591,0.0867957957419772,50.2894842620268,-1.82952717344341,0.0732519645838622,0.161571012632864,0.0938465913820776,49.9604206851998,1.72165030453861,0.0913200271434452,0.148246851194557,0.0790852367646116,1.87451991369511,0.0608587999612414,0.0798301879493123,0.0790326448520694,1.01009131225123,0.312451544159804,0.0684166632452445,0.0646271253950946,1.05863695510179,0.289765149966164,-0.320366279483455,0.127822208151698,-2.50634286573462,0.0121987265239557,0.00277574578227341,0.127839230474292,0.0217127854413328,0.98267706487037,-0.323142025265729,0.187693182764155,-1.72165030453861,0.0851328846816166,
0,626627.384459497,0,0.23233427445417,0.0667443050719038,0.0974217019367864,0.0000393451948286901,0.0653102617529254,0.0539939579405081,0.118869998294653,0.0684632657638916,38.6637216708897,1.73625953959893,0.0904814375412589,-0.0385794233131376,0.0323005945160659,36256.1465189373,-1.19438740652122,0.23233427445417,-0.16546640757584,0.0882942429604515,50.2621372806087,-1.87403393503193,0.0667443050719038,0.153046281828759,0.0906061042009588,49.9895696200055,1.68913875260889,0.0974217019367864,0.159896586155222,0.0757287394547187,2.11143863355643,0.0347346273379316,0.0803860000380801,0.0756740788080404,1.06226598730052,0.288114950688228,0.0795105861171417,0.0646035848965652,1.2307457278794,0.218417979567325,-0.318512689404599,0.126504118565312,-2.51780489850341,0.0118088712894556,-0.0124201257470811,0.126520302334771,-0.0981670571274606,0.92179964068776,-0.306092563657518,0.181212208401917,-1.68913875260889,0.0911928429240012,
0,626575.046014363,0,0.556206458273087,0.0960805285304707,0.0760877938189222,0.00000924389029725502,0.0543310030302829,0.0615984422369056,0.121674735585468,0.0683532230464184,37.7377528328222,1.78008775830277,0.0831148794505283,-0.0190140901475799,0.0323099193888643,37464.5526188142,-0.588490795001275,0.556206458273087,-0.149218508873531,0.0879784274887462,50.0707883909585,-1.69608065446064,0.0960805285304707,0.170078856567777,0.0938930607341455,49.9864912062444,1.81141029206992,0.0760877938189222,0.143142019024206,0.075633518831498,1.89257383810356,0.0584145656457557,0.102500373319939,0.0755787155465274,1.35620687092569,0.175033356495702,0.0406416457042666,0.0646233838306115,0.628899994014474,0.5294145299855,-0.319297365441308,0.12866182765256,-2.48167907503647,0.0130764986924316,0.0208603476942466,0.12867927268966,0.162111171894452,0.871218308668816,-0.340157713135555,0.187786121468291,-1.81141029206992,0.0700773639873805,
0,626572.485570343,0,0.368290289010913,0.102657227057686,0.0593956243249505,0.0000216684487401022,0.0526656290255901,0.0691805102061363,0.125184662855702,0.0677965275813927,38.798277048509,1.84647602645153,0.0724616384887915,-0.0290716691237446,0.032312933525218,37355.1021467413,-0.899691422354338,0.368290289010913,-0.142802144146301,0.0858840721399969,49.7302015604884,-1.66273140744332,0.102657227057686,0.187628902874347,0.0972623403831651,50.0716328989798,1.92910125476298,0.0593956243249505,0.156795066449181,0.0751322477539203,2.08692101110471,0.0368952752682283,0.0957685853037071,0.075076982348795,1.27560514964203,0.202095132805593,0.061026481145474,0.0646306129946498,0.944234911566224,0.345049618614613,-0.330431047020648,0.129744933756106,-2.54677417803296,0.0108723764974999,0.0448267587280467,0.129762573852946,0.345452139218869,0.729754485414172,-0.375257805748695,0.19452468076633,-1.92910125476298,0.0537182932684385,
0,626452.933226605,1,0.357074306790109,0.0669461717091166,0.0523238660010618,0.000024642204917973,0.0666938196268105,0.0729668005228481,0.127382457387925,0.0686216463662096,50.1476489446294,1.85630138787592,0.0692905623727891,-0.0297026742309754,0.0322516293349139,34418.9420889398,-0.920966625361182,0.357074306790109,-0.153922519038948,0.0821549952517106,49.121873893179,-1.87356250910066,0.0669461717091166,0.190784577159298,0.0959867573199827,50.1919271605942,1.98761352592938,0.0523238660010618,0.159733550388781,0.075851042026016,2.10588471986969,0.0352143672803624,0.0973965683125237,0.0757966187148821,1.28497246927191,0.198801904726118,0.0623369820762572,0.0645075560112981,0.966351632750421,0.33386825773583,-0.344707096198246,0.126336930519627,-2.72847452269464,0.0063628005030065,0.0368620581203506,0.126351816916523,0.291741417099718,0.770484339786817,-0.381569154318597,0.191973514639965,-1.98761352592938,0.0468544492243465,
0,626473.171384048,0,0.615609293949463,0.040921642886809,0.0486648289186683,0.00000709197610358307,0.0830423199731829,0.0753815565620219,0.128931559901473,0.0706816386485907,39.775091053442,1.82411673479282,0.0756536985869625,-0.0162035528430761,0.0322723878577513,35545.7723583946,-0.502087199574366,0.615609293949463,-0.176760931240413,0.0841672429758902,48.700809222716,-2.10011549613246,0.040921642886809,0.193673258013233,0.0958409466852145,50.0881023423966,2.02077780647706,0.0486648289186683,0.147981195319132,0.0777284907262246,1.90382180248876,0.0569333960307563,0.112598067976314,0.077675184123021,1.44960155869064,0.147169661113736,0.0353831273428177,0.0645490212703339,0.54815900607744,0.583582727463414,-0.370434189253646,0.127544263828913,-2.90435789217886,0.00368007223083932,0.0169123267728195,0.127560512964248,0.132582774871403,0.894523355804348,-0.387346516026465,0.191681893370429,-2.02077780647706,0.0433027712391906,
0,626534.765744735,0,0.84777559742879,0.0433473170357512,0.0546497659494771,0.000000891198281047555,0.0810928325865151,0.0716772609057782,0.129690581534285,0.0776997434828694,41.5865885603478,1.66912496387943,0.102605021963674,0.00621222502402202,0.0323623211089655,41346.6477959248,0.191958574389802,0.84777559742879,-0.191262905725134,0.0922034289191537,48.7591945423032,-2.07435784077876,0.0433473170357512,0.194989911577842,0.0990970963677472,50.1441199399622,1.96766523667089,0.0546497659494771,0.126445975171284,0.0841966836985118,1.50179282148519,0.133150622815082,0.13587417160311,0.0841466727808474,1.61473017426348,0.106369140118289,-0.00942819643182565,0.064730076777529,-0.145654028253812,0.884194514364292,-0.386252817302975,0.135346770871102,-2.85380149682938,0.00431995147830236,0.00372700585270766,0.13536862723948,0.0275322719060616,0.978035200338903,-0.389979823155683,0.198194192735494,-1.96766523667089,0.0491065681995641,
0,626470.001641133,0,0.329936910968888,0.072972116045824,0.0771790964088584,0.0000218737638444613,0.0642099074767251,0.060618092865325,0.14390187176851,0.0842603972581192,44.1233206656237,1.70782332449356,0.0946969960567062,0.031540885420423,0.032374466356609,43391.9838042054,0.974251901884527,0.329936910968888,-0.177918845761209,0.0970932709128217,48.9375293261329,-1.83245289903724,0.072972116045824,0.176711502502251,0.0979468164351284,50.4416067740181,1.80415769428595,0.0771790964088584,0.115085646446671,0.0902912243876789,1.2746050042752,0.202449085343363,0.175452033326801,0.0902442678116112,1.9441903356462,0.0518725027799297,-0.0603663868801308,0.0647539620178129,-0.932242367865072,0.351211284370345,-0.354630348263459,0.137903650715986,-2.57158056673802,0.0101235457246496,-0.00120734325895802,0.137927326269517,-0.00875347396061901,0.993015827465278,-0.353423005004501,0.195893632870257,-1.80415769428595,0.0712065893241549,
0,626718.283013199,0,0.635123227996494,0.140237882258585,0.163557116837465,0.00000494912782985255,0.0439099932935508,0.0383636622205783,0.168709659105857,0.0878027545808085,45.385340050993,1.9214620305629,0.0609666045576343,0.0153978527141125,0.0324485374774192,45498.727187811,0.474531486198038,0.635123227996494,-0.152002442318213,0.101387126950776,48.9407823287288,-1.49922822442745,0.140237882258585,0.139896127034846,0.0989394717493853,50.1144554440402,1.41395668039551,0.163557116837465,0.155554492018185,0.093631833379202,1.66134194327052,0.0966447906783599,0.184200525839652,0.093586100371153,1.96824662112356,0.049039668420454,-0.0286460338214671,0.0649024278266358,-0.441370758856433,0.658944607772613,-0.29189856935306,0.141650141473158,-2.06070086706107,0.0393315868743208,-0.0121063152833669,0.141675596287416,-0.0854509569792592,0.931902883457104,-0.279792254069693,0.197878943498771,-1.41395668039551,0.157374622113547,
0,626907.186251109,0,0.97815317813289,0.172223372442171,0.221473219424889,0.0000000153214046528226,0.0375722785116831,0.0299924937353335,0.20281104774791,0.0925576460397479,46.2767848160738,2.19118631928923,0.0335099692157336,0.000890692003278046,0.0325254152673501,48945.279926328,0.0273844928944581,0.97815317813289,-0.145543051847559,0.105064508631964,49.155427547626,-1.38527323586873,0.172223372442171,0.128717610715546,0.103955602216097,49.5841257517702,1.23819792268602,0.221473219424889,0.204027527585836,0.0981308337903664,2.07913781739278,0.0376046850568637,0.203831011282285,0.0980867508609325,2.07806874519962,0.0377030278679624,0.00019651630355037,0.0650580400461223,0.00302063055405684,0.997589889182088,-0.274260662563105,0.147787748668495,-1.85577400721019,0.0634857769636836,-0.0168254411320133,0.147815485507685,-0.113827323803219,0.909374678098731,-0.257435221431092,0.207911204432194,-1.23819792268602,0.215642681619847,
0,626914.185789122,0,0.333942568726494,0.212532576083095,0.232708221204555,0.0000178716005493468,0.031386313386626,0.0286645542834661,0.195040094296135,0.098191413870155,47.6306573674483,1.98632534769332,0.052767789726023,0.0314625606918563,0.0325627913856991,52236.4516570452,0.966212027684886,0.333942568726494,-0.133750372119136,0.10589755013334,49.2298447648069,-1.26301667933512,0.212532576083095,0.135284961853475,0.111970746918026,49.4668140970284,1.20821701718679,0.232708221204555,0.165644558728253,0.103474027471487,1.60083223564384,0.109414081742237,0.226490864583032,0.103431945168903,2.18975737344179,0.0285418376817721,-0.0608463058547788,0.065135982613693,-0.934142748957127,0.350230263070027,-0.269035333972611,0.154101284876993,-1.74583446327109,0.0808397205472316,0.00153458973433956,0.154130699662682,0.00995641840138303,0.992056058724364,-0.27056992370695,0.223941493836053,-1.20821701718679,0.226963797786462,
0,627044.866276903,0,0.310446576852733,0.210556952575074,0.171041920180015,0.0000205187555169534,0.0315521219315635,0.0374962761824757,0.192627973767564,0.104702011254046,47.8845398063753,1.83977338601621,0.0720047701618159,0.0330335634972077,0.0325679818811424,50138.2565100281,1.01429568518444,0.310446576852733,-0.127182949087395,0.100260498115241,49.3907642871517,-1.26852500713899,0.210556952575074,0.159014881041381,0.114480077875945,49.5256271789741,1.38901793213048,0.171041920180015,0.16179329655257,0.109672843418456,1.47523572389976,0.140149180206648,0.225416969378011,0.109633141484979,2.05610243695239,0.0397726434083844,-0.0636236728254413,0.0651473779039994,-0.976611413573646,0.328761566416982,-0.286197830128776,0.152162784217261,-1.88086615003138,0.0599901288912466,0.0318319319539858,0.152191322107564,0.209157339020211,0.834325414357936,-0.318029762082761,0.228960155751889,-1.38901793213048,0.164827297245128,
0,627245.570317623,0,0.400977399066176,0.208742962734438,0.217077984324513,0.0000148596309418708,0.0316967975937087,0.0305899426543393,0.205029594474163,0.11404163010117,47.2376514944858,1.79784868290881,0.0785939330800686,0.0273635896394718,0.0325801831203232,47470.588851239,0.839884464074809,0.400977399066176,-0.121303712841044,0.0952438879326925,49.5529984363115,-1.27361151958399,0.208742962734438,0.1448111928279,0.115824715517474,49.5371065167844,1.25026158865076,0.217077984324513,0.179710592018685,0.118624909153074,1.51494819512811,0.129785523877606,0.232212573816033,0.118588186005272,1.95814255735145,0.0502132872444651,-0.0525019817973483,0.0651723055242724,-0.805587302382525,0.420480849440651,-0.266114905668944,0.149942209888342,-1.77478313723076,0.0759337017062078,0.0235074799868561,0.149969528639249,0.156748375487685,0.875443160158601,-0.2896223856558,0.231649431034949,-1.25026158865076,0.211204005100508,
0,627264.770113618,0,0.275775965955829,0.270387907617225,0.201654109806897,0.0000252083207990641,0.0243200820497858,0.0328530273639444,0.205942381437679,0.116947334372987,48.7628917960063,1.76098397233113,0.0845110013806725,0.0355076083250379,0.0325796716791613,47118.8377577407,1.08987004763923,0.275775965955829,-0.105598903988548,0.0947454479112099,49.8361455089925,-1.11455385262951,0.270387907617225,0.14958497945913,0.115588385265865,49.3020139178944,1.29411773609493,0.201654109806897,0.172395376169983,0.121420818621808,1.41981727785041,0.155660883536089,0.24111204038722,0.121384916764352,1.98634267596277,0.046995287053354,-0.0687166642172365,0.0651711789098233,-1.05440265722857,0.291698606220495,-0.255183883447678,0.149443325870748,-1.70756293036722,0.0877174716339721,0.0439860754705823,0.149470538131169,0.29427923402525,0.768544539331061,-0.29916995891826,0.231176770531731,-1.29411773609493,0.195624756119564,
0,627170.415723148,0,0.109113794827541,0.253973769381961,0.0846766697256977,0.000058765914352226,0.0259430014864196,0.0593362301128761,0.200399229574171,0.114767138093482,49.4865113016574,1.74613772638417,0.0869925521098077,0.0521017232807433,0.0325184205216592,43681.1707312651,1.60222183134757,0.109113794827541,-0.106864378005976,0.0926010173496715,50.0032875998777,-1.15403028027699,0.253973769381961,0.189263617932483,0.107550171090201,49.093786693146,1.75977049607621,0.0846766697256977,0.150572687023328,0.119304986382474,1.26208209387506,0.206919247766276,0.251867871331348,0.119268716592863,2.11176810253712,0.0347063444634351,-0.101295184308019,0.065045397007151,-1.55729980857651,0.119399320852778,-0.296127995938459,0.141909880999632,-2.08673274794182,0.0369122993042036,0.0823992399265076,0.141935059467777,0.580541835368126,0.561549283185894,-0.378527235864966,0.215100342180401,-1.75977049607621,0.0784467274498189,
0,627021.595702092,0,0.102765508942297,0.256958908702246,0.0470630611516805,0.0000705969770569093,0.0256105689153,0.0777656027835759,0.166678586381601,0.110439683364924,49.3214039780704,1.50922731126317,0.137620731550565,0.052882691147692,0.0324109299301753,37707.4657987206,1.63163140525804,0.102765508942297,-0.0996640451750141,0.0869134923823204,50.028324361424,-1.14670395174786,0.256958908702246,0.202328055978446,0.0993333113142372,49.2012532214988,2.03686007545232,0.0470630611516805,0.116116130465128,0.115116913959342,1.00868001470348,0.313128119457992,0.218772499763468,0.115079829733954,1.90104990830483,0.0572954758129467,-0.102656369298341,0.0648272893657392,-1.58353635178511,0.113299267955046,-0.30199210115346,0.131978667399877,-2.28818874370405,0.0221265319433483,0.102664010803432,0.131999072499917,0.777763122566614,0.43670867192044,-0.404656111956892,0.198666622628474,-2.03686007545232,0.0416640660038174,
0,627318.9244985,0,0.143690754376494,0.36868641268245,0.0559933466742279,0.0000624871551001681,0.0163353447533351,0.0720219406437789,0.146260545366174,0.108709776017384,48.7788823989762,1.34542219407007,0.184710215011303,0.0473962822970413,0.0324139716702677,34214.1824736751,1.46221767511805,0.143690754376494,-0.076246576446251,0.0840452213293354,49.5602408229808,-0.90720894347431,0.36868641268245,0.185393471890812,0.0947244149741053,49.3557664593169,1.95718782682894,0.0559933466742279,0.100874469480926,0.113458736274185,0.889085078800386,0.373957357409286,0.19281824125244,0.113421278093582,1.70001823726012,0.0891274951752869,-0.0919437717715145,0.0648316472758723,-1.41819274435947,0.156134499655585,-0.261640048337063,0.126626157927929,-2.06624012461927,0.0388058118951819,0.109146895444561,0.126642979155492,0.861847187837795,0.388771614082378,-0.370786943781624,0.189448829948211,-1.95718782682894,0.0503253894918656,
0,627579.940344865,0,0.180936197901244,0.421241838076903,0.0512572234109917,0.0000470798880451867,0.0131110058749996,0.0743636025066366,0.139104542000268,0.1017990704321,48.0727360529373,1.36646180961986,0.178151754043072,0.0435033067938399,0.0325160496681492,38018.3369142586,1.33790258158122,0.180936197901244,-0.0746729073258489,0.0920739973377,49.5090300973599,-0.811009725709756,0.421241838076903,0.186312970800162,0.0932705236757213,49.6680779405659,1.99755467705882,0.0512572234109917,0.0976064155636812,0.106887088456866,0.913173115413933,0.361151501117033,0.181750107126364,0.106847008894075,1.70103130642193,0.0889371086680311,-0.084143691562683,0.0650352568290282,-1.29381654913564,0.195728794967368,-0.260985878126011,0.131050932110491,-1.99148433302229,0.0464276659465471,0.111640063474313,0.131071264348611,0.851750870254699,0.394352379795504,-0.372625941600324,0.186541047351443,-1.99755467705882,0.0457649610734315,
0,627616.575077354,0,0.417160417325067,0.432614067599514,0.0767611851243293,0.0000151330655978868,0.0124826776725232,0.0615834756067985,0.144295884281071,0.0971786868174993,47.4108733425763,1.48485114387332,0.144202267018906,0.026446544551517,0.0325951181746482,43501.0024871126,0.811365199224423,0.417160417325067,-0.0787396423680907,0.0995221967012027,49.5203761823368,-0.791176692014669,0.432614067599514,0.176427721278029,0.0976194789099371,49.7728065927946,1.80730037947446,0.0767611851243293,0.119809815863624,0.102522307524738,1.16862192001204,0.242555992706651,0.169991881644462,0.102480123707766,1.65877904411214,0.0971603245908783,-0.0501820657808381,0.0651949428980236,-0.76972328757664,0.441464053078113,-0.255167363646119,0.139394410362226,-1.83054229350408,0.067168888550072,0.0976880789099379,0.139419005008386,0.70067978826891,0.483502872348586,-0.352855442556057,0.195238957819874,-1.80730037947446,0.0707154569122827,
0,627397.461035227,0,0.696953238421076,0.418854889297692,0.113500966066063,0.00000305966469416027,0.0133390860802383,0.0495421454677663,0.174109038910597,0.0978734064762245,47.5675529249188,1.77892080371078,0.0816433150770742,0.0127052564596758,0.0326245254699948,49568.2173894032,0.389438812569428,0.696953238421076,-0.0859731729364249,0.105454736926956,49.1626827855365,-0.815261366551742,0.418854889297692,0.170256574100407,0.105683550400078,49.7910224779868,1.61100354270726,0.113500966066063,0.163372420981831,0.103191372705018,1.58319844672331,0.113376240397516,0.186166737649257,0.103149129769327,1.80483090904967,0.0711011460375848,-0.0227943166674259,0.0652568354225665,-0.349301594535235,0.726862901490009,-0.256229747036831,0.149283290015514,-1.71639938408513,0.0860889692314562,0.0842834011639816,0.149311513464778,0.56448025479203,0.572427334234842,-0.340513148200813,0.211367100800156,-1.61100354270726,0.107178950285695,
0,627343.45375167,0,0.836259796249462,0.760189932855459,0.214426060845186,0.000000796988354534474,0.00191201576262058,0.0306580530076032,0.2069055196592,0.0938074732948917,46.5999346155271,2.20564004542341,0.0323785868059267,0.00674934104353171,0.0326558398833558,53598.0154361103,0.206680981644932,0.836259796249462,-0.0338814746671551,0.110387020148978,49.1774434914963,-0.306933501977213,0.760189932855459,0.139138492383969,0.11064961312814,49.9950748456063,1.25746930739683,0.214426060845186,0.201485508163438,0.0993543603104708,2.02794832087711,0.0425655227104999,0.212846160607906,0.099310318552213,2.14324315651047,0.032093578577548,-0.0113606524444672,0.0653214539311539,-0.173919160716185,0.861928994039767,-0.173019967051125,0.156281688798003,-1.10710325938924,0.268249286507291,0.105257017716814,0.156311534929449,0.673379720596576,0.500705746823133,-0.278276984767939,0.221299226256281,-1.25746930739683,0.20858374626549,
0,627472.747355073,0,0.844458082802072,0.988798281289101,0.326927152128218,0.000000709644929585633,0.00000402898656271411,0.0191870012266779,0.21711887438289,0.0868984705325159,44.9804403306158,2.49853504960882,0.0161921263960923,-0.00641267582543087,0.0326851741383975,54241.9823913745,-0.196195247370503,0.844458082802072,-0.00155962860496439,0.110526174577932,49.4213423577652,-0.0141109435020272,0.988798281289101,0.110806170833782,0.111924444900747,50.1022356744856,0.990008669974139,0.326927152128218,0.224394867777377,0.092869388209226,2.41624147745904,0.0156816576097985,0.209866846550569,0.0928222917459382,2.26095308145365,0.023762162587743,0.0145280212268079,0.0653806167892652,0.222206854879247,0.824152858085318,-0.112365799438746,0.157284534685486,-0.714410985564721,0.474973080953244,0.109246542228818,0.157314361757322,0.694447353747297,0.487401705744086,-0.221612341667564,0.223848889801493,-0.990008669974139,0.322169881323804,
0,627302.399547822,0,0.14338262583274,0.866762233767608,0.25838497040347,0.0000407482400387993,0.000575306886994021,0.0254070478316553,0.221612803458161,0.0837888232484662,43.7443057309222,2.64489695482407,0.0113059089336276,-0.0477595332629249,0.0326375312516938,52548.3390735482,-1.46333167464822,0.14338262583274,-0.0175755640841116,0.104214649321748,49.4096189451321,-0.168647730415035,0.866762233767608,0.13150867504197,0.115035431279587,50.1319520535899,1.14320147783291,0.25838497040347,0.270517765699919,0.0899487091213155,3.00746690355574,0.00263434808288177,0.172977910816507,0.0899003689750945,1.92410679498354,0.0543411985458365,0.0975398548834119,0.0652866565032125,1.49402435516992,0.135169253625036,-0.149084239126082,0.155207456371563,-0.960548176043668,0.336779396729754,0.113933110957859,0.155236376705142,0.733933072750497,0.462989529081081,-0.263017350083941,0.230070862559175,-1.14320147783291,0.252954948843299,
0,627150.260266682,0,0.0599516942590961,0.892004375686335,0.170758603569256,0.0000677166185229805,0.000380121515907861,0.0371004283169776,0.203548415054106,0.0865169069244588,41.6834386281181,2.35270101867871,0.0234348991576149,-0.0613392318081682,0.0326066195658606,52256.5145581858,-1.88118954448105,0.0599516942590961,-0.014119691081665,0.103459122635749,48.9807283987892,-0.13647603731743,0.892004375686335,0.160385865397793,0.115409513653987,50.1246129259009,1.38971095466749,0.170758603569256,0.266228390340798,0.092484316884131,2.87863282457221,0.003994030502127,0.141085405738222,0.0924374109286182,1.5262803698296,0.126940055262414,0.125142984602575,0.0652250239947595,1.91863455063857,0.0550305998091984,-0.174505556479458,0.154979628239724,-1.12599028957233,0.260169629544026,0.146266174316128,0.155008408247729,0.94360155019701,0.34537329978035,-0.320771730795587,0.230819027307974,-1.38971095466749,0.164616666957073,
0,627312.535573032,0,0.385456747721856,0.980853347226416,0.103920303658056,0.0000148163401307699,0.000011962493471484,0.0518921512981278,0.178330602393556,0.0866706304335987,41.620864176453,2.057566692447,0.045932012670731,-0.0283134735312206,0.0326232127871677,50837.6507356946,-0.8678934756039,0.385456747721856,0.00246768301891497,0.102296726543857,48.6438972783271,0.0241227955408428,0.980853347226416,0.1874411510573,0.113172224015533,50.1194446514322,1.6562469518278,0.103920303658056,0.208065245404853,0.0926337202490268,2.24610697751869,0.0246971565321338,0.148558040476048,0.0925869006035308,1.60452547290889,0.108598274222974,0.0595072049288045,0.065257237869334,0.911886663789801,0.361828382646657,-0.184973468038385,0.152539394615319,-1.21262752159768,0.225272261686437,0.189908834076215,0.152567618421517,1.24475190765272,0.2132229590571,-0.3748823021146,0.226344448031067,-1.6562469518278,0.0976718184986184,
0,627622.613123743,0,0.458274996802556,0.918608166576512,0.0544312960038413,0.0000113462110435526,0.000216801274074123,0.0717296936384998,0.175274609128667,0.0856779801831013,44.2896284173468,2.04573694144155,0.0467490119638688,-0.0242234342300183,0.0326595083421772,48483.7673691013,-0.7416962305809,0.458274996802556,0.010087665737775,0.0982064148315334,48.6570367815886,0.1027190103119,0.918608166576512,0.222863411402795,0.11315949171766,50.1962246670096,1.9694628176561,0.0544312960038413,0.201132820492112,0.0917183078004622,2.19294081318733,0.0283116436889256,0.149261388694746,0.0916709412894767,1.62823013045554,0.103476098195573,0.051871431797365,0.0653297545711077,0.793993979281002,0.427198936381021,-0.21277574566502,0.149818209406675,-1.42022619618588,0.155541839526294,0.23295107714057,0.149845403966564,1.55460942394036,0.120039117982808,-0.445726822805591,0.226318983435321,-1.9694628176561,0.0488999683119128,
0,627411.666109439,0,0.176297395351762,0.946548614676021,0.0238692837436387,0.0000375752443972838,0.0000917975257780669,0.0977460291284626,0.173585654288472,0.0825713485522473,43.715646614755,2.10225044560869,0.041326535200977,-0.0441095542574454,0.032619058280312,48663.6150213412,-1.35226326518656,0.176297395351762,-0.00656148921815377,0.0973762779047906,49.4569868992883,-0.0673828303908807,0.946548614676021,0.265639214765895,0.114004310090254,50.1154359593319,2.33008045534063,0.0238692837436387,0.21978655352128,0.0888082576559322,2.4748436611919,0.0133294510720332,0.127485580199071,0.0887595153794386,1.43630324764711,0.150916070333604,0.0923009733222093,0.0652492500512361,1.41459056233951,0.157188577508891,-0.272200703984048,0.149916897181604,-1.81567727922166,0.069419891364686,0.259077725547741,0.149943884086454,1.72783122917079,0.0840184867231945,-0.531278429531789,0.228008620180509,-2.33008045534063,0.0198018992130938,
0,627119.712200975,0,0.223925626597293,0.797915015778467,0.02052878185215,0.0000281038812765709,0.00132726853502787,0.102790571725749,0.173864776500305,0.0836301999406681,43.9139330102454,2.07897119250766,0.043493301655651,-0.0396516879506454,0.0326037381036756,52627.1752439391,-1.21616999328599,0.223925626597293,-0.0263096110351362,0.102205515042405,49.8591173032507,-0.257418702153405,0.797915015778467,0.282155988669836,0.117927075455382,49.9680078720055,2.39263110341941,0.02052878185215,0.215886436212864,0.089788746797212,2.40438188429607,0.0161998403717984,0.132247395483846,0.0897404019947188,1.47366618094299,0.140571492768569,0.0836390407290179,0.0652203418279875,1.28240727332598,0.199699814087207,-0.308465599704972,0.156039317759829,-1.97684534983518,0.0480591137829167,0.255846377634699,0.156068113893045,1.6393251078182,0.101145569684618,-0.564311977339671,0.235854150910765,-2.39263110341941,0.0167280505483831,
0,627248.31017097,0,0.330572623077722,0.811586356640422,0.0177636775873144,0.0000180604848014671,0.00115143243626904,0.107566324393801,0.162837483349327,0.0886804321111644,43.3537257172678,1.83622789687362,0.0731873755466765,-0.0317438023051896,0.0326256689291072,52415.7487771246,-0.972970159605498,0.330572623077722,-0.024560200761906,0.102484459163804,49.8206041273345,-0.239648049687715,0.811586356640422,0.2870173036555,0.117067787517567,49.8701828080854,2.45171886939805,0.0177636775873144,0.196975166488629,0.0945180276741414,2.08399573431343,0.0371605552793921,0.129077197121242,0.0944720069246632,1.36630099563964,0.171844508644383,0.0678979693673873,0.0652638061281546,1.04036177776791,0.298171852497841,-0.311577504417405,0.15557455823219,-2.0027535861769,0.0452037439560887,0.262457102893594,0.155603403945961,1.68670540770908,0.0916600117578946,-0.574034607310999,0.234135575035133,-2.45171886939805,0.0142175692536257,
0,627453.548043785,0,0.3735628084151,0.653968315480635,0.0127493924089086,0.0000156600440668462,0.00407555639378643,0.118397196997021,0.137098959406359,0.0899583647810328,40.1135398369516,1.52402680662406,0.135347898663631,-0.0290463915222673,0.0326427256675075,50560.5468724118,-0.889827394260156,0.3735628084151,-0.0463076572099776,0.102683161578033,49.6988844289096,-0.45097615323021,0.653968315480635,0.286737521865557,0.110963059859221,49.721445778685,2.58408088447941,0.0127493924089086,0.168704170033919,0.0957233856980467,1.76241332046158,0.0779994896823613,0.106205321414796,0.0956780333201277,1.11002826593901,0.266986846422055,0.062498848619123,0.0652953267410829,0.957171848866783,0.33848052349052,-0.333045179075535,0.15117008776094,-2.20311560314902,0.0275866017212898,0.240429864655579,0.151198112476025,1.59016445852592,0.11179773955007,-0.573475043731114,0.221926119718441,-2.58408088447941,0.00976388932917515,
0,627875.26435243,0,0.970438958940153,0.540350732923382,0.0151547018712338,0.0000000270169222929401,0.00762288515263485,0.113252793133637,0.103737078065751,0.0923170114220642,40.7182942756444,1.12370489975543,0.26771975799905,0.00121276741969996,0.0327262562984056,50830.7482567362,0.0370579331971755,0.970438958940153,-0.0648016805103223,0.105101908613378,49.4890019672614,-0.616560454184501,0.540350732923382,0.275417905762158,0.109465274580501,49.5658444004657,2.51602991741106,0.0151547018712338,0.105138251432599,0.0979713429422753,1.07315311064529,0.283202424811672,0.103331660161301,0.0979267513615909,1.05519338408106,0.291336889340272,0.00180659127129748,0.0654616984451857,0.0275976840535267,0.977983028820817,-0.34021958627248,0.151739088284186,-2.24213543207336,0.0249526206313478,0.210616225251836,0.15176746737362,1.38775607774584,0.165211333561884,-0.550835811524316,0.218930549161003,-2.51602991741106,0.011868510769886,
0,628428.372707537,0,0.231645460725281,0.338519745258812,0.0187950520987926,0.0000274069650401611,0.018521703459616,0.106564970005486,0.123261102751181,0.091115605244098,43.9877708945805,1.35279903394118,0.183032764087426,0.0392901940714957,0.0328473539138799,52202.9108011286,1.19614487591627,0.231645460725281,-0.102619103565953,0.106181906153726,49.4942983606156,-0.966446236304944,0.338519745258812,0.274331439928555,0.112918401611367,49.4846190775939,2.42946619872221,0.0187950520987926,0.0868670570494694,0.0968816045484213,0.896631073095547,0.36991581153949,0.161232013931033,0.0968360763136311,1.66499945132883,0.0959128652874901,-0.0743649568815634,0.0657051826575466,-1.13179743018372,0.257719608387829,-0.376950543494508,0.154985938275974,-2.43215963775562,0.0150090905284785,0.171712336362603,0.155015109491059,1.10771354435296,0.267985548037259,-0.548662879857111,0.225836803222734,-2.42946619872221,0.0151210748098552,
0,628603.498998883,0,0.0131015825543235,0.195676180661714,0.0227199075572487,0.000120556174965153,0.033522873002918,0.100657990029649,0.135285100133954,0.0921627159653909,45.1095700279361,1.46789402544035,0.149071628569201,0.0815492434106523,0.0328684063051411,51055.291286769,2.48108297839487,0.0131015825543235,-0.137390594991589,0.104746142229516,49.6007545432989,-1.3116530314839,0.195676180661714,0.262380546781106,0.111572808649916,49.4109450560974,2.35165314879167,0.0227199075572487,0.0568073380104703,0.0978739380675439,0.5804133268988,0.561635920131404,0.215874033362377,0.0978288242694813,2.2066505958175,0.0273384792596816,-0.159066695351906,0.0657466992033284,-2.41938678715986,0.0155466993297557,-0.399771141772695,0.15302238265944,-2.61250109183314,0.00898824052139085,0.124989951789516,0.153051110055503,0.816654983712236,0.414125623758673,-0.524761093562212,0.223145617299832,-2.35165314879167,0.0186901939178611,
0,628430.537065243,0,0.00248523905761397,0.157280990043934,0.0245868018399971,0.000182144338003784,0.0398467568459191,0.0984105995705417,0.131209032307995,0.0922842167012052,45.7746773296581,1.4217927723526,0.161864529135345,0.0993116707416107,0.0328272038218793,50238.65523432,3.02528571365618,0.00248523905761397,-0.147265094658815,0.102555357787085,49.685596387947,-1.43595710488917,0.157280990043934,0.259589625850441,0.111942202773637,49.2667469726883,2.3189612087174,0.0245868018399971,0.0350232666907491,0.097974377010111,0.35747373710919,0.72073718385499,0.22965770254858,0.0979294316237949,2.34513464175747,0.0190202096555811,-0.194634435857831,0.0656644788307165,-2.96407493554621,0.00303594347285834,-0.406854720509256,0.151803685582423,-2.68013730330909,0.00735919674232126,0.112324531191626,0.151832003836131,0.739794828189551,0.459424497637197,-0.519179251700881,0.223884405547273,-2.3189612087174,0.0203971397562317,
0,628682.93249573,0,0.00247983597116088,0.183967313226565,0.0170537280123477,0.000181403328069136,0.0353061442619044,0.110367324827844,0.13926282762926,0.0961208585270256,46.043412652328,1.44883045952097,0.154161606215345,0.0994942403053156,0.0328804047663075,50465.8427519561,3.02594329396052,0.00247983597116088,-0.136538145825018,0.101333025614101,49.60725574215,-1.34742000446119,0.183967313226565,0.285197270312337,0.115491318664107,49.1543840682312,2.46942604527531,0.0170537280123477,0.0430088223070363,0.101613826732173,0.423257579112695,0.672107341015906,0.237614905153628,0.1015702839124,2.3394136158816,0.0193140375302072,-0.194606082846592,0.0657722965195802,-2.95878497702537,0.00308854523909856,-0.421735416137354,0.153630203332268,-2.74513348931287,0.00604862885224863,0.148659124487319,0.153658758806163,0.967462744345402,0.333312756897348,-0.570394540624673,0.230982637328214,-2.46942604527531,0.0135329988303442,
0,628689.919670668,0,0.00184916159617454,0.358034102656678,0.0138877617629937,0.00019014744830793,0.0171215984371027,0.117153072677043,0.14749011832538,0.0994884468023037,47.0360765615478,1.48248488207341,0.144880821943157,0.10240444856555,0.0328893027892706,50974.7638847113,3.11360958977084,0.00184916159617454,-0.0940734900298042,0.101396865915644,49.4129672316642,-0.927775125792027,0.358034102656678,0.300253926922281,0.11767058164798,49.0651711348489,2.5516481920733,0.0138877617629937,0.0481153263698985,0.104808061107848,0.459080397646015,0.64617643275125,0.248310462168194,0.104765737757033,2.3701495115136,0.0177808933643494,-0.200195135798296,0.0657910143109517,-3.04289480706442,0.002343142259037,-0.394327416952086,0.155316436740064,-2.5388646895887,0.0111212826543449,0.206180436892477,0.155345372908715,1.32723899677163,0.184429636218758,-0.600507853844563,0.235341163295959,-2.5516481920733,0.0107214718186233,
0,628710.168062394,0,0.0031056756588213,0.53002771296363,0.00869105352812776,0.00018095550381382,0.00805715300861057,0.132579764568208,0.143243012127389,0.100937591708165,47.9338748871695,1.41912452737667,0.16233301802295,0.0971796227337455,0.0328617164606512,48319.1779755823,2.95722905558232,0.0031056756588213,-0.064252505834631,0.101595240128675,49.2423143260972,-0.632436182573636,0.53002771296363,0.297450386691479,0.108801749458081,48.9000861624745,2.73387503576936,0.00869105352812776,0.0488423885504674,0.10617546265049,0.460015782660139,0.645504892054837,0.238630952439829,0.106133812539223,2.24839706339241,0.0245508822789704,-0.189788563889362,0.0657321813810802,-2.88730055661882,0.00388562861315927,-0.36170289252611,0.148846454831865,-2.4300403589369,0.0150971416080021,0.233197880856848,0.148874309025667,1.566407813296,0.117253174959854,-0.594900773382957,0.217603498916161,-2.73387503576936,0.00625937951694988,
0,628794.627920344,0,0.00607495673331593,0.720182187792954,0.00823748140791751,0.000160210310405695,0.00263287266493074,0.135384404932784,0.11589037436018,0.10025587452402,47.4077350454835,1.15594597234712,0.25349567193456,0.0901713533483246,0.0328632875893398,46984.5546977552,2.74383240274398,0.00607495673331593,-0.0376889726950954,0.104610763142154,49.1700956940045,-0.360278154589891,0.720182187792954,0.282008405245134,0.102353437062962,48.4812342279222,2.75524118522427,0.00823748140791751,0.0281752876386715,0.10552783591752,0.266993892120495,0.789473863827077,0.204184597303739,0.105485971612877,1.93565641176513,0.0529097963138218,-0.176009309665068,0.0657328178348244,-2.67764741361537,0.00741412191693944,-0.319697377940229,0.146340882161631,-2.18460742629068,0.0289176429611526,0.244319432550038,0.14636810409282,1.66921225129145,0.0950753229763295,-0.564016810490267,0.204706874125925,-2.75524118522427,0.00586488847346136,
0,629024.584414353,1,0.0173115262499002,0.792148762281041,0.0182563807304203,0.000119254730772316,0.00141804347652322,0.109544390353081,0.0958184710060904,0.096795785160023,49.9065301852727,0.989903339775416,0.326996687725303,0.0783375931422888,0.0329134732227013,47496.9376013294,2.38010715588221,0.0173115262499002,-0.027992325622483,0.105650886675897,49.4340097215254,-0.264951166083012,0.792148762281041,0.251169567235787,0.102813685250943,48.5125734784319,2.44295850910066,0.0182563807304203,0.0196257063429229,0.102262589180156,0.191914819488368,0.847808928943687,0.172441371291117,0.102219274265971,1.68697510845587,0.0916081383325175,-0.152815664948194,0.0658333196602425,-2.3212510889145,0.0202732963253569,-0.27916189285827,0.147406631666739,-1.89382180232846,0.0582486667229088,0.223177241613304,0.147434095111113,1.51374240432722,0.130091185530061,-0.502339134471574,0.205627370501885,-2.44295850910066,0.0145674119396169,
0,629139.347626326,1,0.0355516413197704,0.494978696059049,0.0406230177015953,0.00009831747923965,0.00940854824162262,0.08300179785352,0.0813251960177005,0.0947676612888063,50.0125942452205,0.858153455637787,0.394901840500485,0.0691701345580972,0.0329055354649382,44939.2562273841,2.10208202300187,0.0355516413197704,-0.0683864705819849,0.0994755913982118,49.7598750537019,-0.68746985688405,0.494978696059049,0.217148178064352,0.103247931549791,48.8686840928368,2.10317218761552,0.0406230177015953,0.0143488524527868,0.100341972059995,0.142999506170832,0.886290571203598,0.149352379639536,0.100297988805181,1.48908648536949,0.136464596112741,-0.135003527186749,0.065817580031548,-2.05117731648655,0.0402496820708368,-0.285534648646337,0.143359066487232,-1.99174461471377,0.0463990858936665,0.148761707482367,0.143384920276081,1.03749897266695,0.299503374247543,-0.434296356128704,0.206495863099582,-2.10317218761552,0.0354507205476373,
0,629108.921334001,0,0.00533682625616029,0.32891855379888,0.0539815424079929,0.000181188771941899,0.019189354518994,0.073562825149959,0.0619938807564939,0.0935430186437442,46.4294854501059,0.66273124018582,0.510779473106514,0.0915886538594727,0.0328733118198377,42833.7853021272,2.78610972820215,0.00533682625616029,-0.0953922188750408,0.0967483740022292,49.6893546810295,-0.985982657164273,0.32891855379888,0.199703801905918,0.101149086494658,49.091500855087,1.97435101815244,0.0539815424079929,-0.0273275211404493,0.0991750859166721,-0.275548247706185,0.782895063520628,0.152781098389496,0.099130805009821,1.54120707861052,0.123266395263148,-0.180108619529945,0.0657523492374746,-2.7391967225301,0.00615895086069038,-0.295096020780959,0.139957075983317,-2.108475178605,0.0349899075768029,0.104311583030877,0.139981384561513,0.745181820837319,0.456161811163636,-0.399407603811836,0.202298172989316,-1.97435101815244,0.0483418435111167,
0,629045.093632213,0,0.000271873497282436,0.236984481914426,0.107388637727453,0.000312524726582577,0.0281096657056414,0.0517961928874749,0.0473987683182441,0.093233599140394,46.3633672196427,0.508387198984666,0.61359243864232,0.119630921591885,0.032856349587703,42406.0813826544,3.64102899722795,0.000271873497282436,-0.113859193537988,0.0951166697558419,49.543252720301,-1.19704772917572,0.236984481914426,0.167528734964204,0.102154301487881,49.2344574343969,1.63995771616215,0.107388637727453,-0.0700702219421365,0.0988775790996059,-0.708656326137901,0.4785377733152,0.166617341506363,0.0988332533265539,1.6858429313851,0.0918260563061152,-0.2366875634485,0.0657188100010179,-3.60151931303738,0.000316362915467776,-0.281387928502192,0.139568406455963,-2.01612912010266,0.0437864757387756,0.0536695414262169,0.139592350346215,0.384473370446924,0.700627629350459,-0.335057469928409,0.204308602975761,-1.63995771616215,0.101013959001241,
0,629143.004838016,0,0.000341798568178242,0.322469414552335,0.1407250596556,0.000297869912263545,0.0196953554338577,0.0431754018460559,0.0279101934814063,0.0924440904252498,45.5824188392778,0.301914306831484,0.764090635755158,0.117772982668411,0.0328822662301262,43053.8353222689,3.58165650275374,0.000341798568178242,-0.0947230126799833,0.094785431571351,49.7078591053472,-0.99934147167626,0.322469414552335,0.156016779555895,0.104220386227257,49.6630290999162,1.49698907482163,0.1407250596556,-0.0879363305227147,0.0981423034743833,-0.89600842256232,0.370248264879202,0.145212250066597,0.0980975921125899,1.48028353132187,0.13879759636499,-0.233148580589312,0.0657714057142507,-3.54483195329967,0.000392863469004965,-0.250739792235878,0.140864300521041,-1.78000949359363,0.0750744070308557,0.0612937668759119,0.14088854717744,0.435051450979307,0.66352508186222,-0.31203355911179,0.208440772454515,-1.49698907482163,0.134396100835185,
0,629278.410976985,0,0.00921380427719116,0.47247909035462,0.125667029803291,0.000151740057875528,0.0104389017698154,0.0464262828838055,0.020407432555548,0.090891969610073,45.1952502901025,0.224524043687203,0.823361566032728,0.0857405103999609,0.0329248082224149,44684.7642182003,2.60413089791635,0.00921380427719116,-0.0715463284812036,0.0988249395205209,49.6854689035253,-0.723970374566706,0.47247909035462,0.160075335116045,0.102773173232043,49.8287125580229,1.55755952727688,0.125667029803291,-0.0635535056564674,0.0966963987312919,-0.657247906750646,0.511021526248913,0.105467765827053,0.0966508747854705,1.09122412043505,0.275174276852889,-0.16902127148352,0.0658559202568343,-2.56653116112184,0.0102721395227902,-0.231621663597249,0.142566116454762,-1.62466138067769,0.104234730516015,0.0885290066348414,0.142591339336733,0.62085823056741,0.534692905833231,-0.32015067023209,0.205546346464085,-1.55755952727688,0.11933769914609,
0,629196.213660114,0,0.346008077633995,0.554265505244211,0.230438379796234,0.0000189278953471822,0.00710309243190942,0.0287759136723134,0.0323150568193132,0.092605536367425,46.0052291322371,0.348953832426377,0.728716074560171,0.031037457376152,0.0329355310234855,46917.2324245794,0.942370030530856,0.346008077633995,-0.0610748082144813,0.102572594318667,49.5585094242725,-0.595430081691578,0.554265505244211,0.12619156589588,0.103937685505467,49.7513532362423,1.21410790785064,0.230438379796234,0.00271638554774461,0.0983128434792543,0.0276300171128487,0.977957240605932,0.0628522156951465,0.0982678808079373,0.63960080525182,0.522432158831452,-0.0601358301474019,0.0658778255612097,-0.912838722819219,0.361327369251525,-0.187266374110362,0.146014638198027,-1.28251781068956,0.199661061126524,0.0651167576813991,0.146041379680178,0.445878817524189,0.655684784115141,-0.252383131791761,0.207875371010935,-1.21410790785064,0.224706520673398,
0,629359.861604528,0,0.966126417920874,0.751320607471785,0.338255790222247,0.0000000373506444641053,0.00204832396793773,0.0184264846620311,0.0652700277081806,0.0938964095573838,46.1987457988643,0.695128046065399,0.490456772931447,0.00140070677836722,0.0329832458557225,48284.7025884752,0.0424672206154085,0.966126417920874,-0.0337551713668709,0.10592621583221,49.474861166876,-0.318666829563137,0.751320607471785,0.100656796616464,0.104100363426638,49.8037518235132,0.966920703282653,0.338255790222247,0.0649020213958894,0.099545857120027,0.651981139884445,0.51441333921329,0.0661567226718777,0.0995012131700955,0.664883578442245,0.506124959814703,-0.00125470127598837,0.0659732886852814,-0.019018322430064,0.984826488867396,-0.134411967983335,0.148502994714799,-0.905112844636397,0.365405608034747,0.0669016252495933,0.148530664486888,0.450422984915007,0.6524054746768,-0.201313593232929,0.208200726853275,-0.966920703282653,0.333583676062105,
0,629481.20896974,0,0.566691846369665,0.698905502767017,0.349663388534953,0.00000691190197624696,0.00305668970685881,0.0174515822753003,0.100054058611809,0.0906008620913197,45.5351254814001,1.1043389246226,0.275247729469448,-0.0189058311907809,0.032998249483862,47490.7661493283,-0.572934367322331,0.566691846369665,-0.0427189644260391,0.109800700403101,49.3685441698052,-0.389059125025696,0.698905502767017,0.0937262821205868,0.0992801631697766,50.1784182401255,0.944058502002135,0.349663388534953,0.120008212149302,0.0964486005814783,1.24427116024272,0.213399781515736,0.0807563331459365,0.0964025670010122,0.837698991408482,0.402199780047664,0.0392518790033658,0.0660014842384913,0.594712065285262,0.552035955471909,-0.136445246546626,0.148016008566934,-0.921827631130343,0.356618492290907,0.0510073176945477,0.148043069489832,0.344543772770471,0.730437382860811,-0.187452564241174,0.198560326339553,-0.944058502002135,0.345139753791196,
0,629426.305541258,1,0.307192876087414,0.450288242782419,0.382411994985706,0.0000220594485292872,0.0116090561550084,0.015185280103392,0.120319222035264,0.087828362618359,49.9851331462783,1.36993584359631,0.176829429306577,-0.0336826360341352,0.032985294577828,47267.9948382884,-1.02114098010136,0.307192876087414,-0.0840622690574875,0.110464561078199,49.3046772388551,-0.760988576218386,0.450288242782419,0.086610757734521,0.0982905493241079,50.3560754860848,0.881170756803145,0.382411994985706,0.155313155842649,0.0938443939769508,1.65500728664512,0.097923019843406,0.0866170057101468,0.0937971851059532,0.923449948016077,0.355772772535868,0.0686961501325024,0.065975227014058,1.04124158781393,0.297763438808175,-0.170673026792009,0.14784955293118,-1.1543695831901,0.248348679892492,0.00254848867703344,0.147876341513166,0.0172339175486469,0.986250003912097,-0.173221515469042,0.196581098648216,-0.881170756803145,0.37822540462427,
0,629390.606791651,0,0.165615898858246,0.526324526155328,0.406152892206574,0.0000380347000625914,0.00818991754623527,0.0137374374441555,0.11975622885872,0.0881680608782824,45.2070288859966,1.35827223220941,0.181117479732001,-0.0457731039021248,0.0330146275706746,50537.2268558734,-1.38644919753034,0.165615898858246,-0.0735334034209571,0.115227975428814,49.3176599110663,-0.638155822379997,0.526324526155328,0.0851404509171506,0.101635350095387,50.3812730508122,0.837705098051456,0.406152892206574,0.166748439703386,0.0941733455277906,1.77065430530105,0.0766182054794029,0.0738939468607835,0.0941260840040306,0.785052811265571,0.432422605378214,0.0928544928426021,0.0660351303053239,1.40613779988431,0.159683209790083,-0.158673854338108,0.153632217607263,-1.03281627258504,0.301689887045511,0.0116070474961935,0.153660675300955,0.0755368767803493,0.939787557906416,-0.170280901834301,0.203270700190775,-0.837705098051456,0.402196349522082,
0,629388.287770737,0,0.0562094437456674,0.446710544421156,0.365797709488013,0.0000718472276214944,0.011746153796886,0.0162284427134201,0.117096250649149,0.088244214383341,45.1523199344117,1.32695669021962,0.191194658942121,-0.0630446240493878,0.0330171298323626,50743.0146252374,-1.90945198354562,0.0562094437456674,-0.0898220723703903,0.117104673023799,49.4983270056718,-0.767023809136427,0.446710544421156,0.09212270162351,0.100946851724451,50.4853287852888,0.912586178269055,0.365797709488013,0.18153877442222,0.094245625351337,1.92623024936663,0.0540756303398681,0.0540339506372883,0.0941983831185407,0.573618663595225,0.566225879310363,0.127504823784931,0.0660398821731675,1.93072458019523,0.0535171215081036,-0.1819447739939,0.154594191630401,-1.17691856385451,0.239228011817439,0.00230062925311964,0.154622697390523,0.0148789879619617,0.98812872324541,-0.18424540324702,0.201893703448902,-0.912586178269055,0.361460226377187,
0,629383.915414592,0,0.066056187440037,0.256320074492288,0.281757738631429,0.0000656049432219669,0.0259050911486887,0.0228312918695242,0.116674172659078,0.0866656486693619,44.5480266568218,1.34625626704996,0.18503062833798,-0.0606956913491488,0.033021222924261,51494.9169655518,-1.83808126938131,0.066056187440037,-0.13115484010981,0.114208290401184,49.5894774916509,-1.14838283323475,0.256320074492288,0.113160170189505,0.104010467068355,50.660813088227,1.08796906099015,0.281757738631429,0.179246960436402,0.0927706746635678,1.93215109285817,0.0533408596237767,0.0561167361416412,0.0927226993715001,0.60521033708052,0.545039248265226,0.123130224294761,0.0660492141825621,1.86421936761314,0.062290904632249,-0.244315010299315,0.154457957164136,-1.58175735834504,0.11370497296218,-0.0179946699203046,0.154486767009214,-0.116480332061266,0.907271872728511,-0.22632034037901,0.20802093413671,-1.08796906099015,0.276608766160821,
0,629613.668718212,0,0.116997121702514,0.175574852861585,0.184048551777019,0.0000470204890065449,0.0367766477530722,0.0346353925115295,0.106446156964473,0.0849811980205827,44.0598958809398,1.25258480044834,0.216964603308129,-0.0518423599974672,0.0330726616404686,52254.49668295,-1.56752911395651,0.116997121702514,-0.154152444759688,0.112176085185733,49.4601167611392,-1.37420061062439,0.175574852861585,0.144867146789032,0.10756330456588,50.5571751115477,1.34680825746019,0.184048551777019,0.160585914107382,0.0912178526280691,1.76046584611188,0.0783288534720521,0.0546751368311991,0.0911689135245084,0.59971249757738,0.54869785778581,0.105910777276183,0.0661534136953107,1.60098733171937,0.109379725032013,-0.29901959154872,0.155398848781955,-1.92420725052013,0.0543286106748272,-0.00928529797065561,0.155428037852574,-0.0597401736452651,0.952362574914499,-0.289734293578064,0.21512660913176,-1.34680825746019,0.178041994590864,
0,629756.563284058,0,0.271663941710965,0.118577992047717,0.0865952846140167,0.0000230261170251672,0.048600391823624,0.057203735282039,0.0803502641728122,0.0830123119486014,42.4488936993357,0.967931892109722,0.338561170145445,-0.036387367978771,0.0331019855674407,52476.2131857907,-1.09925031248161,0.271663941710965,-0.17850995715065,0.112383582254065,49.3903776219585,-1.58839888861251,0.118577992047717,0.188920502780906,0.108090491781315,50.3473555877554,1.74779945643252,0.0865952846140167,0.119560636776208,0.0893973427699693,1.33740705340485,0.181089803343677,0.0438829109406016,0.0893474098449563,0.491149223203573,0.623320909168584,0.0756777258356061,0.0662122415987927,1.14295671024353,0.253056565034639,-0.367430459931556,0.155913687181373,-2.35662735308239,0.0184417428628095,0.0104105456302559,0.155942842404114,0.066758726914043,0.946773781222889,-0.377841005561812,0.21618098356263,-1.74779945643252,0.0804987594876859,
0,629835.53926536,0,0.870427338298445,0.114719870922856,0.0340430291920457,0.000000493771162019863,0.0498019354420321,0.0861429201463431,0.0839737476902181,0.0805038724487125,42.0307485265576,1.04310196684906,0.302863791007089,0.00540431338868208,0.0331316215315867,53885.2287215691,0.163116477215875,0.870427338298445,-0.18515621712761,0.11530515823901,49.197954527462,-1.60579301009075,0.114719870922856,0.237582372768925,0.1090373030286,50.3659372260736,2.17890910880846,0.0340430291920457,0.0818173767680028,0.0870846609386822,0.939515362247455,0.347466208643632,0.0889752657313008,0.0870332974080649,1.02231293517619,0.306632812987413,-0.00715788896329805,0.0662718740806687,-0.108007945491102,0.913989389493448,-0.422738589896535,0.158681143825395,-2.66407576669409,0.00772001725527502,0.0524261556413142,0.158710807857599,0.330325050631415,0.741154366598454,-0.475164745537849,0.218074606057199,-2.17890910880846,0.0293384209689459,
0,629802.422025153,0,0.175954020312831,0.068046209629095,0.0410414028458349,0.0000340435166655019,0.0662240925172609,0.0803553467296623,0.108083240870056,0.0782522892643005,41.7106786818994,1.38121506586216,0.174568090043864,0.0448272341501325,0.033123508351138,53797.491606667,1.35333593515895,0.175954020312831,-0.211068951417997,0.113123277235023,49.0875545752165,-1.86583129994973,0.068046209629095,0.231772176293089,0.110527078614354,50.3257766646915,2.09697188416404,0.0410414028458349,0.0666583989759576,0.0850043040647834,0.784176750922588,0.432936405042332,0.152751410092425,0.0849517574665965,1.79809593877428,0.0721618057168036,-0.0860930111164673,0.0662562452773372,-1.29939465715416,0.193808524317548,-0.442841127711085,0.158140556859387,-2.80030079889528,0.00510550074751272,0.0207032248750921,0.158170117895366,0.130892137848616,0.895860634260885,-0.463544352586177,0.221054157228707,-2.09697188416404,0.0359960643063191,
0,629842.074207362,0,0.0262004885241184,0.0389904878654545,0.0495071534361866,0.0000940375011546254,0.0834587266965369,0.0749651135499005,0.0954076059017117,0.0777647808668425,40.9931485816809,1.22687423327379,0.226869848055465,0.073630007716147,0.0331175908850094,52559.3875895493,2.22328997214213,0.0262004885241184,-0.234180778909979,0.110425257834572,49.3907840711247,-2.12071751972546,0.0389904878654545,0.221234988090307,0.109899648105851,50.0050571149708,2.01306366219864,0.0495071534361866,0.025276602641015,0.084553085482889,0.298943586702466,0.764983089494885,0.169137077411253,0.0845003820607514,2.0016131677328,0.0453263517021619,-0.143860474770238,0.06624415011182,-2.17167062340451,0.0298805158584214,-0.455415767000286,0.155779197355265,-2.92346972337827,0.00346153887404579,-0.0129457908196715,0.155808158048905,-0.0830880165825982,0.933781554279556,-0.442469976180614,0.219799296211703,-2.01306366219864,0.0441079324120359,
0,629792.58938816,0,0.00412663634093915,0.0630536882564147,0.0575801565999263,0.000157190390447014,0.0677077824179721,0.0708405158262621,0.078840656434544,0.08187412104701,40.7906643818473,0.962949652788036,0.341246908914576,0.0949634888310964,0.033106294925451,52335.6833376512,2.86844206048837,0.00412663634093915,-0.213966256426858,0.112534331634434,49.7776023208781,-1.90134204663803,0.0630536882564147,0.208920699195103,0.107468413482616,49.5689609467507,1.94401957212199,0.0575801565999263,-0.0128737500215187,0.088342998173189,-0.145724622072265,0.884138783253071,0.17384291078171,0.088292536544281,1.96894230912172,0.0489597163046829,-0.186716660803229,0.0662206114133081,-2.81961547648449,0.00480812275032634,-0.422886955621961,0.155592193355621,-2.71791885249289,0.00656939476600909,-0.00504555723175512,0.155621144940351,-0.032422054430258,0.974135474839989,-0.417841398390206,0.214936826965231,-1.94401957212199,0.0518930909432578,
0,629709.635617768,0,0.0000409156784876518,0.0497865642748824,0.0512986521241724,0.000327115008079845,0.0746807562885983,0.0749231476429749,0.0834567331024086,0.0848375615742594,42.0233707953695,0.983723854785216,0.33088138698699,0.135719913869118,0.033081417797172,51437.0869127885,4.10260269681429,0.0000409156784876518,-0.21657010128128,0.107723373130119,50.0795016137152,-2.0104281456141,0.0497865642748824,0.219551394596408,0.109908393646911,49.268856040318,1.9975853282119,0.0512986521241724,-0.0489124161077587,0.0910870244357335,-0.536985552121849,0.591277593978839,0.219153741399633,0.0910381087318959,2.40727476056245,0.0160720729118571,-0.268066157507392,0.0661718296388917,-4.05106159177197,0.0000509857832014618,-0.436121495877688,0.153882307696251,-2.83412370406188,0.00459515402880685,0.00298129331512761,0.153910998967672,0.0193702421212522,0.984545749300468,-0.439102789192816,0.219816787293822,-1.9975853282119,0.0457616351878713,
0,629945.844406455,0,0.00000913348211950261,0.0170249224256736,0.0694225569113378,0.000382327594594661,0.107757853036853,0.0650691676742511,0.0791084439670933,0.0852683172987046,43.2082385914975,0.927758943453375,0.358686421426491,0.147000596387653,0.0331292997149626,51476.8499036658,4.43717789547061,0.00000913348211950261,-0.254624390186469,0.103173871285741,50.4306255456219,-2.46791544228561,0.0170249224256736,0.21632203863966,0.116557157680343,49.4911867922478,1.85593096936116,0.0694225569113378,-0.064273824351694,0.0915059557733659,-0.702400448238385,0.482429465848486,0.226403321116256,0.0914570629996826,2.47551488852252,0.0133044214402174,-0.29067714546795,0.0662702619965365,-4.38623806079327,0.0000115327897099032,-0.47094642882613,0.155646880803325,-3.02573637451313,0.00248028452087774,-0.0383023515468089,0.155675579142682,-0.246039563544539,0.805651606361949,-0.432644077279321,0.233114315360686,-1.85593096936116,0.0634633980509326,
0,630173.968138553,0,0.0000437240999718739,0.0151292261436158,0.0765038821418831,0.000330950823113863,0.111182939689589,0.0619609905985969,0.0757026575471707,0.0831883724506337,43.5865891155766,0.91001488930553,0.367819750690148,0.135533061691233,0.0331601773960303,50460.272138378,4.08722366206214,0.0000437240999718739,-0.260055948739983,0.103405196636401,50.5618650362516,-2.51492146622385,0.0151292261436158,0.204139177703405,0.112839948594698,49.5483857202068,1.80910378146873,0.0765038821418831,-0.0562639470002483,0.0895821251100023,-0.62807113507476,0.529957341185291,0.211665333329897,0.0895321576714061,2.36412635230723,0.0180726476023419,-0.267929280330145,0.0663304296884282,-4.03931169432613,0.0000536082865205966,-0.464195126443388,0.153039765440055,-3.03316674008633,0.00242001844062154,-0.0559167710365778,0.153067983505978,-0.365306772558311,0.714882423474624,-0.40827835540681,0.225679897189395,-1.80910378146873,0.0704348817268225,
0,630043.467311181,0,0.000278730538578883,0.0334745933629149,0.0588950143647426,0.00026093722066892,0.0861186601320305,0.07052275944587,0.0586375379642745,0.0830398821139846,43.7891960505113,0.706137056935916,0.483843173359256,0.120435052644269,0.0331360705732406,50612.1084495679,3.63456048230197,0.000278730538578883,-0.229494537225711,0.10499357300589,50.70045062567,-2.18579605070529,0.0334745933629149,0.214392030889468,0.110867485821272,49.2854063166887,1.9337683117942,0.0588950143647426,-0.058387090201765,0.089435259870214,-0.65284195837855,0.513858170592489,0.179188624660915,0.0893852609149611,2.00467753661748,0.044997531503782,-0.23757571486268,0.0662814465942932,-3.58434716002616,0.00033792237515745,-0.443886568115179,0.152679153533158,-2.90731614528357,0.00364544566529635,-0.0151025063362423,0.152707483923167,-0.098898272358681,0.921219040640697,-0.428784061778936,0.221734971642543,-1.9337683117942,0.0531416205285667,
0,629981.947470117,0,0.00278208775959832,0.0726092346673309,0.0365115244994358,0.000174486353789314,0.062181523625117,0.0856137868871697,0.0618547257647782,0.0847672893731225,44.2004937947113,0.729700409464677,0.469422951914746,0.0990930572525106,0.0331305459633165,51261.5834578297,2.9909877537856,0.00278208775959832,-0.194712246775911,0.106199835437087,50.6986358690265,-1.83345149241083,0.0726092346673309,0.238593549689725,0.11099235849955,49.3534138767806,2.14963942486809,0.0365115244994358,-0.0339092001263126,0.0910395068066178,-0.372466869777107,0.709545274463143,0.160610638619725,0.0909903561698555,1.76513913540361,0.0775403847781464,-0.194519838746038,0.0662704611968187,-2.93524196501858,0.00333287682035669,-0.433305796465636,0.153601123878396,-2.82098063819297,0.00478770924332636,0.0438813029138141,0.153629789193396,0.285630170712362,0.77516139283423,-0.47718709937945,0.2219847169991,-2.14963942486809,0.0315837473628099,
0,629849.879350661,0,0.00644907580873459,0.256561283103864,0.0299612377991939,0.000146369499918915,0.0253873880552319,0.0916009224444778,0.0564626661587139,0.087605182348423,44.0781217470878,0.644512854663675,0.52258315641366,0.0901657512914643,0.0330987638447964,50692.7091588006,2.72414256055788,0.00644907580873459,-0.120970180249571,0.105417177329939,50.5531118960882,-1.14753765290977,0.256561283103864,0.24636474697044,0.110232578494987,49.5352126630532,2.23495404293427,0.0299612377991939,-0.030880814495413,0.0936762157997553,-0.329654803321952,0.741660808047356,0.145664998571347,0.093628547209546,1.55577548635183,0.119761489220727,-0.17654581306676,0.0662066192508824,-2.66658855359703,0.00766254167151518,-0.367334927220012,0.152511213884725,-2.40857650964381,0.0160148691226892,0.125394566720869,0.152539617526523,0.822045897021251,0.411050775685442,-0.492729493940881,0.220465156989974,-2.23495404293427,0.0254203660227248,
0,629981.175359145,0,0.0150300443635636,0.76810244532563,0.0215992475011413,0.000114358291423315,0.00176015429687045,0.101766303638815,0.0513572755883997,0.0918399629362228,40.8305710508581,0.559204010394301,0.579077095592497,0.0805790481174959,0.0331364348105081,51702.9566064825,2.43173559793895,0.0150300443635636,-0.0314280182717767,0.106007189953279,49.8479738271113,-0.296470628884965,0.76810244532563,0.26817873827428,0.113051331365906,49.6686855358576,2.37218558184232,0.0215992475011413,-0.0269198641368093,0.0976611408561152,-0.275645603776742,0.782820279300476,0.130117344469458,0.0976152707299433,1.33296095474071,0.182544617458954,-0.157037208606267,0.066283073984229,-2.36919018939333,0.0178270835865303,-0.299606756546057,0.15496334892661,-1.93340398630614,0.0531864505766472,0.236750720002504,0.154992310068076,1.52749978304418,0.126636781128932,-0.53635747654856,0.226102662731812,-2.37218558184232,0.0176832063537552,
0,630077.459881245,0,0.0114077955440111,0.949068968214833,0.00791192256643597,0.000124111994052819,0.000083025184609285,0.1330713373287,0.0337416188464362,0.0914122074875472,38.9470149943631,0.369115020562573,0.714041194788235,0.0838836706365674,0.0331550334210442,51568.9459712489,2.53004331412692,0.0114077955440111,-0.006709296071481,0.104506468199872,49.6388444995375,-0.0641998164041796,0.949068968214833,0.318791985920295,0.1152052594973,49.88488988217,2.76716520852735,0.00791192256643597,-0.0476411931935002,0.0972653857388372,-0.489806243316809,0.624271012365412,0.115227527259173,0.0972193147835677,1.18523286772486,0.235925387992276,-0.162868720452674,0.0663211376729148,-2.45575884502941,0.014058746501928,-0.325501281991776,0.15552931297334,-2.09286131192241,0.0363615367146193,0.312082689848814,0.155558157063341,2.006212311462,0.044833600891833,-0.637583971840589,0.230410518994601,-2.76716520852735,0.0056546091513109,
0,630205.701938972,0,0.0107861742654659,0.837924407584556,0.00367094200770377,0.000124222914774548,0.00084908038490617,0.156573855638222,0.00892720145722075,0.0880345134769886,39.2162160979383,0.101405699931019,0.919745122132648,0.0846157415620181,0.033187298589129,52324.2312408598,2.5496423378592,0.0107861742654659,-0.0215667200532006,0.104884744763803,49.7537517586175,-0.205623039859307,0.837924407584556,0.356748796384142,0.117032823346709,50.0538492654388,3.04827984305973,0.00367094200770377,-0.0727819045126673,0.0941095925247692,-0.773373920341982,0.43930111977438,0.0909677059206332,0.0940619062304506,0.967104639552631,0.333491726404006,-0.1637496104333,0.0663864056305591,-2.46661359171286,0.0136397458730023,-0.378315516437343,0.15713982337026,-2.40750885627469,0.0160617726320861,0.335182076330942,0.157168886108235,2.13262360401357,0.0329556154221816,-0.713497592768284,0.234065646693417,-3.04827984305973,0.00230155487540584,
0,630287.809550088,0,0.174856689349379,0.90322191104461,0.0045210389917124,0.0000343575664966588,0.000299716540998307,0.150008501280552,0.00634254176275622,0.0854532921173745,40.1474224732179,0.0742223219913448,0.941202076147057,0.0450689888383018,0.0332175983135901,53577.4270252296,1.35678047560299,0.174856689349379,-0.0128470507093658,0.105120072482938,49.8189622564232,-0.122213107410585,0.90322191104461,0.360592917640135,0.121277573357189,50.0924297670751,2.97328605494198,0.0045210389917124,-0.0358572708023901,0.0917109155969905,-0.390981494067286,0.69581091487617,0.0487397646545917,0.091661854462915,0.531734437844164,0.594909936714482,-0.0845970354569818,0.0664488055031977,-1.27311596975074,0.202976892853687,-0.3734399683495,0.160479729544295,-2.32702266765987,0.0199640588294339,0.347745866930769,0.160509237372318,2.16651622438486,0.0302717614270306,-0.721185835280269,0.242555146714379,-2.97328605494198,0.00294629725694707,
0,630361.512430468,0,0.858237746054641,0.766030194192625,0.00482085242081207,0.000000600563841746614,0.00178951255190188,0.148074682655995,-0.0162593933198887,0.087850001587722,42.5157602536989,-0.185081309345829,0.854045367776689,0.0059355411243185,0.0332302228767512,53124.4793317751,0.178618757578998,0.858237746054641,-0.0310046344937546,0.103625562343148,49.935201945645,-0.299198709205411,0.766030194192625,0.363405712591177,0.123186074773071,50.0703906845272,2.95005513618834,0.00482085242081207,-0.0191646406737128,0.093952695367316,-0.203981808066145,0.838367715090939,-0.012877722609237,0.09390468145571,-0.137136108760571,0.890923211417119,-0.00628691806447584,0.0664748733436636,-0.0945758562332803,0.924651727792241,-0.394410347084932,0.160960627068607,-2.45035294822018,0.0142716244056472,0.332401078097422,0.160990089482368,2.06473006609409,0.0389485481143394,-0.726811425182354,0.246372149546141,-2.95005513618834,0.00317717224960977,
0,630540.981937894,0,0.504476302242804,0.525045875984844,0.0078087404572888,0.00000824255987641526,0.00812947546383473,0.133299135699923,-0.0361595075716631,0.0878518006993087,44.7306840718191,-0.411596658051741,0.682600701574349,-0.0222102021667908,0.033275322677773,54049.885938024,-0.667467672120474,0.504476302242804,-0.0674938253755839,0.105446463816316,49.9869348125529,-0.640076707485951,0.525045875984844,0.343066000330786,0.123763832147186,49.9585423609605,2.77194067425769,0.0078087404572888,-0.0107949335902166,0.0939706252443762,-0.11487561737664,0.908543711644809,-0.060486958059296,0.0939223682559097,-0.644010145639509,0.519568855002369,0.0496920244690794,0.0665652861056757,0.746515599590315,0.455356011765699,-0.41055982570637,0.162577841700514,-2.52531231447066,0.0115595508600625,0.275572174955202,0.162607906161562,1.69470342162455,0.0901316962674673,-0.686132000661572,0.247527664294372,-2.77194067425769,0.00557231911611099,
0,630625.589138932,1,0.156180255925238,0.631785016763681,0.0166575784885383,0.0000368002500659282,0.00461746143127897,0.109432955514449,-0.0205703803960351,0.0899862440017524,49.6581162869952,-0.228594721606944,0.82012271313358,-0.047220175310362,0.0332992427398151,54641.1364455278,-1.4180555299506,0.156180255925238,-0.0511438819192876,0.106070430591013,50.1170448675261,-0.482169079868154,0.631785016763681,0.310606541006276,0.125370890350728,49.9512390644786,2.47750127750825,0.0166575784885383,0.0294291592519186,0.0959776239906441,0.30662521146374,0.759128661482002,-0.06978403302087,0.0959302033978388,-0.727445898675559,0.466952845982751,0.0992131922727886,0.0666138223376959,1.48937846217309,0.136387736824043,-0.361750422925563,0.164206567392946,-2.20302043133205,0.0275933086301099,0.259462659086988,0.164237011697182,1.57980625929423,0.114151241748381,-0.621213082012551,0.250741780701456,-2.47750127750825,0.0132305935159251,
0,630858.810179742,0,0.0254076892439802,0.619769840025526,0.0377125987202463,0.0000892261974904573,0.0049499017954869,0.0835960262408157,0.00000190963733983479,0.0923437483877602,45.8199472222752,0.0000206796602171275,0.999983589792329,-0.0745585602168689,0.0333564453762223,55989.2126764777,-2.23520700050423,0.0254076892439802,-0.0544490025839609,0.109055873615246,50.1106572689517,-0.499276203829785,0.619769840025526,0.267612426820186,0.125361331367257,49.9558889297235,2.13472865916039,0.0377125987202463,0.0770348997226263,0.0982110966072123,0.784380812187867,0.432816693826003,-0.0761944062858244,0.098164531618759,-0.776190799562312,0.437636337622351,0.153229306008451,0.0667281686324637,2.29632116613948,0.0216575247515515,-0.322061429404146,0.166142960787547,-1.93845967278733,0.0525671662656942,0.213163424236225,0.16617403685612,1.28277213618389,0.199571918778724,-0.535224853640371,0.250722662734514,-2.13472865916039,0.0327831805987625,
0,631364.785524078,0,0.00079055920092389,0.442287895773953,0.0684490738930384,0.000197694682686786,0.0118282284236644,0.0649812138495145,-0.00155421335855194,0.0906868594809064,45.3274746782464,-0.017138242160422,0.986401547576265,-0.112310064724199,0.0334628634385238,56967.9115267488,-3.35625984101835,0.00079055920092389,-0.0866759236310738,0.111915450764226,50.1105997461435,-0.774476830850418,0.442287895773953,0.232451790847006,0.124817742959194,49.9051838191158,1.86232970838929,0.0684490738930384,0.113207741211647,0.0966918994865669,1.17080894896862,0.241675579911565,-0.114984288512441,0.0966442968596549,-1.18976796612654,0.234137603462614,0.228192029724088,0.0669406428715643,3.40887120193795,0.000652322701245942,-0.31912771447808,0.167628327576898,-1.90378153317603,0.0569386425662906,0.145775867215932,0.16765982806906,0.869474034984013,0.384587903990476,-0.464903581694011,0.249635485918388,-1.86232970838929,0.0625566303924012,
0,631638.521047512,0,0.00000406741974029033,0.261149648426353,0.115856333877663,0.000372341453269995,0.0251365491420363,0.0488058246463635,-0.0103770995117403,0.0921898768391585,45.5871906364039,-0.112562245091671,0.910871828951965,-0.154449709263918,0.0335151390026452,57014.9850651617,-4.60835651768379,0.00000406741974029033,-0.130244080296595,0.114599728843311,50.0941416437674,-1.13651298839175,0.261149648426353,0.194195989397178,0.121353953746487,49.9080014754529,1.60024443705279,0.115856333877663,0.14656531494959,0.0981207974181658,1.49372323509527,0.135247972920154,-0.165318157628931,0.0980737185051786,-1.68565197841664,0.091862851365069,0.311883472578521,0.0670436127505211,4.6519490788643,0.0000032881228463686,-0.324440069693773,0.166896942530611,-1.94395454329109,0.0519009329638626,0.0639519091005824,0.16692863881211,0.38310927085774,0.701638745947375,-0.388391978794356,0.242707907492974,-1.60024443705279,0.109544367678367,
0,631489.026603418,0,0.0000000877871373607881,0.149294017398432,0.249916718616249,0.000511824085509471,0.0411294066214514,0.0264180138893047,0.00599301376675359,0.0942800350098724,46.1854241346485,0.0635660961106563,0.94959005183876,-0.179122733039496,0.0334742967662773,55915.9144283474,-5.35105290755348,0.0000000877871373607881,-0.168673619140392,0.115168494671167,50.0074261377935,-1.46458126089079,0.149294017398432,0.136163509792285,0.116969387914965,49.9400997727374,1.16409525790862,0.249916718616249,0.187457840667751,0.100073170929589,1.87320776314409,0.0610397007399855,-0.172879940881877,0.100027141320257,-1.7283303171523,0.0839290206498587,0.360337781549628,0.0669600981875565,5.38138072229695,0.0000000739166744493271,-0.304837128932676,0.1641355253686,-1.857228215818,0.0632786922832392,-0.0325101093481068,0.164166893922074,-0.198030848799141,0.843020927804929,-0.27232701958457,0.23393877582993,-1.16409525790862,0.244385410190619,
0,631731.264638208,0,0.00000000343467152501628,0.11190116469893,0.398588983818539,0.00061783342601885,0.0498036824209295,0.014287438151559,0.0175727630441935,0.0899379801626279,45.1937290092382,0.195387566102975,0.845965363397368,-0.19815323684509,0.0335268440711104,56503.7390212433,-5.91028599127336,0.00000000343467152501628,-0.186795979652411,0.115429536779346,49.963520508577,-1.61826846805674,0.11190116469893,0.100956602301674,0.118573009875453,50.014242014966,0.851429869307672,0.398588983818539,0.217936831483799,0.0960120250951011,2.26989099821538,0.0232141974274645,-0.179920961360689,0.0959639487362514,-1.87488076230779,0.0608091291978989,0.397857792844488,0.0670658140872926,5.93234866763322,0.00000000298631600748453,-0.287752581954085,0.165463986434038,-1.73906472432778,0.0820233786939672,-0.0858393773507368,0.165495445427944,-0.518681206777444,0.603983069201161,-0.201913204603348,0.237146019750906,-0.851429869307672,0.394530605302302,
0,631765.086896859,0,7.87348597763583e-11,0.0747529044160763,0.453990075901491,0.000752095995183666,0.0621296961997712,0.0112411767655849,0.00568046970122247,0.0859492807832298,44.3556346200714,0.0660909509591944,0.94760241362517,-0.218082528749387,0.0335292339286694,56207.5242889161,-6.50425026749313,7.87348597763583e-11,-0.209741536112366,0.115244736217061,50.0000279589099,-1.8199662995221,0.0747529044160763,0.0887876033856513,0.117653414272947,50.0926713033837,0.754653861380262,0.453990075901491,0.226056627404358,0.0922869527114475,2.44949714735047,0.0143055842965991,-0.21147275800024,0.0922370409864204,-2.29270969383519,0.0218647240748668,0.437529385404598,0.0670702000320086,6.52345430900447,6.87063488934153e-11,-0.298529139498017,0.164677082560865,-1.8128153283726,0.0698603089746361,-0.120953932726714,0.164708253317451,-0.734352591874031,0.462733872540271,-0.177575206771303,0.235306828545895,-0.754653861380262,0.450456697049454,
0,631681.396077844,0,3.14713404125265e-11,0.0282589124325324,0.4322622680207,0.000794525364865203,0.0926298959313823,0.0123604611305108,0.00515989146310432,0.086948038167791,44.3229405860386,0.0593445415426952,0.952944450650259,-0.222507578670102,0.0335058067998843,55462.1235641358,-6.6408661638576,3.14713404125265e-11,-0.254410592713524,0.112608271343661,49.999203525837,-2.25925315856333,0.0282589124325324,0.0938236867998985,0.118507309697063,50.0839422074873,0.791712233108132,0.4322622680207,0.230342988601931,0.0932092315587258,2.47124651442712,0.0134642968374984,-0.216113882099678,0.0931599171071859,-2.31981616998463,0.0203508239633898,0.446456870701609,0.0670237225564931,6.66117687398367,2.71643483194916e-11,-0.348234279513422,0.163461186692872,-2.13037900041508,0.0331403360759493,-0.160586905913625,0.163492051483381,-0.982230661714759,0.325986225253305,-0.187647373599797,0.237014619394126,-0.791712233108132,0.428528487735577,
0,631609.440900899,0,0.00000000100531848967106,0.0185758871114896,0.47231661055762,0.000693271810740861,0.105893705920407,0.0103521420125355,0.00799570005882458,0.0874152516277244,43.1737289417524,0.0914680208537966,0.927543801676562,-0.20451230956576,0.0334736476065339,53805.6765747906,-6.10965114915771,0.00000000100531848967106,-0.270321304283854,0.111088432330968,49.9967618212277,-2.43338841508249,0.0185758871114896,0.0833580198499309,0.115105589815175,50.136315864296,0.724187417689959,0.47231661055762,0.215225362910564,0.0936332406114927,2.29859995771786,0.021527665961694,-0.195080152070363,0.0935843605399866,-2.08453796066715,0.0371112609977349,0.410305514980927,0.0669580007770812,6.12780414915507,0.00000000089100165525366,-0.353679324133785,0.159953486518007,-2.21113857430027,0.027026242447964,-0.186963284433923,0.159983609659353,-1.16864024278497,0.242548607314218,-0.166716039699862,0.230211179630349,-0.724187417689959,0.468950682110695,
0,631683.66652546,0,0.0000000810833457904533,0.0110752267810765,0.420571706235897,0.000555215051648713,0.122384972509529,0.0129816368340357,0.00431494033990178,0.0865661105881927,41.5687450199765,0.0498456071386707,0.960484164733917,-0.17956420426687,0.0334666185410986,51821.9127188847,-5.36547198655153,0.0000000810833457904533,-0.289280045572511,0.109635645182716,49.9239980476816,-2.63855833648267,0.0110752267810765,0.0903844608039121,0.111296914401379,50.1437803155385,0.812102126011787,0.420571706235897,0.186796144622247,0.0928379742960053,2.0120661403777,0.0442129653564251,-0.173721129444804,0.0927888494497028,-1.87221988929792,0.0611761885375326,0.360517274067051,0.0669423834914314,5.38548607420286,0.0000000722491290177957,-0.379664506376423,0.156212744629283,-2.43043233941908,0.0150808215260594,-0.198895584768599,0.156241908959099,-1.27299766172638,0.203018871598692,-0.180768921607824,0.222593828802759,-0.812102126011787,0.41673303337156,
0,631993.083622646,0,0.000000255229727761642,0.0111010270848962,0.384625267018378,0.00052174271689383,0.122675172871845,0.0151642927175458,0.00778095187645987,0.088384506648279,42.2146087473665,0.0880352470306105,0.930264966669269,-0.172769631570747,0.0335180823445407,50897.1474260576,-5.1545201719718,0.000000255229727761642,-0.288040123824992,0.109189795156145,49.7674760644541,-2.63797659307891,0.0111010270848962,0.0965038012956489,0.110024811781604,49.9630796741547,0.877109442252043,0.384625267018378,0.183505072520293,0.094553977753587,1.9407440795195,0.0522893268896348,-0.163517087152981,0.0945055910283154,-1.73023717828492,0.0835879084032738,0.347022159673274,0.0670447425606423,5.17597870346643,0.000000226719319349511,-0.384543925120641,0.154994811434896,-2.48101160007001,0.0131010109496516,-0.191536322529343,0.155023706496451,-1.23552924167587,0.216633600495383,-0.193007602591298,0.220049623563209,-0.877109442252043,0.380427196540561,
0,632098.100459044,0,0.00000124710642957738,0.021375665565314,0.451525892773971,0.000475132259207915,0.102561927313196,0.011394872406718,0.014038204201378,0.0907302712347615,42.8591975087892,0.154724592027887,0.877764790749983,-0.162543002841961,0.0335236749119125,49455.2500522283,-4.84860336073125,0.00000124710642957738,-0.259615830365142,0.109227048380037,49.4333749275488,-2.37684560935724,0.021375665565314,0.0810023293031511,0.10674778077122,49.956349728057,0.75881979670148,0.451525892773971,0.179198210108773,0.0967519885373767,1.85213981456873,0.0640057485317204,-0.147132493416862,0.0967046964599923,-1.52146171595432,0.128144011572496,0.326330703525634,0.067054632633733,4.86663919714725,0.00000113511983639207,-0.340618159668293,0.15271317389218,-2.23044385095932,0.0257179911490187,-0.178613501061991,0.152741481315874,-1.16938437105119,0.242248803835291,-0.162004658606302,0.21349556154244,-0.75881979670148,0.447960361587142,
0,632166.907912252,0,0.0000119629854875407,0.021676883301767,0.578611328332692,0.000383223476296133,0.102321534201285,0.00622515295405924,0.0113386087380874,0.0931356118714825,43.713463606591,0.12174299937744,0.903660499413812,-0.146878989287935,0.0335439504124264,50011.7862239243,-4.37870279087711,0.0000119629854875407,-0.255555742096219,0.107773254877254,49.3290841637782,-2.37123526042968,0.021676883301767,0.0614113108308975,0.109844502644123,49.8974159372467,0.559074959170776,0.578611328332692,0.160652887295272,0.09901819228622,1.62245829363247,0.104705256208327,-0.13404874965074,0.0989718440485517,-1.35441297410788,0.17560466068141,0.294701636946012,0.0670963701149719,4.39221430967176,0.0000112202016480744,-0.316967052927117,0.153871594190824,-2.05994520687185,0.0394037792908531,-0.194144431265322,0.153900327995489,-1.26149459064838,0.207130707687709,-0.122822621661795,0.219689005288247,-0.559074959170776,0.576110563621008,
0,632304.57435079,0,0.000102449216075539,0.0144985251294629,0.584894221025979,0.000295350587515501,0.114366653666811,0.00605026816065437,0.0058608623532209,0.091062249992805,45.442769678794,0.064361053605462,0.948965034627579,-0.130472957052688,0.0335835759773019,51088.2478070042,-3.88502276055626,0.000102449216075539,-0.271626633574748,0.107218637430649,49.7002623654601,-2.53339009041635,0.0144985251294629,0.0624954282854461,0.113661374889672,49.6661486472838,0.549838749936895,0.584894221025979,0.138900912308321,0.0970845830490274,1.43072059379579,0.152510308634384,-0.123005318930809,0.0970371135782557,-1.26761106544674,0.204936878354238,0.261906231239131,0.0671771157258741,3.89874183208277,0.0000966938002214741,-0.334122061860194,0.15623751918964,-2.13855201742316,0.032471967061035,-0.209131205289302,0.156266843271558,-1.33829544969995,0.180800144563713,-0.124990856570892,0.227322749779344,-0.549838749936895,0.582429977917281,
0,632358.158509839,0,0.00311689434107528,0.0183772707041427,0.336766020447125,0.000173108923266001,0.10636958238222,0.0186494794578075,-0.00142182223248204,0.0858126531512324,44.0952398647352,-0.016568911230099,0.986855270006737,-0.09928515321972,0.0335864138442932,50471.5577493314,-2.95611057733066,0.00311689434107528,-0.25834787784856,0.105973105780933,49.9297004738,-2.43786266284029,0.0183772707041427,0.109898000523976,0.113297964788826,49.5099864745896,0.969990950224156,0.336766020447125,0.100692600552527,0.0921794447920241,1.09235416615614,0.274677460591229,-0.0995664203379355,0.0921295877415358,-1.08072143573749,0.279821044945847,0.200259020890463,0.0671826327016881,2.98081532141908,0.00287482104298486,-0.368245878372536,0.155120155839163,-2.37393958496504,0.0175994298836311,-0.148449877324584,0.155148938767647,-0.956821738541854,0.33865723800789,-0.219796001047952,0.226595929577651,-0.969990950224156,0.332051003055637,
0,632406.674133617,0,0.0205837257858519,0.0371951910073012,0.169510620512752,0.000110723948623934,0.083938753348748,0.0378146617315486,-0.00635405822305108,0.0846459959736453,42.3727915776001,-0.0750662585980963,0.940515281941336,-0.077737379038608,0.0335710145322012,48421.8303087272,-2.31561006188963,0.0205837257858519,-0.225235665338983,0.105214719404719,50.0130470810003,-2.14072390834015,0.0371951910073012,0.151114708324881,0.108393508113852,49.4544578178904,1.39413061680923,0.169510620512752,0.0742748580210736,0.0910881405309353,0.81541743621222,0.414833407046083,-0.0835219586058302,0.0910379362716664,-0.917441256100009,0.358911462292777,0.157796816626904,0.0671498820165272,2.34991949186249,0.0187774719976457,-0.376350373663864,0.151046785438367,-2.49161458531953,0.0127163941972068,-0.0741209570141015,0.151074313402442,-0.490625807556399,0.623691129843748,-0.302229416649763,0.216787016227704,-1.39413061680923,0.163278165157972,
0,632346.776853372,0,0.000687649102347598,0.0561716477831151,0.117542205534677,0.000238032294029025,0.0708249471043898,0.0491306395290475,-0.000378089897636171,0.086901637696592,42.3566780234332,-0.00435077988928393,0.996549018018562,-0.11392537884272,0.0335600126659129,48401.3483447812,-3.39467627669983,0.000687649102347598,-0.205194583990497,0.104960072386659,50.1412118768825,-1.9549775388358,0.0561716477831151,0.17330735181894,0.108782986829712,49.1224987859169,1.59314757637822,0.117542205534677,0.116455356815718,0.0931840334493164,1.24973509414635,0.211396332979887,-0.114058475976546,0.0931349517437009,-1.22465813146524,0.220704055412381,0.230513832792265,0.0671280411779902,3.43394248881859,0.000594870395521944,-0.378501935809437,0.151149533233036,-2.50415550556732,0.0122744072600258,-0.0318872321715574,0.151177143250715,-0.210926278178673,0.832944798375792,-0.34661470363788,0.217565973659425,-1.59314757637822,0.111127088425165,
0,632314.724558587,0,0.0000030582437510658,0.126401126089741,0.0565197115905049,0.000450420967044944,0.0459815887779726,0.072325204271725,0.0239796078483685,0.0896386267530064,41.9875863809837,0.267514225920068,0.790382991317338,-0.156610528836925,0.0335539919444388,48343.6305394837,-4.66741868139722,0.0000030582437510658,-0.164731049860465,0.105983031622022,50.1246137378642,-1.55431532141826,0.126401126089741,0.210371003430476,0.107702815024962,48.9354668732733,1.9532544565499,0.0565197115905049,0.183472082921716,0.0957394896224702,1.91636788168813,0.0553182860295283,-0.13298157727334,0.095691699209519,-1.38968769884809,0.16462373180814,0.316453660195056,0.0671155882666479,4.7150545554007,0.00000241645994377991,-0.375102053290942,0.151089754316576,-2.48264387606982,0.0130411391623128,0.0456399535700107,0.151117453832269,0.302016427703104,0.762639539871335,-0.420742006860952,0.215405630049924,-1.9532544565499,0.0507894511955065,
0,632348.583874614,0,0.000000114709988977056,0.140209404204667,0.0306345363516013,0.000594144987701255,0.0428782262232242,0.0915779244459657,0.0551485669759491,0.0964536608895004,42.9331116690972,0.571762299816993,0.57046462590882,-0.177895355904551,0.033549041951542,47295.3482477152,-5.30254652760283,0.000000114709988977056,-0.155579281540816,0.103806239422613,50.1403073503698,-1.49874691931981,0.140209404204667,0.239598120197843,0.10763854286997,49.1505153718228,2.22595098195713,0.0306345363516013,0.23608011000789,0.102146566282487,2.31118987744541,0.0208223692447607,-0.123392313989666,0.102101710118141,-1.20852347964485,0.226845969945708,0.359472423997556,0.0671056537512605,5.35681278555168,0.0000000847028055637398,-0.395177401738659,0.149524921992059,-2.64288652669985,0.00822025793435608,0.084018838657027,0.149552265819475,0.56180251229658,0.574250580221192,-0.479196240395686,0.215277085739939,-2.22595098195713,0.0260174649300989,
0,632112.117407023,0,0.000000148870208586495,0.134655646880256,0.0344307565957964,0.00058439875713091,0.0439509443178902,0.0875756449270163,0.0881684948919393,0.103356382787216,45.4812819062649,0.853053217559439,0.398100105954063,-0.176056370961036,0.0335042519816717,47221.5762308337,-5.25474710067685,0.000000148870208586495,-0.153448227417077,0.100921468204835,50.2884903231561,-1.52047161170537,0.134655646880256,0.242004799959863,0.11125092970152,49.3008250095987,2.17530586583993,0.0344307565957964,0.267263170639451,0.108674599782501,2.45929749154213,0.0139209209843624,-0.0885682649891546,0.108632415312727,-0.81530236379434,0.414899256057456,0.355831435628605,0.0670175352248141,5.30952734138832,0.000000109909895596762,-0.395453027376941,0.150192462127044,-2.63297519580201,0.00846405284434204,0.0885565725427858,0.150220000427242,0.589512530228472,0.555517509098847,-0.484009599919726,0.222501859403041,-2.17530586583993,0.029607203255526,
0,631960.92686137,0,0.000000113263378630874,0.18026236974608,0.0217328429776445,0.000557036891891436,0.0355227478202715,0.101782446982533,0.0944219291061503,0.104710385460636,46.6142144845745,0.9017436875127,0.371828889961547,-0.177764217296584,0.033509995111893,50491.005158744,-5.30481179430235,0.000000113263378630874,-0.145564373180968,0.107119765892087,50.1367750866582,-1.35889368286718,0.18026236974608,0.265108480871797,0.111869152252939,49.5604451331415,2.36980861598361,0.0217328429776445,0.275341386625373,0.109965372444098,2.50389172978381,0.0122835617179096,-0.0842607574129384,0.109923518758214,-0.766539848476619,0.443355150887084,0.359602144038312,0.0670293040523705,5.36484973433935,0.0000000810166374515453,-0.410672854052766,0.154870285065663,-2.65172143176882,0.00800825827912736,0.119544107690829,0.154899637652299,0.77175201635505,0.440261316198329,-0.530216961743594,0.223738304505878,-2.36980861598361,0.0177972950539686,
0,631818.09764218,0,0.00000131344950609315,0.168471551794635,0.017879251554919,0.000438291174756223,0.0375597558011665,0.107323391128698,0.0732880860263609,0.102502038573778,47.0134841905476,0.714991497204321,0.478149989350994,-0.162138902966982,0.0335118151910777,53385.7613477746,-4.83826083554407,0.00000131344950609315,-0.155664628844592,0.111399134185913,50.0342350840271,-1.39735941380662,0.168471551794635,0.280141614034698,0.114387196381586,49.8884705710439,2.44906443112889,0.017879251554919,0.238775331532276,0.107865711371528,2.21363516261296,0.0268538864256202,-0.0898071859496477,0.107822943638161,-0.832913505413362,0.404893512284792,0.328582517481923,0.0670339954497125,4.90172956687953,0.00000094996551509272,-0.43580624287929,0.159653738822679,-2.72969644239477,0.00633926679706992,0.124476985190105,0.15968431127309,0.779519191320095,0.435673937061427,-0.560283228069396,0.228774392763172,-2.44906443112889,0.0143227824605281,
0,631662.102258189,0,0.00000753706119899398,0.147608333860726,0.0111028217395927,0.000357143534962914,0.0415098507293145,0.121931920090138,0.0592601974278889,0.0993937279450476,46.4194349742668,0.596216669332017,0.55392696728584,-0.150065649591778,0.0335091458602257,56135.5449608006,-4.47834899217474,0.00000753706119899398,-0.168838729030059,0.114791360268382,49.9530748359407,-1.47083132942509,0.147608333860726,0.311612537561041,0.118157466146386,50.08622321357,2.63726489509333,0.0111028217395927,0.213017201698716,0.10491608424843,2.03035791151254,0.0423201715804745,-0.0919023974792919,0.104872060122379,-0.876328713024689,0.380851359983984,0.304919599178008,0.067030257610478,4.54898444445696,0.00000539054271402468,-0.4804512665911,0.16472114093054,-2.91675533496758,0.00353693095344651,0.142773808530983,0.164752639212065,0.866594970580159,0.38616397018917,-0.623225075122082,0.236314932292771,-2.63726489509333,0.00835775380033904,
0,631428.594923084,0,0.00000848888757750981,0.190612600436135,0.0137396427016667,0.000354404206375407,0.0340602729948047,0.114969335886592,0.0738378023339358,0.0957988274591,45.2056174075034,0.770758936120172,0.444859687527599,-0.148997580409201,0.0334609276047098,55928.0488276642,-4.45288254316742,0.00000848888757750981,-0.151303826517635,0.114036863025118,49.9242101458983,-1.32679751532896,0.190612600436135,0.301034915352495,0.117880132148507,50.2029002382129,2.55373751170595,0.0137396427016667,0.226310746109674,0.101500859038651,2.22964365280392,0.0257711093999006,-0.0763101768644932,0.101455560491792,-0.752153716312741,0.45195862360957,0.302620922974167,0.0669337556737621,4.52120040072388,0.00000614899411100792,-0.45233874187013,0.163996980517573,-2.7582138429778,0.00581181647347607,0.14973108883486,0.164028210223231,0.912837423703434,0.361328052604222,-0.60206983070499,0.235760264297013,-2.55373751170595,0.0106573565195861,
0,631503.373155763,0,0.0000125035166291427,0.219100694483648,0.0324064498314925,0.00033945329915843,0.0300612450130752,0.0879546753751115,0.0922486366544072,0.0913003869520074,42.4091288949034,1.0103860425356,0.318040606782417,-0.146258031748201,0.0334762532262478,56213.1961456728,-4.36900840604003,0.0000125035166291427,-0.146359292543604,0.117599783310981,49.9763931252781,-1.24455410055111,0.219100694483648,0.252239742654446,0.114633417861288,50.2067417431655,2.20040322761437,0.0324064498314925,0.241569144278845,0.097271737724319,2.48344637332875,0.0130117924454145,-0.0548228850814666,0.0972245446370012,-0.563879062495525,0.572836440172074,0.296392029360312,0.0669630452528769,4.42620296375452,0.00000959062910777712,-0.39859903519805,0.164211527086114,-2.42735112614245,0.0152095276607543,0.105880450110842,0.164242605382244,0.644658856113645,0.519148284693258,-0.504479485308892,0.229266835722577,-2.20040322761437,0.0277782990425187,
0,631774.788434914,0,0.0000353346202601839,0.192292077621082,0.0319308365459056,0.000297347492416726,0.0338229208398168,0.0884349642236709,0.106073372837163,0.0918608069415007,39.4287814572309,1.1547184960471,0.255156304277414,-0.138743266990713,0.0335422898606581,57523.45752582,-4.13636837458274,0.0000353346202601839,-0.162102613833958,0.122646099954132,49.9020252434063,-1.32171030219943,0.192292077621082,0.252022638616974,0.114203634583535,50.1975951235887,2.20678299369387,0.0319308365459056,0.247998405169433,0.0978209924138704,2.53522683679366,0.0112374532703369,-0.0333607586122459,0.0977738741930651,-0.341203198580139,0.732950615500938,0.281359163781679,0.0670948900835482,4.19345144512978,0.0000274741905236699,-0.414125252450932,0.167568688972478,-2.47137609651495,0.0134594183587965,0.0899200247830154,0.167600138568385,0.536515217416277,0.591602521691103,-0.504045277233947,0.22840726916707,-2.20678299369387,0.0273292237339654,
0,632194.0608223,0,0.0000878714699115301,0.276597288190318,0.0250923104205179,0.000260937906954228,0.0237549873714417,0.0961420707585513,0.128323325324593,0.0922589549453964,38.8217708020706,1.39090373829339,0.172175988830183,-0.131941946843248,0.0336404397392308,58937.5304438104,-3.92212313114861,0.0000878714699115301,-0.142332541202868,0.129384781809265,49.733157778329,-1.10007173341832,0.276597288190318,0.263192858887357,0.113976569362718,50.1306968763821,2.3091838994537,0.0250923104205179,0.263380963991733,0.0982291955409925,2.68129004356775,0.00733389196231562,-0.00454720331293627,0.0981819384551842,-0.0463140510819296,0.963059940183333,0.267928167304669,0.067291014015734,3.98163367313832,0.0000684432108945375,-0.405525400090225,0.172411093027636,-2.35208415519542,0.018668550777708,0.120860317684489,0.172442962326872,0.700871268120489,0.4833833566101,-0.526385717774714,0.227953138725437,-2.3091838994537,0.0209333786180684,
0,632500.965418732,0,0.0025102639647718,0.50341021849003,0.0435376813804006,0.000154454255817569,0.00906378532807599,0.0788513825342504,0.172071008950052,0.0922929411687158,34.8018598232108,1.8644005356325,0.0707178102242473,-0.10186019146109,0.0337036425741194,59127.3387359859,-3.02223094245923,0.0025102639647718,-0.0903009734619743,0.133969588681277,49.6716407435163,-0.67404083531828,0.50341021849003,0.232631566168897,0.112332683639635,50.1008867455091,2.07091612727052,0.0435376813804006,0.276412323105732,0.0982830685392011,2.81241038984739,0.00491717223315666,0.069117277444645,0.0982357169295943,0.703586023545606,0.481690617786775,0.207295045661087,0.0674166986728042,3.07483234483431,0.00210620913979017,-0.322932539630872,0.174816877963915,-1.84726179412454,0.0647092073138658,0.142330592706923,0.174848575027581,0.814022034119934,0.415632328301958,-0.465263132337795,0.224665367279271,-2.07091612727052,0.0383666347758138,
0,632706.652399143,0,0.0466281050217636,0.695454626914805,0.0579937446964046,0.0000669860501193673,0.00309889448491027,0.0698243780550639,0.198819296835801,0.0938905239999002,32.0629515853146,2.11756509992438,0.0420600926734858,-0.0671366932359623,0.0337420433838678,59096.7600493804,-1.98970443112111,0.0466281050217636,-0.0523832591364213,0.133041697439566,49.8717680361201,-0.393735649383279,0.695454626914805,0.218692394087097,0.11271863417256,50.1457117340052,1.94016185249639,0.0579937446964046,0.268038691170675,0.0997977491167306,2.6858190043661,0.00723522705900283,0.130404834039932,0.0997510431209471,1.30730296105092,0.19110983897941,0.137633857130743,0.06749361241072,2.03921307831617,0.0414287662060327,-0.271075653223519,0.174356119560437,-1.554724055037,0.12001180305307,0.166309134950676,0.17438781799909,0.953674040187509,0.340248664614414,-0.437384788174194,0.225437268345121,-1.94016185249639,0.0523600229802185,
0,633004.894056623,0,0.0372992898043017,0.696492965514312,0.0895857451752704,0.0000718391872803908,0.00307268484908404,0.0563910744384449,0.208132818814614,0.096699160877526,28.8614587771373,2.15237461138079,0.0398657041917706,-0.07041122588676,0.033810604440588,60365.0174633848,-2.08251899224359,0.0372992898043017,-0.0517640197744251,0.131944119683571,49.9368778139295,-0.392317747077824,0.696492965514312,0.201744891875827,0.116542285311898,50.1440843484871,1.73108748756646,0.0895857451752704,0.280491778784458,0.102467426646683,2.73737506604532,0.00619316387985723,0.136569275029043,0.10242173206948,1.33340134236744,0.182400132129642,0.143922503755415,0.0676322263161603,2.12801665115416,0.033335703034874,-0.253508911650252,0.176027519718156,-1.44016635612519,0.149820339242384,0.149980872101401,0.176059712232693,0.851875026940723,0.394283458834013,-0.403489783751653,0.233084570623796,-1.73108748756646,0.0834361616861744,
0,633326.541589437,0,0.15420678857198,0.596765363002939,0.181182309968753,0.0000334591092345568,0.00565112233016491,0.0353997766353756,0.217342019438347,0.0998878768528818,25.0413203947257,2.1758598369095,0.0392081980156669,-0.0482673550576747,0.033875482715114,60674.626435338,-1.4248462660619,0.15420678857198,-0.0698052607019658,0.131097455728865,49.8875136531595,-0.532468462594245,0.596765363002939,0.160214575660767,0.118153138498398,50.1026110845414,1.35599085810945,0.181182309968753,0.267376639686633,0.105502823333923,2.53430790984968,0.011266968094286,0.168380040657083,0.10545830826872,1.59665031064248,0.110343677570201,0.0989965990295501,0.067762582253324,1.46093309519199,0.144033803145694,-0.230019836362733,0.176468141722576,-1.30346381005329,0.192416463925833,0.0904093149588016,0.176500450504205,0.512232771647502,0.608488109818594,-0.320429151321535,0.236306276996796,-1.35599085810945,0.175102076773779,
0,633546.682325035,0,0.597826227066246,0.646900001644073,0.341224743443035,0.00000463935581453321,0.00424544558817776,0.0181033197931896,0.223414935193981,0.100684666577561,22.7976191838122,2.21895689570443,0.0367287755720365,-0.0178891094102455,0.033910953444353,59984.3203455402,-0.527531891416769,0.597826227066246,-0.0595625006848335,0.129240204187588,49.8172324831389,-0.460866655691603,0.646900001644073,0.113089423179727,0.117692507333696,50.0788002557137,0.960888893794081,0.341224743443035,0.242630546439732,0.106268654444093,2.2831807526779,0.0224197233904181,0.205114573135348,0.106224454960389,1.93095434767668,0.0534886983004333,0.0375159733043841,0.0678332845460971,0.553061429288296,0.580221346941052,-0.172651923864561,0.174782577074704,-0.987809693358435,0.323245859345476,0.0535269224948934,0.174814656344965,0.306192418954094,0.759458144192263,-0.226178846359454,0.235385014667392,-0.960888893794081,0.336608035631032,
0,633367.590340355,0,0.821753734285541,0.562156217458791,0.469536674973134,0.000000853539236356528,0.00678949161234354,0.0104934345814559,0.232539599674044,0.100723311808539,21.2442633259768,2.30869691929977,0.0311037242386633,-0.0076302816184019,0.0338685708971609,59465.2884975078,-0.225290923599068,0.821753734285541,-0.072340945631291,0.123967051112076,49.8149698462165,-0.583549781835893,0.562156217458791,0.0873997105625686,0.119927700198991,50.0820385967677,0.728770004073705,0.469536674973134,0.241397184579331,0.106291444400969,2.27108763023951,0.0231416736643353,0.224793620072818,0.106247445559949,2.11575552605622,0.0343656053886564,0.0166035645065131,0.067749494032158,0.245072893070345,0.806399991208392,-0.15974065619386,0.172467345710692,-0.92620812093797,0.354337833010555,0.0150587649312776,0.172499219524016,0.0872975829851856,0.930434975186213,-0.174799421125137,0.239855400397981,-0.728770004073705,0.466142362989613,
0,633450.387423096,0,0.71870803494827,0.465399443827833,0.406403400995239,0.00000215624647548262,0.0107266573171052,0.0138334344011326,0.22879323846609,0.107441775959133,23.2922246209303,2.12946255237921,0.0439989921138876,-0.0122084811807821,0.0338947751599453,60167.0089834858,-0.360187702180403,0.71870803494827,-0.0900376310792261,0.122395339478936,49.9080104901853,-0.735629571048509,0.465399443827833,0.104204475900093,0.124451217763715,49.9798220531374,0.837311822034056,0.406403400995239,0.242494100998166,0.112686601814034,2.15193374451341,0.0314025730532878,0.216475912013054,0.112644831967834,1.92175626907472,0.0546364332959624,0.0260181889851127,0.0678038248887961,0.383727452364002,0.701180463391757,-0.194242106979319,0.174536699677576,-1.11290122557689,0.265750853640451,0.0141668448208671,0.17456915513266,0.0811531957641736,0.935320121054312,-0.208408951800187,0.24890243552743,-0.837311822034056,0.402417315807411,
0,633379.479177307,0,0.788880207848575,0.403316243945438,0.45068103176162,0.00000119906916329529,0.0140231126243371,0.0114742760603907,0.226635086542307,0.10779361494998,25.258653931929,2.10249082607977,0.0456395793727138,-0.0090717245978609,0.0338792736766737,59795.2625827523,-0.267766206691346,0.788880207848575,-0.100562423475565,0.11930879940887,49.9515332788099,-0.842875160707452,0.403316243945438,0.0967231706012362,0.127222971026684,49.7957941221458,0.760264988474052,0.45068103176162,0.237222575904348,0.113017464576003,2.09899042412881,0.0358177448745312,0.21759285930463,0.112975805253183,1.92601290884359,0.0541027620141511,0.0196297165997171,0.0677740630382776,0.28963464369298,0.772095760625801,-0.197285594076801,0.17439787219133,-1.13123853862369,0.257954705257745,-0.0038392528743286,0.174430301615349,-0.0220102404156525,0.982439786847115,-0.193446341202472,0.254445942053367,-0.760264988474052,0.447096205340228,
0,633476.674791661,0,0.823165122447729,0.296930889995711,0.392691520991613,0.000000835078192553588,0.0217437316173395,0.0147207190879808,0.215513921919995,0.10725504275963,25.0928557422225,2.00935933989589,0.0553702666763252,-0.00757561539229752,0.0338988744232412,59805.0384656888,-0.223476900669706,0.823165122447729,-0.124645401299734,0.11825434800868,49.9846718010473,-1.05404497507851,0.296930889995711,0.111156032534298,0.12891531987141,49.7607982246887,0.862240675857402,0.392691520991613,0.224901223089053,0.11250987040195,1.99894660162327,0.0456141317743972,0.208041946684301,0.112467984482014,1.84978816542739,0.064344087238079,0.0168592764047523,0.0678140025737378,0.248610548926385,0.803662047792865,-0.235801433834032,0.174921653146614,-1.34804027741717,0.177645428400594,-0.0134893687654367,0.17495404054056,-0.0771023562745865,0.938542118546663,-0.222312065068595,0.25783063974282,-0.862240675857402,0.388555090515134,
0,633802.265190282,0,0.633402858783381,0.118899443717232,0.400385157864801,0.00000371015491382613,0.0479477487610378,0.0142501850540944,0.202610836573071,0.111972143288758,23.3256455271825,1.80947538041288,0.0832834639002065,-0.0162064291284373,0.0339796475897203,61311.688008221,-0.476945179776972,0.633402858783381,-0.18829334512804,0.118673884510351,49.986437826834,-1.58664516548809,0.118899443717232,0.115045789780069,0.135634456886344,49.7677027389066,0.848204743994161,0.400385157864801,0.221147850326514,0.117039358512148,1.88951693804405,0.0588225953390765,0.186967175668935,0.116998826685523,1.59802607398344,0.11003717438959,0.0341806746575792,0.067978581757923,0.502815354096371,0.615094097567126,-0.303339134908109,0.180206249962742,-1.68328864826178,0.0923192268683031,-0.0732475553479717,0.180239010743027,-0.406391241529855,0.684455154046349,-0.230091579560137,0.271268913772688,-0.848204743994161,0.396323955709151,
0,634330.824888887,0,0.447589346665072,0.061274755078804,0.491742614278339,0.00000921672911056121,0.0684243733538263,0.00952129157974053,0.19500349011338,0.112022030730511,21.9879933605101,1.74076017763413,0.0957031269421705,-0.0258942056327184,0.0340962286223402,62576.5578363684,-0.759444861762576,0.447589346665072,-0.231115976911272,0.120707769565233,49.9110580477854,-1.91467357688498,0.061274755078804,0.0962955807790823,0.139025793767352,49.9081217690121,0.692645430532302,0.491742614278339,0.223413231180171,0.11712145424342,1.90753464105593,0.0564513896307753,0.170145122940668,0.117080669381033,1.45322984434723,0.146159948498645,0.053268108239503,0.0682132296779987,0.780905822682134,0.434857887212749,-0.327411557690355,0.184099032896259,-1.7784534363896,0.0753294130196653,-0.13482039613219,0.184132072216583,-0.73219398722461,0.464050173785331,-0.192591161558165,0.278051587534703,-0.692645430532302,0.488532092487981,
0,634515.947091504,0,0.287913728954212,0.039702187648718,0.490596813615482,0.0000176335389387182,0.082027090195374,0.00953707211387036,0.186753550336471,0.116671930298124,21.2071347761743,1.60067249988298,0.124241879429691,-0.0362877550450078,0.0341461657697338,64045.5816755459,-1.0627182943384,0.287913728954212,-0.264533932839407,0.125246135742597,49.9236886278837,-2.11211253162391,0.039702187648718,0.0963848543317299,0.138789214745424,50.0874949827163,0.694469339772009,0.490596813615482,0.22581428017918,0.12159083621259,1.85716528657115,0.063287642070756,0.15175770132,0.121551360750138,1.24850680719201,0.211845517097621,0.0740565788591803,0.068312938968937,1.08407836021892,0.278330056658407,-0.360918787171137,0.186929845887798,-1.93077133005167,0.0535113373316043,-0.168149078507677,0.18696340286958,-0.899368945616449,0.3684561745827,-0.19276970866346,0.277578429490847,-0.694469339772009,0.487387922144346,
0,634929.140332753,0,0.373908710808178,0.0346963120677537,0.557523539049247,0.0000125371434242563,0.0863277350024952,0.00691131034468752,0.177115239143298,0.121263493224029,20.6560957218033,1.46058170051299,0.159174749669553,-0.0304288513637704,0.0342211765144587,63063.3744729768,-0.889181917837161,0.373908710808178,-0.264725909620393,0.121924406889213,49.8943869417651,-2.17122983309599,0.0346963120677537,0.0833204145566267,0.141106359595323,50.0999519918858,0.590479513436392,0.557523539049247,0.210218164896323,0.126023660012127,1.66808490466072,0.0952988733422681,0.148080144169764,0.125985397333126,1.17537545861935,0.2398445374141,0.0621380207265591,0.068463974074471,0.907601721439206,0.364088684495231,-0.348046324177019,0.186468066345887,-1.86651972639333,0.0619686868040989,-0.181405495063766,0.186501452166699,-0.97267604598393,0.330714334133337,-0.166640829113253,0.282212719190645,-0.590479513436392,0.554869216523746,
0,635079.702333219,0,0.255080229575304,0.022205775956502,0.507386863848692,0.0000214915585827338,0.100493683994966,0.00883165060573109,0.15747148281787,0.120394780123603,23.4742952266164,1.3079593870781,0.203551455457413,-0.0389557783342065,0.0342285656132178,60268.3256619594,-1.13810723985358,0.255080229575304,-0.272285698353198,0.115354111647524,49.8711007011886,-2.36043340340736,0.022205775956502,0.0945801880748349,0.141648582319562,50.0358668459055,0.667710093006508,0.507386863848692,0.199245928102542,0.125189662563953,1.59155256130479,0.111485276395304,0.11988103352424,0.125151138463615,0.957890075918829,0.338118191235967,0.0793648945783012,0.0684789769207345,1.1589672940086,0.246469516755186,-0.366865886428033,0.18266066831821,-2.00845584222281,0.0445948739559465,-0.177705510278363,0.182693360973538,-0.972698237808995,0.330703301335148,-0.18916037614967,0.283297164639124,-0.667710093006508,0.504318666098219,
0,635104.184036395,0,0.312916962728444,0.0198955540340457,0.404713055674418,0.0000176390607400507,0.104122794626012,0.0139070017982162,0.136254705360702,0.121884406157719,28.4958279777271,1.11790104785338,0.272945684103619,-0.0345236763183096,0.0342113580990145,57731.1656320607,-1.00912907983341,0.312916962728444,-0.268082897803265,0.111434763738908,49.7965776257264,-2.40573846803665,0.0198955540340457,0.11654183615027,0.138684260280049,50.0718604256217,0.840339314028381,0.404713055674418,0.173733491614367,0.126617831373052,1.37210920239582,0.170029445149139,0.102895334032095,0.126579746815872,0.812889396767168,0.416281474307602,0.0708381575822719,0.0684431139412041,1.03499320096869,0.300672086426344,-0.384624733953535,0.177891252415132,-2.16213404949201,0.0306078451744377,-0.151541061652995,0.177923476674993,-0.851720438949212,0.3943692737139,-0.23308367230054,0.277368520560098,-0.840339314028381,0.400718164459168,
0,635213.508835823,0,0.385551888232742,0.0248078351922303,0.355752204677656,0.0000133675577087335,0.0971459611198046,0.0170464817211978,0.126518134627354,0.122159949843864,30.2116403693706,1.0356760524956,0.308572426561749,-0.0296944430521713,0.0342212670788694,56324.8862815049,-0.86771898257697,0.385551888232742,-0.252161771470014,0.108950790388302,49.7840838008871,-2.31445564159109,0.0248078351922303,0.129181451169023,0.138590957670218,50.0989646320863,0.932105913261779,0.355752204677656,0.159142475438355,0.126885633330261,1.2542198140284,0.209762119907725,0.0977685615595936,0.126847616977614,0.770755997543473,0.440851573415688,0.0613739138787616,0.0684628585921975,0.896455613171784,0.370009476515075,-0.381343222639037,0.1762728673231,-2.16336880672652,0.0305128247683396,-0.122980320300991,0.176304659025394,-0.697544358616623,0.485462189082243,-0.258362902338046,0.277181915340436,-0.932105913261779,0.35128179238002,
0,635521.486241031,0,0.315552861759703,0.0232897458450572,0.322992392393178,0.0000184279317469188,0.0991213863135058,0.0194924808503545,0.124637093096244,0.11759299343505,30.2861383454807,1.05990237560442,0.297569045257457,-0.034391942877871,0.0342669448337079,54661.060390919,-1.00364777323364,0.315552861759703,-0.248967215132743,0.106360924667017,49.7988167775896,-2.34077708436798,0.0232897458450572,0.13760823575866,0.137860623281082,50.1178221609925,0.998169255901971,0.322992392393178,0.161999133460959,0.122507563695825,1.3223602573894,0.186048216237857,0.0911007322891269,0.122468175937771,0.743872696654007,0.456953494770942,0.0708984011718317,0.0685537820676931,1.0342011634285,0.301042130373403,-0.386575450891402,0.174105665574575,-2.22034963431917,0.0263950431122718,-0.111358979374083,0.17413676438299,-0.639491492613039,0.522503246297222,-0.275216471517319,0.275721246562164,-0.998169255901971,0.318197291808956,
0,635556.820572086,0,0.212281712702976,0.0207354427154183,0.253161413130914,0.0000290467481969543,0.102549673498719,0.0259706717122668,0.107928843667253,0.114811556221791,32.4563372030896,0.940052092480637,0.354134955761981,-0.0427381744368487,0.0342637071782904,53561.5455040906,-1.24733071685622,0.212281712702976,-0.249751229560768,0.104560537704258,49.9293361744936,-2.38858019520875,0.0207354427154183,0.158893994035191,0.137451356817152,50.1193872179675,1.15600164097735,0.253161413130914,0.153806679841065,0.119839173958038,1.2834424233842,0.199337119083141,0.0658887343720829,0.119798948090254,0.549994264744662,0.582323307324048,0.0879179454689821,0.0685471026293599,1.28259170842511,0.199635156606357,-0.408645223595959,0.172686104575412,-2.36640478167427,0.0179617939758965,-0.090857235525577,0.172716740237676,-0.52604765120363,0.598855099269914,-0.317787988070382,0.274902713634304,-1.15600164097735,0.247680485773213,
0,635668.00582184,0,0.0843124972634515,0.020135743906106,0.214760208321039,0.000053334701208942,0.103208382389984,0.0305530848277247,0.0938516011639916,0.113713988647937,32.8167778901059,0.825330307026341,0.415143655644857,-0.059225899499753,0.0343094930072938,55867.8167066414,-1.72622485232184,0.0843124972634515,-0.257495010833147,0.107271751476108,50.0660654794506,-2.40039905464298,0.020135743906106,0.178610801607769,0.142148739423186,50.095461395994,1.25650640542111,0.214760208321039,0.156428144825297,0.118801846696973,1.31671475801464,0.187934254877091,0.0352317768586974,0.118761092101506,0.296660936972393,0.766725382886306,0.1211963679666,0.068640916952695,1.76565776430586,0.0774532826401019,-0.436105812440916,0.178067140441996,-2.44910886623113,0.0143210155621347,-0.0788842092253783,0.178098509436536,-0.44292458973941,0.657820280695978,-0.357221603215538,0.284297478846372,-1.25650640542111,0.208932425029117,
0,635858.728437225,0,0.0503161562599861,0.0136457699207386,0.232427383623513,0.0000684750238619092,0.115402393420148,0.0283446558665481,0.106831884239612,0.108881646475991,30.7827600037317,0.981174400803808,0.334155819600263,-0.0672312782938618,0.0343488382959687,55944.4101114631,-1.95730864940933,0.0503161562599861,-0.273229379272937,0.106871038681711,50.103224211403,-2.55662696501605,0.0136457699207386,0.174423968417332,0.144298919446069,50.087254111143,1.20876836144655,0.232427383623513,0.17750252755235,0.114196991694934,1.55435379617119,0.120100047910218,0.0403597377059078,0.114154578234657,0.353553386382315,0.723673612988058,0.137142789846443,0.0687206186147838,1.99565709114468,0.0459712606469928,-0.447653347690269,0.179549461992651,-2.49320350349249,0.0126596265573473,-0.0988054108556041,0.179580580304697,-0.550200977677875,0.582181533076802,-0.348847936834665,0.288597838892139,-1.20876836144655,0.226751849827485,
0,635967.295252268,0,0.139589094523889,0.0230472635638117,0.18437978240555,0.0000402404432774481,0.0989769006541345,0.0349432754044344,0.1121079848275,0.107449998296835,28.5142627196825,1.0433502708655,0.305551475707449,-0.0507419677321227,0.0343467378454496,54235.4672789014,-1.47734460141301,0.139589094523889,-0.249888980762643,0.106573695924523,50.0490953366478,-2.34475288292168,0.0230472635638117,0.181058403065134,0.134518989810869,50.0333297939066,1.34596909566224,0.18437978240555,0.1661609640031,0.112831341123625,1.47264902063908,0.140845699426283,0.0618948492428039,0.112788568428382,0.548768816780447,0.583164112778037,0.104266114760296,0.0687116737702119,1.51744396605716,0.1291546306372,-0.430947383827777,0.17160430157811,-2.51128543902858,0.0120292386820973,-0.0688305776975088,0.171635037930452,-0.401028709099592,0.688398987090323,-0.362116806130268,0.269037979621738,-1.34596909566224,0.17831248346618,
0,636175.544180022,0,0.415526487088295,0.0367455180646597,0.165021208790638,0.000011756728273048,0.0843106905983591,0.0382048547147147,0.110631124732366,0.108989559245571,26.4538500149187,1.01506167653267,0.319270929855446,-0.0280130199041896,0.0344050346438083,56387.6861874843,-0.814212809090457,0.415526487088295,-0.240644520935593,0.112133988067524,50.0199112426359,-2.1460444338311,0.0367455180646597,0.185032540999398,0.131320174552541,49.9801265343453,1.40901839058526,0.165021208790638,0.141914663674805,0.114316148622594,1.24142271572957,0.214449631872123,0.0830453771794497,0.114273757537254,0.726723081214657,0.467395611102217,0.0588692864953557,0.0688267433240552,0.855325759322694,0.392370830876664,-0.425677061934991,0.172665970942129,-2.46532110300797,0.0136890514101092,-0.0556119799361959,0.172697717204041,-0.322019195369506,0.747438152636448,-0.370065081998795,0.262640349105083,-1.40901839058526,0.158829730227842,
0,636284.563833624,0,0.619723169143805,0.0699152853494479,0.194275305203329,0.00000414738719581518,0.0643231154389813,0.033397982028846,0.11739369012691,0.106726336416258,29.3121968258539,1.09995052832176,0.280305530881349,-0.0170982314690126,0.0344551986966594,59376.7582355257,-0.496245330626125,0.619723169143805,-0.220288471733884,0.118932820609467,49.90441076752,-1.8522092606988,0.0699152853494479,0.173504827512902,0.131875994965228,50.097851146792,1.31566649077151,0.194275305203329,0.137517474526746,0.112176441722263,1.22590333955524,0.220235051938774,0.100654902031256,0.112132989645882,0.897638619545646,0.369378242837261,0.0368625724954899,0.0689272978096138,0.534803679629355,0.592785618357888,-0.393793299246786,0.177568153356167,-2.21770228390512,0.0265751384319875,-0.0467836442209811,0.177601066004868,-0.263419839043639,0.792227001075984,-0.347009655025805,0.263751989930455,-1.31566649077151,0.188286005911371,
0,636082.017906356,0,0.587163251689405,0.0984081830487386,0.194270171227354,0.00000496846437547076,0.0537421517387029,0.0333637902158076,0.125757864386634,0.108825879177859,34.0810049400102,1.15558785590973,0.255887206720474,-0.0186854307576039,0.0344143659338745,59333.8249023029,-0.542954381129876,0.587163251689405,-0.202935636944027,0.120502497501048,49.9366018372654,-1.68407826520162,0.0984081830487386,0.169920916719787,0.129152305325385,50.1507044131426,1.31566305604603,0.194270171227354,0.147307988984565,0.114163413915292,1.2903257176057,0.19693759124065,0.107326088995248,0.114120720452919,0.940461018553819,0.346981135867046,0.0399818999893165,0.0688444518246821,0.580757038942421,0.561404213212816,-0.372856553663814,0.176621955761769,-2.11104305835414,0.034768611025397,-0.0330147202242399,0.176655100386576,-0.186888010320639,0.851748439954991,-0.339841833439574,0.258304610650771,-1.31566305604603,0.188287159247533,
0,636101.262311488,0,0.719482052169135,0.12731483282291,0.228650116215907,0.00000221191559454533,0.0459029379731177,0.0287275848762512,0.14114529004898,0.111511502935092,34.2564097054672,1.26574645963777,0.214144941853335,-0.0123573559606666,0.0344069556768292,58316.1852344837,-0.359152843301056,0.719482052169135,-0.188254358087382,0.121409614645241,49.9730655891451,-1.55057207485142,0.12731483282291,0.151488927329282,0.124303048414328,50.2157738933593,1.2187064537978,0.228650116215907,0.156112927329532,0.116723837884742,1.33745540035862,0.181074031114913,0.129070406535142,0.116682106233309,1.1061713805291,0.268652347704435,0.0270425207943897,0.0688274968280643,0.392902866450944,0.694391224369667,-0.339743285416664,0.173740661688658,-1.95546213600522,0.0505285483059405,-0.0367654307580999,0.17377360910906,-0.211570853287774,0.832441850264305,-0.302977854658564,0.248606096828656,-1.2187064537978,0.222955627556474,
0,636194.629123448,0,0.600075692578919,0.0954483500797189,0.204403270323549,0.00000484375293687657,0.0548764339812215,0.0318366853187397,0.127387623452172,0.110172476584676,32.6997370838077,1.15625633008498,0.255954347459095,-0.0180405822410926,0.0344092460222728,56750.1089991323,-0.524294610507162,0.600075692578919,-0.20362563608083,0.11980689251424,49.7512515536123,-1.69961537109919,0.0954483500797189,0.15579586996117,0.12116641096052,50.2768628623626,1.28580081497944,0.204403270323549,0.148189676731716,0.115445614166069,1.28363193181635,0.199270771434227,0.109714522042624,0.115403509781334,0.950703511968659,0.34175490490004,0.0384751546890924,0.0688307191817636,0.558982314095684,0.576173790400282,-0.359421506042,0.170380386234382,-2.10952395393426,0.0348993806238135,-0.0478297661196608,0.170412749712477,-0.280670115354396,0.778963432223878,-0.31159173992234,0.24233282192104,-1.28580081497944,0.198512585737997,
0,636305.463190739,0,0.404248317079557,0.0329963525847227,0.170224827303695,0.0000126573554392657,0.088064697946084,0.037049225500556,0.141424328398723,0.112928604663971,29.4255690170324,1.25233397525405,0.220310660007893,-0.0287025863343859,0.0344129136464388,54960.5033421277,-0.83406440469641,0.404248317079557,-0.251289683158707,0.114581029682873,49.8065034635004,-2.19311769019884,0.0329963525847227,0.16954928342964,0.121854993704034,50.3187920926017,1.39140201214443,0.170224827303695,0.173360262205505,0.118079481580738,1.46816584799256,0.14205917860127,0.113349761653396,0.118038387798995,0.960278802235226,0.336914915702325,0.0600105005521095,0.0688383174658318,0.871760129551336,0.383339249610779,-0.420838966588347,0.167248798332502,-2.51624508387612,0.0118612669644487,-0.0817403997290668,0.167280432698894,-0.488642923803287,0.625094518587167,-0.33909856685928,0.243709987408068,-1.39140201214443,0.164103554810767,
0,636166.297619506,0,0.0449547702337276,0.0218889485844077,0.166956173673335,0.0000777335809129519,0.100745405489266,0.0375707830395342,0.159073500081751,0.116249537197694,25.6545621708022,1.36837964190112,0.183058713254021,-0.0688754742430433,0.0343496973472195,51717.9068384736,-2.00512608733709,0.0449547702337276,-0.257933673808871,0.109006979040111,49.976391614464,-2.36621247630356,0.0218889485844077,0.166366623608954,0.118637757396226,50.3738448505104,1.40230755587635,0.166956173673335,0.231208915544864,0.121240857711971,1.90702144399327,0.0565178106671851,0.0909015445568504,0.121201128063646,0.750005763222892,0.453251233716953,0.140307370988014,0.0687105678138532,2.04200569798996,0.0411509661245987,-0.424300297417825,0.161098084341798,-2.63380101105112,0.00844349559913767,-0.0915670501999178,0.161128163709256,-0.56828705852531,0.569840065088333,-0.332733247217907,0.237275514792452,-1.40230755587635,0.160823425071243,
0,636282.555308256,0,0.0185958695191655,0.0119142711071598,0.214870752009954,0.0001112365259307,0.119809411823474,0.0303904931462453,0.170919355153991,0.120199801354887,24.8247740951753,1.42196037952971,0.16748097162243,-0.0808519923460012,0.0343523025538587,49793.6565353191,-2.35361202409179,0.0185958695191655,-0.276472500500746,0.10593050873405,50.0434853500731,-2.60994215740869,0.0119142711071598,0.147469412832183,0.117400717124178,50.3409631245689,1.2561202047531,0.214870752009954,0.255028535219633,0.125033990421262,2.03967364682512,0.0413828413876642,0.0910585063107549,0.124995498592017,0.728494284485944,0.46631106613056,0.163970028908878,0.0687152419022195,2.38622501165322,0.0170223324432342,-0.423941913332928,0.158112570948292,-2.68126633315937,0.00733441166229818,-0.129003087668563,0.158141762453733,-0.815743328434858,0.414646952090076,-0.294938825664365,0.234801434248356,-1.2561202047531,0.209072391680576,
0,636384.824120755,0,0.0493946019043171,0.00285281201434499,0.331134559601774,0.000079511505756638,0.163882621182792,0.018750837523526,0.189147543459845,0.122412886864736,23.8212550698963,1.54516038551439,0.135490115296902,-0.0675208763406348,0.0343579423444186,48568.7958866855,-1.96521886158888,0.0493946019043171,-0.327572251387122,0.104418327413024,50.2105634985707,-3.13711452292678,0.00285281201434499,0.113655708523506,0.115821985233872,50.3917135361678,0.981296498190808,0.331134559601774,0.260058417928488,0.127164310732409,2.04505821193595,0.0408491194375683,0.12327020911053,0.127126495925933,0.969665750736578,0.332213127454432,0.136788208817958,0.0687258565367807,1.99034563861349,0.0465528738016003,-0.441227959910628,0.155927781328261,-2.82969433767386,0.00465924938145985,-0.213916542863616,0.155956294315246,-1.3716441763563,0.17017423439856,-0.227311417047011,0.231643970467743,-0.981296498190808,0.326446549113039,
0,636761.809015294,0,0.0542179664903738,0.00140621440510917,0.527475155812261,0.0000770400503300195,0.185287266122401,0.00797074062014262,0.203753198487987,0.122051341018091,23.3115647621302,1.66940565165758,0.108413163638322,-0.066276749897436,0.0344270097664986,48103.1795645858,-1.92513815016054,0.0542179664903738,-0.35283077747715,0.104367442745027,50.2529741104912,-3.3806594106088,0.00140621440510917,0.0730894613984196,0.114870330265706,50.3871261064299,0.636277977345033,0.527475155812261,0.273302335776198,0.126835026379098,2.15478597338974,0.031178586377146,0.139625728835678,0.126797000237521,1.10117533201988,0.270820355625784,0.133676606940521,0.0688635283778249,1.94118149460908,0.0522362669078711,-0.42592023887557,0.155188184074322,-2.74454038763409,0.00605956977000092,-0.279741316078731,0.155216427238525,-1.80226617153638,0.0715035381489251,-0.146178922796839,0.229740660531413,-0.636277977345033,0.524595256371103,
0,637176.936981094,0,0.059114220893847,0.00179423701492496,0.737498967890744,0.000073083157693878,0.178156700758721,0.00225090570751192,0.196394605621059,0.120879911850149,22.5614158186127,1.62470837887873,0.118114444293083,-0.0651476029484336,0.0345173517368845,48738.5832866143,-1.8873870581102,0.059114220893847,-0.348445090295342,0.105651624051966,50.176827795171,-3.29805711385898,0.00179423701492496,0.0389409602038567,0.115543244831826,50.3486966299967,0.337024983680662,0.737498967890744,0.264518533973429,0.125733132456308,2.10380930472204,0.0353950848229633,0.133624953566385,0.125694585812516,1.06309235757932,0.287740069894603,0.130893580407044,0.069044394790799,1.89578865603276,0.0579879965045512,-0.387386050499198,0.156550406391064,-2.47451322184055,0.0133417882229875,-0.309504130091485,0.156579003831814,-1.97666431971896,0.0480795864814213,-0.0778819204077135,0.231086489663651,-0.337024983680662,0.736098066498056,
0,637356.135226393,0,0.164693619205725,0.00368450303885646,0.965998189094902,0.0000377218113953389,0.156184189842288,0.0000364896478067111,0.192447034405174,0.1211135215565,22.3381632726397,1.58898058558554,0.126119419789121,-0.0480482434425538,0.0345800783150755,51179.2790183934,-1.38947757737167,0.164693619205725,-0.334887714147332,0.109918936768704,50.1491967914519,-3.04667897991059,0.00368450303885646,-0.0050197686715707,0.117173031084111,50.2952022910056,-0.0428406487834843,0.965998189094902,0.243029685952508,0.125975361377339,1.92918427298296,0.0537079898796675,0.147010333827415,0.125936669504251,1.16733541077527,0.243074943673515,0.0960193521250932,0.0691704707826916,1.38815524946694,0.165089775758892,-0.329867945475761,0.160645215085243,-2.05339415369903,0.0400343658556782,-0.339907482818902,0.160675133788079,-2.11549525309386,0.0343877590814062,0.0100395373431414,0.234346062168223,0.0428406487834843,0.965828560674895,
0,637587.08835111,0,0.6610164898294,0.00791601934029512,0.737605721087938,0.00000356389676210611,0.13259442953605,0.00225437949716687,0.213955856543322,0.121546275303159,22.4248910365966,1.76028311858735,0.0919946218489352,-0.0151976232067294,0.0346572094031936,53955.7212253062,-0.438512605845553,0.6610164898294,-0.314911239452167,0.113828384421433,50.0693676333731,-2.76654404833028,0.00791601934029512,-0.0407942410394892,0.121091789266685,50.2297627225034,-0.33688692921736,0.737605721087938,0.231259547805354,0.126413157577875,1.82939459971079,0.067340516032664,0.201491153782598,0.126374322575694,1.5943994766968,0.110846589567707,0.0297683940227562,0.069326298569376,0.429395404587575,0.667635497486134,-0.274116998412678,0.166177392681888,-1.64954446563871,0.0990361414619378,-0.355705480491656,0.166208661678781,-2.14011398021543,0.0323455565442606,0.0815884820789785,0.242183578533371,0.33688692921736,0.736202138944522,
0,637755.658507354,0,0.878424629401809,0.011925370852151,0.755748165993263,0.000000432350542712409,0.119977679340434,0.0019426837994923,0.221353263528697,0.122719543799839,20.9485767470655,1.80373277698729,0.0856746966846708,-0.00530680882592114,0.034692438672941,54120.404114076,-0.152967304372877,0.878424629401809,-0.29845712305086,0.114362298015605,49.956428233946,-2.609751012612,0.011925370852151,-0.0378794329302224,0.121108816060179,50.2584145907522,-0.312771886989632,0.755748165993263,0.228662116562988,0.127551288940745,1.79270721967549,0.0730197515052794,0.218630561782907,0.127512748359201,1.71457806843774,0.0864226125564144,0.010031554780081,0.0693967271116022,0.144553715969176,0.88506324260052,-0.260577690120638,0.166555897569433,-1.5645059341835,0.117698800470557,-0.336336555981082,0.166587196550806,-2.01898202830075,0.0434890874619018,0.0757588658604448,0.242217632120358,0.312771886989632,0.754453975461104,
0,637911.685409717,0,0.883702506091285,0.0104233527840733,0.725743095490766,0.00000040283974941725,0.124197736090925,0.00247291101247449,0.22693831186243,0.121369001345403,21.6185258352902,1.86982103623468,0.075113080161285,-0.005077972492287,0.0347145387905163,53116.0041790651,-0.146277976582948,0.883702506091285,-0.296932411207677,0.111548585296042,49.9665610769289,-2.66191104458778,0.0104233527840733,-0.0431015250349308,0.122182663929792,50.1975248977173,-0.352763016033909,0.725743095490766,0.233966492199955,0.126258433220586,1.85307615683138,0.0638714437595267,0.224472853789118,0.12621947387126,1.77843281154914,0.0753327977521447,0.0094936384108368,0.0694413399521432,0.136714504895492,0.891256463941842,-0.253830886172746,0.16542847822859,-1.53438445962128,0.124935098458119,-0.340033936242608,0.165459357801336,-2.05509039054098,0.0398702749083378,0.0862030500698615,0.244365327859583,0.352763016033909,0.724266112410422,
0,637789.38049703,0,0.667610678553525,0.0117170902201517,0.725543541616717,0.00000357015584005339,0.120551969930032,0.002479671962513,0.227450509588577,0.119521648164641,21.846188089951,1.90300680321329,0.0703006558283394,-0.0148903391606798,0.034674500216127,51653.5334287416,-0.429431976463048,0.667610678553525,-0.285133888840906,0.108969846475941,49.9483177033815,-2.61663109623504,0.0117170902201517,-0.0427378440589095,0.121058988975387,50.1370362856932,-0.353033214804056,0.725543541616717,0.244203201575251,0.124472223361451,1.96190921139183,0.0497730552018655,0.215079241433693,0.124432860048683,1.72847623489121,0.0839028781395276,0.0291239601415589,0.0693608180552222,0.419890666779213,0.674565326219059,-0.242396044781997,0.1628643526034,-1.48833087724401,0.136663655816107,-0.327871732899816,0.162894490872286,-2.01278589069582,0.0441371588708503,0.085475688117819,0.242117977950773,0.353033214804056,0.724063539883789,
0,637657.994903892,0,0.258142720527161,0.0148594188156364,0.88159548690006,0.0000250172731488198,0.113178650852148,0.000446518956385588,0.2249879745489,0.117437088558032,22.8449334490517,1.91581703285944,0.067986550623166,-0.0391718270675509,0.0346406734863204,51112.1521227908,-1.13080443089595,0.258142720527161,-0.277095721469012,0.109815791058064,49.8886415545648,-2.52327756144378,0.0148594188156364,-0.0176188574170522,0.117688429808977,50.1711527688031,-0.149707642846878,0.88159548690006,0.266153388069077,0.122462183496426,2.17335164595398,0.0297538611797095,0.188080468788011,0.122422275330686,1.53632554435023,0.124458557534199,0.078072919281066,0.0692918050224524,1.12672659134465,0.259858095994156,-0.25947686405196,0.160951124525481,-1.61214694719875,0.106929966734133,-0.294714578886064,0.160981006541781,-1.83074131052581,0.0671391639703089,0.0352377148341044,0.235376859617953,0.149707642846878,0.880995278022185,
0,637520.350325656,0,0.129303262863376,0.0140504884324617,0.890163958407963,0.0000442010815129151,0.115096537534996,0.000383537757119439,0.23079850133056,0.119837234158929,25.0307108331103,1.92593314549027,0.065543328184063,-0.0525194967490136,0.0346233881561299,52053.4945002676,-1.51687918329031,0.129303262863376,-0.28910619352572,0.113570713924403,49.8213756772864,-2.54560514357742,0.0140504884324617,0.0160662264386263,0.115751508707165,50.2110984220837,0.138799283206507,0.890163958407963,0.285662668015288,0.124761037416652,2.28967852408351,0.0220399592504854,0.180376797698474,0.124721790297302,1.44623323052457,0.14811179611899,0.105285870316813,0.0692564839128071,1.52023123855619,0.128452868832404,-0.305172419964346,0.162147355706626,-1.88206843481614,0.0598267244721207,-0.273039967087094,0.16217790446271,-1.68358302563882,0.0922622814585646,-0.0321324528772525,0.231503017414331,-0.138799283206507,0.889608760421311,
0,637331.824301072,0,0.391752830166154,0.00893925291412765,0.634642014983626,0.0000138044078594489,0.129221414092434,0.00453229929764988,0.24467930295293,0.128440139368177,26.3948072798832,1.90500652020901,0.0677293286314447,-0.0296319452608193,0.0345985736120068,53134.9356246985,-0.856449910135486,0.391752830166154,-0.314897842704874,0.115732611896513,49.8885765722312,-2.72090845911655,0.00893925291412765,0.0557237072842419,0.116548207644628,50.2085174987968,0.478117239298535,0.634642014983626,0.277158770299424,0.133039700765961,2.08327866571944,0.0372258302218057,0.217038618250671,0.133002800578228,1.63183494864092,0.102714260816991,0.0601201520487527,0.0692072166885721,0.868697730170099,0.385012483270836,-0.370621549989116,0.16423268751653,-2.25668565492977,0.0240277238422807,-0.259174135420632,0.164264021240886,-1.5777900325511,0.114613854447967,-0.111447414568484,0.233096415289256,-0.478117239298535,0.632566762706718,
0,637517.002835248,0,0.884379459934084,0.0077350816429808,0.547884682861819,0.000000393448345087422,0.13367906121122,0.00725512141973373,0.260243651497103,0.132874517784871,29.8435132292794,1.95856704382136,0.0595672211664127,-0.00503801594979175,0.0346444790631483,53748.0993933527,-0.145420456188956,0.884379459934084,-0.317991273756133,0.114567298318175,49.9257370829146,-2.77558499174006,0.0077350816429808,0.0728632951537084,0.120427509885087,50.0909389952317,0.605038626334091,0.547884682861819,0.268284641821403,0.137337447671083,1.95347042173037,0.0507638788008303,0.257088978091499,0.137301500656002,1.87244113766546,0.0611455982125432,0.0111956637299038,0.0693005757701582,0.161552246939986,0.87165846461978,-0.390854568909841,0.166202140959583,-2.35168191368178,0.0186887487953383,-0.245127978602424,0.166234022698568,-1.47459572127972,0.14032126592982,-0.145726590307417,0.240855019770175,-0.605038626334091,0.545153331941522,
0,638104.137227999,0,0.863370062466317,0.00887978540452402,0.597775205386886,0.000000547649470071148,0.129308053467981,0.00561323868203,0.246449524171428,0.132575974427497,34.8303823355365,1.8589305131316,0.071502920125972,0.00598334956819946,0.0347694027030883,54074.3594233042,0.172086636612483,0.863370062466317,-0.306882556302603,0.112686252032699,49.9391896394185,-2.72333626122868,0.00887978540452402,0.0667243651292203,0.125658988580918,49.9486328116379,0.530995560944318,0.597775205386886,0.243336633593455,0.137080590343517,1.77513558253336,0.0758755029645113,0.254278032914646,0.137044250408011,1.85544473524138,0.0635327441714584,-0.0109413993211903,0.0695525036535389,-0.157311365464176,0.874999463437437,-0.373606921431824,0.168768884655734,-2.21371920655832,0.0268481008657777,-0.240158191173383,0.168801093565096,-1.4227288822674,0.154814764564668,-0.133448730258441,0.251317977161837,-0.530995560944318,0.595421855289974,
0,638737.733897817,0,0.523247578950142,0.00804589122653319,0.550928016347581,0.00000760600736134752,0.132555174992149,0.00719442613624667,0.228049132730019,0.129314483387112,38.3346619907468,1.76352351845491,0.085781845063349,0.0222773667376521,0.0348982721235874,53574.7082371778,0.638351568202572,0.523247578950142,-0.301585068727749,0.109236653144866,49.8801871489056,-2.7608413480757,0.00804589122653319,0.079512892079333,0.132420904369345,49.7542346066533,0.600455739658427,0.550928016347581,0.208699779380244,0.133962693535987,1.55789476809959,0.119258195660226,0.252032702001331,0.13392522231391,1.88189123487572,0.0598507847751022,-0.0433329226210869,0.0698130740794944,-0.620699248564026,0.534797523928805,-0.381097960807082,0.171646304265341,-2.22025147840037,0.026401701641284,-0.222072176648416,0.171678277136696,-1.29353684317088,0.19582544996163,-0.159025784158666,0.26484180873869,-0.600455739658427,0.548202549699649,
0,639082.180929616,0,0.439640813989408,0.0127714539454928,0.536372378402181,0.0000113672056944354,0.118041961577346,0.00773445083339355,0.228342352285509,0.123343472536656,37.3281597363289,1.8512722853465,0.0720543604617024,0.0270183025797175,0.0349613105770321,52539.0308843236,0.772805771116236,0.439640813989408,-0.27533021817562,0.106587257523648,49.8549961242811,-2.58314384451194,0.0127714539454928,0.0844145170538542,0.135577390501739,49.7345472903337,0.622629752213528,0.536372378402181,0.204088004146112,0.128225598517287,1.59163229890168,0.111467348343598,0.256827479110773,0.128186385513578,2.0035472416341,0.0451185822077267,-0.0527394749646609,0.0699405039913833,-0.754061980610812,0.45081200536826,-0.359744735229475,0.172443238028115,-2.08616318820702,0.0369638435096791,-0.190915701121766,0.17247456108576,-1.10692092746847,0.268328116971735,-0.168829034107708,0.271154781003477,-0.622629752213528,0.533527855097486,
0,639227.092468807,0,0.880354163316457,0.0312631610530361,0.554808138219603,0.000000438568329572404,0.0898395180437478,0.00705916701324415,0.220931148678691,0.118657205952929,35.5894814262977,1.86192778520618,0.0708869648301641,0.00526517393664541,0.0349796611235227,51660.2844192406,0.150521010425248,0.880354163316457,-0.235374564737503,0.106195983906342,49.7683721014576,-2.21641681803228,0.0312631610530361,0.0787370425005157,0.132420677962587,49.7297751277109,0.594597790254189,0.554808138219603,0.21807932533918,0.123729312668403,1.76255182087398,0.07797610901391,0.227399784216607,0.123688732040816,1.83848423752591,0.0659910824301496,-0.0093204588774269,0.0699757275701244,-0.133195597974835,0.894038692135934,-0.314111607238018,0.169727953773984,-1.85067692300292,0.0642160459214285,-0.156637522236987,0.169758851337746,-0.922706068064436,0.356160402741145,-0.157474085001031,0.264841355925174,-0.594597790254189,0.55211235751987,
0,639168.522504226,0,0.868815080127208,0.0556163051026122,0.474399081657958,0.000000533762720613278,0.0716426805724001,0.0103071971019989,0.230803359406335,0.118884817773311,33.3124144512193,1.94140314742653,0.0607074671718401,-0.00577341382218923,0.0349555158172947,51107.5985720806,-0.165164600985025,0.868815080127208,-0.211020559605681,0.107668169619734,49.7757966628179,-1.95991591898488,0.0556163051026122,0.0905271408712037,0.125593212347902,49.8867374124958,0.720796444161626,0.474399081657958,0.238893594085319,0.123940386337571,1.92748789272494,0.0539188554765785,0.225955708457446,0.123900000022262,1.82369417608432,0.0681983198151131,0.012937885627873,0.0699244481186294,0.18502663912232,0.853208141311116,-0.301547700476885,0.165411650393749,-1.82301367381968,0.0683013199269866,-0.120493418734478,0.165442332515817,-0.728310686280717,0.46642342222688,-0.181054281742407,0.251186424695804,-0.720796444161626,0.471034763504955,
0,639225.081171169,0,0.792424699653903,0.0340462864714301,0.380616513242267,0.00000142381436672132,0.0871615135857985,0.0153487918060229,0.251564342567222,0.122478765166512,30.2704161233368,2.05394251179146,0.0487055658726259,0.00919343850363024,0.0349341538894192,48640.8889589976,0.263164768001287,0.792424699653903,-0.232457685841781,0.106650696469658,49.7541839065681,-2.17961713834578,0.0340462864714301,0.104380408022124,0.118003839677384,50.1942449228609,0.884550946032731,0.380616513242267,0.244958864508963,0.127385352369144,1.92297512981797,0.0544831733063996,0.261741811484829,0.127346216916064,2.05535600368362,0.0398446317100867,-0.0167829469758661,0.0698785478422556,-0.240173093089342,0.810196071877487,-0.336838093863905,0.159042767142548,-2.11790891164514,0.0341827827356581,-0.128077277819656,0.159072161900751,-0.805152053566522,0.420731940671812,-0.208760816044249,0.236007679354767,-0.884550946032731,0.376398873524864,
0,639133.859289299,0,0.838943338184638,0.0157977682680958,0.40827456691884,0.000000874792640132654,0.111576221188213,0.0136434872906129,0.290900423412422,0.129365598363523,28.1567496135245,2.24866909821713,0.0325416961740921,-0.00709278180334047,0.0348974568034976,47221.5395740818,-0.203246381055183,0.838943338184638,-0.264309643381178,0.105760379406968,49.7311546041853,-2.49913667919165,0.0157977682680958,0.0956301726695577,0.114676383354691,50.2748090918722,0.83391339935945,0.40827456691884,0.30075865848136,0.134010465011541,2.24429232788245,0.0248135988647825,0.285103622693467,0.133973362764875,2.12806200284625,0.0333319431796717,0.0156550357878936,0.0698038434062504,0.224271831234035,0.822545793377325,-0.359939816050736,0.155985457102269,-2.30752162885767,0.0210257578951477,-0.168679470711621,0.156014097682972,-1.08118095234179,0.27961662918083,-0.191260345339115,0.229352766709382,-0.83391339935945,0.404329785977606,
0,639369.305642468,0,0.375969583966091,0.00831023933684135,0.380103145842819,0.0000170080619273632,0.131399034150163,0.0153582988372817,0.329786017961133,0.131343900214815,27.4798731249263,2.51085903054319,0.0182165169252862,-0.0309274764639056,0.0349322718710814,46086.4325920706,-0.88535542658217,0.375969583966091,-0.283540956728139,0.103162304233676,49.9364503374403,-2.74849383051665,0.00831023933684135,0.102280376563942,0.115505768527275,50.2704067966092,0.885500160451208,0.380103145842819,0.363677797951657,0.135930055298653,2.6754774516395,0.00746228927401722,0.300251184491934,0.135893432494478,2.20946059703168,0.0271426201919552,0.0634266134597231,0.0698737496823264,0.907731640967966,0.364020022592885,-0.385821333292081,0.154853847748742,-2.4915191898757,0.0127198095701361,-0.181260580164197,0.154881803299049,-1.17031553289843,0.241874013295209,-0.204560753127884,0.23101153705455,-0.885500160451208,0.375886933111123,
0,639748.265460962,0,0.719701616393398,0.00542614040172301,0.308784425514116,0.0000028535950863757,0.144398697049572,0.0205895191514746,0.306933840077432,0.127875230753937,27.8803342029225,2.40026030270122,0.0233069140570952,-0.012558264553223,0.0349949000824129,45129.045892499,-0.358859848825067,0.719701616393398,-0.302262574934772,0.103981594324592,50.068430076213,-2.90688536656998,0.00542614040172301,0.114795573325034,0.111649059430884,50.2873428266546,1.02818218003976,0.308784425514116,0.322696403701271,0.132597791310115,2.43364840781217,0.0149475064295924,0.295815903069746,0.132560187700785,2.23155917474606,0.0256441124155741,0.026880500631525,0.0699974220734742,0.38402129443152,0.700962664675858,-0.417058148259806,0.152556623801192,-2.73379246255021,0.00626094935203069,-0.187467001609737,0.152583896249085,-1.228615903894,0.219215849752499,-0.229591146650069,0.223298118861767,-1.02818218003976,0.30386413920738,
0,639945.58136668,0,0.975561424378107,0.00582064993413763,0.336447951231944,0.0000000211940792739262,0.143219555666875,0.0183860754798685,0.284569344865288,0.123874658404567,27.3495775218133,2.29723616218502,0.0294806299340192,-0.00107292678505321,0.035023849833331,44279.0043405133,-0.0306341761445122,0.975561424378107,-0.301295783328965,0.104541356089485,49.6909239420462,-2.88207265143052,0.00582064993413763,0.105673787186434,0.108887142135198,50.2843704439924,0.97048912400718,0.336447951231944,0.288769059178682,0.128751783484807,2.24283541060818,0.0249074300825686,0.284999401256675,0.128713080897446,2.21422251157015,0.0268134760176662,0.00376965792200718,0.0700542344000221,0.0538105648329801,0.957086092196985,-0.406969570515399,0.150934720461561,-2.69632838137493,0.00701085138846066,-0.195621996142531,0.150961319118472,-1.2958418572708,0.195029974013204,-0.211347574372868,0.217774284270397,-0.97048912400718,0.331802743508488,
0,640156.686266408,0,0.566003375496678,0.00908777776958158,0.206605941660344,0.0000078848783778637,0.129603122440842,0.0314964459543077,0.303951074841496,0.123273742208934,27.8279060720979,2.46565951024944,0.0201097398413395,0.0201078018308359,0.0350339435304533,41778.4880037032,0.57395199639336,0.566003375496678,-0.278746634311744,0.102652155731246,49.5204948417322,-2.71544842216011,0.00908777776958158,0.134451380007615,0.105085547117192,50.3366393074003,1.2794469239207,0.206605941660344,0.287017914289792,0.128176155515598,2.23924577184612,0.0251399291453947,0.325167511406338,0.128137357109176,2.5376480266351,0.0111600160985959,-0.0381495971165458,0.07007297583632,-0.544426673210763,0.586147894962819,-0.413198014319359,0.146890442663848,-2.81296731649821,0.0049086640111623,-0.14429525430413,0.146915187888801,-0.98216703376744,0.326017565532836,-0.26890276001523,0.210171094234384,-1.2794469239207,0.200739718781691,
0,640475.456317463,0,0.436527801191185,0.0154006903400447,0.153003429678949,0.0000147424888421729,0.112910748920387,0.0401500203507649,0.327829651315499,0.130642436003294,26.3980978319488,2.50936572636499,0.0185512249042593,0.027302953668067,0.0350902746844506,41064.6871121257,0.778077513316405,0.436527801191185,-0.254287093804904,0.101319724235857,49.4871755504239,-2.50974916999342,0.0154006903400447,0.153091214776887,0.105512304515684,50.3282594846624,1.45093233893049,0.153003429678949,0.303656625550829,0.135292691402072,2.24444219716497,0.0248039640805172,0.355910102947513,0.135255791993888,2.63138530114553,0.0085037566038349,-0.0522534773966835,0.0701857300514219,-0.744502869150178,0.456572306082718,-0.40737830858179,0.146270175398125,-2.78510849852315,0.00535098147218679,-0.101195879028017,0.14629457145049,-0.691726822291996,0.489108899391527,-0.306182429553773,0.211024609031367,-1.45093233893049,0.146798701828582,
0,640652.003404277,0,0.598159687506677,0.0336850008126884,0.175682627105365,0.00000663292553766853,0.0884065187315422,0.0361311996829511,0.356679995780915,0.140347222888234,22.6029339150356,2.54141114046096,0.018381364838556,0.0185195778730512,0.0351379909328306,41879.3865315735,0.527052838861876,0.598159687506677,-0.223203205737011,0.102156662287358,49.2248483988939,-2.18491090780903,0.0336850008126884,0.146939035927453,0.106980875980207,50.3266026265036,1.3735075038518,0.175682627105365,0.341004257420196,0.144697642329369,2.35666768255964,0.018439740360541,0.375785518826029,0.1446630062985,2.59766147850285,0.00938609764285363,-0.0347812614058328,0.0702816666458874,-0.49488384475965,0.620682115033337,-0.370142241664464,0.147909326530391,-2.50249426690757,0.0123321622812711,-0.0762641698095586,0.147934492515091,-0.515526626096202,0.606185068443996,-0.293878071854906,0.213961751960414,-1.3735075038518,0.169594630056854,
0,640774.150427366,0,0.657863525618355,0.0676725306488301,0.236474620150287,0.00000429621556943657,0.0658165917587171,0.0277748809421343,0.379466015120125,0.145475934311562,21.2441279209589,2.60844528626593,0.0163164402021938,0.0155938949962625,0.0352111810952,45652.0300716159,0.442867705973891,0.657863525618355,-0.198627133683017,0.106327053676457,49.5320556387802,-1.86807709623386,0.0676725306488301,0.134008520174372,0.111845089302995,50.2511046571108,1.19816185949241,0.236474620150287,0.366427792806332,0.149695088264366,2.44782776145073,0.0143720340738322,0.395556381325676,0.149661335198694,2.64300983818249,0.00821726475953506,-0.0291285885193439,0.0704298513970583,-0.413582989904768,0.679179532786673,-0.332635653857389,0.154306377920084,-2.15568311784017,0.0311084173024451,-0.0646186135086455,0.154334294382702,-0.418692512685555,0.675440868352531,-0.268017040348743,0.22369017860599,-1.19816185949241,0.230854010457112,
0,640922.0392852,0,0.945556700404286,0.0743047558281864,0.271268779997527,0.0000000937079652100945,0.0628163267662043,0.0240308527295051,0.406048870174136,0.146527087637672,21.1065072012676,2.77115226079018,0.0114114493865295,0.00240994972391024,0.0352910016835699,49763.5605065673,0.0682879376878728,0.945556700404286,-0.204031184693531,0.111908832351547,49.5925626713854,-1.82319107800709,0.0743047558281864,0.129832736452749,0.116716395993138,50.2541105367279,1.11237787414531,0.271268779997527,0.406204030031959,0.150736096250675,2.6948026394185,0.00704303343204186,0.409028893926647,0.150702290864173,2.71415179942621,0.00664457112201927,-0.00282486389468735,0.0705913641832552,-0.0400171313781953,0.968079468367568,-0.33386392114628,0.161682977115091,-2.06492932715252,0.0389296877304604,-0.0741984482407816,0.161713396523071,-0.458826849451497,0.646358512241686,-0.259665472905499,0.233432791986276,-1.11237787414531,0.265975713746472,
0,640943.057676015,0,0.585311522215663,0.0469326019224185,0.2671183874216,0.00000577329284667835,0.0773028825123844,0.0244319597038089,0.432161010974636,0.145455843629843,20.3204882854399,2.97108043369095,0.00746337484455889,-0.0192696683352062,0.0353153168310936,51569.8859645113,-0.54564619729647,0.585311522215663,-0.235415311893415,0.115528080214955,49.5630216980033,-2.03773239765947,0.0469326019224185,0.131954131781308,0.117587896638783,50.2828637504142,1.12217443761798,0.2671183874216,0.45425321514052,0.149700953664105,3.03440428415548,0.00241011218925191,0.413686245136027,0.149666841492625,2.76404740696296,0.00570892443316572,0.0405669700044933,0.0706403398246014,0.57427484218253,0.565781830634658,-0.367369443674724,0.164828689214264,-2.22879551749134,0.0258275133377845,-0.103461180112107,0.164859954871037,-0.627570110601089,0.530285594044407,-0.263908263562616,0.235175793277567,-1.12217443761798,0.261788279083505,
0,641255.50535424,0,0.937451393955389,0.0195423300455156,0.308721308507523,0.000000124028545532698,0.104424731053533,0.0205957168286256,0.422133421442414,0.14450264471601,20.8831882868629,2.92128508977832,0.00819252427975745,0.00277459054539424,0.0353568505801653,49651.1089763795,0.0784739166488643,0.937451393955389,-0.27064945824647,0.112170242956985,49.9295589641909,-2.41284543129908,0.0195423300455156,0.119532361497026,0.116240638453106,50.2851920005966,1.02831817759886,0.308721308507523,0.422356636473034,0.14878460009162,2.83871204555413,0.00452960125309307,0.426069059613155,0.148750253287096,2.86432493523772,0.00417899082567347,-0.00371242314012081,0.0707228022047102,-0.0524925911359542,0.95813619861467,-0.390181819743497,0.1615213767122,-2.41566675374942,0.0157064287925045,-0.151117096749444,0.161551675110552,-0.935410274427869,0.349576903967106,-0.239064722994053,0.232481276906213,-1.02831817759886,0.303800183141942,
0,641770.326572389,0,0.819891556826728,0.0306093480344016,0.27098387356142,0.00000109899696201199,0.0897710112157813,0.0241113073448427,0.425749331467499,0.147640979485296,21.685514321692,2.88367994408965,0.00870240287704482,0.00806778687936814,0.0354338720370015,47170.9519120454,0.227685725989624,0.819891556826728,-0.24343663075922,0.109413023286828,50.1936023275091,-2.22493285941881,0.0306093480344016,0.126375259006242,0.113537117654321,50.1450322556498,1.11307439907897,0.27098387356142,0.420522845974095,0.151852197120969,2.76929049396036,0.00561785215523653,0.434716512463199,0.151818435621264,2.86339739099717,0.00419124539675322,-0.0141936664891039,0.0708756792571965,-0.200261452699414,0.84127610813432,-0.369811889765462,0.157661980111859,-2.34559967788738,0.0189964983910469,-0.117061371752978,0.15769106990327,-0.742346233206391,0.457877586769395,-0.252750518012483,0.227074235308642,-1.11307439907897,0.265676477759641,
0,641950.817459608,0,0.874201740492077,0.0339931606056857,0.234103367759271,0.00000054751370229192,0.0864877816367064,0.0281266320211547,0.435015554069269,0.152739541721852,22.1336134113926,2.84808733328178,0.00931848252871528,-0.00561329849295598,0.0354543721219528,45782.7047374867,-0.158324577675437,0.874201740492077,-0.238108685513646,0.109236001976922,50.1855264574129,-2.1797638251531,0.0339931606056857,0.133125403037098,0.110535303403292,50.1200858192433,1.20436999708035,0.234103367759271,0.443481080842353,0.156818404523256,2.82799128195814,0.00468410821263303,0.43020885253617,0.156785675431195,2.74392958000149,0.00607085593901527,0.0132722283061826,0.0709154996977086,0.187155535288591,0.851538686467344,-0.371234088550744,0.155390288966323,-2.38904304136534,0.0168923232303081,-0.104983282476548,0.155418702052494,-0.675486804934771,0.499366531858248,-0.266250806074196,0.221070606806583,-1.20436999708035,0.228446603085005,
0,641958.893504316,0,0.885488726115216,0.0659519275038294,0.210200804465194,0.000000442937543906491,0.0659309322501182,0.0310790389872772,0.443570970464531,0.160303265815193,23.2181443373785,2.76707382228823,0.0109108020199228,0.00510814116228723,0.035469346066564,46824.8863505342,0.144015656581347,0.885488726115216,-0.209113759357297,0.111238851914448,50.0658965061185,-1.87986261776706,0.0659519275038294,0.141207058573471,0.111252010105878,50.2247576542601,1.26925399764989,0.210200804465194,0.441154378852341,0.164197746191228,2.68672615237096,0.00721560833737727,0.44920084553639,0.164166369194919,2.73625376341875,0.0062143083574553,-0.00804646668404876,0.0709457185176948,-0.11341722731361,0.909699782414429,-0.350320817930768,0.157310137476941,-2.22694368938632,0.0259510374433445,-0.0679067007838263,0.15733945628059,-0.43159358999389,0.666036818056552,-0.282414117146942,0.222504020211755,-1.26925399764989,0.204350487809953,
0,642164.754916831,0,0.637562506870812,0.227090020694568,0.123717648705747,0.00000469923448164145,0.0289352547873706,0.0466352458570832,0.456406174143803,0.163157784931626,24.2352379098658,2.7973300467095,0.00993731665239738,0.0167327286512801,0.0355174724936955,47230.2532471173,0.471112595476784,0.637562506870812,-0.140070269717121,0.114542142605645,50.1859559201863,-1.22287104580683,0.227090020694568,0.171486593826113,0.109528663800449,50.1129063419518,1.56567776758918,0.123717648705747,0.442067167740754,0.166996054433282,2.64717133132848,0.00811682179074198,0.47289752806457,0.166965079658731,2.83231397266513,0.00462124472614418,-0.0308303603238156,0.0710412864413818,-0.433978069207047,0.664304366640676,-0.311556863543234,0.158466783589121,-1.96607046907099,0.0492904710580566,0.0314163241089922,0.158496497602081,0.198214626722324,0.842877144056207,-0.342973187652226,0.219057327600899,-1.56567776758918,0.117424073630771,
0,642419.234893093,0,0.341745621485872,0.350811080251331,0.0937803902664455,0.0000192497225788684,0.0173231612536833,0.0550678169938827,0.471715196101136,0.165005492861179,24.296207406045,2.85878480723061,0.00859553668895742,0.0338144005149562,0.0355667219834911,46955.1107569262,0.950731431776359,0.341745621485872,-0.10822530945296,0.114917034345057,50.3120977186929,-0.941769077750443,0.350811080251331,0.186008373050591,0.108887404468399,50.0740221464121,1.70826344845582,0.0937803902664455,0.440161422118293,0.168812147472889,2.60740372483552,0.00912317219959647,0.504931981632581,0.16878142014053,2.99163249848334,0.0027749009049857,-0.064770559514288,0.0711394969663595,-0.910472554295917,0.362573349535037,-0.294233682503551,0.158296252431726,-1.85875330580208,0.0630621138533474,0.0777830635976312,0.15832586565412,0.491284625391259,0.623225152417692,-0.372016746101182,0.217774808936798,-1.70826344845582,0.0875874702439172,
0,642415.837397874,0,0.0421002055707219,0.291797828683026,0.0678342399578274,0.0000844727638397448,0.0221528906924821,0.0649656829105119,0.477745114636136,0.167751647164094,23.3216023518498,2.84793099032171,0.009031492548015,0.0723387830506724,0.035589608697675,48903.7969005495,2.03258157922366,0.0421002055707219,-0.12339556825761,0.115819808453318,50.1041837724907,-1.06540988027403,0.291797828683026,0.210542102962441,0.112804350433915,50.1383176204821,1.86643602088542,0.0678342399578274,0.40797200779632,0.171502344729055,2.37881300364054,0.0173684843132655,0.54941434222715,0.171472006651227,3.20410516536763,0.0013548297847128,-0.14144233443083,0.0711867438549807,-1.98691956916827,0.046931310654769,-0.333937671220051,0.161660361089812,-2.06567441127098,0.038859233031165,0.0871465347048309,0.161691145911806,0.538969120500666,0.589908161838422,-0.421084205924882,0.22560870086783,-1.86643602088542,0.0619803874448157,
0,642462.664481094,0,0.00646360987747287,0.221100477260782,0.0728385684237654,0.000153627009098185,0.0297748597438898,0.0626441920958302,0.497313687958685,0.166837145540703,23.2117573801762,2.98083311331503,0.00664243528096292,0.0969287857849369,0.035591034144729,48271.4150861018,2.72340459090852,0.00646360987747287,-0.142330212782545,0.114868353231774,50.0283531208652,-1.23907245797596,0.221100477260782,0.205260815962949,0.112023984329318,50.2358475594027,1.83229347886378,0.0728385684237654,0.403055478483098,0.170608162888746,2.36246303610884,0.0181539517367128,0.593758971684915,0.170577688121953,3.48087125709203,0.000499785655977275,-0.190703493201817,0.0711892872947034,-2.67882290227684,0.00738814582837278,-0.347591028745494,0.160434526033826,-2.16656001260108,0.0302684192256591,0.062930603180404,0.160464906240248,0.392176736053329,0.694927632061332,-0.410521631925898,0.224047968658637,-1.83229347886378,0.0669077081393753,
0,642508.1273269,0,0.0872225672154205,0.200669290118554,0.134114346772841,0.0000614870185304498,0.032470738991319,0.0440029210445026,0.526663301645689,0.167015467951664,22.5880122376072,3.15338039107918,0.00451214182929214,0.0608717540746886,0.0355919073269226,47568.4466782607,1.71026951479624,0.0872225672154205,-0.152023674049775,0.117237441758395,50.1027677618625,-1.29671606416548,0.200669290118554,0.164951545475471,0.108335787293674,50.3667523476387,1.52259516080614,0.134114346772841,0.468226899585033,0.170782665475421,2.74165354125136,0.00611307826375524,0.587435729603463,0.170752248496567,3.44028107843789,0.000581110343559968,-0.11920883001843,0.0711896487291415,-1.6745247679475,0.0940275108813627,-0.316975219525246,0.159613569472584,-1.98589142873401,0.0470453806690066,0.0129278714256957,0.15964344508124,0.0809796570045013,0.935458130721735,-0.329903090950941,0.216671574587347,-1.52259516080614,0.127860021224978,
0,642599.819066135,0,0.20364152056408,0.120808878155598,0.183027837844275,0.0000327171086398306,0.0475691304894521,0.0349407594235844,0.539641347373623,0.164753341810641,22.0787894174,3.27545008461108,0.00344617439182199,0.0453015745425654,0.0356351266438814,49394.7572751148,1.27126178041362,0.20364152056408,-0.194116523245359,0.122987626763679,49.8781590715865,-1.57834188977689,0.120808878155598,0.146664511601613,0.108633588184356,50.3435069136201,1.35008438967069,0.183027837844275,0.496958027282625,0.168580542982276,2.9478967055817,0.00319943950688787,0.585307500422671,0.168549616479404,3.47261247250712,0.000515418996895259,-0.0883494731400457,0.0712761841745143,-1.23953707908561,0.21514666596566,-0.340781034846972,0.164079710392344,-2.07692367345178,0.0378086044044809,-0.0474520116437465,0.164110555038684,-0.289146616026989,0.772469181923531,-0.293329023203226,0.217267176368712,-1.35008438967069,0.176988915024377,
0,642687.778297274,0,0.255451385899593,0.0903899733165893,0.222547310363465,0.0000255288993929725,0.0566843150064423,0.0294969842462179,0.530596962921871,0.16125053073371,22.4981491538627,3.29051297076412,0.00326779206930978,0.040562570039743,0.0356681579844317,50657.8070984338,1.13722076866004,0.255451385899593,-0.214470768727608,0.124188015605704,49.6330535180331,-1.72698442503946,0.0903899733165893,0.136738444009247,0.11071122673202,50.1900021501866,1.23509103860106,0.222547310363465,0.492732768057533,0.16516622914591,2.98325372326715,0.00285201458410983,0.571756758113289,0.165134581261043,3.46236841336983,0.000535443668256945,-0.0790239900557566,0.0713430020759251,-1.10766280863339,0.268007467003266,-0.351209212736855,0.166356236866259,-2.11118752956168,0.0347561962790188,-0.0777323247183612,0.166387740969338,-0.467175792312041,0.640374111655264,-0.273476888018494,0.221422453464039,-1.23509103860106,0.216796624184859,
0,642950.097231115,0,0.327283770278777,0.0790767597209038,0.221137273621756,0.0000182438606949426,0.0608919577878751,0.0296844284215409,0.520280788027622,0.158340765372758,23.2090721354327,3.28582969017992,0.00321241670747735,0.0350146163151344,0.0357434689267745,52599.3860836091,0.979608789143178,0.327283770278777,-0.222988778522211,0.124367433151634,49.5802026330273,-1.79298368448542,0.0790767597209038,0.142795396007207,0.115257322149574,50.1736470264762,1.23892689283459,0.221137273621756,0.488076527763271,0.162343518248037,3.0064429613849,0.00264323637880014,0.555911538045297,0.16231113889425,3.42497466182827,0.000614856761090239,-0.0678350102820263,0.0714953025553431,-0.948803737553479,0.342720440610813,-0.365784174529418,0.169546443210798,-2.15742759094413,0.0309723633583463,-0.0801933825150039,0.169578952320744,-0.472897027712053,0.636286645596394,-0.285590792014414,0.230514644299148,-1.23892689283459,0.215372573310869,
0,643180.906556817,0,0.565306874775319,0.0764424877295225,0.18051823747652,0.00000608007714314578,0.0619940291227057,0.0354401899728749,0.515051737924026,0.156814628792794,25.0419886657775,3.28446230998377,0.00301453129500282,0.0205905102538975,0.0358107984844659,54374.4000928414,0.57498048424777,0.565306874775319,-0.22479138290337,0.124228556110682,49.5418457780806,-1.80949847556057,0.0764424877295225,0.163316712229372,0.120257463855012,50.1961370951075,1.35805884303592,0.18051823747652,0.497443100614517,0.160870640761036,3.09219319486295,0.00198683495845133,0.536114564162947,0.160837777412749,3.33326269976454,0.000858338565383304,-0.03867146354843,0.0716318877429514,-0.539863806007754,0.589290960165438,-0.388108095132741,0.172883813703598,-2.24490706688213,0.0247740991837339,-0.061474670673998,0.172917235958906,-0.355514997293893,0.722203811587619,-0.326633424458743,0.240514927710023,-1.35805884303592,0.174445013368284,
0,643311.576995602,0,0.630719610917191,0.104912778132461,0.109990384604314,0.00000427392325045535,0.0520488965191632,0.0500600979973721,0.507369954999674,0.154245758716419,27.1284248967264,3.28936081757992,0.00278396753016068,0.0172264940356956,0.0358350026731263,54069.2491548376,0.480716973648067,0.630719610917191,-0.200985714079062,0.121687634852508,49.6834663053821,-1.65165272809081,0.104912778132461,0.198670028325841,0.122106730608222,50.2330948775806,1.62701947170522,0.109990384604314,0.493214055626373,0.158373038500713,3.11425518065155,0.00184409924197849,0.524614240678425,0.158339608429764,3.31322178879286,0.000922278123163958,-0.0314001850520521,0.0716810150307005,-0.438054414249067,0.661346838685903,-0.399655742404903,0.172372215011443,-2.31856243408122,0.0204187739892024,-0.00231568575322144,0.172405590871354,-0.0134316163502456,0.989283442914487,-0.397340056651682,0.244213461216443,-1.62701947170522,0.103732962362989,
0,643486.013498709,0,0.459570357948779,0.0987976436380495,0.0831081692733798,0.0000101371338442765,0.0535714254670141,0.058682607132783,0.495426419503545,0.152744119247558,28.0250291585963,3.24350568744705,0.00304729151360423,0.0265284735944539,0.0358706267041965,53954.4179960066,0.739559802320105,0.459570357948779,-0.201832011257168,0.119991818187426,49.984053105968,-1.68204811216302,0.0987976436380495,0.219194504226967,0.123964105792581,50.1526748993076,1.76820945729022,0.0831081692733798,0.472132734338234,0.156919078371194,3.00876565959303,0.00262311358039471,0.521821495344427,0.156885272035402,3.32613436923941,0.000880594666444225,-0.049688761006193,0.0717529855563014,-0.692497470606355,0.488624973803997,-0.421026515484135,0.172509072028757,-2.44060506808564,0.0146626799840426,0.0173624929697988,0.172542435306606,0.10062737864425,0.919846262000362,-0.438389008453934,0.247928211585162,-1.76820945729022,0.0770258937433884,
0,643626.806998,0,0.360732052604143,0.0899618178876505,0.128018534958957,0.0000152190161453245,0.056488086426173,0.0456533552619615,0.487254973556797,0.15062727401711,27.2205457999425,3.23483895420859,0.00318619510821592,0.0328217404481837,0.0359108373487234,54888.1966738081,0.913978700342127,0.360732052604143,-0.208282349470396,0.120454283107473,49.9402792921119,-1.72914025219477,0.0899618178876505,0.196079203399388,0.126699387058953,50.0665296843904,1.54759393830496,0.128018534958957,0.457539982979009,0.154868824421813,2.9543711246417,0.0031330698098976,0.520170471985198,0.154834487422297,3.359525908246,0.000780763300768127,-0.062630489006189,0.0718345165017374,-0.871871797239343,0.383278320900325,-0.404361552869784,0.174802966875697,-2.31324193231415,0.0207093412917792,-0.0122031460710074,0.174836668841387,-0.0697974066417278,0.944354911345705,-0.392158406798777,0.253398774117905,-1.54759393830496,0.121720091764038,
0,643700.45036372,0,0.453731952012578,0.0873122042659266,0.148935612551687,0.0000103127774247136,0.0574467028113641,0.0411502962723246,0.491362246100767,0.14971896916272,28.1087698510592,3.28189706921331,0.0027568144101104,0.0269132012472783,0.0359219528336965,54429.0454229337,0.749213200403526,0.453731952012578,-0.206362765847932,0.11832568885349,49.9051547881391,-1.74402336337505,0.0873122042659266,0.187875485714187,0.128166376482453,50.0690778148112,1.4658718680395,0.148935612551687,0.467478016397032,0.153988112483703,3.03580587395345,0.00239893762283491,0.518417486952829,0.153953563549825,3.3673626969021,0.000758908061676966,-0.0509394705557973,0.0718573511302645,-0.708897137934478,0.478388311324222,-0.39423825156212,0.174418300012424,-2.2603032567915,0.0238024359971963,-0.0184872801337454,0.174451810043248,-0.105973564442594,0.915603326574134,-0.375750971428374,0.256332752964906,-1.4658718680395,0.14268319727507,
0,644035.204899468,0,0.206055232115744,0.147324523301695,0.15993974793582,0.0000302095578507816,0.0415517994680269,0.0390704734655515,0.489149100376135,0.150305575163924,29.8055696861116,3.25436431644446,0.00282775043613148,0.0454936008678005,0.035977465332897,52927.5767237085,1.26450266706816,0.206055232115744,-0.168305335903359,0.114347464196373,49.9713985087293,-1.47187641707841,0.147324523301695,0.18515875899168,0.129801481497167,50.0463130243623,1.42647646895865,0.15993974793582,0.446371199166749,0.154571362254613,2.88780012452422,0.00387946305435081,0.534513214724696,0.154536852904275,3.45880742799771,0.000542572680172215,-0.0881420155579465,0.0719689949886752,-1.22472205665532,0.220679960776725,-0.353464094895039,0.17296840913058,-2.0435182162553,0.0410011659840752,0.0168534230883205,0.173001340390289,0.0974178757823456,0.922394549425282,-0.37031751798336,0.259602962994334,-1.42647646895865,0.153730854490755,
0,644385.373013461,0,0.0773486366216191,0.225153243866105,0.183421218971284,0.0000609142773273372,0.0292328129886489,0.0350290107356654,0.459357634754876,0.150564937936866,30.9655747574369,3.05089379406174,0.00464976209888163,0.0636394246853266,0.0360294468898255,51214.3597598805,1.76631700397538,0.0773486366216191,-0.138971292034107,0.113160483145535,50.0847008812222,-1.22809030300248,0.225153243866105,0.169634792830618,0.125754867815405,50.126414370311,1.34893221850962,0.183421218971284,0.398089261192863,0.154835426026613,2.57104766918419,0.0101391369731948,0.52276146872578,0.154800919903108,3.37699200400737,0.000732831804168866,-0.124672207532917,0.072071158232963,-1.72984881316777,0.0836572905926313,-0.308606084864725,0.169157111337901,-1.82437547215066,0.0680953275245448,0.030663500796511,0.169189346986796,0.181237774969981,0.856180945399396,-0.339269585661236,0.25150973563081,-1.34893221850962,0.177358738488913,
0,644363.171190967,0,0.0563131520039629,0.321751935441393,0.244182460312927,0.0000727754488990047,0.0196133661170637,0.026955937617875,0.438790565067731,0.151120661503199,30.1864541087096,2.9035775829928,0.00683631238379654,0.0687341913120983,0.0360119675382943,50053.6156745959,1.90864859685903,0.0563131520039629,-0.111005257491228,0.110920095987899,50.0624235313739,-1.000767773437,0.321751935441393,0.147690424230164,0.125326410508568,50.1299807531162,1.17844613622017,0.244182460312927,0.372043958307023,0.155371671088884,2.39454178293665,0.0166411472869704,0.507242900609412,0.155337352790036,3.26542773839486,0.00109298889257857,-0.135198942302389,0.072036025307207,-1.87682401584229,0.060542217768614,-0.258695681721392,0.167346009033178,-1.54587302808102,0.122135235667291,0.0366851667389366,0.167377617949716,0.219176059429629,0.826512903903474,-0.295380848460328,0.250652821017135,-1.17844613622017,0.238618793985704,
0,644495.237002423,0,0.144925538022105,0.311418141461131,0.322073505471108,0.0000412833792682488,0.0204720797488092,0.0195858347021114,0.434029587532812,0.150418669329267,28.7055436408182,2.88547684584764,0.00734258371671239,0.0525603723833334,0.0360567150474017,51469.6698593106,1.45771383539059,0.144925538022105,-0.114872759107254,0.112334500756449,50.033702356577,-1.02259553684499,0.311418141461131,0.128386491069123,0.128374235404055,50.0668664889513,1.00009546826144,0.322073505471108,0.383338200068036,0.154699658284861,2.47795117531653,0.0132139226018559,0.486486132574691,0.154665081551222,3.14541671394377,0.00165850409680065,-0.103147932506655,0.0721267717125012,-1.43009218432518,0.152690563077012,-0.243259250176377,0.170568112336808,-1.42617073521944,0.15381906479041,0.0135137319618687,0.170600374575821,0.0792127918562262,0.936863370135028,-0.256772982138246,0.256748470808109,-1.00009546826144,0.3172643090195,
0,644556.811332462,0,0.4074305275426,0.243497466908359,0.415268469308168,0.0000125614241733813,0.0270932220081108,0.0133063594122669,0.4257980522316,0.150178769262979,28.7678451434242,2.83527461518867,0.00829168055963528,0.0299082523799636,0.0361023201916414,54634.5675391979,0.828430201194882,0.4074305275426,-0.141350003817907,0.119766397523924,50.0186826382216,-1.18021420649036,0.243497466908359,0.10517448979136,0.128030149667371,50.040241933151,0.821482206063244,0.415268469308168,0.397783871958973,0.154477461856413,2.57502853282709,0.0100231817749554,0.455984244669702,0.154442667921873,2.95244993372147,0.00315263189974414,-0.0582003727107289,0.0722178234141636,-0.80590039908783,0.420300281127048,-0.246524493609266,0.175299145163907,-1.40630744878283,0.15963284921581,-0.0361755140265474,0.175332906507078,-0.206324726756794,0.836537264881787,-0.210348979582719,0.256060299334743,-0.821482206063244,0.411371655524334,
0,644830.703846492,0,0.917230812955673,0.24096243335903,0.491732232372325,0.000000197236791505828,0.0273769337670992,0.00949632439370536,0.432294377417559,0.153037347861493,27.8215340745508,2.82476391193611,0.00865236268605733,0.00375792960808007,0.0361607016301308,54756.486031304,0.103923028002001,0.917230812955673,-0.144193329905556,0.121510875421055,50.0287673624791,-1.18667015940674,0.24096243335903,0.0877251388965263,0.126651748434841,50.0410368368645,0.692648463054253,0.491732232372325,0.430318300381217,0.157271394538377,2.73615110773506,0.00621624738634896,0.436486157731409,0.157237101897035,2.77597432454102,0.00550365545532376,-0.00616785735019157,0.0723339413183388,-0.085269200568611,0.932047376716985,-0.231918468802082,0.175498167756814,-1.32148655320122,0.186339183217087,-0.0564681910090297,0.175532075611234,-0.321697278474019,0.74768203980755,-0.175450277793053,0.253303496869682,-0.692648463054253,0.488530188932675,
0,645228.756468654,0,0.260930898552529,0.174160423326546,0.452377464579972,0.0000236392012361481,0.0366049431059058,0.0113170723275905,0.439012098943131,0.153182592539825,27.8845380732735,2.86593986734488,0.00782193694250011,-0.0407292541854057,0.0362293670461403,53462.388510144,-1.12420551354194,0.260930898552529,-0.169797599478616,0.123168832997435,50.0179763076108,-1.37857601916348,0.174160423326546,0.0919559800911503,0.121415545491614,50.1111428893801,0.757365786389366,0.452377464579972,0.481752431812038,0.157428377522554,3.06013718360923,0.00221235630402104,0.398880909631171,0.157394028663256,2.53428235504776,0.011267789866511,0.0828715221808671,0.0724690326180246,1.14354392748242,0.252812827287464,-0.261753579569766,0.172934996794319,-1.51359519138329,0.130128541478853,-0.0778416193874655,0.172968433830284,-0.450033671830799,0.65268616155403,-0.183911960182301,0.242831090983229,-0.757365786389366,0.448830747786015,
0,645315.599928184,0,0.111187585576028,0.154357945493248,0.450832186071124,0.0000491167116974121,0.0401730319011175,0.0114080205516786,0.4451898073518,0.154880428393213,25.8025127334669,2.87440971057715,0.00800036666332778,-0.0577073100596774,0.036227712284119,51657.0054249556,-1.59290516627445,0.111187585576028,-0.177830185744065,0.122961797591714,49.972249032913,-1.44622304835309,0.154357945493248,0.0889207307578452,0.117004181093419,50.0506902581169,0.759979087301581,0.450832186071124,0.504946591129709,0.159080278469594,3.17416210222577,0.00150269741669247,0.388165597442953,0.159046355909954,2.44058152242556,0.0146636358881752,0.116780993686757,0.0724639608451582,1.61157342663473,0.107054797111056,-0.26675091650191,0.169717573369093,-1.57173421235404,0.116012204298366,-0.0889094549862196,0.169750138174792,-0.523766613342426,0.600440877499178,-0.17784146151569,0.234008362186837,-0.759979087301581,0.447267085431513,
0,645191.918613307,0,0.081899442488436,0.197540250274953,0.362193570201272,0.0000607024451054246,0.0329717314017775,0.016621399046752,0.464754378310065,0.154746067487359,24.6272363052933,3.0033356314404,0.00605030164034635,-0.0629475284526415,0.0361807961904816,49861.8718118901,-1.73980495402148,0.081899442488436,-0.156646881890888,0.119947707478106,50.0215358198353,-1.30595978184477,0.197540250274953,0.105704987112797,0.114946508661338,50.0325413630882,0.919601546352587,0.362193570201272,0.5297175821632,0.158938475543595,3.33284675313187,0.000859622769010229,0.402198241481766,0.158904679984899,2.53106605494556,0.0113716430919099,0.127519340681434,0.0723693594930888,1.76206258525215,0.0780587238722201,-0.262351869003685,0.166117142003737,-1.57931846069072,0.114263029574006,-0.0509418947780909,0.166148728246348,-0.306604181180127,0.759144670718505,-0.211409974225594,0.229893017322675,-0.919601546352587,0.357781018351944,
0,645070.378980559,0,0.0716049295445121,0.19301976934645,0.362722681787368,0.0000672318911547373,0.0336802914040598,0.0165963074948412,0.494830686323411,0.1571672180671,24.2452716136024,3.14843446622661,0.00431582923673338,-0.0651062028727017,0.0361367582894067,48277.172409218,-1.80166140945153,0.0716049295445121,-0.154719215349841,0.117256416667241,49.9528497440251,-1.31949465749848,0.19301976934645,0.104166883750564,0.113399214326184,49.9988038639965,0.918585586060023,0.362722681787368,0.56192593674309,0.161286594191539,3.48402134448795,0.000493940094769507,0.430112882022556,0.161253408283177,2.66731033223953,0.00764610331169462,0.131813054720534,0.0722807183644181,1.82362679429902,0.0682085129515844,-0.258886099100404,0.163105591661819,-1.58723006650303,0.112460547487931,-0.0505523315992767,0.163136335889718,-0.309877816757209,0.756653872693442,-0.208333767501128,0.226798428652368,-0.918585586060023,0.358312374067383,
0,645273.947663094,0,0.0718133322698495,0.190718888450721,0.502361886767759,0.0000669490980046674,0.0338825789971325,0.0090781109138887,0.518133357244385,0.160644281025967,23.712131538165,3.2253458008918,0.0036486943569313,-0.0651380647432401,0.036180997539073,48409.9710726077,-1.80033910543499,0.0718133322698495,-0.154339139924135,0.116360594575458,50.1641828126901,-1.32638665595721,0.190718888450721,0.0776011430132255,0.114847488306194,49.8353107135132,0.675688638538911,0.502361886767759,0.585053442159526,0.164686478386741,3.55252870721795,0.000381547383952375,0.453584878133768,0.16465388354452,2.75477789147394,0.00587319906866228,0.131468564025758,0.0723697042009879,1.81662431092212,0.0692746583507468,-0.231940282937361,0.163476853483231,-1.41879586005827,0.155958540012114,-0.0767379969109095,0.163507753503046,-0.469323290589273,0.638838569900531,-0.155202286026451,0.229694976612387,-0.675688638538911,0.499238350915925,
0,645674.314570961,0,0.10408082850969,0.133398453845953,0.448276144569163,0.0000547570714664978,0.0442157445066816,0.0115832752191686,0.543050146727079,0.161393611391006,23.1481177467543,3.36475615141568,0.00266090742707721,-0.0589417639618106,0.0362626079861442,48246.3200301298,-1.62541436579333,0.10408082850969,-0.177978540552621,0.116669251445775,50.3043323805311,-1.52549654983722,0.133398453845953,0.0875187561344213,0.114504534166852,49.8500518907084,0.764325681696517,0.448276144569163,0.60403175272189,0.165435419075347,3.65116343342889,0.000261055043492572,0.484803394250715,0.165402838625,2.9310463972741,0.00337822321979431,0.119228358471175,0.0725327102646476,1.64378744481146,0.100220115667351,-0.265497296687042,0.163456307980904,-1.62427072999874,0.104318041252624,-0.0904597844181999,0.163487126516501,-0.55331441897396,0.580048129285973,-0.175037512268843,0.229009068333704,-0.764325681696517,0.444673184666491,
0,646090.112191077,0,0.0974730908933627,0.105544982025195,0.40648788452545,0.0000587420306017765,0.0510339968362636,0.0138587216590201,0.572842466320385,0.162882416647712,23.4339484051417,3.51690795182239,0.00181287922083995,-0.06021197725547,0.0363321870495184,46752.8648146173,-1.6572626683168,0.0974730908933627,-0.193613646866628,0.117478574353533,50.5063131593679,-1.64807623800387,0.105544982025195,0.0926932935323247,0.110721448187309,49.8711149569234,0.837175588378453,0.40648788452545,0.635254168163084,0.166903211224001,3.80612310275151,0.000141162141014538,0.513405870137661,0.166870827038318,3.07666642066663,0.00209329414916837,0.121848298025423,0.072670367249821,1.67672605267758,0.0935960636587434,-0.286306940398952,0.161417509827642,-1.77370435651414,0.0761120654609666,-0.100920353334303,0.161447504046083,-0.625097017947683,0.531907385020611,-0.185386587064649,0.221442896374618,-0.837175588378453,0.402493877097955,
0,646351.079243347,0,0.0699159445529725,0.0852512960983457,0.549382287012883,0.0000737906503177011,0.0573355686285919,0.00719894128042553,0.599537807205821,0.16445491186144,25.049364956807,3.64560596226495,0.00122060770753162,-0.0658967992658678,0.0363568855759822,44516.5919369288,-1.81249846409837,0.0699159445529725,-0.19746076292146,0.112493085537131,50.6574074602237,-1.75531466648485,0.0852512960983457,0.0662729121124836,0.109947820639521,50.1063143548972,0.602766946420597,0.549382287012883,0.667460898424808,0.168443257260616,3.9625266649416,0.0000741607212278199,0.534648937194369,0.168411166409598,3.17466441562451,0.00150009878977013,0.132811961230439,0.0727194226635436,1.82636160142429,0.067795811830187,-0.263733675033944,0.157285476262728,-1.67678339602956,0.0935848457402944,-0.131187850808977,0.157314061898153,-0.833923231185205,0.404324245263353,-0.132545824224967,0.219895641279042,-0.602766946420597,0.546663738458057,
0,646679.192645776,0,0.204340679839825,0.0769837343863261,0.611771408986001,0.0000377304237550358,0.0605560834305657,0.00518919252176696,0.623043093257569,0.164820904977339,25.0711129491585,3.78012178335769,0.000866349309821578,-0.0462039445413457,0.0364010961787927,42699.3352822659,-1.26930091100565,0.204340679839825,-0.197558766089103,0.109432686478,50.5605242001403,-1.80529942604324,0.0769837343863261,0.0555943501031516,0.108847829435305,50.010647838391,0.510752951083832,0.611771408986001,0.671192038270247,0.168809962909192,3.97602147825422,0.000070077798983714,0.577929875388517,0.168777920625711,3.42420307849484,0.000616605245094902,0.0932621628817305,0.0728073745611435,1.28094390772749,0.200213368922637,-0.253153116192254,0.154334565705912,-1.6402878709274,0.100945326321923,-0.141964415985951,0.154361807172327,-0.919686148967306,0.35773679285764,-0.111188700206303,0.21769565887061,-0.510752951083832,0.609524057814972,
0,646698.36481871,0,0.473062380338648,0.0563580814028824,0.564702920002453,0.0000120957009971513,0.0705554680095935,0.00671194673871207,0.649973638535255,0.164165895019646,24.2993872341852,3.95924889549972,0.000573424313232207,-0.0261208035715994,0.0364047093791071,42561.9614500752,-0.717511663108903,0.473062380338648,-0.216169369397826,0.110667007599048,50.2625799880379,-1.95333165762482,0.0563580814028824,0.062369764621436,0.107581212662831,49.7395726778152,0.579745878278098,0.564702920002453,0.678234485868119,0.168171265730011,4.03299863935723,0.0000550695986618587,0.625034492563927,0.168139111476132,3.71736526425414,0.000201311286647282,0.0531999933041929,0.0728141423553251,0.730627204871585,0.465006890380164,-0.278539134019262,0.154326639879653,-1.80486748261009,0.0710954213159584,-0.15379960477639,0.154353801382804,-0.996409569434322,0.319051185317816,-0.124739529242872,0.215162425325663,-0.579745878278098,0.562085999920861,
0,646475.428060678,0,0.895158555809016,0.0408356665224344,0.601288601272825,0.000000408009639836345,0.0809440705917753,0.00554060106523983,0.705756445678279,0.164062006246912,23.2724462998597,4.30176652000781,0.000259616459737926,-0.00479133897318598,0.0363584900025869,42562.9299295473,-0.131780471984537,0.895158555809016,-0.234710564151812,0.111793149224531,50.0485839451005,-2.09950757966759,0.0408356665224344,0.0559764644699454,0.106436254261124,49.6434482353798,0.52591539281922,0.601288601272825,0.712781161890441,0.168059807958211,4.24123513260041,0.0000222293108571876,0.702338338499958,0.168027727290466,4.17989548406995,0.0000291643104817649,0.0104428233904825,0.0727213402509492,0.143600535337303,0.885815917901176,-0.290687028621758,0.154344417967719,-1.88336599696501,0.059650785131302,-0.178734099681867,0.15437153076769,-1.1578177581904,0.2469384148896,-0.111952928939891,0.212872508522248,-0.52591539281922,0.598946993462351,
0,646525.196350742,0,0.320193326227114,0.027036764299742,0.703454438652845,0.0000230374462393995,0.0936390937028588,0.00295152957600959,0.723208746318003,0.166210810571403,22.9675832419648,4.35115347691127,0.000235288350503499,0.0361573567666527,0.0363729684566672,42893.5031685333,0.994072199791135,0.320193326227114,-0.252860414632441,0.111016722585392,50.2144662514884,-2.2776786122284,0.027036764299742,0.0413058248823564,0.107884602416384,49.5191065468074,0.382870437089207,0.703454438652845,0.689311497912299,0.170161273485247,4.05093053074771,0.000051014352779363,0.760991497956209,0.170129547688256,4.47301193882349,0.00000771254695539966,-0.0716800000439092,0.0727508040142958,-0.985281207748905,0.324485960840938,-0.294166239514797,0.15478876019197,-1.90043669288371,0.0573758354831698,-0.211554589750085,0.154816148971996,-1.36648916249914,0.171785480165977,-0.0826116497647128,0.215769204832769,-0.382870437089207,0.701815832004345,
0,646752.096496351,0,0.0883993661184345,0.020281565175794,0.77291327920301,0.0000702315179376042,0.102232286496781,0.00169669442394371,0.715362566006131,0.169294729591075,23.996898390549,4.22554540081703,0.00029764001603728,0.062022141368552,0.0363992008899726,41337.7902551397,1.70394239027479,0.0883993661184345,-0.255522513845923,0.106607815213309,50.4494185449071,-2.3968459848338,0.020281565175794,0.0315936422286857,0.108887549164066,49.5338201034654,0.290149263816031,0.77291327920301,0.655546366509012,0.173180244791397,3.78534149376359,0.000153497646740601,0.779105175079729,0.173149043353458,4.49962159761577,0.0000068074531255927,-0.123558808570717,0.0728035809368799,-1.69715290073219,0.0896677570140643,-0.287116156074609,0.152373621879765,-1.88429042069478,0.0595257024553301,-0.223928871617237,0.152399897015275,-1.46935054421194,0.141737734049516,-0.0631872844573714,0.217775098328132,-0.290149263816031,0.771702048905093,
0,647059.087330465,0,0.0403643951801631,0.0202861999964106,0.708135348377419,0.000101242353879675,0.102047231155884,0.00285809241284592,0.691745196259849,0.165004532025066,25.6737907928659,4.1922799802539,0.000288735224292903,0.0747621683138501,0.0364682011519999,41507.7210011095,2.05006460291914,0.0403643951801631,-0.251691106337572,0.105019617865536,50.5413851991403,-2.39661038054652,0.0202861999964106,0.0421042626592311,0.111822603415758,49.462223585832,0.376527297461379,0.708135348377419,0.619240286872016,0.169003707682558,3.66406332359964,0.00024824536863517,0.76811764105724,0.168971603107052,4.5458386316581,0.00000547169470026698,-0.148877354185224,0.0729425920062277,-2.04102089177901,0.0412487505573872,-0.293795368996803,0.153392797342121,-1.91531397880133,0.0554524739384512,-0.209586843678341,0.153419292353216,-1.36610487809976,0.171906047427087,-0.0842085253184622,0.223645206831517,-0.376527297461379,0.706524925628311,
0,647241.229673686,0,0.0166809243918332,0.0518251161668328,0.787945920292377,0.000131266704782887,0.0729005616570326,0.00147832805467591,0.67116688591655,0.160406297004858,29.4513317698093,4.18416794383218,0.000236332375338517,0.0874626768476249,0.0365378043947978,43646.4616438148,2.39375841806405,0.0166809243918332,-0.216952353330124,0.108925423153543,50.4505218547725,-1.99175130147813,0.0518251161668328,0.0306603826048736,0.113370836340346,49.4013839600631,0.270443295600548,0.787945920292377,0.585606642249862,0.164533050920565,3.55920369174085,0.000371980952808788,0.760060862431018,0.164499860441223,4.62043469454852,0.00000382936868127824,-0.174454220181156,0.0730823408863622,-2.38709130092617,0.0169822732134734,-0.247612735934998,0.157204437776281,-1.57510016534888,0.115233325904047,-0.186291970725251,0.157232800098514,-1.18481621270199,0.236090120940306,-0.0613207652097471,0.226741672680692,-0.270443295600548,0.786819235492796,
0,647417.380553472,0,0.0176329552343446,0.0716384964680804,0.850528463819717,0.000123067472883588,0.0635399256464329,0.000726835547864088,0.652602958923448,0.157918086443379,32.3612776527149,4.13254094968682,0.000237129618174189,0.0868748664515962,0.0366047412265228,45763.2526305548,2.37332278662987,0.0176329552343446,-0.20740533454954,0.112688206829233,49.9258505505077,-1.84052387011394,0.0716384964680804,0.0218447526092726,0.115314804255097,49.3369382113307,0.189435803584665,0.850528463819717,0.567489443603071,0.162123632555874,3.50034991602777,0.000464647800589763,0.740903505709393,0.162089742791081,4.57094627304302,0.00000485526763022603,-0.173414062106323,0.0732169135300874,-2.36849730131086,0.017860510684371,-0.229250087158813,0.161218165855023,-1.42198669698902,0.155030112870255,-0.185560581940268,0.161248178519638,-1.15077629802602,0.249824278147067,-0.0436895052185452,0.230629608510194,-0.189435803584665,0.849751265253254,
0,647436.849498354,0,0.0252280275163088,0.0726080442616197,0.939849840312873,0.000105387935306481,0.063430592272327,0.000115869557762627,0.650403374710994,0.158175325394985,33.1302593161176,4.11191425139699,0.000243271747115241,0.0819785408649704,0.0366308604397805,47519.2371234405,2.23796383379362,0.0252280275163088,-0.210742961331543,0.114892602858612,49.6778991300617,-1.83426048403556,0.0726080442616197,0.00891954591437576,0.117607285889326,49.6360669761996,0.0758417800982967,0.939849840312873,0.57011252265094,0.162380348132595,3.51096994930324,0.000446474866538293,0.73393254487106,0.162346403010308,4.52078106605455,0.00000616118824234017,-0.16382002222012,0.0732700273367084,-2.23583951275593,0.0253622856506467,-0.219662507245919,0.164397883854855,-1.33616383675508,0.181495728341107,-0.201823415417167,0.164429022851218,-1.22741966057772,0.219664900630981,-0.0178390918287515,0.235214571778652,-0.0758417800982967,0.939544976113883,
0,647642.336771148,0,0.0541130115631057,0.0511854972395045,0.994964610892529,0.0000773890356799844,0.0744517934785052,0.000000805269652130362,0.667206709851998,0.158904525178435,33.6767850597459,4.19878986518972,0.000185085682717738,0.0706429804024665,0.0366790146964108,47928.038984577,1.92597813728566,0.0541130115631057,-0.23338216271685,0.116794730009687,49.6378206594117,-1.99822511424526,0.0511854972395045,0.000741059442883373,0.116837943889827,49.957028462983,0.00634262653220055,0.994964610892529,0.598362521359739,0.16310166365024,3.66864756599224,0.000243836938915979,0.739637094898441,0.163067762925468,4.53576526487642,0.00000573949886229656,-0.141274573538702,0.0733659970215981,-1.92561376215077,0.0541526190269363,-0.234123222159733,0.16518753990315,-1.41731768810771,0.156390065970368,-0.232641103273966,0.165218960296998,-1.40807751638051,0.159108117848977,-0.00148211888576675,0.233675887779653,-0.00634262653220055,0.99493935014578,
0,647836.431706556,0,0.234717532545456,0.0360858220356072,0.943173390449656,0.0000292269470268426,0.0858530523664442,0.000102835801789213,0.677498740380728,0.15597705070848,35.0634113387528,4.34357963112771,0.000113973853156557,0.0436418442875014,0.0367260065408134,48312.8470161201,1.18830900492823,0.234717532545456,-0.255765567087204,0.118702748319247,49.4336726423959,-2.15467266519668,0.0360858220356072,0.00833583940748839,0.116354553333347,49.9048678585707,0.0716417120661093,0.943173390449656,0.635886013363589,0.160261747495848,3.96779657840723,0.000072540210178763,0.72304161177861,0.160227149623556,4.5126035973139,0.00000640366384756211,-0.0871555984150208,0.0734597555044332,-1.18644008296163,0.235448550317819,-0.264101406494692,0.166203058604976,-1.58902855766569,0.112053945477389,-0.247429727679715,0.16623475085024,-1.48843563944475,0.136636043571682,-0.0166716788149768,0.232709106666694,-0.0716417120661093,0.942887043913377,
0,648105.436852775,0,0.444851345853183,0.0187765603882436,0.825079818317968,0.0000121440515902628,0.10656255238425,0.000992826201425287,0.691803330015833,0.155561362584841,35.4674765321402,4.44714110573912,0.0000822568395754452,0.0281013677824892,0.0367803078026363,48067.9190798753,0.764032969307423,0.444851345853183,-0.285200563250449,0.117374245849681,49.5010789852874,-2.4298393671104,0.0187765603882436,0.026072444699557,0.117344948817866,49.6741091294431,0.222186340036031,0.825079818317968,0.666093503590931,0.159869707703001,4.16647727178165,0.0000309342718299015,0.721895604804713,0.159834930329511,4.5165071446928,0.00000628679969913712,-0.0558021012137827,0.0735686783103981,-0.758503516650723,0.44814960856982,-0.311273007950006,0.165955739252129,-1.87563870555331,0.0607049077771502,-0.259128118550892,0.16598733027848,-1.56113191359936,0.118492629572314,-0.0521448893991139,0.234689897635732,-0.222186340036031,0.824168827441814,
0,648392.587026645,0,0.289934497593696,0.00726935569790393,0.750575364915465,0.0000240684129281059,0.136134071544767,0.00205383438474371,0.696729657018479,0.162976301230371,36.4813985413243,4.27503662654383,0.000131467419737874,0.0389687428489349,0.0368228062957941,46530.8640793113,1.05827737668614,0.289934497593696,-0.313969745780563,0.11215715870118,49.7280142206931,-2.79937321359105,0.00726935569790393,0.0382156695563979,0.119554940274749,49.6466084812051,0.31964943873147,0.750575364915465,0.660466789606237,0.167102834864547,3.95245712103931,0.0000773527932412361,0.737817045753726,0.167069487082615,4.41622859229153,0.000010043786975919,-0.0773502561474895,0.073654465457072,-1.05017741514357,0.29363655120335,-0.352185415336961,0.163913271989904,-2.14860829182065,0.0316654638392124,-0.275754076224165,0.163944085741464,-1.68200075639827,0.0925686932399224,-0.0764313391127959,0.239109880549498,-0.31964943873147,0.749234092298281,
0,648691.212148859,0,0.127899664042776,0.00705030427833537,0.675483475234607,0.0000505036603642333,0.136532262723731,0.0035516663321517,0.709071463289591,0.167104179148029,37.7648507897336,4.24328982617163,0.000137518279487181,0.0561456386884219,0.0368781305592042,45893.3191455302,1.52246433962496,0.127899664042776,-0.312074222515008,0.111046831564707,49.9475601594387,-2.81029380233295,0.00705030427833537,0.0503329596701561,0.119522567270391,49.7539697564634,0.421116788399382,0.675483475234607,0.655710234885217,0.171143113580489,3.83135623261193,0.000127438832788486,0.767228086030897,0.171110450075907,4.48381782463048,0.00000733192640105158,-0.11151785114568,0.0737650356065476,-1.51179824192725,0.130585196807435,-0.362407182185164,0.16313204908599,-2.22155722444295,0.0263132433908514,-0.261741262844852,0.163162558008684,-1.60417479377175,0.108675529146323,-0.100665919340312,0.239045134540782,-0.421116788399382,0.673669802940952,
0,649054.417051561,0,0.105214635121501,0.00738843268661603,0.459793765681733,0.0000559453140509237,0.13482055152287,0.0110308464423986,0.707309833452155,0.166186034833431,41.0494787182629,4.2561327981686,0.00011770887660831,0.0598938223250146,0.0369689068616791,46914.0393953824,1.62011342529305,0.105214635121501,-0.314228842761225,0.112524725359887,50.0433372621004,-2.79253152368272,0.00738843268661603,0.0902245660825785,0.121111520188799,49.7568181555841,0.744970965123125,0.459793765681733,0.650523466736084,0.170266656339372,3.82061573723204,0.000133118918442675,0.768924702826773,0.170233620803973,4.5168792110238,0.00000627576794830538,-0.118401236090688,0.0739471308349432,-1.60116065023497,0.109341341799176,-0.404453408843803,0.165301684435193,-2.44675914964661,0.0144147128589778,-0.224004276678646,0.165332941068644,-1.35486779120225,0.175459683158044,-0.180449132165157,0.242223040377598,-0.744970965123125,0.456289272530211,
0,649470.427172146,0,0.359912707911581,0.00305317370319728,0.332878273816909,0.0000179045535636477,0.162520436720797,0.0188142385669926,0.710238713163667,0.166093009035337,42.3255404436057,4.27615055738174,0.000106074323572871,0.0339298446392743,0.0370599089168206,46814.8648892127,0.915540421737907,0.359912707911581,-0.342472951058771,0.109979347149017,49.9685232529481,-3.11397512293592,0.00305317370319728,0.122887270378791,0.125673332905927,49.8645747945247,0.977830917166637,0.332878273816909,0.679884277208472,0.170195826341264,3.99471768388267,0.0000647713868498173,0.745855656341741,0.170162602396445,4.383193756076,0.0000116952010061851,-0.0659713791332688,0.074130863176019,-0.88993134987008,0.373502749217476,-0.465360221437562,0.166985107650821,-2.78683667055309,0.00532252978772399,-0.21958568067998,0.167016348387994,-1.31475560805499,0.18859205110047,-0.245774540757582,0.251346665811854,-0.977830917166637,0.328157957074038,
0,649517.170519859,0,0.668290045191104,0.00239054295001967,0.340482650050725,0.00000384615480052763,0.170470660274252,0.0182199684500088,0.708155319637778,0.170281623769252,42.1011549792205,4.15873013166353,0.000153955519448252,0.0158903894432565,0.0370838723153509,47738.6900545931,0.428498655915139,0.668290045191104,-0.351440120599372,0.109818095714317,49.8352876445709,-3.20020228281517,0.00239054295001967,0.124971432272577,0.129852360124169,49.9100923534657,0.962411712448473,0.340482650050725,0.695925247352856,0.174291186414435,3.99288834776799,0.000065273308055971,0.725785690449477,0.174258654057669,4.16499079700964,0.0000311365124303956,-0.0298604430966215,0.074180503298565,-0.402537617956538,0.687288409212085,-0.476411552871949,0.170047750096903,-2.80163396810874,0.00508445256391472,-0.226468688326795,0.170079575020791,-1.33154547392955,0.183009592601248,-0.249942864545155,0.259704720248338,-0.962411712448473,0.335842832551657,
0,649656.631838763,0,0.604279990663001,0.00314482225103568,0.361595736432067,0.00000549357560984762,0.162527839131073,0.0166888624128586,0.711459291477162,0.171216898411239,41.438791679917,4.15531000782607,0.000158733702654712,-0.0192404278011356,0.0371251276995926,48891.8019477769,-0.518258898846745,0.604279990663001,-0.351564134057574,0.113243674323079,49.661958094184,-3.10449246864401,0.00314482225103568,0.117686594812568,0.127813166789455,49.9536270704137,0.920770510337417,0.361595736432067,0.73430501911641,0.175213879105477,4.19090669566402,0.0000277841908039891,0.694015767980061,0.175181424915497,3.96169724224377,0.0000744188681000737,0.040289251136349,0.0742621341727137,0.54252751533705,0.587455157688871,-0.469250728870142,0.170747694364234,-2.7482112166572,0.00599213942731585,-0.233877539245006,0.170780255378599,-1.3694647471192,0.170854047125424,-0.235373189625136,0.25562633357891,-0.920770510337417,0.357170254354872,
0,650104.877877798,0,0.166937282063738,0.00767800517138933,0.415816053413827,0.0000389699796562585,0.134766064313,0.0133035896688211,0.710734182925644,0.166567775985154,40.6953204537884,4.26693685931781,0.000115205741852914,-0.0514486755243667,0.0372241236263347,49017.6323631076,-1.38213262025513,0.166937282063738,-0.316960497700475,0.114048787948525,49.5886095721647,-2.77916585876857,0.00767800517138933,0.104910208785936,0.127857215629628,49.9343872201139,0.820526305608246,0.415816053413827,0.765424132882257,0.17069532692888,4.4841539991377,0.00000732037820106864,0.660914710778619,0.170661854777848,3.87265632170082,0.000107655583248001,0.104509422103638,0.0744600370748306,1.403563927837,0.160448743016116,-0.421870706486411,0.171315487892128,-2.4625368767128,0.0137957985174303,-0.21205028891454,0.171348156834147,-1.23754053053392,0.215886477000413,-0.209820417571871,0.255714431259256,-0.820526305608246,0.411916139450703,
0,650328.609269489,0,0.137156026132488,0.0165956323665534,0.57158131462677,0.000043951455081983,0.1103321776275,0.0064632692279449,0.700250434853127,0.165334114913331,41.3022237318744,4.23536567283893,0.000124487367669641,-0.0554259230951195,0.0372864604564759,50272.5838145033,-1.48648926223012,0.137156026132488,-0.292971644124247,0.118150676624897,49.5797626854957,-2.47964423474585,0.0165956323665534,0.0719569997758735,0.126353549393279,49.8543298557576,0.569489342574028,0.57158131462677,0.758480140872449,0.169505576858236,4.47466186618035,0.00000765323301815138,0.646522589166237,0.169471729466872,3.81492884506508,0.000136222179438656,0.111957551706212,0.0745840448729338,1.50109251780257,0.133331633796666,-0.364928643900121,0.172971142788607,-2.10976604546175,0.0348785124855481,-0.221014644348374,0.173004587872128,-1.27750741796357,0.201423163222703,-0.143913999551747,0.252707098786558,-0.569489342574028,0.569024101187473,
0,650333.68019563,0,0.472912200509523,0.0220670917395527,0.781363829442147,0.00000985947032696751,0.100745800863452,0.00155842769426972,0.700481310682199,0.165543590517124,42.1019229321303,4.23140097719302,0.000122848761717925,-0.0267786546957877,0.037308960087973,52250.8495256771,-0.7177539827603,0.472912200509523,-0.296107903507133,0.125306637683767,49.8433663263224,-2.36306638643048,0.0220670917395527,0.0345459467620183,0.123800610639709,49.8866824285839,0.27904504334438,0.781363829442147,0.729800411667153,0.169715091344059,4.30015036310265,0.0000170682261440852,0.675712262412767,0.169681191595644,3.9822460937392,0.0000682670388851847,0.0540881492543857,0.0746280198158923,0.724769991054586,0.468593148608757,-0.330653850269151,0.176131425377973,-1.87731320268134,0.0604751797506328,-0.261561956745115,0.176165860140593,-1.48474827379363,0.137610518778309,-0.0690918935240366,0.247601221279418,-0.27904504334438,0.780210257500913,
0,650271.51261774,0,0.827287221680035,0.0231078460467568,0.851595588151123,0.000000878828116735606,0.099145463630688,0.00070779400123258,0.695251528198588,0.16373512918189,42.3326559044942,4.2461964739787,0.000116460820776305,-0.00814240218008171,0.0373191125781845,54167.4210408264,-0.218183167218223,0.827287221680035,-0.309759425406377,0.132157829371598,49.9166105358751,-2.34385981427861,0.0231078460467568,-0.0231724417783403,0.123221479637535,49.9294041112097,-0.188055214452089,0.851595588151123,0.705595806565772,0.167954136512507,4.20112193255347,0.0000265595488905198,0.689667074537316,0.16791981228756,4.10712151914671,0.0000400620484910643,0.0159287320284559,0.0746481124685531,0.213384257172828,0.831027258704056,-0.286586983628037,0.180673344864773,-1.58621618392318,0.112690277774288,-0.332931867184718,0.180708583835762,-1.84236885773675,0.0654212138860199,0.0463448835566806,0.246442959275069,0.188055214452089,0.850833368342998,
0,650231.290646045,0,0.839337495077238,0.0165790264893618,0.557639083862157,0.000000723757261409937,0.109862523914855,0.00696078858344289,0.688580182993866,0.159188750130081,42.5187770130035,4.32555807135361,0.0000902726291691236,-0.00757073164069923,0.0373417211749144,56792.8668665413,-0.202741903760589,0.839337495077238,-0.340774292485795,0.137429379755694,49.8175070022065,-2.4796320342243,0.0165790264893618,-0.074772159843805,0.126660261765209,49.7172436481997,-0.59033637544829,0.557639083862157,0.698194635372221,0.163530732445129,4.26950105911433,0.0000195910719234618,0.684202135914189,0.163495378329493,4.18484083712333,0.0000285365977336766,0.0139924994580315,0.0746947221189989,0.187329158755548,0.851402562258494,-0.26600213264199,0.186876667986589,-1.42341007846458,0.15461731253631,-0.4155464523296,0.186912877092945,-2.22320933042492,0.0262016879733728,0.14954431968761,0.253320523530418,0.59033637544829,0.554965156907224,
0,650276.677631393,0,0.776306231669899,0.0108715545843373,0.572138243278488,0.00000144607766867491,0.123092023546753,0.00643804647065426,0.697606130418443,0.152408093416795,43.6689445260511,4.577224967382,0.0000388898838028284,-0.0106101935517079,0.0373417860720754,55829.5583256646,-0.284137280718939,0.776306231669899,-0.368484814139575,0.139268925670638,49.8717775208944,-2.64585091300997,0.0108715545843373,-0.0698314813630893,0.122800394056557,49.9049741206675,-0.568658446901461,0.572138243278488,0.710510907113162,0.156937685880341,4.52734410557638,0.00000597296347108943,0.690363564388642,0.156900895949618,4.39999759217643,0.0000108252079301845,0.0201473427245197,0.0746932948869415,0.269734288131424,0.787364679803431,-0.298653332776486,0.185658688796557,-1.60861489818959,0.107700574534708,-0.438316295502665,0.185694351422282,-2.36041803181133,0.0182543519083741,0.139662962726179,0.245600788113115,0.568658446901461,0.569587952350652,
0,650240.3113566,0,0.979828864667939,0.0121012244585066,0.841004950841883,0.0000000117361437870061,0.119544231156532,0.000810779256382262,0.718617076973237,0.149119356770141,43.6575675182131,4.81907307366504,0.000017745140204099,0.000943603097179681,0.0373207886652824,54469.2835847569,0.0252835786950415,0.979828864667939,-0.369729359210887,0.14198161444811,49.9439142203919,-2.60406504495701,0.0121012244585066,-0.0238050227644108,0.118049888867665,50.113086087689,-0.201652225112185,0.841004950841883,0.720331244823356,0.153740647972687,4.68536626014043,0.00000279459732777203,0.722584243714193,0.153703184894687,4.70116636951464,0.00000258679642549583,-0.00225299889083716,0.0746494659446478,-0.0301810449991397,0.97592266554428,-0.345924336446476,0.184629678733583,-1.87361175526736,0.0609839566172835,-0.393534381975298,0.184664538925734,-2.13107716437949,0.0330827856452013,0.0476100455288216,0.23609977773533,0.201652225112185,0.840188614065607,
0,650325.573537932,0,0.323023419021085,0.0213488068228268,0.772968380171189,0.0000184259726842535,0.101421782050438,0.00167784832153443,0.704340070169355,0.147811176240794,42.5020563222048,4.76513405875305,0.0000222374669861734,0.0368855108792125,0.0373231956433083,53004.8412285562,0.988273116582013,0.323023419021085,-0.333575793555515,0.140368620329128,50.0349698977943,-2.37642710153712,0.0213488068228268,0.0335776731970134,0.115761083734218,50.0603680126346,0.290060114451815,0.772968380171189,0.670275435748731,0.152472483430156,4.39604196553779,0.0000110242629378703,0.743530496327798,0.152434762092484,4.87769643958698,0.00000107331936153803,-0.0732550605790663,0.0746533958266756,-0.98126896664077,0.326460122124478,-0.367153466752529,0.181927886283719,-2.01812638102082,0.0435781008189478,-0.299998120358502,0.181962084933058,-1.64868478215596,0.0992122293892205,-0.0671553463940268,0.231522167468436,-0.290060114451815,0.771770248695688,
0,650330.113005706,0,0.073222060397927,0.0346304517084725,0.634095512984042,0.0000637143212495123,0.0861561147572093,0.00456220579746866,0.713770638724815,0.147883358926809,41.9687037084045,4.82657848661712,0.0000186843928329861,0.0668066082883931,0.0372912630821441,50368.6055483297,1.79148150979047,0.073222060397927,-0.289893669046052,0.133475523075855,50.033410010311,-2.17188636811936,0.0346304517084725,0.054367063106629,0.113524771168905,50.0414320699535,0.478900442139983,0.634095512984042,0.649609019747119,0.152534096471948,4.25877908462641,0.0000205546481122685,0.782386821260027,0.152496547249756,5.13052154537407,0.000000288940483816967,-0.132777801512908,0.0745886941097234,-1.7801330764363,0.0750541845786816,-0.344260732152681,0.175207877785095,-1.96487016739591,0.0494292663646567,-0.235526605939423,0.175240912519577,-1.3440160893542,0.178943184151187,-0.108734126213258,0.22704954233781,-0.478900442139983,0.632009456410888,
0,650409.867378367,0,0.0266352705083687,0.0438671583463333,0.444151004127271,0.000102521806625147,0.0790325481848568,0.011727169352761,0.710796803657816,0.1493675707575,43.8045614412013,4.75870900258398,0.0000214742616656719,0.0826440095597673,0.0372792525987826,47932.2248032578,2.21689019490874,0.0266352705083687,-0.26924244459286,0.130204903210696,49.8276802919312,-2.06783644819562,0.0438671583463333,0.0851607390063275,0.110412343296229,50.1334102670029,0.771297270431506,0.444151004127271,0.630875708868012,0.153970224348368,4.09738773544041,0.0000417838697286642,0.794855131198396,0.153933105131012,5.16363994945662,0.000000242193350421721,-0.163979422330384,0.0745635221762336,-2.19919093873828,0.0278643483748637,-0.354403183599188,0.170700833060765,-2.07616551861249,0.0378786451838805,-0.184081705586533,0.170732628214126,-1.07818703145403,0.280950298206642,-0.170321478012655,0.220824686592457,-0.771297270431506,0.440530749901138,
0,650553.879546727,0,0.0103797186714071,0.0586872533983148,0.317611633266638,0.000139575974454522,0.0699293888633619,0.0199009642182953,0.707608984248535,0.150583902213068,44.8141360933174,4.69910112468269,0.0000250527304479156,0.0956020758624119,0.0373005730427639,47057.8788522502,2.56301895825588,0.0103797186714071,-0.251338596014974,0.129894380053251,49.7959285639958,-1.93494588381681,0.0586872533983148,0.110133661823446,0.109104923684677,50.1819232554289,1.00942888830335,0.317611633266638,0.614784135553793,0.155155536858276,3.96237316439023,0.0000742084322973533,0.804295951609373,0.155118671377117,5.18503636260529,0.000000215972722955235,-0.18951181605558,0.0746056669010534,-2.54017990760571,0.0110795459888539,-0.361472257838419,0.169620505179324,-2.13106462250108,0.0330838187311483,-0.141204934191528,0.16965185795041,-0.832321767043677,0.405227347389604,-0.220267323646891,0.218209847369355,-1.00942888830335,0.312768989825899,
0,650565.075427683,0,0.0113600178944829,0.0738799759541145,0.260915687764688,0.000138565917977678,0.0626814908610238,0.0252013846331137,0.701957159158833,0.149340849483043,45.2693802590661,4.70036940052719,0.0000245145576402981,0.0944123129431222,0.0372946225208257,46243.2380934777,2.53152617084142,0.0113600178944829,-0.237834327695071,0.130266044085861,49.846480906722,-1.82575842664194,0.0738799759541145,0.122268427543853,0.107526648625773,50.0134639198396,1.13709884113831,0.260915687764688,0.610311551359233,0.153947890941485,3.96440345903285,0.0000735797165745464,0.797257376361816,0.15391077284188,5.17999722593087,0.00000022188919998594,-0.186945825002583,0.0745932069307175,-2.50620442121785,0.0122035042968107,-0.360102755238924,0.168896451493855,-2.13209189449445,0.0329992928405875,-0.115565900151218,0.168927302369166,-0.684116176191964,0.493901807994862,-0.244536855087706,0.215053297251547,-1.13709884113831,0.255496968339854,
0,650747.194223312,0,0.0227832843485104,0.0798017109118618,0.395183057572285,0.000105088919181996,0.0601935929611879,0.0146329177127789,0.71340724524891,0.148496103398374,45.2856026948627,4.80421525496218,0.0000173978107865911,0.0850948848181724,0.0373695112800849,49336.6328065539,2.27712062329061,0.0227832843485104,-0.230737266283645,0.129028466474005,49.9289633180842,-1.78826636159496,0.0798017109118618,0.0983417130519272,0.114656073783297,49.5391471821171,0.857710453593552,0.395183057572285,0.6308407068305,0.153147186860697,4.11917920114534,0.0000380224369337025,0.799519338218858,0.15310963967512,5.22187459859054,0.000000177120901315231,-0.168678631388357,0.0747455173998058,-2.25670564946542,0.0240264736091573,-0.329078979335573,0.172594014473085,-1.90666507375834,0.0565639724955422,-0.132395553231718,0.172626843220088,-0.766946500104403,0.443113325006765,-0.196683426103854,0.229312147566594,-0.857710453593552,0.391052366275429,
0,651075.188976041,0,0.0397950077869959,0.0783045343402886,0.376467692337555,0.0000832118794254076,0.0606795787051681,0.0158158080439319,0.713052021867994,0.148241276260237,47.013465065766,4.81007746193599,0.0000159311307892599,0.0770096912482212,0.0374574726545122,50791.6534673733,2.0559233122458,0.0397950077869959,-0.233467256431583,0.129888770161619,50.0126604192246,-1.79743988753672,0.0783045343402886,0.105047582760752,0.117707747378512,49.5617952778631,0.892444083760699,0.376467692337555,0.638643173665616,0.152921922467155,4.17626958491047,0.0000296328608891833,0.791048374191437,0.152884089294137,5.17417069260571,0.000000228925473774655,-0.152405200525822,0.07492251453614,-2.03417092271118,0.0419343651725286,-0.338514839192335,0.175272071179874,-1.93136782667977,0.0534375809576286,-0.128419673670832,0.175305772518648,-0.732546748608469,0.463834920086077,-0.210095165521503,0.235415494757023,-0.892444083760699,0.372154951176862,
0,651236.46560134,0,0.0791423399453483,0.0536743139979341,0.296244700678871,0.0000587246813755754,0.0724386800157225,0.0219599136863921,0.695621778266606,0.147285266306458,47.1382454496014,4.72295563372388,0.0000212149924988452,0.0658622642511447,0.0375130004829273,52488.4242655081,1.75571837505026,0.0791423399453483,-0.263732182927882,0.133461289109509,50.0020407955556,-1.97609497621053,0.0536743139979341,0.126175320212857,0.119525025515096,49.6314733221318,1.05563934974372,0.296244700678871,0.63275521198984,0.152009397318006,4.16260588591181,0.000031463615922692,0.762540905521612,0.15197117417304,5.01766805231994,0.000000523024450454234,-0.129785693531772,0.0750342304779737,-1.72968647382704,0.0836863066517542,-0.389907503140739,0.179142302041863,-2.17652390695317,0.0295161080399778,-0.137556862715025,0.179176813370076,-0.767715755893661,0.442656073470417,-0.252350640425715,0.239050051030192,-1.05563934974372,0.291133016033836,
0,651472.637097275,0,0.0941450081176224,0.0291486500608283,0.306469930377944,0.0000527016367134422,0.0916207481060422,0.0210318877950997,0.682835250850288,0.147598608862445,48.3492866494514,4.62629869016353,0.0000280882960484077,0.0628923403688616,0.0375710695029847,53166.908097711,1.67395661611031,0.0941450081176224,-0.297744125416878,0.13256353959755,50.01630353473,-2.24604839551509,0.0291486500608283,0.126003833317544,0.121944179328273,49.69762722234,1.03329108458996,0.306469930377944,0.623198608028672,0.152327467486453,4.09117684625129,0.000042918968415619,0.747047088897489,0.152289178635104,4.90545090329412,0.000000932129553010134,-0.123848480868817,0.0751512516094303,-1.64798959719888,0.099354805914054,-0.423747958734421,0.180103261502367,-2.35280558052999,0.0186323732116712,-0.171740292099334,0.180138183075005,-0.953380838907571,0.34039714616224,-0.252007666635087,0.243888358656545,-1.03329108458996,0.301467698207241,
0,651500.50106184,0,0.082990942931547,0.0244890592592601,0.301817866024502,0.0000566114111785903,0.0970227227804998,0.0214023763947874,0.674041320916452,0.145576357222826,50.0775645896581,4.63015652936508,0.0000262324961562539,0.0651408683808625,0.0375750079613961,53086.0433508531,1.73362221101289,0.082990942931547,-0.301561173704884,0.130013992004123,50.0695890535731,-2.31945169174808,0.0244890592592601,0.128899008638573,0.123541010573322,49.7758877662015,1.04337019780222,0.301817866024502,0.612207720761797,0.150369758778635,4.07134869227961,0.0000467417194813854,0.740508769816988,0.150330963086301,4.92585662071414,0.000000839915713661666,-0.128301049055191,0.075159747252233,-1.70704471137481,0.0878137422765584,-0.430460182343457,0.179331414771088,-2.40036126906671,0.0163788979601903,-0.172662165066311,0.179366336018918,-0.96262302558324,0.335736738085353,-0.257798017277147,0.247082021146644,-1.04337019780222,0.296776870728318,
0,651670.711574167,0,0.175935764484564,0.0228980977599195,0.249251650643121,0.0000348639592931795,0.0991701856471219,0.0266044179183296,0.652975507356244,0.143434433794387,50.8098334751986,4.55243200731202,0.0000333582135660834,0.0508950084665121,0.0376054762522408,52535.9207670142,1.35339353569494,0.175935764484564,-0.298871669436915,0.127318220363851,50.0552926822631,-2.3474383209473,0.0228980977599195,0.145210258372887,0.124557133074723,49.7270846579743,1.16581246523853,0.249251650643121,0.605492424335849,0.148304733990566,4.08275857447927,0.0000445042504262573,0.705051111667044,0.148265352711428,4.75533291341031,0.00000198119661535273,-0.0995586873311947,0.0752210456469571,-1.32354830320312,0.18565310405156,-0.444081927809803,0.178096114599163,-2.49349587894878,0.0126492052644181,-0.153661411064028,0.178130826185437,-0.862632338010179,0.388339644602089,-0.290420516745774,0.249114266149447,-1.16581246523853,0.243690276250703,
0,651815.799952745,0,0.571694484568674,0.0121629858652483,0.1802548954591,0.00000622645174900598,0.119113573740041,0.0359240398271981,0.618487661682706,0.139754878142931,50.8529284659441,4.42551751968302,0.0000510137135137655,0.0212788791149527,0.0376243522879761,51370.7728184449,0.56556134048726,0.571694484568674,-0.321886104027694,0.123714639141878,50.0634684191635,-2.60184329243808,0.0121629858652483,0.170093114801303,0.12514799840445,49.5737459464815,1.3591357190676,0.1802548954591,0.600988707645908,0.144753772937305,4.15179995278054,0.0000329870551595104,0.640932781371865,0.144713432137436,4.42897920327925,0.00000946801512102926,-0.0399440737259571,0.0752589970729071,-0.530754797160814,0.595588707878497,-0.491979218828997,0.175958292413839,-2.79599905227486,0.0051739552152898,-0.151792989226391,0.175992460679702,-0.862497112888526,0.388414021148205,-0.340186229602606,0.2502959968089,-1.3591357190676,0.174103586001542,
0,652120.185809065,0,0.931263953001799,0.00632356582809258,0.112234452813808,0.000000148641881780434,0.139661527527159,0.0501334327028408,0.585265615883375,0.136227319427087,50.397969994802,4.2962426211185,0.0000792509275727146,0.00324973841714025,0.0376758864646253,50052.8245887749,0.0862551282022653,0.931263953001799,-0.344301230636037,0.120785631099477,50.0540428031659,-2.85051481291245,0.00632356582809258,0.202118350085041,0.124997731953102,49.5384464204578,1.61697613970207,0.112234452813808,0.586214073238159,0.141364601732285,4.1468236464764,0.0000337119522079246,0.589607759457705,0.141323234502787,4.17205112472908,0.000030186988067773,-0.00339368621954587,0.0753619329376769,-0.0450318361970943,0.964081933069881,-0.546419580721078,0.173803847126909,-3.14388656956534,0.00166720050348398,-0.142182880550996,0.173837355222987,-0.81790752263007,0.413409994522079,-0.404236700170081,0.249995463906204,-1.61697613970207,0.105883431438106,
0,652469.835091085,0,0.691028659872876,0.00569119432131253,0.111357254143177,0.00000318023560822723,0.143030589133225,0.0502498753029677,0.537651486498354,0.135207797502341,49.5561336793839,3.97648283923155,0.000227482330483034,-0.015003671362581,0.0377487130448633,49674.1116084777,-0.397461798094932,0.691028659872876,-0.344755052671837,0.11931346041035,50.0240430337216,-2.88949001634966,0.00569119432131253,0.204580817696068,0.126208959872157,49.6619554428643,1.62096904929173,0.111357254143177,0.55687575977513,0.140402008664215,3.96629482065996,0.0000729985592475149,0.523724787670013,0.140360201941863,3.73129120950496,0.000190500859108002,0.033150972105116,0.0755079877339748,0.439039273856847,0.660633079201979,-0.549335870367905,0.173662338302224,-3.16324124008914,0.00156022983751301,-0.140174234975769,0.17369570814966,-0.807010354308763,0.419660517711954,-0.409161635392136,0.252417919744314,-1.62096904929173,0.105024276687355,
0,652592.042652483,0,0.338454265877046,0.00683754611960602,0.16999029819957,0.0000183741386054067,0.137254516502382,0.0375023627645,0.488441385387515,0.132091589016731,48.5412874638186,3.69774782045849,0.000553596190817972,-0.036162915517026,0.0377785895505377,49867.8249405954,-0.957233076916482,0.338454265877046,-0.334671690981132,0.118614569897552,50.0400724066443,-2.82150574984329,0.00683754611960602,0.178098441216215,0.127906766272112,49.7592974312596,1.39240828618342,0.16999029819957,0.52854396462984,0.137411946232549,3.84641931885137,0.000119856573263939,0.453481437659989,0.137369167764743,3.30118792330908,0.000962763737384468,0.0750625269698513,0.0755683957948313,0.993305814955323,0.320560944612023,-0.512770132197347,0.174423982615195,-2.93979144673353,0.00328433228532659,-0.156573249764918,0.174457411390271,-0.897486948345545,0.369459134777446,-0.35619688243243,0.255813532544224,-1.39240828618342,0.163798796684641,
0,652831.952376951,1,0.207721707096854,0.00713599532366791,0.216736332312743,0.000032145590726183,0.135751725679801,0.0304464938245502,0.466014702286952,0.129339123183587,50.0873260267926,3.60304516387883,0.00072230376654767,-0.0476555214465428,0.0378257026228055,49376.1327720138,-1.25987141393669,0.207721707096854,-0.328284527851659,0.117018784336396,50.1052031599428,-2.80540025871346,0.00713599532366791,0.161234250924823,0.128873389292299,49.8451149580999,1.25110584745409,0.216736332312743,0.517431245006973,0.134781394960257,3.83904058241532,0.0001235160158214,0.419642644667543,0.134737710513995,3.1145151796531,0.00184247476007305,0.0977886003394301,0.0756629569520054,1.29242372065183,0.196210446407429,-0.489518778776482,0.174057417594535,-2.81239826226086,0.00491735765576992,-0.167050276926837,0.174090516946864,-0.959559887904885,0.337276765162927,-0.322468501849645,0.257746778584598,-1.25110584745409,0.210895862436854,
0,653021.564620316,1,0.196721098125106,0.00921070716358161,0.205080552393447,0.0000332342288719741,0.127850281419065,0.0319626824656556,0.438866845585362,0.12635460653423,50.0983806846983,3.47329517793617,0.00106920466783988,-0.0488981273298596,0.0378771340887937,50145.2950917298,-1.29096692519634,0.196721098125106,-0.319096962833433,0.117786233014872,50.0663156000846,-2.70911934838042,0.00921070716358161,0.167787899768831,0.130679478597331,49.9292875559657,1.28396517624503,0.205080552393447,0.491505757549794,0.131935017731864,3.7253624246195,0.000195034800724278,0.391131240777066,0.13189026763808,2.96558076483982,0.00302112008278175,0.100374516772728,0.0757665154481437,1.32478729131243,0.185241711117189,-0.486884862602263,0.175911440680615,-2.76778395264383,0.00564388559569108,-0.151309063064602,0.175944908043053,-0.859979778599656,0.389800189374376,-0.335575799537662,0.261358957194663,-1.28396517624503,0.19915414038493,
0,653177.075366397,1,0.277857073878999,0.0114393714186535,0.176909553451001,0.0000232136200728928,0.121274836972623,0.0361756633436637,0.402942545982859,0.122100659725475,50.096670057611,3.30008492082529,0.00178518201690723,-0.0411459300574259,0.0379170131123224,50726.228723316,-1.08515747101541,0.277857073878999,-0.314596424097887,0.119803831927556,49.9630001545252,-2.62592956365637,0.0114393714186535,0.177621232557988,0.129680955224927,49.9825882895526,1.36967862590086,0.176909553451001,0.447870233059886,0.127878754799361,3.50230367634236,0.00046125357058558,0.36284900989203,0.127832516125768,2.83847193882221,0.00453301049501421,0.0850212231678557,0.0758458255881372,1.12097432533127,0.262298791275562,-0.492217656655875,0.176533732550528,-2.78823570738805,0.00529959695789483,-0.136975191539899,0.176567431472878,-0.775767027912729,0.437886555426444,-0.355242465115976,0.259361910449853,-1.36967862590086,0.170787243673117,
0,653329.209002154,1,0.453090544891499,0.00763357286438128,0.285094278368141,0.000010855734335972,0.134263303669949,0.0228860608239657,0.403376957764906,0.12032237796053,50.0809975528135,3.35246829893296,0.0015312418396769,-0.0284844701078726,0.0379652085018853,51853.8240388738,-0.750278247687171,0.453090544891499,-0.336266114470034,0.120928086285735,49.8586308632616,-2.78071145255277,0.00763357286438128,0.14311776168338,0.132448143335203,49.8504958337725,1.08055694915386,0.285094278368141,0.435544581685349,0.126196726220749,3.45131442572824,0.000557863246571857,0.376376465586508,0.126149724024052,2.98356947269063,0.00284907347948348,0.0591681160988407,0.0759433235625016,0.779108858070257,0.435915592548345,-0.479383876153414,0.179332002363322,-2.67316413041658,0.00751394771982627,-0.193148352786654,0.179366268790168,-1.07683765787986,0.281552798394839,-0.286235523366759,0.264896286670405,-1.08055694915386,0.279894241410581,
0,653400.21870715,1,0.331642167146757,0.00543436095297167,0.576549863870275,0.0000177251443721913,0.144919726685632,0.00633339922906306,0.399087021960637,0.120385484885977,50.0688734685916,3.31507591914947,0.00170913761394852,-0.0368878416604678,0.0379965685414403,53171.664531891,-0.970820341848415,0.331642167146757,-0.358609158812217,0.123365430174349,49.8580375681238,-2.90688532683268,0.00543436095297167,0.0752479295319696,0.133858510462072,49.5793651046087,0.562145277668322,0.576549863870275,0.439308230612643,0.126266624778289,3.47921100594891,0.000502892448795209,0.364376272697044,0.126219519538594,2.88684566403875,0.00389125053990074,0.0749319579155989,0.0760066181760965,0.985860964659581,0.324201344426308,-0.433857088344187,0.182018598416976,-2.38358657915984,0.0171448509933309,-0.283361229280248,0.182053536633524,-1.55647198357183,0.119595899703421,-0.150495859063939,0.267717020924145,-0.562145277668322,0.574017041596334,
0,653598.637259143,1,0.389320791908983,0.00498518504251709,0.766004181488385,0.0000135778789197081,0.147459908804598,0.00180577132620029,0.382573403482466,0.122655496121598,50.0544914686326,3.11908895711604,0.00300692454722596,-0.0327602557864545,0.0380554143539034,54578.7807545363,-0.860856630854008,0.389320791908983,-0.378713889599859,0.128889745922694,49.9144835436552,-2.93827788152369,0.00498518504251709,0.0394678630179214,0.131890443004911,49.5008746115657,0.299247330729276,0.766004181488385,0.418546591103133,0.128450453925316,3.25842827574968,0.00112031191952849,0.352419608527007,0.128403936511742,2.74461685600099,0.00605815816141681,0.0661269825761263,0.0761234406673318,0.868680947634894,0.385021665195473,-0.41818175261778,0.184393792851078,-2.26787326271615,0.0233369324092946,-0.339246026581937,0.184429499479043,-1.83943473001989,0.0658512698223167,-0.0789357260358428,0.263780886009822,-0.299247330729276,0.76475133816873,
0,653835.09267534,0,0.58148769305125,0.00938919408725973,0.823865532924772,0.00000555520927122344,0.127412843853318,0.00101014412807116,0.37338725755735,0.124581393415308,47.8849643999802,2.99713502410923,0.00430977783228904,-0.0210064559025665,0.0381092826606766,54694.1892262509,-0.551216250633923,0.58148769305125,-0.357845585058559,0.1324401510134,49.9974205877139,-2.70194183803333,0.00938919408725973,0.0288857510709282,0.129093160538955,49.515206663087,0.223758957874547,0.823865532924772,0.397365008628488,0.130306572741945,3.04946251188277,0.00229251242427463,0.354908232649034,0.13026056831475,2.72460221263172,0.00643789996954995,0.0424567759794542,0.0762299741355464,0.556956452641067,0.577557182647456,-0.386731336129487,0.184929194056031,-2.0912400451619,0.0365065512628445,-0.32895983398763,0.184965046921207,-1.77849728618058,0.0753222172644829,-0.0577715021418564,0.25818632107791,-0.223758957874547,0.822944867088872,
0,653866.454736957,0,0.728888112113466,0.0166387289840572,0.815580369015812,0.00000224607240689932,0.109240386273591,0.00110784076352662,0.390857156977108,0.12507611118742,48.1965932203322,3.12495450383351,0.00300927946154226,-0.0132066294567932,0.0381026283000425,53487.1416018614,-0.346606783993912,0.728888112113466,-0.327431988304643,0.132147972778608,50.0608813554758,-2.47776777365478,0.0166387289840572,0.0295512648326159,0.126030484392787,49.5726573613395,0.234477118571696,0.815580369015812,0.406806524133731,0.130777464705089,3.110677554815,0.0018665864028982,0.379939174629498,0.130731684942552,2.90625164661846,0.00365787142757536,0.0268673495042331,0.0762154282193624,0.352518514058648,0.724449436263593,-0.356983253137259,0.18259331353882,-1.9550729773101,0.0505744572644782,-0.297880723472027,0.182628643050499,-1.63107340938661,0.102874830665014,-0.0591025296652317,0.252060968785575,-0.234477118571696,0.814614594841041,
0,653913.906634883,0,0.633920479517859,0.017869049992924,0.68252024926168,0.00000434513226868724,0.106808712448365,0.00339512061477224,0.400858001571537,0.127553069306521,48.6848799315787,3.14267625037105,0.00284872549720898,-0.0181432859251174,0.038098631962036,52192.5166609239,-0.476218829673373,0.633920479517859,-0.324925590578436,0.13268439689192,50.1494209604946,-2.44886059091868,0.017869049992924,0.050342207069972,0.122356572151363,49.6909959886482,0.411438520913247,0.68252024926168,0.421884507163395,0.133147061302728,3.16856041008809,0.00153195908409302,0.384824366984618,0.133102132756755,2.89119609892268,0.00383778567505539,0.0370601401787767,0.0762059860277204,0.486315342278963,0.626743603076224,-0.375267797648408,0.180471625452125,-2.07937284716238,0.0375830942099288,-0.274583383508464,0.180506377341845,-1.52118383600627,0.12821371059798,-0.100684414139944,0.244713144302727,-0.411438520913247,0.680751012851945,
0,654236.498360849,1,0.813770706211081,0.0104740299799065,0.585117167600742,0.00000105480817114745,0.123302453185744,0.006035453450144,0.39800511055265,0.133531537999833,50.0678355071517,2.98060755170174,0.00443129413058439,-0.00899299340261152,0.0381761784161351,52607.7469791099,-0.235565574547154,0.813770706211081,-0.357763329386763,0.134528687179262,50.2851688603481,-2.65938319096236,0.0104740299799065,0.0674072505685054,0.122668650129138,49.7286928267883,0.549506744368207,0.585117167600742,0.410264731642284,0.138906466207498,2.95353227854369,0.00314159751938247,0.391242951668887,0.138863149059823,2.81747140488899,0.00484034245877725,0.0190217799733973,0.0763611281829522,0.249102919587874,0.803281171127166,-0.425170579955269,0.182041647060154,-2.33556763972134,0.0195137867959008,-0.290356078818258,0.182076823162608,-1.59468994337049,0.110781588019653,-0.134814501137011,0.245337300258276,-0.549506744368207,0.582657737434118,
0,654416.427148769,0,0.888040616802345,0.00515396195995955,0.518685621460483,0.000000361779259546522,0.145319120583473,0.00841330236502254,0.381088572263226,0.135819001176388,48.5891506816801,2.80585609496795,0.0071985634323475,0.0053837499932149,0.0382410398903561,54785.6172006356,0.140784612778603,0.888040616802345,-0.398766801278084,0.136328496522649,50.320613354198,-2.92504363687335,0.00515396195995955,0.082757252645127,0.127320601164884,49.7942233372069,0.649991061053458,0.518685621460483,0.379404419280412,0.14112485062262,2.68843097162932,0.00717886766006927,0.388900254925339,0.141081982076709,2.75655508379439,0.00584137729793993,-0.00949583564492733,0.0764926397541361,-0.124140514374311,0.901204020412803,-0.481524053923211,0.186518716964669,-2.58163932156162,0.00983322923301094,-0.316009548632957,0.186554970751466,-1.69392188993964,0.0902801267473867,-0.165514505290254,0.254641202329768,-0.649991061053458,0.515697995693819,
0,654601.043959817,0,0.63315970264235,0.00693025013154302,0.578561726270347,0.00000405013142776249,0.136356447737239,0.00622437598143827,0.382140767634099,0.137189182442644,48.7631964205235,2.78550218632481,0.00759005329661401,0.0182796166368589,0.0382990129865992,56245.5448101799,0.47728688578097,0.63315970264235,-0.391963677706174,0.139189949116387,50.2267123625718,-2.81603434870447,0.00693025013154302,0.0724181989070496,0.129515540006931,49.9165083794104,0.559146793528979,0.578561726270347,0.367429042961111,0.142459950032481,2.579174307427,0.00990367993737798,0.402875483841625,0.142417297593461,2.82883814430784,0.00467173192779778,-0.0354464408805141,0.0766094272634867,-0.462690326069158,0.643586353417362,-0.464381876613224,0.190108136985548,-2.4427248826731,0.0145768447517099,-0.319545478799125,0.190145024464231,-1.68053557909025,0.0928531579000305,-0.144836397814099,0.259031080013862,-0.559146793528979,0.576061541627266,
0,654756.653433725,0,0.0960251436843289,0.0099526695355127,0.600334229143791,0.0000489879354246607,0.124949509845421,0.00552372483968851,0.380173729200868,0.137520791816097,48.5059184753229,2.76448182256879,0.00803782292971861,0.0638104297463475,0.0383369082520905,56550.8003236357,1.66446468053062,0.0960251436843289,-0.377400411900112,0.140870586373556,50.2646485755863,-2.67905757770706,0.0099526695355127,0.068120369575598,0.129194013834922,50.0531712938167,0.527271872384421,0.600334229143791,0.319786279755899,0.142789611043223,2.23956265038847,0.0251193297524417,0.446360388152461,0.142746959541457,3.1269344691214,0.00176639294781611,-0.126574108396562,0.0766850511976375,-1.65057082729654,0.0988262398174819,-0.44552078147571,0.191124420179749,-2.33105105593888,0.0197506676656165,-0.309280042324514,0.191161415152142,-1.6178999411485,0.105684162978019,-0.136240739151196,0.258388027669844,-0.527271872384421,0.598004804140844,Model failed to converge with 1 negative eigenvalue: -7.8e+02
0,655104.904534891,1,0.0212080628395248,0.0242463713445689,0.5794407931328,0.000095064785506068,0.0969335363572211,0.00617879976506943,0.362816774158417,0.138297898791582,50.0675957863661,2.62344386522596,0.0115065889669446,0.0885011323051373,0.0384065337838521,55850.422980995,2.30432490479907,0.0212080628395248,-0.326012107504855,0.140323021125029,50.2869462551083,-2.32329738122139,0.0242463713445689,0.0714412813657125,0.128067855437939,50.0521032966762,0.557839288566309,0.5794407931328,0.277369315615285,0.143556765287158,1.93212291361163,0.0533443367902013,0.45327379934086,0.143514206893879,3.15838974517716,0.00158643305848612,-0.175904483725576,0.076823766405615,-2.28971439380924,0.0220378784610539,-0.397453388870567,0.189960350801133,-2.09229656185809,0.036411995085531,-0.254570826139142,0.189997149535899,-1.33986655463504,0.180288733245283,-0.142882562731425,0.256135710875877,-0.557839288566309,0.576954131629462,
0,655436.507554025,1,0.0612321780075003,0.0479120605992898,0.582621440443886,0.0000630029688294702,0.0757361020304821,0.00607353390017966,0.37211814458461,0.139510110969799,50.0637685793823,2.66732025369233,0.0102725734122456,0.0720242320746419,0.0384775028867457,55610.2870289625,1.87185307442214,0.0612321780075003,-0.28116084874059,0.138656360508623,50.179131324119,-2.0277529837739,0.0479120605992898,0.0713995222606009,0.129077821474091,50.0726012132872,0.553150970826792,0.582621440443886,0.302802668768176,0.144743805781783,2.09199051477673,0.0364393642041157,0.445753993711444,0.144701443285015,3.08050827684871,0.00206647611068985,-0.142951324943268,0.0769660303713807,-1.85733010074044,0.0632642044432311,-0.35256037100119,0.189419355854094,-1.86126897861885,0.0627062016289728,-0.209761326479989,0.189456190819432,-1.1071758889099,0.268217889860758,-0.142799044521202,0.258155642948183,-0.553150970826792,0.580160036629231,
0,655509.133752413,1,0.0885748940575015,0.0574568197702599,0.593812299988446,0.0000528437034333439,0.070141261395298,0.00572936755308583,0.38688791445648,0.13651856452216,50.0414446095532,2.83395826648675,0.00661255583339867,0.0655395013851378,0.0384848741063836,54879.4725502958,1.70299378410248,0.0885748940575015,-0.265115147447237,0.13634084560861,50.1257083119864,-1.94450273697359,0.0574568197702599,0.0691595350560814,0.128845716244777,49.9990887793441,0.536762393595563,0.593812299988446,0.323916678573275,0.141864500669303,2.28328212516216,0.0224137552377523,0.453932962224746,0.141821309529604,3.20073875872646,0.0013707575046274,-0.130016283651471,0.0769806607496318,-1.68894735879613,0.0912295184101852,-0.334274682503319,0.187571841964576,-1.78211547640742,0.0747304025121355,-0.195955612391156,0.187608351769897,-1.04449301186494,0.296257350668561,-0.138319070112163,0.257691432489555,-0.536762393595563,0.591431751387356,
0,655663.944197727,1,0.0849193692306363,0.0496734172881664,0.641513200359989,0.00005426047981977,0.0746598512429553,0.00439466909068696,0.400405338569372,0.131844158692552,50.0313455072124,3.03695925962924,0.00378976222858146,0.0663599971615933,0.0385173315969904,54700.7318821699,1.72286070738032,0.0849193692306363,-0.26861161934384,0.133544572733456,50.1431242275897,-2.01140049232825,0.0496734172881664,0.0613551963800778,0.13097602425769,49.7141625918957,0.468446013137212,0.641513200359989,0.33658050914247,0.13738118436001,2.44997530564632,0.0142866012414719,0.468357707361284,0.137336553235595,3.41029169821844,0.000648934333579297,-0.131777198218814,0.0770463985224086,-1.71036155804852,0.0871990350257525,-0.329966815723918,0.18703492270386,-1.76419895789391,0.0776984881388257,-0.207256422963762,0.187071326939716,-1.10790053373894,0.267904775074873,-0.122710392760156,0.261952048515381,-0.468446013137212,0.639465669589302,
0,656247.954811665,1,0.2037099132786,0.0525095535639437,0.649664519309834,0.0000293855347951252,0.0729582341040829,0.00420145483193148,0.40755233404004,0.130005308406157,50.0421139234004,3.13488994439197,0.00287534474767202,0.0491297484840031,0.0386523434399352,54978.2688859122,1.2710677830013,0.2037099132786,-0.262808037436687,0.13232640561944,50.1197898588924,-1.98605891398956,0.0525095535639437,0.0613093071724242,0.134153660643605,49.5016357069989,0.457008082211784,0.649664519309834,0.360912811224651,0.135656082497048,2.66049855326248,0.00780250624589604,0.458230217230942,0.135610573500128,3.37901540716152,0.000727459311373647,-0.0973174060062906,0.0773175851160543,-1.25867104954476,0.208149172383942,-0.324117344609111,0.18841598084938,-1.72022215497851,0.0853920673073784,-0.201498730264262,0.188452600770182,-1.06922764366616,0.284967105303785,-0.122618614344848,0.268307321287209,-0.457008082211784,0.647665236273989,
0,656567.214929202,1,0.401401377547988,0.0757109884572275,0.646931281040448,0.0000128004598629209,0.0616920173103626,0.00426291629463079,0.41281501822459,0.130686350997707,50.0585994178066,3.1588227467751,0.00268544474953837,0.0324947403973004,0.0387244346057075,55007.8715496556,0.839127561916967,0.401401377547988,-0.238566368441011,0.131530132806393,50.036204782714,-1.81377729460801,0.0757109884572275,0.0624970726158908,0.135617102274004,49.6053257643198,0.460834744054776,0.646931281040448,0.382633378070985,0.136329468071105,2.80668136892762,0.00500547257478,0.446662516464724,0.136284009856487,3.27743890816744,0.00104753396264224,-0.0640291383937393,0.0774622974366332,-0.826584551615157,0.408472576407609,-0.301063441056902,0.18890537832015,-1.59372614868948,0.110997384845819,-0.176069295825121,0.188942072001581,-0.93186919122834,0.35140413125359,-0.124994145231782,0.271234204548007,-0.460834744054776,0.644917172516019,
0,656603.991443094,1,0.613399018355423,0.101254345636821,0.811675482389509,0.00000444745528246928,0.0529131884570194,0.00115128467051868,0.404424656045547,0.131463809491369,50.0683193437782,3.07631931259454,0.00339264510669056,0.019582665540872,0.0387598781007743,57393.8404838834,0.505230318061316,0.613399018355423,-0.22690284683931,0.135899571626069,49.8964411584068,-1.66963621830714,0.101254345636821,0.0332868394031908,0.138965275465723,49.7793853057069,0.239533504263095,0.811675482389509,0.386841053640809,0.137085486198552,2.82189649953546,0.00477405819837282,0.425494892552896,0.13704010616639,3.1048931911675,0.00190347746819709,-0.0386538389120864,0.0775345946929402,-0.498536673405814,0.618105827230178,-0.260189686242501,0.194352066752621,-1.33875440889281,0.180650637227576,-0.193616007436119,0.194389703574576,-0.996019870784155,0.319240490514811,-0.0665736788063817,0.277930550931446,-0.239533504263095,0.810691919833655,
0,656640.152815797,1,0.800487539177342,0.0748705299885733,0.760198897381623,0.00000111805432955624,0.0622757814319706,0.00188180921944952,0.396766167705237,0.127813393746132,50.0636029119176,3.10426126774562,0.0031356047664356,0.00979634453750977,0.0387640343896757,57122.4423555737,0.252717362672625,0.800487539177342,-0.247987507213183,0.136307004062166,49.8401347988794,-1.81933062735413,0.0748705299885733,0.0421457203999691,0.137329426082832,49.9558245837445,0.306895045017871,0.760198897381623,0.389198945498689,0.133589883458449,2.91338636895917,0.0035753193143026,0.408144015083374,0.13354335166052,3.05626607396313,0.00224112281037947,-0.0189450695846844,0.0775422011641276,-0.244319471207489,0.806983404492951,-0.290133227613152,0.193472803387643,-1.49960729639007,0.133716156556271,-0.205841786813214,0.193510246753533,-1.06372551462552,0.28745306253562,-0.0842914407999382,0.274658852165664,-0.306895045017871,0.758923260709348,
0,656789.271426522,1,0.766519131583781,0.0330853867582414,0.740384204737425,0.00000156359198115957,0.0878584225161972,0.00221314076488929,0.393058202621634,0.124638088268706,50.0249002046348,3.15359620868256,0.00272664802708562,-0.0115175583797803,0.0387884725088891,56388.6083064933,-0.29693250687149,0.766519131583781,-0.297431883902456,0.13569818066532,49.8776340769644,-2.19186346083761,0.0330853867582414,0.0451384526840441,0.135474460375291,50.0503614340904,0.333187912754932,0.740384204737425,0.407207762835511,0.13056223955047,3.1188785075803,0.00181540800340885,0.383479039668364,0.130514631349577,2.93820727762877,0.00330116233812377,0.0237287231671469,0.077590258838844,0.305820904869408,0.759741010784234,-0.3425703365865,0.191729529822794,-1.78673747806674,0.0739799286561233,-0.252293431218411,0.191766625599031,-1.31562742177014,0.188299125081636,-0.0902769053680881,0.270948920750582,-0.333187912754932,0.738992441597876,
0,656988.157679997,1,0.586248010136181,0.0203693612084023,0.836581857492801,0.00000542800770577584,0.103239134081181,0.00085782453289036,0.373295222671953,0.123976902340113,49.9827677809798,3.0110062086232,0.00407572919509902,-0.0211246224263099,0.0388117366230737,54576.9103830525,-0.544284390865192,0.586248010136181,-0.323828050363241,0.135154194314358,49.865728578838,-2.39598964727682,0.0203693612084023,0.0270530431757928,0.130473974637833,50.07411650182,0.20734436312595,0.836581857492801,0.397115699301364,0.12993778288187,3.05619882449737,0.0022416255611747,0.354450752027069,0.1298899687054,2.72885393352423,0.00635548479328735,0.0426649472742953,0.0776346853102151,0.549560381468841,0.582620938970915,-0.350881093539034,0.187838464391269,-1.86799383542737,0.0617629301929242,-0.296775007187449,0.187874798448978,-1.5796424514491,0.114188771657607,-0.0541060863515856,0.260947949275665,-0.20734436312595,0.835740930095439,
0,657155.068277848,0,0.817077145398442,0.0133466107023751,0.754323065875295,0.00000102595090763648,0.116651966387964,0.00197185305394066,0.347288405886043,0.123983685760604,47.4818516874817,2.80108147903113,0.00734618766701736,-0.00897940215195593,0.038820263131003,52149.5865339958,-0.231307091393327,0.817077145398442,-0.341092298956721,0.132936302487235,49.8535880635516,-2.56583260234331,0.0133466107023751,0.0395544964373407,0.125703862383407,50.1144211147682,0.314664129545169,0.754323065875295,0.359192355077311,0.129946328675621,2.76415931668179,0.00570696673883728,0.340625748543894,0.129898595939608,2.62224349755294,0.00873529951619379,0.0185666065334173,0.0776498075034809,0.23910692286758,0.811022673785781,-0.380646795394062,0.182940107513122,-2.0807181135321,0.0374597151240363,-0.30153780251938,0.182975299254452,-1.64796999238707,0.0993588290632668,-0.0791089928746813,0.251407724766815,-0.314664129545169,0.753016682176253,Model failed to converge with 1 negative eigenvalue: -1.8e+03
0,657342.098848755,0,0.756085375931863,0.0109624082164205,0.541739619718101,0.00000182990538307784,0.122967295010118,0.00746081979055942,0.335291299026119,0.123543236246773,48.0365343020464,2.71395917099327,0.00920514840099895,-0.0120738701336768,0.0388693434264827,52728.9546780512,-0.310627066714241,0.756085375931863,-0.355328729245671,0.134454063305581,49.8125702904986,-2.6427518849921,0.0109624082164205,0.0775909533766019,0.126291950934674,50.2148235824357,0.614377660669258,0.541739619718101,0.350691333970305,0.129541055926072,2.70718291944788,0.00678568575000569,0.325351315739649,0.129493050727138,2.51250019914363,0.011987903743772,0.0253400182306556,0.0777481555546625,0.325924365020335,0.744481580757087,-0.432919682622273,0.184447854649265,-2.34711150989253,0.0189195915961483,-0.277737775869069,0.184483313434626,-1.50548995840477,0.132198156592711,-0.155181906753204,0.252583901869349,-0.614377660669258,0.538965794303658,
0,657516.241164387,0,0.419010242378212,0.00998177794770631,0.473069193334227,0.0000119193317630537,0.125869991269827,0.010317884162621,0.298887961262145,0.12116443543378,48.1101350085035,2.46679613693654,0.0172450478479055,-0.0314634242551629,0.0389328628737361,54792.6377154559,-0.808145662372749,0.419010242378212,-0.367454970144319,0.137169398442125,49.8365088527162,-2.67884072043486,0.00998177794770631,0.0940001288045779,0.130022739321417,50.1329601723774,0.722951456761796,0.473069193334227,0.33389679075843,0.127294311204136,2.62302995004211,0.00871516109648148,0.269525517643894,0.127245262664772,2.11815758008972,0.0341617243952125,0.0643712731145355,0.0778766314655099,0.826580090884444,0.408475105605138,-0.461455098948897,0.188982769749208,-2.44178397618617,0.0146148889744663,-0.273454841339741,0.189019115322121,-1.44670469372226,0.147979649312677,-0.188000257609156,0.260045478642835,-0.722951456761796,0.469709708296942,
0,657496.684380308,0,0.136685327888537,0.0155392279706246,0.507015796000663,0.0000404403458114203,0.111893609752254,0.00883257319510364,0.265324603273913,0.122238688194309,48.1585255997119,2.17054524384421,0.0349264708511114,-0.0579342949286193,0.0389272613914789,54768.5603372054,-1.48827050395333,0.136685327888537,-0.334542365972819,0.133519965487306,49.8275502208376,-2.50556060849659,0.0155392279706246,0.0890117069992221,0.133193537807953,50.1173069731631,0.668288480538486,0.507015796000663,0.326513106106257,0.128315509470902,2.5446113837104,0.0109399415031222,0.209276744722666,0.128266879844116,1.63157274096791,0.102769524544344,0.117236361383591,0.0778667162796008,1.50560299682631,0.132169118708647,-0.423554072972041,0.18857690267689,-2.24605488243576,0.0247004927555133,-0.245530658973597,0.188613231698762,-1.30176794470994,0.192995724886579,-0.178023413998444,0.266387075615905,-0.668288480538486,0.50394946509104,
