convergence_false,convergence_false_message,bic,singular,p_anova_condition,p_anova_pe,p_anova_interaction,effectsize_condition,effectsize_pe,effectsize_interaction,coef_intercept,se_intercept,df_intercept,t_intercept,p_intercept,coef_condition,se_condition,df_condition,t_condition,p_condition,coef_pe,se_pe,df_pe,t_pe,p_pe,coef_interaction,se_interaction,df_interaction,t_interaction,p_interaction,emmean_amc,emmean_se_amc,emmean_z_ratio_amc,emmean_p_amc,emmean_avc,emmean_se_avc,emmean_z_ratio_avc,emmean_p_avc,emmean_diff,emmean_se_diff,emmean_z_ratio_diff,emmean_p_diff,coef_amc,se_amc,z_ratio_amc,p_amc,coef_avc,se_avc,z_ratio_avc,p_avc,coeff_diff,se_diff,z_diff,p_diff
0,"",626263.502033836,1,0.108603218984275,0.90644421533697,0.233453578624638,3.00926412590641e-05,0.000267092395207947,0.0260061735303989,0.100313989432409,0.0877586559040567,51.4401474316762,1.14306661148136,0.258303072927561,0.0548952485682335,0.0342128836299971,85549.3618592823,1.60451978155102,0.108603218984275,0.00993285189925979,0.0841077267996997,52.2033765678163,0.118096782272033,0.90644421533697,-0.119068749047962,0.098819069152685,54.3743167197976,-1.2049167237549,0.233453578624638,0.0454187408641756,0.0942759900407148,0.481763605394764,0.629973886152622,0.155209238000643,0.0941076186425719,1.64927388706051,0.0990915368247002,-0.109790497136467,0.0684257672599943,-1.60451978155102,0.108599527687172,0.129001600947222,0.128435274423008,1.00440943134009,0.315181305912827,-0.109135897148702,0.131084005718161,-0.832564556986086,0.405090355123481,0.238137498095924,0.197638138305371,1.2049167237549,0.228235451806418
0,"",626117.903437215,1,0.173460056907094,0.947383536231876,0.247909456399032,2.16660774722033e-05,8.59334951935184e-05,0.0243561921176147,0.10229563721527,0.0875019178329475,51.5909399613356,1.16906737302108,0.247749817426386,0.0465295325988009,0.0341832053946861,85514.9624846648,1.36118108473333,0.173460056907094,0.00549288116016797,0.0828271394576146,51.1746972859568,0.0663174075084273,0.947383536231876,-0.11512755717006,0.098574730973395,54.6398225117458,-1.16792159647012,0.247909456399032,0.0557661046164694,0.0940260975529232,0.593091769921442,0.553119738027751,0.148825169814071,0.0938575904760322,1.58564873719058,0.112819013886144,-0.0930590651976017,0.0683664107893722,-1.36118108473333,0.173456470227335,0.120620438330228,0.127414975116001,0.946673954301004,0.343804946393311,-0.109634676009892,0.130077090029743,-0.842843855015698,0.399315777363901,0.230255114340121,0.19714946194679,1.16792159647012,0.242838391896063
0,"",626002.639881833,1,0.402253554499666,0.935654773468543,0.343182290513687,8.20087282673375e-06,0.000129979099133761,0.0165436759260604,0.0865719676862388,0.0866197302138907,51.4122092181832,0.999448595285,0.322258377962641,0.0286137861761745,0.0341613325134319,85549.4872278836,0.837607437149118,0.402253554499666,-0.00689286757436094,0.0849560008440262,50.6386096714786,-0.0811345579580166,0.935654773468543,-0.0931067163029047,0.09736704595096,54.3577028996774,-0.956244645131773,0.343182290513687,0.0579581815100642,0.093197487979864,0.621885662010402,0.534017053713355,0.115185753862413,0.0930278282939252,1.23818599202896,0.215647104363756,-0.057227572352349,0.0683226650268638,-0.837607437149118,0.40225121453918,0.086213848728544,0.127887180232418,0.674139883073988,0.500222385383789,-0.099999583877266,0.130539635994032,-0.766047669091384,0.443647938898018,0.18621343260581,0.19473409190192,0.956244645131773,0.338948649087565
0,"",626085.142897792,0,0.368237122638174,0.953878762799654,0.62984859508116,9.46461366876299e-06,6.83433951243207e-05,0.00434179138121898,0.0812722326480612,0.0867553448724279,46.3291161443862,0.936797989421522,0.353720434534922,0.0307526628294314,0.0341777837277633,85540.2779127316,0.899785166714904,0.368237122638174,0.00495199472730792,0.0851871185442602,49.4408875427587,0.0581307926824058,0.953878762799654,-0.0471937878771242,0.0973654607012221,53.8767205403668,-0.484707693439095,0.62984859508116,0.0505195698186298,0.0933296463472807,0.541302488500234,0.588299105534899,0.112024895477493,0.0931600699959099,1.20249904795489,0.229170234756967,-0.0615053256588629,0.0683555674555266,-0.899785166714904,0.368234589682705,0.0521457826044323,0.128038165406892,0.407267492772317,0.683811535385005,-0.0422417931498164,0.130690414361986,-0.323220286323488,0.746528418502799,0.0943875757542487,0.194730921402445,0.484707693439095,0.627883708359399
0,"",625971.313369658,1,0.528399754573599,0.869108316862237,0.991175091698744,4.65297242362105e-06,0.000576845653692996,2.28615900348203e-06,0.0858786248138826,0.0860552809278309,51.6908822080281,0.997947178696721,0.322953828494387,0.0215313785447946,0.034152219681833,85422.7016378652,0.630453269081308,0.528399754573599,0.0133189845419644,0.0803881135388483,47.5607108891647,0.1656835066235,0.869108316862237,-0.00107318840623181,0.0965798621130537,54.0096492852041,-0.0111119272978001,0.991175091698744,0.064347246269088,0.0926696704123108,0.694372236167355,0.487448800458963,0.107410003358677,0.0924992062409287,1.16119918995749,0.245560904119952,-0.0430627570895892,0.0683044393636661,-0.630453269081308,0.528398068052118,0.0143921729481963,0.124292666035558,0.115792615986521,0.907816902739027,0.0122457961357327,0.127008544192885,0.096417104955831,0.923189307623026,0.00214637681246363,0.193159724226108,0.0111119272978001,0.991134147220453
0,"",625742.732423876,1,0.567249763465674,0.957519363016024,0.75123885195157,3.83300932605304e-06,5.96663679584843e-05,0.00184095976806664,0.0972543268377822,0.0860278875517684,51.8433160691386,1.13049767471343,0.263469588841566,0.0195121902703647,0.0341057326010224,85391.7154972573,0.572108815213657,0.567249763465674,0.00423943979011912,0.0791746685006198,48.0495052612672,0.0535454062568754,0.957519363016024,0.0303842190820157,0.0953691114023779,55.0346402922124,0.318596017465442,0.75123885195157,0.0777421365674175,0.0926268426842926,0.839304615319688,0.401298393967124,0.116766517108147,0.0924568271145166,1.26293017781716,0.206614273496138,-0.0390243805407294,0.0682114652020447,-0.572108815213657,0.567248257414026,-0.0261447792918966,0.122572213013311,-0.213301030055297,0.831092170173429,0.0346236588721349,0.12531497787872,0.276293061358106,0.782322984815871,-0.0607684381640315,0.190738222804756,-0.318596017465442,0.750032873799347
0,"",625567.428996372,0,0.863177854548696,0.743004896645473,0.78453113524613,3.47325621007483e-07,0.00222084170657581,0.0013726555605783,0.127373894209763,0.088270503030191,46.8763677035934,1.44299499648482,0.155671359880197,0.00587191251402459,0.0340734879174062,85504.5048985102,0.172330831767445,0.863177854548696,-0.0276948623054301,0.0839895407658558,48.8500295266854,-0.32974179942997,0.743004896645473,0.0260328755326585,0.0947474993895347,54.9225446317678,0.274760555163886,0.78453113524613,0.121501981695739,0.0947015965364547,1.28299824015076,0.199492692632801,0.133245806723788,0.0945355815635982,1.40947783384765,0.158693923332107,-0.0117438250280492,0.0681469758348123,-0.172330831767445,0.86317744668559,-0.0537277378380888,0.125263290468898,-0.4289184615618,0.667982564485812,-0.0016619867727716,0.127952222560466,-0.0129891199973974,0.989636473114086,-0.0520657510653172,0.18949499877907,-0.274760555163886,0.783500204521469
0,"",625380.749832632,0,0.327283702025083,0.612638430176712,0.664313422752698,1.1199401599339e-05,0.0052755541549085,0.0034834668679434,0.13321244502993,0.0888383327538709,46.8684847238254,1.49949285292193,0.140452206250225,-0.0333478948280143,0.0340421711441381,85684.5780946914,-0.979605404332641,0.327283702025083,-0.0468473328133775,0.091934104902297,48.9610971847944,-0.509575122998854,0.612638430176712,-0.0442910622933487,0.101505387494099,54.4661691802859,-0.436341985255942,0.664313422752698,0.166560339857944,0.0952199996601991,1.74921592577535,0.0802537022215521,0.0998645502019152,0.0950546644310538,1.05060125980825,0.293441762227163,0.0666957896560287,0.0680843422882762,0.979605404332641,0.327280936227527,-0.00255627052002876,0.135690086295022,-0.0188390367330951,0.984969512532168,-0.0911383951067265,0.13819785508566,-0.659477638420912,0.50958910096442,0.0885821245866977,0.203010774988198,0.436341985255942,0.662588624159498
0,"",625482.414289831,0,0.163424641105387,0.610176700354495,0.498732804927978,2.26553656149333e-05,0.00553689396339094,0.00856073129438499,0.143579052445911,0.0854223305016016,46.0993516166829,1.68081404010886,0.0995635293354048,-0.0474747330080746,0.0340648472864547,85729.6903061508,-1.39365759103086,0.163424641105387,-0.0479431387065392,0.0934139468131814,47.3098914029575,-0.513233198490379,0.610176700354495,-0.0738477490402612,0.108424059343915,53.7252504743079,-0.681101127250918,0.498732804927978,0.191053785453986,0.0920498015719789,2.0755480423778,0.0379357711404798,0.0961043194378366,0.0918782388191457,1.04599653490322,0.295562632213165,0.0949494660161491,0.0681296945729095,1.39365759103086,0.163421028447603,0.0259046103337221,0.141900704819499,0.182554486721355,0.855147598441799,-0.121790887746801,0.144319347903832,-0.843898545245347,0.398726101192034,0.147695498080523,0.216848118687831,0.681101127250918,0.495807503853373
0,"",625889.713240988,0,0.232341033293055,0.801577145168755,0.590929758380651,1.66449950550194e-05,0.00137331030759692,0.00547016151304962,0.150267343242516,0.0842021171175487,45.5075855040272,1.78460291007574,0.0809929931363502,-0.0407809552232426,0.0341446493057305,85699.5567976725,-1.19435859065621,0.232341033293055,-0.0227508425559556,0.0900135108129467,46.4530311091577,-0.252749196764841,0.801577145168755,-0.0602695242039512,0.111452831549114,53.1656319957506,-0.540762611108649,0.590929758380651,0.191048298465758,0.0909488607008538,2.10061233305768,0.0356750105271547,0.109486388019273,0.0907745115315643,1.20613579926786,0.227765133381072,0.0815619104464853,0.0682892986114609,1.19435859065621,0.23233772765794,0.0375186816479958,0.142046916766962,0.264128799849614,0.791680672585172,-0.083020366759907,0.144468006892098,-0.574662643625412,0.565519476581785,0.120539048407903,0.222905663098229,0.540762611108649,0.588671216681172
0,"",626225.434028865,0,0.14948851430453,0.920710601458259,0.615495807500105,2.42495323751568e-05,0.000214372231248007,0.00472728348291551,0.164667205972747,0.0869720328512213,45.7458456036768,1.89333513975044,0.0646486501931158,-0.0493083789703736,0.0342097766441599,85669.6659174828,-1.44135343189361,0.14948851430453,-0.00889509088838488,0.0888814640494849,46.7107393799026,-0.100078131964979,0.920710601458259,-0.0546437555875416,0.108166119235791,53.7315087738884,-0.505183656154139,0.615495807500105,0.21397558494312,0.0935432267819813,2.28745139871888,0.0221694891437569,0.115358827002373,0.093373183280047,1.23545993560471,0.21665937840007,0.0986167579407471,0.0684195532883197,1.44135343189361,0.149484859223349,0.0457486646991568,0.138754924534422,0.329708403883045,0.741620303137266,-0.0635388464759267,0.14123285354927,-0.449887153584705,0.652791810992343,0.109287511175084,0.216332238471583,0.505183656154139,0.613429848535718
0,"",626547.971727701,0,0.0970019528966185,0.943597443187039,0.584850429386824,3.21488446552591e-05,0.000110329761790062,0.0054638394333036,0.171479991049794,0.0875417056940834,46.5538097462709,1.95883767274349,0.056137336527432,-0.0568805501548978,0.0342739934582534,85668.0388850918,-1.65958338715854,0.0970019528966185,-0.00639857488752467,0.0899462806075091,45.8626871308932,-0.0711377373728836,0.943597443187039,-0.0583722187058191,0.106217254378121,54.9724268389258,-0.54955495740853,0.584850429386824,0.228360541204692,0.0940967965810193,2.42686838980824,0.0152297795567567,0.114599440894896,0.093927134524599,1.22008875789651,0.222431229813349,0.113761100309796,0.0685479869165069,1.65958338715854,0.0969982926641717,0.0519736438182946,0.137928705679395,0.376815279765647,0.706310884743073,-0.064770793593344,0.140429872872938,-0.46123230241723,0.644631948630672,0.116744437411639,0.212434508756242,0.54955495740853,0.582624660172047
0,"",626754.704669514,0,0.203531219571649,0.712456278518037,0.905361333300096,1.88789496805043e-05,0.00302337453736026,0.000254684283452259,0.171407952386761,0.0862650032974594,45.56020757373,1.98699293844238,0.0529555996120364,-0.0436332819290459,0.0343146331586352,85642.8303462306,-1.27156486643267,0.203531219571649,-0.0326966038872147,0.0881604064494611,45.3577130764485,-0.370876283402327,0.712456278518037,-0.0127714737063024,0.106935933660956,55.9914775754456,-0.119431076805247,0.905361333300096,0.215041234315807,0.0929253457121282,2.31412896737537,0.0206606488840545,0.127774670457715,0.0927532738491004,1.377575854256,0.168334280109507,0.0872665638580919,0.0686292663172703,1.27156486643267,0.203527766471695,-0.0199251301809123,0.137328922918178,-0.145090558911497,0.88463937231028,-0.0454680775935173,0.139842301456614,-0.325138224413618,0.745076460324767,0.0255429474126049,0.213871867321913,0.119431076805247,0.904933841757898
0,"",626597.935481795,0,0.113803604712379,0.634800176048319,0.918058393785451,2.91894035514897e-05,0.00491769739445041,0.000192820115449462,0.160722486455794,0.080542404862806,44.2379129833598,1.99550145950527,0.0521688687432813,-0.0542161114358198,0.0342848790397066,85667.0061439001,-1.58134177381901,0.113803604712379,-0.0422965175874993,0.0884599392441193,46.2608013427219,-0.478143190566471,0.634800176048319,-0.011285711627271,0.109198782250939,55.3842424832376,-0.103350160090031,0.918058393785451,0.214938597891613,0.0876268328271849,2.45288561684649,0.0141715393628993,0.106506375019974,0.0874448511484783,1.21798337604955,0.223230290103941,0.10843222287164,0.0685697580794132,1.58134177381901,0.113799912967472,-0.0310108059602284,0.139288386289075,-0.222637412826864,0.823817715939605,-0.0535822292147704,0.141766763514261,-0.377960446345243,0.705459977444175,0.022571423254542,0.218397564501879,0.103350160090031,0.917685066728363
0,"",626338.248722715,1,0.0942655030989178,0.529911101899276,0.889615118761586,3.26548028824474e-05,0.00812265364935662,0.000356417981762894,0.161159583294253,0.0757064351323006,52.0054028972814,2.12874352111045,0.0380316446183162,-0.0572881069351561,0.0342359372672847,85743.9033892453,-1.67333251278912,0.0942655030989178,-0.0579748459070217,0.0916381003966587,48.8750355465592,-0.632650018453848,0.529911101899276,-0.015635475259242,0.112129420257248,54.534155895473,-0.13944132791707,0.889615118761586,0.21844769022941,0.0831832323140855,2.62610245060674,0.00863688172457891,0.103871476359097,0.0829920315681107,1.25158372914213,0.21072158648896,0.114576213870312,0.0684718745345695,1.67333251278912,0.094261855343026,-0.0423393706477799,0.143600857890608,-0.294840652553992,0.768115609851042,-0.0736103211662639,0.146013322255714,-0.504134280551123,0.614167018792264,0.031270950518484,0.224258840514498,0.13944132791707,0.889101416385701
0,"",626224.360065951,0,0.0166917541723002,0.368445588446588,0.791141719974875,6.68352105280936e-05,0.0164325169846862,0.00129428371697201,0.167141140094321,0.076968497315714,43.4591644070386,2.1715525951966,0.0353921514743723,-0.0818857815052902,0.0342120892033677,85708.4137502313,-2.39347503797663,0.0166917541723002,-0.0799425639742983,0.0880705699404296,49.316767776838,-0.907710305819197,0.368445588446588,-0.0311741802631473,0.117139565555199,54.6500942059357,-0.266128528950855,0.791141719974875,0.249026921599612,0.0843237693502291,2.95322331435763,0.0031447437774803,0.0852553585890312,0.0841352195930211,1.01331355645624,0.310910414296983,0.16377156301058,0.0684241784067354,2.39347503797663,0.0166896169420885,-0.0487683837111512,0.145361220517354,-0.335497896464958,0.737249531243329,-0.111116744237446,0.147737340526663,-0.752123625898033,0.451976717223055,0.0623483605262947,0.234279131110398,0.266128528950855,0.790140224081601
0,"",626213.694847835,0,0.00663348207880806,0.313841333657058,0.745170592275589,8.60011989651481e-05,0.0211255761033179,0.00192845379080649,0.171818232029669,0.0765127249306146,43.7190317321794,2.24561642766588,0.0298348422025016,-0.0928713994141129,0.0342096581180238,85688.9170197717,-2.71477134011996,0.00663348207880806,-0.088923253038212,0.0873619343395159,48.0070059367404,-1.0178718421301,0.313841333657058,-0.0379755411960925,0.116259049031372,55.2213282800791,-0.326645895631271,0.745170592275589,0.264689631443782,0.0839069442812063,3.15456168391378,0.00160739395033174,0.078946832615556,0.0837175027763638,0.943014662375301,0.345673403231156,0.185742798828226,0.0684193162360475,2.71477134011996,0.00663215449666134,-0.0509477118421196,0.14422415316327,-0.353253673013036,0.723898272999441,-0.126898794234305,0.146614943818084,-0.865524283743939,0.386751093355408,0.0759510823921853,0.232518098062746,0.326645895631271,0.743935726266784
0,"",626351.23342476,1,0.309539518250544,0.380715724045685,0.900585950390722,1.20488989943497e-05,0.0160193768092254,0.000285145983244794,0.177646437678586,0.0761383085395188,51.7756241820384,2.33320704237054,0.0235572692829274,-0.0347917701330156,0.0342373050781208,85704.0427769278,-1.01619476339127,0.309539518250544,-0.0787902054617608,0.0890575469857842,48.0777281943935,-0.884711157318735,0.380715724045685,-0.0140324418472955,0.111814999470396,55.2173114509226,-0.125496954020115,0.900585950390722,0.212438207811602,0.0835770363759683,2.54182508764676,0.0110275343498297,0.142854667545571,0.0833867445290474,1.71315798874734,0.0866834781400543,0.0695835402660312,0.0684746101562417,1.01619476339127,0.30953664958489,-0.0647577636144655,0.141724003156378,-0.456928693603243,0.647722299134837,-0.0928226473090565,0.144159593828198,-0.643888102374079,0.519647997423331,0.028064883694591,0.223629998940793,0.125496954020115,0.900130136315706
0,"",626317.520852961,0,0.988896415119253,0.451228630180477,0.916761008683308,2.25891701013446e-09,0.0117280148925388,0.000201072707109113,0.205455606114186,0.0788449936409957,44.0964117960352,2.60581676307421,0.0124525029183131,0.000476395866171923,0.0342317848472726,85738.6427225229,0.0139167697009488,0.988896415119253,-0.0703025127139289,0.0925656844346074,48.6064202580259,-0.759487850636418,0.451228630180477,0.011834816550107,0.112715169786016,54.8173280601356,0.104997548888715,0.916761008683308,0.204979210248014,0.0860479822674644,2.38215010795807,0.0172118798423382,0.205932001980358,0.0858629197026013,2.39838107874311,0.0164677228278115,-0.000952791732343845,0.0684635696945452,-0.0139167697009488,0.98889638273877,-0.0821373292640361,0.144648766942735,-0.56783981640544,0.570143740896047,-0.0584676961638221,0.147047492639017,-0.39761096986096,0.690916973056765,-0.023669633100214,0.225430339572032,-0.104997548888715,0.916377753673535
0,"",626292.461292995,0,0.970235714645146,0.279854297205171,0.931299945722051,1.62315724994113e-08,0.0236920045211761,0.000135978952756751,0.193333590835398,0.0795190815879324,43.7620941426838,2.43128551002704,0.0192102619686504,-0.00127713588910718,0.0342278547020533,85773.722042858,-0.0373127647123781,0.970235714645146,-0.103765443983099,0.0949638671924217,49.2009799070468,-1.09268342845435,0.279854297205171,0.0100099948574098,0.115583494168591,55.1499748814694,0.0866040166843295,0.931299945722051,0.194610726724505,0.0866645509486752,2.24556320426512,0.0247319995725481,0.192056454946291,0.0864807282407516,2.22080062059179,0.0263644685417817,0.00255427177821435,0.0684557094041066,0.0373127647123781,0.970235627812205,-0.113775438840509,0.148411791456469,-0.766619941205145,0.443307515717288,-0.093755449125689,0.150762397664016,-0.621875551055038,0.534023702673202,-0.0200199897148196,0.231166988337183,-0.0866040166843295,0.930986273046903
0,"",626608.122101025,0,0.672708252754263,0.1626832738449,0.988569150939279,2.08055304985053e-06,0.0380710980556902,3.75709700240595e-06,0.158820802025884,0.0785763439922343,43.0288048569075,2.02122921424775,0.0495050197690933,-0.0144855344811149,0.0342905261777039,85771.1143381079,-0.42243546821202,0.672708252754263,-0.133766625421519,0.0944209431879638,50.7114985235696,-1.41670503285727,0.1626832738449,-0.00165546482680179,0.115026254830616,55.1304981319297,-0.0143920605712111,0.988569150939279,0.173306336506999,0.0858256242670577,2.01928431033293,0.04345767766824,0.144335267544769,0.0856395134305963,1.68538168612718,0.0919149547066241,0.0289710689622298,0.0685810523554078,0.42243546821202,0.672707193841566,-0.132111160594717,0.147627933019634,-0.894892706904913,0.370844445754665,-0.135422090248321,0.149995669997756,-0.902839996983562,0.366610819981898,0.00331092965360359,0.230052509661232,0.0143920605712111,0.988517193481772
0,"",626818.53570605,0,0.868367771655888,0.144380077927989,0.969557252854737,3.20237798297485e-07,0.0401325334166842,2.69672559215555e-05,0.125452722893913,0.0777263742989276,42.9372965378295,1.61403029570677,0.113847020521857,-0.00569001682835265,0.0343325118242684,85771.5413782891,-0.165732611044514,0.868367771655888,-0.140001765401031,0.0944833770245327,52.5134928258859,-1.48176081137192,0.144380077927989,0.00437708867012844,0.114167203349411,54.505395489077,0.0383392825760327,0.969557252854737,0.131142739722266,0.0850652433827132,1.54167242115852,0.123153216990994,0.119762706065561,0.0848771207563075,1.41101282652381,0.158240832015284,0.0113800336567053,0.0686650236485368,0.165732611044514,0.868367381041944,-0.14437885407116,0.146997737209339,-0.982184194206678,0.326009112875501,-0.135624676730903,0.149379325759978,-0.907921334099632,0.363919785144887,-0.00875417734025691,0.228334406698822,-0.0383392825760327,0.969417170830235
0,"",626980.607274333,0,0.943743064192357,0.239075317531445,0.993718983052746,5.80899088619027e-08,0.026513539293652,1.15757735716728e-06,0.113497413167324,0.0762342627095431,42.5281970482404,1.48879793853002,0.143919274546635,0.00242489690913894,0.0343633646600893,85722.430849039,0.0705663410182676,0.943743064192357,-0.108779046186454,0.0913384391651599,52.0769488369613,-1.19094487688538,0.239075317531445,0.000876815900917129,0.110867591519963,54.0327513207377,0.00790867636697285,0.993718983052746,0.111072516258185,0.0837166970100046,1.32676658570167,0.184585906951281,0.115922310076463,0.0835255764720896,1.3878660282602,0.165177844151414,-0.00484979381827789,0.0687267293201785,-0.0705663410182676,0.943742899581492,-0.109655862087371,0.142418635376864,-0.769954450112538,0.441326912874556,-0.107902230285537,0.14486407054381,-0.744851569339996,0.456361455643619,-0.00175363180183426,0.221735183039926,-0.00790867636697285,0.993689855010751
0,"",626936.281884629,0,0.779930224219067,0.313295627622175,0.902351727748948,9.1059023345747e-07,0.0195118793831967,0.000279414592150474,0.101007788933962,0.076827121334818,42.8752898465313,1.31474129420733,0.195586215160559,-0.00959914949932433,0.0343549640742557,85735.9827196417,-0.279410843759768,0.779930224219067,-0.0946747932253796,0.0929839073885311,52.095040458146,-1.01818471479998,0.313295627622175,0.0135568575555671,0.109981261260653,54.3638525520126,0.123265158083955,0.902351727748948,0.110606938433286,0.0842534803190387,1.31278776870055,0.189254472683317,0.0914086394346376,0.0840636146760645,1.08737460061498,0.276871291525794,0.0191982989986487,0.0687099281485115,0.279410843759768,0.779929550228406,-0.108231650780947,0.142794497845854,-0.757953929694006,0.448478563335833,-0.0811179356698128,0.145236018633108,-0.558524919873568,0.57648599273571,-0.0271137151111343,0.219962522521306,-0.123265158083955,0.901897130201943
0,"",626652.281424467,0,0.306828390008092,0.209472929776539,0.982628295240863,1.21797170871323e-05,0.0297592708221546,8.70491777868761e-06,0.0987086555229084,0.0761434159685179,43.1576741878618,1.2963518154179,0.201743628079879,-0.0350496942851618,0.0342983626358904,85739.1557321513,-1.02190575851237,0.306828390008092,-0.118787518907617,0.0934922514156534,52.6317247579803,-1.2705600422382,0.209472929776539,0.00236580640196039,0.108159885923541,54.9613650238964,0.021873233147017,0.982628295240863,0.13375834980807,0.0836069175217856,1.59984788068782,0.109632333908258,0.0636589612377467,0.0834162951240398,0.763147789566607,0.445375261966596,0.0700993885703235,0.0685967252717807,1.02190575851237,0.306825506718694,-0.121153325309578,0.141735800794531,-0.854782804559094,0.392671399394184,-0.116421712505657,0.144186291888847,-0.807439535204959,0.41941329710379,-0.00473161280392079,0.216319771847083,-0.0218732331470171,0.982549076520024
0,"",626645.046300717,0,0.194743042835722,0.211953712081688,0.864396761467149,1.96243415392668e-05,0.0290146490064097,0.000529057674522502,0.104781419236105,0.0726906878124517,42.0621990646355,1.44146963509893,0.156856167885563,-0.0444696010272602,0.0342948340211969,85677.2343325638,-1.29668512172342,0.194743042835722,-0.112010136385485,0.0886618825034484,53.4116645023896,-1.26334038058721,0.211953712081688,-0.0180440583251591,0.105168961691999,55.6109642760055,-0.171572087761058,0.864396761467149,0.149251020263365,0.0804732207239197,1.85466691802236,0.0636438056832963,0.0603118182088447,0.0802758009408615,0.75130758587231,0.452467564907219,0.0889392020545204,0.0685896680423937,1.29668512172342,0.194739550640743,-0.0939660780603258,0.136285532184852,-0.689479481452764,0.490521581141976,-0.130054194710644,0.138813304628731,-0.936900069186351,0.348809963618079,0.0360881166503182,0.210337923383999,0.171572087761058,0.863773952753994
0,"",626596.110756178,0,0.549384497940084,0.441295234197867,0.980938251350079,4.18283777342032e-06,0.0110641083161346,1.03780729264902e-05,0.113588849030622,0.0723074952411008,41.2266522191876,1.57091389560478,0.123846873892669,-0.0205261493343612,0.0342853870562665,85688.791363632,-0.598685069550924,0.549384497940084,-0.0689008247739252,0.0888185491689963,53.7889680083189,-0.775748145163086,0.441295234197867,0.00255121915589058,0.106298368162696,55.5035950566721,0.0240005486442255,0.980938251350079,0.134114998364983,0.0801231278475162,1.67386124291378,0.0941578727454734,0.0930626996962604,0.0799250126756963,1.16437516342814,0.244272008199265,0.0410522986687225,0.0685707741125329,0.598685069550924,0.549382915387457,-0.071452043929816,0.137259946590254,-0.520560044680137,0.60267328919158,-0.0663496056180349,0.13977075002702,-0.47470308061743,0.634998621874558,-0.00510243831178117,0.212596736325392,-0.0240005486442255,0.98085217107924
0,"",626592.57379551,0,0.422991838885744,0.416980080333396,0.946600806666085,7.48858771984286e-06,0.0123053562644165,8.20690953209996e-05,0.110645523502093,0.0716544824128202,41.9315160160049,1.54415355154805,0.130065517181774,-0.0274718272308624,0.034286410539572,85729.0236111778,-0.801245356353518,0.422991838885744,-0.0748488370733249,0.0915038902082302,53.7055915625894,-0.817985299892668,0.416980080333396,0.00728377727698313,0.108258022051318,55.1541059900039,0.0672816400943515,0.946600806666085,0.138117350732956,0.0795348929618988,1.73656297996303,0.0824643387057996,0.0831736962712309,0.0793350262911268,1.04838556384941,0.294461001985211,0.0549436544617248,0.0685728210791441,0.801245356353518,0.42298961823123,-0.0821326143503083,0.140511473150451,-0.58452603555274,0.558866454002857,-0.067565059796342,0.142975691767857,-0.472563265551771,0.636524795516635,-0.0145675545539663,0.216516044102636,-0.0672816400943515,0.946357492847336
0,"",626467.296843626,1,0.522872564409071,0.415885464838187,0.849924482174172,4.76103490515671e-06,0.0125512313636303,0.000659322524207383,0.108788514185095,0.07258472794631,52.149286525772,1.49877966430576,0.139960338591592,-0.0218907270225347,0.0342617387350878,85742.8943395397,-0.638926330966274,0.522872564409071,-0.0755477080845849,0.092129362323094,52.9023170606056,-0.820017703147039,0.415885464838187,0.0207197738407449,0.108987479500624,54.7813153980621,0.190111505795731,0.849924482174172,0.13067924120763,0.0803634122080933,1.62610369093399,0.103927598999793,0.0868977871625604,0.0801657091445875,1.0839770282058,0.278374984290104,0.0437814540450695,0.0685234774701757,0.638926330966274,0.522870857701543,-0.0962674819253301,0.141480818675885,-0.68042779810221,0.496233624620634,-0.0548279342438402,0.143928308983047,-0.380939195570611,0.703248367488714,-0.0414395476814899,0.217974959001248,-0.190111505795731,0.849221754182998
0,"",626486.550608357,0,0.817550249591596,0.549784401905199,0.941121387996636,6.21153989989783e-07,0.00691650949331843,0.000101183127390448,0.115455243096636,0.0742013407467693,42.8747871209452,1.55597246538517,0.1270662201196,-0.00790455312991677,0.0342636914876269,85681.447482553,-0.230697650682829,0.817550249591596,-0.0522490030925565,0.0867915032933841,52.0355776790039,-0.602005969592871,0.549784401905199,0.0084677771581034,0.114117142634051,54.4107884301073,0.0742024989642246,0.941121387996636,0.123359796226553,0.0818274746683009,1.50755961523448,0.131667275270782,0.107550689966719,0.0816329800715585,1.31749067438726,0.187674204952456,0.0158091062598335,0.0685273829752538,0.230697650682829,0.817549698785695,-0.0607167802506601,0.142153064552193,-0.427122555830427,0.669290064908268,-0.0437812259344532,0.1445803610875,-0.302815856905744,0.762030198388382,-0.0169355543162069,0.228234285268102,-0.0742024989642246,0.940849257449184
0,"",626562.32327353,0,0.696935341009393,0.522851286853277,0.910390675273592,1.77060339726123e-06,0.0081010024911686,0.000235976975002312,0.116161168599089,0.0816269918832464,44.5827277136752,1.42307300464089,0.161675391483191,0.0133497881154657,0.0342775062371833,85665.9521471005,0.389462057802332,0.696935341009393,-0.0555843260682772,0.0863887222810691,50.6896477305292,-0.643421092482783,0.522851286853277,-0.0130302815712538,0.115237745377703,54.1683953238055,-0.113073034608112,0.910390675273592,0.102811380483623,0.0886220605123876,1.16011047237219,0.246003830956226,0.129510956714554,0.0884418275819429,1.46436318940334,0.143094740287631,-0.0266995762309313,0.0685550124743665,-0.389462057802332,0.696934372884686,-0.0425540444970235,0.142809097681903,-0.297978526492827,0.765719552941642,-0.0686146076395312,0.145227615188933,-0.472462537860084,0.636596675309464,0.0260605631425077,0.230475490755406,0.113073034608112,0.90997265312724
0,"",626497.869088475,0,0.261564689413026,0.583659534420471,0.792678055263691,1.47085478200051e-05,0.00617906361668823,0.00129193226482789,0.129468476278978,0.0879263288089307,46.4635546182911,1.47246539270758,0.147637241884008,0.0384698024403891,0.0342651906210562,85695.3827723831,1.12270796523015,0.261564689413026,-0.0492503242196309,0.0892691441930323,48.9554357071637,-0.551706019642508,0.583659534420471,-0.0306759648220337,0.116134855139174,53.9349289230985,-0.264140897108557,0.792678055263691,0.0909986738385888,0.0944517524868536,0.963440819705855,0.335326349686975,0.167938278719367,0.0942822975133147,1.78122811120137,0.0748751930537656,-0.0769396048807782,0.0685303812421125,-1.12270796523015,0.261561543989073,-0.0185743593975973,0.145281051477584,-0.127851218095452,0.898266716440333,-0.0799262890416649,0.147668498495361,-0.541254836719126,0.588331945208989,0.0613519296440676,0.232269710278348,0.264140897108557,0.791671351268136
1,Model failed to converge with 1 negative eigenvalue: -1.4e+03,626735.658292496,1,0.619029412547128,0.362083881490478,0.587184880613961,2.88363292530757e-06,0.0173469806694598,0.00547424649471622,0.142329341181548,0.0910459907920527,51.409916679302,1.56326862878153,0.124124810416333,0.0170618587867526,0.03431394034691,85737.3931228955,0.497228199800405,0.619029412547128,-0.0845049628976679,0.0918353006604547,47.9646660255846,-0.920179520183752,0.362083881490478,-0.0661492387256587,0.121112898374616,54.1951710022838,-0.546178314724595,0.587184880613961,0.125267482394795,0.0973802162290833,1.28637506924515,0.19831219486409,0.1593911999683,0.0972148721649762,1.63957629546443,0.101093295136308,-0.0341237175735051,0.06862788069382,-0.497228199800405,0.619028137498428,-0.0183557241720092,0.150827925009558,-0.121699772577565,0.903136793356606,-0.150654201623327,0.153150417033398,-0.983700890546539,0.325262601831582,0.132298477451318,0.242225796749232,0.546178314724595,0.584943370913923
0,"",626936.821382414,0,0.94262330643622,0.206953954317907,0.429731722093824,6.04266881043309e-08,0.031965592027087,0.0114355796042474,0.167646464158757,0.0946780346520189,47.6560323338598,1.77070072034055,0.0830064175863475,-0.00247251593482807,0.034353227799245,85726.3398943862,-0.0719733222530667,0.94262330643622,-0.117242753691558,0.0916871099244985,49.5180455824555,-1.27872668020733,0.206953954317907,-0.0947080296519458,0.11904723917063,54.7118929388623,-0.795549987649872,0.429731722093824,0.170118980093585,0.100797836486628,1.68772451893007,0.0914641228434533,0.165173948223929,0.100637692596793,1.64127320452092,0.100740715737023,0.00494503186965614,0.06870645559849,0.0719733222530667,0.942623138534265,-0.0225347240396126,0.14908239141104,-0.151156174960203,0.87985252030619,-0.211950783343505,0.151433097875194,-1.39963314702964,0.161623202611617,0.189416059303892,0.23809447834126,0.795549987649872,0.426293645379623
0,"",626953.761928358,0,0.565491150293874,0.116672397035122,0.326718232837205,3.85118751626591e-06,0.048773588272224,0.017496338061161,0.15080314024997,0.0988974133362941,48.702019651725,1.52484413052518,0.133766131608391,0.0197452738091739,0.0343571288672475,85762.2676237463,0.574706748211345,0.565491150293874,-0.152112477805031,0.0952675456560922,49.7208930473052,-1.59668727432262,0.116672397035122,-0.117960957587964,0.119204120665283,54.9896630160268,-0.989571140071495,0.326718232837205,0.131057866440796,0.104772395392923,1.25088164634679,0.210977660978952,0.170548414059144,0.104618193928446,1.63019841630789,0.103059568541489,-0.0394905476183479,0.0687142577344949,-0.574706748211345,0.565489642806101,-0.0341515202170674,0.151427636150123,-0.22553030005177,0.8215667564346,-0.270073435392996,0.153755410596909,-1.75651337630668,0.0790007894617291,0.235921915175929,0.238408241330567,0.989571140071495,0.322383781977361
0,"",627071.186355122,0,0.682126301918522,0.107618972477991,0.279416399505341,1.95517048848598e-06,0.0507725191384387,0.0211513604170663,0.145698314066693,0.104777983435076,48.6698599104931,1.39054321614209,0.170690059845939,0.0140812530180586,0.034381020224717,85794.530546962,0.409564722804106,0.682126301918522,-0.161441940904776,0.0985433846155612,50.1786972485113,-1.63828288965916,0.107618972477991,-0.133866754394906,0.12254786606592,55.2218812197459,-1.09236299816839,0.279416399505341,0.131617061048634,0.110347970015467,1.19274564842639,0.232969002052358,0.159779567084751,0.110201117246117,1.44989062794988,0.147089021251626,-0.0281625060361172,0.0687620404494341,-0.409564722804106,0.682125279415342,-0.0275751865098699,0.156110430022891,-0.176638976049368,0.859791976981849,-0.295308695299683,0.158389046009093,-1.8644515055841,0.0622583256540395,0.267733508789813,0.24509573213184,1.09236299816839,0.274673580076186
0,"",627251.430780523,0,0.891358886303586,0.14853190574838,0.318475556739037,2.17447170172689e-07,0.0397339003754636,0.0183104655192812,0.160102767219227,0.114156363039799,47.8935398132825,1.40248658030047,0.167219025299883,0.00470067236706353,0.0344156437878742,85793.485865524,0.136585338808037,0.891358886303586,-0.142029984205561,0.0968484682949034,51.9762524433245,-1.46651760947917,0.14853190574838,-0.131351636967696,0.130459880536938,54.3490305051036,-1.00683548403607,0.318475556739037,0.155402094852163,0.119299553579861,1.3026209251331,0.192704210286106,0.16480343958629,0.119163081679111,1.38300753273637,0.166662556193305,-0.00940134473412705,0.0688312875757484,-0.136585338808037,0.891358565820175,-0.0106783472378651,0.161367220568676,-0.0661742031636501,0.947239134638962,-0.273381621173258,0.163583106118886,-1.67120937888644,0.0946803283794372,0.262703273935393,0.260919761073878,1.00683548403607,0.314013839527604
0,"",627265.129370118,0,0.652605518887186,0.127972919416798,0.452772594886282,2.3619585892544e-06,0.0441394010220794,0.010556037265446,0.158571863264724,0.117247586201066,49.4828803786085,1.35245311568967,0.182378901412412,0.0154931011505824,0.034417863316435,85789.7883860799,0.450147093912835,0.652605518887186,-0.149138323953701,0.0964109774536761,51.8195537916543,-1.54690189740437,0.127972919416798,-0.100767110824483,0.133234838255931,53.6157398922258,-0.756312028772227,0.452772594886282,0.143078762114142,0.122261522591184,1.17026811937036,0.241893087268648,0.174064964415307,0.122128177191734,1.42526457380948,0.154080736503427,-0.0309862023011648,0.0688357266328701,-0.450147093912835,0.652604381443226,-0.0483712131292185,0.163358935138194,-0.29610387144296,0.76715075751116,-0.249905434778184,0.165550764745532,-1.50953959749032,0.131160944040582,0.201534221648966,0.266469676511863,0.756312028772227,0.449462137824712
0,"",627155.732838177,0,0.374819194428431,0.210497701043907,0.484924293529323,9.18153176012336e-06,0.030100038375568,0.00920595894889126,0.15981364991455,0.115697578516988,50.3799661648192,1.38130505377071,0.173281225983165,0.0305259817263733,0.0343959721682619,85783.7394166898,0.887487103927257,0.374819194428431,-0.121214978180874,0.0956018062299359,51.801253967966,-1.26791514680522,0.210497701043907,-0.0947209938179121,0.134677978061001,53.2370115911574,-0.703314641202953,0.484924293529323,0.129287668188176,0.120769577460081,1.07053175896811,0.284380021526774,0.190339631640923,0.120634714374853,1.5778180652832,0.114607412386,-0.0610519634527466,0.0687919443365238,-0.887487103927257,0.37481670624709,-0.0264939843629618,0.164067110256947,-0.161482605023452,0.871713310734129,-0.215935971998787,0.16624593104791,-1.29889477978596,0.193980041415729,0.189441987635825,0.269355956122003,0.703314641202953,0.481859688347319
0,"",626998.845768094,0,0.383073547719943,0.483676790447822,0.4326816773549,8.87129177808826e-06,0.00964318293462024,0.0115129106598238,0.137112694372513,0.111989194368435,50.3896946630844,1.22433860825379,0.226517958670212,0.0299743159665417,0.0343642982208594,85761.6024476455,0.872251654141072,0.383073547719943,-0.0660646124634185,0.0936369317314053,51.1228108682096,-0.705540124412906,0.483676790447822,-0.103421513545323,0.130820791932946,53.6604237171101,-0.790558687324974,0.4326816773549,0.107138378405971,0.117212255176685,0.914054407062395,0.360688257909083,0.167087010339055,0.117073722634083,1.42719481861263,0.153523747582239,-0.0599486319330835,0.0687285964417188,-0.872251654141072,0.383071105791532,0.0373569010819046,0.159764870182973,0.233824250845139,0.815121421933572,-0.169486126008742,0.161984861723211,-1.04630842787241,0.295418655550435,0.206843027090647,0.261641583865892,0.790558687324974,0.429201562716148
0,"",627297.737200199,0,0.361343302219904,0.496804574697824,0.593125915077783,9.71550767534437e-06,0.00919143165223269,0.00523853837366384,0.117098012855692,0.110715266706967,49.9688985900468,1.05765009956231,0.295301389574697,0.0314228687334677,0.0344242008173889,85761.8637861284,0.912813311198062,0.361343302219904,-0.0648901984091021,0.0948028979304464,50.5035108016202,-0.684474840175347,0.496804574697824,-0.0664517577049922,0.123641112386725,54.8524411992315,-0.537456808841577,0.593125915077783,0.0856751441222238,0.116013574924661,0.738492406409003,0.460215279922684,0.148520881589159,0.115873388666344,1.28175142971631,0.199929857326396,-0.0628457374669355,0.0688484016347777,-0.912813311198062,0.361340736259424,0.00156155929589016,0.15465251768566,0.0100972122488437,0.991943727134195,-0.131341956114095,0.156945936646866,-0.836861144163412,0.402670623413172,0.132903515409985,0.247282224773452,0.537456808841577,0.59095211159482
0,"",627561.095363043,0,0.308042512931007,0.325501863918323,0.797189902468411,1.21114065436017e-05,0.0190820863686618,0.00120691822570232,0.104131249916105,0.104912998407832,49.464704063776,0.99254860214091,0.325760683370425,0.035145901644323,0.0344789379090411,85791.0094055891,1.01934409166087,0.308042512931007,-0.0968934555427111,0.0975914835369754,50.6724447360205,-0.992847449706,0.325501863918323,-0.032244295785864,0.124866466514818,55.1838286273533,-0.258230225342667,0.797189902468411,0.0689853482717816,0.110507166971453,0.624261305057277,0.532455991683546,0.139277151560428,0.110359570660898,1.26203056722996,0.206937787470586,-0.070291803288646,0.0689578758180823,-1.01934409166087,0.30803963845423,-0.0646491597568473,0.157338901535432,-0.41089113452523,0.68115236343162,-0.129137751328575,0.159611823814251,-0.809073840788013,0.418472674081684,0.0644885915717282,0.249732933029636,0.258230225342667,0.796229232316828
0,"",627617.738003057,0,0.555094409571938,0.375382482308676,0.951973646698821,4.05996780877078e-06,0.0157316491714927,6.66770862270771e-05,0.110782717323085,0.10092419431575,48.8798233310726,1.09768245438247,0.277721204344946,0.0203544672104487,0.0344905693014674,85781.650638342,0.590145875312727,0.555094409571938,-0.0863527187033959,0.0965469127948623,50.0512024960875,-0.894412013845264,0.375382482308676,-0.00750340488013234,0.124014232481021,54.8994674706128,-0.0605043851017716,0.951973646698821,0.0904282501126366,0.10673139179453,0.847250734692202,0.396855380082485,0.131137184533534,0.106578584826633,1.23042715144745,0.218537191109197,-0.0407089344208975,0.0689811386029348,-0.590145875312727,0.555092855055136,-0.0788493138232637,0.156016832578588,-0.505389787243284,0.613285090499627,-0.0938561235835285,0.158304833812162,-0.59288223437886,0.553259968210243,0.0150068097602647,0.248028464962043,0.0605043851017716,0.951753923444353
0,"",627433.597269154,0,0.962359216538568,0.432764045734797,0.815558731110442,2.5963168506244e-08,0.0125038090611342,0.00101149299806683,0.139925161893209,0.101657743843803,49.0155146330914,1.37643387116878,0.174943001579753,0.00162598363369835,0.0344536408511564,85783.6245048778,0.0471933761869402,0.962359216538568,-0.0778884553901853,0.0984767529584613,49.4051063060215,-0.790932408413584,0.432764045734797,-0.0277135586993513,0.118233257758793,54.2628866046191,-0.234397319541762,0.815558731110442,0.138299178259511,0.107413187397052,1.28754375147894,0.197904830299796,0.141551145526908,0.107261864965285,1.31967820597488,0.186942479491791,-0.00325196726739671,0.0689072817023127,-0.0471933761869402,0.962359106678807,-0.0501748966908342,0.15270364351272,-0.328576945098594,0.74247547648009,-0.105602014089537,0.155032723916399,-0.681159508920728,0.495770565833864,0.0554271173987027,0.236466515517586,0.234397319541762,0.814676539388587
0,"",627403.923824695,0,0.859812478554974,0.710499500939421,0.617523049962317,3.63630668523296e-07,0.00278712721189384,0.00473145021027113,0.181169499153273,0.0976306529055448,48.2372729331522,1.85566206679525,0.0696169936495648,-0.00608397687737135,0.0344479898043403,85780.1259232698,-0.176613407979028,0.859812478554974,-0.0370533659461669,0.0992560419977189,49.8623232510619,-0.373310936043757,0.710499500939421,-0.0571890079742442,0.113850675290207,53.0762108692167,-0.502315931183266,0.617523049962317,0.187253476030645,0.103607958051058,1.80732715471882,0.0707112844978722,0.175085522275902,0.103451475606374,1.692441033341,0.0905619141990119,0.0121679537547427,0.0688959796086807,0.176613407979028,0.85981206160615,0.0201356420280773,0.149854694442795,0.134367776084345,0.893111761486999,-0.0942423739204114,0.152220389001064,-0.619117941682258,0.535838664583574,0.114378015948489,0.227701350580415,0.502315931183266,0.615445304564261
0,"",627524.572280004,0,0.684841090364749,0.871141352023636,0.676865474194758,1.91973593709949e-06,0.000519928476510688,0.00338358231891019,0.199532533609083,0.0911683485810649,46.9903534567606,2.18861629846967,0.0336295854156187,-0.0139919331339492,0.0344741540927864,85807.6239680123,-0.405867337492612,0.684841090364749,-0.0162133671122484,0.0994528398049758,51.0907867299244,-0.163025682766247,0.871141352023636,-0.0510822618041935,0.121880620155496,51.7394987292774,-0.419117179901303,0.676865474194758,0.213524466743032,0.0975518942519156,2.18882952894417,0.0286092326275882,0.185540600475134,0.097385307386107,1.90522169570728,0.0567512591392121,0.0279838662678985,0.0689483081855728,0.405867337492612,0.684840078338205,0.0348688946919452,0.156158507760509,0.223291674542776,0.823308506458979,-0.0672956289164421,0.158448812818324,-0.424715261158837,0.671044257282647,0.102164523608387,0.243761240310993,0.419117179901303,0.675130495648478
0,"",627343.369834923,0,0.119296413690326,0.895273480214377,0.695168139445598,2.82737098236405e-05,0.000330420394551684,0.00300531567242839,0.211734111230479,0.0880849575273233,46.1025145327851,2.40374880313476,0.0203051860074557,-0.0536467661012873,0.0344386426969885,85822.2636860323,-1.55774914166343,0.119296413690326,-0.0131593275388203,0.099489523608186,52.9300521593141,-0.132268474725489,0.895273480214377,-0.0495562036427269,0.125760106554622,51.5125455027335,-0.394053448270599,0.695168139445598,0.265380877331766,0.0946635224779705,2.80341223720599,0.00505649920319203,0.158087345129192,0.094492207185911,1.67301992235359,0.0943233741632661,0.107293532202575,0.068877285393977,1.55774914166343,0.119292726357809,0.0363968761039067,0.15922637715606,0.228585720243032,0.819190924335233,-0.0627155311815473,0.161476005135698,-0.388389167349315,0.697728059493333,0.0991124072854541,0.251520213109246,0.394053448270599,0.693541578962737
0,"",627192.259860318,0,0.0388877097480661,0.946824891843877,0.517872124214544,4.97179443762491e-05,8.37323391559443e-05,0.00815584957470718,0.200563644240734,0.0896371965608856,44.083370786744,2.23750465136984,0.0303564428680687,-0.0710641219180288,0.0344068734124009,85797.6933692569,-2.06540481217965,0.0388877097480661,-0.00640037008111094,0.0955170767563829,53.6189787052931,-0.0670076000905591,0.946824891843877,-0.0824777275320346,0.126673980626227,51.5552344387513,-0.651102358387228,0.517872124214544,0.271627766158763,0.0960979814948236,2.82657098446333,0.00470493149206039,0.129499522322705,0.0959296504905767,1.34994260544529,0.177034393847362,0.142128243836058,0.0688137468248017,2.06540481217965,0.0388847136399235,0.0760773574509239,0.157517613392489,0.482976829145835,0.62911218851572,-0.0888780976131458,0.159774278626729,-0.556272876817589,0.578024326046824,0.16495545506407,0.253347961252455,0.651102358387228,0.514980414224053
0,"",627350.1799419,0,0.115809349703266,0.891401566308839,0.256038774542674,2.88323485355693e-05,0.000349223424108264,0.0249405526021497,0.177465879965015,0.0884989655310754,43.4942294458675,2.00528762003099,0.0511797813103952,-0.0541575340716548,0.0344376644051173,85774.4304607084,-1.57262506058939,0.115809349703266,-0.0127723378318514,0.0931077724833596,53.8658928119575,-0.137177998046662,0.891401566308839,-0.144288153017572,0.125625797988854,51.5737492282658,-1.1485551162857,0.256038774542674,0.23162341403667,0.0950483815974111,2.43690013595117,0.0148137698155211,0.12330834589336,0.0948780502287691,1.29965092659514,0.193720636754862,0.10831506814331,0.0688753288102346,1.57262506058939,0.115805661349907,0.131515815185721,0.15522245016684,0.847273155683101,0.39684288569104,-0.157060490849424,0.157504881824349,-0.997178557453092,0.318677847072044,0.288576306035146,0.251251595977709,1.1485551162857,0.250739473683153
0,"",627659.357469153,0,0.0715317440998834,0.876193844080571,0.188183702357384,3.78553330046074e-05,0.0004523636458771,0.0331434121267428,0.172128259823274,0.08728874722713,45.9099504371379,1.97194100375145,0.0546587758043704,-0.0621735330301885,0.0345004258985211,85786.4447389282,-1.80210914534982,0.0715317440998834,-0.0149031728405178,0.095206857850157,54.1423139629393,-0.156534657030415,0.876193844080571,-0.164049367407765,0.123018816557507,51.8765246794695,-1.33353069065722,0.188183702357384,0.234301792853462,0.0939459643177798,2.49400593793383,0.0126310431412072,0.109954726793085,0.0937729457131679,1.17256342921565,0.240970922059479,0.124347066060377,0.0690008517970422,1.80210914534982,0.0715282351310835,0.149146194567248,0.154399808465305,0.965973961041297,0.334057210809313,-0.178952540248284,0.156705613057403,-1.14196637093485,0.253467998407607,0.328098734815532,0.246037633115014,1.33353069065722,0.182357710790124
0,"",627449.841393541,0,0.0127391766202737,0.754538615318788,0.201924212814653,7.22981302886088e-05,0.00181294572578636,0.0309108921962374,0.164763749463628,0.0849643578696182,45.495659056634,1.93921020054628,0.0586922204182843,-0.0858414241527958,0.0344601996894775,85822.2276103115,-2.49103095531416,0.0127391766202737,-0.0311454305400827,0.0991123488431772,54.3701173973834,-0.31424369317857,0.754538615318788,-0.159431543944435,0.123369379694285,52.3583453463864,-1.29231049341023,0.201924212814653,0.250605173616424,0.0917749910840859,2.73064775769703,0.00632099909477785,0.0789223253108326,0.0915982857546276,0.861613562531605,0.388900205182484,0.171682848305592,0.068920399378955,2.49103095531416,0.0127373021871096,0.128286113404353,0.15710837406254,0.816545357113085,0.414188293000486,-0.190576974484518,0.159384697754063,-1.19570433780655,0.23181195799203,0.318863087888871,0.24673875938857,1.29231049341023,0.196249639442924
0,"",627173.795485553,0,0.0153828373172451,0.838075870379797,0.176599270869586,6.84114275834967e-05,0.000780632314820266,0.0339115170678894,0.165326405426102,0.0865165095502647,45.7918133169536,1.91092320165841,0.0622865481532773,-0.0833734659597245,0.0344051186758999,85832.3942085466,-2.42328668431904,0.0153828373172451,-0.0206690773894576,0.100655856941638,53.9732288320685,-0.205344010944559,0.838075870379797,-0.168471335332457,0.123024425064447,53.4243238152002,-1.36941371800114,0.176599270869586,0.248699871385826,0.0931932163235798,2.66864779644804,0.00761572637442978,0.0819529394663773,0.093019684277007,0.881027925469263,0.378302705483686,0.166746931919449,0.0688102373517997,2.42328668431904,0.0153807833693673,0.147802257943,0.157818317276664,0.936534240723748,0.348998191557963,-0.189140412721916,0.160083103824697,-1.18151390248554,0.237398633892486,0.336942670664916,0.246048850128895,1.36941371800114,0.170869988583688
0,"",627300.016520608,0,0.0325569143246506,0.961039810018689,0.153624632234632,5.32207696228514e-05,4.4810402445265e-05,0.0373953009870917,0.15897425164519,0.0920520228443736,45.5403518039997,1.72700443437247,0.0909449168076329,-0.073596196789341,0.0344303253438574,85846.8227556538,-2.13753997542376,0.0325569143246506,-0.00510911432311116,0.104103928150971,53.7475536157909,-0.0490770561097555,0.961039810018689,-0.177368969232715,0.1225582336379,53.9139612790954,-1.44722197740507,0.153624632234632,0.232570448434531,0.0983626842326535,2.36441746429409,0.018058450670652,0.0853780548558486,0.0981978959886473,0.869448922466925,0.384601634130615,0.147192393578682,0.0688606506877148,2.13753997542376,0.0325540979193773,0.172259854909604,0.15967443444374,1.07881925813427,0.280668308058542,-0.182478083555827,0.161927057537898,-1.12691533046056,0.259778280980228,0.354737938465431,0.245116467275801,1.44722197740507,0.147834763107005
0,"",627483.14475802,0,0.072990414548464,0.83856009754821,0.207194730758885,3.743953326337e-05,0.000786064700228853,0.0292637700884659,0.13347323991161,0.0943312558046801,43.188055639923,1.41494183208985,0.164255751281808,-0.0617967573682364,0.0344672441897711,85856.1809291261,-1.79291262823315,0.072990414548464,-0.0214493251907813,0.10476682844431,53.2819194433943,-0.20473393639269,0.83856009754821,-0.163452816060752,0.128036078514978,54.0618681357087,-1.27661529434948,0.207194730758885,0.195269997279847,0.100511815837631,1.94275663664548,0.0520455695348699,0.0716764825433738,0.100350029220089,0.714264690308878,0.47506352182202,0.123593514736473,0.0689344883795422,1.79291262823315,0.0729868957838008,0.142003490869971,0.164329676152486,0.864137836784892,0.387512175926062,-0.184902141251534,0.166536509580228,-1.1102799123003,0.266878426444058,0.326905632121504,0.256072157029956,1.27661529434948,0.201738099561195
0,"",627901.04070038,0,0.439724544658385,0.982725325020693,0.257865149881293,6.95432639109117e-06,9.02193802873396e-06,0.023768254760111,0.105362869085846,0.0977669161393531,44.1994125870295,1.07769451309752,0.287016908033489,-0.0266956904769339,0.0345502808249302,85846.1974961574,-0.772662040352252,0.439724544658385,-0.00224569138091622,0.103222861570109,52.4619703238994,-0.0217557559125692,0.982725325020693,-0.149228969674462,0.130491778246601,53.7150042376043,-1.14358905733089,0.257865149881293,0.13205855956278,0.10377108802101,1.27259492100578,0.203161821815238,0.0786671786089123,0.103613439687608,0.759237207509875,0.447710672273482,0.0533913809538677,0.0691005616498604,0.772662040352252,0.439722417421156,0.146983278293546,0.165277443833284,0.88931238821559,0.373835215494458,-0.151474661055378,0.167479829356553,-0.904435248336082,0.365764654672285,0.298457939348924,0.260983556493202,1.14358905733089,0.252794101897737
0,"",628462.025068718,0,0.856851385518088,0.972958786129286,0.216358964549092,3.79077740685877e-07,2.23188331726552e-05,0.0285467859159177,0.126772628330567,0.0971047643823522,46.9751831144995,1.30552428747365,0.198072441257919,0.00625264468742768,0.034662929380503,85835.813494779,0.180384197157458,0.856851385518088,0.00347680528343858,0.102075155444705,51.9803810625882,0.0340612293784064,0.972958786129286,-0.164773613246244,0.131701198718779,53.2672831092605,-1.25111703499437,0.216358964549092,0.120519983643139,0.103185841524017,1.16798954064921,0.242810983894059,0.133025273017995,0.103026161662755,1.29117954965107,0.196641424682286,-0.0125052893748554,0.069325858761006,-0.180384197157458,0.856850959674626,0.168250418529683,0.165518633222428,1.01650439744499,0.309389254513682,-0.161296807962805,0.16772795909516,-0.961657250424746,0.336221803071408,0.329547226492488,0.263402397437559,1.25111703499437,0.210891781325213
0,"",628623.320733227,0,0.250013379927172,0.872469597665675,0.155877366729398,1.54137402399327e-05,0.000498064381290224,0.0372383885233187,0.138996884559675,0.0973909440260188,47.5457264579998,1.42720543423977,0.160055553698272,0.0399116734845868,0.0346960077450514,85847.1998374354,1.15032466495455,0.250013379927172,0.0167788972657993,0.104014717979398,52.2198227110556,0.161312721812338,0.872469597665675,-0.191595327217484,0.133114670845244,53.560653474974,-1.43932540268404,0.155877366729398,0.0990852110750885,0.103466494218439,0.957655053682395,0.338236728175382,0.178908558044262,0.103306836354586,1.73181721904815,0.0833061113341177,-0.0798233469691737,0.0693920154901028,-1.15032466495455,0.250010175658164,0.208374224483284,0.1678337977518,1.2415510300937,0.214402259128102,-0.174816429951685,0.170026382168624,-1.02817237961525,0.303868748434039,0.383190654434969,0.266229341690489,1.43932540268404,0.150058348811085
0,"",628446.199512237,0,0.122679855025871,0.850704399798847,0.147465459747789,2.77539971597698e-05,0.000677349851454439,0.0385005843009913,0.133768368213377,0.09747261478217,47.9770558883758,1.37236872646045,0.176330980521241,0.0535032469009926,0.0346604990282613,85852.5227602081,1.54363752401163,0.122679855025871,0.0198383924363321,0.104884412547594,52.7817451117635,0.18914528817454,0.850704399798847,-0.194301206605485,0.132209157218012,53.9398364910514,-1.4696501414428,0.147465459747789,0.0802651213123842,0.103531329702204,0.775273741226525,0.43817792230627,0.187271615114369,0.103372072731548,1.81162677854689,0.0700438843627634,-0.107006493801985,0.0693209980565225,-1.54363752401163,0.122676169259156,0.214139599041818,0.16766027737485,1.27722321825253,0.20152345209759,-0.174462814169153,0.169852977265901,-1.02714015955125,0.304354470757274,0.388602413210971,0.264418314436025,1.4696501414428,0.141656532686599
0,"",628713.190987872,0,0.117238306354493,0.920936381887382,0.192393315260347,2.8585969441504e-05,0.000190228479373209,0.0312488745168876,0.138546372984883,0.101561944997781,48.3323972418442,1.3641563578554,0.178837335517253,0.0543777524602486,0.0347131818481342,85839.7254530117,1.56648712578825,0.117238306354493,0.0102976512353349,0.103250385895917,52.2799100216013,0.0997347481656453,0.920936381887382,-0.173057532445586,0.131101724333845,54.018441028384,-1.3200248381547,0.192393315260347,0.0841686205246347,0.107407464218232,0.783638466257983,0.433252278161044,0.192924125445132,0.107253456642279,1.79876837059518,0.0720553285776027,-0.108755504920497,0.0694263636962685,-1.56648712578825,0.117234620216587,0.183355183680921,0.165766904889459,1.10610247445467,0.268682167830396,-0.162759881210251,0.167981968869567,-0.968912808354031,0.33258869431015,0.346115064891173,0.262203448667691,1.3200248381547,0.186826725306754
0,"",628727.585629859,0,0.0524556569983861,0.9353982704979,0.371544737443823,4.38114109841451e-05,0.000131121829467001,0.0148779371332825,0.141672118835737,0.104930593842341,49.0400578815212,1.3501507391505,0.183166369809295,0.0673286437368774,0.0347161843960404,85847.8635706622,1.93940218109214,0.0524556569983861,-0.00860382318166497,0.105621477503269,50.5995351486892,-0.0814590307297933,0.9353982704979,-0.117927102220406,0.130867627053997,53.7662967719796,-0.901117448792348,0.371544737443823,0.0743434750988596,0.110599232582146,0.672187983254242,0.501464030100153,0.209000762572614,0.110449516605971,1.89227412663312,0.0584544663765403,-0.134657287473755,0.0694323687920807,-1.93940218109214,0.0524523851571619,0.109323279038741,0.167066205166964,0.65437099579466,0.51287281601385,-0.126530925402071,0.169272997647425,-0.747496217120344,0.454764085413554,0.235854204440813,0.261735254107994,0.901117448792348,0.367525876467267
0,"",628732.139791058,0,0.0267019585477372,0.905232850227163,0.661525318794923,5.71864157181343e-05,0.000286000981449906,0.00360479096820752,0.134527670216841,0.106588785208733,49.4191426470992,1.2621184297522,0.212830215678637,0.0769301480882373,0.0347175649572457,85857.2373322886,2.21588547995736,0.0267019585477372,-0.0129909535541187,0.108567064693331,50.0488517558595,-0.119658329078107,0.905232850227163,-0.0567630305519713,0.128932852693569,53.574177140978,-0.440252653735027,0.661525318794923,0.0575975221286035,0.112174133774198,0.513465272168226,0.6076258972242,0.211457818305078,0.112026428175125,1.88757083261208,0.059083588835492,-0.153860296176475,0.0694351299144914,-2.21588547995736,0.0266993462099336,0.0437720769978527,0.167446119334123,0.261409922021004,0.79377640632163,-0.0697539841060902,0.169654864945272,-0.411152277469862,0.680960878874907,0.113526061103943,0.25786570538714,0.440252653735027,0.65975412803276
0,"",628812.790890133,0,0.0273848365167133,0.868438511565293,0.763229143624904,5.66859797632026e-05,0.000560692093536057,0.00171720195358986,0.10473010573145,0.105141480681056,48.7350448492499,0.996087415290894,0.324127844561531,0.0766235415917733,0.034733747809529,85846.15993502,2.20602573646694,0.0273848365167133,-0.017823090869198,0.107042017392427,49.4184893729747,-0.166505558316009,0.868438511565293,-0.0385273003902551,0.127241327843295,53.2982545447665,-0.302789204131096,0.763229143624904,0.0281065641396772,0.110804913143213,0.253658103619919,0.79975970404068,0.181353647323224,0.110655318971691,1.63890582945787,0.101232873480584,-0.153247083183547,0.0694674956190581,-2.20602573646694,0.0273821977548912,0.0207042095210571,0.165158289149349,0.125359796518204,0.900238714708074,-0.0563503912594532,0.167390075938782,-0.336641171487739,0.736387415544601,0.0770546007805103,0.25448265568659,0.302789204131096,0.762050511310085
0,"",629040.07945466,1,0.0456525684054442,0.823718561467439,0.873988903476012,4.65204094422232e-05,0.00102347723050443,0.000477769360705389,0.0819539667111351,0.101267816466285,50.8267132057406,0.809279488497905,0.422126810769186,0.0695134358352559,0.0347807064105959,85861.2052319411,1.99862058621324,0.0456525684054442,-0.0243515643417375,0.108730597517385,48.9584069843069,-0.223962388672093,0.823718561467439,-0.0201721999978577,0.126581949553637,53.1296717923718,-0.159360794086285,0.873988903476012,0.0124405308758792,0.10715160203674,0.116102145366092,0.90757158855828,0.151467402546391,0.106996591354579,1.41562829832998,0.15688436149248,-0.139026871670512,0.0695614128211918,-1.99862058621324,0.0456494212713607,-0.00417936434387983,0.165748781929953,-0.0252150531377423,0.979883430106341,-0.0445237643395954,0.1679821623486,-0.265050548921966,0.790970521461767,0.0403443999957156,0.253163899107275,0.159360794086285,0.873384625904143
0,"",629150.656944521,1,0.0951719202406143,0.910748040274731,0.892258511492378,3.24390617168992e-05,0.000263539315650911,0.000344658822324032,0.0692878299731253,0.0988923702329891,50.9801622860797,0.700638783456035,0.486714048786066,0.058076322911669,0.03480243161555,85841.3764310996,1.66874325200082,0.0951719202406143,-0.0119463854694724,0.106015096109567,48.1701215627652,-0.112685701450724,0.910748040274731,-0.0166777036277998,0.122548669068165,53.7175500194952,-0.136090450876486,0.892258511492378,0.0112115070614562,0.104916632585353,0.10686110281261,0.914899171896416,0.127364152884794,0.104758390977799,1.21578951047259,0.224065115675224,-0.116152645823338,0.0696048632311,-1.66874325200082,0.0951682734259986,0.00473131815832744,0.16089521233899,0.0294062084853031,0.976540621292133,-0.0286240890972723,0.163179301485789,-0.175414950527687,0.860753593897581,0.0333554072555998,0.24509733813633,0.136090450876486,0.891749776392272
0,"",629119.280137249,0,0.0322823800767984,0.825345283581944,0.760213165971297,5.3413583173858e-05,0.00103580885592901,0.00171960992038266,0.0560797139790864,0.0980920710819094,48.0492611462849,0.571704862182575,0.570186893241675,0.0744936007647831,0.034794949986507,85808.5553136712,2.14093139359794,0.0322823800767984,0.0228332498370313,0.10290003027092,47.4870021238169,0.221897406413924,0.825345283581944,-0.0366836687753689,0.119594898756822,54.618882981467,-0.306732721518161,0.760213165971297,-0.0184138867856967,0.104159985833948,-0.176784651402047,0.85967754556684,0.130573314743869,0.104000881046631,1.2555020056544,0.209296580460024,-0.148987201529566,0.069589899973014,-2.14093139359794,0.0322795710454077,0.0595169186124004,0.156601518689387,0.380053265833582,0.703905875910309,-0.0138504189383377,0.158929784562237,-0.0871480382137803,0.930553841632098,0.073367337550738,0.239189797513644,0.306732721518161,0.759046821408041
0,"",629057.346222129,0,0.00536928103928773,0.89850520370667,0.573577060292104,9.03222642270306e-05,0.000345206551416656,0.00577686253544009,0.038138513907524,0.0977215363949709,48.162313701573,0.390277469168881,0.698052217081234,0.0968363061437236,0.0347822522607866,85807.8428361887,2.78407233141991,0.00536928103928773,0.0133161091145895,0.103843649219223,47.6174167263662,0.128232291668391,0.89850520370667,-0.0659313275864945,0.116452320319608,55.16697635046,-0.566165855738585,0.573577060292104,-0.0586977922361996,0.103806701797257,-0.565452819711404,0.571765806536419,0.134974820051248,0.103647364449988,1.30225038299334,0.192830806994667,-0.193672612287447,0.0695645045215732,-2.78407233141991,0.00536810615335905,0.0792474367010842,0.154848861483059,0.51177280828606,0.60881002305261,-0.0526152184719051,0.157197719065424,-0.334707264104814,0.737845921255402,0.131862655172989,0.232904640639216,0.566165855738585,0.571281038511312
0,"",629158.753921301,0,0.0101672192539004,0.890870379895467,0.375671248920154,7.70014922425854e-05,0.000401000241351864,0.014052679637703,0.018398869232819,0.0965111159293152,47.6922732913347,0.190639897338814,0.849616935715563,0.0894454982083951,0.0348017100247176,85779.4431195353,2.57014664350882,0.0101672192539004,0.0138351515628039,0.100297046134642,47.4321418059474,0.137941764947207,0.890870379895467,-0.103152022877337,0.115509166991601,55.9521990430151,-0.89302023002934,0.375671248920154,-0.071046628975576,0.102674633273776,-0.691958926078016,0.488963123567464,0.107844367441214,0.102513553831814,1.05200106142205,0.292799062651635,-0.17889099641679,0.0696034200494351,-2.57014664350882,0.0101655473691989,0.116987174440142,0.151779544800432,0.770770360353649,0.440843058555048,-0.0893168713145337,0.154164522588792,-0.579360736275047,0.562345791510337,0.206304045754675,0.231018333983203,0.89302023002934,0.371846339166005
0,"",629301.795796427,0,0.0795709639255315,0.76206579719878,0.360742326049031,3.58378284546647e-05,0.00192725626968097,0.014822238325986,0.0143024907350335,0.0953052250793317,47.4771870914801,0.150070373614124,0.881344833464836,0.0610641928690425,0.0348301013682134,85764.2935405056,1.75320169825204,0.0795709639255315,0.0302647729060467,0.0993929663377284,48.016031527225,0.304496123027556,0.76206579719878,-0.103618282395758,0.112452330402402,56.4334584379699,-0.921441841400428,0.360742326049031,-0.0467617021340091,0.101551722415909,-0.460471777548931,0.645177624491566,0.075366683604076,0.101388813248042,0.74334318737606,0.457273930891093,-0.122128385738085,0.0696602027364268,-1.75320169825204,0.0795673916302323,0.133883055301805,0.148863991390482,0.899364944143003,0.368458305262004,-0.0733535094897117,0.151289420674356,-0.484855511791549,0.627778842058165,0.207236564791517,0.224904660804804,0.921441841400428,0.356819792190281
0,"",629219.349282763,0,0.884027473927509,0.847818244613692,0.283459353596426,2.48046782077298e-07,0.000760170596448743,0.0204035281319278,0.0240426989312235,0.0969784540614713,47.9375486799311,0.247917943876314,0.805256797746677,0.00507814742746496,0.0348137715698013,85777.7705562958,0.145866052383417,0.884027473927509,0.0193078047701287,0.1000805791319,48.9243255757682,0.192922592351132,0.847818244613692,-0.124118033893396,0.114614089194118,56.3035399620096,-1.08292126008331,0.283459353596426,0.0189645515037586,0.103118180737049,0.183910842571187,0.854083398754016,0.0291208463586885,0.1029576577415,0.282842937548205,0.777297238248328,-0.0101562948549299,0.0696275431396026,-0.145866052383417,0.884027131173776,0.143425838663525,0.150956365346846,0.95011454690222,0.342054052428009,-0.104810229123267,0.153353184784722,-0.683456488174018,0.494318436015493,0.248236067786792,0.229228178388237,1.08292126008331,0.278843374387721
0,"",629382.470140007,0,0.566868406793189,0.947279353120895,0.300146813848587,3.82348129181274e-06,8.73480683255034e-05,0.0193188531163969,0.0531315813919274,0.0976038381047212,47.8050831056268,0.544359550030414,0.588724358436512,-0.0199556884875033,0.034846638150773,85773.0849610754,-0.572671842866443,0.566868406793189,-0.00651913465480987,0.0981015340087519,50.5518512827218,-0.0664529328789933,0.947279353120895,-0.123510124291261,0.118091766539898,55.5280426193707,-1.04588260392847,0.300146813848587,0.0730872698794306,0.103717844741696,0.704674013053884,0.481013127059897,0.0331758929044241,0.103557730220899,0.320361336943718,0.748694430931042,0.0399113769750065,0.069693276301546,0.572671842866443,0.566866905717298,0.116990989636452,0.152329201945718,0.7680141965041,0.442478750761274,-0.130029258946071,0.154709297824497,-0.840474753453906,0.400642251215905,0.247020248582523,0.236183533079797,1.04588260392847,0.295615236974554
0,"",629515.380603627,0,0.369714769962442,0.623674694186794,0.405184144231761,9.38602988134556e-06,0.00462836184149863,0.0124528165286148,0.0805221565192342,0.0937269909102263,47.2194565791734,0.859113855435304,0.394618200050202,-0.0312806041609581,0.0348719827429812,85725.6869725078,-0.897012492564796,0.369714769962442,-0.0464457709379362,0.0941022214355232,52.390260506633,-0.493567210522865,0.623674694186794,-0.0945037101043447,0.112670904089196,55.7910357752365,-0.83875878043484,0.405184144231761,0.111802760680192,0.100086843389251,1.11705751619497,0.263969733743985,0.0492415523582761,0.0999211278529237,0.492804208843158,0.622150936547091,0.0625612083219162,0.0697439654859623,0.897012492564796,0.369712250943459,0.0480579391664087,0.145558996966708,0.330161241612571,0.741278130979922,-0.140949481042281,0.148028712812077,-0.952176630902801,0.341007410592413,0.18900742020869,0.225341808178392,0.83875878043484,0.401604685714327
0,"",629468.344370733,1,0.137962010289885,0.435215313752543,0.299521027091062,2.5671373531195e-05,0.0115605272872664,0.0192712135050678,0.095882225275597,0.0908327825142603,51.385144631039,1.05559053264215,0.296093233662602,-0.0517158051901922,0.0348621504996905,85719.1744617569,-1.48343703555096,0.137962010289885,-0.0745831585534144,0.0948559426237705,52.8597240925133,-0.786278186589062,0.435215313752543,-0.11199005908052,0.106942242245811,55.8084853915172,-1.047201337177,0.299521027091062,0.147598030465789,0.0973780375165923,1.51572196595808,0.129589670908329,0.0441664200854048,0.097208259129094,0.454348431718658,0.649578062403623,0.103431610380384,0.0697243009993811,1.48343703555096,0.137958333671746,0.0374069005271058,0.141679576155131,0.264024650145391,0.791760924427281,-0.186573217633935,0.144206392908616,-1.29379297180096,0.195736940984593,0.223980118161041,0.213884484491622,1.047201337177,0.29500672870597
0,"",629440.377396574,0,0.0620147122526259,0.335945705173031,0.303215643858161,4.06126436307357e-05,0.0173114533374963,0.019107650815484,0.0938911207050669,0.0910454441803934,46.8726072095477,1.03125556199204,0.307712990928649,-0.0650521763838346,0.0348578158931899,85752.0319493106,-1.86621492818612,0.0620147122526259,-0.0946326123999776,0.0974648044341361,53.5141204712807,-0.970941386989881,0.335945705173031,-0.113885934489041,0.109588361114828,55.4402737681271,-1.03921560036572,0.303215643858161,0.158943297088902,0.0975749396464205,1.6289356433615,0.103326643600272,0.0288389443212323,0.0974053983241931,0.296071314499922,0.767175620128548,0.130104352767669,0.0697156317863798,1.86621492818612,0.0620113013265897,0.0192533220890639,0.145417167947215,0.13240061239573,0.894667430319759,-0.20851854688902,0.147891315690437,-1.40994449819816,0.158556071954043,0.227771868978084,0.219176722229657,1.03921560036572,0.298704476681611
0,"",629441.042320936,0,0.0300831169045749,0.342562432648033,0.511706590106504,5.48515848070176e-05,0.0172455331406988,0.0077629205414746,0.0918272295538247,0.0907252214847689,46.7063525191203,1.01214665614501,0.316682775489864,-0.0756092848129957,0.0348585644927298,85766.6132075286,-2.16903036350694,0.0300831169045749,-0.0947275347010193,0.0988991562752134,52.2800143432572,-0.957819442234821,0.342562432648033,-0.0727399978675526,0.110142674657843,55.7475316136367,-0.660416120214246,0.511706590106504,0.16743651436682,0.0972764957020474,1.72124327833179,0.0852066874842264,0.016217944740829,0.0971064058022843,0.167012099838706,0.867360528349641,0.151218569625991,0.0697171289854596,2.16903036350694,0.0300803787781498,-0.0219875368334667,0.146795263339224,-0.149783694196294,0.880935274364196,-0.167467532568572,0.149251648053324,-1.12204812980518,0.261841976434336,0.145479995735106,0.220285349315687,0.660416120214246,0.508986830186755
0,"",629434.444443625,0,0.0502124800159787,0.203438679926861,0.756891539949948,4.46940033429879e-05,0.0315401303095204,0.00174449368145808,0.0846535451529192,0.0890695645930595,46.1710134366425,0.950420556558054,0.346847401828697,-0.0682589722383981,0.034858427693335,85789.7166820511,-1.95817702504836,0.0502124800159787,-0.129807412727271,0.100753959124523,50.9674484456252,-1.28836041635684,0.203438679926861,-0.035022226520106,0.112574971296319,55.3829556431464,-0.311101358648546,0.756891539949948,0.152912517391317,0.0957341765808298,1.5972615303398,0.11020742217506,0.0163945729145211,0.0955613000669613,0.171560798179108,0.863782828935681,0.136517944476796,0.0697168553866701,1.95817702504836,0.0502092440449919,-0.0947851862071655,0.149864433297122,-0.632472856446494,0.527077939709349,-0.164829639247378,0.152281385979374,-1.08240175374883,0.279074049362446,0.0700444530402122,0.225149942592639,0.311101358648546,0.755723568315987
0,"",629664.856299948,0,0.101025711074874,0.198522547437881,0.91536793880449,3.13485055272592e-05,0.0327280572484643,0.000208773724600654,0.0750584168328216,0.0871066926684214,45.739823005991,0.861683695402574,0.393356642887467,-0.0572419445418467,0.0349053522651955,85785.5717849971,-1.63991883270358,0.101025711074874,-0.128535918979586,0.0986461250525321,50.1784587536637,-1.30300018283675,0.198522547437881,-0.0124506244677301,0.116618616286356,54.5858380452168,-0.106763609998233,0.91536793880449,0.132300361374668,0.0939284153274053,1.40852329844499,0.158976173026365,0.017816472290975,0.0937516498140638,0.19003902679377,0.84927854878213,0.114483889083693,0.069810704530391,1.63991883270358,0.101022044553571,-0.116085294511856,0.151541057979177,-0.766031965593162,0.443657282423585,-0.140986543447316,0.153939036801587,-0.915859592060687,0.359740542906033,0.0249012489354602,0.233237232572712,0.106763609998233,0.914976517433976
0,"",629817.798486458,0,0.191036265893192,0.222228338814487,0.857172675733603,1.9935123755658e-05,0.0304790769160223,0.000591476559091776,0.0537480873574513,0.0847715112837577,44.2705663558512,0.634034790031512,0.529320778246188,-0.0456793508063565,0.0349356034096031,85758.2193068216,-1.30753003664451,0.191036265893192,-0.118780292771312,0.0960652697157743,48.6307923870267,-1.23645406006504,0.222228338814487,-0.0208906509829105,0.115534553226142,55.244071621723,-0.18081734337969,0.857172675733603,0.0994274381638077,0.0917784722706371,1.08334161273262,0.278656821310578,0.00806873655109481,0.0915976148680661,0.0880889372798269,0.929805988970238,0.0913587016127129,0.0698712068192063,1.30753003664451,0.191032760611325,-0.0978896417884018,0.149035220579822,-0.656822202212081,0.511295246511619,-0.139670943754223,0.151466303500751,-0.922125519182095,0.356463107277432,0.0417813019658211,0.231069106452285,0.18081734337969,0.856510949450756
0,"",629909.830301189,0,0.852997172880148,0.199111829324589,0.74810640291948,4.00357269613959e-07,0.0338922405895359,0.00187068084148404,0.0619488587296492,0.0821768131229051,43.9002966544167,0.753848395617355,0.454964752585275,-0.00647698842982626,0.0349547867491089,85760.0520605641,-0.18529617921332,0.852997172880148,-0.125380523937975,0.096303297643295,48.3173528847538,-1.30193385902922,0.199111829324589,-0.0372776340934716,0.115505095993237,55.5752603378338,-0.32273583925383,0.74810640291948,0.0684258471594754,0.0893949291775274,0.765433205093659,0.444013626627734,0.0554718702998229,0.0892091817066491,0.621817947868121,0.534061583301395,0.0129539768596525,0.0699095734982178,0.18529617921332,0.852996734686322,-0.0881028898445035,0.149164445848559,-0.5906426919854,0.554759853544718,-0.162658158031447,0.151596414104861,-1.07296837456151,0.283285305924157,0.0745552681869435,0.231010191986475,0.32273583925383,0.746895307521913
0,"",629875.452128791,0,0.402124557864979,0.0968508765474012,0.604299558659862,8.18863169626023e-06,0.0557621066111183,0.0049095097684225,0.0836772085734198,0.0795777817657197,43.6003922502416,1.05151471575029,0.298815450346025,0.0292798547799519,0.0349469559168451,85724.3573702331,0.83783705938858,0.402124557864979,-0.15629573994551,0.0923147453334794,48.5393976518091,-1.69307448534797,0.0968508765474012,-0.0613247309654577,0.117654846717751,55.0650586145281,-0.52122570957551,0.604299558659862,0.0543973537934679,0.0870085425998552,0.625195551701592,0.53184272106945,0.112957063353372,0.0868178534165759,1.30108104391124,0.193230715527569,-0.0585597095599037,0.0698939118336902,-0.83783705938858,0.402122221958887,-0.0949710089800523,0.148325772961054,-0.640286627766228,0.521986272737563,-0.217620470910968,0.150760788668113,-1.44348190821713,0.148884765321805,0.122649461930916,0.235309693435503,0.521225709575511,0.602209546282693
0,"",629911.21092711,0,0.102523155291948,0.0569228877473397,0.54771945168201,3.11234774110896e-05,0.070962592169903,0.0066611540447977,0.0681428987821265,0.0792141720694159,43.0489236652634,0.860236205238786,0.394424513983219,0.057067801554359,0.0349517387797322,85653.0991381863,1.63276001557472,0.102523155291948,-0.169366359931773,0.0868905644156768,49.7408039844479,-1.94919161902942,0.0569228877473397,-0.0716344460102891,0.118413818298066,54.5741505794885,-0.604950055997469,0.54771945168201,0.0110750972277675,0.0866779927401464,0.127772885338609,0.898328708515242,0.125210700336486,0.0864866681938808,1.44774568093889,0.147688189213904,-0.114135603108718,0.0699034775594643,-1.63276001557472,0.102519479541007,-0.0977319139214841,0.14563702026907,-0.671065047478454,0.502179092129803,-0.241000805942063,0.148099505144181,-1.62728974487416,0.103675574905027,0.143268892020579,0.236827636596133,0.604950055997469,0.545212182220323
0,"",629858.99890739,0,0.0217167596357821,0.0843735462969239,0.541836530324805,6.14840570440126e-05,0.0587386488715546,0.00678819243670131,0.0540209783364472,0.0835132276496169,42.7146994909487,0.646855352820207,0.521186597671698,0.0802020856045505,0.0349414544097525,85684.0819248817,2.29532762614957,0.0217167596357821,-0.157357422880577,0.0893519572973373,49.6995666534953,-1.76109654047014,0.0843735462969239,-0.0716009501075599,0.116641686905095,55.1337731508383,-0.613853863120287,0.541836530324805,-0.0261811072681033,0.0906197125604382,-0.288911833069896,0.772648848215992,0.134223063940998,0.090436699148712,1.48416588845513,0.13776491691567,-0.160404171209101,0.069882908819505,-2.29532762614957,0.021714355544419,-0.0857564727730171,0.145693704227458,-0.58860795137128,0.556124298709424,-0.228958372988137,0.1481602353614,-1.5453429351651,0.122263335378108,0.14320190021512,0.233283373810192,0.613853863120287,0.539311900207423
0,"",629768.693556095,0,0.00024375637767705,0.10367613798111,0.703657395803536,0.000156967981362694,0.0544879596057839,0.00264197922491411,0.0530083116735416,0.0870555240963101,44.0044440796215,0.608902332434391,0.545719982709415,0.128135239997198,0.0349248284205516,85741.1614346401,3.66888674309983,0.00024375637767705,-0.156389629779914,0.0942691513286451,47.757680613752,-1.65896931897373,0.10367613798111,-0.0448880359766577,0.117395065815835,55.1928990922124,-0.382367313862037,0.703657395803536,-0.0751269283236564,0.0938882018240894,-0.800174322908171,0.423609804461705,0.18114355167074,0.0937113727890882,1.93299432373519,0.0532368970582038,-0.256270479994396,0.0698496568411032,-3.66888674309983,0.000243608962530226,-0.111501593803256,0.149343892025685,-0.746609669072237,0.455299210168655,-0.201277665756572,0.151766105092261,-1.32623595785246,0.184761552277669,0.0897760719533157,0.23479013163167,0.382367313862037,0.702188931512122
0,"",630010.747454745,0,2.00205200070497e-05,0.128262039877262,0.972097946135468,0.000212049327123224,0.0473683612984581,2.22217588355816e-05,0.0432938122305554,0.0877989408378528,45.1621024116902,0.493101759741162,0.624329921859131,0.149163802105015,0.0349747448240991,85760.791412133,4.26490036897239,2.00205200070497e-05,-0.14857230671202,0.0960011456105181,48.1681028648096,-1.54760972660458,0.128262039877262,-0.00418165846321258,0.119016486738266,55.551371378239,-0.035135119325179,0.972097946135468,-0.10586998987446,0.094596728224828,-1.11917179231441,0.263066856793651,0.192457614335571,0.0944205093434539,2.03830307285791,0.0415196327707359,-0.298327604210031,0.0699494896481981,-4.26490036897239,1.99991423357063e-05,-0.144390648248808,0.151704487706488,-0.951788905072928,0.341204049977223,-0.152753965175233,0.154103979694932,-0.99123958691806,0.321568604629923,0.00836331692642518,0.238032973476533,0.035135119325179,0.971971997519329
0,"",630217.445989554,0,2.07727142085606e-05,0.182457472402632,0.816706809961565,0.000211128768823267,0.0365751926294346,0.000980921717175312,0.0447685450797617,0.0858620358146738,45.4831485368209,0.521400927138404,0.604617221330273,0.14906447225055,0.0350191476277365,85802.123182671,4.2566562109149,2.07727142085606e-05,-0.134838685756233,0.0996797894741647,48.1998848140868,-1.35271840427774,0.182457472402632,0.0294098912386273,0.1262817570803,55.2389019670002,0.232891051871618,0.816706809961565,-0.104295927170789,0.092818969357309,-1.12364883916453,0.261162028331964,0.193833017330312,0.0926385379692166,2.09235833789521,0.0364064727155666,-0.298128944501101,0.0700382952554731,-4.2566562109149,2.07507066609866e-05,-0.164248576994861,0.159723172163703,-1.02833280086949,0.303793306735952,-0.105428794517606,0.162033309772306,-0.650661241603702,0.515265187898359,-0.0588197824772548,0.252563514160602,-0.232891051871618,0.815846006991062
0,"",630078.463685158,0,5.62347092883111e-05,0.282475368454917,0.7539501436295,0.000189000985254704,0.0241019988684119,0.0017994169743422,0.0334019790261368,0.0862914091362554,45.6753225161012,0.387083480968477,0.700492154879838,0.140959825923883,0.0349925591063576,85840.678519281,4.02827999791169,5.62347092883111e-05,-0.11428703199659,0.105138192613457,47.8436452470111,-1.08701727845721,0.282475368454917,0.040135081751698,0.127411590885449,55.0448171283373,0.315003379777135,0.7539501436295,-0.107557846897746,0.0932062899927869,-1.15397627033615,0.248509897723517,0.17436180495002,0.0930266653860365,1.87432070392358,0.0608862355574582,-0.281919651847766,0.0699851182127153,-4.02827999791169,5.61864041206612e-05,-0.154422113748288,0.164051958739495,-0.941300030397696,0.346551127190565,-0.0741519502448921,0.166320356269779,-0.445838091668193,0.655714204180588,-0.0802701635033962,0.254823181770898,-0.315003379777135,0.752759087718524
0,"",630018.893238758,0,0.00034377113828853,0.541079058867994,0.615138535386108,0.000149274312170687,0.00803948072362733,0.00460248423811646,0.0447849614225208,0.0890691209554248,46.3073331741775,0.502811310385939,0.617480041359074,0.125229749146036,0.0349802839372594,85845.6805692944,3.58000950966117,0.00034377113828853,-0.0655386965401735,0.106446332798796,46.7735766277488,-0.61569708243547,0.541079058867994,0.0644180258340591,0.127405900683591,55.2891585336607,0.505612577505649,0.615138535386108,-0.0804447877235157,0.0957792004816268,-0.839898300664425,0.400965410515063,0.170014710568557,0.0956044031376542,1.77831464858125,0.0753521918123109,-0.250459498292073,0.0699605678745188,-3.58000950966117,0.000343581703409861,-0.129956722374233,0.164887319378138,-0.788154740245379,0.430606199213759,-0.00112067070611437,0.167147666746833,-0.00670467454273095,0.994650483776342,-0.128836051668119,0.254811801367183,-0.505612577505649,0.61312865031587
0,"",629880.231458831,0,0.000398943339935484,0.527173669936916,0.381732295035234,0.000146054550617804,0.00868565216265197,0.0137292305187853,0.0402021085773436,0.0921436465198278,46.4877985443719,0.436298215837299,0.664639992084813,0.123758671392778,0.0349509792925407,85832.952366399,3.54092142474505,0.000398943339935484,-0.0666691088445764,0.104639104420288,46.3308460611464,-0.637133786780098,0.527173669936916,0.111362938333624,0.126308481765599,55.8426857879246,0.881674269035147,0.381732295035234,-0.0835565628154343,0.0986342775292947,-0.847135143161744,0.396919798745979,0.163960779970122,0.0984648383496933,1.66517086422081,0.0958786719923162,-0.247517342785556,0.0699019585850815,-3.54092142474505,0.00039873230440326,-0.178032047178201,0.162879913759034,-1.09302640865578,0.274382204892309,0.0446938294890473,0.165155935931686,0.270615943877029,0.786686431812508,-0.222725876667248,0.252616963531198,-0.881674269035148,0.377952979493286
0,"",630033.753475751,0,0.00105080717765244,0.477430154153306,0.391853006160503,0.000125147884410412,0.0108959805334811,0.0130418350341489,0.0332080094770641,0.0970395824656055,44.2417809012901,0.34221096828023,0.73381255016093,0.114615307147277,0.0349792025725744,85780.3016639486,3.27667009873865,0.00105080717765244,-0.0709068282841025,0.0990010148164098,46.566379616286,-0.716223246959579,0.477430154153306,0.10401489681297,0.120541750730537,56.3476926745664,0.862895189281664,0.391853006160503,-0.0814072976702127,0.103232361426546,-0.788583120111393,0.430355699895551,0.147823316624341,0.103070509408479,1.43419604184259,0.151516326289664,-0.229230614294554,0.0699584051451489,-3.27667009873865,0.00105039021071177,-0.174921725097073,0.154798405709496,-1.12999694212188,0.258477512983739,0.0331080685288673,0.157163872431047,0.210659536550889,0.833152951154545,-0.20802979362594,0.241083501461074,-0.862895189281664,0.388195095919399
0,"",630152.599735814,0,0.00111198519897452,0.70071749122089,0.44249858984257,0.000123957051320479,0.0031922451040157,0.0104742697117264,0.0186170689819062,0.0969701032201775,42.8187629135257,0.191987719551404,0.848659427806485,0.114131014558828,0.0350024804480231,85759.9735728121,3.26065504781316,0.00111198519897452,-0.0381561577549743,0.0986652024490361,46.6999512451742,-0.386723554078584,0.70071749122089,0.0883193936941185,0.114193660788908,56.5108064949874,0.773417658072812,0.44249858984257,-0.0955139455769217,0.103174869618695,-0.925748158732009,0.354576874041198,0.132748083540734,0.103013083592608,1.28865265373204,0.197518869412863,-0.228262029117656,0.0700049608960461,-3.26065504781316,0.00111155176956397,-0.126475551449093,0.149691719003489,-0.844906801064564,0.398162876918448,0.0501632359391443,0.152126322308613,0.329747246747872,0.741590950780894,-0.176638787388237,0.228387321577817,-0.773417658072812,0.439275242911115
0,"",630298.942027024,0,0.00289247471212807,0.824454650191047,0.596840421627687,0.000103462052161097,0.00103262785092052,0.00499230860506164,-0.00619784592283938,0.0945752767375823,43.5216484094381,-0.0655334685410069,0.94804936794168,0.104362687334451,0.0350324900278279,85767.4443649677,2.97902567735126,0.00289247471212807,-0.0225618178956194,0.101159563985195,48.1217875080733,-0.223031980435597,0.824454650191047,0.0579741752735467,0.108981446951979,56.4012894304062,0.531963713962176,0.596840421627687,-0.110560533257291,0.100937765327631,-1.0953336731641,0.27337048035505,0.098164841411612,0.100772437629266,0.974123914445265,0.329995016803497,-0.208725374668903,0.0700649800556558,-2.97902567735126,0.00289166544946212,-0.0805359931691664,0.147454487148192,-0.546175262121575,0.584945469048768,0.0354123573779274,0.149925316576979,0.236199984008338,0.813277491925851,-0.115948350547094,0.217962893903959,-0.531963713962176,0.594751127438715
0,"",630398.479593048,0,0.100315596255668,0.596672835846115,0.648395317481605,3.1504806871725e-05,0.00585370066083545,0.00370455930697666,-0.0153354270518602,0.0910406471423321,43.9025271545029,-0.168445936328692,0.867006120051015,0.0576012263384013,0.0350512440562295,85716.8260793344,1.64334327894316,0.100315596255668,-0.0517151216875382,0.0970768790059501,48.1973633770734,-0.532723365409888,0.596672835846115,0.0484790327586906,0.105748169906553,56.5215109902557,0.458438503489285,0.648395317481605,-0.0729366533902614,0.097640383767393,-0.746992694785153,0.455067970484933,0.0422657992865411,0.0974696554919745,0.433630334212284,0.664556903263966,-0.115202452676803,0.070102488112459,-1.64334327894316,0.100311928601436,-0.100194154446229,0.142272190398696,-0.704242720699317,0.481281630580273,-0.00323608892884762,0.144816489362915,-0.022346135741061,0.982171847058332,-0.0969580655173815,0.211496339813106,-0.458438503489285,0.64663743454881
0,"",630477.179551425,0,0.624676437408113,0.352578600010179,0.700239024002391,2.79408414729577e-06,0.0181083412498382,0.002629940598996,-0.0449141762438338,0.0924870524455327,45.4818979626956,-0.485626636985589,0.629563248782069,0.0171552905599317,0.0350655272187105,85663.2831959019,0.489235209638539,0.624676437408113,-0.0879739940744742,0.0937136633701488,47.7845707783159,-0.938753122124741,0.352578600010179,0.04056318526485,0.104827746059871,56.7834785093335,0.386950848315319,0.700239024002391,-0.0620694668037655,0.0989955531928281,-0.626992473923185,0.530664168518702,-0.0277588856839021,0.0988269830887477,-0.280883669786564,0.778799626262389,-0.0343105811198634,0.0701310544374209,-0.489235209638539,0.624675184779847,-0.128537179339325,0.139309038294651,-0.922676524888906,0.356175802961279,-0.0474108088096243,0.141898576250477,-0.334117579347206,0.73829083520223,-0.0811263705297003,0.209655492119743,-0.386950848315319,0.698792596161188
0,"",630651.37422406,0,0.755552178237018,0.29626995147212,0.682039485933322,1.13114154083491e-06,0.0227421624840902,0.00301902825181615,-0.067661464774411,0.0928494536000267,47.0611300711954,-0.72872227192505,0.469782562901503,-0.0109282549030313,0.0351020828695604,85687.6860801209,-0.311327819025464,0.755552178237018,-0.0996499612278066,0.0943667790330362,47.9174180309104,-1.05598561537128,0.29626995147212,0.0445109154785836,0.108082075747992,56.0073974212568,0.41182513539402,0.682039485933322,-0.0567332098713797,0.0993474949803126,-0.571058282673583,0.567960135902994,-0.0785897196774423,0.0991787767233835,-0.792404607859144,0.428124793509228,0.0218565098060627,0.0702041657391209,0.311327819025464,0.755551420865722,-0.144160876706391,0.142200461551424,-1.01378627842398,0.310684744165083,-0.0551390457492231,0.144750395165925,-0.380925010159855,0.703258893695572,-0.0890218309571675,0.216164151495985,-0.41182513539402,0.68046759670994
0,"",630722.070541193,1,0.286276870495953,0.459498284328597,0.697926632603519,1.325442727598e-05,0.011177280473985,0.00275841412287353,-0.049367836336331,0.0963355341368482,50.8439004067582,-0.512457181855681,0.610550215100147,-0.0374492188566068,0.0351196819258085,85786.2444726708,-1.06633137896065,0.286276870495953,-0.075877735107492,0.101776406130059,49.1718765977506,-0.745533645691206,0.459498284328597,0.0441323458359574,0.113114369026983,55.032517963831,0.390156849351562,0.697926632603519,-0.0119186174797242,0.10261943909128,-0.116143857199634,0.907538530966755,-0.0868170551929378,0.102455381081692,-0.847364523720968,0.396791972107182,0.0748984377132136,0.070239363851617,1.06633137896065,0.286273869533747,-0.12001008094345,0.150939094923659,-0.795089443223095,0.426561475056747,-0.0317453892715347,0.153375305293497,-0.206978491164449,0.836026656336636,-0.0882646916719151,0.226228738053966,-0.390156849351562,0.696420567380839
0,"",630949.607911814,0,0.061589709930416,0.512672787728391,0.714243427355261,4.07200948839233e-05,0.00866112104449593,0.0024760665594134,-0.030424516279836,0.0986613483523964,47.8529132595562,-0.30837320579855,0.759136811712367,-0.0657360363350576,0.0351668303753519,85805.2989133851,-1.8692624735703,0.061589709930416,-0.0697195517459487,0.105730309612211,49.7689175610199,-0.659409321713521,0.512672787728391,0.041806953291236,0.113583706504793,54.579050337637,0.368071747064107,0.714243427355261,0.0353115200552216,0.104821965231147,0.336871379747125,0.736213861226046,-0.0961605526148936,0.104660837182795,-0.918782566653317,0.358209312799654,0.131472072670115,0.0703336607507039,1.8692624735703,0.0615863063128553,-0.111526505037185,0.153969807926626,-0.724340093288503,0.468856968348586,-0.0279125984547127,0.156376506404128,-0.178496112341693,0.858333374073786,-0.0836139065824723,0.227167413009587,-0.368071747064107,0.712819736932885
0,"",631447.56133272,0,0.00190483911374065,0.336796286182351,0.98032459302818,0.000112305286300368,0.0184639023123253,1.14599188833527e-05,-0.0374301437549091,0.0973265853776456,47.3912286383241,-0.384582933940126,0.702266884048086,-0.109505398566711,0.0352699621622258,85824.6611240496,-3.10477788615243,0.00190483911374065,-0.103962456380916,0.107195884907683,50.0011069953433,-0.969836262562211,0.336796286182351,0.00291674332631583,0.117717940525182,53.5703635995413,0.0247773900333559,0.98032459302818,0.0720752548118023,0.103602256574701,0.695691939488146,0.486621774534914,-0.146935542321621,0.103438103893216,-1.4205165871303,0.155457343094585,0.219010797133423,0.0705399243244516,3.10477788615243,0.0019042196119728,-0.106879199707232,0.158021749644521,-0.676357526401672,0.498813677066963,-0.101045713054601,0.160393482300708,-0.629986403469677,0.528703480016338,-0.00583348665263167,0.235435881050364,-0.0247773900333559,0.980232525660954
0,"",631703.288079718,0,3.60994252818708e-06,0.277302664437012,0.668200349915761,0.000249935460271436,0.0235396784393639,0.0034934279682549,-0.046879027140901,0.0993760225968326,47.4642572914117,-0.471733783621918,0.639278249169338,-0.163654328635729,0.0353238888106359,85858.1525186198,-4.63296466346178,3.60994252818708e-06,-0.123978188572316,0.112875448567632,50.0432687473722,-1.09836275421782,0.277302664437012,-0.0524116766346869,0.121598515584611,52.9941503462408,-0.431022339234213,0.668200349915761,0.116775301494828,0.105548322859651,1.10636813860231,0.268567210240192,-0.21053335577663,0.105386401007244,-1.9977279209123,0.045746165461568,0.327308657271459,0.0706477776212719,4.63296466346178,3.60466085232422e-06,-0.0715665119376292,0.164754739684224,-0.434382112920068,0.664010984633453,-0.176389865207003,0.167062884911741,-1.05582915858414,0.291046273989863,0.104823353269374,0.243197031169223,0.431022339234213,0.666452127391579
0,"",631531.975581512,0,1.43762000793013e-08,0.170543448578844,0.510878943702989,0.000374165088807653,0.037274453908332,0.00817634215902909,-0.0394903466556552,0.102057943623817,48.0348750788009,-0.386940450233013,0.700509304152978,-0.20006699739108,0.0352889593231348,85871.1767815561,-5.66939352218074,1.43762000793013e-08,-0.159853765398082,0.114961416390779,49.9381829421621,-1.39049926850852,0.170543448578844,-0.0823464431528175,0.124404420300322,53.1488011138995,-0.661925379773696,0.510878943702989,0.160576650735425,0.108065730868818,1.48591648290752,0.137301213185375,-0.239557344046735,0.107907677323962,-2.22002131810819,0.0264173205430319,0.40013399478216,0.0705779186462696,5.66939352218074,1.43303876734339e-08,-0.077507322245265,0.168249858211808,-0.460667979569361,0.6450368314271,-0.242200208550901,0.170520260700521,-1.42036029945009,0.155502814531816,0.164692886305635,0.248808840600646,0.661925379773696,0.508019045467407
0,"",631778.119096028,0,1.9842327749985e-10,0.0838799573743174,0.49782795619449,0.000471404395254528,0.0577676125846715,0.00862978208793128,-0.0369047556922944,0.0975461240250668,47.2243289382174,-0.378331338750178,0.706879910306774,-0.224875102831989,0.0353392457737344,85855.8304079387,-6.36332490715255,1.9842327749985e-10,-0.193722857962915,0.109865831088175,50.7119199402494,-1.76326757868366,0.0838799573743174,-0.0854815815949455,0.12523650554287,53.5203881420076,-0.682561216670839,0.49782795619449,0.187970347139695,0.103832591926473,1.81032124549874,0.0702459842518309,-0.261779858524284,0.103667787003344,-2.52518034860567,0.0115638927834394,0.449750205663979,0.0706784915474687,6.36332490715255,1.97432434006266e-10,-0.108241276367969,0.165443579885476,-0.654248877127153,0.512951476516488,-0.279204439557861,0.167743221017267,-1.664475248923,0.0960174933003973,0.170963163189892,0.250473011085741,0.682561216670839,0.494884148013396
0,"",631812.615860522,0,2.02439774376546e-12,0.0653033735460343,0.447597987268034,0.000575999795189953,0.0649932399416205,0.0108056296991478,-0.0498368173632103,0.0936723151245017,46.811154036228,-0.532033582141865,0.59721893876826,-0.248618686231131,0.035346149977162,85844.1585553177,-7.03382649572215,2.02439774376546e-12,-0.201271820593352,0.10684750345902,51.0485904969617,-1.88372974639082,0.0653033735460343,-0.0958549783730227,0.125292303771517,53.5811601852114,-0.765050809088994,0.447597987268034,0.198781868867921,0.100204476540388,1.98376236003588,0.0472823380349409,-0.298455503594341,0.100033838071179,-2.98354546170643,0.00284929703678126,0.497237372462262,0.0706922999543239,7.03382649572215,2.00944978019084e-12,-0.10541684222033,0.163502228760302,-0.644742539717141,0.519094043957172,-0.297126798966376,0.165819546344854,-1.79186836242118,0.0731540549165179,0.191709956746046,0.250584607543034,0.765050809088994,0.44424128991182
0,"",631735.629363335,0,5.74636099622308e-13,0.0571899296303986,0.345400907336224,0.000604813088202432,0.0693582452042589,0.0166537010758751,-0.0481752631102126,0.0942728408951621,47.0532134100797,-0.511019532802525,0.611726932691701,-0.254639312922535,0.0353298676852885,85838.66574691,-7.20747994843376,5.74636099622308e-13,-0.208242198500435,0.107008014009849,50.8146934137715,-1.94604301768714,0.0571899296303986,-0.116257127027306,0.12212477616015,53.5090614838055,-0.951953654963926,0.345400907336224,0.206464049812322,0.100760211275552,2.04906328796492,0.0404559267599475,-0.302814576032747,0.100590834502529,-3.01035951764704,0.00260938624927138,0.50927862584507,0.0706597353705771,7.20747994843376,5.69968295897667e-13,-0.091985071473129,0.161198466792158,-0.570632421657774,0.56824883630331,-0.324499325527742,0.163540228484785,-1.98421714665717,0.0472316378607295,0.232514254054613,0.244249552320301,0.951953654963926,0.341120486404501
0,"",631669.500661953,0,6.7137303868222e-11,0.046682826832414,0.422160282350347,0.000496489776996434,0.0778181498654962,0.0119496100956673,-0.0419499821534272,0.0934561089391291,46.2912174638309,-0.448873622384071,0.655617203489258,-0.230519068443982,0.0353137298745984,85782.8643604808,-6.52774626930012,6.7137303868222e-11,-0.203071422332567,0.0995260732435976,49.3355019928622,-2.0403841497447,0.046682826832414,-0.0959446665474256,0.118622570151111,54.0919173296204,-0.808823029421837,0.422160282350347,0.188569086290555,0.0999905057965947,1.88586991123088,0.0593124870547056,-0.272469050597409,0.0998203705760407,-2.7295936593408,0.00634124333756766,0.461038136887964,0.0706274597491968,6.52774626930012,6.67666739423754e-11,-0.107126755785141,0.153628758317875,-0.697309260050672,0.48560927419606,-0.299016088879993,0.1560503490121,-1.9161513625119,0.0553458321663156,0.191889333094852,0.237245140302222,0.808823029421837,0.418616947608346
0,"",631730.895144446,0,1.32774051228084e-08,0.0259007878414941,0.512942845123714,0.000376450007698509,0.0990060933572076,0.00789511930929432,-0.044005160563241,0.0917443795006284,44.8568092163981,-0.479649661404486,0.633807004792435,-0.200756759291164,0.0353257950235516,85760.1698351483,-5.6830075347864,1.32774051228084e-08,-0.221027054642524,0.0961466200810908,48.093098579201,-2.29885412982909,0.0259007878414941,-0.0805891235693666,0.122369359963933,54.5012392257599,-0.658572730895376,0.512942845123714,0.156751598727923,0.0983968908712531,1.59305438759263,0.111147990546785,-0.244761919854405,0.0982239166133855,-2.4918770121721,0.0127070029088798,0.401513518582327,0.0706515900471031,5.6830075347864,1.32346435853083e-08,-0.140437931073158,0.154415100271357,-0.909483145277655,0.363095150702681,-0.301616178211892,0.156821052254432,-1.92331433743053,0.0544405850657784,0.161178247138734,0.244738719927866,0.658572730895376,0.51017017855108
0,"",632032.335205013,0,2.46960055910045e-07,0.011780623839437,0.773060850344223,0.00031044022079843,0.12553514752708,0.00151154995095927,-0.0430249209871952,0.0935606973317121,45.3910627751034,-0.459861055060906,0.647811137337977,-0.182613506673745,0.0353874173820664,85754.1661688415,-5.16040785633285,2.46960055910045e-07,-0.251241009189742,0.0959288675006895,47.7814631943113,-2.61903445475301,0.011780623839437,-0.0356631593415029,0.123067475192659,55.471969852835,-0.289785414754574,0.773060850344223,0.13958858568655,0.100114677295674,1.39428692632445,0.163230977248126,-0.225638427660941,0.0999439751977106,-2.25764912006531,0.0239675436780543,0.365227013347491,0.0707748347641329,5.16040785633285,2.46412421307835e-07,-0.21557784984824,0.154829950670225,-1.39235237701136,0.163815718025535,-0.286904168531246,0.157237363613033,-1.82465644258274,0.0680528901751874,0.0713263186830061,0.246134950385319,0.289785414754574,0.77198040667508
0,"",632124.494880658,0,4.42451101442943e-06,0.012737270635023,0.963958022227922,0.000245676658400675,0.122054884223635,3.70858566453953e-05,-0.0362280244290702,0.0956482460718354,45.7942082741991,-0.378763081571424,0.706614233313759,-0.162538666432238,0.0354063057585367,85759.3632849798,-4.59067002190844,4.42451101442943e-06,-0.249222266937625,0.0963144885644909,48.1617925189385,-2.58758854095715,0.012737270635023,0.00563855521887539,0.124220494955645,55.5552035729002,0.045391505008,0.963958022227922,0.126310642003168,0.102074981104543,1.23742998172886,0.21592749376462,-0.198766690861309,0.101907238019083,-1.95046686305136,0.0511204992341622,0.325077332864477,0.0708126115170733,4.59067002190844,4.4182537759456e-06,-0.254860822156501,0.155983065695239,-1.63390058414707,0.102279727082479,-0.24358371171875,0.158378367731343,-1.53798599649632,0.124052038767661,-0.0112771104377508,0.24844098991129,-0.045391505008,0.963795252031644
0,"",632195.133294854,0,2.19400156423767e-05,0.0517524423305794,0.981205264146206,0.000210075648845826,0.0756820595626109,1.02578933669749e-05,-0.027640926106035,0.0973645249352691,46.2686190863543,-0.2838911413003,0.777760372832885,-0.150336264955873,0.0354198328346816,85736.8533065877,-4.24440921721883,2.19400156423767e-05,-0.186749760113932,0.0936434985004635,48.5728162565277,-1.99426295583145,0.0517524423305794,-0.00303670121589382,0.128314632571542,54.599557397093,-0.02366605549995,0.981205264146206,0.122695338849838,0.103689717573246,1.18329321095089,0.236692962499869,-0.177977191061908,0.103524262940604,-1.71918336828943,0.0855809882448219,0.300672529911746,0.0708396656693632,4.24440921721883,2.19170073107968e-05,-0.183713058898039,0.157662989702679,-1.16522627944888,0.243927410808717,-0.189786461329827,0.16003087566081,-1.1859365297237,0.235647365715606,0.00607340243178765,0.256629265143085,0.02366605549995,0.98111898220488
0,"",632344.523101777,0,4.73893697692086e-05,0.170047487231484,0.805018621802574,0.000193003820100321,0.0378401002519386,0.00113350978578779,-0.0240289232573169,0.095900003517141,47.5926024994255,-0.250562277122566,0.803231104779798,-0.144227270996878,0.0354510408020941,85740.7066127106,-4.06835082225169,4.73893697692086e-05,-0.130814120682932,0.0939480027926409,49.29797984137,-1.39240980962268,0.170047487231484,-0.0318006298361298,0.128193097250195,54.2280929761347,-0.248068191800253,0.805018621802574,0.120198347739561,0.10232677402576,1.17465198022662,0.240133978193939,-0.168256194254195,0.102158725787667,-1.64700756550066,0.099556490801358,0.288454541993756,0.0709020816041882,4.06835082225169,4.73470584354857e-05,-0.0990134908468023,0.157742839754173,-0.627689288471702,0.530207503715832,-0.162614750519062,0.160114307071348,-1.01561661473887,0.309811989801118,0.0636012596722598,0.256386194500391,0.248068191800253,0.804081645789975
0,"",632401.343310984,0,0.000783067540018665,0.252227680295506,0.700875751114445,0.000131630195323105,0.02660230040994,0.00277785733120478,-0.0267365891097448,0.0914883711697068,46.8082627340257,-0.292240300793525,0.771394343110253,-0.11911000251838,0.0354617337246498,85696.6495867376,-3.35883190154307,0.000783067540018665,-0.104698456617941,0.0903675251369405,49.1164426085907,-1.15858497241441,0.252227680295506,-0.0490781292032775,0.127078146717568,53.5446680365456,-0.386204319711664,0.700875751114445,0.0923734134086349,0.0982080404277354,0.940589110691056,0.346915464384488,-0.145846591628124,0.0980331272143877,-1.4877276260827,0.136822738925852,0.238220005036759,0.0709234674492996,3.35883190154307,0.000782726644519053,-0.0556203274146631,0.154726820506456,-0.35947437705115,0.719240242727645,-0.153776585821219,0.157130203847186,-0.978657075827198,0.327749447714555,0.0981562584065554,0.254156293435138,0.386204319711664,0.699345354799025
0,"",632441.093068569,0,0.00679345191797605,0.374746957996804,0.76350528061789,8.54873859266203e-05,0.016274905081839,0.00170523398963043,-0.0280214653072762,0.0903423241248922,45.7045827018851,-0.310169852045631,0.75784176423345,-0.0960132885852024,0.0354702392144671,85702.8550408745,-2.70686893326735,0.00679345191797605,-0.0815606926666684,0.0910409076678283,48.5114146160025,-0.895868623852593,0.374746957996804,-0.0381050802814418,0.126001417921007,53.5413984918105,-0.302417868863434,0.76350528061789,0.0679918232779262,0.0971443390769229,0.699905150665418,0.483986540568114,-0.124034753892479,0.096967645025261,-1.27913546688864,0.200849356017383,0.192026577170405,0.0709404784289343,2.70686893326735,0.00679210667998794,-0.0434556123852267,0.15423916103041,-0.281741758026413,0.778141532685423,-0.119665772948111,0.15665212918696,-0.763894966312859,0.444929837379484,0.0762101605628838,0.252002835842014,0.302417868863434,0.762333534696839
0,"",632375.12816757,0,0.000215995555916073,0.409596539954832,0.799192586869755,0.000159687637276238,0.0141817651443885,0.00122490454950477,-0.0234795671913755,0.0920368919390081,45.557002875688,-0.25511038776641,0.799786047679357,-0.131178218027671,0.0354565174876113,85701.9388714303,-3.69969267493642,0.000215995555916073,-0.0755528745340226,0.0908236117568854,48.1028719308503,-0.831863797007554,0.409596539954832,-0.0330163791544616,0.129138524784536,53.2982195672397,-0.255666380032979,0.799192586869755,0.107698650836295,0.0987173046741231,1.09098046377806,0.275281479038087,-0.154657785219046,0.0985434014947739,-1.56943826652105,0.116545853430466,0.262356436055341,0.0709130349752226,3.69969267493642,0.000215860706698039,-0.0425364953795611,0.156685769427273,-0.271476443170577,0.786024615268331,-0.108569253688485,0.159062703771712,-0.682556319703355,0.494887243303219,0.0660327583089234,0.258277049569073,0.255666380032979,0.798208457372413
0,"",632343.668198535,0,1.71794640222776e-06,0.50275683418034,0.846275056293908,0.000267110068763503,0.00946101719202742,0.000708801868324357,0.00174676985424973,0.0947254845016526,45.2533467948684,0.0184403369741461,0.985368639417003,-0.169600165189822,0.0354486695529462,85673.4750074476,-4.78438732197007,1.71794640222776e-06,-0.060064362227782,0.0889476129997571,47.7418105046816,-0.675277955215572,0.50275683418034,-0.0251368722996751,0.129028979257553,53.5075619480585,-0.194815710736575,0.846275056293908,0.171346935044072,0.101225861674362,1.69271895748623,0.0905089750379077,-0.167853395335573,0.101056301647035,-1.66098890024537,0.0967156759948961,0.339200330379645,0.0708973391058925,4.78438732197007,1.71509677251127e-06,-0.0349274899281071,0.155519048317297,-0.224586571908841,0.822300912113565,-0.0852012345274573,0.157905466351498,-0.539571152893461,0.589492815073701,0.0502737445993503,0.258057958515108,0.194815710736575,0.845537222551533
0,"",632383.160813234,0,1.56333069672543e-07,0.533467726727226,0.979218740843411,0.000320842323270658,0.00814305430532133,1.28064946038654e-05,0.0306995283226218,0.101573735781634,45.9173593082167,0.302238842417103,0.76383483247385,-0.18598943564917,0.035457787432159,85727.9175367736,-5.24537623801321,1.56333069672543e-07,-0.0589007067475524,0.0939019636315013,47.9240344205052,-0.627257455218892,0.533467726727226,-0.00328781445598315,0.125630456843434,53.4796911539224,-0.0261705205775107,0.979218740843411,0.216688963971792,0.107664561920823,2.01263034099508,0.0441535325803635,-0.155289907326548,0.107504879362939,-1.44449171281134,0.148600709191932,0.37197887129834,0.0709155748643179,5.24537623801321,1.55963725390778e-07,-0.0556128922915695,0.155641020388843,-0.35731513551267,0.720855900394465,-0.0621885212035358,0.158041303757605,-0.393495369406198,0.693953643417333,0.00657562891196632,0.251260913686868,0.0261705205775107,0.979121328997119
0,"",632157.59748236,0,1.82907098677124e-07,0.444138104723231,0.972645155256409,0.000317193164807549,0.0120914462356897,2.23508814874256e-05,0.0612998583734115,0.108676086730797,47.957370508527,0.564060229047983,0.575341698057419,-0.18471774108575,0.0354113085173285,85757.4128201955,-5.21634892411157,1.82907098677124e-07,-0.0756571871304177,0.0980639249632629,48.6317988843049,-0.771508861783379,0.444138104723231,0.00414059801045781,0.120181333448079,53.1065071858991,0.0344529211955087,0.972645155256409,0.246017599459161,0.11437481860726,2.15097695852035,0.0314780183966195,-0.123417882712338,0.114224804944523,-1.08048232406507,0.279927453836028,0.369435482171499,0.070822617034657,5.21634892411157,1.82484279932926e-07,-0.0797977851408757,0.153894517153245,-0.518522599875436,0.604093696126361,-0.07151658911996,0.156322263824726,-0.457494584393603,0.647315593972902,-0.00828119602091564,0.240362666896158,-0.0344529211955087,0.972515983482991
0,"",632030.72730922,0,2.3723814556964e-07,0.319235734000268,0.946181443083361,0.000311350856733648,0.0203501379655012,8.66969546341103e-05,0.0634566614854455,0.110529822202894,48.8879495248623,0.574113485580041,0.568523254275573,-0.182865201285546,0.0353846568513797,85752.5129946748,-5.16792354532657,2.3723814556964e-07,-0.100961732017345,0.100328711598744,48.7491040347972,-1.00630946424522,0.319235734000268,0.0076524955470173,0.112830264417642,53.0534295238944,0.067823075541962,0.946181443083361,0.246321862770992,0.116129282442301,2.12110035979406,0.0339133576875669,-0.119408539800101,0.115981984949485,-1.02954385417794,0.30322418328446,0.365730402571093,0.0707693137027594,5.16792354532657,2.36709096156943e-07,-0.108614227564362,0.149738140542788,-0.725361134916228,0.468230509549081,-0.0933092364703275,0.152221966700035,-0.612981414530011,0.539888628787747,-0.0153049910940346,0.225660528835285,-0.067823075541962,0.945926474428768
0,"",631906.950486356,0,9.00256704978156e-07,0.151159087511761,0.774282697615349,0.000281385350178668,0.0417165654822567,0.00153394498286732,0.0343399353773528,0.108678061831244,49.1358611545515,0.31597854064306,0.75335713959315,-0.173706359736445,0.0353591019581778,85744.3043573027,-4.91263494027371,9.00256704978156e-07,-0.148310864924154,0.101701591499748,48.8512714897709,-1.45829443509271,0.151159087511761,-0.0312157459262467,0.108306454725482,54.0707353414757,-0.288216856561018,0.774282697615349,0.208046295113797,0.114360090639114,1.81922114569085,0.0688776980182058,-0.139366424359092,0.114210963126938,-1.22025434812414,0.222368469961528,0.347412719472889,0.0707182039163556,4.91263494027371,8.98604964618994e-07,-0.117095118997908,0.147308811313028,-0.794895552779143,0.426674261414347,-0.179526610850401,0.149823622326761,-1.19825303955646,0.230818522465361,0.0624314918524936,0.216612909450965,0.288216856561018,0.773180746344467
0,"",631765.612658249,0,3.23817813012064e-06,0.0404139710891193,0.735108969001148,0.000252705747155508,0.082778932487755,0.00213897531963184,0.0107925137132813,0.105646733741619,48.7449158622027,0.102156624545314,0.919051447444432,-0.164477249610227,0.0353303366054554,85741.5318622802,-4.65541133805188,3.23817813012064e-06,-0.209311145739529,0.0994265072520425,49.1059981514802,-2.10518453805214,0.0404139710891193,-0.0377393252616509,0.110968551541985,53.9576111677976,-0.340090275463064,0.735108969001148,0.175269763323508,0.111474153468978,1.57229059714083,0.115883172705096,-0.153684735896945,0.111321350954026,-1.38055040277416,0.167417242053937,0.328954499220453,0.0706606732109108,4.65541133805188,3.23334526003571e-06,-0.171571820477878,0.14773837814061,-1.16132194381195,0.245510998842259,-0.24705047100118,0.150242041971333,-1.64434979556734,0.100103969015603,0.0754786505233021,0.221937103083971,0.340090275463064,0.733788544838076
0,"",631520.53404324,0,5.12129426469512e-06,0.0329314239787746,0.938422233074085,0.000242456946478552,0.0863819731441928,0.000112665919179713,0.0231358292408893,0.102742622001227,48.1253517471717,0.225182390620838,0.822790866855187,-0.160879795304295,0.035280298360595,85742.9792854981,-4.56004633690919,5.12129426469512e-06,-0.210856968692132,0.0961639403024407,50.8502341803388,-2.19268228848543,0.0329314239787746,-0.00908383732431968,0.117033678377205,53.4657285181067,-0.0776172931610511,0.938422233074085,0.184015624545184,0.108709424318759,1.69272927069884,0.090507011050036,-0.137743966063405,0.108552994986242,-1.26890986361881,0.204473213951768,0.321759590608589,0.07056059672119,4.56004633690919,5.114233457266e-06,-0.201773131367813,0.150240076484933,-1.3430047167744,0.179270446538633,-0.219940806016452,0.152698035337009,-1.44036434739345,0.14976434496828,0.0181676746486394,0.23406735675441,0.0776172931610511,0.938132485927275
0,"",631584.375730367,0,7.58320945918259e-06,0.0631248709715436,0.93158283300195,0.000233751551081938,0.0654810240531636,0.000139163738142443,0.0380980048585447,0.0981346343850321,46.2073364452084,0.38822180463899,0.699634817201485,-0.158004207295582,0.0352932162186022,85723.2837594575,-4.47690021552362,7.58320945918259e-06,-0.175817613637497,0.0925662972465499,51.48629494611,-1.8993696287668,0.0631248709715436,-0.010522663859896,0.121989227668468,53.4591319984017,-0.0862589595902156,0.93158283300195,0.196102212154126,0.10436961351651,1.87892055500527,0.0602553417313676,-0.119906202437037,0.104206616528358,-1.15065824447344,0.249872861060096,0.316008414591164,0.0705864324372043,4.47690021552362,7.57346250637027e-06,-0.165294949777601,0.151914628272553,-1.08807790044447,0.27656071890608,-0.186340277497393,0.154342890419301,-1.2073136442577,0.227311378036288,0.0210453277197921,0.243978455336937,0.0862589595902156,0.931260562332116
0,"",631860.267149125,0,9.36149032809348e-06,0.0843396511885101,0.73353061285753,0.000229004754738517,0.0567973640264796,0.00218062469018719,0.0504913634538673,0.0985885727406072,43.8414645026517,0.512142148428432,0.611121974632524,-0.156662392212627,0.0353505184764017,85742.0702960064,-4.43168584124749,9.36149032809348e-06,-0.164688833188373,0.0935691831465956,51.4445596633963,-1.76007556815318,0.0843396511885101,-0.0427034691353082,0.124786917314689,53.5869711282779,-0.342211107175749,0.73353061285753,0.207153755666495,0.104816131186036,1.97635376656692,0.0481147240092783,-0.10617102875876,0.104653286170825,-1.0145025793596,0.310342999260256,0.313324784425254,0.0707010369528034,4.43168584124749,9.34991780165119e-06,-0.121985364053065,0.154767341941066,-0.788185430615692,0.430588249906159,-0.207392302323682,0.15716552867517,-1.3195788164994,0.186975679335603,0.0854069382706167,0.249573834629378,0.342211107175749,0.732192026988246
0,"",632283.724239674,0,1.88284656400333e-05,0.0650681792551866,0.69801535144493,0.000213391162817607,0.065106658022114,0.00282542430978118,0.070437960057979,0.0995427710645338,43.5655365736844,0.70761502120846,0.482952898578999,-0.151627958256905,0.0354387701377801,85769.3612975211,-4.27858973850955,1.88284656400333e-05,-0.181219502911523,0.0961153720824173,51.0458958670613,-1.88543725093349,0.0650681792551866,-0.0499096838827252,0.127945111315804,53.704387139401,-0.390086681464011,0.69801535144493,0.222065918314883,0.105744156446084,2.10003016505321,0.0357261876746515,-0.0811899981989256,0.105581782413801,-0.7689773400559,0.441906762638618,0.303255916513809,0.0708775402755602,4.27858973850955,1.88081161451147e-05,-0.131309819028798,0.158840316974123,-0.826678147779004,0.408419510305226,-0.231129186794249,0.16120169423387,-1.43378881898678,0.151632536661891,0.0998193677654508,0.255890222631608,0.390086681464011,0.696472450937641
0,"",632589.514688589,0,0.000702658405244208,0.0967392763966491,0.682954513577452,0.000133842983156635,0.0520514428592938,0.00313053434757187,0.11947694067266,0.0996780015619335,40.1847857080783,1.19862897329884,0.237693336738229,-0.120305700545122,0.035502408899653,85783.3555563356,-3.38866303087107,0.000702658405244208,-0.164622062382634,0.097330262617376,52.099347399509,-1.69137591901704,0.0967392763966491,-0.0528886659428897,0.128788847140967,53.701761868507,-0.4106618477996,0.682954513577452,0.239782641217783,0.105893031082276,2.26438547246305,0.0235504166972905,-0.000828759872461948,0.105730393143723,-0.00783842609319903,0.993745904882205,0.240611401090245,0.071004817799306,3.38866303087107,0.000702342631515915,-0.111733396439745,0.160249096651614,-0.697248214026792,0.485647470467258,-0.217510728325525,0.162602956186151,-1.33768003625047,0.181000761515457,0.10577733188578,0.257577694281935,0.4106618477996,0.681320506174734
0,"",632789.521804504,0,0.0257900558262829,0.12751551850287,0.704803753437007,5.79178647320617e-05,0.0436411186094673,0.002682513044237,0.147741537959352,0.101366173182037,37.6687712018615,1.45750335956782,0.153264468848355,-0.0792432270955125,0.0355446851436618,85809.8745851015,-2.22939735646084,0.0257900558262829,-0.155701141777852,0.100552608579382,52.5438550024526,-1.5484545252243,0.12751551850287,-0.0490436348284434,0.128770947019035,53.9288441772685,-0.380859471517234,0.704803753437007,0.226984765054865,0.107497795104272,2.11152949541609,0.0347268254441347,0.0684983108638399,0.107337204466977,0.638160004296681,0.523369529661571,0.158486454191025,0.0710893702873237,2.22939735646084,0.0257874779738623,-0.106657506949409,0.162203845714161,-0.657552269983554,0.510825873178817,-0.204744776606296,0.164546285926276,-1.24429898525956,0.213389544383976,0.0980872696568871,0.257541894038071,0.380859471517234,0.703307527027112
0,"",633080.992196016,0,0.0222257992909123,0.134280384968303,0.657280664226343,6.09039805324362e-05,0.0429592463952865,0.00368306491602738,0.154477239293651,0.102996303319929,33.6451526759464,1.49983285141615,0.142983837497419,-0.0814150384758684,0.0356064001869444,85838.278376912,-2.28652820977169,0.0222257992909123,-0.159110358402075,0.104584708313718,51.5625404381172,-1.52135394330114,0.134280384968303,-0.0590538148533122,0.132364266690928,53.8446476149892,-0.446146201914175,0.657280664226343,0.235892277769519,0.109056738252713,2.16302340918078,0.0305393791833697,0.0730622008177827,0.108897825071791,0.670924334527491,0.50226873321148,0.162830076951737,0.0712128003738888,2.28652820977169,0.0222233757275989,-0.100056543548763,0.167543769448208,-0.597196445312716,0.550376232196679,-0.218164173255388,0.169839942117486,-1.28452807116758,0.198957248074257,0.118107629706625,0.264728533381856,0.446146201914175,0.655491640824594
0,"",633385.366978887,0,0.103147173250914,0.16917604448308,0.764168945709404,3.09326158816251e-05,0.0373338040483415,0.00170390818123858,0.162355163602556,0.104572109150929,28.4849455663605,1.55256659658866,0.131567889677629,-0.0581370061928035,0.0356712240180815,85869.5567074422,-1.62980126959855,0.103147173250914,-0.153192348005867,0.109819339631484,50.1752988459424,-1.39494872688114,0.16917604448308,-0.0417338569928268,0.138397731968115,53.2760826164194,-0.301550151142952,0.764168945709404,0.220492169795359,0.110567404793423,1.99418780071136,0.0461315348308256,0.104218157409752,0.110410024307992,0.943919341227867,0.345210867563357,0.116274012385607,0.0713424480361629,1.62980126959855,0.103143505386553,-0.11145849101304,0.175557315063711,-0.634883775549831,0.525504219394029,-0.194926204998694,0.17778658067933,-1.09640561314511,0.272901308621153,0.0834677139856538,0.27679546393623,0.301550151142952,0.762995013475658
0,"",633587.021337937,0,0.517137326171742,0.155414175701301,0.891825742846903,4.88579039088968e-06,0.0406622761929018,0.000347030486228073,0.163143768050551,0.104696716327378,25.640612695987,1.55825104906265,0.131432381656727,-0.0231342827264622,0.035713889391304,85881.738305529,-0.647767104640672,0.517137326171742,-0.161961424695003,0.11225210031849,49.1149902179866,-1.44283647464478,0.155414175701301,-0.0192064101418396,0.140562355557596,53.7818796040468,-0.136639785706848,0.891825742846903,0.186278050777014,0.110699170427203,1.68274116290249,0.0924252094550176,0.140009485324089,0.110541676652331,1.26657645843783,0.205306774509817,0.0462685654529244,0.0714277787826081,0.647767104640672,0.517135594568331,-0.142755014553164,0.178777239563999,-0.798507768110272,0.424575887055412,-0.181167834836843,0.180984303920262,-1.00101407090342,0.316820005748568,0.0384128202836793,0.281124711115192,0.136639785706848,0.89131552697672
0,"",633405.886882801,0,0.693083329691769,0.109775811905849,0.936926983175629,1.81395367074907e-06,0.0516479761156331,0.000116060137207288,0.167367824733516,0.104085426844978,23.5625866514617,1.60798518876988,0.121157080246021,-0.0140804245816791,0.0356759484960844,85872.3733904632,-0.394675549641643,0.693083329691769,-0.179106703030024,0.10995304078906,48.7220392956875,-1.62893815163904,0.109775811905849,-0.010955814886509,0.137810266783903,54.4493547471254,-0.0794992647658719,0.936926983175629,0.181448249315195,0.110108600268129,1.64790260591221,0.0993726585903859,0.153287400151836,0.109950874995093,1.39414443185357,0.163273994152627,0.0281608491633581,0.0713518969921687,0.394675549641643,0.693082349497164,-0.168150888143516,0.175178618602908,-0.959882487283892,0.337114361089712,-0.190062517916534,0.177412325400464,-1.07130391018502,0.284032802231752,0.021911629773018,0.275620533567808,0.0794992647658719,0.936635516395499
0,"",633500.797022142,0,0.564133921960803,0.0876987523417838,0.973226258611591,3.87414674099581e-06,0.0583076043693685,2.08643656446238e-05,0.161693607584215,0.110054419693537,25.0935016865094,1.46921503047741,0.154200894189188,-0.0205852168863705,0.0356939539617227,85850.6972890977,-0.576714390018141,0.564133921960803,-0.186027824676738,0.106762146459104,49.0348766288889,-1.74245114815107,0.0876987523417838,-0.00460708426168406,0.136640911027716,54.4849512298711,-0.0337167267623791,0.973226258611591,0.182278824470585,0.115773201457512,1.57444747295409,0.115384036036084,0.141108390697844,0.115622805325264,1.22042005727923,0.222305677729144,0.041170433772741,0.0713879079234454,0.576714390018141,0.564132409887765,-0.181420740415055,0.172270790158079,-1.05311376495447,0.292288854875628,-0.190634908938423,0.174529550003404,-1.09227869397879,0.274710622275861,0.00921416852336815,0.273281822055433,0.0337167267623791,0.973103040528454
0,"",633431.549639753,0,0.670674758758851,0.0818241931340394,0.997156086668859,2.10679366419008e-06,0.0597179900267584,2.35574995552896e-07,0.161456232318949,0.11010883319795,26.9485036439092,1.4663331508444,0.154130450014056,-0.0151712549579774,0.0356783007637522,85824.5965827578,-0.425223585014195,0.670674758758851,-0.182635077337147,0.102823281837679,49.6750609132961,-1.77620354138728,0.0818241931340394,0.00048997783650765,0.136837288532915,54.4270326984211,0.00358073330567194,0.997156086668859,0.176627487276927,0.115820071477259,1.52501621717275,0.127255052767447,0.146284977360972,0.11566980431473,1.26467731338889,0.205987025695222,0.0303425099159548,0.0713566015275044,0.425223585014195,0.670673692645685,-0.183125055173655,0.170024306031732,-1.07705221357868,0.281456939925765,-0.18214509950064,0.172295899545667,-1.0571644477956,0.290436542247651,-0.000979955673015303,0.273674577065831,-0.00358073330567194,0.997142994284308
0,"",633531.369873292,0,0.726482503678642,0.0973886256128924,0.922970529515664,1.42568709407254e-06,0.0540858688884846,0.000170421972576959,0.155678411149829,0.110201421954861,27.2044150349462,1.41267152808243,0.169091291938366,-0.0124879200652132,0.0356991989715054,85829.867116323,-0.349809531445813,0.726482503678642,-0.175192846951213,0.103703684756726,49.9128383316428,-1.68935990425211,0.0973886256128924,0.0132161162168076,0.136060123218796,55.3536636756206,0.0971343837132574,0.922970529515664,0.168166331215043,0.115914620235823,1.45077757122368,0.146841807040895,0.143190491084616,0.115764300333677,1.23691406307373,0.216118988526413,0.0249758401304263,0.0713983979430109,0.349809531445813,0.726481645385278,-0.188408963168021,0.169933021306856,-1.10872484770221,0.2675488993351,-0.161976730734405,0.172210310360317,-0.940575104913874,0.346922644612916,-0.0264322324336154,0.272120246437593,-0.0971343837132574,0.922619675700756
0,"",633883.478142556,0,0.516683442511111,0.0808155812497278,0.891370571152614,4.89871469849531e-06,0.0587322448205236,0.000335147431483529,0.145200990748955,0.114649115640865,25.1086037800107,1.26648155929779,0.216964260333518,-0.0231973380950347,0.0357724749069846,85840.8589701789,-0.648468917941861,0.516683442511111,-0.18898622790023,0.106087425680589,50.8591470660747,-1.78141967992734,0.0808155812497278,0.0181886638539251,0.132579012400546,56.1397613343588,0.137191124934418,0.891370571152614,0.16839832884399,0.12017306893451,1.40129839686262,0.161124860401357,0.122003652653921,0.120027550417677,1.01646373877803,0.30940860660979,0.0463946761900694,0.0715449498139693,0.648468917941861,0.516681707883908,-0.207174891754156,0.168642393070163,-1.22848643204418,0.219264419611005,-0.170797564046305,0.170947992362725,-0.999120034612044,0.31773654695523,-0.0363773277078503,0.265158024801093,-0.137191124934418,0.890879725857061
0,"",634432.080872558,0,0.411767227409202,0.110403767043313,0.810038651112193,7.84796032289496e-06,0.049211634092747,0.0010257520524233,0.141793386005444,0.114690134187087,23.7063006978775,1.23631720383329,0.228450393050662,-0.0294557481472376,0.0358869972404228,85843.1540514617,-0.820791663061152,0.411767227409202,-0.173916754459423,0.107049072679132,50.9956460565285,-1.62464512869456,0.110403767043313,0.0315704787675415,0.130727526124354,56.7989292890992,0.24149832635485,0.810038651112193,0.171249134152682,0.120246716119439,1.42414811546772,0.154403600566004,0.112337637858207,0.120100516918385,0.935363483360748,0.349601009144619,0.0589114962944752,0.0717739944808455,0.820791663061152,0.41176494816043,-0.205487233226965,0.167796174160515,-1.22462406699687,0.220716895737184,-0.142346275691881,0.170125906414062,-0.83671134333551,0.402754841494096,-0.0631409575350832,0.261455052248709,-0.24149832635485,0.809168913479976
0,"",634638.069801658,0,0.313038141331083,0.195472420890272,0.80755896793893,1.18568956846397e-05,0.032632095189609,0.00103902782562403,0.137440448210977,0.119306023179547,22.801029893793,1.15199924151472,0.26125758476947,-0.0362483469694123,0.0359295257185907,85841.4994749921,-1.00887351682064,0.313038141331083,-0.141659311268422,0.107991325943269,51.0104576566695,-1.31176564442629,0.195472420890272,0.0311318783748842,0.127224766414471,57.5689977792706,0.244699827339145,0.80755896793893,0.173688795180389,0.124669419893374,1.39319486149001,0.163560873224368,0.101192101241564,0.124528116158612,0.812604449204675,0.416444879839678,0.0724966939388246,0.0718590514371814,1.00887351682064,0.313035297630736,-0.172791189643306,0.165693820958672,-1.04283423873969,0.297025070837289,-0.110527432893538,0.168053839683954,-0.657690613326053,0.510736955209557,-0.0622637567497685,0.254449532828943,-0.244699827339145,0.806688861741199
0,"",635054.736548372,0,0.413927139905014,0.226101580479977,0.824319340304841,7.77623296331215e-06,0.0288984615726937,0.000856737700543486,0.129709715082446,0.123591981716563,21.9976945058742,1.04949943581221,0.305342455808293,-0.0294254835127538,0.0360162294051541,85837.7030516821,-0.817006221882375,0.413927139905014,-0.133813679161166,0.109197206632799,50.4623979657145,-1.22543133920216,0.226101580479977,0.0276252695069689,0.123880313241979,57.9947049467938,0.222999674314736,0.824319340304841,0.159135198595199,0.128801513651106,1.23550720860518,0.216641795301415,0.100284231569692,0.128664150141241,0.779426370590449,0.435728594741336,0.0588509670255076,0.0720324588103081,0.817006221882375,0.413924872410282,-0.161438948668135,0.163937237068231,-0.984760702054189,0.324741627973525,-0.106188409654197,0.166328909673302,-0.638424251459168,0.523197548471277,-0.055250539013938,0.24776062648396,-0.222999674314736,0.823535759980958
0,"",635198.374039658,0,0.361896070052273,0.302264093844903,0.68063516350303,9.68582965509598e-06,0.0212591888949011,0.00294659763661605,0.116068071543695,0.12293409363732,25.0519956916993,0.944148755723682,0.354111022975968,-0.0328650306031351,0.0360455861938596,85826.7887245823,-0.911762966660636,0.361896070052273,-0.112681269584392,0.108103734573967,50.0199294844252,-1.04234391187747,0.302264093844903,0.0509057811541837,0.123055350570444,57.906963458456,0.413681980655056,0.68063516350303,0.14893310214683,0.128178788489316,1.16191691232316,0.245269216650583,0.0832030409405595,0.128040421376954,0.649818549843785,0.515809435293424,0.0657300612062701,0.0720911723877191,0.911762966660636,0.361893509207815,-0.163587050738577,0.162586548513553,-1.00615365929206,0.314341659842369,-0.061775488430209,0.164996023310132,-0.374405923190608,0.708102336821833,-0.101811562308368,0.246110701140889,-0.413681980655056,0.67910702534902
0,"",635212.31376942,0,0.498252637094843,0.386153560437731,0.553278591007459,5.34782210405144e-06,0.0153840469197796,0.00621170001463832,0.102511944669833,0.124150299844634,30.0380721526179,0.825708393762398,0.415479667672353,-0.0244115984414162,0.0360454708481549,85765.328320282,-0.677244543267376,0.498252637094843,-0.0873646748796653,0.0999100546724284,48.9383822870928,-0.874433260657346,0.386153560437731,0.0744094764330376,0.124766046939863,56.9045603820373,0.596392033394331,0.553278591007459,0.126923543111249,0.129345765536659,0.981273276203827,0.326457997492372,0.0781003462284169,0.12920843152864,0.604452397606153,0.545542908384492,0.0488231968828323,0.0720909416963097,0.677244543267376,0.498250810382231,-0.161774151312703,0.158611912290229,-1.01993695792967,0.307758360285148,-0.0129551984466277,0.161057232892325,-0.0804384765215041,0.935888526195174,-0.148818952866076,0.249532093879728,-0.596392033394331,0.550913361268165
0,"",635319.561820043,0,0.607323846517856,0.279906942417253,0.490750821599669,3.08109621783282e-06,0.0245188109315695,0.00850561667487427,0.0906498837685983,0.124236867654915,31.6816730596947,0.729653648548116,0.470962626439218,-0.0185343114675275,0.0360660501108341,85713.4846502377,-0.513899121488768,0.607323846517856,-0.104626726790135,0.0957251690914354,47.5283226340505,-1.09299077539572,0.279906942417253,0.0860134031494741,0.123997255523199,56.0909206379595,0.693671829965476,0.490750821599669,0.109184195236126,0.129434661577025,0.843546805050757,0.39892270046096,0.0721155723010708,0.129297281073676,0.557750106593332,0.577015036923886,0.037068622935055,0.0721321002216682,0.513899121488768,0.607322521749724,-0.190640129939609,0.155402148801073,-1.22675349993804,0.219915252839671,-0.0186133236406605,0.15788421991367,-0.117892235530809,0.906153045493318,-0.172026806298949,0.247994511046399,-0.693671829965476,0.487888035996299
0,"",635633.664744033,0,0.503780673101008,0.181571697777273,0.465437562399717,5.21812631523455e-06,0.0376276946918711,0.00951487213060136,0.0854218149296831,0.120366126725879,32.2618079917755,0.709683174604614,0.482998760203677,-0.0241551447098716,0.0361303341733532,85656.1354307556,-0.66855580670733,0.503780673101008,-0.126461558947797,0.0932600826938363,47.028483566046,-1.35600950905178,0.181571697777273,0.0859654037640082,0.116971146093912,56.2257072515151,0.734928284749724,0.465437562399717,0.109576959639555,0.125742565091537,0.871438876404231,0.383514566517561,0.0612666702198116,0.125601028439809,0.487787966236056,0.625700035989198,0.0483102894197432,0.0722606683467065,0.66855580670733,0.503778871497187,-0.212426962711806,0.148298313398212,-1.43243006507698,0.15202077938068,-0.0404961551837889,0.150887356423311,-0.268386670319665,0.788401698808737,-0.171930807528017,0.233942292187825,-0.734928284749724,0.462383171308042
0,"",635667.098459891,0,0.257735057218712,0.101105200292038,0.703622454384727,1.49490526682543e-05,0.055320979031444,0.00261463713833346,0.0673414164639054,0.118543597315209,35.0708476444925,0.568072995834975,0.573604795627854,-0.0408999889479585,0.0361381315040685,85683.0325882385,-1.13176822502165,0.257735057218712,-0.158995340168694,0.0951033685981784,47.7277988578277,-1.67181607247232,0.101105200292038,0.0445145312226518,0.116410175468665,55.7793289965299,0.382393816034012,0.703622454384727,0.108241405411864,0.124001400894014,0.872904698104009,0.382715025316786,0.0264414275159469,0.123857783777982,0.213482162439979,0.83095090075582,0.081799977895917,0.072276263008137,1.13176822502165,0.257731889812604,-0.203509871391346,0.149022837096993,-1.36562875432904,0.172055516637121,-0.114480808946042,0.151605255074803,-0.755124279099406,0.450174416635294,-0.0890290624453039,0.232820350937331,-0.382393816034012,0.702169276588164
0,"",635789.556524902,0,0.0864757085938343,0.0495331090595802,0.86694828975706,3.42690793731991e-05,0.0762063041351897,0.00051161545871523,0.048412091826196,0.117752190026162,35.6155004215829,0.411135383685347,0.683436727228372,-0.0620005674759873,0.0361665183974487,85755.2273049353,-1.71430843286151,0.0864757085938343,-0.20348797092373,0.101052254687196,49.1552105965414,-2.01369055597641,0.0495331090595802,0.0198750405050253,0.118081717953881,55.3458181444357,0.168315983620665,0.86694828975706,0.110412659302183,0.123253540879762,0.89581734134433,0.370350326551789,-0.0135884756497914,0.12310871325175,-0.110377854587788,0.912109715282081,0.124001134951975,0.0723330367948974,1.71430843286151,0.0864720952088855,-0.223363011428756,0.154152383346775,-1.44897540070002,0.147344452439304,-0.183612930418705,0.156674003245979,-1.17194254703783,0.241220123471586,-0.0397500810100507,0.236163435907762,-0.168315983620665,0.866334700137334
0,"",635982.201186655,0,0.0396148169767086,0.075778458686347,0.929882149190313,4.93540493623126e-05,0.0620122293246261,0.000140343302643791,0.0649316611484938,0.113265571312286,33.9107082240178,0.573269179647447,0.570244877312768,-0.0745104866867334,0.0362092606894116,85792.8824114252,-2.05777431706917,0.0396148169767086,-0.190674745103999,0.105137942083461,49.7493300306393,-1.81356740797376,0.075778458686347,0.0105596120981318,0.119463065880271,55.6641998176573,0.0883922743847452,0.929882149190313,0.139442147835227,0.118987696516637,1.17190391878652,0.241235633557609,-0.00957882553823959,0.118837403566426,-0.0806044666979399,0.935756513855443,0.149020973373467,0.0724185213788231,2.05777431706917,0.0396118025577315,-0.201234357202131,0.157893446196596,-1.27449468011213,0.202488156830303,-0.180115133005867,0.160376063046459,-1.12307990098055,0.261403561471008,-0.0211192241962637,0.238926131760544,-0.0883922743847452,0.929564901410516
0,"",636062.068170354,0,0.161782470957369,0.133852996724767,0.646076631310169,2.28143063797552e-05,0.0443051157734581,0.00376769506912838,0.0764346925543085,0.112031749353612,31.7896580888992,0.682259207727387,0.500016510258183,-0.0506851261238113,0.036226592599402,85800.3206955023,-1.39911381355386,0.161782470957369,-0.162024998174337,0.106330834169781,50.0853824160368,-1.52378187794171,0.133852996724767,0.0547398420269845,0.118562609168134,56.3633057684039,0.461695659458352,0.646076631310169,0.12711981867812,0.117819141657073,1.07894028839658,0.280614347224876,0.0257495664304972,0.117667359995785,0.218833552749204,0.826779708956318,0.101370252247623,0.0724531851988039,1.39911381355386,0.161778856021107,-0.216764840201322,0.158011674370865,-1.37182800615453,0.170116986609854,-0.107285156147353,0.160496068296113,-0.668459715470498,0.503840188394695,-0.109479684053969,0.237125218336269,-0.461695659458352,0.644299584202709
0,"",636271.621935835,0,0.46005984018593,0.140906308526941,0.467924360877933,6.36175049336266e-06,0.0433848530422923,0.00922294934232695,0.076226139547238,0.113174596202345,29.3883358118823,0.673526940718686,0.505875043167409,-0.0267947163397966,0.0362702628347536,85786.2190374974,-0.738751645166528,0.46005984018593,-0.157077356120866,0.104967903071663,49.3756976551342,-1.49643225714081,0.140906308526941,0.0861578206827129,0.117908071617409,57.3599088425495,0.730720293367867,0.467924360877933,0.103020855887035,0.11891981066121,0.866305246486899,0.386322789924463,0.0494314232074414,0.11876919219913,0.416197351284195,0.677265597775336,0.0535894326795933,0.0725405256695073,0.738751645166528,0.46005781906915,-0.24323517680358,0.156604429236178,-1.55318197569465,0.120379666134473,-0.0709195354381538,0.159110655831744,-0.445724612644106,0.655796183429238,-0.172315641365426,0.23581614323482,-0.730720293367867,0.464950017580063
0,"",636394.767435462,0,0.64460756563244,0.15311663299665,0.430113529818755,2.48074656275096e-06,0.0405584924919135,0.0107486904842303,0.0851089504590281,0.11104907541258,32.4657960076734,0.766408456286767,0.448970429666745,-0.016741937010762,0.0362954720933184,85767.5555223552,-0.461267922558418,0.64460756563244,-0.15003172530525,0.103415558542385,49.7887406960831,-1.45076550782018,0.15311663299665,0.0921527075476036,0.115982168063242,58.1011636566951,0.794542032507576,0.430113529818755,0.10185088746979,0.116906701399128,0.871215133528266,0.383636698317558,0.0683670134482661,0.116753329960677,0.585567995973156,0.558165860491182,0.033483874021524,0.0725909441866368,0.461267922558418,0.644606395903342,-0.242184432852855,0.15411635615918,-1.5714388718269,0.11608074279232,-0.0578790177576469,0.156657048608686,-0.369463220912728,0.71178248239289,-0.184305415095208,0.231964336126485,-0.794542032507576,0.426879949421993
0,"",636192.872303139,0,0.665971611237946,0.232209856907126,0.367483500328076,2.17367623939849e-06,0.0283994134067865,0.0138463847089384,0.097833320706311,0.112973774827462,37.0747552188485,0.865982577423177,0.392069387558901,-0.0156489687082802,0.0362509154315469,85730.9598001144,-0.431684787045732,0.665971611237946,-0.121484632137172,0.100454090482861,50.0363743132585,-1.20935475651835,0.232209856907126,0.103004298178315,0.113415902371913,58.7450079676021,0.908199785251836,0.367483500328076,0.113482289414591,0.118722724955188,0.95585987819455,0.339143031705951,0.0821843519980309,0.11857200308672,0.693117682577426,0.488235701628708,0.0312979374165603,0.0725018308630938,0.431684787045732,0.665970525672286,-0.224488930315488,0.150207501881364,-1.49452542318953,0.135038342089008,-0.0184803339588572,0.152794269492375,-0.120949129965764,0.903731327691317,-0.206008596356631,0.226831804743828,-0.908199785251836,0.363772677542988
0,"",636197.458527934,0,0.863013504402965,0.225788876605081,0.348633344733973,3.47190005917372e-07,0.0288076261864734,0.0150404085043455,0.11059000037968,0.115552051653606,37.1103466361585,0.957057869566867,0.344731740537133,-0.00625494214567953,0.0362521492075325,85745.5737225043,-0.172539898527723,0.863013504402965,-0.124652460490111,0.101657423518336,50.6898848309576,-1.22620125688733,0.225788876605081,0.108180767504481,0.114497350241956,58.4612404292866,0.944832061841378,0.348633344733973,0.11684494252536,0.121179186155016,0.964232771590727,0.334929237590496,0.104335058234001,0.121031379277663,0.862049650732656,0.388660196210694,0.0125098842913591,0.072504298415065,0.172539898527723,0.863013097179292,-0.232833227994593,0.151825948290906,-1.5335535895911,0.125139513323574,-0.0164716929856294,0.154391163488063,-0.106688055284348,0.915036459020283,-0.216361535008963,0.228994700483912,-0.944832061841378,0.34474462047075
0,"",636277.961761962,0,0.709063130585822,0.189689869279933,0.46256191705747,1.6230220213038e-06,0.0335172962193335,0.00927616203209537,0.0953046032686537,0.114368549788551,35.6842576900163,0.833311285706221,0.410212391596821,-0.0135330923177221,0.0362704817759266,85775.3152663733,-0.37311586874769,0.709063130585822,-0.139099765389254,0.104645914482742,50.9487283251535,-1.32924219810028,0.189689869279933,0.0853129162299319,0.115364789950386,58.4073231245258,0.739505669508193,0.46256191705747,0.108837695586376,0.120056777965046,0.906551861803783,0.364643827773756,0.0817715109509316,0.119907448153315,0.681955226387416,0.495267262724348,0.0270661846354442,0.0725409635518531,0.37311586874769,0.709062208574244,-0.224412681619186,0.154483458738326,-1.45266479305924,0.146316846702018,-0.0537868491593222,0.157017404553431,-0.342553421464938,0.731934448334505,-0.170625832459864,0.230729579900772,-0.739505669508193,0.459599998333132
0,"",636383.143697877,0,0.521225635135389,0.173974481552887,0.458089667330865,4.79592679940049e-06,0.0354832170497524,0.00942819818127568,0.111667137511382,0.11669846745398,32.0654695742343,0.956886066695078,0.345784083323687,-0.0232806857498518,0.0362932826990869,85795.4794330262,-0.641459907136963,0.521225635135389,-0.147099614639054,0.106705998634378,51.6573593488673,-1.3785505643697,0.173974481552887,0.0865308606378756,0.115848214768627,58.6165985512401,0.746933052103531,0.458089667330865,0.134947823261234,0.122285206637825,1.10354986487378,0.269788449423436,0.0883864517615305,0.122138436161232,0.723657961731668,0.469275747577058,0.0465613714997036,0.0725865653981738,0.641459907136963,0.521223921547316,-0.233630475276931,0.156239614115552,-1.49533443614461,0.134827182147205,-0.0605687540011789,0.158754971576637,-0.381523510096438,0.702814829522744,-0.173061721275752,0.231696429537254,-0.746933052103531,0.455103973523247
0,"",636233.193942086,0,0.09497668213682,0.208047363141299,0.453382577836224,3.25024668914424e-05,0.0310950769741977,0.00963223957126518,0.13308264711263,0.119500158138447,27.8147058758415,1.11366084518857,0.274956323802052,-0.0605456571893409,0.036260773147864,85775.1398975747,-1.66972879873377,0.09497668213682,-0.132176712244877,0.103650132226775,50.671025702461,-1.2752199095674,0.208047363141299,0.0874469530312657,0.115851812790929,58.5804784330158,0.754817304318542,0.453382577836224,0.193628304301971,0.124952084375875,1.5496204426611,0.121232643398954,0.0725369899232892,0.124808811944163,0.581184844189855,0.561115881070518,0.121091314378682,0.072521546295728,1.66972879873377,0.0949730331838109,-0.219623665276144,0.154177847845385,-1.42448262409519,0.154306811485112,-0.0447297592136116,0.156713675564421,-0.285423458115653,0.77531973768773,-0.174893906062532,0.23170362558186,-0.754817304318542,0.450358609575203
0,"",636360.412273464,0,0.0439315203829738,0.218180509138006,0.504987350162907,4.73662836988055e-05,0.0303029930450144,0.00741926053302856,0.141008700302002,0.122915976267988,26.5707042666544,1.14719586975876,0.261525986245711,-0.073104173489659,0.0362840682179209,85696.3865391374,-2.01477334489059,0.0439315203829738,-0.124894052258882,0.100143839148253,49.7720546405433,-1.24714663748799,0.218180509138006,0.0713367627556222,0.106364072478733,60.1786030004799,0.670684763127002,0.504987350162907,0.214112873791661,0.128229185321786,1.66976709127764,0.094965453778453,0.0679045268123428,0.128089881288187,0.530131858421867,0.596020511867164,0.146208346979318,0.0725681364358418,2.01477334489059,0.0439284031486083,-0.196230815014505,0.144747174339293,-1.35567976307801,0.1752010809852,-0.0535572895032603,0.147419348757262,-0.363298915337408,0.716381603508842,-0.142673525511245,0.212728144957466,-0.670684763127002,0.502421371465673
0,"",636460.602284292,0,0.0609189525751111,0.212421385230532,0.844923007217978,4.0963072431569e-05,0.0306479271523721,0.000644980416451202,0.153504449552769,0.125534053443145,25.7259441929476,1.22281122406592,0.232485401460589,-0.0680423119406173,0.0363065071848245,85739.0898433899,-1.87410790011378,0.0609189525751111,-0.134752452942444,0.106698445424398,50.4472633750912,-1.26292798743656,0.212421385230532,0.0204857445061814,0.104278944422051,59.7975679782278,0.196451398887094,0.844923007217978,0.221546761493386,0.13074718941984,1.69446672220221,0.090176630074175,0.0854621376121518,0.130610468701667,0.654328389306678,0.51290025948869,0.136084623881235,0.072613014369649,1.87410790011378,0.06091555467232,-0.155238197448626,0.14787327748789,-1.04980561793079,0.293807491804464,-0.114266708436263,0.15050184987737,-0.759237899928594,0.447710258144004,-0.040971489012363,0.208557888844103,-0.196451398887094,0.84425686945158
0,"",636829.387300479,0,0.0497038494230485,0.255708822780223,0.896642782433968,4.48952551878498e-05,0.0264035240759667,0.000289391902248755,0.169150302680773,0.126097658321157,25.7295348804234,1.34142302825295,0.191504211332811,-0.0714097085628032,0.0363865262696731,85785.4009585551,-1.96253162595301,0.0497038494230485,-0.126680954044209,0.11014735523316,48.7743623868576,-1.1501043649759,0.255708822780223,-0.0142568930769738,0.109276385570258,58.8010481129513,-0.130466367482546,0.896642782433968,0.240560011243576,0.131311019602713,1.83198646976774,0.0669534364497819,0.0977405941179694,0.131173982126799,0.745121803373241,0.456198089422178,0.142819417125606,0.0727730525393461,1.96253162595301,0.0497006223048089,-0.112424060967236,0.153873237973857,-0.730627771583886,0.465006544133247,-0.140937847121183,0.156430697920072,-0.900960291011394,0.367609432996496,0.0285137861539476,0.218552771140517,0.130466367482546,0.896197461535437
0,"",637235.469755576,0,0.0585106938466615,0.21704075523298,0.94191629128632,4.17080445522439e-05,0.0316382618325502,9.37222644094596e-05,0.162439265196314,0.125094398321735,25.0595569810628,1.29853348651577,0.205927280335626,-0.0690046117222449,0.0364741474202029,85811.9936823692,-1.89187730496542,0.0585106938466615,-0.137991969741392,0.110312544020014,47.8941899814768,-1.25091820669422,0.21704075523298,-0.00851611370371617,0.116367798942671,57.1391512419384,-0.0731827342365707,0.94191629128632,0.231443876918559,0.130372852245175,1.77524594217908,0.0758572869328627,0.0934346534740692,0.13023387900417,0.717437384100931,0.4731042593888,0.13800922344449,0.0729482948404058,1.89187730496542,0.0585073302607287,-0.129475856037677,0.159087695153506,-0.813864679557671,0.415722476807351,-0.146508083445109,0.161591303134185,-0.906658221101474,0.364587563190808,0.0170322274074324,0.232735597885342,0.0731827342365707,0.94166070562597
0,"",637406.342521353,0,0.200389633999449,0.167500728213396,0.864308836518833,1.90985500042225e-05,0.0389526433090171,0.00052944513870038,0.156012729099905,0.12535072882399,24.8257794461354,1.2446096689152,0.224897308971966,-0.0467520326002633,0.0365121287599641,85845.5910388987,-1.28045211791451,0.200389633999449,-0.1583173646974,0.112979622170229,48.4467583155058,-1.40129132719934,0.167500728213396,0.0213052806316108,0.124095901192135,55.6427624085646,0.17168399944672,0.864308836518833,0.202764761700168,0.130629749342991,1.55220968209756,0.120612060167189,0.109260696499642,0.130490421538007,0.837308173365188,0.4024193661913,0.0935040652005267,0.0730242575199282,1.28045211791451,0.200386174368211,-0.179622645329011,0.166606301119333,-1.07812636210172,0.280977368484885,-0.137012084065789,0.169028742716042,-0.810584530560944,0.417604303476171,-0.0426105612632216,0.248191802384271,-0.17168399944672,0.863685965620495
0,"",637637.060295177,0,0.705455484143059,0.148155991727237,0.844480166980806,1.66368346327413e-06,0.0421080274772574,0.000707739998603629,0.174469694393427,0.12545254447455,24.7152255050948,1.39072264436072,0.176705701798628,-0.013819420853365,0.0365624336044285,85869.3299346527,-0.377967752444441,0.705455484143059,-0.171626628630107,0.116816208704763,49.1037618675526,-1.46920218121331,0.148155991727237,0.0253728329738205,0.128732712344182,54.8502819534375,0.197097012187417,0.844480166980806,0.188289115246792,0.130741800515496,1.44016002919032,0.149822128837736,0.160650273540062,0.130602015797615,1.23007499202011,0.218669023822039,0.0276388417067299,0.0731248672088571,0.377967752444441,0.705454549883928,-0.196999461603928,0.172646086208117,-1.14105952779291,0.253845151899349,-0.146253795656287,0.175013155517832,-0.835673153961189,0.403338802017787,-0.0507456659476411,0.257465424688365,-0.197097012187417,0.843751621498531
0,"",637803.537601078,0,0.812136199579657,0.216655309386206,0.93925072381057,6.57798806836488e-07,0.0308908526839574,0.000107398621935661,0.187524949342095,0.126884441379497,23.2831356569627,1.47791917829569,0.152830438392016,-0.00869834886779122,0.0365981479468763,85874.0726622903,-0.237671831930327,0.812136199579657,-0.146765838398251,0.117266321181226,49.1412449027048,-1.25156001245606,0.216655309386206,0.0100312645493727,0.131018746978521,54.5756768660543,0.0765635817828212,0.93925072381057,0.196223298209886,0.132126424234903,1.48511775253244,0.137512634218254,0.178826600474304,0.131987801760449,1.35487217825527,0.175458285175698,0.0173966977355824,0.0731962958937527,0.237671831930327,0.812135632566156,-0.156797102947625,0.174653739655636,-0.897759780333251,0.369313631156762,-0.136734573848879,0.177004733017798,-0.772491060084421,0.439823639766971,-0.0200625290987455,0.262037493957043,-0.0765635817828212,0.938970731405055
0,"",637956.297035241,0,0.74330668153925,0.198529800124087,0.989712877323095,1.2488708724497e-06,0.0333417828475089,3.08557502056987e-06,0.187930528909825,0.126328746305736,24.4677711918089,1.48763076026262,0.149623469805825,-0.0119956984600381,0.0366304741124059,85871.2770785809,-0.327478656793455,0.74330668153925,-0.152064172229013,0.116675443064514,49.2469133322933,-1.30330914745214,0.198529800124087,-0.00170204209859361,0.13140363507353,54.3736373866619,-0.0129527778865568,0.989712877323095,0.199926227369864,0.131602009400376,1.51917306035672,0.128718940427124,0.175934830449787,0.131462537156182,1.3382887190194,0.180802337786505,0.0239913969200762,0.0732609482248117,0.327478656793455,0.743305883232585,-0.15036213013042,0.174545842624244,-0.861447788556696,0.388991465527695,-0.153766214327608,0.176900812525747,-0.869222770275447,0.384725295189403,0.00340408419718723,0.262807270147062,0.0129527778865568,0.989665467484042
0,"",637830.667506047,0,0.572771267862408,0.146190348616585,0.927837138644687,3.70437144599216e-06,0.042153838471907,0.000150556405419847,0.182407580159352,0.125163863321335,25.1488424906323,1.45735019133322,0.157394330439677,-0.0206434032313202,0.0366032723937932,85863.1124832574,-0.563976985697615,0.572771267862408,-0.170454371773168,0.115459448371696,49.5240289087675,-1.4763137549768,0.146190348616585,0.0116859120883524,0.128441189097252,54.9733200548863,0.0909825903239198,0.927837138644687,0.203050983390672,0.130476422081471,1.55622740224962,0.119654027520427,0.161764176928032,0.130336056959423,1.24113143133057,0.214557199997219,0.0412868064626404,0.0732065447875865,0.563976985697615,0.572769794856632,-0.182140283861521,0.171512791348649,-1.06196326483468,0.288252362362231,-0.158768459684816,0.173894821526749,-0.913014305376504,0.361235017877845,-0.0233718241767049,0.256882378194505,-0.0909825903239198,0.927506424583842
0,"",637704.350811168,0,0.222029280150232,0.132870457182116,0.829238325978212,1.73760942008864e-05,0.0448242704291731,0.000842099427655078,0.17985354692245,0.121642185097156,25.4295829256708,1.47854584146775,0.151542682855432,-0.0446633368887977,0.0365745546988885,85819.2136310013,-1.22115873334625,0.222029280150232,-0.164757613150972,0.107832464009227,49.7464362797659,-1.52790362962376,0.132870457182116,0.0270360613852933,0.124766065581668,55.7140387719161,0.216694028614666,0.829238325978212,0.224516883811248,0.127093503489831,1.76654886084883,0.0773038118429141,0.135190210033652,0.126949910846545,1.06490984619177,0.286916728907479,0.0893266737775954,0.0731491093977771,1.22115873334625,0.222025925372888,-0.191793674536265,0.163673810228158,-1.17180429947167,0.241275636127163,-0.137721551765679,0.166131594452886,-0.82899073002478,0.407109652738479,-0.0540721227705868,0.249532131163337,-0.216694028614666,0.828446801919001
0,"",637581.428414687,0,0.108122358045,0.168615553400149,0.682435453416215,3.0096747206683e-05,0.0376000059738461,0.00297040691276792,0.188611193879821,0.122950470052428,27.0264574161445,1.53404207238406,0.136643736257479,-0.0587188031933898,0.0365460575343285,85771.0430858979,-1.60670691053978,0.108122358045,-0.143924411283203,0.103030278465935,49.9467085468137,-1.39691373668168,0.168615553400149,0.0494919006860284,0.120344160017904,56.7688802006901,0.411253031959882,0.682435453416215,0.247329997073211,0.128337951093468,1.9271773856907,0.0539575272383174,0.129892390686432,0.128196080766775,1.01323215116648,0.310949286832168,0.11743760638678,0.0730921150686569,1.60670691053978,0.108118676975071,-0.193416311969232,0.157153035780346,-1.2307513565285,0.21841587374272,-0.0944325105971751,0.159683542068016,-0.591372845154901,0.554270630810479,-0.0989838013720571,0.240688320035809,-0.411253031959882,0.680887005564745
0,"",637407.586865666,0,0.309570832244825,0.186294336277853,0.602957261167669,1.20440385192888e-05,0.0351705995254043,0.00481119906096949,0.20351163506408,0.130982046152238,27.9828854663673,1.55373687495722,0.131485467448494,-0.0370954145848899,0.0365065999146776,85727.5316516699,-1.01612899233531,0.309570832244825,-0.133157443122141,0.0993489120877451,49.2805357380038,-1.34030096881722,0.186294336277853,0.0624867720326277,0.11945822370159,56.5973672386123,0.523084724486794,0.602957261167669,0.24060704964897,0.136041202148463,1.76863366281043,0.0769550292640358,0.166416220479191,0.135907497295462,1.22448153185695,0.220770629011,0.0741908291697797,0.0730131998293552,1.01612899233531,0.309567964547713,-0.19564421515477,0.154085544537809,-1.26971167698838,0.204187351824401,-0.0706706710895139,0.156647987699817,-0.451143178582921,0.651886359335632,-0.124973544065256,0.23891644740318,-0.523084724486794,0.600915295169223
0,"",637597.781474813,0,0.79653361468903,0.172763971360839,0.610126986893696,7.7628628307461e-07,0.0386590248141082,0.00468208369871811,0.219444604803199,0.135321089626338,31.4198968789696,1.62165857080483,0.114870114169978,-0.00942224587264738,0.0365434731173587,85638.090509304,-0.257836627689656,0.79653361468903,-0.128393290301631,0.0927599906651388,47.641982317444,-1.38414514038846,0.172763971360839,0.062579225335402,0.122039529322083,55.8961590637947,0.512778324228414,0.610126986893696,0.228866850675847,0.14023363485598,1.63203963807181,0.102671136249563,0.210022358930552,0.140103437164678,1.49905215161631,0.133860103212212,0.0188444917452948,0.0730869462347175,0.257836627689656,0.796532995142747,-0.190972515637034,0.151992824110235,-1.25645744629713,0.208950165011395,-0.0658140649662293,0.154577833435781,-0.425766511946694,0.670277991055353,-0.125158450670804,0.244079058644167,-0.512778324228414,0.608106393824625
0,"",638184.377695537,0,0.895187655809045,0.121509314687774,0.603631956902907,2.02798054026106e-07,0.050015326409698,0.00490058833655176,0.202003085379678,0.134831245934533,36.3715448478007,1.49819193599798,0.142712985033278,0.00483057705860249,0.0366665898710311,85584.1054878696,0.13174328661578,0.895187655809045,-0.141517666447492,0.0897479334979118,47.2265144525554,-1.57683481871797,0.121509314687774,0.065405333514193,0.12525573440287,55.3667894913062,0.522174364519108,0.603631956902907,0.197172508321076,0.139793781447519,1.41045264159406,0.158406070897475,0.206833662438281,0.139662113884408,1.48095755309466,0.13861788491857,-0.00966115411720499,0.0733331797420621,-0.13174328661578,0.895187346124872,-0.206922999961686,0.152793946155723,-1.35426176997088,0.175652878306209,-0.0761123329332992,0.155375001702521,-0.489862153495085,0.624231445726165,-0.130810667028386,0.250511468805742,-0.522174364519108,0.601548933219022
0,"",638823.448990495,0,0.547947083232686,0.104509707604109,0.601098993367074,4.21942163635104e-06,0.0558821296998858,0.00499373602125571,0.181493186280991,0.131119374471584,39.6895135308009,1.38418282585938,0.174036727636843,0.0221126874038399,0.0368028566908052,85558.9082063277,0.600841602857543,0.547947083232686,-0.147420746286496,0.0890296486544617,46.3234781938703,-1.65586126099025,0.104509707604109,0.0662383485046406,0.125963079537944,55.0976005437772,0.525855264476029,0.601098993367074,0.159380498877151,0.136254449008341,1.16972693396158,0.242110875566618,0.203605873684831,0.136118354274066,1.49580028917249,0.134705705992738,-0.0442253748076798,0.0736057133816105,-0.600841602857543,0.547945491599372,-0.213659094791137,0.152947174844834,-1.39694698517901,0.162429514005322,-0.0811823977818554,0.155541355270625,-0.521934489002021,0.601715943996034,-0.132476697009282,0.251926159075889,-0.525855264476029,0.598988773233922
0,"",639161.785349906,0,0.403210850061254,0.126725105377557,0.559064441020643,8.16120654476312e-06,0.0506555165678098,0.00624870600336823,0.185894078449694,0.125629352083723,39.0042954250177,1.47970259629938,0.146984927416678,0.0308265284413469,0.0368780417005704,85616.1357639174,0.83590470154683,0.403210850061254,-0.143373423122146,0.0921588530870099,45.3586655027915,-1.5557205663875,0.126725105377557,0.0752714088944354,0.128052864527559,54.9501787161895,0.587815111923838,0.559064441020643,0.155067550008347,0.131001248090495,1.1837104780958,0.23652768977387,0.216720606891041,0.130859165242725,1.65613624761441,0.0976942302456181,-0.0616530568826937,0.0737560834011408,-0.83590470154683,0.403208517261656,-0.218644832016582,0.156483742395833,-1.39723672676175,0.16234239585427,-0.0681020142277104,0.159042192508303,-0.428200926770769,0.6685048416223,-0.150542817788871,0.25610572905512,-0.587815111923838,0.55665639952063
0,"",639299.13844906,0,0.697064670473872,0.32668737162072,0.436080112435287,1.76953238240794e-06,0.0217621744360224,0.011191878367639,0.189157808605845,0.121483200946598,37.6387369554841,1.55706967821004,0.127823509763679,0.0143682225001524,0.0369090543710882,85640.8500297035,0.389287201879855,0.697064670473872,-0.0936860708484455,0.0944598046067506,44.2179016365025,-0.991808857095075,0.32668737162072,0.098671121357124,0.125756466911132,54.3911843894787,0.784620654354516,0.436080112435287,0.174789586105693,0.127039580137324,1.37586715822543,0.168862764625461,0.203526031105998,0.126893017507392,1.60391828568614,0.108732065631655,-0.0287364450003048,0.0738181087421764,-0.389287201879855,0.697063702548733,-0.19235719220557,0.15598809222748,-1.23315305327955,0.217518666926037,0.00498505050867849,0.158563559482825,0.0314388156076835,0.974919586061284,-0.197342242714249,0.251512933822264,-0.784620654354516,0.432676016469832
0,"",639230.600897593,0,0.934743435762618,0.462720929727509,0.380644815430236,7.82282776911603e-08,0.0120120743432148,0.0142335398295237,0.198227080072174,0.121840766559364,35.4106256624077,1.62693559528446,0.112618129994636,0.00302100541514958,0.0368961495274868,85699.2682061565,0.0818786093898227,0.934743435762618,-0.0732684121675985,0.0989196727840789,45.1234028397139,-0.740685953617418,0.462720929727509,0.108959634147536,0.123267331934398,54.1123502988132,0.883929524860027,0.380644815430236,0.195206074657025,0.127377706243378,1.5324979575629,0.125399601221861,0.201248085487324,0.127231743066076,1.5817443087517,0.113707953184104,-0.00604201083029917,0.0737922990549737,-0.0818786093898227,0.93474324454899,-0.182228046315135,0.156758935987576,-1.16247310028678,0.245043345131785,0.0356912219799373,0.159331445609183,0.224006139174076,0.822752526246141,-0.217919268295072,0.246534663868797,-0.883929524860027,0.376734257917867
0,"",639273.066865792,0,0.601854663034096,0.599696533605194,0.27152980983313,3.17568068742912e-06,0.00612671220395842,0.0222134626497986,0.220413469427904,0.125125542096165,32.0874053131774,1.76153857745931,0.0876742872472398,0.0192550690416791,0.0369056850315309,85716.6937793638,0.521737207295523,0.601854663034096,-0.0531110349916336,0.100484346418408,45.3185747830043,-0.528550335297836,0.599696533605194,0.136827810289423,0.123174908817888,54.3165336066805,1.11084157968991,0.27152980983313,0.201158400386225,0.130525938107486,1.54113736551408,0.123283357524162,0.239668538469583,0.130383439232797,1.83818236334186,0.0660355377357574,-0.0385101380833582,0.0738113700630618,-0.521737207295523,0.601853314956822,-0.189938845281057,0.157675713594145,-1.20461700125839,0.228351190393393,0.0837167752977893,0.160239487697123,0.52244784666328,0.601358549704937,-0.273655620578846,0.246349817635776,-1.11084157968991,0.266636545435174
0,"",639183.678916207,0,0.912130945648532,0.958888901444231,0.232209369946748,1.42116687464004e-07,5.84225629192941e-05,0.0252948719126139,0.270183125397925,0.131934011720603,29.7983671574994,2.04786561004521,0.0494753802973922,0.00407025465371717,0.036884482654946,85686.1505122782,0.110351409610225,0.912130945648532,-0.00511291991052057,0.0986484140987825,45.9781810371671,-0.0518297223247877,0.958888901444231,0.143432532531684,0.118762263166918,56.2055458119397,1.20772818492094,0.232209369946748,0.266112870744208,0.137060578473831,1.94157119215002,0.0521890331656971,0.274253380051642,0.136925143225229,2.00294389760485,0.0451833105945367,-0.00814050930743433,0.073768965309892,-0.110351409610225,0.912130687208945,-0.148545452442205,0.153071504335688,-0.970431780146633,0.33183131409338,0.138319612621164,0.155695485078649,0.888398353692099,0.374326510634665,-0.286865065063369,0.237524526333836,-1.20772818492094,0.227151832983858
0,"",639420.450842479,0,0.616133927560163,0.966697610466172,0.230231959261553,2.93511349442061e-06,3.8142865432217e-05,0.0248081754357077,0.311486459180794,0.134392567159883,29.3640289773732,2.31773576294757,0.0276272637766183,-0.0185159940977782,0.0369330894095637,85632.1047614648,-0.501338891324469,0.616133927560163,-0.00397260223492685,0.0946366470748095,46.1957044064027,-0.041977419506278,0.966697610466172,0.143409791712889,0.118270429023363,57.7963607263448,1.21255831146566,0.230231959261553,0.330002453278572,0.139441798681692,2.36659636062124,0.0179525001884808,0.292970465083015,0.139308345703807,2.10303599258813,0.0354626233412094,0.0370319881955563,0.0738661788191274,0.501338891324469,0.616132638801223,-0.147382393947816,0.150132754036,-0.98168047934747,0.326257285220026,0.139437189477962,0.152800964877291,0.912541289185832,0.361483844562824,-0.286819583425778,0.236540858046727,-1.21255831146566,0.225298735739541
0,"",639800.118113041,0,0.919980904460834,0.899705504321339,0.258207628215956,1.17914519939785e-07,0.000347191613991551,0.0215676420512721,0.288734775523276,0.130955155159003,29.8463367048175,2.20483703121653,0.035314820939368,-0.00371831151058728,0.0370135668155109,85585.9208536392,-0.100458070661515,0.919980904460834,-0.0117249852546324,0.0925212002702014,46.2404506194261,-0.126727552392214,0.899705504321339,0.132731392866746,0.116264136152896,59.1267360169623,1.1416365979978,0.258207628215956,0.292453087033863,0.136154012237402,2.14795790610954,0.0317170995840994,0.285016464012689,0.13601690532396,2.09544882184937,0.0361311133935116,0.00743662302117457,0.0740271336310218,0.100458070661515,0.919980669155712,-0.144456378121378,0.14721776443636,-0.981242845756057,0.32647300001909,0.121006407612113,0.149939899773198,0.807032736417392,0.419647622853303,-0.265462785733492,0.232528272305793,-1.1416365979978,0.253605104864524
0,"",639999.2241885,0,0.992068531904893,0.84212903465648,0.394084776943377,1.15674950986754e-09,0.000885378191239573,0.0122444954437386,0.268763364934636,0.12744239761753,29.6743069360114,2.10890072659514,0.0435037693005621,0.000368331639960376,0.0370524630447351,85428.8505817367,0.00994081390798969,0.992068531904893,-0.0172667865239134,0.0861969762721265,45.281986543036,-0.200317775294131,0.84212903465648,0.0974115423799801,0.113472006176401,59.4500108102056,0.858463207467631,0.394084776943377,0.268395033294675,0.132789747156638,2.02120298473103,0.0432587568730804,0.269131696574596,0.132649095384961,2.02889960005795,0.0424685175218697,-0.000736663279920753,0.0741049260894702,-0.00994081390798969,0.992068508692588,-0.114678328903894,0.141079908020166,-0.81286081422382,0.416297863495417,0.080144755856067,0.143903055427365,0.556935748292851,0.577571329015345,-0.194823084759961,0.226944012352803,-0.858463207467631,0.390636738349721
0,"",640202.803248272,0,0.574760375834072,0.991359394458036,0.489503129278685,3.68104600685302e-06,2.54062330197589e-06,0.00811398603390314,0.293177795993536,0.12773071271246,30.682736766506,2.29528035793178,0.0287186598655293,0.0208141109731295,0.0370980546323179,85514.6681005015,0.561056669397358,0.574760375834072,-0.000975434597577277,0.0895897871649346,46.6592679595401,-0.0108877878656136,0.991359394458036,0.0780781568919453,0.112271323022745,59.1219752747493,0.695441674595099,0.489503129278685,0.272363685020406,0.133079340272908,2.04662635433769,0.0406947851938485,0.313991906966665,0.132938671753551,2.36193052649691,0.0181800488011065,-0.0416282219462591,0.0741961092646359,-0.561056669397358,0.574758905739236,-0.0790535914895228,0.14222102735102,-0.555850235102072,0.578313240671206,0.0771027222943682,0.145036337702978,0.531609688409726,0.594996353182231,-0.156156313783891,0.224542646045491,-0.695441674595099,0.486778551153961
0,"",640521.373336483,0,0.540818952683607,0.784899797460378,0.708810483414632,4.37157385002518e-06,0.00159515452896884,0.00234438081952105,0.320751784062613,0.135280670798359,29.1526533454357,2.37100971018029,0.0245621370336159,0.0227305830201105,0.0371671341529048,85558.5236181754,0.611577500880144,0.540818952683607,0.0254826708741173,0.0928332736482866,47.161377086793,0.274499324139558,0.784899797460378,0.0411493546842005,0.109662791958147,59.9183649711382,0.375235336885325,0.708810483414632,0.298021201042502,0.140360366315084,2.12325750399866,0.0337322796444884,0.343482367082723,0.140226527709573,2.4494820822642,0.0143061827472931,-0.0454611660402211,0.0743342683058095,-0.611577500880144,0.540817327719578,-0.0156666838100832,0.142258278394138,-0.110128450779345,0.912307504927585,0.066632025558318,0.145087806175995,0.459253105512478,0.646052418916806,-0.0822987093684012,0.219325583916294,-0.375235336885325,0.707485451939755
0,"",640698.97324807,0,0.825729137052796,0.790041422938208,0.879656340239722,5.66710217954501e-07,0.0015047530659835,0.000380189558515103,0.349565651335127,0.144509909200776,24.7789480828702,2.4189735725974,0.0232457431067505,0.00819176303706015,0.0372043340476379,85547.318773004,0.220183031003084,0.825729137052796,0.0248572884284259,0.0928341474683261,47.5743388242537,0.267760184224311,0.790041422938208,0.0163343722641402,0.107432361811252,60.7812070276769,0.152043313474185,0.879656340239722,0.341373888298067,0.149285216383519,2.28672266797715,0.022212015732712,0.357757414372188,0.149159233128947,2.39849325360173,0.0164626797472327,-0.0163835260741203,0.0744086680952758,-0.220183031003084,0.825728611653096,0.00852291616428568,0.140545341930096,0.0606417548048288,0.951644519170898,0.0411916606925662,0.143411259888413,0.287227521218466,0.773938114846363,-0.0326687445282805,0.214864723622504,-0.152043313474185,0.879152773541907
0,"",640831.687399982,0,0.960282603465767,0.972973695182078,0.893155941347963,2.89938769798395e-08,2.49425480732717e-05,0.000301385607065266,0.36686257251107,0.149348531940562,23.1401259132812,2.45641900689774,0.0219525506213631,0.00185413345027014,0.0372322713513776,85533.5724406714,0.0497990958642261,0.960282603465767,-0.0031408950257129,0.0922119039175833,46.51373506361,-0.0340617088713422,0.972973695182078,0.0144353705160543,0.107024106183583,60.3447140692963,0.134879617600289,0.893155941347963,0.3650084390608,0.153980687331721,2.37048194410551,0.0177649116142521,0.36871670596134,0.15385837635442,2.39646819820837,0.0165539299191966,-0.00370826690054027,0.0744645427027553,-0.0497990958642261,0.960282487186721,-0.0175762655417673,0.139821240363635,-0.125705261203923,0.899965237068908,0.0112944754903415,0.142703923562653,0.0791462155235184,0.936916324107903,-0.0288707410321088,0.214048212367166,-0.134879617600289,0.892707055071308
0,"",640995.170565684,0,0.756606160714064,0.769450696545825,0.944913879981604,1.12291894199514e-06,0.00189448780380069,8.00327744048286e-05,0.389852432109185,0.150456141647073,23.0083845636641,2.59113671161172,0.0163278016238891,-0.0115508948502401,0.0372679780313579,85548.1660490092,-0.309941549297925,0.756606160714064,-0.027396369596354,0.0929203436008613,45.7982685327806,-0.29483715335831,0.769450696545825,0.00744207241098389,0.10725871941224,60.147826206272,0.069384311613687,0.944913879981604,0.401403326959425,0.15506391370059,2.5886314705979,0.00963581564722695,0.378301537258945,0.154942209096152,2.44156540342201,0.0146237391738467,0.0231017897004802,0.0745359560627158,0.309941549297925,0.756605405753405,-0.034838442007338,0.140464989855649,-0.248022244141692,0.804117196080321,-0.0199542971853701,0.143341664963695,-0.139207935044037,0.889285838301377,-0.0148841448219678,0.214517438824481,-0.0693843116136871,0.944683716340828
0,"",641022.332430597,0,0.401019154414266,0.878648252866816,0.969187346627452,8.2379352101838e-06,0.000505865536105331,2.53162537974078e-05,0.420649210131919,0.14919996225456,22.1039829388292,2.81936539242698,0.00995796284738931,-0.0313049105129922,0.037276331219449,85612.3975714083,-0.839806641074668,0.401019154414266,-0.0147357419664175,0.0959831861784418,46.5692076627857,-0.153524200988935,0.878648252866816,0.00424303377916693,0.109383053303658,59.435026225873,0.038790595535744,0.969187346627452,0.451954120644911,0.153847431297145,2.9376773913891,0.00330680930461947,0.389344299618927,0.153724673020172,2.53273786159126,0.0113175554538145,0.0626098210259844,0.0745526624388979,0.839806641074668,0.401016809281054,-0.0189787757455845,0.144109892641626,-0.1316965504428,0.89522431410092,-0.0104927081872506,0.146925789434026,-0.0714150199748431,0.943067455920224,-0.00848606755833388,0.218766106607317,-0.0387905955357441,0.969057342868039
0,"",641325.727456992,0,0.819104830156831,0.96203909354007,0.984830794003236,6.10308357253152e-07,4.74511055511329e-05,6.28196493474084e-06,0.411238959111785,0.147609311851656,22.3970375929672,2.7859960455955,0.0106619677437357,-0.00854083406082042,0.0373456023858739,85698.2686574658,-0.228697182939296,0.819104830156831,-0.00496887927749012,0.103858512234122,48.2353854111424,-0.0478427735060277,0.96203909354007,0.00209887084853635,0.109917177727656,58.0419584026011,0.0190950212871802,0.984830794003236,0.419779793172605,0.152322536239039,2.75586136849669,0.00585378017577512,0.402698125050965,0.152198064637737,2.64588203542187,0.00814782246206458,0.0170816681216408,0.0746912047717478,0.228697182939296,0.819104284460016,-0.00706775012602648,0.149847955027551,-0.0471661433399409,0.962380811177182,-0.00287000842895378,0.152585528213714,-0.0188091784493088,0.984993331775299,-0.00419774169707271,0.219834355455312,-0.0190950212871802,0.984765303144499
0,"",641827.471115955,0,0.980460375807359,0.992755282123069,0.947918017090878,6.99869271444777e-09,1.73376015654964e-06,7.53626788817654e-05,0.414325132412406,0.150218822718278,22.9492593894466,2.7581439190842,0.0112074476919812,0.000917343551162857,0.0374551191594054,85708.6648073822,0.0244918070413481,0.980460375807359,-0.000969121220574333,0.106177171917382,48.051187879857,-0.00912739718975018,0.992755282123069,0.00724530567763349,0.110431107194059,57.1138602371164,0.0656092822188357,0.947918017090878,0.413407788861244,0.154879489657764,2.66922230809739,0.00760271112179366,0.415242475963569,0.154756276071674,2.68320281738528,0.0072920752379986,-0.00183468710232571,0.0749102383188108,-0.0244918070413481,0.980460318790182,-0.00821442689820784,0.151827088541722,-0.0541038294095359,0.956852441290819,0.00627618445705917,0.15455024338351,0.0406093469648255,0.967607332504648,-0.014490611355267,0.220862214388118,-0.0656092822188357,0.947688898896749
0,"",642001.462314158,0,0.824795654980159,0.984887941013483,0.914048286396869,5.71901926717323e-07,7.54736140522407e-06,0.000211197069602095,0.421098627735523,0.155151404095733,23.2960531985274,2.7141141918103,0.0122938988963222,-0.00830013958311037,0.0374924131263334,85696.3246304071,-0.221381844778634,0.824795654980159,-0.00197575107389584,0.103767569461347,48.033334876862,-0.0190401595040905,0.984887941013483,0.0123837693455698,0.114214718072249,55.652149782,0.108425337422241,0.914048286396869,0.429398767318634,0.159677147579224,2.68916857439219,0.00716302364078499,0.412798488152413,0.159557159070938,2.58715115358055,0.00967731301469345,0.0166002791662207,0.0749848262526668,0.221381844778634,0.82479512751176,-0.0143595204194657,0.152952445369863,-0.0938822546101966,0.925202690340084,0.010408018271674,0.155663001538122,0.066862505340584,0.946691162615184,-0.0247675386911397,0.228429436144499,-0.108425337422241,0.913658303254308
0,"",642011.911836468,0,0.896350629359802,0.901823958378978,0.775651980892877,1.98053678664955e-07,0.000319207774134868,0.00147761494529985,0.424853642568564,0.162523200964549,24.2703681003761,2.6141107241743,0.0151342000254402,0.00488442207607757,0.0374936979725034,85689.3440189942,0.130273148294405,0.896350629359802,-0.0128630901644627,0.103726733817587,48.1611789727029,-0.124009401347618,0.901823958378978,0.0327795453688665,0.11446018815327,55.4234391344089,0.286383815173993,0.775651980892877,0.419969220492486,0.166849468041205,2.51705459671452,0.0118340489726911,0.429738064644641,0.166734494011288,2.57737948702772,0.00995525889368535,-0.00976884415215514,0.0749873959450067,-0.130273148294405,0.896350323564434,-0.0456426355333293,0.153107817641556,-0.298107805573875,0.765620884291441,0.0199164552044038,0.155816353885378,0.127820056802605,0.898291377226635,-0.0655590907377332,0.22892037630654,-0.286383815173993,0.774584169446063
0,"",642225.874795863,0,0.75953013401505,0.723247935857642,0.95064107246174,1.09448373549654e-06,0.00266801817126748,6.90605630479077e-05,0.434305591356173,0.165709147471537,25.4453411623617,2.62089086802387,0.0145923979457557,0.0114900336193224,0.0375370045436904,85607.8490946312,0.306098841902763,0.75953013401505,-0.0358361824208371,0.100598463581068,47.4364023860984,-0.35622991788496,0.723247935857642,0.00673822893215888,0.108366728043173,55.9808507516439,0.0621798688013759,0.95064107246174,0.422815557736851,0.16996392057291,2.48767830438151,0.0128579981258251,0.445795624975495,0.169851000100674,2.62462761309186,0.0086743779963831,-0.0229800672386448,0.0750740090873807,-0.306098841902763,0.759529389663023,-0.0425744113529961,0.146447869996734,-0.290713762883308,0.771270244752698,-0.0290979534886783,0.149264257666492,-0.194942539785333,0.845437931066556,-0.0134764578643178,0.216733456086347,-0.0621798688013759,0.950419593832887
0,"",642483.90737676,0,0.639565591911855,0.744083611740687,0.671466339043347,2.56336094723041e-06,0.00224207454019012,0.00324022238187319,0.453563789329626,0.167800504578696,25.6058763027809,2.70299419223087,0.0120338593586538,0.0176043145745621,0.0375913228795221,85556.3297224889,0.468307929225658,0.639565591911855,-0.0328324367186912,0.0999953173478266,47.9757800542619,-0.328339742194986,0.744083611740687,-0.0442524397089052,0.103785923136458,55.9259306637709,-0.426381905865231,0.671466339043347,0.435959474755064,0.172015474812259,2.53442008767454,0.0112633613931374,0.471168103904188,0.171903781838877,2.74088271278294,0.00612743758371587,-0.0352086291491242,0.0751826457590443,-0.468307929225658,0.639564398884042,0.0114200029902141,0.142668831626689,0.0800455352441378,0.936201040245889,-0.0770848764275967,0.145556748891401,-0.529586412273534,0.596398717241851,0.0885048794178107,0.207571846272916,0.426381905865231,0.669829583922057
0,"",642488.926368067,0,0.131194591268984,0.781059655479394,0.763817609051094,2.66197634427998e-05,0.00160568461641356,0.0016346283943028,0.463922513610146,0.170033975463216,24.3568102469675,2.72841067408029,0.0116284073261373,0.0567442478053193,0.0375933548174945,85586.5985516943,1.50942229233856,0.131194591268984,-0.0281604347651876,0.100758414835366,48.5688601528128,-0.27948469426797,0.781059655479394,-0.0319092734436517,0.105678511370036,55.6840644957962,-0.301946659069796,0.763817609051094,0.407178265804827,0.174195396308759,2.33748006223488,0.0194142364482322,0.520666761415465,0.174085008491122,2.99087650297021,0.00278177969339897,-0.113488495610639,0.0751867096349889,-1.50942229233856,0.131190899780637,0.00374883867846413,0.144579691639469,0.0259292203210144,0.979313793431975,-0.0600697082088395,0.147435153937184,-0.407431379862314,0.683691183529718,0.0638185468873036,0.211357022740072,0.301946659069796,0.762692725953577
0,"",642533.086383312,0,0.0232524686185391,0.861276128973587,0.885514829676274,6.01647815985533e-05,0.000655796882332682,0.000376688643989249,0.489390401904539,0.168570908219913,24.0112662997693,2.90317236273114,0.00779951726085422,0.0853339116614326,0.0376036009040973,85588.6081231308,2.26930159904273,0.0232524686185391,-0.0176801761535815,0.100621524951583,47.0475633299296,-0.175709682019715,0.861276128973587,-0.0154847712554569,0.107053504600892,55.5215596675704,-0.144645159569375,0.885514829676274,0.404056490243107,0.172769852155004,2.33869789898645,0.0193510739784545,0.574724313565972,0.172658454714562,3.32867750100106,0.000872593816248771,-0.170667823322865,0.0752072018081947,-2.26930159904273,0.0232499913706615,-0.0021954048981246,0.145491215055658,-0.015089604532375,0.987960694400683,-0.0331649474090386,0.148332715890525,-0.223584845797036,0.823080356474419,0.030969542510914,0.214107009201785,0.144645159569375,0.884991039965649
0,"",642570.390263713,0,0.177780028878252,0.918718697504049,0.85950488304914,2.12074729574287e-05,0.000239004589192779,0.000581351415080942,0.530875634564369,0.168383747642418,23.2150603300813,3.15277241418658,0.00441985661348156,0.0506900419264658,0.0376141303877557,85633.7804700064,1.34763296144065,0.177780028878252,0.0106200006528417,0.10347393644214,44.0633075436273,0.102634547577883,0.918718697504049,-0.0197173720802664,0.110867719109138,54.3746598481439,-0.177845925204402,0.85950488304914,0.480185592637903,0.172589644616112,2.78223872414809,0.0053985313998018,0.581565676490835,0.172477920677255,3.3718268066269,0.000746713892112082,-0.101380083852932,0.0752282607755114,-1.34763296144065,0.177776463617184,0.0303373727331082,0.150262628940757,0.201895660597481,0.839998294564825,-0.00909737142742467,0.153029917566476,-0.0594483194665043,0.952595027715143,0.0394347441605329,0.221735438218277,0.177845925204402,0.858843979125945
0,"",642664.436805564,0,0.335744409415469,0.849966152015218,0.925189448534384,1.08109337342809e-05,0.000856300666124404,0.000167233075760221,0.546752650383666,0.166390106635713,22.8166189743925,3.28596850761507,0.00326130507188211,0.0362309916703691,0.0376381638992184,85710.8266312422,0.962613154227789,0.335744409415469,0.0204907744719647,0.107662373130115,42.2659390080375,0.190324380526154,0.849966152015218,-0.0112054602903617,0.11877111515375,53.2160850532768,-0.094344995210798,0.925189448534384,0.510521658713297,0.170650666770402,2.99161830642107,0.00277502989506094,0.582983642054035,0.170537233080386,3.41851237717241,0.000629644540435605,-0.0724619833407382,0.0752763277984368,-0.962613154227789,0.335741693738765,0.0316962347623265,0.158976258843607,0.199377158532254,0.841967726642046,0.00928531418160307,0.161623259123919,0.0574503585185341,0.954186448915112,0.0224109205807234,0.2375422303075,0.094344995210798,0.924835108278512
0,"",642746.577485766,0,0.379225242499456,0.83317599050613,0.960502027434517,9.02003016584351e-06,0.00106982852988125,4.68858668166277e-05,0.536405648805728,0.16348160747526,23.5272065955698,3.28113759761572,0.00320968778272084,0.0331128730328384,0.0376569672965255,85721.771615283,0.879329255914181,0.379225242499456,0.0223528143496832,0.105464833319123,41.9440185056315,0.211945666116462,0.83317599050613,0.00638508285648433,0.128319677574657,52.806118122768,0.0497591871891158,0.960502027434517,0.50329277577289,0.16782044957304,2.99899551606101,0.00270871293139,0.569518521838567,0.167704689983421,3.39596061323549,0.000683881996949731,-0.0662257460656768,0.075313934593051,-0.879329255914181,0.379222777599291,0.0159677314931989,0.164809303091686,0.0968861052965911,0.922816843258738,0.0287378972061676,0.167378119998468,0.171694467630719,0.863677735418051,-0.0127701657129687,0.256639355149314,-0.0497591871891158,0.960314290274575
0,"",643007.768132136,0,0.607153853581379,0.834205758420224,0.919276428571336,3.08587171437937e-06,0.00107678316412156,0.00019727820593896,0.52753404846578,0.161093884314962,24.5169492042709,3.27469941338291,0.00314474028580244,0.0193896477150034,0.0377126116772107,85661.8423887261,0.514142268399841,0.607153853581379,0.0209743408609074,0.09957328582166,41.1618434257067,0.210642248950922,0.834205758420224,-0.0137725079434009,0.135245444808883,52.5552340872814,-0.101833433006657,0.919276428571336,0.508144400750776,0.165508254937892,3.0702057788082,0.00213911331893496,0.546923696180783,0.165390383135812,3.30686516235754,0.000943462936772575,-0.0387792954300069,0.0754252233544215,-0.514142268399841,0.607152527290944,0.0347468488043085,0.166673431788649,0.208472630769188,0.834859950644166,0.00720183291750654,0.169210833924853,0.0425612991228735,0.966051246343328,0.0275450158868019,0.270490889617767,0.101833433006657,0.918888887882581
0,"",643245.829503949,0,0.944908102067817,0.838778334146245,0.93017331605909,5.57786152505314e-08,0.00100872323348457,0.000146758168120412,0.524215429082329,0.159922360366429,26.5924791861833,3.27793704320771,0.00291279196944998,0.00260951465820724,0.0377628938089523,85609.3489334427,0.0691026135711192,0.944908102067817,0.019600179011817,0.0957335535864275,41.5127388859949,0.204736774908519,0.838778334146245,-0.0120310541987257,0.13664548100819,52.8142109716326,-0.0880457524826938,0.93017331605909,0.521605914424122,0.164379923440824,3.17317287601669,0.00150782712799881,0.526824943740536,0.164260877136283,3.20724540697201,0.0013401262126954,-0.00521902931641448,0.0755257876179046,-0.0691026135711192,0.944907940674818,0.0316312332105428,0.165565220543007,0.191049986868024,0.848486430498505,0.0075691248130913,0.168112936060959,0.0450240474673924,0.964088141280246,0.0240621083974515,0.273290962016381,0.0880457524826938,0.929840312092097
0,"",643377.706161437,0,0.948457372472063,0.758295518049226,0.958255490073809,4.87876179441366e-08,0.00217210725508676,5.21638772919821e-05,0.517974784518021,0.157366629378592,28.7658016344989,3.29151603845997,0.00264062136358363,0.00244308417107973,0.0377927306861825,85654.5975790352,0.064644288113665,0.948457372472063,0.0302850268278582,0.0978074351380357,44.0439801724819,0.309639311010629,0.758295518049226,0.00712106210543256,0.135404726490285,53.0187370939281,0.0525909419117914,0.958255490073809,0.515531700346941,0.161901635878602,3.18422786495807,0.00145140710704318,0.5204178686891,0.161780571668008,3.21681313969553,0.00129622992737642,-0.00488616834215947,0.0755854613723651,-0.064644288113665,0.948457221616071,0.0231639647224257,0.165752867768304,0.139750008758854,0.888857512792647,0.0374060889332909,0.168307621559343,0.222248336627477,0.824120567696571,-0.0142421242108652,0.27080945298057,-0.0525909419117914,0.958057834291539
0,"",643551.063230441,0,0.837755099483432,0.706327262344489,0.918141438698587,4.89537860189186e-07,0.00330335639002275,0.000201558594578041,0.503802246620186,0.156132680978323,29.8348732283619,3.22675716232742,0.00303468555038656,0.00774649972935821,0.0378309060218486,85650.7238081188,0.20476643421874,0.837755099483432,0.0370432409185026,0.0976665831580896,43.4043771437001,0.379282654524137,0.706327262344489,-0.0141797602339889,0.137311391691751,52.8975759760465,-0.103267180233822,0.918141438698587,0.496055746890827,0.160711644106671,3.08661982551541,0.00202446333545656,0.511548746349544,0.160589384731234,3.18544558350282,0.00144531282431512,-0.0154929994587164,0.0756618120436972,-0.20476643421874,0.837754612918769,0.0512230011524917,0.167228568125206,0.306305326456784,0.759372184079456,0.0228634806845137,0.16976738647631,0.13467534111862,0.892868570478668,0.028359520467978,0.274622783383503,0.103267180233822,0.917750922705199
0,"",643700.698266238,0,0.688109643379373,0.617327380473258,0.963426140326275,1.88199560739083e-06,0.00596913258502802,3.9499944779309e-05,0.49408615396106,0.154805957410815,29.4393968027077,3.19164819122485,0.00335359961173736,0.0151991689926688,0.0378632141974217,85621.9881680587,0.401423104584285,0.688109643379373,0.0486278695083996,0.0966060960257914,42.193938571643,0.503362329178659,0.617327380473258,-0.00616430649149744,0.133806237106219,53.7281749935886,-0.0460689025026843,0.963426140326275,0.478886984968391,0.159430740370981,3.00373054690748,0.00266691404803124,0.509285322953729,0.159307419485844,3.19687133592031,0.00138926880095874,-0.0303983379853376,0.0757264283948434,-0.401423104584285,0.688108641558759,0.0547921759998972,0.163736791279249,0.334635701431638,0.737899910225063,0.0424635630169023,0.166324853636839,0.255304977508767,0.798487555809002,0.0123286129829949,0.267612474212438,0.0460689025026843,0.963255331889094
0,"",643769.723207563,0,0.557238952139876,0.610091617333411,0.740029121645019,4.02292405464118e-06,0.00619998871964487,0.00204886645769484,0.495432531621973,0.154221512349719,30.5245993722934,3.21247356528648,0.00309747160533275,0.0222329075843341,0.0378787191189771,85636.3946380984,0.586949825692376,0.557238952139876,0.0499170978613594,0.097160050405437,42.3088568190631,0.51376154760173,0.610091617333411,0.0450447657382291,0.13505864952468,54.1800601519553,0.333520036641548,0.740029121645019,0.473199624037639,0.158867083677211,2.97858822032067,0.00289579654145095,0.517665439206307,0.158743170533273,3.26102494656805,0.00111010273242846,-0.0444658151686682,0.0757574382379543,-0.586949825692376,0.557237404832945,0.00487233212313038,0.165084557992013,0.0295141603938881,0.976454525500488,0.0949618635995888,0.167657141586682,0.566405121194863,0.57111841420849,-0.0900895314764584,0.27011729904936,-0.333520036641548,0.738741767355062
0,"",644099.821332458,0,0.250084893704039,0.431135315358457,0.67983882933391,1.54583918668491e-05,0.0149889926745857,0.00318906048977467,0.496963980613027,0.154911626676111,32.2950712299007,3.20804830002901,0.00301293889705109,0.0436475245100762,0.0379493858718212,85573.3836586333,1.15015101054603,0.250084893704039,0.0746487885003037,0.0938982632158551,41.533549225967,0.794996477503526,0.431135315358457,0.0557756523745373,0.134420117083024,53.8159259612475,0.414935305703445,0.67983882933391,0.453316456102951,0.159554126881755,2.84114529008017,0.00449518276678155,0.540611505123103,0.15943028736716,3.39089588340327,0.000696645609117857,-0.0872950490201524,0.0758987717436423,-1.15015101054603,0.250081679578092,0.0188731361257665,0.162659985995095,0.116028143063627,0.907630237486184,0.130424440874841,0.165266549486614,0.789176280862605,0.430008983031039,-0.111551304749075,0.268840234166048,-0.414935305703445,0.678189263342733
0,"",644436.913539015,0,0.0973465010409797,0.142994315967375,0.579177902194144,3.2161577575813e-05,0.0523710127629262,0.0057072301667175,0.477987262728248,0.155401591396929,33.5927407281387,3.07581961311688,0.00415490419749094,0.0630334674330802,0.0380206542790625,85457.8401976668,1.65787434825371,0.0973465010409797,0.133438360744893,0.0893263916697481,40.3784067582209,1.49382907168391,0.142994315967375,0.074178031558825,0.132948623964295,54.2340215384518,0.557945086958901,0.579177902194144,0.414953795295168,0.160047007999117,2.59269948550027,0.00952259379403465,0.541020730161328,0.159923121378813,3.38300506829029,0.000716973091230533,-0.12606693486616,0.0760413085581249,-1.65787434825371,0.0973428307298373,0.0592603291860684,0.158835025195346,0.373093586337057,0.709078791982367,0.207616392303719,0.161494633027441,1.2855931396088,0.198585092253892,-0.148356063117651,0.265897247928592,-0.557945086958901,0.576881882366417
0,"",644411.189157107,0,0.08058969166603,0.0770589344934636,0.564862151024265,3.57547121145725e-05,0.075953971463173,0.00608007861612991,0.459679432558001,0.155849515588593,32.7658896471646,2.94950825366341,0.00583365963775158,0.066420495984826,0.0380133164398642,85385.454176604,1.7472954797275,0.08058969166603,0.15860855491153,0.0874010769596692,40.0647803528975,1.81472082986711,0.0770589344934636,0.0750266341224198,0.129546888297743,54.8301148840245,0.579146555415386,0.564862151024265,0.393258936573175,0.160480153301228,2.45051446227754,0.0142652231884317,0.526099928542827,0.160356751863859,3.28080933560864,0.00103509690403992,-0.132840991969652,0.0760266328797284,-1.7472954797275,0.080586096788156,0.0835819207891103,0.154909529639375,0.539553124870282,0.589505250786369,0.23363518903395,0.157625272940553,1.48221909263284,0.13828200797377,-0.15005326824484,0.259093776595487,-0.579146555415386,0.562490288987695
0,"",644560.768842653,0,0.26625042386238,0.144667717651111,0.80992140750035,1.45088140166053e-05,0.0519489931747207,0.00105376170457306,0.44713590503984,0.155613027196486,31.523931205513,2.87338350198188,0.00720918007437806,0.0422925954558833,0.0380415918394924,85186.9557318553,1.11174620752799,0.26625042386238,0.122440779449392,0.0823165750188503,40.3768240774045,1.4874377295381,0.144667717651111,0.0297585039605105,0.12313214439669,55.3705716103569,0.241679409599484,0.80992140750035,0.404843309583957,0.160257204383193,2.52620973354765,0.0115300624471353,0.489428500495723,0.160133638968072,3.05637531033255,0.00224030638958213,-0.0845851909117665,0.0760831836789849,-1.11174620752799,0.266247286320333,0.0926822754888816,0.146682237378703,0.63185752511802,0.527479980314713,0.152199283409903,0.149530626463948,1.01784689203184,0.308750723467402,-0.0595170079210211,0.246264288793381,-0.241679409599484,0.809028585429935
0,"",644635.325594561,0,0.720160686425312,0.272057165073739,0.927296938685665,1.50753550892507e-06,0.0295981554136501,0.000151822395546811,0.431577176956418,0.155731531168571,31.7802514208465,2.77128962720631,0.00925251737328437,0.0136335456636645,0.0380564606109882,85131.9613721849,0.358245234706037,0.720160686425312,0.0898245712228094,0.0806724027936434,40.6468867881464,1.11344856620395,0.272057165073739,0.0112503786497683,0.12273647765853,55.3331236635745,0.0916628769571536,0.927296938685665,0.417943631292754,0.160375859817737,2.6060258181483,0.0091599556817181,0.445210722620083,0.160252274793241,2.77818660106072,0.00546632164229886,-0.0272670913273291,0.0761129212219765,-0.358245234706037,0.72015979816881,0.0785741925730414,0.145433672325522,0.540275104909475,0.5890073242752,0.101074949872578,0.148302413988979,0.681546221358807,0.495525930383835,-0.0225007572995366,0.245472955317061,-0.0916628769571536,0.926965893072243
0,"",644905.120716151,0,0.70821528535966,0.506929406504855,0.984952248884343,1.64695038844351e-06,0.0109779833545838,6.53346420096733e-06,0.430346162159774,0.15792650465683,30.432279676532,2.72497743868203,0.0105588681728656,-0.014264444189669,0.0381142031082389,85046.1754623589,-0.374255343845442,0.70821528535966,0.0525657100323663,0.0785044051732095,40.3924696245001,0.669589304146526,0.506929406504855,0.00236404509919666,0.124773339951182,54.9441628262606,0.0189467165030735,0.984952248884343,0.444610606349443,0.162521874865084,2.73569700520949,0.0062248313131806,0.416081717970105,0.162399467036494,2.56208795239828,0.0104044966213896,0.028528888379338,0.0762284062164779,0.374255343845442,0.708214352303467,0.0502016649331698,0.145979285946726,0.343895811022741,0.730924642276672,0.0549297551315631,0.148837844860874,0.369057716355061,0.712084705076229,-0.00472809019839333,0.249546679902364,-0.0189467165030735,0.984883611838331
0,"",645300.658017824,0,0.143906041628207,0.792399911003681,0.953707187959808,2.50748238428864e-05,0.00165276907036557,6.07448141769755e-05,0.431321960962258,0.157357706046599,30.1319103871203,2.74102852538108,0.0101999605571855,-0.0558315186398629,0.0382038129562633,85171.9677723888,-1.46141220782806,0.143906041628207,0.0214092905577237,0.0808318655318419,42.3749100318663,0.264862012238106,0.792399911003681,0.00714713681955273,0.122565585321355,55.9746665454227,0.0583127539497618,0.953707187959808,0.487153479602121,0.161990550438613,3.00729566189561,0.00263583263532729,0.375490442322395,0.161867289845371,2.31974256615463,0.0203548076893512,0.111663037279726,0.0764076259125266,1.46141220782806,0.143902352479712,0.014262153738171,0.145367184250979,0.0981112333685102,0.921843967625503,0.0285564273772765,0.14825858532979,0.192612301768257,0.847262609919957,-0.0142942736391055,0.245131170642712,-0.0583127539497618,0.953499508620119
0,"",645380.188787023,0,0.0662343131563629,0.839496098402985,0.830731137322082,3.94682828973638e-05,0.000912388228332754,0.000802751668694705,0.439397648695802,0.158321029826184,27.5775241826363,2.77535870742,0.00978638794685238,-0.0702209903734397,0.0382288591978725,85484.1997536533,-1.83685811836487,0.0662343131563629,0.0184157086075903,0.0904052199752477,45.4374295721692,0.203701828419116,0.839496098402985,0.0259062664689428,0.12064012762496,57.3979118651603,0.214740045281441,0.830731137322082,0.509618639069242,0.162932348005502,3.12779288648091,0.00176124242851608,0.369176658322362,0.162809822477032,2.26753308065577,0.0233576804283707,0.140441980746879,0.076457718395745,1.83685811836487,0.0662308434801353,-0.00749055786135245,0.149324477960543,-0.0501629603107115,0.959992527764799,0.0443219750765332,0.152172562132898,0.291261279006562,0.77085149911009,-0.0518125329378857,0.241280255249921,-0.214740045281441,0.829969999199512
0,"",645248.843786595,0,0.0672056897156331,0.890611556689972,0.642617871443275,3.91373010891439e-05,0.000399957347509173,0.00365830512655245,0.457638770785047,0.157445209045975,25.9974124055606,2.90665415326429,0.00737381584736014,-0.069923344786523,0.0382028133854909,85594.4931092527,-1.83031925112299,0.0672056897156331,0.0133145315259016,0.0962967358104793,47.7794597823805,0.13826565785268,0.890611556689972,0.0546586513238903,0.117185020942234,59.2518614171899,0.46643035845711,0.642617871443275,0.52756211557157,0.162075131695236,3.25504665677886,0.00113373738916038,0.387715425998524,0.161952305603121,2.39400991887485,0.016665298104019,0.139846689573046,0.0764056267709819,1.83031925112299,0.0672022143559873,-0.0413441197979888,0.150248723535352,-0.275171188314694,0.783184721216539,0.0679731828497921,0.153088543000343,0.444012213570023,0.657033753642005,-0.109317302647781,0.234370041884469,-0.46643035845711,0.640907485448043
0,"",645129.633809922,0,0.0461024564665996,0.823779536757364,0.710605121797837,4.65184203457516e-05,0.00104931663051387,0.00228906709672304,0.48939567461825,0.159486058775534,25.4045975602032,3.06857965125993,0.00506036635190288,-0.0761359199515755,0.0381732593954477,85509.733049686,-1.99448307944736,0.0461024564665996,0.0209554257870444,0.0935867460611997,47.7311366407407,0.223914460850481,0.823779536757364,0.0413825727029038,0.111007355258716,60.5728029015859,0.372791267807947,0.710605121797837,0.565531594569826,0.164051302642902,3.44728499840592,0.000566250904315455,0.413259754666675,0.163930386000941,2.52094663319039,0.0117039601085345,0.152271839903151,0.0763465187908955,1.99448307944736,0.0460992872988497,-0.0204271469158595,0.143711913700825,-0.142139551202304,0.886969777977033,0.0623379984899484,0.146659843788827,0.425051581124739,0.670799073351313,-0.0827651454058078,0.222014710517432,-0.372791267807947,0.709303802424545
0,"",645341.578683785,0,0.0326514292050452,0.735162898085874,0.873138065947885,5.34273113541332e-05,0.00248650043394591,0.000426413025494999,0.514818519126401,0.162093235769466,24.4338098523373,3.17606417493319,0.00401188851755031,-0.0816474597155908,0.0382176985322857,85422.0068630739,-2.13637824492797,0.0326514292050452,0.0317395747530681,0.0932687805559133,46.4579297321859,0.340302237939529,0.735162898085874,0.0166872973105243,0.104065075067161,60.2762621255889,0.160354444560337,0.873138065947885,0.596465978841992,0.166597208196904,3.58028796099043,0.000343215761441373,0.43317105941081,0.166478194811327,2.60196874372485,0.00926902995974215,0.163294919431182,0.0764353970645714,2.13637824492797,0.0326485958284286,0.0150522774425438,0.138205723276379,0.108912113664372,0.913272198488211,0.0484268720635926,0.141267082520646,0.342803653898033,0.731746176928022,-0.0333745946210488,0.208130150134323,-0.160354444560337,0.872601873143466
0,"",645747.272637608,0,0.0436475486932626,0.748942192794989,0.980662238513088,4.76611813124647e-05,0.00228832156702697,9.76111447455893e-06,0.538584630871231,0.161805496443821,23.3815901150134,3.32859292612614,0.00287721295882992,-0.0772847591017572,0.0383073857028397,85395.932311879,-2.01748977863629,0.0436475486932626,0.0307779536330848,0.0955857192834787,45.2044780388521,0.321993220993677,0.748942192794989,-0.00241820084687577,0.0993558965548543,60.6867387209935,-0.0243387753593536,0.980662238513088,0.615869389972989,0.166338005458304,3.70251758325532,0.000213470560652952,0.461299871769474,0.16621858168625,2.77526054602134,0.00551575001132182,0.154569518203514,0.0766147714056795,2.01748977863629,0.0436444266371543,0.0331961544799606,0.136303940730937,0.243545082423475,0.807583165466499,0.0283597527862091,0.139419093253166,0.203413694096486,0.838811697213433,0.00483640169375155,0.198711793109709,0.0243387753593536,0.980582384019082
0,"",646159.549887337,0,0.0454465717286586,0.985197157670533,0.954239427022713,4.68708679204234e-05,7.81193595224873e-06,5.4140743002509e-05,0.564842712341884,0.163272542265737,23.6593407047468,3.45950828292098,0.0020662912024853,-0.0768178007760876,0.0383987865334457,85381.8158791501,-2.00052677990692,0.0454465717286586,-0.00176998087973671,0.0948640241665325,44.5627512569349,-0.0186580834545826,0.985197157670533,-0.00575790768362081,0.0999306100511475,61.3175215781813,-0.0576190586715496,0.954239427022713,0.641660513117971,0.167786623527216,3.82426500771612,0.00013116277763119,0.488024911565796,0.167667613735188,2.91066891627966,0.00360655960589126,0.153635601552175,0.0767975730668915,2.00052677990692,0.0454434111405077,0.00398792680388412,0.136212739458011,0.0292771940403816,0.976643515623562,-0.00752788856335754,0.139343853190122,-0.0540238294766144,0.95691617878496,0.0115158153672417,0.199861220102296,0.0576190586715496,0.954052068268217
0,"",646406.391038516,0,0.0329913284919834,0.940994795015027,0.828348302467608,5.32268422203821e-05,0.000125094726022788,0.000793193029583154,0.596520149178608,0.16467454178531,25.2157293122609,3.62241875830635,0.00128467388284909,-0.0819944964281927,0.038454927243687,85410.5659429751,-2.13222341856474,0.0329913284919834,0.00696615144435097,0.0935796847886154,44.292412509621,0.0744408517734017,0.940994795015027,-0.0229956275164253,0.105594617932485,59.7425092170598,-0.217772723332625,0.828348302467608,0.6785146456068,0.169164325026928,4.0109795342416,6.04673522923827e-05,0.514525652750415,0.169045566109324,3.04370983866956,0.00233680408161886,0.163988992856385,0.0769098544873739,2.13222341856474,0.0329884841511014,0.0299617789607763,0.139549991631124,0.214702835955555,0.829999011370306,-0.0160294760720743,0.142620339778874,-0.112392636961371,0.910512093191773,0.0459912550328507,0.21118923586497,0.217772723332625,0.827606198133378
0,"",646723.709672606,0,0.12155786981783,0.871173653372743,0.769024981427691,2.80799301778567e-05,0.000607031785327051,0.00149945129817138,0.624397756555568,0.165147646819935,25.293566997368,3.78084561650682,0.000855060243122902,-0.0596483463186014,0.0385254790540263,85367.4878678601,-1.54828305275461,0.12155786981783,0.0147434326120269,0.0903836182965471,43.8069108388421,0.163120628382612,0.871173653372743,-0.0327530494721597,0.111015908647244,57.9627510430146,-0.295030233695904,0.769024981427691,0.68404610287417,0.169641265281633,4.03230960190339,5.52313580914811e-05,0.564749410236967,0.16952214217221,3.33141973668115,0.000864042128038255,0.119296692637203,0.0770509581080526,1.54828305275461,0.121554162886327,0.0474964820841867,0.141630666922959,0.335354504190981,0.737357683209033,-0.0180096168601329,0.144665873810158,-0.124491121408263,0.900926429785174,0.0655060989443196,0.22203181729449,0.295030233695904,0.767970783954052
0,"",646737.587421547,0,0.372581586802458,0.752086055521319,0.811398785841851,9.30396375287549e-06,0.00210484639865466,0.000998110326540375,0.654537219329299,0.164789332372065,24.6517111303169,3.97196353615579,0.000543514991840067,-0.0343557038892388,0.0385303618732026,85451.4576914878,-0.891652769893468,0.372581586802458,0.0288213820437774,0.0907156019863398,47.8553101869813,0.317711412510027,0.752086055521319,-0.027899160174919,0.11638178122644,57.5175027331114,-0.239721027474537,0.811398785841851,0.688892923218538,0.169293680325535,4.06921818873489,4.71711572611309e-05,0.620181515440061,0.169174098198445,3.66593658275378,0.000246434995107783,0.0687114077784776,0.0770607237464053,0.891652769893468,0.372579076137885,0.0567205422186966,0.146077766380502,0.388290043201724,0.697801404754965,0.000922221868858451,0.149028068026293,0.00618824279930773,0.995062528124831,0.0557983203498381,0.23276356245288,0.239721027474537,0.810546532613796
0,"",646506.822830187,0,0.715417288859772,0.542871291904468,0.813200770855581,1.55447483244173e-06,0.00705479905740892,0.000995621323245854,0.712502091665688,0.165102003823932,23.797777427566,4.31552661484057,0.000240534024367913,-0.0140293378989987,0.0384796114764624,85512.307135067,-0.364591464432542,0.715417288859772,0.0549855856524904,0.0897801781704565,52.7931307327705,0.612446831505445,0.542871291904468,-0.0292012946293534,0.123002150880651,56.5525253582705,-0.237404747968086,0.813200770855581,0.726531429564687,0.169586473222741,4.28413549593919,1.83451093679379e-05,0.698472753766689,0.169467201640868,4.12158073658926,3.76281551652736e-05,0.0280586757979974,0.0769592229529248,0.364591464432542,0.715416387300214,0.084186880281844,0.150848893088833,0.558087491117801,0.576784641917924,0.0257842910231371,0.153703059439443,0.167753921861886,0.866776873707118,0.058402589258707,0.246004301761303,0.237404747968086,0.812342806665466
0,"",646556.6270268,0,0.472521822749732,0.402422961189493,0.858961788636127,6.03653931559186e-06,0.0126522079426873,0.000558124797290501,0.731746493691353,0.167700566186748,23.6795563183435,4.36341099097123,0.000215113826361035,0.0276500376811132,0.0384891570550613,85491.7092840211,0.718385119257302,0.472521822749732,0.0739716494973687,0.0876692500874651,55.5571375004296,0.84375820967522,0.402422961189493,-0.0221515210692718,0.124097422320522,57.056852200034,-0.178501057113485,0.858961788636127,0.70409645601024,0.172119540496483,4.09074096978911,4.29997178144223e-05,0.759396531372466,0.172001901151148,4.41504731221046,1.009879008339e-05,-0.0553000753622264,0.0769783141101225,-0.718385119257302,0.472519859529637,0.0961231705666407,0.150506209339516,0.63866581311475,0.523040357175212,0.0518201284280971,0.15336236899984,0.337893374796207,0.735443540387923,0.0443030421385437,0.248194844641045,0.178501057113485,0.858329491071693
0,"",646783.295536528,0,0.135792260239686,0.372266577805215,0.966166209767921,2.60470486567992e-05,0.0142787361548239,3.15865213976597e-05,0.725166869035982,0.17079002312774,24.7227410554286,4.2459556814604,0.000268074697864933,0.0574839927015693,0.0385369534323367,85421.906723168,1.49165898135928,0.135792260239686,0.0767457080487739,0.0853236860057384,55.8513060481111,0.899465454922006,0.372266577805215,-0.00516875621968958,0.121325559637073,57.4581944104887,-0.0426023686612378,0.966166209767921,0.667682876334412,0.175141713438453,3.81224360105993,0.000137711052733461,0.782650861737551,0.175025820305128,4.47163087350843,7.7625331322491e-06,-0.114967985403139,0.0770739068646735,-1.49165898135928,0.135788567466838,0.0819144642684637,0.146854853177373,0.557792013652598,0.576986416841258,0.0715769518290845,0.149778829371717,0.477884305340955,0.632732552593768,0.0103375124393792,0.242651119274147,0.0426023686612378,0.966018507287642
0,"",647093.907109524,0,0.0549931739789793,0.677167356219182,0.849032001995351,4.31169176543467e-05,0.00321879745333676,0.000634165404845108,0.692627409583638,0.166622221092256,26.5138925352284,4.1568729851473,0.000300535290359179,0.0740842478530895,0.0386065288937033,85401.1674710367,1.91895645570904,0.0549931739789793,0.0357543100271188,0.0854158691308256,54.2607590698074,0.418590952605731,0.677167356219182,0.0230034195532245,0.120303445505074,57.616997245966,0.191211643661979,0.849032001995351,0.618543161730549,0.171095839831752,3.61518528059358,0.000300132890277814,0.766711657436728,0.17097681381445,4.48430193738895,7.31530176896259e-06,-0.148168495706179,0.0772130577874065,-1.91895645570904,0.0549898448611296,0.0127508904738943,0.146060437737232,0.0872987283307588,0.930434064808262,0.0587577295803434,0.149009824936283,0.394321177180555,0.693343930153596,-0.0460068391064491,0.240606891010148,-0.191211643661979,0.848359781599384
0,"",647281.394143821,0,0.0290110299231602,0.995621307423733,0.892520579361195,5.58063400625817e-05,5.81055711877076e-07,0.000317848575946607,0.663846019938689,0.162334326976649,30.5374522662357,4.08937550241103,0.000290963276481107,0.0843866532326789,0.0386496650431699,85417.7798319101,2.18337346878486,0.0290110299231602,-0.000481650506899622,0.0873475433768195,52.3292639496584,-0.00551418492471815,0.995621307423733,0.0161023246586248,0.118651917695484,57.9254347456972,0.135710614471068,0.892520579361195,0.57945936670601,0.166933007904444,3.47120904355659,0.000518120480675031,0.748232673171368,0.16681076559322,4.48551788915103,7.27370431214452e-06,-0.168773306465358,0.0772993300863398,-2.18337346878486,0.0290083181272359,-0.0165839751655244,0.145846099344087,-0.11370873297337,0.909468689515343,0.0156206741517252,0.148810809821322,0.104970023148729,0.91639959533923,-0.0322046493172496,0.237303835390969,-0.135710614471068,0.892050056223913
0,"",647467.599242464,0,0.0464654807762904,0.625636794686757,0.96976113514863,4.64863799239395e-05,0.00476645905404961,2.50931661242405e-05,0.637841485283129,0.16083699378839,34.0092064495078,3.96576353648044,0.000357052654481308,0.0770342987593132,0.0386879735305833,85284.5547543363,1.99116913421212,0.0464654807762904,-0.0412706880137965,0.0840727679816211,50.3155081269934,-0.490892461430776,0.625636794686757,-0.00441966319131388,0.116085376117659,57.7639606373882,-0.038072523336913,0.96976113514863,0.560807186523816,0.165486362068966,3.38884231614265,0.000701883599558098,0.714875784042442,0.165362812333241,4.32307466204563,1.53869632071649e-05,-0.154068597518626,0.0773759470611667,-1.99116913421212,0.0464622959744006,-0.0368510248224827,0.141802393655072,-0.259875901052286,0.794959500941116,-0.0456903512051105,0.144845334348856,-0.315442340000172,0.752425823802972,0.00883932638262779,0.232170752235318,0.038072523336913,0.96962985862206
0,"",647500.037011865,0,0.0645679759103686,0.455229635547266,0.931544994707131,4.01334068573804e-05,0.0113215947254828,0.000129086614264086,0.634235853870044,0.161856950112656,35.1578980410072,3.91849626122699,0.000392868433254478,0.0715107802329419,0.0386908328526523,85114.4737682888,1.84826158964525,0.0645679759103686,-0.0609290588518949,0.0809531726378777,49.4684879186149,-0.752645719327699,0.455229635547266,0.00961587373454373,0.111453258946519,57.6573509156489,0.0862771876339471,0.931544994707131,0.562725073637102,0.166478472991441,3.38016719835023,0.000724417466792199,0.705746634102986,0.166355714430383,4.24239489770174,2.21147117135018e-05,-0.143021560465884,0.0773816657053045,-1.84826158964525,0.064564509447009,-0.0705449325864388,0.136163000051985,-0.518091791158433,0.604394227347767,-0.0513131851173513,0.139320233981712,-0.368311074786789,0.712641295574101,-0.0192317474690875,0.222906517893039,-0.0862771876339471,0.931246072475953
0,"",647711.939681103,0,0.118285911774667,0.591189931668558,0.874667091014518,2.86529158817546e-05,0.0061508266948052,0.000450718543810403,0.653076984819781,0.163258960654662,35.9973976485634,4.00025200577639,0.000301289949765311,0.0605132917503326,0.0387402938789149,85151.9240155077,1.56202459226227,0.118285911774667,-0.0450849292125611,0.0833680617817944,47.2552826364395,-0.540793779403981,0.591189931668558,0.0175727883278473,0.110896850319576,55.6854479091764,0.158460662112648,0.874667091014518,0.592563693069448,0.167853423585144,3.53024490304107,0.000415175166851225,0.713590276570113,0.167731408503228,4.25436287060322,2.09645089350856e-05,-0.121026583500665,0.0774805877578298,-1.56202459226227,0.118282195575157,-0.0626577175404086,0.137155005820854,-0.456838721747055,0.647786971513629,-0.027512140884714,0.140303936688865,-0.196089586179783,0.844540047057573,-0.0351455766556946,0.221793700639153,-0.158460662112648,0.87409381606083
0,"",647913.236355411,0,0.36384948096878,0.744146186190144,0.917959882708915,9.68396933128057e-06,0.00230359272849966,0.000193674906320141,0.663550301896182,0.161134701209461,37.7908259582181,4.11798511999985,0.000200100457819543,0.0352198955589609,0.0387858997084014,85147.2794222568,0.908059264416958,0.36384948096878,-0.0277639468244464,0.084566522855466,46.6829367821261,-0.328308955919805,0.744146186190144,0.0112096789186127,0.108331402868983,55.2739036646552,0.103475803153494,0.917959882708915,0.628330406337221,0.16579878734559,3.78971653771829,0.000150819290900363,0.698770197455143,0.1656750977511,4.217714109968,2.46791442180104e-05,-0.0704397911179218,0.0775717994168028,-0.908059264416958,0.363846910988666,-0.0389736257430592,0.135827141738613,-0.286935477285243,0.774161725189533,-0.0165542679058338,0.139015707162791,-0.119081996154926,0.905210394227615,-0.0224193578372255,0.216662805737967,-0.103475803153494,0.917585352679186
0,"",648184.252741493,0,0.632277321968569,0.923777609615876,0.958689075848408,2.68855386569663e-06,0.000191954176597976,4.84585552537157e-05,0.683801544818763,0.161299301778832,38.4560919857843,4.23933356981526,0.000135650580358438,0.0185892550616909,0.0388469322130569,85170.7766625955,0.478525690516246,0.632277321968569,0.00812301681492656,0.0844575683018976,48.1810898658809,0.0961786726547756,0.923777609615876,-0.00566311525633489,0.108839802403854,55.8655146574249,-0.0520316569054556,0.958689075848408,0.665212289757073,0.165973245404116,4.00794892054677,6.12483626547971e-05,0.702390799880454,0.165849267720524,4.23511547282843,2.28434289401478e-05,-0.0371785101233817,0.0776938644261139,-0.478525690516246,0.632276093632176,0.0137861320712615,0.136160533591693,0.101249104330057,0.919352717344438,0.00245990155859167,0.139350909410685,0.0176525691076908,0.985916019113316,0.0113262305126698,0.217679604807708,0.0520316569054556,0.958503469006593
0,"",648473.062563416,0,0.311376043768612,0.858504698694917,0.722392118920127,1.20237281611383e-05,0.000649748928819717,0.00219768191720827,0.691018874008852,0.168770262907523,39.3219118187637,4.094435015412,0.00020415715673174,0.0393927091056305,0.038912339868988,85233.9536956297,1.01234490750903,0.311376043768612,0.0156651215978333,0.0874113617266775,49.3973808865368,0.179211503955468,0.858504698694917,0.0376841577560404,0.105558514665782,57.8643073775434,0.356997802359719,0.722392118920127,0.651626164903221,0.173257586179582,3.76102529922013,0.000169218312004757,0.730411583114482,0.173138535580999,4.21865404292261,2.45765035076709e-05,-0.078785418211261,0.077824679737976,-1.01234490750903,0.311373170050392,-0.0220190361582071,0.135431535561639,-0.162584261242357,0.870845779807599,0.0533492793538738,0.138654215695496,0.384764928251705,0.700411585588985,-0.0753683155120809,0.211117029331565,-0.356997802359719,0.721093450946081
0,"",648764.820734646,0,0.0978660655352699,0.789546502932747,0.472472050686072,3.21137092402558e-05,0.00150290320433902,0.00895167485925032,0.707921209060958,0.172505176939765,40.3349848808553,4.10376790783589,0.000192274990843935,0.0645249766986137,0.0389806876617894,85320.2859395224,1.65530627008061,0.0978660655352699,0.0239889418043211,0.0893782452063465,47.8601802918327,0.268397994936442,0.789546502932747,0.0793082318861914,0.109663838047359,57.9028826350138,0.723194020000845,0.472472050686072,0.643396232362345,0.176913130503884,3.63679185671421,0.000276054822517189,0.772446185759572,0.176795940051028,4.36913984301124,1.24736873996732e-05,-0.129049953397227,0.0779613753235788,-1.65530627008061,0.0978623877197785,-0.0553192900818704,0.139895164663588,-0.395433896624655,0.692522697278823,0.103297173690513,0.143033559302124,0.722188374494145,0.470178669874566,-0.158616463772383,0.219327676094719,-0.723194020000845,0.469560692248226
0,"",649126.903943847,0,0.0852063221279531,0.535570721123423,0.438413942913822,3.46868596579011e-05,0.00804624341095932,0.0106020536048758,0.713119401592634,0.171282607137588,43.3746483739119,4.16340814464482,0.000146195169365544,0.0672422717737508,0.0390656068207568,85411.3444221142,1.72126525724471,0.0852063221279531,0.0568798615038235,0.0911511483826472,48.0055037527283,0.624016948914842,0.535570721123423,0.0902590338657459,0.115662469537384,56.8299728177173,0.780365785260819,0.438413942913822,0.645877129818883,0.175740466405248,3.67517591725018,0.000237685582589109,0.780361673366385,0.175621737708954,4.44342302693546,8.85388409426326e-06,-0.134484543547502,0.0781312136415137,-1.72126525724471,0.0852027009030708,-0.0333791723619225,0.145737213930309,-0.22903671246168,0.818840382016012,0.14713889536957,0.148772786146374,0.989017542662697,0.322654558739051,-0.180518067731492,0.231324939074768,-0.780365785260819,0.435175601003771
0,"",649552.40945017,0,0.259588062475922,0.427348549950926,0.360642789068023,1.48781070256376e-05,0.0130212230823095,0.0147820403250455,0.714293458194821,0.171252849586011,44.6082903940916,4.17098728530103,0.000137915993048189,0.0441507971095657,0.0391625532078004,85424.2081617082,1.12737279603036,0.259588062475922,0.0736481608023751,0.0920084404564368,48.565124602973,0.800450050419508,0.427348549950926,0.106022171232555,0.115040081684799,56.6099749063978,0.921610708892302,0.360642789068023,0.670142661085255,0.175733323625886,3.81340685567356,0.000137064196777828,0.758444255304386,0.175614028760702,4.31881359739129,1.56870202308021e-05,-0.0883015942191314,0.0783251064156007,-1.12737279603036,0.259584895905945,-0.0323740104301805,0.14577526421674,-0.22208164467496,0.824250326519355,0.179670332034931,0.148825802067657,1.20725257004328,0.227334890535277,-0.212044342465112,0.230080163369598,-0.921610708892302,0.356731670593269
0,"",649600.14751357,0,0.412681805293337,0.390469057157033,0.258450142454638,7.846657834495e-06,0.0151761424223031,0.022887680506933,0.708320353559855,0.174712259165667,44.0783025227966,4.05421094628629,0.000201608831835903,0.0320927828114561,0.0391763645079666,85522.102210279,0.81918736499733,0.412681805293337,0.0826492439026216,0.0953840216984014,48.7218395945617,0.866489401798904,0.390469057157033,0.137179161682283,0.120148993836383,55.6517363521066,1.14174207625152,0.258450142454638,0.676227570748399,0.179109374594935,3.77550070886977,0.000159686570348575,0.740413136371311,0.178992050130378,4.13656995286658,3.52535917577936e-05,-0.0641855656229121,0.0783527290159332,-0.81918736499733,0.412679522548264,-0.0545299177796617,0.151928392089675,-0.35891854728164,0.719656024137197,0.219828405584905,0.154872684187879,1.41941367348051,0.155778448341927,-0.274358323364567,0.240297987672766,-1.14174207625152,0.25356124559088
0,"",649731.128009198,0,0.927174213264695,0.446057350271739,0.256174649100655,9.7658245304213e-08,0.0123413774132021,0.0232746913371903,0.709526546277451,0.175119942923034,43.2363482449116,4.05166044731577,0.000207712683100357,-0.00358361293961704,0.0392076073751448,85544.5905548098,-0.0914009596486836,0.927174213264695,0.0736025369347008,0.0957834685724468,47.2549897992169,0.768426306038717,0.446057350271739,0.1451352927542,0.126494220471221,55.2450297167925,1.14736698810062,0.256174649100655,0.713110159217068,0.179514087094069,3.97244679100524,7.11381298681113e-05,0.705942933337834,0.179396639616475,3.93509563416038,8.31635742851352e-05,0.00716722587923408,0.0784152147502897,0.0914009596486836,0.927173999253426,-0.0715327558194999,0.15723140524944,-0.454952086105295,0.649143709635829,0.218737829688902,0.160089995102968,1.36634290948796,0.171831358837281,-0.290270585508402,0.252988440942443,-1.14736698810062,0.251229978829688
0,"",650171.284832296,0,0.389366766268676,0.439846828906992,0.253367704452,8.66515188376719e-06,0.0127975524631237,0.0231071446650804,0.709845912528669,0.169803570534962,42.3149030286148,4.18039450108331,0.00014303108134598,-0.0338348113632516,0.0393075785312085,85505.6858453161,-0.860770686660034,0.389366766268676,0.0729941112612097,0.0936915219473817,46.8224751273361,0.779089823113388,0.439846828906992,0.147123030656691,0.127487575459563,56.3023148964688,1.15401857887992,0.253367704452,0.743680723891921,0.174354568028758,4.2653354729958,1.99602057716662e-05,0.676011101165418,0.17423306574908,3.87992427418436,0.000104488990484739,0.0676696227265032,0.0786151570624171,0.860770686660034,0.389364352688719,-0.0741289193954814,0.156768528071152,-0.472855874246881,0.636316007872073,0.220117141917901,0.159643336751502,1.3788056952263,0.167954670285679,-0.294246061313383,0.254975150919126,-1.15401857887992,0.248492552057719
0,"",650387.950551908,0,0.345346132987424,0.496148081427676,0.291944929444395,1.04071046811383e-05,0.00991764080530438,0.0195906971450597,0.697383627620968,0.167591866718334,42.5195611855035,4.16120209934195,0.000150896864572181,-0.0371417471175399,0.0393592510009895,85565.0806694439,-0.943659906450104,0.345346132987424,0.065979195678557,0.0961935656923975,46.9661471607817,0.685900301165065,0.496148081427676,0.138448405398633,0.130148020027948,56.6315329731467,1.06377650131675,0.291944929444395,0.734525374738508,0.172213318796639,4.26520654657311,1.9971735599702e-05,0.660241880503428,0.172089923261174,3.83660976768179,0.000124744452971441,0.0742834942350799,0.078718502001979,0.943659906450104,0.345343468554569,-0.0724692097200764,0.160418601348854,-0.451750664266678,0.651448614977484,0.204427601077191,0.163246104813877,1.25226633315549,0.21047283224612,-0.276896810797267,0.260296040055898,-1.06377650131675,0.287429958895497
0,"",650399.271335596,0,0.781955711267266,0.536967387223477,0.294115958256889,8.94554176156249e-07,0.00831650407004523,0.0193728324789229,0.697800715182123,0.167270688190295,43.0717728469376,4.1716855638704,0.000143712289195539,-0.0108949513671914,0.0393643296168095,85632.3448818018,-0.276772181140841,0.781955711267266,0.0628297343046417,0.101003457619204,46.141344514468,0.622055281924288,0.536967387223477,0.13727763664834,0.1296377011336,56.7607000729548,1.05893297588537,0.294115958256889,0.708695666549314,0.171901954221719,4.12267370524036,3.74500006715944e-05,0.686905763814931,0.171778302711447,3.99879235603343,6.36665040895044e-05,0.0217899027343827,0.0787286592336189,0.276772181140841,0.781955043253482,-0.074447902343699,0.1629341827836,-0.456920095414088,0.647728479456468,0.200107370952983,0.16573387129105,1.20740177849082,0.227277450961752,-0.274555273296682,0.2592754022672,-1.05893297588537,0.289630305027897
0,"",650342.510083508,0,0.871230752711083,0.417023713601169,0.273132217010297,3.06706072618458e-07,0.0143876840443809,0.0210724672525854,0.699175330105715,0.165777454737396,43.4104302881881,4.21755377541091,0.000123261962062336,0.00637892744940257,0.0393528104561876,85668.5290187799,0.162095854792998,0.871230752711083,0.0843426194949647,0.102984561427168,45.9478455083505,0.818983140056511,0.417023713601169,0.146403667897071,0.132302548691963,56.8856401133493,1.10658237006408,0.273132217010297,0.692796402656312,0.170446643926956,4.06459397905895,4.81161488044483e-05,0.705554257555118,0.17032192446675,4.14247466827357,3.43578327436467e-05,-0.0127578548988051,0.0787056209123753,-0.162095854792998,0.871230370425215,-0.0620610484021068,0.166277746397772,-0.373237247596823,0.708971876290427,0.230746287392037,0.169030410335979,1.36511700429163,0.172216278378977,-0.292807335794143,0.264605097383927,-1.10658237006408,0.268474533091767
0,"",650307.732417502,0,0.899356811289246,0.458600235899143,0.27924956288883,1.86557185175247e-07,0.0117069152888565,0.0205058553288418,0.690284868565533,0.162214990208993,43.9606801290822,4.25537040489408,0.000107645165341381,0.00497651644251957,0.0393480541692469,85741.7422588596,0.126474270395029,0.899356811289246,0.0807704169951019,0.108084549563926,47.1433778521523,0.747289203877661,0.458600235899143,0.151027230107435,0.13825173508046,57.002419360404,1.09240748421378,0.27924956288883,0.685308352123013,0.166982776656766,4.10406609498216,4.05951402390549e-05,0.695261385008053,0.166855317957853,4.16685181819422,3.08835105917861e-05,-0.00995303288503914,0.0786961083384939,-0.126474270395029,0.899356514732529,-0.0702568131123331,0.174154884973571,-0.403415690136943,0.686642446146018,0.231797647102537,0.17680978551605,1.31100010345013,0.189857728659858,-0.30205446021487,0.276503470160921,-1.09240748421378,0.274654034842744
0,"",650356.713323097,0,0.914929465121182,0.527549941850479,0.353547451321994,1.33075446349455e-07,0.00832176113098068,0.0150577534049459,0.698707042371659,0.15646419460512,45.479878893524,4.46560341894858,5.23699352352901e-05,-0.00420455876926611,0.0393599653299569,85749.8661264112,-0.106823233557729,0.914929465121182,0.0690391974158563,0.108491085682095,48.2568417403338,0.636358249913343,0.527549941850479,0.128442946708787,0.137323317525969,57.2245692983452,0.935332389450157,0.353547451321994,0.702911601140925,0.161404858345328,4.3549593757397,1.33091598049929e-05,0.694502483602393,0.16127297923376,4.30637845783039,1.65949042525909e-05,0.00840911753853223,0.0787199306599138,0.106823233557729,0.91492921522389,-0.0594037492929313,0.173671798961533,-0.342046029626773,0.732316252433902,0.197482144124644,0.176335262109145,1.11992429513281,0.262746024196071,-0.256885893417576,0.274646635051939,-0.935332389450157,0.349617028260719
0,"",650327.461398817,0,0.855101671026294,0.556456741424991,0.326272947085972,3.88869860001152e-07,0.0070322793021912,0.016620642411303,0.720174319136894,0.15371260471572,45.6803032796843,4.68520015303107,2.537147994473e-05,0.00718648059397664,0.0393534870299378,85755.4284442863,0.18261356581971,0.855101671026294,0.0649884388394062,0.109753248907693,49.5081226386655,0.592132255638867,0.556456741424991,0.130681887420385,0.131998060460917,57.9921190988042,0.990028845606245,0.326272947085972,0.712987838542918,0.158737208349463,4.49162389811758,7.06821624207787e-06,0.727360799730871,0.158603348846209,4.58603683353598,4.51738939646804e-06,-0.0143729611879533,0.0787069740598756,-0.18261356581971,0.85510123935223,-0.065693448580979,0.170306049162878,-0.385737611223373,0.699691004793783,0.195670326259792,0.173015539305022,1.13094076431384,0.258080024271802,-0.261363774840771,0.263996120921835,-0.990028845606245,0.322160020047313
0,"",650408.385802152,0,0.289837908494082,0.422179507066689,0.321838150423924,1.30643985672272e-05,0.0127539158423184,0.016697143692468,0.713725764295505,0.152338199479495,44.5863458973347,4.68513981873322,2.64563614575284e-05,0.0416747828309869,0.0393721494466295,85757.7436269033,1.05848381195136,0.289837908494082,0.0902122174140039,0.111482506966203,50.6872974342787,0.809205137819088,0.422179507066689,0.127010566569698,0.127124172263847,58.7852739525625,0.999106340736572,0.321838150423924,0.672050981464518,0.157411308693609,4.2693945374193,1.96004298183209e-05,0.755400547126492,0.157276400775099,4.80301267961171,1.56295983851345e-06,-0.0833495656619738,0.078744298893259,-1.05848381195136,0.289834927124547,-0.0367983491556942,0.167702395312945,-0.219426497081487,0.826317831241568,0.217222783983703,0.170451505340308,1.27439639532673,0.202522969178992,-0.254021133139397,0.254248344527695,-0.999106340736572,0.317743179866103
0,"",650389.659745851,0,0.100737719546877,0.333499502638458,0.484772893814429,3.14085629324383e-05,0.0181451442895041,0.00841653138388539,0.729623114113879,0.152176471086881,44.0104092642427,4.79458558148137,1.89350795183658e-05,0.0646154809637263,0.0393683492587482,85766.3732889683,1.64130531709728,0.100737719546877,0.10940977909297,0.112071840595248,51.5710696582283,0.976246829817922,0.333499502638458,0.0904220417591559,0.128598471228736,58.2469430888453,0.703134655452661,0.484772893814429,0.665007633150152,0.157253858298212,4.22887959854728,2.34857985299502e-05,0.794238595077605,0.157118791371231,5.05501976018277,4.30346209181532e-07,-0.129230961927453,0.0787366985174964,-1.64130531709728,0.100734052928012,0.0189877373338142,0.169210335046454,0.112213815595847,0.91065387509559,0.199831820852127,0.171939498158556,1.16222172910991,0.245145410505951,-0.180844083518312,0.257196942457472,-0.703134655452661,0.481971836846247
0,"",650459.36011731,0,0.0500031160843449,0.244699620053622,0.657665097406488,4.47914682940862e-05,0.0262545356752167,0.00346818256985338,0.733860102778427,0.153290390856313,45.5853809397789,4.78738490181236,1.8172608991757e-05,0.0771911084825819,0.0393839221320743,85759.4277901624,1.95996498834526,0.0500031160843449,0.131384827343735,0.11164567725584,51.3626839994076,1.17680174076657,0.244699620053622,0.0573400268715635,0.128717324566895,57.0204964315325,0.445472488373262,0.657665097406488,0.656668994295845,0.158336005790412,4.14731312071288,3.36399851973749e-05,0.811051211261008,0.158201718616175,5.12669026831977,2.94880035099824e-07,-0.154382216965164,0.0787678442641487,-1.95996498834526,0.0499998826651844,0.0740448004721718,0.169018403582555,0.438087207680941,0.661323067269267,0.188724854215299,0.171751544498308,1.09882478650524,0.271844498523688,-0.114680053743127,0.257434649133791,-0.445472488373262,0.655978337289383
0,"",650607.217327139,0,0.0352705433415487,0.130958677400881,0.886325143525179,5.16918914496111e-05,0.0438743137195812,0.000368764376936611,0.738367040711005,0.15512773773451,46.6962595746012,4.75973576031044,1.9078020091047e-05,0.0829826139547739,0.0394165769995083,85737.6419282238,2.10527195082945,0.0352705433415487,0.17076962063463,0.111260732995361,51.338366146468,1.53485974824335,0.130958677400881,0.0178358483858087,0.124196752910068,55.9059353593065,0.143609619155856,0.886325143525179,0.655384426756231,0.160123535927855,4.09299246958622,4.25841555424609e-05,0.821349654665779,0.159990675840596,5.1337345151546,2.84048701497934e-07,-0.165965227909548,0.0788331539990166,-2.10527195082945,0.0352676422566709,0.152933772248822,0.165345471379967,0.924934750086846,0.354999849373643,0.188605469020439,0.16813221991717,1.12176874315557,0.261960779360972,-0.0356716967716176,0.248393505820136,-0.143609619155856,0.885808744412601
0,"",650618.300017951,0,0.0559708464017372,0.0606580331954414,0.964975702808702,4.26206972008282e-05,0.0669781257776793,3.51856223506484e-05,0.738735335646995,0.154343634312304,47.2875735715472,4.78630258344322,1.70720856601925e-05,0.0753390143791947,0.0394179182804396,85706.4365875024,1.91128851207194,0.0559708464017372,0.208339685426296,0.108609451858868,51.2587013963256,1.9182463575732,0.0606580331954414,-0.00540457906307735,0.122525292021714,55.2957481154056,-0.0441099055868363,0.964975702808702,0.6633963212678,0.159364309955567,4.16276593832561,3.14415620484265e-05,0.81407435002619,0.159230889531438,5.11254036463486,3.17855038939185e-07,-0.150678028758389,0.0788358365608793,-1.91128851207194,0.0559675145508978,0.213744264489374,0.162312969455288,1.31686497515686,0.187883888555274,0.202935106363219,0.165140607915761,1.22886253674648,0.219123349681091,0.0108091581261547,0.245050584043428,0.0441099055868363,0.964816796954777
0,"",650810.826650647,0,0.0654942989586705,0.106317921318249,0.876818219028575,3.96014116662452e-05,0.0497686889971078,0.000441801017345791,0.744320256489875,0.153766839795351,47.4331677175199,4.84057718478505,1.41493051638123e-05,0.0726817380071151,0.039460353711478,85664.4820967297,1.84189271435684,0.0654942989586705,0.172464950272442,0.104924152630327,51.5850540565638,1.64371068003834,0.106317921318249,0.0188815804195338,0.121246448081623,54.8681111799146,0.155728936544373,0.876818219028575,0.671638518482759,0.158816394084045,4.2290251101365,2.34706151611936e-05,0.81700199449699,0.158682305382515,5.14866476465382,2.62347277994056e-07,-0.14536347601423,0.078920707422956,-1.84189271435684,0.0654908445316139,0.153583369852909,0.158895750284694,0.966566881604655,0.333760597347548,0.191346530691976,0.161776693304903,1.18278181351712,0.23689563002291,-0.0377631608390676,0.242492896163247,-0.155728936544373,0.876246687365958
0,"",651148.355661782,0,0.0649719631386822,0.130761469977921,0.691322076713644,3.97658783068239e-05,0.0434811470187918,0.00288614447320552,0.741938849133924,0.154469749994072,49.2185874123457,4.80313361782741,1.50249707562483e-05,0.072964144629154,0.0395367891492801,85642.3051514202,1.84547471352975,0.0649719631386822,0.160104298463304,0.104274474046027,51.8611938763587,1.53541218911,0.130761469977921,0.0474615626665578,0.118904539461325,55.0444935458612,0.399156860466167,0.691322076713644,0.66897470450477,0.159516198123287,4.19377287307044,2.74352690581616e-05,0.814902993763078,0.159382261419594,5.11288387117147,3.17277363105734e-07,-0.145928289258308,0.0790735782985603,-1.84547471352975,0.0649685135438211,0.112642735796747,0.156680457536372,0.71893290055397,0.472182263713844,0.207565861129863,0.15960621889627,1.30048730284602,0.193434005263457,-0.0949231253331159,0.23780907892265,-0.399156860466167,0.68977762766535
0,"",651326.076689678,0,0.12221927672418,0.118340255189923,0.798168837443764,2.78882437801721e-05,0.0463021377873724,0.00120750030449102,0.724978197453251,0.154800011607813,49.6060422053722,4.68332133779156,2.22526274059712e-05,0.0611695159474932,0.0395780739547663,85650.0258323102,1.54554049339045,0.12221927672418,0.173440428742266,0.109214844519725,51.9454005304048,1.58806643460396,0.118340255189923,0.0290932256218138,0.113217198718432,54.6194047935128,0.256968251742104,0.798168837443764,0.663808681505758,0.159846254523415,4.1527947181804,3.28439349439712e-05,0.786147713400744,0.159712585535178,4.9222652727489,8.55481435900791e-07,-0.122339031894986,0.0791561479095326,-1.54554049339045,0.122215582136281,0.144347203120453,0.15582792351201,0.926324370287381,0.354277434676881,0.20253365436408,0.158775599360131,1.27559684976971,0.202098068282191,-0.0581864512436278,0.226434397436865,-0.256968251742104,0.79720328172137
0,"",651567.491723783,0,0.173193508503135,0.221116025826235,0.920164158640357,2.1651158706661e-05,0.0293312295760647,0.000188319282970232,0.703331083301695,0.156523996345154,50.7726678981412,4.49343934300507,4.07254016184086e-05,0.0539837699220008,0.0396349269729988,85680.0573774836,1.36202521475004,0.173193508503135,0.140848632958619,0.113697947601485,50.7856260000105,1.23879661796797,0.221116025826235,-0.0114203584940994,0.113411785554952,53.8352224902009,-0.100698163230716,0.920164158640357,0.649347313379694,0.161530541153185,4.01996618561375,5.82064952381413e-05,0.757314853223696,0.161397837689308,4.69222428296425,2.70250616728259e-06,-0.107967539844002,0.0792698539459975,-1.36202521475004,0.173189927746147,0.152268991452719,0.159132213150473,0.956870946731171,0.338632397113938,0.12942827446452,0.162036574639609,0.798759630363613,0.424429802868537,0.0228407169881989,0.226823571109904,0.100698163230716,0.919790069493277
0,"",651587.0465583,0,0.171326382987118,0.24323523783951,0.845327530959291,2.1827436587726e-05,0.0268380406398343,0.000701532072968773,0.692593587700858,0.155747303936246,52.0450269052861,4.44690579032023,4.60206833064643e-05,0.054228223144484,0.0396415065178147,85731.0676788938,1.36796574873143,0.171326382987118,0.137610722066649,0.116547028397965,50.551780396306,1.18073128039575,0.24323523783951,-0.0230603848969055,0.11764839928985,54.7278955811688,-0.196011038281037,0.845327530959291,0.638365364556374,0.160779808473435,3.97043242318483,7.17423030222439e-05,0.746821810845343,0.160646184617215,4.64886117665887,3.33772753888026e-06,-0.108456446288968,0.0792830130356293,-1.36796574873143,0.171322797528295,0.160671106963555,0.164180330783743,0.978625796382329,0.327764908398557,0.114550337169744,0.167013563375736,0.685874457465687,0.492792278474616,0.046120769793811,0.2352967985797,0.196011038281037,0.844601526287835
0,"",651748.603206285,0,0.352786434130917,0.141251155725751,0.744854178364472,1.00692785912139e-05,0.0428201079236816,0.0019497526707803,0.680993302266733,0.153183126483041,52.2831179720779,4.44561563601542,4.59378194232671e-05,0.03687068240722,0.0396798941608846,85746.9361847484,0.929203143983337,0.352786434130917,0.173024248005432,0.115748719643216,49.9490644568535,1.49482645284339,0.141251155725751,-0.0399709275013946,0.122205261879583,54.7622801244772,-0.32708024913674,0.744854178364472,0.644122619859513,0.158307022057152,4.06881900429516,4.72520344182953e-05,0.717863984673953,0.158170841961699,4.53853552128011,5.66462547603064e-06,-0.07374136481444,0.0793597883217692,-0.929203143983337,0.352783818404093,0.212995175506827,0.166914302374252,1.27607504256438,0.20192899301904,0.133053320504038,0.169715644308707,0.783977935834948,0.433053057047908,0.0799418550027894,0.244410523759167,0.32708024913674,0.743607189867083
0,"",651880.384327037,0,0.898530448073177,0.083716059004903,0.504396226345973,1.89567045992196e-07,0.0591191011532131,0.00813648333066464,0.657265556564319,0.14900868424942,51.9962410946008,4.41092114781811,5.20039488953225e-05,-0.00506407556719204,0.0397125237109829,85779.2917734547,-0.12751835174332,0.898530448073177,0.20778775506612,0.117724258606602,49.580945371567,1.76503770357546,0.083716059004903,-0.0858235633993732,0.127714189675616,55.0490663563651,-0.671997086755657,0.504396226345973,0.662329632131511,0.15427991087477,4.29303872666305,1.7624425084147e-05,0.652201480997127,0.154139722793804,4.23123559051415,2.32411087162158e-05,0.0101281511343841,0.0794250474219659,0.12751835174332,0.898530149160814,0.293611318465494,0.17232128245808,1.70385987312345,0.0884072691399098,0.121964191666747,0.175057722565871,0.696708433533138,0.485985279861104,0.171647126798747,0.255428379351232,0.671997086755657,0.501585550949505
0,"",652181.515023905,0,0.517270449914565,0.0958357717455489,0.56406293114341,4.88842633408947e-06,0.0543545547729815,0.00593958460766894,0.62696340501577,0.144676948004772,51.3235014876548,4.33354044070029,6.84764031798292e-05,-0.0257618308675072,0.0397828433840146,85780.9025091455,-0.647561327349938,0.517270449914565,0.198733245489079,0.117085623878296,50.1217578095064,1.6973325922203,0.0958357717455489,-0.0748397720995299,0.128979691972171,56.3480574521575,-0.5802446180107,0.56406293114341,0.652725235883277,0.150119251844777,4.34804482344604,1.37356536316117e-05,0.601201574148263,0.149974658022444,4.0086877481547,6.10570859778081e-05,0.0515236617350144,0.0795656867680293,0.647561327349938,0.517268716920841,0.27357301758861,0.172823124860519,1.58296534569319,0.113429363211133,0.12389347338955,0.175561317020172,0.705699156809781,0.480375245453029,0.14967954419906,0.257959383944342,0.5802446180107,0.561749668926184
0,"",652543.540614601,0,0.33350703329248,0.160182047791376,0.852444320067512,1.0908635920141e-05,0.039530581187188,0.000611265948821962,0.571692133298048,0.143297046261463,50.3920499440735,3.98955978656341,0.000214622474153273,-0.038552632111187,0.0398650091512329,85733.2222948917,-0.967079474757745,0.33350703329248,0.161200423350581,0.113050613157607,49.4011266645414,1.42591374649023,0.160182047791376,-0.0232710329342184,0.124546925972339,57.0781044104937,-0.186845502227705,0.852444320067512,0.610244765409235,0.148812009785521,4.10077631697042,4.11766434867173e-05,0.533139501186861,0.148665768041501,3.58616181929679,0.000335580765933867,0.0771052642223739,0.0797300183024657,0.967079474757745,0.333504305307857,0.1844714562848,0.166784931370163,1.10604390198407,0.268707517723157,0.137929390416363,0.16960997163136,0.813215102211954,0.416094742184143,0.046542065868437,0.249093851944678,0.186845502227705,0.851781769476457
0,"",652670.142594957,0,0.206136744060548,0.187116163097268,0.780279084201978,1.86498286388159e-05,0.0357857368770527,0.00138390467523108,0.518896870109263,0.140319582947743,49.4256324138755,3.69796474026371,0.000545384387989067,-0.0504366997321347,0.0398939458246971,85703.0721447795,-1.26426951983554,0.206136744060548,0.148516417705381,0.110985346294911,48.2482132237645,1.33816240308646,0.187116163097268,0.0344404973826573,0.122876653209191,56.6881738356384,0.280285119126935,0.780279084201978,0.569333569841397,0.14595505463677,3.90074582383094,9.58967946363328e-05,0.468460170377128,0.145805852317945,3.21290375475191,0.00131400314171423,0.100873399464269,0.0797878916493942,1.26426951983554,0.206133305782585,0.114075920322724,0.164140518004392,0.694989401213363,0.487061943733929,0.182956915088038,0.167005174594791,1.09551644451707,0.273290445153907,-0.0688809947653148,0.245753306418384,-0.280285119126935,0.779258766640579
0,"",652903.769573413,1,0.121942261775197,0.165392654929784,0.708514071554758,2.79082294366049e-05,0.0398878517533479,0.00250953254564285,0.499307889701017,0.137754204060788,50.6366158090239,3.62462904929336,0.000670868445655538,-0.0617884381502317,0.0399488778918237,85715.7954134481,-1.54668770215641,0.121942261775197,0.155332314810997,0.110264427520677,47.7676737873138,1.40872553645525,0.165392654929784,0.0473258671817614,0.125948019701788,56.1216454775053,0.375757136109141,0.708514071554758,0.561096327851248,0.143506002681049,3.90991538589726,9.23284570846543e-05,0.437519451550785,0.143353738552507,3.05202679726788,0.00227301807649472,0.123576876300463,0.0798977557836474,1.54668770215641,0.121938569968306,0.108006447629236,0.165966821499168,0.650771320759296,0.515194115964927,0.202658181992759,0.16881146124595,1.20050013486641,0.229945160293762,-0.0946517343635231,0.251896039403576,-0.375757136109141,0.707097456800836
0,"",653096.776754017,1,0.110877576844241,0.140820985873173,0.5917904932251,2.96511906461579e-05,0.0447642049735467,0.005119895858432,0.476768153852039,0.134559916706524,50.6909066782824,3.54316623792115,0.000859443116609568,-0.0637618820682315,0.0399942175649863,85718.1582348547,-1.59427752185989,0.110877576844241,0.166384011580949,0.111105136916842,47.8558039877714,1.49753662340097,0.140820985873173,0.0672768037079414,0.124745792584641,56.5182238817818,0.539311204923352,0.5917904932251,0.54053003592027,0.140455617332024,3.84840454363963,0.000118889606292934,0.413006271783807,0.140299810424976,2.94374076866381,0.00324271486301058,0.127523764136463,0.0799884351299725,1.59427752185989,0.110873889980155,0.0991072078730082,0.165616236167086,0.598414806221183,0.549563188755538,0.233660815288891,0.168472522245052,1.38693724160561,0.165460900529635,-0.134553607415883,0.249491585169283,-0.539311204923352,0.589672138629535
0,"",653250.505907178,1,0.171983597735287,0.151159134285696,0.59331352470819,2.17553621428565e-05,0.0415943391006217,0.00506665715975908,0.442783481087233,0.130582591665619,50.7247217260962,3.39083085608427,0.00135703806295987,-0.0546781637623274,0.0400317709739775,85751.6471046284,-1.36586921917271,0.171983597735287,0.167458908378238,0.114837457467802,48.9964389466579,1.45822549602502,0.151159134285696,0.0669765937271678,0.124704261153888,56.6442711511916,0.537083441314947,0.59331352470819,0.497461644849561,0.136661111119845,3.64011122676524,0.000272520294563824,0.388105317324906,0.136500742028514,2.84324694179197,0.0044656455984636,0.109356327524655,0.080063541947955,1.36586921917271,0.171980015523905,0.10048231465107,0.168104787808029,0.597736185633321,0.550015976597726,0.234435502105406,0.170933814943768,1.3714986831747,0.170219553734271,-0.133953187454336,0.249408522307776,-0.537083441314947,0.59120997817245
0,"",653406.52303869,1,0.321554167665051,0.161787146851901,0.564217552127395,1.14579833434445e-05,0.0394686793941479,0.00589171952855504,0.442646168670859,0.127839312541408,50.8055248892538,3.46251993906401,0.00109459699089618,-0.0397191211122551,0.0400687251637077,85758.0796154879,-0.991274889579735,0.321554167665051,0.162556761929462,0.114438036770692,49.1052829002432,1.42047842235523,0.161787146851901,0.0735688130592813,0.126845222900016,56.7584979220147,0.579988835032998,0.564217552127395,0.482365289783115,0.13405350211482,3.59830427533298,0.000320298760865475,0.402927047558604,0.133889669897871,3.00939607862168,0.00261767613330651,0.0794382422245103,0.0801374503274155,0.991274889579735,0.321551370847466,0.0889879488701807,0.169424941653716,0.525235233971991,0.599419674252372,0.236125574988744,0.172240351865076,1.37090741183409,0.170403820550353,-0.147137626118563,0.253690445800033,-0.579988835032998,0.5619221470274
0,"",653487.483782489,1,0.209362479945353,0.186317878177996,0.638239459166208,1.83790021766477e-05,0.0359004453509113,0.00387652889368246,0.440907374317969,0.126897177239872,50.8472014786986,3.47452468138458,0.0010552907810856,-0.0503222816167335,0.0400869009153498,85740.4525180955,-1.25532980768449,0.209362479945353,0.151990549843211,0.113372776404896,48.2655938255852,1.34062651249183,0.186317878177996,0.0588123751791765,0.124425417048237,57.4102417766605,0.472671714303969,0.638239459166208,0.491229655934703,0.133160808897122,3.68899573382902,0.000225140993951902,0.390585092701236,0.132995884924134,2.93682088678189,0.00331595563113382,0.100644563233467,0.0801738018306996,1.25532980768449,0.209359058735346,0.0931781746640352,0.166898373059803,0.558292887796141,0.576644400741666,0.210802925022389,0.169750036067023,1.24184318252019,0.214294426695528,-0.117624750358353,0.248850834096475,-0.472671714303969,0.636447409760646
0,"",653695.885987882,1,0.307197307476063,0.351641035376421,0.541126455568226,1.21628790098659e-05,0.0181977071432016,0.00657954836065309,0.417836630069662,0.129568527837234,50.8014543450709,3.22483119198942,0.00220569262785131,-0.040982578354754,0.0401346662566998,85726.9899465178,-1.02112667619138,0.307197307476063,0.105456011236446,0.112114577272246,47.7337862471252,0.940609274923895,0.351641035376421,0.0765650292994465,0.124535258968914,57.0707083441248,0.614806039135941,0.541126455568226,0.458819208424416,0.135723252605137,3.38054975560652,0.000723409761935189,0.376854051714908,0.135561013514845,2.77995894205705,0.00543657716906722,0.081965156709508,0.0802693325133996,1.02112667619138,0.307194425927152,0.0288909819369998,0.166127003223756,0.17390900561835,0.861936975021454,0.182021040535893,0.168994784317955,1.07708081802945,0.281444161799357,-0.153130058598894,0.249070517937828,-0.614806039135941,0.538682820551605
0,"",653929.340121417,0,0.458008778430559,0.719677199725655,0.700332492051631,6.42327773859587e-06,0.00275021010832613,0.00263152963727919,0.39358330469533,0.131604020344887,48.9384394383181,2.99066323098557,0.00434884322219777,-0.0298264846525365,0.0401902136945348,85744.0552451742,-0.742133019725456,0.458008778430559,0.0418173365927445,0.115824193081387,47.2663699685505,0.361041467073814,0.719677199725655,0.0485145252860718,0.125416810183189,56.7125845695723,0.386826337037352,0.700332492051631,0.423409789347866,0.137684244985913,3.07522323553569,0.00210345049723542,0.363756820042793,0.137523785499668,2.64504659118529,0.00816796697032938,0.059652969305073,0.0803804273890697,0.742133019725456,0.458006745579935,-0.00669718869332734,0.169295365320557,-0.0395591969139046,0.968444558102479,0.0903318618788166,0.172128786784606,0.524792299801973,0.599727585034414,-0.097029050572144,0.250833620366379,-0.386826337037352,0.698884778038529
0,"",653945.521882079,0,0.596022733151047,0.928716951224271,0.766990165400901,3.27607659622015e-06,0.000173785771331751,0.00155539291687077,0.400204888164875,0.132786611027497,49.2206031805313,3.01389488795674,0.00406844682053779,-0.0213089844358639,0.0401957236325938,85784.7976638826,-0.530130633562844,0.596022733151047,0.0109570935361092,0.121820066485366,46.5439649823337,0.0899448986709055,0.928716951224271,0.0377768251399562,0.126880925616736,56.9039080648027,0.297734469986979,0.766990165400901,0.421513872600739,0.138816725980743,3.03647755429135,0.00239359929167412,0.378895903729011,0.138657409181835,2.73260481329294,0.00628356750581898,0.0426179688717278,0.0803914472651875,0.530130633562844,0.596021361046258,-0.026819731603847,0.174504322521229,-0.153690929922864,0.877853436683515,0.0487339186760655,0.177273904422295,0.274907459362849,0.783387336131732,-0.0755536502799125,0.253761851233473,-0.297734469986979,0.765905832617521
0,"",653986.916388998,0,0.482191671875392,0.987369530099035,0.791302077983888,5.75736376396193e-06,5.39443716855413e-06,0.00123659863466701,0.4051155067478,0.135715228049139,49.6804217943529,2.98504090197687,0.00439061967472061,-0.028255368877445,0.0402048564782035,85786.4626120024,-0.702784970585911,0.482191671875392,-0.00194153557084583,0.121993028628077,46.9539566668725,-0.0159151354194594,0.987369530099035,0.0336194715804323,0.126453843797671,57.0888839670559,0.265863579712328,0.791302077983888,0.433370875625245,0.141623338840942,3.06002442233032,0.00221318943400941,0.376860137870355,0.141467088445579,2.66394213672764,0.00772308459712677,0.05651073775489,0.0804097129564069,0.702784970585911,0.482189764852914,-0.0355610071512782,0.174314789280681,-0.204004532822616,0.838349956720759,0.0316779360095865,0.177087835630076,0.178882620011007,0.858029869886412,-0.0672389431608647,0.252907687595342,-0.265863579712328,0.790344275078844
0,"",654320.535317662,1,0.46326406015343,0.825696313414155,0.903617533083497,6.27188316756652e-06,0.00101504736192427,0.000255520686063662,0.397036432436879,0.142400608764175,50.5343196422632,2.78816527459091,0.0074521855392135,-0.0295459045616923,0.0402814832666202,85779.3971457059,-0.733486013067843,0.46326406015343,-0.0270771883366164,0.122286330424213,48.2529584414971,-0.221424489905661,0.825696313414155,-0.0149107287000338,0.122596198652182,57.8770887807,-0.121624722984577,0.903617533083497,0.426582336998571,0.148063230596251,2.88108219225478,0.00396312278129933,0.367490527875186,0.147913293136671,2.48449966924628,0.0129733628684311,0.0590918091233846,0.0805629665332405,0.733486013067843,0.463262055592989,-0.0121664596365827,0.171745474474685,-0.0708400595345874,0.943525048996333,-0.0419879170366504,0.174559563079871,-0.240536332102518,0.809914500914568,0.0298214574000677,0.245192397304364,0.121624722984577,0.90319623273429
0,"",654515.232831797,0,0.540739262632247,0.778829304373357,0.657835456704425,4.36239597897571e-06,0.00159412555812679,0.00347912438344754,0.37879184975367,0.145852779280947,49.3639564333308,2.59708352231003,0.0123555486357467,-0.0246677224520941,0.0403266413537374,85772.2933084413,-0.61169791542305,0.540739262632247,-0.0341218108747745,0.120842121820161,49.9358056849507,-0.28236686315021,0.778829304373357,-0.0555794111709077,0.124828794361547,56.7825348518907,-0.44524511716368,0.657835456704425,0.403459572205764,0.151398583862556,2.66488339529012,0.00770150217798472,0.354124127301576,0.151251483490616,2.3412935802613,0.0192170492708763,0.0493354449041882,0.0806532827074748,0.61169791542305,0.540737641344563,0.0214576002961332,0.172326448763069,0.12451716175986,0.900905813004786,-0.0897012220456825,0.175139052390441,-0.512171447894498,0.608531023916838,0.111158822341816,0.249657588723094,0.44524511716368,0.656142625190012
0,"",654709.908284394,0,0.593895090328578,0.774232968764416,0.481984644777905,3.31549824460752e-06,0.00167025915209551,0.00870047034901301,0.382463545205934,0.147758340292575,49.4871552405168,2.58843964035209,0.0126232512282027,-0.0215259286793482,0.0403710523125743,85749.8584970403,-0.533202070450949,0.593895090328578,-0.0342015666082054,0.118587170203218,49.7172085326386,-0.288408657948374,0.774232968764416,-0.0873333682167518,0.123396828030454,57.0708836230756,-0.707744028843254,0.481984644777905,0.403989473885282,0.153247016035663,2.63619797850595,0.00838407989574752,0.360937616526586,0.153101437151476,2.3575063908086,0.0183981386185574,0.0430518573586963,0.0807421046251486,0.533202070450949,0.593893708450468,0.0531318016085465,0.169710492341904,0.313073168755563,0.754225073380604,-0.121534934824958,0.172562269916218,-0.704296106466174,0.481248390542179,0.174666736433504,0.246793656060909,0.707744028843254,0.479104230105265
0,"",654867.76377122,0,0.621851805968691,0.780046299822655,0.410596174524619,2.8376409552736e-06,0.00161003070172297,0.011663192622186,0.38021500705386,0.147997103583886,49.221021381269,2.56907059561711,0.0132783409933899,0.0199300805870109,0.0404073290192088,85731.247970653,0.493229349000935,0.621851805968691,-0.0328100564778999,0.116843681647771,48.8955732046391,-0.28080300119956,0.780046299822655,-0.101177946883603,0.122075803095415,58.2103306279985,-0.828812461749867,0.410596174524619,0.360284926466849,0.153486881305271,2.34733368352359,0.0189083126152573,0.400145087640871,0.15334134172673,2.60950558495811,0.00906731659470048,-0.0398601611740219,0.0808146580384176,-0.493229349000935,0.621850542600938,0.0683678904057033,0.16753315294515,0.408085738278243,0.683210730077942,-0.133988003361503,0.17041871361165,-0.786228228824886,0.43173379098771,0.202355893767207,0.244151606190831,0.828812461749867,0.407210535523364
0,"",655205.581711115,1,0.252318598809732,0.871094197980515,0.392244499058367,1.52904074153253e-05,0.00055320286947954,0.0125217533990409,0.364459372579647,0.147782953004878,50.4269574776813,2.46618006454112,0.0170987483758519,0.0463453419168144,0.040485348503188,85701.9530114764,1.14474355860281,0.252318598809732,-0.0181454191839811,0.111227996993041,48.0818350689539,-0.163137156781815,0.871094197980515,-0.107403683863899,0.124609460350194,58.586656705366,-0.861922389857549,0.392244499058367,0.318114030662832,0.153301309785447,2.07509010267458,0.0379781848468283,0.410804714496461,0.153154946712796,2.68228172392514,0.00731218524051592,-0.0926906838336288,0.080970697006376,-1.14474355860281,0.252315401884103,0.0892582646799182,0.165563680103896,0.539117423724251,0.589805833790571,-0.12554910304788,0.168484532459679,-0.745166937374067,0.456170807495895,0.214807367727799,0.249218920700389,0.861922389857549,0.38873022719744
0,"",655529.513700397,1,0.443277622567357,0.988542160637873,0.292961271331215,6.86128469949133e-06,4.47635247844146e-06,0.0189461437188635,0.377804381820774,0.148526359157852,50.4540071175465,2.54368574011329,0.0140774502206418,0.0310966972988746,0.0405605343603648,85666.8457511503,0.766673757860101,0.443277622567357,0.00156502092885896,0.108395378989137,46.5685314374531,0.0144380779278036,0.988542160637873,-0.133171290769698,0.125487817160666,58.3163200035918,-1.06122884103717,0.292961271331215,0.346707684521899,0.154038146632833,2.2507910676718,0.0243987735540184,0.408901079119648,0.153891916637922,2.65706664815744,0.00788238580403959,-0.0621933945977492,0.0811210687207296,-0.766673757860101,0.443275509891494,0.134736311698557,0.164341766942266,0.819854345036283,0.412299146051102,-0.131606269840839,0.16728802862784,-0.786704648983697,0.431454781980431,0.266342581539397,0.250975634321334,1.06122884103717,0.288585915372217
0,"",655597.387181339,1,0.526746672566903,0.976775631202977,0.213059749944426,4.67895377753392e-06,1.89467470891085e-05,0.0266929991756926,0.395113158993967,0.145460004683113,50.4979756619433,2.71630101934017,0.00901654374741488,0.0256837352707526,0.0405757343276926,85631.3530277055,0.632982635959927,0.526746672566903,-0.00310857947367229,0.106192599935443,45.2264558441325,-0.0292730329190742,0.976775631202977,-0.156570659418038,0.12435252911781,57.8048116555712,-1.2590870529839,0.213059749944426,0.369429423723214,0.151087783912532,2.44513099707045,0.0144799537743781,0.42079689426472,0.150938689240651,2.78786636071695,0.0053056425540133,-0.0513674705415052,0.0811514686553853,-0.632982635959927,0.526744982245347,0.153462079944366,0.162027214693925,0.947137678286089,0.34356862733134,-0.159679238891711,0.1650091550691,-0.967699269927431,0.333194582849931,0.313141318836077,0.248705058235621,1.2590870529839,0.207998890321276
0,"",655752.248425369,1,0.458826128812084,0.890129526992708,0.240608422720917,6.40964218066783e-06,0.000427234090246702,0.0239599235196641,0.408123927053118,0.140956271219789,50.5732389389667,2.89539389430033,0.00557897830647394,0.0300848664706186,0.040612168983664,85614.4829169641,0.740784528960274,0.458826128812084,-0.0145852078778512,0.104988450897568,45.1534259232459,-0.138922021928691,0.890129526992708,-0.146766329475946,0.123772848145083,57.2775350162276,-1.18577161045782,0.240608422720917,0.378039060582499,0.14676702023446,2.57577662869072,0.0100015234331743,0.438208793523736,0.146613366044799,2.98887342501799,0.00280008102966413,-0.0601697329412372,0.081224337967328,-0.740784528960274,0.458824097174472,0.132181121598095,0.160793495598217,0.822055152830202,0.411045508076947,-0.161351537353797,0.163798770730857,-0.985059513168872,0.324594838950624,0.293532658951892,0.247545696290166,1.18577161045782,0.235712505778575
0,"",656335.55974737,1,0.631855454598752,0.753393984558321,0.317824497689269,2.68124804501285e-06,0.00212733493430839,0.0177160722526401,0.411871155940586,0.139094480625648,50.6177643010284,2.96108913946828,0.00465733807994119,0.0195241640501387,0.0407501659947193,85614.6281185748,0.479118638502448,0.631855454598752,-0.0327603212129126,0.103666579462012,46.844436468206,-0.316016226086801,0.753393984558321,-0.12758715671027,0.126590140290921,56.3227370413291,-1.00787594055159,0.317824497689269,0.392346991890448,0.145019149196146,2.70548402790432,0.0068204928105956,0.431395319990725,0.144862512420079,2.97796381399036,0.00290170240739532,-0.0390483281002774,0.0815003319894386,-0.479118638502448,0.631854230898438,0.0948268354973579,0.162113968791492,0.584939325119616,0.55858851519699,-0.160347477923183,0.165114226386247,-0.971130601115417,0.331483247030444,0.255174313420541,0.253180280581843,1.00787594055159,0.313514023175312
0,"",656650.918428097,1,0.931991363420433,0.888993563260165,0.281986602429307,8.5050936784745e-08,0.000406057521710888,0.0209918796094837,0.421955614248915,0.139223632764152,50.6911295357782,3.03077578045761,0.00383517474898545,0.00348403895709611,0.040825435250848,85629.8571266674,0.0853399096834794,0.931991363420433,-0.0145494994042814,0.103692552234994,48.4659834765842,-0.140313832485371,0.888993563260165,-0.140891203823148,0.129672903276504,55.0559496320423,-1.08651229565458,0.281986602429307,0.418471575291819,0.145164531179571,2.88273982557188,0.00394232908031481,0.425439653206011,0.145007348277087,2.93391788940971,0.00334712742547199,-0.00696807791419222,0.0816508705016961,-0.0853399096834794,0.931991163905047,0.126341704418867,0.164541667631965,0.767840184417354,0.442582137564213,-0.15544070322743,0.167512549020129,-0.927934677949124,0.353441454760851,0.281782407646297,0.259345806553009,1.08651229565458,0.277252404028308
0,"",656702.596188341,1,0.701413774871801,0.879955794331066,0.252326528991633,1.71688623491923e-06,0.00044980823313031,0.0242885973505934,0.420376621689206,0.140228938292638,50.7349386338221,2.99778795167044,0.00420329779619593,-0.015657411785889,0.0408368283351889,85623.6375123781,-0.383414002120167,0.701413774871801,0.0155573349850155,0.102498178381025,51.1935584901978,0.151781575348421,0.879955794331066,-0.149388942098701,0.129101440220241,53.7890252716768,-1.15714388502444,0.252326528991633,0.436034033475095,0.146132192630961,2.98383282714609,0.00284662253547886,0.404719209903317,0.145975976253574,2.77250558818173,0.00556265643106839,0.0313148235717781,0.0816736566703778,0.383414002120167,0.701412822958399,0.164946277083717,0.163340886180465,1.00982846941015,0.312577477843435,-0.133831607113686,0.166330609866371,-0.804612014716989,0.421043606695999,0.298777884197403,0.258202880440484,1.15714388502444,0.247213579537935
0,"",656736.707078778,1,0.483372413958428,0.905725918054525,0.290269633988134,5.7358073146941e-06,0.000274286885011691,0.0207196210889809,0.403349517376734,0.137159655172045,50.7604471849365,2.94073003370267,0.00492097624321968,-0.0286286387847195,0.0408460145550011,85645.5845557604,-0.700891851912986,0.483372413958428,-0.0122720083459237,0.103113718543976,51.6266810346721,-0.119014312733664,0.905725918054525,-0.140009861244007,0.131092655620296,53.9120407691078,-1.06802216021574,0.290269633988134,0.431978156161454,0.143192172433806,3.01677213788445,0.00255481777973443,0.374720878592015,0.14303264514638,2.61982764989435,0.00879742161830699,0.057257277569439,0.0816920291100021,0.700891851912986,0.483370509804861,0.127737852898083,0.16529974754684,0.772764960587051,0.439661493868744,-0.152281869589931,0.168260037085598,-0.905038844799858,0.365444808569535,0.280019722488015,0.262185311240593,1.06802216021574,0.285510515811922
0,"",656883.696967969,1,0.249408343919826,0.675145328828416,0.388714695930849,1.54887112663404e-05,0.00352226446306815,0.0137746331932191,0.388490510351241,0.134028496177835,50.8252279067297,2.89856650958595,0.00552125177721967,-0.0470875406443682,0.040881859481872,85650.2674124932,-1.15179547215185,0.249408343919826,-0.043578592870819,0.103375299434176,50.2757413732929,-0.421557113830345,0.675145328828416,-0.11601904984175,0.133516009868701,54.0614942070935,-0.868952344785041,0.388714695930849,0.43557805099561,0.14020641598268,3.10669128757572,0.00189193860290137,0.341402969706873,0.140043169637318,2.43784092141755,0.0147752745056871,0.0941750812887363,0.0817637189637439,1.15179547215185,0.249405128937792,0.0724404569709315,0.167385292859509,0.432776713732746,0.66517699204795,-0.15959764271257,0.170317698971851,-0.937058471761922,0.348728481522518,0.232038099683501,0.267032019737403,0.868952344785041,0.384873197007778
0,"",657078.305567982,1,0.211997537309948,0.723442755722668,0.516135452685961,1.82042150295151e-05,0.00253860232823787,0.00785659279500454,0.368902744992577,0.132719996324874,50.9343524164495,2.77955662453132,0.00760677118132112,-0.0510788590429858,0.0409252653737744,85569.6004839913,-1.24810086328036,0.211997537309948,-0.0349246086510727,0.098138858188385,49.7602459439815,-0.355869319205164,0.723442755722668,-0.0870457830584481,0.133175694965666,53.9492903004733,-0.653616135293227,0.516135452685961,0.419981604035563,0.13896902148619,3.02212392045446,0.00251007768341892,0.317823885949591,0.138804036713448,2.28973085707672,0.0220369234902564,0.102157718085972,0.0818505307475489,1.24810086328036,0.211994122192874,0.0521211744073756,0.163931939068524,0.317943987630066,0.750527425182431,-0.121970391709521,0.166914114997654,-0.73073743170993,0.464939547261073,0.174091566116897,0.266351389931332,0.653616135293227,0.513359146209317
0,"",657233.695470797,0,0.354063852862545,0.793483668371692,0.653263271104509,1.00447742919817e-05,0.00135321602051948,0.00375881065638759,0.345970833381661,0.132064723754708,48.9822649100597,2.61970663736256,0.0116837241617478,-0.0379589637403623,0.0409596429779478,85501.1243756231,-0.926740590995848,0.354063852862545,-0.0246835845001812,0.0937961076616801,51.1083192250619,-0.263162140898364,0.793483668371692,-0.0609747301553922,0.134977741405134,54.0865779558094,-0.451739149882331,0.653263271104509,0.383929797122023,0.138353688016885,2.77498780571117,0.00552037776539979,0.308011869641299,0.138187641410884,2.22893933564915,0.0258179414221447,0.0759179274807245,0.0819192859558956,0.926740590995848,0.354061237013762,0.0362911456552111,0.162863976123734,0.2228310183686,0.823667025723644,-0.0856583146555736,0.165857548082061,-0.51645713834617,0.605535167439478,0.121949460310785,0.269955482810268,0.451739149882331,0.651456910940255
0,"",657415.939026607,0,0.309834294993409,0.888226070412438,0.731553402318283,1.20576202577127e-05,0.000377962301898822,0.00216885527295111,0.33687878887759,0.131625062952962,49.6379233322865,2.55938178732707,0.0135809108196186,-0.041642497601094,0.0410038291908643,85537.7591322249,-1.01557582359581,0.309834294993409,-0.013287091157036,0.0940811157311767,52.7524029814752,-0.141230161374807,0.888226070412438,-0.048578230335317,0.140880742059124,54.7024277322304,-0.344818103775532,0.731553402318283,0.378521286478684,0.137947460890492,2.74395254566641,0.00607043124968286,0.295236291276496,0.137780406608616,2.14280316442348,0.0321289071228463,0.083284995202188,0.0820076583817285,1.01557582359581,0.30983142247331,0.0352911391782811,0.167943054935631,0.210137532580953,0.833560332640319,-0.0618653214923531,0.170857864728531,-0.362086472230286,0.717287412356492,0.0971564606706342,0.281761484118249,0.344818103775532,0.73023112201802
0,"",657593.290113462,0,0.167048164043797,0.88486908262787,0.805287279472959,2.23249372653036e-05,0.000394255514869505,0.0011218010512104,0.303396867170636,0.129043854643117,49.9710815293134,2.35111441772806,0.0227028967057107,-0.0567151793343712,0.0410455258059005,85519.8695023348,-1.38176276758082,0.167048164043797,0.0134155778917069,0.0922096302314403,53.6682180527557,0.145489986870511,0.88486908262787,-0.0363176566113112,0.14661354090903,54.636662515066,-0.247710111809151,0.805287279472959,0.360112046505007,0.135499590501523,2.65766151153762,0.00786848775356958,0.246681687836265,0.135329095887,1.82282816728669,0.068329420175188,0.113430358668742,0.0820910516118009,1.38176276758082,0.167044554629742,0.0497332345030183,0.171767644678132,0.289537849786619,0.7721698196642,-0.0229020787196044,0.174620069901294,-0.131153759888827,0.895653674164087,0.0726353132226226,0.29322708181806,0.247710111809151,0.804358707573581
0,"",657564.893983134,0,0.0677162256888483,0.611903462288637,0.935708868006047,3.90216533338355e-05,0.0047018793687744,0.000121659200788408,0.274714654308754,0.129023199160451,50.2146878930815,2.12918805374778,0.0381650949926108,-0.0749741655298164,0.0410387007042151,85529.0135201595,-1.8269137239551,0.0677162256888483,0.0469186175481258,0.0919495308598032,55.1154147934594,0.510264893245223,0.611903462288637,-0.0121261188160664,0.149628910340829,53.9777545118921,-0.0810412826535005,0.935708868006047,0.34968881983857,0.135477839608916,2.58115143294297,0.00984713765835011,0.199740488778937,0.135307341741223,1.47619845463333,0.139890624288153,0.149948331059633,0.0820774014084302,1.8269137239551,0.0677127424554063,0.0590447363641924,0.174211387361296,0.338925814543568,0.734665616998453,0.0347924987320595,0.177023858798458,0.196541296569921,0.844186512935301,0.0242522376321329,0.299257820681659,0.0810412826535005,0.935409121647824
