convergence_false,bic,singular,p_anova_condition,p_anova_pe,p_anova_interaction,effectsize_condition,effectsize_pe,effectsize_interaction,coef_intercept,se_intercept,df_intercept,t_intercept,p_intercept,coef_condition,se_condition,df_condition,t_condition,p_condition,coef_pe,se_pe,df_pe,t_pe,p_pe,coef_interaction,se_interaction,df_interaction,t_interaction,p_interaction,emmean_amc,emmean_se_amc,emmean_z_ratio_amc,emmean_p_amc,emmean_avc,emmean_se_avc,emmean_z_ratio_avc,emmean_p_avc,emmean_diff,emmean_se_diff,emmean_z_ratio_diff,emmean_p_diff,coef_amc,se_amc,z_ratio_amc,p_amc,coef_avc,se_avc,z_ratio_avc,p_avc,coeff_diff,se_diff,z_diff,p_diff,convergence_false_message
0,152825.084975323,0,0.337333083771405,0.655484046464862,0.525534501850087,0.0000483964980749745,0.00398247356325213,0.00796689399069736,-0.111230590475913,0.224756658459761,71.9168547647523,-0.494893416008971,0.622183969431444,-0.0927282546155692,0.0966450605495527,19020.8486189972,-0.959472259505955,0.337333083771405,-0.61011369304494,1.35936392204248,50.3806938672356,-0.448822926040459,0.655484046464862,-1.02640583160602,1.6056665073288,50.8820560396931,-0.639239734354029,0.525534501850087,0.0758206763473731,0.226094943850691,0.335348836449186,0.73736195814465,-0.0729422581207991,0.226029365896097,-0.322711422171268,0.746913800967353,0.148762934468172,0.195812362221653,0.759721872410577,0.447420851768459,0.416292138561083,2.09099899606251,0.199087679786069,0.842194158430378,-1.63651952465096,2.11655229301851,-0.77320061027977,0.439403665038978,2.05281166321204,3.21133301465759,0.63923973435403,0.5226669869498,
0,152911.55639377,0,0.406757784959527,0.965354536417297,0.582724767051411,0.0000361897562201709,0.0000375314315932848,0.00610497323822483,-0.0886051652226483,0.223213552042152,72.614404190536,-0.396952444921068,0.692566829010446,-0.0803556275110729,0.0968570546927789,19018.168978643,-0.829631127706217,0.406757784959527,-0.0583915566863474,1.33771776325196,50.7644503809867,-0.0436501318068759,0.965354536417297,-0.947613798532095,1.71352709516054,49.7894756719381,-0.553019442300275,0.582724767051411,0.0896440212980808,0.224767461856628,0.39883006444795,0.690018422901745,-0.0371904408492146,0.224703814471101,-0.165508720609626,0.86854358643931,0.126834462147295,0.197373064487877,0.642612822962406,0.520475360484664,0.889222241845746,2.16121751640786,0.411445046643761,0.680746228649275,-1.00600535521844,2.18642783706898,-0.460113678650855,0.64543462630608,1.89522759706419,3.42705419032108,0.553019442300275,0.580250097049713,
0,153008.418196054,0,0.893174447988761,0.915048554290611,0.660356840825813,0.000000948126054326069,0.000225595885873797,0.0039559776873037,-0.0904663088116125,0.215351382690107,75.8250374497718,-0.420086965226476,0.675609957775981,-0.0130419916609965,0.0971179015937974,19020.5365284622,-0.134290295063681,0.893174447988761,0.140908833874621,1.31440265880037,50.9319638759095,0.107203704231111,0.915048554290611,-0.753098155898696,1.70347313942197,49.2104445631119,-0.442095703460425,0.660356840825813,0.018600593980255,0.216877965994447,0.0857652546443159,0.931653027449054,0.0194395515032899,0.216809956397922,0.0896617103119176,0.928556044086486,-0.000838957523034888,0.197739378539589,-0.00424274380364213,0.996614790379757,0.894006989773316,2.13898884620721,0.417957761378018,0.675977999750496,-0.612189322024074,2.16418041950952,-0.282873514844395,0.77727379782468,1.50619631179739,3.40694627884394,0.442095703460425,0.658419953378116,
0,153243.694993167,0,0.914662891815409,0.926661865660716,0.706583462287438,0.000000603657145256594,0.000167025297064497,0.00292179060072743,-0.185017602542327,0.207638218279466,79.8541090010425,-0.891057552291776,0.375575253366472,-0.010472935083639,0.097731427940557,19022.9438910061,-0.107160360841232,0.914662891815409,0.125510573730094,1.35687495332385,51.2184204411111,0.0924997350880704,0.926661865660716,-0.629327474821266,1.66201516477588,48.92868658046,-0.378653268730031,0.706583462287438,-0.0784531566708209,0.209175743746899,-0.375058576417678,0.707616903254451,-0.0769008355411826,0.209105454353248,-0.367761021724817,0.713051435391632,-0.00155232112963836,0.198422351142975,-0.00782331789083491,0.993757959114008,0.754838048551359,2.13268198404744,0.353938399722782,0.723385048512117,-0.503816901091171,2.15835021456774,-0.23342685431246,0.815429962335355,1.25865494964253,3.32403032955175,0.378653268730031,0.704945359763002,
0,153357.46573563,0,0.806784532076133,0.987979277820588,0.69246630924861,0.00000314462462304983,0.0000045099565591585,0.00319246933709703,-0.245601702541064,0.205317631545539,81.7302686691384,-1.19620366108982,0.235075844781474,-0.0239748222782854,0.0980245849643569,19022.6313795417,-0.244579686687814,0.806784532076133,-0.0217733810410999,1.43807832482092,50.8290915184958,-0.0151406085922415,0.987979277820588,-0.640233499209887,1.60930002780792,49.4182459435933,-0.397833522740922,0.69246630924861,-0.101098839351505,0.206904133305595,-0.488626484818373,0.625106158993535,-0.126160406847705,0.206835229196005,-0.609956086001917,0.541890897877292,0.0250615674961993,0.198412567964114,0.126310383224979,0.899486237464231,0.618460118168786,2.14513176062744,0.288308685517708,0.773110459221131,-0.662006880250985,2.17123039431378,-0.304899416471283,0.760442760203883,1.28046699841977,3.21860005561583,0.397833522740922,0.690752904906955,
0,153326.908210407,0,0.876732536369937,0.775679599058849,0.854254305487372,0.00000126493829928635,0.00160944249820714,0.000694053949534263,-0.249423044826742,0.210491596729912,79.5483542490616,-1.18495488039261,0.239563328272644,-0.0151918987380953,0.0979397720678581,19021.1182036649,-0.155114703836247,0.876732536369937,-0.400152619246264,1.39683182397636,50.9082403608296,-0.286471579740466,0.775679599058849,-0.303420468810702,1.64310686664404,49.0979512686326,-0.184662650354826,0.854254305487372,-0.093348838564569,0.212037446068316,-0.440246948336159,0.659758259826367,-0.112885482493806,0.211968992178896,-0.532556584495781,0.59434056244097,0.0195366439292365,0.198608087729425,0.0983678165002642,0.921640229421697,-0.0967321504355615,2.14360855723395,-0.0451258463720548,0.964006999977283,-0.703573088056965,2.16952091317994,-0.324298827350649,0.745711807392218,0.606840937621403,3.28621373328807,0.184662650354826,0.853493642981356,
0,153120.037845242,0,0.999365193817861,0.575528275211545,0.636473622734526,3.32758984942245e-11,0.00607942557938613,0.00452706649714439,-0.256489246657174,0.215556068591661,77.4989239005415,-1.18989573493778,0.237719855851152,-0.0000775005101730741,0.0974086943348755,19023.2137480356,-0.000795622102341704,0.999365193817861,-0.741412791465907,1.31575439832552,51.911027176498,-0.563488742587112,0.575528275211545,-0.788585898079973,1.65824243122385,49.7295521421059,-0.47555525249584,0.636473622734526,-0.155135524776843,0.216959059502024,-0.715045157058288,0.474581140492011,-0.127098913164843,0.216888596634342,-0.586010122879455,0.55786871223595,-0.0280366116120001,0.19778078934236,-0.141755990079848,0.887272747751182,0.0471731066140658,2.10408840200396,0.0224197360572576,0.982113137210918,-1.52999868954588,2.12949928185022,-0.718478143001078,0.472462519933745,1.57717179615994,3.31648486244769,0.47555525249584,0.634391261080619,
0,153063.264957151,0,0.523302032757133,0.497598375347931,0.571458023683326,0.0000214147673122245,0.00882808774618798,0.00650065862383524,-0.277068447535373,0.211385664040612,79.0671611415826,-1.31072487244046,0.193745154591116,-0.0620824980950711,0.0972659876642717,19023.6437893087,-0.638275512189916,0.523302032757133,-0.902806640157956,1.32176836431504,52.3794734736768,-0.68302939042258,0.497598375347931,-0.953247844554291,1.67326928035908,49.6009747857884,-0.569691833671701,0.571458023683326,-0.147788190188176,0.212871797847006,-0.694259134760507,0.4875197136405,-0.237874978738891,0.212801779551045,-1.11782419884243,0.263642084199261,0.0900867885507148,0.197681564806325,0.455716690825346,0.648593718082866,0.0504412043963352,2.11962817949868,0.0237971946609359,0.981014377753327,-1.85605448471224,2.14498945630742,-0.865297719415098,0.386875402238777,1.90649568910858,3.34653856071815,0.569691833671701,0.568886729836392,
0,153058.606071335,0,0.353672435351079,0.425123588317996,0.725488546740938,0.0000452221361918758,0.0124259837639058,0.00252233155998664,-0.28158661349425,0.208498373615796,80.3746146824682,-1.35054585132225,0.180631332908494,-0.0902087747426446,0.0972588566129541,19022.5412749203,-0.927512186387656,0.353672435351079,-1.09941250596081,1.36749253858379,51.3700854177321,-0.803962343443125,0.425123588317996,-0.571925957403934,1.61954463213547,49.3167877762018,-0.353139979013617,0.725488546740938,-0.126946973387908,0.209964775319915,-0.604610812430246,0.545437620697737,-0.286918411568427,0.209894886437883,-1.36696237072616,0.171637100468372,0.159971438180519,0.197096550577772,0.81163996889634,0.416998249813716,-0.527486548556876,2.10677305769099,-0.250376539908384,0.802296170391725,-1.67133846336474,2.13247007024943,-0.783757055576988,0.433182676809881,1.14385191480787,3.23908926427092,0.353139979013617,0.723983502299467,
0,153076.719929422,0,0.30902778266524,0.449009930199754,0.871920094851163,0.0000543964381265151,0.0110227984289292,0.000527139643283571,-0.325758923055025,0.207397446959141,80.1364730433025,-1.57069880961072,0.120192903375585,-0.0989931585599376,0.0973105271827341,19023.7716532262,-1.01729136020447,0.30902778266524,-1.03397689120995,1.3554844986626,52.2067873736077,-0.762809823520764,0.449009930199754,-0.259090663560825,1.59880379911347,49.7918784604861,-0.162052819554526,0.871920094851163,-0.15198619144251,0.208791904648073,-0.727931438236023,0.4666555571961,-0.340710126821159,0.208719858712563,-1.63238001847426,0.102599455801712,0.188723935378649,0.19697284075321,0.958121610354922,0.338001439511865,-0.774886227649119,2.08317660032838,-0.371973373513782,0.709912674038215,-1.29306755477077,2.10888569633177,-0.613152034280449,0.539775817021862,0.518181327121649,3.19760759822693,0.162052819554526,0.871264259540553,
0,153160.10384965,0,0.221967129688084,0.57353388897294,0.869301630021397,0.0000784056349005181,0.00603323838998804,0.000543379284581168,-0.343765884885613,0.215191021931301,76.4361997442271,-1.59749176243681,0.114282282427023,-0.119104339764692,0.0975182741681039,19023.999687686,-1.22135405677276,0.221967129688084,-0.77822452365626,1.37403585457921,52.8487925768921,-0.5663786145483,0.57353388897294,-0.256194202395483,1.54905253301401,50.3114894040701,-0.165387678555357,0.869301630021397,-0.152762252709758,0.216448894455623,-0.705765918065606,0.480333720175051,-0.381812097760652,0.216376921508904,-1.76456941478826,0.0776361595646977,0.229049845050894,0.196846186242054,1.16359808347641,0.24458692846104,-0.522030321260776,2.05764495278889,-0.253702817171266,0.799725157466941,-1.03441872605174,2.08354836941096,-0.496469744229735,0.619563028719234,0.512388404790964,3.09810506602802,0.165387678555357,0.868638851215687,
0,153282.876065686,0,0.361494294669688,0.522558725683516,0.874449111402597,0.0000437688005937022,0.00776506272738333,0.00049323557475268,-0.338539016882161,0.210741843144559,78.2099672146493,-1.60641575413165,0.112212840353074,-0.0892778600304282,0.0978340970610717,19024.9448552777,-0.912543404726244,0.361494294669688,-0.90718602633129,1.40936451466616,52.943858049343,-0.643684452738035,0.522558725683516,-0.248057366605724,1.56203342057024,51.1040076600003,-0.158804135263103,0.874449111402597,-0.174870334993247,0.212119149567577,-0.82439673810561,0.409714167665073,-0.344558109016804,0.212047979825129,-1.62490635044461,0.104182514871716,0.169687774023557,0.197568224719522,0.858881909094717,0.390405671300835,-0.659128659725566,2.09079615587996,-0.315252473500056,0.752569967089008,-1.15524339293701,2.11685732134091,-0.545735124087262,0.585248024175293,0.496114733211446,3.12406684114047,0.158804135263103,0.873823190690387,
0,153238.485632644,0,0.529110641178075,0.453334343147895,0.799455981764711,0.0000208236138969784,0.0110446674197584,0.00128975928197366,-0.337294888970871,0.209197657851991,78.8449607237995,-1.61232631585918,0.110886876906701,-0.0614971600950081,0.0977113576285519,19021.9431818248,-0.629375761298789,0.529110641178075,-1.0776480253916,1.42614542163805,51.1269969919936,-0.755636843929867,0.453334343147895,-0.417188339637051,1.63350860415772,50.5070858349513,-0.255394026438058,0.799455981764711,-0.171384124164967,0.210802353232213,-0.813008590924864,0.416213132660042,-0.279464137499617,0.210735597975389,-1.32613635372727,0.184794536435125,0.10808001333465,0.198086628200776,0.545619935663212,0.585327217809641,-0.66045968575455,2.15545358746377,-0.306413318104282,0.759289969346759,-1.49483636502865,2.18139911050739,-0.685264955792961,0.493176741422991,0.834376679274101,3.26701720831542,0.255394026438058,0.798418784065962,
0,153165.129455491,0,0.443869139839184,0.370754955655846,0.768375666540163,0.000030816856750379,0.0157608209709761,0.00171520398259686,-0.235900906296714,0.217217618160602,75.7218226805649,-1.08601184514554,0.280918981765652,-0.074671500259806,0.0975215998226132,19024.1997064811,-0.765691912311013,0.443869139839184,-1.25899636821313,1.39417132647409,50.9258720495708,-0.903042792737088,0.370754955655846,-0.470425882882428,1.58888142982908,51.0197256886263,-0.296073623903473,0.768375666540163,-0.054223283935241,0.218598304356109,-0.248049883529326,0.804095811084496,-0.186748757924464,0.218529930123883,-0.854568332212423,0.392790165289987,0.132525473989223,0.197263044663947,0.671821091553109,0.501697599747301,-0.788570485330699,2.10083057112755,-0.3753612957505,0.707391785531628,-1.72942225109555,2.12674085930851,-0.813179585808992,0.416115101901967,0.940851765764853,3.17776285965816,0.296073623903473,0.767173856508606,
0,153188.796566332,0,0.438397396093679,0.267228458269558,0.873653059067961,0.0000315623269992839,0.0241867995105976,0.000501883455085024,-0.20304764091086,0.218688061443794,75.4090349735201,-0.928480684177841,0.356120783246759,-0.0756208293736829,0.0975855143456351,19025.2091063763,-0.774918591973024,0.438397396093679,-1.51912652763094,1.35419608897575,50.7706903878773,-1.12179213926097,0.267228458269558,-0.253476364243375,1.58597705002585,50.8698248358543,-0.159823475528378,0.873653059067961,-0.0532017474363062,0.21996859292048,-0.241860652604797,0.808888139724807,-0.195381733270672,0.219897799955231,-0.888511541772815,0.374265650192095,0.142179985834366,0.197347258370469,0.720455845236316,0.471244376560363,-1.26565016338756,2.07252676731639,-0.610679767010388,0.541411603321605,-1.77260289187431,2.09832630922096,-0.844769893073694,0.398239327292988,0.50695272848675,3.17195410005169,0.159823475528378,0.873020130988986,
0,153234.785365066,0,0.313600360473566,0.316174588874273,0.864441743220091,0.0000533779195193986,0.019744141357757,0.000583888743002094,-0.275573002728355,0.220141576146937,75.0301182803326,-1.2517989902299,0.214531613049311,-0.0984532519758043,0.0976987415311175,19023.8042046736,-1.00772282664917,0.313600360473566,-1.36051278790831,1.34395355615844,50.8789253575249,-1.01232128273629,0.316174588874273,-0.278525435553052,1.62313998197842,50.4004038841811,-0.171596682138014,0.864441743220091,-0.12834383355133,0.22147604144808,-0.579493080660905,0.562256514109599,-0.315293170875327,0.221406265047531,-1.42404809912511,0.154432548954487,0.186949337323997,0.197944422389091,0.944453675772274,0.34493786349565,-1.08198735235526,2.09442491026532,-0.516603554060188,0.605432934208691,-1.63903822346136,2.12013523617616,-0.773081922084133,0.439473899197971,0.557050871106103,3.24627996395683,0.171596682138014,0.863754616033886,
0,153410.152768068,0,0.602596132854481,0.371123531624108,0.854491298487866,0.000014253685700978,0.0153660333289909,0.000688246112924575,-0.291150068147959,0.215648382490557,76.9662138472111,-1.3501147784436,0.180936244468175,-0.0510990021544547,0.0981390743578516,19019.870493537,-0.520679479491815,0.602596132854481,-1.32302306612215,1.46651773933371,52.1522719996169,-0.902152787270919,0.371123531624108,-0.304517560258283,1.65180901278799,49.3471696938175,-0.18435397670116,0.854491298487866,-0.198292680056183,0.217321217697988,-0.912440497787709,0.361536879020538,-0.289604310262473,0.217257734771038,-1.33299884843078,0.182532181706982,0.09131163020629,0.199074804317791,0.458679994784903,0.646463982049553,-1.01850550586387,2.19579418107181,-0.463843794943801,0.64275966363471,-1.62754062638043,2.2218871491116,-0.73250373090784,0.46386116635145,0.609035120516565,3.30361802557597,0.18435397670116,0.853735772205191,
0,153373.46078976,0,0.512381687777372,0.423154900630469,0.750427394058328,0.0000225677030552244,0.0123933274347808,0.00203972670352649,-0.268836276481636,0.215700594875918,76.8784386636632,-1.24633998638847,0.216424013409539,-0.0642309330947344,0.0980406413916393,19018.6205985645,-0.65514599030573,0.512381687777372,-1.20562686306852,1.4933401585897,51.9402977932964,-0.80733572731822,0.423154900630469,-0.529538104853763,1.6556780642643,50.0476759916717,-0.319831564048088,0.750427394058328,-0.151311433187186,0.217445927965639,-0.695857745430377,0.486517921641347,-0.260842535889187,0.217384285621355,-1.19991440569688,0.230172584590758,0.109531102702001,0.19893649341214,0.550583258120891,0.581919388181954,-0.676088758214756,2.216569992463,-0.30501574979074,0.760354156948683,-1.73516496792228,2.24265174113101,-0.773711288337263,0.439101543024447,1.05907620970752,3.3113561285286,0.319831564048088,0.749096018728843,
0,153210.189588972,0,0.380783305785006,0.242228470219732,0.608614767690869,0.0000403818970665654,0.0265653748051271,0.00525095034836108,-0.309298789261141,0.204251566949825,81.6287415328172,-1.51430314038727,0.133811600352144,-0.0855848511023342,0.0976467312551437,19022.7860718039,-0.876474306945383,0.380783305785006,-1.66613333004287,1.40828935177345,51.2892745002261,-1.18309019942863,0.242228470219732,-0.843299199323463,1.63658468939986,50.2993102046892,-0.515279902583413,0.608614767690869,-0.158473170328061,0.205864675502123,-0.769792923149784,0.441422738293286,-0.299495282500522,0.205796079522642,-1.45530120493657,0.145585893218555,0.141022112172461,0.197998860823242,0.712236987556988,0.476318036373914,-0.822834130719401,2.14611656514896,-0.383406075924068,0.701418698981878,-2.50943252936632,2.17199456182243,-1.15535856925018,0.247943620631338,1.68659839864692,3.2731693787997,0.515279902583413,0.606357440750686,
0,153127.628398749,0,0.666645802872432,0.173724537588784,0.658863933604425,0.00000975337985639869,0.0358225604889587,0.00384174373355003,-0.307077014958596,0.200465113185229,83.1993320473766,-1.53182272007029,0.129359925480243,-0.0419754373395284,0.0974444566489361,19024.6558081349,-0.430762700958492,0.666645802872432,-1.92615802932596,1.39624249260024,51.2227003166005,-1.37952973035425,0.173724537588784,-0.714054199588393,1.60796803425851,51.1337308208081,-0.444072384758361,0.658863933604425,-0.199552259364523,0.202015048655124,-0.98780888202638,0.323246256768976,-0.257975998138273,0.201944067635639,-1.27746262199557,0.201438968482682,0.0584237387737498,0.197321604617505,0.296083841842866,0.767166053399334,-1.21210382973756,2.11660108373187,-0.572665222111883,0.56687138939385,-2.64021222891434,2.14245383778146,-1.23233097598421,0.217825473239762,1.42810839917678,3.21593606851702,0.444072384758361,0.656990251268314,
0,153280.852741534,0,0.965387329831916,0.2128156819299,0.692154314096301,0.0000000989923123433737,0.0300972625589362,0.00308566801357364,-0.286965986588141,0.206943003442769,80.4423709146442,-1.38669093332021,0.169366980235147,0.00424524515177061,0.0978285758049264,19022.7182365341,0.0433947352993852,0.965387329831916,-1.82215498948784,1.4443691184465,51.2879604045515,-1.26155770447908,0.2128156819299,-0.625861897819878,1.57181713162841,51.2226013661635,-0.398177297616984,0.692154314096301,-0.203541661699858,0.208447210569304,-0.97646622923834,0.328833475229639,-0.17267687301279,0.208377727122753,-0.828672408501067,0.407289802716244,-0.0308647886870684,0.197661593145059,-0.156149650500983,0.87591506287638,-1.19629309166796,2.12157283375905,-0.56387085686252,0.572842024991122,-2.44801688730771,2.14768507986169,-1.13983977924052,0.254353057686376,1.25172379563975,3.14363426325681,0.398177297616984,0.690499499272505,
0,153249.072969157,0,0.878549400551118,0.197327268754558,0.77178774165106,0.00000122715151598938,0.0317529643304853,0.00163151459017693,-0.381848085547231,0.198539176602078,84.6778733216585,-1.92328835085556,0.0578044547681873,-0.0149409657102266,0.0977745216304483,19028.6166656113,-0.152810419944553,0.878549400551118,-1.81608334329799,1.39065479563837,52.0037635914502,-1.3059195919749,0.197327268754558,-0.432988499352169,1.48510915297104,52.0158709347041,-0.291553316795573,0.77178774165106,-0.247717708975188,0.199768116762207,-1.24002625138654,0.21496568458711,-0.262120484506958,0.199688580986637,-1.31264633767165,0.189302147713617,0.0144027755317698,0.196689562692627,0.0732259268595635,0.941626335116052,-1.38309484394582,2.02151507012702,-0.684187253602278,0.493856930051632,-2.24907184265016,2.04753919009869,-1.09842676200095,0.272018181719289,0.865976998704337,2.97021830594207,0.291553316795573,0.770628173074709,
0,153226.557813985,0,0.949350477108753,0.187355729248169,0.971518817367743,0.000000212062022661084,0.0332467511946442,0.0000248859331485427,-0.435238031281921,0.198665092711118,84.7865059993533,-2.19081281639552,0.0312094649126848,-0.00620708122745946,0.0977134642492073,19028.4338399646,-0.0635232951277726,0.949350477108753,-1.80824360256715,1.35340832077135,51.9066041198962,-1.33606656233396,0.187355729248169,0.0554598263560963,1.54584685523062,51.7200980164004,0.0358766627938848,0.971518817367743,-0.286842510012643,0.199961849524356,-1.43448618171391,0.151433569624221,-0.301239337824748,0.199883516611677,-1.50707443480685,0.131791578899382,0.0143968278121045,0.197175938449418,0.0730151352407421,0.941794073478061,-1.86370342892324,2.04161889663344,-0.912855691136295,0.361318443758746,-1.75278377621105,2.06748771363417,-0.847784373591296,0.39655806720822,-0.110919652712192,3.09169371046124,-0.0358766627938848,0.971380704277838,
0,153228.079317221,0,0.722824267770693,0.290951334512727,0.935139919764724,0.00000661341819718136,0.0216954206083926,0.000132007074115723,-0.438897038568228,0.209373844044325,78.8006797530639,-2.09623623510162,0.0392702685390897,0.0346510897797496,0.0976934597095425,19022.7787790046,0.354692011960397,0.722824267770693,-1.47499909472384,1.38234376074398,51.3401823008379,-1.06702770802104,0.290951334512727,-0.130806120175656,1.5993896279123,50.6632492041181,-0.0817850246699418,0.935139919764724,-0.355590638559455,0.210798060352765,-1.68687813333948,0.091626787515729,-0.281612195476971,0.210727139979214,-1.33638313273149,0.181424076593578,-0.0739784430824848,0.197690379024538,-0.374213674168242,0.708245351355123,-1.34419297454818,2.10099430322021,-0.6397889668182,0.522309806497923,-1.60580521489949,2.12689112258214,-0.755001136564987,0.450248300266308,0.261612240351312,3.19877925582458,0.0817850246699418,0.934817664759,
0,153036.910604938,0,0.999392839853838,0.400800222637424,0.890678309239557,3.04455540635798e-11,0.0140431322638182,0.000375719236901811,-0.429458509298711,0.216311280370322,76.0462544031098,-1.98537269329405,0.0507086434620925,-0.0000739597083919949,0.097191043397847,19020.1531372808,-0.000760972470366886,0.999392839853838,-1.18787515455894,1.40185598137867,50.4113966525156,-0.84735890871665,0.400800222637424,-0.221867111203273,1.60613399833272,50.768656632902,-0.138137360540021,0.890678309239557,-0.342888522664613,0.21776801312764,-1.57455871383478,0.115358338975815,-0.335104786607809,0.217701588989507,-1.53928498254535,0.12373473853383,-0.00778373605680406,0.196832094017922,-0.0395450553713834,0.968455832598726,-0.966008043355661,2.11892375553574,-0.45589561249287,0.648465044720209,-1.40974226576221,2.14473666087029,-0.657303197862138,0.510985980689602,0.443734222406545,3.21226799666543,0.138137360540021,0.890131859360522,
0,153036.461925855,0,0.77321256878005,0.473116677502113,0.696512246274215,0.00000436559968964243,0.0102598445505838,0.00298610337177924,-0.408131105683631,0.207551612230655,79.8068089817846,-1.96640778309189,0.0527281167222798,-0.0280117494951891,0.0972024755709496,19023.0439089711,-0.288179383607806,0.77321256878005,-1.01313319839781,1.40159335767685,50.404515180082,-0.722843892523208,0.473116677502113,-0.625163272107674,1.59387555570087,51.3658482789526,-0.392228408216457,0.696512246274215,-0.277020884723052,0.209036913694614,-1.325224716663,0.185096629819062,-0.310695060903904,0.208967916716088,-1.48680747641288,0.137065666329191,0.0336741761808517,0.196725730326327,0.171173217275612,0.864087566184435,-0.387969926290133,2.10951929852548,-0.183913902357432,0.854080998338568,-1.63829647050548,2.13535355007965,-0.767224926497238,0.442947795059935,1.25032654421534,3.18775111140174,0.392228408216457,0.694889455703305,
0,153092.928138409,0,0.671301315090238,0.286627339866922,0.466700265589849,0.00000946594569716293,0.0228858615339954,0.0102274442702896,-0.408408045297517,0.200564816250806,83.2063342923746,-2.03628957925903,0.0449018136407658,-0.0413152957209693,0.0973569414133133,19024.7854784577,-0.424369286064276,0.671301315090238,-1.49903611326855,1.3916583511748,49.5378281626129,-1.07715813439635,0.286627339866922,-1.1722259912858,1.59868381832199,52.0314370575276,-0.733244421349175,0.466700265589849,-0.25839589036908,0.202083633437051,-1.27865817718272,0.2010174534503,-0.299119897957112,0.202012184350872,-1.48070226020414,0.138685931433926,0.0407240075880312,0.197061899675273,0.206655917024742,0.836278587267388,-0.326810121982759,2.10659531025708,-0.155136641761001,0.876713595915432,-2.67126210455435,2.1324310149501,-1.25268394889523,0.210320749707783,2.34445198257159,3.19736763664397,0.733244421349175,0.46340936652899,
0,153119.886493707,0,0.503548909377956,0.23123637600362,0.466837467516497,0.0000235242839283033,0.0290355285963918,0.0102479284692191,-0.385452605058246,0.205329062183688,80.6809152492345,-1.87724329405167,0.0640990401796646,-0.0651586866486661,0.0974074825041955,19021.0013586903,-0.668928966990391,0.503548909377956,-1.76497147036002,1.4560196703166,49.1376629550366,-1.21218930371747,0.23123637600362,-1.20164236296271,1.63927763932959,51.8962247224989,-0.733031631819331,0.466837467516497,-0.182422222595696,0.207058618570219,-0.881017288028665,0.378308462896101,-0.269781389181821,0.206993866137828,-1.30333035570333,0.192462001880264,0.0873591665861255,0.197589460340682,0.442124627677517,0.658399023930295,-0.563329107397311,2.17955231743996,-0.258460924699886,0.796051202186731,-2.96661383332273,2.20544793950159,-1.3451298396974,0.178583308431923,2.40328472592542,3.27855527865917,0.733031631819331,0.463539136900797,
0,152976.885618125,0,0.384643047190097,0.265140730278134,0.51363849888328,0.0000397359873461049,0.0247768798787105,0.00825123150816012,-0.335712195188133,0.217156198695485,75.5408307532917,-1.54594801900588,0.126296466659852,-0.0843597762268333,0.0970329327701653,19020.9084891273,-0.869393244318916,0.384643047190097,-1.58824634616881,1.40932100722408,49.9888622360311,-1.12695854104748,0.265140730278134,-1.07124972480582,1.62880503001471,51.9907569444573,-0.657690579943838,0.51363849888328,-0.11131443280745,0.218683613508529,-0.509020456638416,0.610737885296889,-0.241737260265445,0.218619218749929,-1.10574569631941,0.268836605213362,0.130422827457995,0.1967803086164,0.662783935928465,0.507468943381217,-0.516996621362992,2.14096980038803,-0.2414777738898,0.809184840727061,-2.65949607097462,2.16670980249664,-1.2274352882468,0.219659029997496,2.14249944961163,3.25761006002942,0.657690579943838,0.510736976664465,Model failed to converge with 1 negative eigenvalue: -1.1e+02
0,152915.321179714,0,0.442053344040068,0.267515600893593,0.530347535208712,0.0000310636591827092,0.0242180746214164,0.00760473273825043,-0.308952557955121,0.216624269188352,75.9819020902233,-1.42621396537288,0.157902503314482,-0.0744818320389744,0.0968873742049868,19023.9293884029,-0.768746522961717,0.442053344040068,-1.51638073802095,1.35253259298613,50.6447224845267,-1.12114173505651,0.267515600893593,-1.00506566362363,1.59105328285789,52.0739058213375,-0.631698306054407,0.530347535208712,-0.156148044294227,0.217953400627466,-0.716428575304138,0.473726755687666,-0.269181035597102,0.217884247338725,-1.23543137645297,0.216670001417458,0.113032991302875,0.196107190903039,0.576383715366978,0.564355849057147,-0.511315074397322,2.07540465830153,-0.246368857442852,0.805396711527433,-2.52144640164458,2.10102009325603,-1.20010580086219,0.230098252947718,2.01013132724726,3.18210656571577,0.631698306054407,0.527584035146816,
0,152844.506965866,0,0.607868826597704,0.533114276338191,0.637675293780301,0.0000138364903039204,0.00758271194223081,0.00428251815675706,-0.319054600973704,0.217617645860181,75.4373555822117,-1.46612467804516,0.14677048809892,-0.0496308345868132,0.0967224248014974,19029.0388657015,-0.51312645116859,0.607868826597704,-0.822727479757749,1.31115784401576,51.5313849757222,-0.627481644191618,0.533114276338191,-0.705632667005998,1.48955410105854,52.1773132410793,-0.473720737302893,0.637675293780301,-0.197942538286636,0.218633009164694,-0.90536437769801,0.365272381011614,-0.271978137786183,0.218556994408838,-1.24442660149972,0.21334259749675,0.0740355994995462,0.194764570965271,0.380128681169369,0.703849896456911,-0.117094812751751,1.97161644039792,-0.0593902598662237,0.952641270867469,-1.52836014676374,1.99713325438273,-0.765277000625642,0.444106616470689,1.41126533401199,2.97910820211707,0.473720737302893,0.635699063481799,
0,152822.501874829,0,0.865319104642605,0.671807035763845,0.707839506745853,0.00000151154246680406,0.00350135315418766,0.00269791281345963,-0.314712081538076,0.205798281732993,79.7812548155729,-1.52922599201479,0.130163849278919,-0.0163989785595935,0.0966867117623418,19031.7623283953,-0.169609435057659,0.865319104642605,-0.565316053623853,1.32673132685387,51.6722610798917,-0.426096860895273,0.671807035763845,-0.538744387172414,1.42977889521077,52.4839568633051,-0.376802587432931,0.707839506745853,-0.214947439552641,0.206767054403942,-1.03956329102952,0.298542839108621,-0.228485512481666,0.206685457590517,-1.10547454642086,0.268954017737031,0.0135380729290246,0.19412072878408,0.0697404806473962,0.944400221305605,-0.0265716664514395,1.9376957865514,-0.0137130227747103,0.989058933752964,-1.10406044079627,1.96323774527489,-0.562367162842867,0.573865887075007,1.07748877434483,2.85955779042153,0.376802587432931,0.706320317743728,
0,152870.585285985,0,0.747563614040536,0.697260915257897,0.724131849354236,0.000005443483775502,0.00291631722976964,0.0023879134516088,-0.272048864689191,0.204436885087816,80.8312095027126,-1.33072299830988,0.187021941633445,0.0311584516067864,0.0968079925377537,19030.4916975551,0.321858255604619,0.747563614040536,-0.529292676596855,1.35310461229748,52.3149562746888,-0.39116907280225,0.697260915257897,-0.507206143612112,1.42941346460993,52.6012898222608,-0.354835151738634,0.724131849354236,-0.235675596294479,0.205462302009783,-1.1470503055264,0.251360830545019,-0.155226287771259,0.205381637901585,-0.755794380438432,0.449772486535222,-0.0804493085232207,0.194346426306788,-0.413947969365933,0.678912212159737,-0.0220865329847432,1.95540401049643,-0.011295125133315,0.990987985669441,-1.03649882020896,1.98106664324859,-0.523202398940652,0.6008334122019,1.01441228722422,2.85882692921986,0.354835151738634,0.722713092426897,
0,152976.747177416,0,0.379290750024573,0.941318877470493,0.778444662852694,0.0000406265196602195,0.000105144674435277,0.00151935513261711,-0.28459714316602,0.216613275333576,76.7682939709238,-1.31384903685035,0.192809750773472,0.0853353063778621,0.0970574880012908,19027.0801117013,0.879224345644792,0.379290750024573,0.103839440947349,1.4038281144525,52.0312026474794,0.0739687714459589,0.941318877470493,-0.40448161532098,1.43029863742415,52.5562629514522,-0.282795218241569,0.778444662852694,-0.304167718787505,0.2176796714383,-1.39731798002883,0.16231797133106,-0.119037059201374,0.217604646119921,-0.547033628757046,0.584355628798355,-0.185130659586131,0.194823956125807,-0.950245869489393,0.341987336466519,0.508321056268328,1.99115176104764,0.255289961424576,0.798499152759256,-0.300642174373631,2.01700019800846,-0.149054112473801,0.881510934248913,0.808963230641959,2.86059727484829,0.282795218241569,0.777333820068454,
0,153124.018585356,0,0.179857721884367,0.803106939886702,0.606838248877364,0.0000945494298772968,0.00120061293520514,0.00511341682220999,-0.315186172125146,0.225631255116263,74.3324623941198,-1.39690829607245,0.166597750659848,0.130658264162395,0.0974158347922786,19024.5624270708,1.34124256534885,0.179857721884367,0.353798334219138,1.41180952374984,52.2437812385962,0.250599197885725,0.803106939886702,-0.77040408915104,1.48805141689435,52.1511225885706,-0.517726793848909,0.606838248877364,-0.370314988863256,0.226779450061807,-1.63293009469037,0.10248369983443,-0.0814568398924433,0.226709321590373,-0.359300796813387,0.719370078308254,-0.288858148970813,0.196049496776326,-1.47339398325706,0.140644831714367,1.12420242337018,2.03817807863828,0.551572227742369,0.581241468448057,-0.416605754931901,2.06417935778422,-0.201826335178114,0.840052492692153,1.54080817830208,2.9761028337887,0.517726793848909,0.604648901172591,
0,153181.555465262,0,0.238745762831036,0.867521280197393,0.611366355103126,0.0000729526600289023,0.000532299106054377,0.00506934238366655,-0.355384168853427,0.223818374923481,74.8040021457247,-1.58782391738358,0.116544371010847,0.114944291621321,0.0975621743636133,19025.630525628,1.17816451274369,0.238745762831036,-0.22930876399253,1.36800816646459,52.7566188493217,-0.167622364846801,0.867521280197393,-0.797520844449519,1.5599290758487,51.2997877715249,-0.511254554323643,0.611366355103126,-0.34873631691914,0.225039517183128,-1.54966701530626,0.12122145895188,-0.0903367004869815,0.224969654467561,-0.401550603350406,0.688014789519952,-0.258399616432158,0.197036989968853,-1.31142693802319,0.189713562758993,0.568212080456988,2.06182421271189,0.275587063607923,0.782865246783568,-1.02682960844205,2.08770952152327,-0.491845056918088,0.622828881659071,1.59504168889903,3.11985815169739,0.511254554323643,0.609172822760491,
0,153144.783682973,0,0.277728145717035,0.763304956019298,0.697786483851907,0.0000619150361698153,0.00167596020879249,0.00297901795936204,-0.357473082407896,0.221039349932967,75.6881283423235,-1.61723730420083,0.109987540085193,0.105803617676948,0.097472804444323,19028.7863813584,1.08546807778967,0.277728145717035,-0.402199841660208,1.32891302186454,54.5630328568774,-0.30265324746077,0.763304956019298,-0.618213671316377,1.58310286388763,51.0375851309891,-0.39050758192568,0.697786483851907,-0.357634051828813,0.222254317038989,-1.60912083325731,0.107589922650375,-0.123925938957064,0.222182663197621,-0.557766016364823,0.577004171397076,-0.233708112871749,0.197105785650729,-1.18569889818394,0.23574122982999,0.216013829656169,2.05406119420447,0.105164262031556,0.91624546819866,-1.02041351297658,2.07973113770122,-0.4906468410645,0.623676250656077,1.23642734263275,3.16620572777526,0.39050758192568,0.696161249911947,
0,153219.724527112,0,0.177101854201642,0.622883089370039,0.583177198492085,0.0000957412005009617,0.00449193013011307,0.00601783887636819,-0.312066719513244,0.214089843915831,78.4206873045236,-1.45764373407611,0.148931853300643,0.131828486699116,0.0976664744038428,19027.7335533809,1.34978238442412,0.177101854201642,-0.662134457710413,1.338735555855,54.2143899142086,-0.494596901392921,0.622883089370039,-0.90418997521387,1.63710315473141,50.3854705972838,-0.552310935691902,0.583177198492085,-0.38558570663603,0.215485953711711,-1.78937745126482,0.0735540482454378,-0.0896043236974494,0.215415083658137,-0.41596123249963,0.677438371477751,-0.29598138293858,0.198032883252987,-1.49460724944586,0.135016973061626,0.242055517503457,2.10192586746035,0.115158922229698,0.908319157311966,-1.56632443292428,2.12756830752502,-0.736204063288746,0.461606519824873,1.80837995042774,3.27420630946282,0.552310935691902,0.580735339475784,
0,153230.829212357,0,0.272505901699683,0.449087915048342,0.62612670532602,0.000063288319520653,0.0109271588278212,0.00477659910341048,-0.340639559265707,0.213229780536451,78.7816369437383,-1.59752337787299,0.114152614792356,0.107202001251624,0.097692444778366,19025.3554240218,1.09734178006121,0.272505901699683,-1.02025062572709,1.33780564520983,52.6439796126289,-0.762629930124914,0.449087915048342,-0.818314154286285,1.66931367162912,50.0686650464663,-0.490209939685976,0.62612670532602,-0.375980428896398,0.214708590493527,-1.75111963630413,0.0799253044806053,-0.132322041163369,0.214638731687329,-0.616487248704611,0.537572985175132,-0.243658387733029,0.19842666458171,-1.22795183926852,0.219465047686005,-0.201936471440803,2.12641960947405,-0.0949654858999114,0.924342241247719,-1.83856478001337,2.15197671960701,-0.854360906073894,0.392905049996291,1.63662830857257,3.33862734325823,0.490209939685976,0.623985347960838,Model failed to converge with 1 negative eigenvalue: -3.9e+01
0,153035.41644983,0,0.408152806356202,0.323086426118289,0.773393822744571,0.0000359595803410759,0.0191290649737799,0.00168232238833848,-0.297191045764479,0.211228947232735,79.084961825447,-1.40696173350251,0.163356583661181,0.0804053479526017,0.0972057049037061,19026.378466086,0.827166965480604,0.408152806356202,-1.34793675391548,1.35091965136762,51.050278486748,-0.997791950506369,0.323086426118289,-0.449775846717255,1.55357105932601,49.7381412886207,-0.289510958650571,0.773393822744571,-0.297152693836505,0.212484886413617,-1.39846508074968,0.161973451635591,-0.12026270146796,0.212411617986897,-0.566177606515756,0.571273051211048,-0.176889992368545,0.196310258746852,-0.901073604088363,0.367549186317063,-0.898160907198226,2.04586655893462,-0.439012458205457,0.660652509284607,-1.79771260063273,2.07160901346902,-0.867785662711695,0.385511680253149,0.899551693434509,3.107142118652,0.289510958650571,0.772190395002205,
0,153085.560821732,0,0.867212587236584,0.231617994027556,0.766551141152548,0.00000146942881212176,0.028369408560538,0.0018084300480701,-0.28728398113104,0.209347490768064,79.5504698184996,-1.3722828970963,0.173832498422008,0.0162748804347333,0.0973364149447639,19025.484758243,0.167202382006456,0.867212587236584,-1.6898997435086,1.39562158081239,50.2154576833107,-1.21085813428373,0.231617994027556,-0.45126480545634,1.51158995491654,49.1934313453427,-0.298536520429084,0.766551141152548,-0.229604613874401,0.210605234018697,-1.0902132368373,0.275619223826257,-0.180922326895844,0.21053171753927,-0.859359003054238,0.390142480797443,-0.0486822869785578,0.196134424454165,-0.248208783919696,0.803972870388407,-1.23863493805226,2.04433153503439,-0.605887507395625,0.54458945561415,-2.14116454896493,2.07027441469281,-1.0342419023145,0.301023089562378,0.902529610912679,3.02317990983308,0.298536520429084,0.765293706866173,
0,153174.996652903,0,0.819091566259327,0.281591051437514,0.783486919814988,0.00000274945805775374,0.0231053136954829,0.00156210181483042,-0.297442305741234,0.206576327694495,81.2229189568035,-1.43986636349311,0.153748491286181,-0.0223163124853099,0.0975718508166702,19025.9998390201,-0.228716707723834,0.819091566259327,-1.54706447703959,1.42130301383006,50.0932665375297,-1.0884832171506,0.281591051437514,-0.405364651069862,1.46713371054952,48.7937365436519,-0.276297005620593,0.783486919814988,-0.204746968638134,0.207793726814141,-0.985337583464527,0.324458277527284,-0.234887978623459,0.207717752856438,-1.13080358030736,0.258137772683741,0.0301410099853251,0.196139104626725,0.153671599769393,0.8778686788533,-1.14169982596973,2.02963096537754,-0.56251596740758,0.573764527718399,-1.95242912810945,2.0556666334518,-0.949779062586135,0.342224526700083,0.810729302139722,2.93426742109904,0.276297005620593,0.782319955607982,
0,153203.297925568,0,0.791028774382791,0.350985223406164,0.937056697382793,0.00000369011906124433,0.0167457837123915,0.000130028988137815,-0.376535268472495,0.211086092656308,79.2464328289986,-1.78379950916792,0.0782844659982247,-0.0258730677609524,0.0976420822634951,19027.415662326,-0.264978656345446,0.791028774382791,-1.31553286592459,1.3978107204478,52.0076237271466,-0.941138057306606,0.350985223406164,-0.116066566823234,1.46214956465062,48.4544893346384,-0.0793807758312115,0.937056697382793,-0.257756815064254,0.212213117441962,-1.2146130181361,0.224513721368309,-0.305353619867192,0.212136417260745,-1.43942102827102,0.150031270002483,0.0475968048029384,0.196219198480463,0.242569560835697,0.808338863952835,-1.19946629910135,2.00976603024401,-0.59681887396401,0.550628315379782,-1.43159943274782,2.03576836179628,-0.703223146411721,0.481916696661665,0.232133133646467,2.92429912930122,0.0793807758312115,0.936729759048042,Model failed to converge with 1 negative eigenvalue: -3.7e+01
0,153223.607438132,0,0.667450675539092,0.28787392337897,0.963028622162997,0.00000970269846507771,0.0217113809218672,0.0000450549175381058,-0.394880569232532,0.212826986171325,78.6180284411431,-1.85540647986555,0.0672863317704774,-0.041972290524064,0.0976881019812711,19025.9017052611,-0.429656116485004,0.667450675539092,-1.47777343585237,1.37620795296152,51.9549748177191,-1.07380097075612,0.28787392337897,-0.0706628070637415,1.51653293219663,48.1854937369474,-0.046594970385107,0.963028622162997,-0.266451522597711,0.214020460277693,-1.24498154172731,0.213138535275926,-0.34786993815251,0.213945840304943,-1.62597196401052,0.103955619605524,0.0814184155547993,0.196835269248556,0.413637331691746,0.679139728864548,-1.40711062878862,2.03485528932948,-0.691504027911632,0.489248850338592,-1.5484362429161,2.06082626146668,-0.751366707552578,0.452431993128501,0.141325614127483,3.03306586439326,0.046594970385107,0.962836040729542,
0,153296.515926574,0,0.635666339770987,0.22840896644593,0.939676354387078,0.0000117999575833133,0.0283480567761769,0.000118820074709349,-0.405266917219169,0.208419484959509,80.4422975386726,-1.94447710730071,0.0553331859266773,-0.0463669761112191,0.0978672365343624,19022.0503008927,-0.473774245121748,0.635666339770987,-1.75041460618589,1.43578730312491,50.9435340945817,-1.21913225056122,0.22840896644593,-0.120065194268862,1.57838432736719,48.6930870523482,-0.0760684151426765,0.939676354387078,-0.240833195004686,0.209908459042567,-1.14732486772173,0.25124738002658,-0.329274867266632,0.209839035927283,-1.56917832667101,0.116606392845728,0.0884416722619463,0.197799830145256,0.447127139578423,0.654783264579681,-1.63034941191703,2.12063424945128,-0.768802735473544,0.442010424740546,-1.87047980045475,2.14673587323646,-0.87131343160292,0.383583038611735,0.240130388537723,3.15676865473438,0.0760684151426765,0.939364668375914,
0,153371.128677825,0,0.868080540297961,0.263592410914066,0.760147567599752,0.00000145056872904178,0.0246388709739256,0.0019299584462044,-0.465302606114887,0.21474932366143,77.7754392696897,-2.16672443098575,0.0333174527141428,-0.0162859584116039,0.0980495079815134,19019.4022959601,-0.16609933845537,0.868080540297961,-1.65259007891138,1.46180964618646,50.5933312706201,-1.1305097645392,0.263592410914066,-0.482287881879434,1.57094595807977,48.7419916324987,-0.307004756846604,0.760147567599752,-0.302982557388849,0.21622732090826,-1.4012223622629,0.161147589178066,-0.318312886229918,0.216159873843279,-1.47258082904278,0.140864097254483,0.0153303288410691,0.198063073512141,0.0774012468312492,0.938304348932201,-1.17030219703195,2.13273178030005,-0.54873388573377,0.583188087994465,-2.13487796079081,2.1589285405219,-0.988859946367064,0.322731669697193,0.964575763758865,3.14189191615953,0.307004756846604,0.758839751516855,
0,153179.117861429,0,0.986472430981504,0.444371933162495,0.530798120857506,0.0000000151155540089845,0.0117475506435125,0.00808574613585078,-0.503632312541202,0.224591092578604,73.7846420424873,-2.2424411705684,0.0279373832977032,0.00165406311260958,0.0975541752198734,19019.0295896401,0.0169553287584212,0.986472430981504,-1.11210740153652,1.44253877758795,49.9987380308091,-0.770937612780202,0.444371933162495,-0.943653270273554,1.49482517901776,48.8875326247287,-0.631280020914302,0.530798120857506,-0.364865847056111,0.225817017356797,-1.61575886231645,0.106146458990992,-0.327822515167728,0.225748228011145,-1.45215985992831,0.146457160858367,-0.0370433318883832,0.196376331464975,-0.188634402180947,0.850379367795062,-0.168454131262968,2.0642770131177,-0.0816044213991172,0.934961285256089,-2.05576067181007,2.09035913049759,-0.983448557626899,0.325386721771267,1.88730654054711,2.98965035803551,0.631280020914302,0.527857447939559,
0,153115.615816168,0,0.513366659744606,0.504402752513784,0.573586545370334,0.0000224587628390145,0.00893331642300963,0.00634023032120988,-0.454450166579412,0.221986598708196,73.9472483814134,-2.04719640385496,0.044192016891543,-0.0636607792275776,0.0973977190346962,19021.7620698909,-0.653616736187626,0.513366659744606,-0.994519873625294,1.47901806436354,50.1614561257719,-0.672419017446729,0.504402752513784,-0.810415700966758,1.43061506618452,50.2924480756839,-0.566480613913952,0.573586545370334,-0.261183432163895,0.223173443365262,-1.1703159131547,0.241873860326312,-0.35953297175788,0.223102644752592,-1.61151371449039,0.107067800470336,0.0983495395939844,0.195467865345537,0.503149402179882,0.614859235603498,-0.184104172658536,2.04466755984453,-0.0900411276014646,0.928254532444225,-1.80493557459205,2.07066230330661,-0.871670659049413,0.383388071256113,1.62083140193351,2.86123013236904,0.566480613913952,0.571067107777651,
0,153216.564856808,0,0.526732870432021,0.424860279350148,0.600384282200022,0.0000210598552307625,0.0126134288163313,0.00546685384417114,-0.397472181599142,0.206404036236511,79.7291598297342,-1.92569965610407,0.0577069666492437,-0.0618316175243557,0.0976783001525133,19026.5699286709,-0.633012833227164,0.526732870432021,-1.20037008162974,1.49204717184532,50.6663096450355,-0.80451215235049,0.424860279350148,-0.739670948682458,1.40310894148202,50.5563995811189,-0.527165729484402,0.600384282200022,-0.20290522998796,0.207635190593407,-0.977219850874368,0.328460322455885,-0.300125541175838,0.207558541864807,-1.44598019662002,0.14818275636654,0.0972203111878777,0.195736517825428,0.496689694227551,0.619407891009105,-0.460699132947284,2.03511411671898,-0.226375085879717,0.82090970359121,-1.9400410303122,2.06110394237844,-0.941263072872228,0.346570061440738,1.47934189736491,2.80621788296404,0.527165729484402,0.598078505048494,
0,153289.230045198,0,0.87378305827762,0.399809979773131,0.637011138723581,0.00000132632383529906,0.0140989462038144,0.00444213458692225,-0.374940439464123,0.199073389379729,83.6793315789215,-1.88342822027775,0.0631161162084586,0.0155478426978324,0.0978730677918167,19026.7110658557,0.158857212189403,0.87378305827762,-1.26300344352399,1.48736876041871,50.4218104413252,-0.849152864531349,0.399809979773131,-0.676661883423412,1.42530052018565,50.5132526432319,-0.474750323767001,0.637011138723581,-0.262542684454192,0.200379738235916,-1.3102257082754,0.190119491230965,-0.207256622655662,0.200301885991283,-1.0347212739908,0.30079909790471,-0.0552860617985309,0.196308567930354,-0.281628368957106,0.778228485047419,-0.586341560100574,2.04694909262679,-0.286446576621083,0.774536105477595,-1.9396653269474,2.07303984930736,-0.935662345128327,0.349447063806637,1.35332376684682,2.85060104037129,0.474750323767001,0.634964944252355,
0,153244.943948161,0,0.625819724673712,0.341237721696156,0.609910060236208,0.0000124982056049146,0.0179479876153871,0.00520762983303239,-0.305991149181236,0.201747164130178,82.5031607395205,-1.51670607366651,0.133163344272352,0.0476684153752162,0.0977559090619113,19024.8963745115,0.487626945855791,0.625819724673712,-1.36792921277113,1.42376320442345,50.509195054262,-0.960784215044437,0.341237721696156,-0.761583304251859,1.48338223488389,50.3524980901667,-0.513410020925234,0.609910060236208,-0.240067634364136,0.203028873857783,-1.18243100009656,0.237034728786395,-0.117504522300525,0.202952217037035,-0.578976293119691,0.562605169520572,-0.122563112063611,0.196640682613805,-0.623284614528725,0.533097506394171,-0.606345908519273,2.04300713931343,-0.296790890668664,0.766626160494047,-2.12951251702299,2.06909904615338,-1.02919795984727,0.303386660818684,1.52316660850371,2.96676446976777,0.513410020925234,0.607664537315669,
0,153176.715391547,0,0.967600570303893,0.203540065697087,0.534794667850709,0.0000000867068691857134,0.0319300464618428,0.00766676801787602,-0.319097637271791,0.201942816094827,82.8210554137725,-1.58013859290717,0.117886959027313,0.00396395243138361,0.0975901556290762,19027.919462374,0.0406183636641582,0.967600570303893,-1.71564187575335,1.33172762234811,50.3187276178145,-1.28828286427544,0.203540065697087,-0.930514721789321,1.48887009361154,50.556627683798,-0.624980463898084,0.534794667850709,-0.219994240169718,0.20303923976659,-1.08350602781324,0.278583876781979,-0.178800827200287,0.202957453437562,-0.880976895264866,0.378330325582464,-0.0411934129694309,0.196376573826913,-0.20976744917517,0.833849179606465,-0.785127153964032,1.98462604062752,-0.395604581362734,0.69239675683463,-2.64615659754267,2.01040411619521,-1.31623118766323,0.188096458896048,1.86102944357864,2.97774018722306,0.624980463898084,0.531983880147932,
0,153132.531583608,0,0.943772737145024,0.210459920720484,0.531358765471839,0.000000261428877529998,0.0306834170239843,0.00767663424559049,-0.366874641399166,0.20704284868637,80.5686435932927,-1.77197446676803,0.0801794972928365,-0.00687462684979685,0.0974712601007814,19027.9248199677,-0.0705297832683066,0.943772737145024,-1.67155427906247,1.31791794831536,50.8190031969053,-1.26832955056053,0.210459920720484,-0.9396130725651,1.49097536655495,51.3380694067699,-0.630200265974998,0.531358765471839,-0.258294528785614,0.208094177952794,-1.24123861285637,0.21451761451589,-0.238453012182899,0.208013385618429,-1.14633494125377,0.251656590615513,-0.0198415166027147,0.196173768036669,-0.101142557444306,0.919437295284671,-0.73194120649737,1.97706614320827,-0.370215841797592,0.711221673823888,-2.61116735162757,2.00275809565469,-1.30378569298655,0.192306662027041,1.8792261451302,2.9819507331099,0.630200265974998,0.528563565288383,
0,153175.162284604,0,0.635125274029768,0.283378655864018,0.556744315342172,0.0000118342316373177,0.0224169435220956,0.00684397774311498,-0.464152234086258,0.213141153862346,77.7866402962014,-2.1776753370962,0.0324609779328304,0.046301479903971,0.0975727167780997,19027.7634796542,0.474533060397099,0.635125274029768,-1.41762545779057,1.30761069305413,51.2558392238889,-1.08413418865479,0.283378655864018,-0.888609181625666,1.50204988530812,50.7880772567086,-0.591597649530385,0.556744315342172,-0.374570284183065,0.214163465683087,-1.74899244830742,0.0802923247798415,-0.25019992162175,0.214083961903607,-1.16869997825622,0.242524530730553,-0.124370362561315,0.196469779038105,-0.633025410677506,0.526717049244447,-0.529016276164901,1.97861039916003,-0.26736758100002,0.789186157734479,-2.30623463941623,2.00427045416106,-1.15066039846482,0.249871974562809,1.77721836325133,3.00409977061623,0.591597649530385,0.554120048201752,
0,153247.32707449,0,0.36680931909972,0.19519338582823,0.843961105585983,0.0000427986490840708,0.0322717224670852,0.000766239209880189,-0.456255466788563,0.206617599120761,80.6895623372185,-2.20821202419402,0.0300673362797133,0.0882345045427783,0.0977681054491624,19029.7838400834,0.902487617382118,0.36680931909972,-1.69366464274841,1.29052581153824,51.6479082934209,-1.3123833925721,0.19519338582823,-0.298063973084212,1.50663992250324,51.0390705786863,-0.197833582286196,0.843961105585983,-0.402069050800939,0.207638413850171,-1.93639049415523,0.0528198928406677,-0.214944380627215,0.207555379334209,-1.03560014352174,0.30038872500375,-0.187124670173724,0.196877315622742,-0.950463335919787,0.341876875058935,-1.3956006696642,1.97095290238207,-0.708084230717788,0.478892951719558,-1.99172861583262,1.99654354053341,-0.997588369798586,0.318479002967876,0.596127946168423,3.01327984500648,0.197833582286196,0.843175270548476,
0,153380.589346601,0,0.159376544971066,0.229669810362326,0.983288026181459,0.000104062894248324,0.027803839333282,0.00000881255933983717,-0.387806511217855,0.202468807388854,83.461294661599,-1.9153889244433,0.0588676761240347,0.138063509244471,0.0981103616987799,19027.7293497757,1.40722658497943,0.159376544971066,-1.61383105730229,1.32762123033436,51.667433829753,-1.21558093560755,0.229669810362326,-0.0321964594420804,1.52942704587289,50.2866632278051,-0.0210513208387163,0.983288026181459,-0.394401286836778,0.203628652258302,-1.93686537951683,0.0527618014064514,-0.117123258527683,0.203547322497999,-0.57541046028171,0.565013731399689,-0.277278028309095,0.197744907497507,-1.40220060186678,0.160855351984248,-1.58163459786021,2.01230355083159,-0.785982113487098,0.431877966047641,-1.64602751674437,2.03815722138272,-0.80760576243852,0.419317568421697,0.0643929188841607,3.05885409174578,0.0210513208387163,0.983204716621779,
0,153472.492245057,0,0.1771847324903,0.155989867442116,0.923531107809471,0.0000957067288269032,0.0396135151442989,0.000185358680876005,-0.355378608651564,0.204308784042001,82.8431231101088,-1.73941913617629,0.0856752876180996,0.132724554857047,0.0983491530593439,19027.3044255529,1.34952412632329,0.1771847324903,-1.83853715693389,1.2765289403021,50.2905228194271,-1.44026280869024,0.155989867442116,-0.14933127075102,1.54794927222824,50.1989502196147,-0.096470390490291,0.923531107809471,-0.345662759358194,0.205386378143917,-1.68298775450426,0.0923774619987861,-0.0748751198160136,0.205301837235048,-0.364707500061433,0.715329759453976,-0.270787639542181,0.198368030119588,-1.36507702062138,0.172228843626215,-1.68920588618286,1.99358135917782,-0.847322271752941,0.396815515945972,-1.9878684276849,2.01915317249093,-0.984506007155745,0.324866779295118,0.29866254150204,3.09589854445648,0.096470390490291,0.923146989186412,
0,153466.610683765,0,0.165998614474063,0.117713927860737,0.732496191706405,0.000100821322691848,0.047914404316411,0.00232404930133165,-0.386059884959365,0.203768390744587,83.7701970526456,-1.89460143228628,0.0615954443950838,0.136221181653075,0.0983383661908561,19030.3655349818,1.38522925415189,0.165998614474063,-1.95588728873835,1.22880796390277,50.3418898594934,-1.59169483450151,0.117713927860737,-0.5364379539833,1.56079346840586,50.7098450713199,-0.343695668159862,0.732496191706405,-0.383946973377872,0.204784051613213,-1.87488708399546,0.0608082593178983,-0.0923271798934663,0.204695950578342,-0.451045463442768,0.65195678249072,-0.291619793484406,0.198471581205269,-1.46932770784346,0.141743924973138,-1.41944933475504,1.97385128810674,-0.719126786961008,0.472062804005561,-2.49232524272164,1.99900015477184,-1.24678591783606,0.212476005333404,1.0728759079666,3.12158693681171,0.343695668159862,0.731075169253558,
0,153479.741785427,0,0.237297387769866,0.196323396528663,0.727700109316024,0.0000733923078472212,0.0322517090430294,0.00242630611391223,-0.414049433934464,0.207537578292546,81.8846749568394,-1.99505765337022,0.0493626243530244,0.116241770502098,0.0983594209525179,19028.742364314,1.18180616941831,0.237297387769866,-1.63268965615336,1.24719334215914,51.422051008864,-1.30909106147636,0.196323396528663,-0.563880556706838,1.61048927493313,50.4031827729444,-0.350129967012821,0.727700109316024,-0.399096793716233,0.208693188760891,-1.91236137645822,0.0558298584141101,-0.146454761082532,0.208610241406886,-0.702049717668837,0.482648158413706,-0.252642032633701,0.199023921478189,-1.2694053597039,0.204296525577279,-1.06880909944652,2.02428981786788,-0.527992133345937,0.597504795960275,-2.19657021286019,2.04953277799547,-1.07174192891344,0.283835962543269,1.12776111341367,3.22097854986625,0.350129967012821,0.726241162133466,
0,153499.463030031,0,0.43741751264661,0.245324144959684,0.701797030377943,0.0000317011264110959,0.0263062727759194,0.00296463732902047,-0.41380418775529,0.211409737360373,79.719411280191,-1.95735633051712,0.0538054793000687,0.0764080744255228,0.0983907429537158,19023.1121579583,0.776577878484626,0.43741751264661,-1.57055302203984,1.33631402629572,51.1271053286547,-1.17528738839435,0.245324144959684,-0.6356593773946,1.65061303752682,49.8766600419819,-0.385105026400999,0.701797030377943,-0.36985709620421,0.212821730551903,-1.73787279731761,0.0822332298636275,-0.194316393214854,0.212748498938773,-0.913361994017059,0.361052187337209,-0.175540702989357,0.199515155056741,-0.87983643618167,0.378947923021168,-0.934893644645237,2.11081453744816,-0.442906578507586,0.657833308907113,-2.20621239943443,2.1365811806608,-1.03259001783031,0.301795801565353,1.2713187547892,3.30122607505363,0.385105026400999,0.7001596041512,
0,153350.737860145,0,0.528281192131543,0.495788150708626,0.726824322934904,0.000020907985394349,0.00918972011366099,0.00249974278279412,-0.394435163367317,0.207845521162342,80.9137393829768,-1.89773232139669,0.0612978855051422,0.0618085416653219,0.0980086793832283,19021.5827340193,0.630643551716899,0.528281192131543,-0.966055458467783,1.40808933532146,50.7495175934335,-0.686075403196799,0.495788150708626,-0.561593469491014,1.59838840824431,49.2603108900671,-0.351349813721356,0.726824322934904,-0.331548369794001,0.209320292110558,-1.58392846890776,0.113209997992945,-0.187854557235389,0.209249662605145,-0.897753214493209,0.369317132356669,-0.143693812558612,0.198266387641847,-0.724751251423333,0.468604647036039,-0.404461988976768,2.11709022448586,-0.191046174744391,0.848489417127666,-1.52764892795879,2.14314048561872,-0.712808580776621,0.475964215115609,1.12318693898203,3.19677681648862,0.351349813721356,0.725325928070827,
0,153195.815347002,0,0.632199044067429,0.373283269712928,0.76723069312342,0.0000120432591834636,0.0154297978385054,0.00179451419691361,-0.389235513676688,0.210090645744567,79.8803075072082,-1.85270273360923,0.0676183384901555,0.0467223091672368,0.097614371171043,19022.6848348712,0.478641706202957,0.632199044067429,-1.26823333739332,1.41203777115832,51.4745020425116,-0.898158224445346,0.373283269712928,-0.455421150605207,1.53011756005403,49.2776340038313,-0.297638013244633,0.76723069312342,-0.275024852206338,0.211411389551476,-1.30089893827301,0.193293049595828,-0.165299120180002,0.21133920721066,-0.782150753576144,0.434125982237584,-0.109725732026336,0.196837665496412,-0.557442762540464,0.577224955467136,-0.812812186788108,2.06903271900157,-0.392846463626896,0.694432884835812,-1.72365448799852,2.09507146351332,-0.822718708176212,0.410667974022447,0.910842301210413,3.06023512010806,0.297638013244633,0.765979458360975,
0,153208.83076014,0,0.812282203355451,0.162973182087667,0.973673968595136,0.00000296484776142269,0.03698661816063,0.000022221410908181,-0.352685089298783,0.212054240925833,79.1018742994873,-1.66318338062447,0.100233193685351,0.0231886974135847,0.097642305871833,19022.7354157055,0.23748617166029,0.812282203355451,-2.09543558150154,1.48072954421741,52.1416587669898,-1.41513728127105,0.162973182087667,-0.0493720734783524,1.48854445916146,49.5059993038919,-0.033168020729569,0.973673968595136,-0.205179462985848,0.213418115564704,-0.96139665764991,0.336352764199189,-0.157037037394438,0.213347786364303,-0.736061245680276,0.461693426196885,-0.0481424255914099,0.196483126569392,-0.245020661224094,0.806440433541115,-2.04606350802319,2.08649813199911,-0.980620819469806,0.326779763604041,-2.14480765497989,2.11262271245989,-1.01523459079096,0.30999401540679,0.0987441469567047,2.97708891832292,0.033168020729569,0.973540599845043,
0,153164.976981008,0,0.970360969499266,0.188484314824665,0.926705754403635,0.0000000725590905138876,0.0326818641135353,0.000170557877160612,-0.372371365421365,0.217949401988012,76.6588560964157,-1.70852207909176,0.091585804613333,-0.00362402459812635,0.097535243620923,19026.8662573127,-0.037156052146764,0.970360969499266,-1.93160448494178,1.44973692436904,52.5436840623395,-1.33238276026007,0.188484314824665,0.13030362947999,1.40938418690068,50.1081508175474,0.0924543007443097,0.926705754403635,-0.214888876107172,0.219043524908279,-0.981032770528843,0.326576581508416,-0.226795224996372,0.218968543362653,-1.03574340639768,0.300321866274768,0.0119063488892002,0.195522919608929,0.0608949012883727,0.951442910094426,-2.06190811442176,2.00888029851481,-1.02639670265379,0.304704631647351,-1.80130085546178,2.0348468784084,-0.885226733556831,0.376034356511227,-0.260607258959979,2.81876837380135,-0.0924543007443097,0.92633709837047,Model failed to converge with 1 negative eigenvalue: -2.5e+01
0,153030.957570925,0,0.979462414208849,0.111000318235052,0.836837587594656,0.0000000348301281058819,0.0474901978451323,0.000854978233885515,-0.419820871755285,0.21926698875852,76.3266726550883,-1.91465607354893,0.059283847265967,-0.00250195951354465,0.0971890356879628,19027.0264693645,-0.0257432280898176,0.979462414208849,-2.27266199321616,1.40206753775984,52.6983848408324,-1.62093617604707,0.111000318235052,0.303104283394775,1.46416604851442,50.0814568227479,0.207014965073335,0.836837587594656,-0.236321527158009,0.220384394941809,-1.07231515743394,0.283578500964052,-0.25216129623704,0.220311535932902,-1.14456692051677,0.252388601763012,0.0158397690790311,0.195393892404844,0.0810658351910614,0.935389595801909,-2.57576627661093,2.0142096797613,-1.27879748692111,0.200968379124522,-1.96955770982138,2.04012513392693,-0.965410247179437,0.334339370957785,-0.606208566789549,2.92833209702883,-0.207014965073335,0.835998171212111,
0,153135.502816521,0,0.875539136672977,0.108065042058125,0.912717884600923,0.00000128953141670727,0.0482572799997008,0.000239574033246492,-0.483059675219799,0.222006487690894,75.7694903578181,-2.17588089539247,0.0326816951185887,-0.0152617847998283,0.0974392550295148,19024.3686834327,-0.156628709807001,0.875539136672977,-2.36209639842582,1.44494495841344,52.7047006350896,-1.63473105648219,0.108065042058125,-0.169990323422891,1.5431219215083,50.64121491795,-0.110160008132563,0.912717884600923,-0.281982923327935,0.223362626932395,-1.26244451545282,0.206788879607422,-0.306429410696153,0.223296177771234,-1.37230029530594,0.169969973752839,0.0244464873682172,0.196645177887586,0.124317756635723,0.901063688599653,-2.19210607500292,2.10096053890776,-1.04338279296885,0.29677103963491,-2.5320867218487,2.12700428041887,-1.19044740302547,0.23387059112377,0.33998064684578,3.0862438430166,0.110160008132563,0.912282478073818,
0,153205.363958303,0,0.735378433861203,0.113109293639137,0.700843118708824,0.00000600714885878507,0.0485696260414635,0.00296230776550089,-0.474690576968874,0.223260224894546,75.0210304804755,-2.1261762017533,0.0367784151481573,0.0329837247462139,0.0975893963068351,19016.1734204419,0.33798471959503,0.735378433861203,-2.53288603135642,1.5711118393024,50.9130772892899,-1.61216150753537,0.113109293639137,-0.639277544144569,1.65451046787943,50.2482868710438,-0.386384708078592,0.700843118708824,-0.355068581083283,0.225134256104403,-1.5771415120346,0.114762967265213,-0.266247229520121,0.225078644233575,-1.18290755849686,0.23684578574231,-0.0888213515631615,0.198095363086086,-0.448376732193183,0.653881331283529,-1.89360848721185,2.2686142600208,-0.834698309264126,0.403887593856681,-3.17216357550098,2.29455528132747,-1.38247424296781,0.166826133779154,1.27855508828914,3.30902093575885,0.386384708078592,0.699211773664679,
0,153198.250175975,0,0.635766605716061,0.101680407691161,0.634820174497687,0.0000117993238265794,0.0521605753402235,0.0045686594044785,-0.422182373106588,0.212395138692714,78.4201849530393,-1.98772145024179,0.0503330804684748,0.0462112491077113,0.0975674933788051,19011.7841865124,0.473633661247158,0.635766605716061,-2.75023409756031,1.64968925253874,50.5041923114643,-1.66712251615141,0.101680407691161,-0.82314518498957,1.72245191644068,49.7600946502899,-0.477891531910243,0.634820174497687,-0.344281243670509,0.214727252614893,-1.6033420978378,0.108859146991017,-0.222431652919057,0.214676003455108,-1.03612723052007,0.300142789953846,-0.121849590751452,0.198804610722476,-0.612911291688044,0.539934996604801,-1.92708891257074,2.37214392753482,-0.812382794400426,0.416572015783761,-3.57337928254987,2.39782477588409,-1.49025872052404,0.136156221882399,1.64629036997914,3.44490383288135,0.477891531910243,0.632727408832228,
0,153126.389086343,0,0.657566367499319,0.121082830901107,0.503473473858449,0.0000103360052329262,0.0473386276028009,0.00904826812687296,-0.373139269310406,0.20704139584495,80.3000463193353,-1.80224475297608,0.0752593807580269,0.0431734078448416,0.0973947671717792,19010.9668370587,0.443282622860989,0.657566367499319,-2.59565580806345,1.64588697679213,50.0514981872637,-1.57705592465555,0.121082830901107,-1.13441736610493,1.68327783437703,49.7417617171442,-0.673933525967665,0.503473473858449,-0.303920279891384,0.209327139801236,-1.45189142783859,0.146531796441016,-0.177018522721638,0.209273748785115,-0.845870653864964,0.39762490510237,-0.126901757169747,0.198054417604924,-0.640741866323265,0.521690408416438,-1.46123844195852,2.34132977948064,-0.624106204416302,0.532557839547475,-3.73007317416836,2.36704695345804,-1.5758340444912,0.115064054267725,2.26883473220985,3.36655566875405,0.673933525967665,0.50035357636071,
0,153232.886291593,0,0.717627316224066,0.146610549209809,0.385948374997504,0.00000687866972905951,0.0418390328207551,0.0150460706022558,-0.349966692164158,0.207536509944552,79.9829577087112,-1.6862897629803,0.0956372430793307,-0.0353237470089132,0.0976773537660206,19012.4600878512,-0.361637018684277,0.717627316224066,-2.37127195307672,1.60806178602137,49.7982526897763,-1.47461495179465,0.146610549209809,-1.43332245384736,1.63876749351628,50.077881609109,-0.874634418560437,0.385948374997504,-0.192221485591482,0.20959646270682,-0.917102717808544,0.359088817032222,-0.211628307547466,0.209538908597281,-1.00997141277566,0.312508986442178,0.0194068219559847,0.198093366021863,0.0979680559006848,0.921957659013549,-0.937949499229357,2.28294543812428,-0.410850598339309,0.681182088664219,-3.80459440692407,2.30889656275098,-1.64779768323229,0.0993941946192937,2.86664490769471,3.27753498703256,0.874634418560437,0.381772854034959,
0,153329.068983217,0,0.521308091611979,0.0922530294580917,0.423628972620539,0.0000216260149131831,0.0551439312799159,0.0125116153457417,-0.353614953762534,0.203088543070309,82.3907607573548,-1.74118612707814,0.0853836797186191,-0.0628176386014281,0.0979471435360338,19019.2668974027,-0.641342221259552,0.521308091611979,-2.58667692721819,1.50718547445897,50.4683273335949,-1.71623000025708,0.0922530294580917,-1.29158855227856,1.60131567813869,51.3467635320216,-0.806579595710857,0.423628972620539,-0.159682383468679,0.20483682494857,-0.779558966063701,0.435650516831215,-0.239143915699852,0.204771140741332,-1.16785946903495,0.242863455385442,0.0794615322311733,0.198191756778515,0.400932579249368,0.688469762795356,-1.29508837493963,2.18593362393629,-0.592464638796998,0.553539493060437,-3.87826547949675,2.21208817697002,-1.75321468640954,0.0795651630222995,2.58317710455712,3.20263135627738,0.806579595710857,0.419908733235255,
0,153401.379758612,0,0.989999826342555,0.0995442235293051,0.573509141287722,0.0000000082578228855095,0.0522678847838451,0.00613367116115806,-0.350855842186719,0.204321660653637,82.3636641597781,-1.71717399449628,0.0897055990277423,-0.00123015722430322,0.0981467814813356,19024.0750527872,-0.0125338519076874,0.989999826342555,-2.41776136924708,1.4412173952319,51.0291753633202,-1.67758270004647,0.0995442235293051,-0.874455704631927,1.54368355348769,51.9955964888514,-0.566473421742587,0.573509141287722,-0.217343775875125,0.20575473361049,-1.05632454749048,0.290819964697887,-0.188542668392206,0.205682047224943,-0.916670516148681,0.359315320532027,-0.0288011074829187,0.197966471985874,-0.145484774234769,0.884328136252102,-1.54330566461515,2.09873955859613,-0.73534882319914,0.462127080984187,-3.292217073879,2.124953000054,-1.54931289011819,0.12130652258379,1.74891140926385,3.08736710697537,0.566473421742587,0.571071995633182,
0,153425.630203634,0,0.789468874442202,0.243891352408454,0.484855652342492,0.00000374762442273432,0.027158919691968,0.00945177471410217,-0.323230251174034,0.212489227881722,78.4277056846649,-1.52116064610086,0.132241267501476,0.0262210166577008,0.0982045353395977,19022.9678775975,0.267004131398075,0.789468874442202,-1.697044538024,1.43906040203738,49.8147373568163,-1.17927262512496,0.243891352408454,-1.05401607678226,1.4981278524338,51.8751035288395,-0.703555490988264,0.484855652342492,-0.237255285847421,0.213756241501049,-1.10993383950502,0.267027537169608,-0.147132623170959,0.213682684147105,-0.688556603256016,0.491102338451919,-0.0901226626764625,0.197620295346532,-0.456039510104113,0.648361566883487,-0.64302846124174,2.06416787261784,-0.311519460103908,0.75540575133852,-2.75106061480625,2.09040063135088,-1.31604467275177,0.188159049195976,2.10803215356451,2.9962557048676,0.703555490988264,0.481709637886689,
0,153346.968119776,0,0.715985421112491,0.185224066991184,0.501537154144239,0.0000069587154927332,0.0350022482205522,0.00879312201425765,-0.351614053246968,0.203874430220714,81.9986144283489,-1.72465989416285,0.0883564672504289,0.0356585910992102,0.0980076439361044,19022.8839598131,0.363834795604899,0.715985421112491,-2.00520973943091,1.49259158391606,49.758581934298,-1.34344167623531,0.185224066991184,-1.00618997943367,1.4866302641685,51.6386932672049,-0.676825975957411,0.501537154144239,-0.255748836442215,0.205299273264086,-1.2457366866235,0.212861080307207,-0.148460787653601,0.205226466137119,-0.723399815082374,0.469434284806437,-0.107288048788614,0.19714673752647,-0.54420402860691,0.586301079886145,-0.999019759997235,2.09348335782998,-0.477204538675092,0.633216479510025,-3.01139971886457,2.11969945698121,-1.42067296802221,0.155411854640675,2.01237995886734,2.973260528337,0.676825975957411,0.498516374944963,
0,153373.19676221,0,0.513828130246504,0.118485192071636,0.512335892053067,0.0000224009962001879,0.0479357578977606,0.008289224633713,-0.405137213859873,0.198074648944141,85.9285518856013,-2.04537640742772,0.043876531658378,0.0640463960192748,0.0980951431796445,19029.0593594204,0.652900785332305,0.513828130246504,-2.31624820688373,1.45822275765742,50.1105425158974,-1.58840492285603,0.118485192071636,-0.93668871866387,1.41981036767091,52.0716112456947,-0.659728045373015,0.512335892053067,-0.337616715249486,0.199294580032709,-1.6940586903772,0.0902541310691904,-0.176037697324885,0.199213736688224,-0.883662443420704,0.376878459847153,-0.161579017924601,0.19666970057489,-0.821575552575131,0.411318507958761,-1.37955948821986,2.02215776993614,-0.682221490691811,0.495098907559838,-3.2529369255476,2.04827442880062,-1.58813530052825,0.112255747455978,1.87337743732774,2.83962073534181,0.659728045373015,0.509428365795966,
0,153406.496931047,0,0.321163024426838,0.169639975475594,0.490463193921673,0.000051725932231381,0.037721520816827,0.00934210596499424,-0.400024170498958,0.200545665193696,85.0232391001241,-1.99467871874766,0.049281385005943,0.0973982979490895,0.0981742086974682,19027.2982126565,0.992096592794858,0.321163024426838,-1.9639069936968,1.40917134584157,49.5479630958358,-1.3936608911984,0.169639975475594,-1.04073873544369,1.49837859980838,51.1586681844286,-0.694576614733275,0.490463193921673,-0.376283020449623,0.201819023297823,-1.86445764279785,0.0622574645293203,-0.144280454532778,0.201740745052189,-0.715177563637199,0.474499330953046,-0.232002565916845,0.197565059429109,-1.17430970125612,0.24027099891107,-0.923168258253114,2.0437915249143,-0.451693945786287,0.651489480315288,-3.00464572914048,2.06995672015086,-1.45155002512395,0.146626763005865,2.08147747088737,2.99675719961675,0.694576614733275,0.487320671753255,
0,153461.925276223,0,0.436235276592687,0.164570511980377,0.777822303409536,0.0000318622130082277,0.0385979368552605,0.00158774776949002,-0.385053045546746,0.208966041328245,81.0350410582366,-1.84265846785078,0.0690359867182806,0.0765338150724174,0.0982988941509245,19024.781895912,0.778582665995308,0.436235276592687,-1.9332457489786,1.37039092929752,49.5708237087452,-1.41072573354642,0.164570511980377,-0.45361685744711,1.59911187688149,50.5998307289868,-0.283667993468807,0.777822303409536,-0.316291875316411,0.210341217180873,-1.50370849591704,0.132656440705572,-0.147007634197696,0.210267623966291,-0.699145362584507,0.484461191852474,-0.169284241118715,0.198807735259153,-0.851497256372078,0.394493186750287,-1.47962889153149,2.09293287717472,-0.706964331091622,0.479588644153912,-2.38686260642571,2.11893656332837,-1.12644363580026,0.259977785559762,0.907233714894218,3.19822375376297,0.283667993468807,0.77666482506066,
0,153463.745683499,0,0.486093903829696,0.10311479081011,0.976147311069052,0.0000255044818193633,0.0534311097614199,0.000018271756916529,-0.416491608546914,0.209077130994059,81.1341940477759,-1.99204765517252,0.0497294855746881,0.0684708330708038,0.0983001653706322,19022.8308395227,0.696548503378814,0.486093903829696,-2.29539210692545,1.3819293734061,48.8765005904749,-1.66100536763894,0.10311479081011,0.0485541497323388,1.61571862609353,49.4234433007822,0.0300511171612427,0.976147311069052,-0.286182443087641,0.210517317028822,-1.35942471206994,0.174012044744021,-0.150976567281975,0.210445299513191,-0.717414775389229,0.473118205404617,-0.135205875805666,0.198984207519417,-0.679480434609225,0.496833500450109,-2.34394625665778,2.11304663721482,-1.1092733190912,0.267312291448788,-2.2468379571931,2.13906167571938,-1.05038484055747,0.293541212557362,-0.0971082994646775,3.23143725218706,-0.0300511171612427,0.976026285958692,
0,153539.905776721,0,0.242637263851916,0.120199746530154,0.806102877352926,0.0000717677761144792,0.0490792721971129,0.00121803420234901,-0.419157149767026,0.203363131917323,83.8370243148395,-2.06112654646484,0.0423898074735181,0.115092018321682,0.0984991780069695,19022.3663533537,1.16845663741009,0.242637263851916,-2.30815618937894,1.45920164042572,48.4781422597993,-1.58179385592353,0.120199746530154,-0.392325720232046,1.58988446838962,49.9313877391583,-0.246763666186028,0.806102877352926,-0.371709123300394,0.204943589322795,-1.81371432270046,0.0697217188566096,-0.127499607939472,0.204873168933917,-0.622334337887835,0.533722046748212,-0.244209515360923,0.199092531748193,-1.22661313921002,0.219968028410082,-1.91583046914689,2.14482534133182,-0.893233790289544,0.371731986211116,-2.70048190961098,2.17111223930872,-1.24382418408309,0.213564277573611,0.784651440464091,3.17976893677923,0.246763666186028,0.805091131214658,
0,153527.910280988,0,0.146819724690325,0.219193923086151,0.560955158387128,0.000110672560020844,0.0303000508257995,0.00670063002573824,-0.365080636447787,0.211858840474153,79.717738928433,-1.72322587828157,0.088724591073768,0.142838629819319,0.0984472036710295,19019.38888588,1.4509160696593,0.146819724690325,-1.87683290690017,1.50818523526498,49.5605212035258,-1.24443129598097,0.219193923086151,-0.95043926557968,1.62392030462404,50.7789641024978,-0.585274574665609,0.560955158387128,-0.409742353520473,0.213573415722738,-1.91850821945182,0.0550466009095884,-0.0900872917539608,0.213509293092381,-0.421936162352342,0.673071613845979,-0.319655061766512,0.199353008991689,-1.60346243772944,0.108832595672676,-0.926393641320487,2.20307203893473,-0.42050083925918,0.67411961641781,-2.82727217247984,2.22933920939524,-1.2682108494592,0.204722663571441,1.90087853115936,3.24784060924807,0.585274574665609,0.5583631079527,
0,153553.738021181,0,0.33322246103219,0.24212136013654,0.498954129665797,0.0000492333780336661,0.0271943060154193,0.00905062148945763,-0.383018361694731,0.218499671920464,77.4072350261836,-1.75294707917984,0.0835702915667132,0.0953144074193838,0.0984990697485413,19018.3059318334,0.96766809740145,0.33322246103219,-1.86355202400603,1.57436451690861,50.1210984119614,-1.18368522917759,0.24212136013654,-1.10064416821185,1.61617529891181,50.7796860034993,-0.681017813446926,0.498954129665797,-0.376521200697244,0.220293099790271,-1.70918290702573,0.0874170740544718,-0.146544821931924,0.220232899654487,-0.665408402476793,0.505789312120484,-0.22997637876532,0.19937198537382,-1.15350398068273,0.248703584632026,-0.762907855794179,2.24306847040183,-0.340117952644357,0.733767702601409,-2.96419619221788,2.26934710763168,-1.30618898371671,0.191488298166767,2.2012883364237,3.23235059782361,0.681017813446926,0.495860218950934,
0,153532.972641813,0,0.858625563837546,0.420407296014229,0.422368828952446,0.00000166821984010032,0.0128440257822087,0.0127401885064896,-0.345636620126888,0.229194217297006,73.9426909686158,-1.50805122486571,0.135802395446918,0.017534724343538,0.0984397540533723,19019.6639545252,0.178126454217175,0.858625563837546,-1.27364397127864,1.56791753620715,50.7147469767631,-0.812315661931835,0.420407296014229,-1.26148607655989,1.55956363881313,50.7007431697729,-0.808871177273608,0.422368828952446,-0.242770789578508,0.230767513869652,-1.05201458172157,0.292792859604509,-0.162603746706622,0.230706468622043,-0.704807921848995,0.480929777972001,-0.0801670428718861,0.198678156658371,-0.403502046829104,0.686578929283645,-0.0121578947187515,2.1982733591665,-0.00553065644363779,0.995587197109115,-2.53513004783852,2.224590417602,-1.13959406989232,0.254455457064551,2.52297215311977,3.11912727762625,0.808871177273608,0.418589249382814,
0,153607.404946545,0,0.737518029177281,0.55313872689322,0.546653831234822,0.0000059062446403607,0.00711947252354841,0.00724878117508589,-0.286041337790104,0.233370281426946,72.7296125918403,-1.22569735975421,0.224266793778425,0.0330533899688177,0.0986236108412335,19017.6224031031,0.335146824243008,0.737518029177281,-0.925287604303869,1.54959196406727,49.7242169075328,-0.597116935141578,0.55313872689322,-0.979925812490794,1.61469914168156,50.4404097540852,-0.606878264312629,0.546653831234822,-0.183112904230473,0.23499031191067,-0.779235972502912,0.435840723426583,-0.081974190572694,0.234931379207016,-0.348928231083428,0.727143190255742,-0.101138713657779,0.199584184783632,-0.506747134135018,0.612332254114104,0.0546382081869246,2.22475802072695,0.0245591689873182,0.980406587895502,-1.90521341679466,2.25109504368632,-0.846349611998052,0.39735773897765,1.95985162498158,3.22939828336311,0.606878264312629,0.543931703763848,Model failed to converge with 1 negative eigenvalue: -4.3e+01
0,153569.233708039,0,0.323378097125916,0.407778004729641,0.431783891771944,0.00005127281871517,0.0140833930765657,0.0122589083903646,-0.272515336624743,0.234259771832871,72.3710388482197,-1.16330402993462,0.248527428704516,0.097315392704683,0.0985407062265767,19020.5152162419,0.987565407547656,0.323378097125916,-1.18663327592925,1.421092809763,48.8113750872107,-0.835014622392713,0.407778004729641,-1.26349720348365,1.59436959155292,50.6013247005881,-0.792474474035221,0.431783891771944,-0.216248010435272,0.235568541622803,-0.917983398570819,0.358627557338042,0.0235522660966091,0.23550291426375,0.100008384907848,0.920337668627672,-0.239800276531881,0.199209266768475,-1.20376065040479,0.228682102719622,0.0768639275543954,2.12261373055971,0.0362119242176612,0.97111337807555,-2.4501304794129,2.14884836312309,-1.1402063177003,0.254200356065442,2.52699440696729,3.18873918310583,0.792474474035221,0.428084069815595,
0,153539.878921168,0,0.243607070430755,0.178415317395978,0.358705757678085,0.0000714526746771524,0.0356028639149153,0.016234291295749,-0.282305933695352,0.225397199661092,74.9296905441162,-1.25248199232213,0.214289363834234,0.114850518686758,0.0984949926421094,19027.7788274193,1.16605439125294,0.243607070430755,-1.81989766385666,1.33358667876667,50.4454981921579,-1.36466394935778,0.178415317395978,-1.39889161904906,1.51061601337991,51.9658833472324,-0.926040507090302,0.358705757678085,-0.239745074630707,0.226397572105199,-1.05895603208724,0.289619804120089,0.039965747009668,0.226320744838575,0.176588969067656,0.859831259320887,-0.279710821640375,0.198271867309492,-1.41074387121074,0.158320150011087,-0.421006044807593,2.00201556112172,-0.210291095126007,0.833440484965347,-3.21878928290571,2.02799458390646,-1.58717844142634,0.112472236012009,2.79778323809812,3.02123202675981,0.926040507090302,0.354424929652809,
0,153497.389322197,0,0.118493318824389,0.156327035591606,0.485027210398302,0.000128106766993732,0.0388843581034286,0.00958874988166225,-0.307143180390537,0.220075850059848,76.2640183717576,-1.39562419187299,0.166877949820297,0.153588547085205,0.0983785519070132,19023.4421542452,1.56119951054348,0.118493318824389,-2.07436041314981,1.44183515361926,51.1608702245183,-1.43869457471805,0.156327035591606,-1.06485719694763,1.51396847624794,51.0978527654932,-0.703354933510016,0.485027210398302,-0.307215097342506,0.221334246042299,-1.38801429437988,0.165132692427206,0.038030191653866,0.22126304755513,0.171877735907938,0.863533650261653,-0.345245288996372,0.198099440502804,-1.74278780454953,0.0813706873704009,-1.00950321620218,2.07750719052636,-0.485920443888527,0.627023572901869,-3.13921761009743,2.10379233478041,-1.49217085650476,0.135654360338971,2.12971439389525,3.02793695249587,0.703354933510016,0.481834584294631,
0,153406.695212662,0,0.0310175513394445,0.194803800373146,0.498841898302377,0.000244605142312192,0.0326483518804322,0.00928207411315165,-0.336622595702612,0.217697103807377,76.7657177514365,-1.54628881053219,0.126147675483892,0.211654653154489,0.0981241973897458,19016.5434470064,2.15700773901676,0.0310175513394445,-2.02002673774511,1.53763789083043,51.1362886020593,-1.31372070745093,0.194803800373146,-1.09735916856543,1.61063904421331,49.5457191944174,-0.681319115234425,0.498841898302377,-0.405210334823075,0.219414397458324,-1.84678097479925,0.0647788903043967,0.0573290980632029,0.219353063594026,0.261355356172761,0.79381848143364,-0.462539432886278,0.198617489024392,-2.32879508827882,0.01986992374432,-0.922667569179674,2.21362991816487,-0.416812025175634,0.676815905990265,-3.11738590631054,2.23982575517136,-1.39179840177882,0.163983454089069,2.19471833713086,3.22127808842662,0.681319115234425,0.495669590588604,
0,153608.721450133,0,0.0196736783776171,0.185631663374269,0.388740803535464,0.000286033048463699,0.0340235401445843,0.0149048601200013,-0.427634116803988,0.220371461156187,76.3195965847835,-1.94051495851772,0.0560105478331089,0.230119286610127,0.098648850659735,19018.7304590047,2.33271127915992,0.0196736783776171,-2.00561014745656,1.49485217127598,51.1073763512433,-1.34167791705089,0.185631663374269,-1.40438929967093,1.61520059767229,49.9657444225745,-0.869482899953627,0.388740803535464,-0.529547159058756,0.221963338801965,-2.38574154595511,0.0170447250524147,-0.0191022618125061,0.221899306257008,-0.0860852705433043,0.931398632558582,-0.51044489724625,0.199633194589087,-2.55691393556527,0.0105605342073972,-0.601220847785624,2.1875786301067,-0.274833937172032,0.783443823609055,-3.40999944712748,2.21391321114432,-1.5402588637903,0.123497266637568,2.80877859934186,3.23040119534457,0.869482899953627,0.384583057185323,
0,153794.259508552,0,0.0805500821008852,0.163576918758625,0.339415065375891,0.000160519598142684,0.0379319804450859,0.0179844316974059,-0.506550236760839,0.22297525479568,76.118001561087,-2.27177781330492,0.0259248360235973,0.173254899576088,0.099138968624793,19023.2394755062,1.7475963486346,0.0805500821008852,-2.02686285836838,1.43377819368047,50.6856531611494,-1.41365161452587,0.163576918758625,-1.53329726195327,1.58989651535042,50.7851406326432,-0.964400668313512,0.339415065375891,-0.527274230713241,0.224341173469016,-2.35032304841743,0.0187571238410116,-0.125949702354684,0.224271913338244,-0.561593738957086,0.574392847198944,-0.401324528358557,0.200274686200148,-2.00387046397609,0.0450839382084775,-0.493565596415112,2.12765954375529,-0.231975833663678,0.816556783805762,-3.56016012032165,2.15407672617786,-1.65275455468047,0.0983808264916545,3.06659452390654,3.17979303070084,0.964400668313512,0.334845087304092,
0,153874.947880923,0,0.317319742399229,0.14677486370065,0.453273818115859,0.0000525606576245475,0.041244883427027,0.0112616871258947,-0.500080878625778,0.219782549679387,77.6947531556958,-2.27534387673309,0.025641669601446,0.0993587429542873,0.0993580276487556,19024.9110718072,1.00000719927266,0.317319742399229,-2.05490361033762,1.39439758223885,50.4832472490795,-1.47368558043414,0.14677486370065,-1.20377029085113,1.59260302976801,50.1591388484748,-0.755850810497629,0.453273818115859,-0.408005072937862,0.221082936405999,-1.8454842312597,0.064967130249595,-0.166253307795245,0.221010095207145,-0.752243048623735,0.45190490976983,-0.241751765142617,0.200705269604094,-1.20451129967584,0.228392017290874,-0.85113331948649,2.10355356408023,-0.404616898766086,0.685759134980984,-3.25867390118874,2.12991090391238,-1.52995784715828,0.126027163170977,2.40754058170225,3.185206059536,0.755850810497629,0.449738648795805,
0,153822.788362944,0,0.374368097492619,0.140358914320353,0.472495019846223,0.0000414809017901807,0.0430709104946701,0.0104617100231388,-0.479553746232153,0.217124067492006,78.7576173042522,-2.20866231814586,0.0301052206125134,0.0881457022833594,0.099224974002828,19023.6607402899,0.888341903529723,0.374368097492619,-2.02236508590931,1.34977552194099,49.8760126334346,-1.49829734873331,0.140358914320353,-1.1841376024181,1.6356470487553,49.5741277667349,-0.723956677156731,0.472495019846223,-0.402964642703457,0.218456510792881,-1.84459891463481,0.0650959050148023,-0.184340819218208,0.218382497817183,-0.844119016225042,0.398602902392051,-0.218623823485249,0.200900426702833,-1.08821980656433,0.276498082893405,-0.838227483491203,2.1075956327223,-0.397717413377108,0.690838500048496,-3.2065026883274,2.13366143152934,-1.50281700786477,0.132886238846137,2.3682752048362,3.27129409751059,0.723956677156731,0.469092332550029,
0,153670.355577842,0,0.402595483441051,0.179143159325736,0.439906541834826,0.0000368194848799573,0.0355102490566415,0.0119868657908907,-0.479402522458901,0.211880105636371,80.7407052861006,-2.26261224959767,0.0263458043348661,0.0827336541741106,0.0988438688658261,19027.0404962254,0.837013515592109,0.402595483441051,-1.69638583304909,1.24518950409678,50.410646822277,-1.36235153562396,0.179143159325736,-1.28639228424877,1.65225595905032,49.9630882321487,-0.778567193056556,0.439906541834826,-0.449096827736834,0.213091924949513,-2.10752626052459,0.0350719878518669,-0.237641538803265,0.21301036628494,-1.11563367993733,0.264578969320917,-0.211455288933568,0.200358787723633,-1.05538315207438,0.291250125129237,-0.409993548800319,2.05627663880248,-0.19938637684426,0.841960516244817,-2.98277811729786,2.08149458211529,-1.43299826140631,0.151858334177456,2.57278456849754,3.30451191810063,0.778567193056556,0.43623471090628,
0,153667.978897289,0,0.479036925332209,0.323053498960914,0.349252829954165,0.0000263326259076937,0.0191398686247609,0.0173039889489723,-0.481327175689797,0.211443717604866,81.1622239385769,-2.27638437851,0.0254569308897728,0.0699638737389873,0.0988376877561508,19028.1661714624,0.707866354700648,0.479036925332209,-1.20970266365934,1.21229126839717,51.0283410397314,-0.997864700666157,0.323053498960914,-1.59379063719076,1.68694354393126,50.6914144381161,-0.944780068618413,0.349252829954165,-0.435929231551247,0.212682983486023,-2.04966671242834,0.0403969654708012,-0.239024142264168,0.212599836101775,-1.1242912819074,0.260889475629203,-0.196905089287079,0.200714592069224,-0.981020299805451,0.326582731101317,0.384087973531418,2.06493030739953,0.186005296234486,0.85244060801588,-2.8034933008501,2.08971770946929,-1.34156555603009,0.179736900548092,3.18758127438151,3.37388708786251,0.944780068618413,0.34477116948926,
0,153685.151706114,0,0.40417855477427,0.350410670508173,0.381577933015098,0.0000365740766873908,0.0171144446183771,0.0150313803918981,-0.42934776211898,0.215076233477167,79.3303011142016,-1.99625851344733,0.0493367467393644,0.0824808216618282,0.0988741127739306,19026.1757016403,0.834200372046983,0.40417855477427,-1.16972203039614,1.24116577744146,51.0088927626112,-0.942438191300611,0.350410670508173,-1.49263082545015,1.69113188364656,51.047371727612,-0.882622366643347,0.381577933015098,-0.38471212700287,0.216358712730268,-1.77812172270819,0.0753838654504523,-0.166389562393854,0.216279243214124,-0.76932746721849,0.441698935359592,-0.218322564609016,0.200830834719819,-1.0870968340773,0.27699401686744,0.322908795054004,2.08514070960014,0.154861872662746,0.876930212166914,-2.66235285584629,2.11021972579251,-1.26164722246941,0.207075755873572,2.98526165090029,3.38226376729312,0.882622366643347,0.377440339787303,
0,153608.71528691,0,0.41100399795844,0.412676646091158,0.433190042060543,0.0000355337888933863,0.0134722190703728,0.0120595394645427,-0.421797742472452,0.216883106364577,78.3355260473855,-1.94481603266701,0.0553860259157858,0.0811159100533803,0.0986636072895203,19021.3422520589,0.822146202452869,0.41100399795844,-1.11760047758929,1.3528706705533,49.9724655798281,-0.826095577289894,0.412676646091158,-1.31567180735348,1.66545542614824,51.1245099942534,-0.789977195845034,0.433190042060543,-0.369971313608003,0.218319169872055,-1.69463503285041,0.0901446769908879,-0.160704782337226,0.218248248484972,-0.736339390821235,0.461524179692366,-0.209266531270777,0.200178984028864,-1.04539710942185,0.295839472121883,0.19807132976419,2.13271606765996,0.0928728079502475,0.926004608471287,-2.43327228494277,2.15859302097568,-1.12724921339871,0.259637128338299,2.63134361470696,3.33091085229647,0.789977195845034,0.429541086246114,
0,153589.060879083,0,0.535386068510634,0.489617617035303,0.414568112869084,0.0000201993083116314,0.00952965480386196,0.0131850776792485,-0.380301070741791,0.211229797490403,80.0232876117785,-1.80041393430332,0.0755633830156283,0.0611218511608643,0.0986128264622131,19018.703755498,0.619816441264719,0.535386068510634,-1.00875218556308,1.44931770923018,50.3507666391548,-0.696018670812275,0.489617617035303,-1.34095799636467,1.6300634493709,50.6494047022069,-0.822641595259493,0.414568112869084,-0.296110635672691,0.212824569288134,-1.39133670827169,0.164123347361489,-0.125928251614701,0.212756953837962,-0.591887829483634,0.553925704127028,-0.17018238405799,0.199719334756924,-0.852107705371227,0.39415431569726,0.332205810801592,2.16803854163529,0.15322873852188,0.87821789521306,-2.34971018192775,2.19428034319005,-1.07083408426825,0.284244038336245,2.68191599272934,3.2601268987418,0.822641595259493,0.410711837329037,
0,153655.906609295,0,0.795509272782367,0.409969990115756,0.338221320475777,0.00000353170222297602,0.0134770848415221,0.0182574897224413,-0.340027711227348,0.20833137705847,81.0887802427856,-1.63214833995897,0.10652592553017,0.0256027194603858,0.0987885387284591,19018.3773270497,0.259166901241046,0.795509272782367,-1.24920694854528,1.50353811883225,50.5302109711214,-0.830844880418129,0.409969990115756,-1.53954504157684,1.59224362191275,50.2715521875025,-0.966902941477885,0.338221320475777,-0.220615034878949,0.20997053213714,-1.0506952220079,0.293398591167549,-0.11437151127031,0.209902967021405,-0.544878011460634,0.585837420201992,-0.106243523608639,0.199656327076379,-0.53213201486971,0.594634565280803,0.290338093031563,2.17670483081648,0.133384227811291,0.893889518330911,-2.78875199012212,2.20310901503015,-1.26582569046587,0.205575495257127,3.07909008315368,3.1844872438255,0.966902941477885,0.333592556046179,
0,153626.296726096,0,0.643007986970128,0.252314291852181,0.303306578815957,0.0000112954746773097,0.0259403936256916,0.0210316998337342,-0.364426707993615,0.211955002411887,79.3876840229875,-1.71935884431467,0.0894459416410665,0.0457534984358946,0.0987120593080005,19019.4869558785,0.463504649347199,0.643007986970128,-1.69468813360411,1.46342165866486,50.3558107024111,-1.15803133264424,0.252314291852181,-1.65103494513525,1.58752634156257,50.3459922787421,-1.04000475577002,0.303306578815957,-0.247014010242532,0.21346789898868,-1.15714827106454,0.247211787879096,-0.0964832117417159,0.213398907000769,-0.452126082076738,0.651178155018329,-0.150530798500816,0.199462341789933,-0.75468279951987,0.450439329440144,-0.0436531884688594,2.14591199196579,-0.0203424877778284,0.983770162444734,-3.34572307873935,2.17226780005281,-1.54019825670574,0.123512034722544,3.30206989027049,3.17505268312513,1.04000475577002,0.298337691165167,
0,153640.187686347,0,0.778913965139724,0.192801740489573,0.24435502395551,0.00000414387869370515,0.0337297610268167,0.0271366499798841,-0.309346862577812,0.215061102439286,78.4217555194976,-1.43841382318378,0.154295685305351,0.0277219381051462,0.0987464479283671,19019.3373320631,0.280738585404675,0.778913965139724,-1.93879963130725,1.46860791435194,49.9274594474274,-1.32016150284931,0.192801740489573,-1.84222862897417,1.56371046820621,49.7588090314827,-1.17811363831788,0.24435502395551,-0.162869658894247,0.216506521637614,-0.752262138167165,0.451893432054179,-0.0415668876482848,0.216437198713246,-0.19205057122993,0.847702592532729,-0.121302771245962,0.19928345709475,-0.608694635341901,0.542726863560335,-0.0965710023330777,2.13198916110577,-0.0452961976049591,0.96387121820119,-3.78102826028141,2.15838399870764,-1.75178664340792,0.0798105017428849,3.68445725794833,3.12742093641241,1.17811363831788,0.238751305620843,
0,153575.742214356,0,0.622203834738338,0.2259155468113,0.282826255936432,0.0000127635395724648,0.0290612804532605,0.0233951200418159,-0.224822982092915,0.212746037143958,79.2940756509913,-1.0567669560904,0.293826946679751,0.0485801432748006,0.0985923601648463,19021.9214498849,0.492737400682717,0.622203834738338,-1.75189004763919,1.42894365200666,50.2181325651706,-1.22600359025985,0.2259155468113,-1.64495071478445,1.51486937559543,49.2208399669524,-1.08586967383765,0.282826255936432,-0.134856303198543,0.214011650469137,-0.630135335636746,0.528606042506787,0.0211102763159893,0.213937367959936,0.0986750305348368,0.921396294837034,-0.155966579514533,0.198505780123217,-0.785702962491677,0.432041527248341,-0.106939332854739,2.06927902302839,-0.0516795133303163,0.958784061416475,-3.39684076242364,2.09559125220275,-1.62094624075811,0.105029168640065,3.2899014295689,3.02973875119085,1.08586967383765,0.277536655588069,
0,153654.79313232,0,0.490596520211647,0.253923268767017,0.295373584166768,0.000024979008495207,0.0258166872231556,0.0218016152385082,-0.232470875864039,0.222711221212466,75.0200921899289,-1.04382201578547,0.29991968983806,0.0681070058041764,0.0987954764536318,19024.945065788,0.689373726904808,0.490596520211647,-1.62651772522638,1.40935551400065,50.2593254924872,-1.15408618270438,0.253923268767017,-1.53184174751194,1.44862533221469,50.1711345488689,-1.05744509187205,0.295373584166768,-0.180924497581787,0.223730101261757,-0.808673024154722,0.418703248710499,0.010052209206709,0.223652765210232,0.0449456066293658,0.964150664719513,-0.190976706788496,0.198241489371722,-0.963353874074239,0.33536996570299,-0.0946759777144455,2.00791650567339,-0.0471513518848705,0.962392599934734,-3.15835947273832,2.0341750028453,-1.55264884698739,0.120507049147531,3.06368349502387,2.89725066442938,1.05744509187205,0.290308501418063,
0,153720.403790301,0,0.153993162297919,0.0952262496966303,0.340099738086863,0.000106823548419435,0.0544590627237478,0.0177437370510958,-0.269361441677421,0.233348333612882,72.0145741485473,-1.15433197017933,0.252180403064843,0.141061519444295,0.0989471754907087,19023.7844547666,1.42562451878721,0.153993162297919,-2.3844096034362,1.40219019089343,50.2062806192774,-1.70048943354605,0.0952262496966303,-1.45318996456875,1.50914118992469,51.3292298723121,-0.962925122096278,0.340099738086863,-0.283243985509212,0.234426478488723,-1.20824229129406,0.226954078816499,0.0508299805543157,0.234354381725839,0.216893664116678,0.828291215383736,-0.334073966063527,0.199105433553647,-1.67787468227739,0.0933715659852433,-0.931219638867442,2.04680012935654,-0.454963640812448,0.64913539673838,-3.83759956800494,2.07313727369803,-1.85110731290817,0.0641541162503252,2.9063799291375,3.01828237984937,0.962925122096278,0.335585101278295,
0,153791.958577121,0,0.264571820363196,0.0691685623781049,0.488422418419671,0.0000654313821186249,0.0639753705093822,0.00935020635911936,-0.229131881352359,0.23546463923511,71.7910710257763,-0.973105270059563,0.333768412419417,0.110592994654107,0.099125796619993,19022.4890894657,1.11568328755101,0.264571820363196,-2.58478640396497,1.39199015665436,50.4488719199324,-1.85689991528209,0.0691685623781049,-1.0922338689294,1.56520675129591,51.5925283300896,-0.697820826561786,0.488422418419671,-0.21047702854723,0.236625181574023,-0.889495476124493,0.373736853412504,0.0497558600420355,0.236555278836255,0.210335023115155,0.833406202139013,-0.260232888589265,0.199994126519671,-1.30120265588735,0.193189096433942,-1.49255253503557,2.08143140185609,-0.717079858459234,0.47332482291729,-3.67702027289437,2.1077620502365,-1.74451393717891,0.081069513291841,2.1844677378588,3.13041350259182,0.697820826561786,0.48528925283228,
0,153947.186594518,0,0.437683760009778,0.21905743493855,0.660269021404224,0.0000316645325509253,0.0293763452111847,0.0037958009858815,-0.207546294837866,0.239861666197147,71.0515332617008,-0.865274965059565,0.38980007884686,0.0772461647089609,0.0995277614043211,19022.9797953885,0.776126817473131,0.437683760009778,-1.77821482115498,1.42908014867457,51.157390874218,-1.24430727192189,0.21905743493855,-0.672476599550016,1.52106676790006,51.2982713949513,-0.442108534445479,0.660269021404224,-0.185375400946676,0.24096565187903,-0.769302178551732,0.441713944244308,-0.00684231725583322,0.240895515971914,-0.0284036721407092,0.977340195439548,-0.178533083690843,0.200305200174839,-0.891305285808894,0.372765413737826,-1.10573822160496,2.07377028739847,-0.533201882737023,0.593893838377838,-2.45069142070499,2.10031073000986,-1.16682326366703,0.243281750151325,1.34495319910003,3.04213353580011,0.442108534445479,0.658410668895612,
0,154123.576169691,0,0.35643045988679,0.348008649226017,0.628479164764738,0.0000447093353912983,0.0175388082216273,0.00457442148130041,-0.295957157653383,0.234175070247786,72.7400821651641,-1.26382862761704,0.210326803493441,0.0922079612872414,0.0999858022215833,19021.4025813702,0.922210546282311,0.35643045988679,-1.36355322639095,1.4393831434028,50.2697460061362,-0.947317767781704,0.348008649226017,-0.784311547700727,1.61123354685169,51.5623670706796,-0.486777071662423,0.628479164764738,-0.291251496248834,0.235503014253409,-1.2367208851749,0.216190722282713,-0.0787967672618978,0.235435230366269,-0.334685540219757,0.737862310251756,-0.212454728986936,0.202063572252571,-1.05142518573994,0.293063353503782,-0.579241678690227,2.14718007795551,-0.269768560465486,0.787338311460125,-2.14786477409168,2.17380138578845,-0.988068545789725,0.323119079138774,1.56862309540145,3.22246709370338,0.486777071662423,0.626416320480695,
0,154106.975282765,0,0.326927528781712,0.277572393955604,0.500704034430345,0.000050518008554209,0.0239044762509917,0.00886900944974109,-0.374479733371381,0.220072252126556,77.5856258405194,-1.70162176172956,0.0928306748915243,0.0979976634730598,0.0999622622839947,19023.5308614856,0.980346595144541,0.326927528781712,-1.51760178174895,1.38222618471357,49.2232757520584,-1.09794026370831,0.277572393955604,-1.11287463839995,1.64098942826603,51.3968925390923,-0.678172948119405,0.500704034430345,-0.377023104634588,0.22143586374933,-1.70262891588955,0.0886375351988357,-0.141242979620786,0.221362825164498,-0.638060973046517,0.523433990095478,-0.235780125013802,0.202324136231107,-1.16535836705355,0.243873962183164,-0.404727143349,2.13232410574775,-0.189805640830137,0.849461435508223,-2.63047642014889,2.15869983249742,-1.21854663652133,0.223016313643328,2.22574927679989,3.28197885653205,0.678172948119405,0.497662042536226,
0,154101.065842104,0,0.176300283292717,0.206722828251289,0.53700904448831,0.0000960956383302529,0.0328393214958937,0.00755851618629212,-0.34614757346799,0.213840513687901,80.135023659504,-1.61871839670751,0.10943727895821,0.135192401786822,0.0999733176167725,19027.9037821926,1.35228483969148,0.176300283292717,-1.73808273292802,1.35804874530189,48.2408141511897,-1.27983825244921,0.206722828251289,-0.937049993421201,1.50755685481338,50.7278535434179,-0.621568593203867,0.53700904448831,-0.40863633652591,0.214874769702276,-1.9017418242826,0.0572049151343127,-0.104752391646299,0.214791521340403,-0.487693326964648,0.625767079089387,-0.303883944879611,0.200998300317953,-1.51187320688238,0.130566121288949,-0.801032739506822,2.01581392046509,-0.397374346597431,0.69109142995502,-2.67513272634922,2.0421905807933,-1.30993294725219,0.190218520096944,1.8740999868424,3.01511370962676,0.621568593203867,0.534225577921315,
0,154026.174416437,0,0.148982386912352,0.197580624958897,0.663032406999314,0.000109447956738708,0.0339891220763219,0.00383413915883531,-0.340862178417463,0.211679582362963,80.7751092322189,-1.61027423907608,0.111239275803228,0.14400537373545,0.0997824323802331,19028.0389114031,1.44319365944798,0.148982386912352,-1.79366847506044,1.37299547610492,48.5051897212411,-1.3063906664492,0.197580624958897,-0.642590435925995,1.4659703699462,49.9208432306831,-0.438337942634938,0.663032406999314,-0.397897143122917,0.212668989965313,-1.87096926161081,0.0613493417003423,-0.0869140590999903,0.212584224795487,-0.408845290301313,0.682653200584312,-0.310983084022927,0.200245440314611,-1.55300956433432,0.120420849674597,-1.15107803913444,1.99530453933952,-0.576893409722542,0.564011462800183,-2.43625891098643,2.02166545234878,-1.20507520576956,0.228174270473517,1.28518087185199,2.93194073989239,0.438337942634938,0.661141324935439,
0,153826.81648012,0,0.048669484823071,0.184658066184123,0.862506370429055,0.000204325766618601,0.0362470049901015,0.00061086667272613,-0.425567312282949,0.215751241078095,78.5800790435282,-1.9724906802687,0.05207129324401,0.195656581209855,0.0992373429119083,19020.7125632062,1.97160237737861,0.048669484823071,-1.9397187192658,1.44127678629949,48.1588761423937,-1.3458335953957,0.184658066184123,-0.269216836804582,1.54645464141983,49.581339166214,-0.17408647469764,0.862506370429055,-0.456334157294822,0.21707215032184,-2.10222341566268,0.0355337095602031,-0.0553966067193274,0.216999140165602,-0.255284913465794,0.798503051317367,-0.400937550575495,0.20001952943319,-2.00449201991256,0.0450173808985533,-1.67050188246122,2.10066834332485,-0.795223999909104,0.426483213453031,-2.20893555607038,2.12715631224936,-1.03844533819639,0.299062771160102,0.538433673609163,3.09290928283966,0.17408647469764,0.861797502523875,
0,153762.552852116,0,0.0261943582146763,0.214452699338884,0.907841382019329,0.000259920248109995,0.0323051962049501,0.000272898506899479,-0.416648276723229,0.219076521632891,77.0489852703183,-1.90183901779037,0.0609300878639553,0.220247199062504,0.0990546475998286,19015.9516362013,2.22349182395037,0.0261943582146763,-1.8550302104194,1.47426724992604,47.4258980646022,-1.25827268462517,0.214452699338884,-0.186670328350657,1.60432256787181,49.5960972952629,-0.116354611029552,0.907841382019329,-0.451836463724177,0.220590499883701,-2.04830427403897,0.0405301944672789,-0.00466868023984572,0.220523529655297,-0.0211708938594597,0.983109332412427,-0.447167783484331,0.200270599953037,-2.23281791530655,0.0255609543663264,-1.66835988206874,2.1655718793304,-0.77040152672494,0.441061748066632,-2.04170053877005,2.1920146184339,-0.931426515863638,0.351632980042523,0.373340656701313,3.20864513574361,0.116354611029553,0.907371506138619,
0,153861.21214303,0,0.0201937750405047,0.270715630268616,0.853465372330872,0.000283579076183254,0.0248487799499868,0.000700325007451129,-0.418306541688168,0.212167175522125,79.2880920909841,-1.97158934061668,0.052144603359943,0.230761103977605,0.0993408271104191,19022.7068432762,2.32292311922378,0.0201937750405047,-1.53126014918497,1.37447112681342,48.7072507085498,-1.11407225609391,0.270715630268616,-0.285195651141301,1.53601737847627,49.1914529754329,-0.185672151329574,0.853465372330872,-0.463024589565479,0.213336771366448,-2.17039278601504,0.0299771028391553,0.00869324240606428,0.213257822696832,0.0407640024461031,0.967484037377977,-0.471717831971543,0.200102030038378,-2.35738653866266,0.0184040785084641,-1.24606449804366,2.04799061463807,-0.608432718947724,0.54290051657118,-1.81645580032626,2.07431313287171,-0.875690256953411,0.381198443422457,0.570391302282601,3.07203475695253,0.185672151329574,0.852701868562546,
0,153931.281135209,0,0.00183192987611262,0.435881896728017,0.853471689885778,0.000510301126580264,0.012126222375322,0.000685013007559644,-0.399230277730279,0.216093063692685,76.4068446505736,-1.84749232996225,0.0685465060179775,0.31018148556954,0.0995241095645931,19025.0995222813,3.11664667914688,0.00183192987611262,-1.10504617371377,1.40691040498668,50.2578489301451,-0.785441752223182,0.435881896728017,-0.271745516137725,1.46380699161985,50.2760004906818,-0.185642996442456,0.853471689885778,-0.534804243895165,0.217140104704586,-2.46294550066075,0.0137800860124357,0.0952735146173439,0.217059481705332,0.438928140198372,0.660713605910057,-0.630077758512509,0.19974576917125,-3.15439851931141,0.0016082930115268,-0.833300657576039,2.01704724771187,-0.413128972819716,0.679512123247648,-1.37679168985149,2.04347155430356,-0.673751336030079,0.500469418290975,0.543491032275449,2.92761398323969,0.185642996442456,0.85272473332191,
0,153994.57658662,0,0.000380319137801479,0.613479085876253,0.900682569345771,0.000663662732607484,0.00511355268295288,0.00030979693090254,-0.428524877956498,0.216682078474317,75.9875910244709,-1.97766645480692,0.0515926989580995,0.354226737220071,0.0996694980365751,19019.644010085,3.55401345645468,0.000380319137801479,-0.768959446353905,1.51285945494893,50.2643979797406,-0.508282143353405,0.613479085876253,-0.19158352838321,1.52747580844745,50.7640166941577,-0.125424918236799,0.900682569345771,-0.654368149050532,0.21809422195629,-3.00039195527921,0.00269632393236576,0.0609343555739792,0.218023014571738,0.279485886816455,0.779871967366293,-0.715302504624511,0.200641260833955,-3.56508178652484,0.000363742743524693,-0.577375917970694,2.13648955344425,-0.270245139762046,0.7869716676204,-0.960542974737113,2.16316077526953,-0.444046039350648,0.657009298244048,0.383167056766419,3.0549516168949,0.125424918236799,0.900187161979583,
0,153977.222833423,0,0.000557176172510371,0.678503016799925,0.955908691883776,0.000626249048111853,0.00341736307775678,0.0000622561577443777,-0.444346686665148,0.201584517664123,82.8631170000614,-2.20426991027908,0.0302783325637107,0.343963453164852,0.099635063041955,19018.710176884,3.45223300576439,0.000557176172510371,-0.637830932946764,1.52989269253635,50.6887297320162,-0.41691220309663,0.678503016799925,-0.0880259621583934,1.5840938304306,49.5964285853166,-0.0555686541209907,0.955908691883776,-0.663840072809146,0.203283177000548,-3.26559276868914,0.00109235218251795,0.0272337244715648,0.203212791033594,0.134015798577673,0.89339008167225,-0.691073797280711,0.201146591607201,-3.43567242059085,0.00059108520539598,-0.54980497078837,2.18888901293859,-0.251179921658182,0.801675007242812,-0.725856895105156,2.21553937396868,-0.327620850991664,0.743198354516068,0.176051924316786,3.1681876608612,0.0555686541209907,0.955685436292972,
0,153941.83330223,0,0.0154608905756875,0.673109929162694,0.95359368088607,0.000308189130595372,0.00351580226250585,0.0000689658934075194,-0.403663425999787,0.193791630473099,87.6597953300052,-2.08297657135312,0.0401663569195967,0.241092338014596,0.0995583863583445,19022.1646346421,2.42161757370014,0.0154608905756875,-0.63345276524487,1.49283653259405,51.0328635752085,-0.424328284721262,0.673109929162694,-0.0921752116401426,1.57592574530014,49.6012323581443,-0.0584895652063781,0.95359368088607,-0.509813189765649,0.195445495573704,-2.60846732880264,0.00909486932277232,-0.0243332888697814,0.195371055777924,-0.124549098498197,0.900880528002721,-0.485479900895868,0.200919681794955,-2.41628842211345,0.0156796357660613,-0.541277553604726,2.15739002804586,-0.250894621078327,0.801895583192593,-0.725627976885011,2.18400412142072,-0.332246615181743,0.739703047184968,0.184350423280285,3.15185149060028,0.0584895652063781,0.953358674025332,
0,153958.275261167,0,0.231694038205733,0.720780299421644,0.878971810294737,0.0000751877885514745,0.00255156753742865,0.000466875210841762,-0.49584740826872,0.195305283238837,88.2406548735526,-2.53883253973398,0.0128751728734947,0.119136313462218,0.0996085827934722,19024.5689698971,1.19604465921611,0.231694038205733,-0.527197815538362,1.46680574463254,50.4993029821137,-0.359418973826308,0.720780299421644,-0.233287598960593,1.52424223087036,50.1500883513819,-0.153051525693119,0.878971810294737,-0.431639895639421,0.19674851013222,-2.19386614592074,0.0282450338195167,-0.185027335629901,0.196669564054305,-0.940803100467599,0.346805771740828,-0.24661256000952,0.200495131752371,-1.23001769596135,0.218690478302053,-0.293910216577769,2.10203283196736,-0.139821896265383,0.888800712522675,-0.760485414498954,2.12864391457158,-0.357262860778672,0.720895030576566,0.466575197921185,3.04848446174072,0.153051525693119,0.878357642280665,Model failed to converge with 1 negative eigenvalue: -8.2e+02
0,153825.904972305,0,0.759954275882683,0.816683033767535,0.942540320483622,0.00000490808947778456,0.00109010297373791,0.000104010557529485,-0.476341051763995,0.198979650373165,85.9231382096457,-2.39391842769182,0.0188453638063301,0.030324591983943,0.0992474752307739,19021.1335207196,0.305545223326146,0.759954275882683,-0.352188956213188,1.51125463304468,49.7662558528718,-0.233044087020362,0.816683033767535,-0.112935911280804,1.5590839030693,50.4431905303731,-0.0724373531523687,0.942540320483622,-0.315597636929877,0.200607756185964,-1.57320755154311,0.115670767324867,-0.25091104185578,0.200535486801845,-1.25120518995081,0.210859625207556,-0.064686595074097,0.200172908813518,-0.323153594847139,0.746578922925051,-0.239253044932384,2.15800323537097,-0.110867787874866,0.911721189641635,-0.465124867493991,2.18455679750973,-0.212914980294496,0.831393277692037,0.225871822561607,3.11816780613859,0.0724373531523687,0.942253859342069,
0,153819.156727191,0,0.939183765623313,0.958611698555532,0.694505574095816,0.000000306030548849592,0.0000548521323321464,0.00307587346700528,-0.388684016258046,0.206501321985275,82.443092165405,-1.8822350022813,0.0633322008789539,0.00757076745523299,0.0992278365959066,19021.6354167861,0.0762968106022913,0.939183765623313,0.0780581273249167,1.49654809465655,49.5949619731633,0.0521587830044516,0.958611698555532,-0.594495777839434,1.50506004188972,50.5689036768382,-0.394998047448657,0.694505574095816,-0.241000006180052,0.207908703455855,-1.15916266214042,0.246389887745441,-0.204605498421326,0.207834220422392,-0.984464916342919,0.324886973332858,-0.0363945077587264,0.199599266058443,-0.182337883687759,0.8553175700955,0.672553905164349,2.10915531627461,0.31887357937787,0.749822379888679,-0.516437650514516,2.13569373049064,-0.241812598473974,0.80892537640386,1.18899155567887,3.01012008377944,0.394998047448657,0.692844328966985,
0,153928.810824586,0,0.896860297189259,0.988633958091047,0.557303354257551,0.000000883326150354157,0.00000407376974644426,0.00687362754260117,-0.330687003763515,0.214854020023749,79.3116322856326,-1.53912411658373,0.127754365935409,-0.0129003708410043,0.0995166290420104,19023.5518040471,-0.129630303650644,0.896860297189259,0.0209371800853127,1.46243331991978,50.3136683117229,0.0143166733143507,0.988633958091047,-0.845671694405039,1.43143801883696,50.4286117329492,-0.59078470969504,0.557303354257551,-0.213065313601528,0.215956893437656,-0.986610384183164,0.323833677593571,-0.208633649554682,0.215877082924727,-0.96644649227278,0.333820809366493,-0.00443166404684571,0.19943290360071,-0.0222213284108748,0.982271404178752,0.866608874490349,2.03312077510089,0.42624564418577,0.669928860937658,-0.824734514319724,2.05958052715112,-0.40043810059737,0.68883386632425,1.69134338881007,2.86287603767392,0.59078470969504,0.554664681231284,
0,154030.954470038,0,0.426182134642578,0.931730798186321,0.634125545934145,0.0000332814396380048,0.000145447991690062,0.0045200954629146,-0.304392162595835,0.218054239149153,78.4876196324768,-1.39594700742151,0.166666666779932,0.0794063017865655,0.0997868896994045,19025.9525552513,0.795758861968411,0.426182134642578,0.123355984964641,1.43284082151864,50.951110939318,0.0860918973776159,0.931730798186321,-0.673682659278104,1.40693058862895,50.4952217731395,-0.478831482322524,0.634125545934145,-0.330680637417016,0.219014422263257,-1.50985781666714,0.131079708410884,-0.147784163445316,0.218931291191918,-0.675025313379105,0.4996596826212,-0.1828964739717,0.199709243279467,-0.915813764892995,0.359764582622919,0.797038644242743,1.99486609113179,0.39954493576586,0.689491720413402,-0.550326674313461,2.02125759875197,-0.272269439903782,0.785414852317158,1.3473653185562,2.8138611772579,0.478831482322524,0.632058517994706,
0,154175.027834395,0,0.16590203149024,0.930469096530586,0.524332516012123,0.000100886402272038,0.000153384020480849,0.00796134751922477,-0.337828690609429,0.212150102559789,80.5837855523689,-1.59240408811125,0.115209257532492,0.138787229783566,0.100167948101587,19026.7673553692,1.38554530080632,0.16590203149024,-0.124330159912401,1.41776923785443,50.1297051612997,-0.087694214680913,0.930469096530586,-0.942752146175375,1.47057944032546,51.21062682802,-0.64107529340049,0.524332516012123,-0.424405982200108,0.213227371064258,-1.99039166539369,0.0465478073111069,-0.113128531775544,0.21314467353756,-0.530759365917763,0.59558554146907,-0.311277450424564,0.201013168855173,-1.54854257657534,0.121491719144408,0.818421986262973,2.02937219234719,0.403288262916611,0.686736175144072,-1.06708230608777,2.05596583365495,-0.519017528706102,0.603748517712187,1.88550429235075,2.94115888065092,0.64107529340049,0.521473765397867,
0,154254.009260215,0,0.252779790431608,0.6429363973894,0.655850545154252,0.0000687370678919072,0.00427884352800554,0.00386561766536432,-0.401529209751176,0.202793823026406,84.3946692513374,-1.97998737712486,0.0509635588744956,0.114800769137849,0.100380311234639,19027.0589609318,1.14365823064148,0.252779790431608,-0.672676690081851,1.44230091300485,50.6188564879529,-0.466391363977169,0.6429363973894,-0.681212653239022,1.51975136474041,51.7749110426709,-0.448239540390463,0.655850545154252,-0.416074775051883,0.204083296828944,-2.03874977284704,0.0414750074740153,-0.16212017227538,0.204002001660843,-0.794698929204176,0.426788655391867,-0.253954602776503,0.201884945711781,-1.25791748305522,0.208421600200585,0.00853596315717109,2.08178532485759,0.00410030902574213,0.996728435901056,-1.35388934332087,2.10853554150209,-0.642099370237021,0.520808664797522,1.36242530647804,3.03950272948082,0.448239540390463,0.653980329171944,
0,154311.553776262,0,0.670117361871206,0.623993555857423,0.796357162713983,0.00000953602176539145,0.00469443868987434,0.00128357531598168,-0.412728538666774,0.200473344886115,86.2469231877621,-2.05877015171886,0.0425333191963869,0.0428290422802461,0.100539179522805,19029.8198748624,0.425993552797307,0.670117361871206,-0.707559089597609,1.43474641740005,51.5641532199807,-0.493159683841414,0.623993555857423,-0.388630541659838,1.49828889987244,52.3484186815565,-0.259382914531987,0.796357162713983,-0.35031218484883,0.201700174555549,-1.73679663699226,0.0824230728828251,-0.250760722643305,0.201615865167592,-1.24375491201975,0.21358977924835,-0.0995514622055259,0.201973231534381,-0.492894337775546,0.62208724832358,-0.31892854793777,2.06103848723234,-0.154741675089262,0.877024973712221,-1.09618963125745,2.08778690809036,-0.525048618232835,0.599549393600593,0.777261083319675,2.99657779974488,0.259382914531987,0.795339810958258,
0,154403.68021504,0,0.891758856896161,0.675150464678021,0.641933818954501,0.000000973082335948648,0.00342800343468588,0.00410690046949732,-0.350958533694381,0.208338008798906,82.4240934325095,-1.68456315637123,0.0958561109874129,0.0137132152139321,0.100772605088515,19030.210868567,0.136080785069384,0.891758856896161,-0.596080393091118,1.41424025846821,51.6452890889057,-0.42148453172783,0.675150464678021,-0.710109368625827,1.51838577228096,53.0377117765165,-0.467673882085368,0.641933818954501,-0.272637311554266,0.209511362186258,-1.30130083976968,0.19315549990814,-0.219824771261084,0.209428401713073,-1.04964164107146,0.293882904385211,-0.052812540293183,0.202599064185407,-0.260675144307931,0.79434303547917,0.114028975534709,2.06156289626745,0.0553119071657541,0.955889976142995,-1.30618976171694,2.08832472307547,-0.625472536566687,0.531660967786713,1.42021873725165,3.03677154456192,0.467673882085368,0.640017821308742,
0,154404.366371329,0,0.714683185187725,0.63181883989483,0.586599634488122,0.00000702376893996227,0.00446314317387451,0.00566851678838082,-0.354548771817856,0.218356104365696,78.5252533052152,-1.62371815914095,0.108443803566149,0.036834756998397,0.100757264437367,19027.8454768193,0.365579168947112,0.714683185187725,-0.703137682378238,1.45872136879692,51.8265835374671,-0.482023296168035,0.63181883989483,-0.825800139693956,1.50930009483984,52.5122296526263,-0.547141116943734,0.586599634488122,-0.280509511287268,0.21955266144103,-1.27764113377696,0.20137598995429,-0.177317991245638,0.219474641577314,-0.807920176888292,0.419136535272782,-0.10319152004163,0.202485687792412,-0.509623772260989,0.610315066120654,0.122662457315718,2.08553663215269,0.0588157769202575,0.953098842049663,-1.52893782207219,2.11240303258772,-0.723790772161135,0.469194195407197,1.65160027938791,3.01860018967968,0.547141116943734,0.584281786087616,
0,154363.773061359,0,0.588860940373001,0.623317701476559,0.746758272328354,0.0000153549432595628,0.00471462291435825,0.00204533124871653,-0.289046346975633,0.22839250758832,75.3971950565721,-1.26556842878857,0.209564581997972,0.0543948634986809,0.100638680570835,19025.278783257,0.540496588291367,0.588860940373001,-0.70837317896587,1.43359296280164,51.5434113108116,-0.494124341669138,0.623317701476559,-0.493689727487733,1.52065412777046,51.4273861853586,-0.32465615847278,0.746758272328354,-0.233727138919487,0.229515196111085,-1.01835147685107,0.308510953109293,-0.107288212777441,0.229439309876589,-0.467610423144795,0.64006320973514,-0.126438926142046,0.202371248736725,-0.624787003743482,0.532110861517312,-0.214683451478137,2.07643324508981,-0.103390490392987,0.917653059266591,-1.2020629064536,2.1032309662244,-0.571531574875714,0.567639363240886,0.987379454975464,3.04130825554092,0.32465615847278,0.745441319135049,
0,154360.660668252,0,0.610700319401024,0.72817253674794,0.951587670969486,0.0000136233052511444,0.00240059284980384,0.0000736326709432677,-0.232100341563705,0.22476398535449,76.6338114070414,-1.03264026573316,0.305020206390678,0.0512290383997316,0.100630135329208,19023.3890648491,0.509082475464609,0.610700319401024,-0.508371723199466,1.45463885419315,50.7563144269988,-0.349483118599527,0.72817253674794,-0.0939707136461435,1.54011957177289,50.5561084228797,-0.0610152064608663,0.951587670969486,-0.179378984509957,0.225991533017573,-0.793742058008911,0.427345610325319,-0.0735614944058082,0.225917040924381,-0.325612862601324,0.744717279187993,-0.105817490104149,0.20254784189307,-0.522432078837021,0.601369525676073,-0.414401009553322,2.10500878108997,-0.196864266446787,0.843933757665018,-0.602342436845608,2.13185905127581,-0.282543274371322,0.777526969475483,0.187941427292287,3.08023914354577,0.0610152064608663,0.951347098614871,
0,154363.271898326,0,0.665097585999809,0.688663901811881,0.92986708478187,0.00000984840395204779,0.00322013292903231,0.00015405472239323,-0.301387520057187,0.214995499934551,80.5251363672752,-1.40183175996212,0.164808419375456,-0.0435737740890785,0.10065720207904,19027.8848834787,-0.432892760667663,0.665097585999809,-0.589424538161268,1.46262582248324,50.2707550391379,-0.402990654958179,0.688663901811881,-0.129742527962017,1.46684847339238,50.7752743825123,-0.0884498503529549,0.92986708478187,-0.135630499415234,0.216127767623687,-0.627547773738116,0.530300230741814,-0.218139807042613,0.216046738966635,-1.00968803364489,0.312644777355172,0.0825093076273787,0.201895279703954,0.408673782509253,0.682779076316443,-0.45968201019925,2.0580173914549,-0.223361577073108,0.82325410597208,-0.719167066123283,2.08480260395219,-0.344956910913267,0.730126764735376,0.259485055924033,2.93369694678476,0.0884498503529549,0.929519141665853,
0,154391.808095816,0,0.384715233057665,0.534725935870249,0.858438011602706,0.0000397119051119712,0.00781636955849299,0.000651387976229204,-0.389468566165654,0.211264738357519,82.056919768087,-1.84350956621338,0.0688647636368552,-0.0875628869166838,0.100732535530474,19026.6637370356,-0.869261221864047,0.384715233057665,-0.928325954592436,1.4849222952926,49.6112880356664,-0.625168035752005,0.534725935870249,0.266939970199618,1.48880326818386,49.320771811472,0.179298350496805,0.858438011602706,-0.114216713149185,0.21251343765367,-0.537456428215719,0.590952374448028,-0.298885478119321,0.212433879255349,-1.40695768098296,0.159439937894475,0.184668764970136,0.202246254336081,0.913088677841538,0.361195904564106,-1.19526592479205,2.08926482571416,-0.572098812022781,0.567255033918403,-0.661385984392816,2.11613593061919,-0.31254418717766,0.754626987169124,-0.533879940399235,2.97760653636771,-0.179298350496805,0.857703441979336,
0,154495.623109211,0,0.935854345737402,0.459071199882533,0.719841940423469,0.000000340509539964253,0.0112202267086899,0.00264541757480177,-0.382722758552057,0.213754982133154,79.8893083271547,-1.7904740967097,0.0771660587394905,-0.00812847605235117,0.10099679000566,19022.7669703495,-0.0804825188196144,0.935854345737402,-1.14016074164221,1.52783611765203,49.0768368322515,-0.74625853419044,0.459071199882533,0.546870613273259,1.51596604411717,49.0620373669941,0.36074067449956,0.719841940423469,-0.20165605322503,0.215138088580128,-0.937333108032721,0.348587237614048,-0.237463398669191,0.215062411900307,-1.1041603996298,0.269523564416268,0.0358073454441606,0.20300295312718,0.176388298261491,0.859988897170637,-1.68703135491547,2.13876719273027,-0.788786811696822,0.430236618926645,-0.593290128368954,2.16576716060089,-0.273939941080437,0.784130776641503,-1.09374122654652,3.03193208823434,-0.36074067449956,0.718293315352734,
0,154492.961433168,0,0.526167400518797,0.662699601598272,0.75338558825967,0.0000211205328598473,0.00382717715779662,0.00199745147157538,-0.34916149991402,0.211591777721357,80.4090980849169,-1.6501657279605,0.102810174330919,0.0640175703612299,0.10099335755499,19023.8630088629,0.633879018492608,0.526167400518797,-0.699862056000085,1.59498143625812,50.1152330696117,-0.438790095038339,0.662699601598272,0.455896739392176,1.44309949598335,49.8650014102889,0.315914973749972,0.75338558825967,-0.281793609531507,0.212983516797637,-1.32307708018198,0.185809745887876,-0.170056584599079,0.212905826204193,-0.79874086881954,0.424440683855095,-0.111737024932428,0.202312891437624,-0.55229809696471,0.580744134223326,-1.15575879539226,2.13748340066716,-0.540710068219254,0.588707437734365,-0.243965316607909,2.16429401572502,-0.11272281623261,0.910250311799431,-0.911793478784351,2.88619899196669,-0.315914973749972,0.752067046127953,
0,154463.36451821,0,0.511617458954066,0.597613635593883,0.765950890601194,0.0000226422275361186,0.00551711163296832,0.00181649436518375,-0.340024623614776,0.202817398903883,85.6430247679753,-1.67650618463911,0.0972859419683896,0.0662415101108331,0.100926591147042,19024.8068042572,0.656333572332041,0.511617458954066,-0.826724655727453,1.55642337549381,50.8571283077478,-0.531169519003886,0.597613635593883,0.44298492721808,1.47993879065202,49.2341818796181,0.299326519458899,0.765950890601194,-0.263470914410822,0.204260049987572,-1.28987980971733,0.197092391940913,-0.146824418149966,0.204181064094086,-0.719089298517465,0.472085900553629,-0.116646496260856,0.20253123267644,-0.575943249440488,0.564653541104256,-1.26970958294553,2.13421029328184,-0.594931805428163,0.551889056107239,-0.383739728509373,2.16113199961734,-0.177564224941984,0.859065222360189,-0.885969854436158,2.95987758130403,-0.299326519458899,0.764690922027913,
0,154547.7431668,0,0.367673914555153,0.427366675448811,0.750870065101508,0.0000426561592027776,0.0125820795488352,0.0020292448208801,-0.307545988759026,0.201839913088366,86.1252791263358,-1.52371245138409,0.131244200769401,0.0911230595527019,0.101151135528955,19024.5672615374,0.900860470583814,0.367673914555153,-1.20062741920757,1.50042481370747,50.2500637663814,-0.800191657881801,0.427366675448811,0.493595148360953,1.54614909197253,50.1213077197554,0.319241624836606,0.750870065101508,-0.246728147535792,0.203302758614309,-1.21359960493141,0.224900657994432,-0.0821278464112544,0.203224019598331,-0.404124702255072,0.686121020825748,-0.164600301124537,0.20358373482767,-0.808514006602091,0.418794746196863,-1.69422256756852,2.14093464787943,-0.79134716664361,0.428741431570254,-0.707032270846615,2.16797188771037,-0.326126124999399,0.744328931754665,-0.987190296721904,3.09229818394505,-0.319241624836606,0.749543294936026,
0,154640.571578514,0,0.241821317968506,0.440105169921002,0.914585982888913,0.0000720088831631824,0.0122142793688931,0.000229680443361589,-0.351188787554448,0.201454866330235,87.3295373829956,-1.74326286553318,0.084807215770056,0.11868286258419,0.101396486590285,19024.4829577309,1.17048298787466,0.241821317968506,-1.16328825985419,1.49455524068479,48.9943095060765,-0.778350795064078,0.440105169921002,0.169786156454264,1.57510582135233,50.5779593125856,0.107793491810278,0.914585982888913,-0.348943112841834,0.2029675990781,-1.7192059936008,0.0855768698531199,-0.117647171022037,0.202889407814338,-0.579858615042609,0.562009966050173,-0.231295941819797,0.204326028938908,-1.13199450418014,0.25763674497016,-1.33307441630845,2.1577366929386,-0.61781144134549,0.536699640608853,-0.993502103399923,2.18482946606344,-0.454727528547107,0.649305273592169,-0.339572312908527,3.15021164270465,-0.107793491810278,0.914159505592193,
0,154681.49937587,0,0.300090954478934,0.534972091432723,0.982205533624096,0.000056443192197025,0.00816607249762258,0.00000997716346358404,-0.312326060690211,0.204266898372929,86.2411373071299,-1.52900965931347,0.129921796505922,0.105187977723082,0.1015066756058,19024.2226813696,1.03626660114039,0.300090954478934,-0.926788688641458,1.48288512050409,47.4430021771501,-0.624990213892232,0.534972091432723,-0.0346736358455675,1.54689727607482,50.357527364078,-0.022414956947594,0.982205533624096,-0.307113788170584,0.205657406899934,-1.49332714439998,0.135351573520301,-0.0954982648945949,0.205577147490568,-0.464537357679683,0.642262800858173,-0.211615523275989,0.204251143808049,-1.03605551151704,0.300176245638956,-0.892115052795888,2.12926433952972,-0.418978064974744,0.675232163240835,-0.961462324487023,2.15636553002668,-0.445871681354101,0.655689939194483,0.0693472716911349,3.09379455214963,0.022414956947594,0.982116949430721,
0,154662.727041763,0,0.723190066063915,0.433360307261005,0.991512066607639,0.00000659492070019141,0.0130515072981818,0.00000225682957720313,-0.313658783170925,0.196862748106302,89.9841912779763,-1.59328662323435,0.114602693652896,0.0359375072076057,0.101459964817276,19023.6585167872,0.354203820909332,0.723190066063915,-1.21611292173733,1.5389891054082,47.218320187063,-0.790202424087183,0.433360307261005,0.0165665266532878,1.54959214946141,50.6440427939682,0.0106908948003162,0.991512066607639,-0.206154857175612,0.198451988264743,-1.03881477317623,0.298890889329647,-0.134872089087922,0.198373590483739,-0.679889337885315,0.496574533224768,-0.0712827680876901,0.204196474716642,-0.349089122065439,0.727022402837856,-1.23267944839061,2.17035766087186,-0.567961433552581,0.570061155648844,-1.19954639508404,2.19749726197097,-0.545869346844212,0.585155750453953,-0.0331330533065754,3.09918429892281,-0.0106908948003162,0.991470062586498,
0,154661.465941109,0,0.504960846900729,0.284248086609974,0.914793912747444,0.000023364719133185,0.0238587226690621,0.000231780084223334,-0.394544377069317,0.194875073529292,91.3067147428442,-2.02460155587837,0.0458294729095196,0.0676480368863083,0.101464357519848,19024.4742948751,0.666717244753416,0.504960846900729,-1.62699919559603,1.50239328175227,47.9813982125044,-1.08293827944866,0.284248086609974,-0.166087144225448,1.54445723440813,49.8819556600208,-0.107537548159497,0.914793912747444,-0.324505439327708,0.196374384544208,-1.65248354606379,0.0984360166367274,-0.183271820330638,0.196292951161894,-0.933664806840074,0.350476824246739,-0.141233618997071,0.204151701615598,-0.691807209439785,0.489058408540346,-1.46091205137057,2.14105542194283,-0.682332664721457,0.495028622837807,-1.79308633982147,2.16816722697055,-0.827005554514744,0.408233913211637,0.332174288450896,3.08891446881626,0.107537548159497,0.91436253889497,
0,154600.950643761,0,0.181618192635643,0.22604686970901,0.864147282032232,0.0000937805435378432,0.0299339124268807,0.000596932177837498,-0.428787378606416,0.203477461180294,85.596564602407,-2.10729668101413,0.0380175755084016,0.135324983656194,0.101303435767729,19026.2912649665,1.33583804567567,0.181618192635643,-1.74369350226665,1.42212253410107,48.7196434071386,-1.22612043649871,0.22604686970901,-0.26073667704583,1.51601021188247,49.5239968394821,-0.171988733982251,0.864147282032232,-0.44243531970635,0.204666237475814,-2.16174062299178,0.0306381745403097,-0.162464126366184,0.204580537150519,-0.794132856571063,0.427118091600278,-0.279971193340166,0.203566912703566,-1.37532759927376,0.169029903764536,-1.48295682522082,2.06514407480765,-0.718088797440899,0.472702537077067,-2.00443017931248,2.09203701672479,-0.958123667644528,0.338000402235349,0.521473354091659,3.03202042376493,0.171988733982251,0.863446386002113,
0,154611.983786084,0,0.071042184084227,0.216070380891802,0.854377139085421,0.000171281254362393,0.0308535332384584,0.000692531236178917,-0.438533582683545,0.203829408179147,85.5490858562565,-2.15147356115617,0.0342576497067799,0.182928795817492,0.101328260959226,19024.7406478885,1.8053087468964,0.071042184084227,-1.80519814861689,1.44056424288584,49.3252175268471,-1.25311880919701,0.216070380891802,-0.28277810729437,1.53263337301177,49.1218570639136,-0.184504730403126,0.854377139085421,-0.486761823911924,0.205097464641496,-2.37331955693733,0.0176290044496118,-0.110795034431581,0.205014073332272,-0.540426482098192,0.588902948895883,-0.375966789480343,0.203775834869441,-1.84500183606768,0.0650372715246034,-1.52242004132252,2.08985064380071,-0.728482700827733,0.466318154506389,-2.08797625591126,2.11681484180999,-0.98637642493376,0.323948429329991,0.565556214588739,3.06526674602353,0.184504730403126,0.853617516538736,
0,154639.592461672,0,0.220545802851103,0.190724893643021,0.988208963442598,0.0000788980520135004,0.0341244882732483,0.00000443873975101459,-0.451492558945062,0.198130616542755,88.8291340593691,-2.27876219649089,0.0250785470860402,0.124219527082245,0.101393899887076,19021.9721267963,1.22511834755927,0.220545802851103,-1.95764081982027,1.47579443863532,49.8045812912902,-1.32649965914664,0.190724893643021,-0.0242478776647138,1.63252981784659,49.700826354385,-0.01485294626759,0.988208963442598,-0.414804081773656,0.199772127483296,-2.07638616557427,0.0378582497318961,-0.165498176228809,0.199695241458454,-0.828753730034377,0.407243775318812,-0.249305905544846,0.204900942442788,-1.21671429410071,0.223712938596336,-1.93339294215555,2.18716085690972,-0.883973822065962,0.376710344374406,-1.98188869748498,2.21417547826098,-0.895091069765419,0.370738407344424,0.0484957553294276,3.26505963569317,0.01485294626759,0.988149499215446,
0,154626.465533054,0,0.652680948893238,0.172539640122307,0.993361233267444,0.0000106485912325787,0.0367926034454587,0.00000140025447841448,-0.418329959605766,0.189964027042976,94.5648657420755,-2.2021535662177,0.0300856035611109,0.0456167049764044,0.101359640534688,19020.4557731011,0.450048014532897,0.652680948893238,-2.03616347965278,1.47139251364628,50.1334385121201,-1.3838343343252,0.172539640122307,0.0144684195205298,1.73019331775769,49.9396330146138,0.0083623138362832,0.993361233267444,-0.302909647480435,0.191941287065676,-1.57813700278455,0.114534139014067,-0.212193477411725,0.191867464449264,-1.10593777856399,0.268753451629067,-0.0907161700687097,0.20586861661629,-0.440650797385945,0.659465821964491,-2.0506318991733,2.25781239293075,-0.908238392877046,0.36375228381317,-2.02169506013224,2.28460344269713,-0.884921655263505,0.376198887498477,-0.0289368390410596,3.46038663551537,-0.00836231383628319,0.993327916658765,
0,154651.351353417,0,0.308674812833628,0.212097838776894,0.979708320392476,0.0000544881846146188,0.0310734643471105,0.0000129904611990875,-0.350299622009661,0.1962802787505,90.5295155997499,-1.78469087286625,0.0776612342538849,0.10325051791363,0.101421496505689,19019.4715252653,1.01803386334216,0.308674812833628,-1.9041910140066,1.50643289860498,49.8221671667102,-1.264039716452,0.212097838776894,0.0423433502496774,1.65653466306305,50.2966622948609,0.0255614030867193,0.979708320392476,-0.299992193958553,0.198075294792744,-1.51453614784444,0.129889912933613,-0.0950049150101596,0.198001172686742,-0.479819961270971,0.631355417812656,-0.204987278948394,0.20520326714205,-0.998947442715391,0.317820152034135,-1.94653436425627,2.22551359019722,-0.874645013551128,0.381767087377339,-1.86184766375691,2.25255046463005,-0.826550922162226,0.408491644259956,-0.0846867004993547,3.31306932612609,-0.0255614030867193,0.979607171877941,
0,154773.088169926,0,0.0913487605938266,0.358020156827103,0.924553956523136,0.000149844680724682,0.0170743853579318,0.000181425657914723,-0.330034684941307,0.201329409020273,88.2246447028479,-1.63927707604841,0.104716865286051,0.171793357044735,0.10174854440893,19021.7255129219,1.68841095509232,0.0913487605938266,-1.41413884413233,1.52422161161304,49.5522577710689,-0.927777715102587,0.358020156827103,-0.149219957823366,1.56778836091219,49.9230888087905,-0.0951786360606382,0.924553956523136,-0.390548317596945,0.202880614476217,-1.92501545110771,0.0542274252650015,-0.0416270530695149,0.202802655526253,-0.205258915182825,0.837369841535762,-0.34892126452743,0.20491082827657,-1.7027956378005,0.0886063194942209,-1.26491888630896,2.17294960841395,-0.582120672016979,0.560485401866286,-1.56335880195569,2.20016220564157,-0.710565247392665,0.477353684990724,0.29843991564673,3.13557672182437,0.0951786360606382,0.924172938893549,
0,154706.571211385,0,0.141573668063202,0.352370781473423,0.871321802857733,0.000113597272171216,0.0174525334416012,0.000534194189033736,-0.427274621018873,0.200833951728792,88.5901967033194,-2.12750193550873,0.0361569101308859,0.149301025928262,0.101564143581309,19020.7449565677,1.47001708145884,0.141573668063202,-1.45911702881904,1.55420316027526,49.6203402436182,-0.938820011510345,0.352370781473423,-0.260030743128478,1.59704530423222,49.6002314310628,-0.162819891482971,0.871321802857733,-0.472622384574185,0.202545622268714,-2.33341199518577,0.0196265323111206,-0.16472434352913,0.202471575497647,-0.813567747098628,0.415892621006961,-0.307898041045054,0.204862220458672,-1.50295179050433,0.132851476274053,-1.19908628569056,2.21484697954065,-0.541385611180795,0.588241822783679,-1.71914777194751,2.24202033701284,-0.766785092698142,0.44320930105996,0.520061486256955,3.19409060846443,0.162819891482971,0.87066024612154,
0,154596.684045404,0,0.298748438140178,0.320511667513741,0.898839775781445,0.0000567678530254213,0.0198029891328222,0.000326832014147798,-0.427309928966096,0.206044446504538,85.5278530282675,-2.07387258533408,0.041098690810497,0.105231121536939,0.101266588820571,19020.8058283793,1.03914946442396,0.298748438140178,-1.52962806447615,1.52443366325635,49.8353198394292,-1.00340743014603,0.320511667513741,-0.204444344783543,1.60002724781628,49.9377408970691,-0.127775539486948,0.898839775781445,-0.426887140124362,0.207662854449268,-2.05567404558936,0.0398139452718468,-0.209116098114256,0.207589320105712,-1.00735480037108,0.313764303939935,-0.217771042010105,0.204336413562144,-1.0657475983539,0.286537754636738,-1.3251837196926,2.19639172968739,-0.60334579746447,0.54627867223609,-1.73407240925969,2.22347335144999,-0.779893497769536,0.435453566059451,0.408888689567085,3.20005449563256,0.127775539486948,0.898326608027974,
0,154584.747432482,0,0.442113767391807,0.169320266310396,0.850648932380685,0.0000310556946128757,0.037022103709892,0.000720673208344891,-0.461507672443959,0.218898235798869,79.7449457170018,-2.10832065758633,0.0381428916151163,0.0778130548464584,0.101234092513761,19023.7709325778,0.768644761011526,0.442113767391807,-1.95739826849509,1.40384739661374,50.5677724816971,-1.39430986104087,0.169320266310396,-0.299211541978415,1.58083386364283,49.6744136163051,-0.189274501805598,0.850648932380685,-0.411811168483055,0.220118637166726,-1.87086006793297,0.0613644791377434,-0.245488372598918,0.22003994932865,-1.11565364992999,0.264570417801012,-0.166322795884136,0.204070435472364,-0.815026417222794,0.415057188824928,-1.65818672651667,2.10073743416347,-0.789335544533183,0.429915917178595,-2.2566098104735,2.12756872216678,-1.06065190137562,0.288848126261733,0.598423083956828,3.16166772728565,0.189274501805598,0.849877678714597,
0,154670.051732224,0,0.293616077693694,0.24201501669886,0.854571039773105,0.0000579758659115578,0.0265927843313491,0.000689656579850721,-0.495443393400983,0.221639301085726,79.1746700871997,-2.23535894118957,0.028210787864494,0.106559723508634,0.101461198974378,19024.522560731,1.05025097855924,0.293616077693694,-1.5801749141129,1.33501788209647,51.2822308962173,-1.18363576645988,0.24201501669886,-0.29876025257277,1.62145172012805,49.193201888248,-0.184254793938099,0.854571039773105,-0.458046327209619,0.222791202821045,-2.05594440628583,0.0397878751513292,-0.234246327406687,0.222709794530409,-1.05180074320756,0.292890978003764,-0.223799999802932,0.204894564700451,-1.09226909034957,0.274714842206073,-1.28141466154013,2.08704359514723,-0.613985574867559,0.539224859515009,-1.87893516668567,2.11352924853242,-0.88900362651255,0.374001130801115,0.597520505145539,3.2429034402561,0.184254793938099,0.853813575893176,
0,154575.619592578,0,0.163563829950541,0.303124248408536,0.954246931075112,0.000102058151998645,0.0206914445551809,0.0000680118353025947,-0.411032677197363,0.224988435750232,77.1831752422444,-1.82690579552127,0.0715798925087497,0.140977196878032,0.101186661041474,19017.7522646132,1.3932389450053,0.163563829950541,-1.46921623939432,1.41241023435605,51.2127934375029,-1.04021919670114,0.303124248408536,-0.0981785427100935,1.70243485082183,48.8965398924349,-0.0576694859499024,0.954246931075112,-0.432069006350028,0.226481777893441,-1.9077429114554,0.0564244525707474,-0.146604771178299,0.226411033384529,-0.647516019810354,0.517298029857295,-0.285464235171729,0.205240333532782,-1.3908778565015,0.164262468650732,-1.37103769668422,2.19868483729391,-0.623571724982495,0.532908884528185,-1.56739478210441,2.22534473038824,-0.704337966473606,0.481222327760744,0.196357085420187,3.40486970164365,0.0576694859499024,0.954011899913802,
0,154576.915912503,0,0.203824501644755,0.260166242608779,0.951378128154334,0.0000849154498872621,0.0249492669671892,0.0000770407968301505,-0.368955225566808,0.229668020414256,75.2474993251071,-1.60647191934392,0.112358872808007,0.128580612037047,0.101182887082428,19015.7407723478,1.27077429538356,0.203824501644755,-1.66484213772157,1.46200420652209,50.677863516669,-1.13873963583321,0.260166242608779,0.102154709306068,1.6667201887597,48.7570214520891,0.06129085733466,0.951378128154334,-0.387074135121514,0.231148431101439,-1.67456959702075,0.0940187085958985,-0.133564898738727,0.231080162772719,-0.578002443550709,0.563262469491808,-0.253509236382787,0.204859728140165,-1.23747716881346,0.215909985322074,-1.76699684702764,2.20358647022228,-0.801873160370874,0.422626333081391,-1.5626874284155,2.23047789571387,-0.700606552263259,0.483548588213985,-0.204309418612136,3.3334403775194,-0.06129085733466,0.951127571904486,
0,154578.204801845,0,0.0319740975251458,0.175436456006829,0.752507427584961,0.000241815773094518,0.0357174364469661,0.00205288762099988,-0.352192523012163,0.228883560248631,76.1875232475995,-1.53874102023572,0.128010675731382,0.217062807197046,0.101199869635867,19020.4709975391,2.14489216219421,0.0319740975251458,-2.00515987879529,1.45929948994242,50.9721772051683,-1.37405645147893,0.175436456006829,0.49579933044614,1.56347282456363,48.884766811083,0.31711413377749,0.752507427584961,-0.447547851198616,0.230127830209192,-1.94477934629542,0.0518015409374407,-0.0311468533635384,0.230054192880943,-0.135389201011683,0.892304161863433,-0.416400997835077,0.203838387169385,-2.04279970822698,0.0410722694670314,-2.50095920924142,2.12515065491699,-1.17683854716602,0.239259953834722,-1.50936054834915,2.15214758854874,-0.701327621014577,0.483098580062819,-0.991598660892278,3.12694564912725,-0.31711413377749,0.751157000739508,
0,154582.54980741,0,0.0786986754323358,0.212374970000642,0.78842718879638,0.000162516359734006,0.0302409085313445,0.00147113486089271,-0.370123098048796,0.24109546251589,72.8770051479408,-1.53517239265506,0.129071803810436,0.17795070796328,0.101201414258096,19022.1063497408,1.75838163199428,0.0786986754323358,-1.91706974413306,1.51806395524639,51.1404699042675,-1.26283858957834,0.212374970000642,0.396367548597758,1.4690413083692,49.4124402656505,0.269813752914661,0.78842718879638,-0.411118743134932,0.242203291340469,-1.69741187603027,0.0896188188480771,-0.0693872995820944,0.242130269154955,-0.286570117087215,0.774441498248205,-0.341731443552837,0.202934663272628,-1.68394811434331,0.0921916965924705,-2.31343729273082,2.09895907075866,-1.10218313685108,0.270382061634298,-1.5207021955353,2.1259284783611,-0.71531202061305,0.474416262470677,-0.792735097195514,2.9380826167384,-0.269813752914661,0.78730354180482,
0,154703.246562476,0,0.633392428370661,0.243048381261117,0.878640928081388,0.0000119608149838447,0.0267461083402603,0.000478106203319633,-0.356386108999436,0.241616510862545,72.8689163083024,-1.47500726555142,0.144518374339912,0.0484164111525042,0.101509329624497,19019.8594072056,0.476965135437365,0.633392428370661,-1.91998475823314,1.62552569838647,50.7660568900116,-1.18114697303091,0.243048381261117,0.2270495552508,1.47926955071713,49.2509495764239,0.153487614979115,0.878640928081388,-0.2652741187404,0.242956641905812,-1.09185785850316,0.274895583101962,-0.176558222093791,0.242888114741219,-0.726911739925608,0.467280024911337,-0.0887158966466093,0.203613891860986,-0.435706502320473,0.663049687439908,-2.14703431348394,2.18431347613844,-0.982933235974717,0.325640298828528,-1.69293520298234,2.21131613243049,-0.765578099917179,0.443927379451231,-0.454099110501599,2.95853910143425,-0.153487614979115,0.878013756398034,
0,154810.541802245,0,0.990043202643727,0.117939892150637,0.713600173330025,0.0000000081871328513551,0.0471244189016634,0.00277412961885149,-0.37287749587435,0.238351194384388,73.7936865996167,-1.56440372299126,0.122001361063377,0.00127052463131851,0.101809077273407,19022.2258690186,0.0124794828255494,0.990043202643727,-2.5167570696464,1.58260541646809,51.1360865852023,-1.59026188300497,0.117939892150637,0.534360273671676,1.44750768538503,48.9884115927598,0.369158850807442,0.713600173330025,-0.202058648224607,0.239541235948401,-0.843523443571664,0.398935760033172,-0.218620752947028,0.239467389385252,-0.912945823263282,0.361271035738284,0.0165621047224203,0.203875667589243,0.0812362991536031,0.935254032350161,-3.05111734331807,2.13118410940349,-1.43165357223504,0.152242989676673,-1.98239679597472,2.15821479440571,-0.918535449350671,0.358338608831249,-1.06872054734335,2.89501537077005,-0.369158850807441,0.712009325299361,
0,155016.796496437,0,0.879800136881716,0.0853853124244037,0.659456953304109,0.00000120193406015472,0.0563018372125068,0.00397163084252051,-0.349748729193916,0.233655943632412,75.3652492868483,-1.49685355209342,0.138607799766595,-0.0154828486203864,0.102383124777436,19026.7148870303,-0.151224614935748,0.879800136881716,-2.61819485137318,1.49276230441018,51.5624034307385,-1.75392615665471,0.0853853124244037,0.62814821500202,1.4168424059778,49.2928580900909,0.443343742643359,0.659456953304109,-0.155633653347741,0.234593797135246,-0.663417597772273,0.507063138373676,-0.209055383845198,0.234510672863703,-0.891453601204331,0.372685872862263,0.0534217304974578,0.20466420102297,0.261021371741813,0.79407602614471,-3.2463430663752,2.04455261899309,-1.58780118262447,0.112331303978763,-1.99004663637116,2.0715617272624,-0.960650416630856,0.336727969804286,-1.25629643000404,2.8336848119556,-0.443343742643359,0.6575171207696,
0,155112.376326129,0,0.871420883261719,0.0635630103629166,0.626184711613929,0.00000137664362403465,0.0652919214922449,0.00476908890386338,-0.294385731256781,0.230084971761345,76.5340751222394,-1.27946527321276,0.204598549943397,-0.0166151117466004,0.102653595139047,19029.8813190581,-0.161856111557464,0.871420883261719,-2.7090045351875,1.42870233539752,51.4698024532045,-1.89612942323199,0.0635630103629166,0.691197266692182,1.41025080920053,50.130235736072,0.490123644803312,0.626184711613929,-0.133901220495466,0.230880217879338,-0.579959693928583,0.561941798912626,-0.191841454201335,0.230791099300091,-0.831234197432757,0.405841339511487,0.0579402337058693,0.205106035799489,0.28248916946799,0.777568450071655,-3.40020180187967,1.99400271177151,-1.70521423155882,0.0881544767260536,-2.01780726849531,2.02087817581613,-0.998480409478626,0.318046459449552,-1.38239453338436,2.82050161840105,-0.490123644803312,0.624046407363489,
0,155228.625044579,0,0.906525931479374,0.0932672130942072,0.631202039729693,0.000000724499069394627,0.055147802188258,0.00463238535800664,-0.25107227463959,0.227005054286352,77.95676718953,-1.10602063654001,0.272119123874828,-0.0120913817281895,0.102972672312113,19031.3567629208,-0.117423210029358,0.906525931479374,-2.44186210319935,1.42718681138565,50.1552374299293,-1.71096179120976,0.0932672130942072,0.679341464182889,1.40651798818819,50.1261662806207,0.48299521932029,0.631202039729693,-0.103974018137353,0.227786855179562,-0.45645310856674,0.648064182982375,-0.152442951876469,0.227695328400978,-0.669504082262119,0.503173977505106,0.0484689337391156,0.205670937603876,0.235662531147046,0.813694546844728,-3.12120356738223,1.99029163860258,-1.56821417868875,0.116831156523394,-1.76252063901645,2.01718846037966,-0.873751101414056,0.382253815164067,-1.35868292836578,2.81303597637638,-0.48299521932029,0.629099130692659,
0,155254.144968281,0,0.720308497715576,0.126273770244864,0.720057278895953,0.00000673663870977524,0.0467084125235439,0.00253339699310738,-0.193438448024218,0.226202433693406,77.8646372877467,-0.855156352059431,0.395088285488646,0.0368919921643776,0.10303534033831,19030.2990639345,0.358051830015266,0.720308497715576,-2.28503615504767,1.46923642167299,49.3666246302553,-1.55525422684916,0.126273770244864,0.51523738196029,1.42975809943647,51.1310500394093,0.360366821606654,0.720057278895953,-0.104036474502526,0.227119865481458,-0.458068581019917,0.646903170706935,-0.0486720088606945,0.227032112209174,-0.214383808471337,0.830247767117795,-0.0553644656418313,0.206000832021832,-0.268758456451107,0.78811556435893,-2.80027353700795,2.03647470106892,-1.37505932950609,0.169113051850624,-1.76979877308737,2.06361298776091,-0.857621454983991,0.391101523997638,-1.03047476392058,2.85951619887293,-0.360366821606654,0.718572834703927,
0,155241.718988408,0,0.370148109377349,0.16927513030684,0.717067590745002,0.0000422049957282068,0.0375739441567769,0.00256687621937814,-0.156096346417812,0.230646591815651,75.572227210361,-0.676777164531331,0.5006136717703,0.0923095537365571,0.102999087821054,19030.2439391459,0.896217196572962,0.370148109377349,-2.00584542530919,1.43812929160191,49.8287103688262,-1.39476014919,0.16927513030684,0.522809936099507,1.43481462265974,51.5911178035048,0.364374552533042,0.717067590745002,-0.116517688978472,0.231494676980335,-0.503327724414027,0.614733877265714,0.0494111841970912,0.231406879730074,0.213525130517844,0.830917389740225,-0.165928873175564,0.205975099761785,-0.805577340986675,0.420486595098519,-2.52865536140869,2.01789936017993,-1.25311272271934,0.210164686501266,-1.48303548920968,2.04496941143593,-0.72521157574104,0.468322242406877,-1.04561987219901,2.86962924531947,-0.364374552533042,0.715578335412912,
0,155172.968146851,0,0.534140318835343,0.363376256306946,0.77826398727455,0.0000203138331295393,0.0165231254647303,0.00155866161936948,-0.126225446925773,0.222135330065489,78.6400715775512,-0.568236700071797,0.571493279544257,0.0639200526629712,0.102813367654735,19027.1777778958,0.621709551209584,0.534140318835343,-1.34951244794012,1.47116224275503,50.0846451344836,-0.917310415344065,0.363376256306946,0.421381077197403,1.48862647580582,51.327403211357,0.283067031284192,0.77826398727455,-0.0632566525470435,0.223208515092965,-0.283397129902044,0.776872428255008,0.0495192573274286,0.22312448384679,0.221935560247307,0.824364047676589,-0.112775909874472,0.206127149968477,-0.54711817386365,0.584297547261908,-1.77089352513752,2.07923114218176,-0.851705945150139,0.394377320090469,-0.928131370742718,2.10652607753563,-0.440598092110266,0.659503984307905,-0.842762154394805,2.97725295161164,-0.283067031284192,0.777125453657611,
0,155076.392401948,0,0.478871013636644,0.488299679078587,0.782538433335741,0.0000263629267357643,0.00965844384802346,0.00151110961016406,-0.0692650776457821,0.217454932500499,80.5747437836812,-0.31852612791675,0.750910061543181,0.0726077841015121,0.102534028598864,19020.6454791405,0.708133534726992,0.478871013636644,-1.11229646895694,1.59313481993081,49.9820312044167,-0.698181004546271,0.488299679078587,0.436538858818429,1.57324422690998,50.874574929681,0.277476854102836,0.782538433335741,-0.0359842177188705,0.219033504675413,-0.164286362363583,0.869505717084894,0.0936252707447876,0.218960975308353,0.42758884597102,0.668950488068998,-0.129609488463658,0.206429574286689,-0.627862983836108,0.530093701704755,-1.54883532777536,2.22525343777499,-0.696026484661463,0.486412243777677,-0.675757610138505,2.25268707139577,-0.299978465149091,0.764193581934643,-0.873077717636857,3.14648845381996,-0.277476854102836,0.781413976077797,
0,155049.370996802,0,0.188711325641001,0.543956259075558,0.829754867193227,0.0000908457421305677,0.00751038064906868,0.000919010016122488,-0.0396336873814066,0.225449447968178,77.2603940379413,-0.17579855590066,0.860912160248031,0.134662978551901,0.102448308699743,19017.0353387568,1.31444803980682,0.188711325641001,-0.964145282781857,1.57779159156386,49.345745109111,-0.611072646056014,0.543956259075558,0.347958478649759,1.60997480152171,50.7805195581314,0.216126661312261,0.829754867193227,-0.121796894079959,0.227025712844542,-0.536489424717105,0.59162034278402,0.135089694445077,0.226956438793032,0.595223009153176,0.551694411923516,-0.256886588525036,0.206633676100526,-1.24319807580669,0.213794851610651,-1.31210376143161,2.24045505820338,-0.585641634107933,0.55811636383207,-0.616186804132097,2.26787377692407,-0.27170242471247,0.785850836758218,-0.695916957299516,3.21994960304342,-0.216126661312261,0.828889018077769,
0,155069.648342191,0,0.16463927649122,0.70141589923977,0.935261934353458,0.000101534961903211,0.00304738562660891,0.000130047553856754,-0.130883906725071,0.229794253046485,75.5091314205452,-0.569569973965341,0.570660011694827,0.142451723088995,0.102506109482181,19018.4975031279,1.38969007611939,0.16463927649122,-0.585756363778531,1.51876954938516,48.6628309791426,-0.385678238028712,0.70141589923977,0.130311095123902,1.5964340428253,51.2273816182059,0.0816263570108305,0.935261934353458,-0.194586856583923,0.231180036945952,-0.84171133093735,0.399949554250347,0.0856580230075033,0.231107853718356,0.370640900468455,0.710905014261765,-0.280244879591426,0.2066002939531,-1.35645924906111,0.174953092795622,-0.716067458902431,2.18971923267194,-0.327013366927718,0.743657775208437,-0.455445268654628,2.21712761845791,-0.205421313984355,0.837242969192099,-0.260622190247803,3.1928680856506,-0.0816263570108305,0.934943841364534,
0,155133.945444339,0,0.409859819554216,0.844903974347501,0.894863811803238,0.0000357019373649201,0.00078514104030814,0.000335465350314128,-0.207331261358728,0.229004475710515,76.0965917627391,-0.905358992288064,0.3681328668949,0.0846372623154482,0.102695366651055,19024.5426715473,0.824158529011676,0.409859819554216,-0.289194792892346,1.47053727708586,49.2198251386129,-0.196659273721669,0.844903974347501,-0.201982006363771,1.52102194412111,52.5485842467343,-0.132793617570377,0.894863811803238,-0.211486503972644,0.230119024380306,-0.91903094297467,0.35807938760543,-0.0349912079635429,0.23003921218398,-0.15210975394733,0.879100371192976,-0.176495296009101,0.206212315926714,-0.855891148964283,0.392057991196624,-0.0872127865285749,2.10194319070718,-0.0414915050578664,0.966904065005719,-0.491176799256116,2.12927454750058,-0.230678002436406,0.817564964177679,0.403964012727541,3.04204388824222,0.132793617570377,0.894356602096621,
0,155253.147131219,0,0.477711437356118,0.953118445693714,0.624067993165312,0.0000264940915872525,0.0000689660375672405,0.00458674046465376,-0.235060071472442,0.233866691510634,74.7508086786708,-1.00510282141548,0.318089907169689,0.073141325127455,0.103015623264909,19026.5006425958,0.710002258000895,0.477711437356118,-0.0869551045994052,1.47173804494055,50.6132124761816,-0.0590832756537986,0.953118445693714,-0.735173817792207,1.49126380928907,52.7436719799526,-0.492987098065961,0.624067993165312,-0.233900824983538,0.234886153570473,-0.995805080154973,0.319344861482953,-0.0613360213968177,0.234804889956973,-0.261221226730232,0.79392190968862,-0.17256480358672,0.206528560874551,-0.835549344148768,0.403408476363639,0.6482187131928,2.08148665830039,0.311421027181647,0.755480570731407,-0.82212892239161,2.1088325051931,-0.389850270406531,0.696647268512031,1.47034763558441,2.98252761857812,0.492987098065961,0.622021703645736,
0,155505.283881782,0,0.510416965674122,0.723283681589177,0.743012834942538,0.0000227687736992704,0.00251372553413771,0.002044527756303,-0.278550318063477,0.236963265968375,74.782986172631,-1.17549999543242,0.243523683480746,0.0682513000235287,0.103693709390277,19026.8767889132,0.658200969228019,0.510416965674122,-0.532077332805532,1.49434281292542,50.3081224183695,-0.35606109133948,0.723283681589177,-0.496246153145796,1.50567418537418,53.0213095962368,-0.329584021540804,0.743012834942538,-0.253793924024589,0.238018754388217,-1.06627700273837,0.286298442165703,-0.0995507336958122,0.237938368199866,-0.418388738432426,0.675662918968051,-0.154243190328777,0.207932126032011,-0.741795860371432,0.458211029074684,-0.0358311796597354,2.10752088940389,-0.0170015774647293,0.986435357319628,-1.02832348595133,2.13508456291883,-0.481631268292964,0.630067909667114,0.992492306291591,3.01134837074835,0.329584021540804,0.741714297570615,
0,155508.682679635,0,0.535484859013867,0.540416693781545,0.941992024068649,0.0000201787064184788,0.00739261364334616,0.000100345480009233,-0.327579929040124,0.23547198322777,75.6217839284362,-1.39116307829819,0.168255505635788,0.0642654456271159,0.103709746687478,19028.9057183249,0.61966640243347,0.535484859013867,-0.912517464495485,1.4805618802231,51.004528403495,-0.616331864736366,0.540416693781545,0.108001385595861,1.47723407238844,53.262141728531,0.0731105432879981,0.941992024068649,-0.286285032604458,0.236446364763276,-1.21078212765537,0.225978916619943,-0.161615145248328,0.236362964767074,-0.683758326553373,0.494127785725371,-0.12466988735613,0.207696319931263,-0.600250824845569,0.548339086060665,-1.02051885009134,2.07770256622967,-0.491176584501814,0.623301558679589,-0.804516078899622,2.10516508090763,-0.3821629411375,0.702340508056359,-0.216002771191721,2.95446814477687,-0.0731105432879981,0.941718151782663,
0,155452.592667291,0,0.392407230460931,0.421114756680376,0.820855147284538,0.000038442545614406,0.0128974741506992,0.00101875125376261,-0.328164155488698,0.236562971993114,75.2629700105055,-1.38721691194449,0.169469969913276,0.0885716283397707,0.103558700454959,19027.7413892082,0.855279449729026,0.392407230460931,-1.15247684327128,1.42084768066643,50.3531874527867,-0.811119206480123,0.421114756680376,0.343010674364964,1.50694375851003,50.8054570581366,0.227620090284001,0.820855147284538,-0.296171271984963,0.237480461083393,-1.24713953574884,0.212346338593854,-0.131290501971746,0.237396178139664,-0.553043873749753,0.580233367813582,-0.164880770013217,0.207684617317774,-0.793899770443453,0.427253783344307,-1.49548751763624,2.05745001035653,-0.726864570273128,0.467308923020965,-0.809466168906312,2.08477209805266,-0.388275615191904,0.697812080755838,-0.686021348729927,3.01388751702004,-0.227620090284001,0.819941600113455,
0,155380.039442314,0,0.310019344533816,0.41206590893882,0.895817268434851,0.0000541666974969234,0.0135993560190505,0.000339964522068841,-0.246361406074579,0.238624614165903,74.7333659001133,-1.03242243863115,0.305203826542063,0.104930038565176,0.10335811354126,19026.3128682335,1.01520853051646,0.310019344533816,-1.16136088486794,1.40391455334438,49.6350016953491,-0.827230462211086,0.41206590893882,0.200974438007531,1.52713257449159,50.926859642739,0.131602482564056,0.895817268434851,-0.24322123130588,0.239551195251313,-1.01532046646946,0.309953091473051,-0.0405459054107537,0.239468246856177,-0.16931641644792,0.865547763947602,-0.202675325895126,0.207499270529592,-0.97675199232193,0.328691948435357,-1.36233532287547,2.06072570158337,-0.661094934579946,0.508551433560762,-0.960386446860412,2.08797258822155,-0.459961233340917,0.645544046703917,-0.401948876015061,3.05426514898317,-0.131602482564056,0.895298721804957,
0,155327.948011935,0,0.325506624852162,0.477982969411981,0.811043521033659,0.0000508071300205231,0.00998568435184255,0.00113266738583442,-0.22911214637822,0.24434773459578,73.3087150169017,-0.93764792522933,0.351504306192161,0.101480890683316,0.103211723966619,19026.7121130435,0.983230264772415,0.325506624852162,-1.00353114901588,1.40383463836367,50.6632968086547,-0.71484996992638,0.477982969411981,0.362929380130958,1.51016501927896,50.9331874756067,0.240324319195422,0.811043521033659,-0.211976805496303,0.245224354241123,-0.864419874413744,0.387357278957943,-0.0219895961103021,0.245142444477119,-0.089701300634434,0.928524582353907,-0.189987209386001,0.207064655358275,-0.917526021315778,0.358867063787635,-1.36646052914684,2.04823744370122,-0.667139707531958,0.504682898832965,-0.640601768884924,2.07543333520189,-0.308659284795871,0.757580718463096,-0.725858760261914,3.02033003855792,-0.240324319195422,0.81007884337602,
0,155379.890771388,0,0.273043814278229,0.339028695977079,0.814808183457304,0.0000631288036387582,0.0176344757594349,0.00110842134978488,-0.215265576000615,0.247445462859037,72.4424696046286,-0.869951598681145,0.387200349998155,0.113297241799442,0.103362871969566,19030.6912011557,1.09611158862537,0.273043814278229,-1.3603488168142,1.40970717438784,51.8744261783547,-0.964986801180839,0.339028695977079,0.32713686196168,1.38930674694022,49.9661798285511,0.235467698319438,0.814808183457304,-0.216739838174715,0.248085152333562,-0.873650986913148,0.382308350367627,-0.0018403591563587,0.247996234982424,-0.00742091571063217,0.994079020272233,-0.214899479018356,0.206246976966375,-1.0419521399986,0.29743386872451,-1.68748567877588,1.96581657004562,-0.85841461736011,0.390663558941043,-1.03321195485252,1.99260139570421,-0.518524154946389,0.60409261143382,-0.654273723923358,2.77861349388043,-0.235467698319438,0.813845747089224,
0,155443.119602588,0,0.229562816442892,0.388890293302616,0.954285120412647,0.0000758533513053577,0.0143588149966027,0.0000666184651904414,-0.289130165611526,0.239330445669407,74.7413398009974,-1.20807933484112,0.230825376042625,0.124403524635759,0.10353807975452,19030.817328109,1.20152435635961,0.229562816442892,-1.29810242525542,1.49390509757843,51.8289184828872,-0.868932321979219,0.388890293302616,0.078461224264426,1.36180093437345,49.8263815300328,0.05761578090011,0.954285120412647,-0.292209979915429,0.240099024267776,-1.21703943115377,0.223589213666314,-0.0462078862568724,0.240009714130495,-0.192525066846873,0.847330934666574,-0.246002093658557,0.206345926347892,-1.19218294255931,0.233189520236212,-1.37656364951984,2.00797058039711,-0.685549710219163,0.492997103338365,-1.21964120099099,2.03483724143287,-0.599380223713694,0.548919361696459,-0.156922448528852,2.7236018687469,-0.0576157809001101,0.954054679213978,
0,155551.776478747,0,0.140653787907471,0.476035953286443,0.881285937519474,0.000114085104878743,0.00994204769803571,0.000454655921256322,-0.352077680826771,0.235549070770735,76.4823377698267,-1.49471054873936,0.13910468256736,0.152974293993973,0.103822448722262,19027.243852387,1.4734221343902,0.140653787907471,-1.15011377397064,1.60191528517273,51.3318944612977,-0.717961670392967,0.476035953286443,0.210019910966244,1.39909002809707,49.5392316775312,0.150111791770753,0.881285937519474,-0.397937711925111,0.236620410396866,-1.68175564930211,0.0926162320651098,-0.0994972470084198,0.236537247194481,-0.420640927331894,0.674017303081582,-0.298440464916691,0.207213718613646,-1.44025437559537,0.149795444323028,-1.36013368493688,2.11322350614129,-0.643629829492319,0.519815502314162,-0.940093863004393,2.14043392522948,-0.43920714016136,0.660511451846501,-0.420039821932487,2.79818005619414,-0.150111791770753,0.880676416913335,
0,155659.971716016,0,0.117119093899128,0.50781195167474,0.795504912359391,0.000129043410008251,0.00864356885734585,0.00134240014691424,-0.34797154081037,0.233123499419853,77.4149657139532,-1.49264892503898,0.139593458382228,0.163156358864608,0.104116727676616,19027.2100202101,1.56705231239468,0.117119093899128,-1.0802703210619,1.61972666873079,51.0173804745186,-0.666946060663675,0.50781195167474,0.37083645065242,1.42332490467083,50.499997283936,0.260542374713933,0.795504912359391,-0.40092085944838,0.234281669511735,-1.71127711478212,0.0870299689454859,-0.0878653881297346,0.234199578040389,-0.375173127402398,0.707531714221783,-0.313055471318645,0.207981679362758,-1.50520695994872,0.132270876349239,-1.45110677171432,2.14249945562262,-0.677296214898042,0.498218031975567,-0.709433870409476,2.16989230469272,-0.326944276854302,0.743710031596204,-0.741672901304839,2.84664980934165,-0.260542374713933,0.794445433300251,
0,155650.367255261,0,0.0751646572317117,0.477235756013498,0.904510116565412,0.00016639866728767,0.00986170566346842,0.000283151332708507,-0.337805103009874,0.22788493087415,79.1443189764153,-1.48234945467469,0.142218321307343,0.1852478942352,0.104097833990136,19028.3468030417,1.77955570384638,0.0751646572317117,-1.11333477581021,1.55496654426642,51.4698937722037,-0.715986321323359,0.477235756013498,0.178408733136696,1.47982994721006,51.3176778886183,0.120560293750679,0.904510116565412,-0.419042612608669,0.229041258812256,-1.8295507751822,0.0673171401769049,-0.0549248609597028,0.228958774814983,-0.239889739993964,0.810415734955858,-0.364117751648966,0.208453475230711,-1.74675788564316,0.0806793446698996,-1.29174350894691,2.13271499065385,-0.605680325129088,0.544727051426308,-0.934926042673514,2.16036154880045,-0.432763693277468,0.665186452169451,-0.356817466273392,2.95965989442012,-0.120560293750679,0.90403932036778,
0,155680.923165756,0,0.0651596177224749,0.407007252057522,0.910652611248638,0.000178684350909059,0.0133424131572331,0.000249677860625116,-0.334529631903038,0.224651111554464,80.4232590921896,-1.48910739674634,0.140370259702485,0.192169846469545,0.104198436319784,19031.9792524912,1.84426804524953,0.0651596177224749,-1.21550864966527,1.45396936744003,51.6818044749675,-0.835993300055134,0.407007252057522,-0.165922946158212,1.47127890291649,50.9253947697112,-0.112774638329487,0.910652611248638,-0.472462735723095,0.225581132405279,-2.09442487802689,0.0362221485289775,-0.0821913675710708,0.225491037514996,-0.364499487327095,0.715485056559589,-0.390271368152024,0.208554184684679,-1.87131880735018,0.0613009052282678,-1.04958570350705,2.05472628763694,-0.510815338189955,0.609480367910896,-1.38143159582348,2.08218081494762,-0.663454194710861,0.507039706443144,0.331845892316423,2.94255780583298,0.112774638329487,0.910209225728863,
0,155669.176680823,0,0.113273878032279,0.464325920771025,0.946859021914925,0.000131741433939348,0.0104451812703708,0.0000899214244953238,-0.358726963905017,0.221237250679361,81.8031834898797,-1.62145824359805,0.10876776325511,0.164999970522054,0.10418501110254,19036.085379663,1.58372081334866,0.113273878032279,-1.03576773236458,1.4049363528735,51.4914747942294,-0.737234630057183,0.464325920771025,-0.0935145191326696,1.39599103072648,49.8988574743212,-0.0669879082847721,0.946859021914925,-0.456903185349725,0.221918278998858,-2.05888035636792,0.0395057013091444,-0.12356013976202,0.221818215999288,-0.557033331123791,0.577504656398686,-0.333343045587705,0.207850071993211,-1.60376680359578,0.108765464452568,-0.942253213231908,1.96707444961504,-0.479012481411828,0.631929749327927,-1.12928225149725,1.9939639757679,-0.566350378051511,0.571155620165938,0.187029038265339,2.79198206145295,0.0669879082847721,0.94659132936846,
0,155582.395278585,0,0.0900744747533524,0.415170964321515,0.811918976089864,0.000150923132522986,0.0128108385609025,0.00115596817884458,-0.295627385869694,0.221878232685197,80.8344747146797,-1.33238570675445,0.186477472319784,0.176201672876846,0.103948195763817,19035.5216440953,1.69509120944434,0.0900744747533524,-1.14744930162075,1.39694855944822,51.9910997191822,-0.821396961155095,0.415170964321515,0.332220550414454,1.38873004294345,49.4503221272128,0.239226156373995,0.811918976089864,-0.415792703970953,0.222536020301066,-1.868428775748,0.0617023292317725,-0.0752661025118179,0.222435918814082,-0.3383720709906,0.735082818266115,-0.340526601459135,0.207341216774464,-1.64234881398204,0.100517736255854,-1.4796698520352,1.95634628685369,-0.756343527717116,0.449443256999974,-0.815228751206298,1.98312430920254,-0.411083030661916,0.681011652490106,-0.664441100828906,2.77746008588689,-0.239226156373995,0.810930221550189,
0,155546.789211229,0,0.246887194818537,0.220911992940264,0.669304679331316,0.0000704656471310792,0.0295284744928602,0.00382744604970112,-0.254487763060615,0.222514904143847,80.3431855504129,-1.14368861735257,0.256149022350176,0.120232411482277,0.103829538608427,19028.0033269561,1.15797886703233,0.246887194818537,-1.85168782258917,1.49396765020863,50.4887874043,-1.23944305107985,0.220911992940264,0.631177281337743,1.46873963792836,48.0660661634773,0.429740755296841,0.669304679331316,-0.340960690681784,0.223550044787643,-1.52520967287514,0.127206808719579,-0.123060188815459,0.223462804324929,-0.550696520556153,0.581841730221218,-0.217900501866325,0.207844852719146,-1.04838055412788,0.294463309187037,-2.48286510392691,2.08124007129101,-1.19297390924574,0.232879591354135,-1.22051054125143,2.1087225264212,-0.578791436976207,0.562729909736435,-1.26235456267548,2.93747927585672,-0.429740755296841,0.667384233349012,
0,155572.566607677,0,0.766130596177058,0.331746365685488,0.720760207011988,0.0000046498094240659,0.0188776037211576,0.00273076197766303,-0.290196930200561,0.219061546661222,81.2070247225337,-1.32472784303559,0.188977272904466,0.0309046350315331,0.103900589317489,19027.1632267108,0.297444270860656,0.766130596177058,-1.5184507388381,1.5492301657159,49.9281931195548,-0.980132437671987,0.331746365685488,0.520489517477156,1.44747036375718,47.2207835659969,0.359585612603583,0.720760207011988,-0.276723963771981,0.220187869126094,-1.25676298549177,0.208839472952768,-0.23352197402123,0.220100968845825,-1.06097658381871,0.288700542952349,-0.0432019897507511,0.207789384661362,-0.207912400439311,0.835297366595273,-2.03894025631526,2.10642388795113,-0.967962938503555,0.333062879368226,-0.997961221360946,2.13390429141228,-0.467669157130035,0.640021200743384,-1.04097903495431,2.89494072751435,-0.359585612603583,0.719157044355243,
0,155521.397024669,0,0.375179987037181,0.515928137104936,0.6188921592688,0.0000413218885846025,0.00839502426186302,0.00515816682769918,-0.291357242192745,0.216061775232525,82.1702605971714,-1.34849045778314,0.181205819473541,0.0920324950750235,0.103776571216732,19032.053459138,0.886833068350453,0.375179987037181,-0.994492165071285,1.52009316971899,50.5567395910513,-0.654231059570599,0.515928137104936,0.687715458703766,1.37365621269362,48.34149964061,0.500645978483376,0.6188921592688,-0.327143465309174,0.21698364871368,-1.50768717941901,0.131634608311741,-0.167664012207479,0.216888701231342,-0.773041708745546,0.439497697044826,-0.159479453101695,0.206901099354011,-0.770800414302407,0.44082524165141,-1.68220762377505,2.03525228804902,-0.826535183698333,0.408500568128839,-0.306776706367519,2.06227481063689,-0.148756462904562,0.881745805877554,-1.37543091740753,2.74731242538723,-0.500645978483376,0.616620297680381,
0,155580.69486532,0,0.347733676844997,0.617736400528609,0.626035893606777,0.0000463301899107303,0.00497481618166912,0.0047673497808614,-0.271252129560367,0.22108912756161,80.5459960100858,-1.22689040638047,0.223437982496253,0.0975907833842739,0.103928609849426,19031.0684007533,0.939017499855577,0.347733676844997,-0.774105164536083,1.54153364144388,50.437197855914,-0.502165599066016,0.617736400528609,0.677800913538924,1.38233118109748,50.1912126644519,0.490331783589513,0.626035893606777,-0.314974964555478,0.222050310793918,-1.41848468227456,0.156049307661932,-0.144024494035119,0.221958328837672,-0.648880782214079,0.516415437314134,-0.17095047052036,0.207263115860776,-0.82479928862592,0.409485550620641,-1.451906078075,2.05694021010587,-0.705857210113206,0.480276939993577,-0.0963042509971581,2.08406523312604,-0.0462098064237194,0.963143026429858,-1.35560182707785,2.76466236219495,-0.490331783589513,0.623899139645875,
0,155744.957431251,0,0.929716923050196,0.611566402928664,0.618774117307011,0.000000408845721240099,0.00528912438618671,0.00498341202528539,-0.260806953485663,0.229362926077711,77.8697772743897,-1.13709289441703,0.258986421263197,0.00920530109862805,0.104365928777748,19028.2512731968,0.0882021671864885,0.929716923050196,-0.781598735615737,1.52923099077817,49.1286240158033,-0.511105738981924,0.611566402928664,0.709358752339899,1.41672324031772,50.0570615202177,0.500703829903161,0.618774117307011,-0.212505280778318,0.230314673967585,-0.922673649566186,0.356177301827407,-0.219453954231338,0.230225800597866,-0.953211819272407,0.340482759115454,0.00694867345302042,0.20838345628354,0.033345609948832,0.973398982486188,-1.49095748795563,2.0708774961467,-0.719964117013135,0.471547089089369,-0.072239983275838,2.09827803724354,-0.034428222568034,0.972535678452438,-1.4187175046798,2.83344648063544,-0.50070382990316,0.616579576475417,
0,155866.21915504,0,0.902585285594067,0.367236429219002,0.537778590024566,0.00000078731566900263,0.0162882229612362,0.00770956513763187,-0.213695180311095,0.225619400804686,79.6553046245552,-0.947148957709034,0.346427413973801,0.0128152205357967,0.10470140930721,19028.2074285907,0.122397784524513,0.902585285594067,-1.3688721330615,1.5044071801469,50.0022025478309,-0.909908003049967,0.367236429219002,0.910403563990187,1.46723313877645,49.5539828928989,0.620490050237953,0.537778590024566,-0.198706402050816,0.226623629851251,-0.876812370277719,0.380588558958484,-0.205622503692716,0.226534909098683,-0.907685727161559,0.364044286913522,0.00691610164190048,0.209463411871202,0.033018184799516,0.973660086174324,-2.27927569705169,2.08755633446351,-1.09183913239757,0.274903815362524,-0.458468569071314,2.11521550789605,-0.216747923490473,0.828404798120219,-1.82080712798037,2.93446627755289,-0.620490050237953,0.534935202602333,
0,155998.009802872,0,0.875539441210484,0.246948558446687,0.587811585972977,0.00000128916978943458,0.0265043423602786,0.00595294175020991,-0.211199517474937,0.230454922162595,78.0449793750836,-0.916446112294045,0.362256162816015,0.0164560152952631,0.10506410972194,19029.6112170738,0.15662832282894,0.875539441210484,-1.72827315635596,1.47539807409575,50.3991637530346,-1.17139447766678,0.246948558446687,0.793070403455018,1.45369224421099,49.6997094960238,0.545555915712728,0.587811585972977,-0.202966555730902,0.231334599378803,-0.877372240364919,0.380284485911708,-0.198406456944912,0.231243402889912,-0.857998344884099,0.390893377356615,-0.0045600987859899,0.210016792360377,-0.021713019872073,0.982676877865789,-2.52134355981098,2.05739305444411,-1.22550406902789,0.220385357916191,-0.935202752900942,2.08498802283715,-0.448541067218393,0.653762754805713,-1.58614080691003,2.90738448842198,-0.545555915712728,0.585371234562841,
0,156026.473909364,0,0.742583575059406,0.161102700280135,0.621694561079557,0.00000566892910005612,0.0396626699537133,0.00487829789606406,-0.252225831832713,0.242594835815006,74.3302503917286,-1.0396999218279,0.301849542261525,0.0345291358685419,0.105131132222415,19028.5304204675,0.328438733024318,0.742583575059406,-2.0017155979775,1.40680129116458,49.020879086826,-1.42288439067357,0.161102700280135,0.741292366690703,1.49299075852034,50.2889650159144,0.49651504033781,0.621694561079557,-0.227851278919994,0.243373805019014,-0.93621940496921,0.349160234108494,-0.185293896052394,0.243284383694717,-0.761634977298451,0.446277893049195,-0.0425573828676,0.210491301577674,-0.202181194893204,0.839775073851472,-2.7430079646682,2.03758482566328,-1.34620553221645,0.178236241425686,-1.2604232312868,2.06505947467032,-0.610356867076685,0.541625434070558,-1.4825847333814,2.98598151704067,-0.49651504033781,0.61953107855204,
0,156042.334202198,0,0.492350725817999,0.194212237613049,0.628137769196702,0.0000247734274405061,0.0345154866085567,0.00461276348807037,-0.193158179794313,0.249615146320398,72.1897180664863,-0.773823955163288,0.441561713098421,0.0722072811816647,0.105168275056921,19028.1089296003,0.686588052742934,0.492350725817999,-1.795440096852,1.363846169699,48.4777410474766,-1.31645352440902,0.194212237613049,0.740817796721195,1.52031020045107,51.2376585487655,0.487280685547855,0.628137769196702,-0.209431630954662,0.250346758509286,-0.836566178055362,0.402836463539969,-0.0915009917849402,0.250258063761248,-0.365626547291735,0.714643762866323,-0.117930639169722,0.210808345534394,-0.559421112436371,0.575874356015597,-2.53625789357319,2.02871719018508,-1.25017814500887,0.211234478533253,-1.0546223001308,2.05600231581677,-0.512948011788516,0.60798768742716,-1.48163559344239,3.04062040090214,-0.487280685547855,0.626059433215148,
0,156035.774961999,0,0.497099335517973,0.236248807982688,0.720996123531211,0.0000242327217951437,0.0290417012242709,0.00245787301504215,-0.171888320617426,0.254511376628139,71.0872240984893,-0.67536596161109,0.501634280831209,0.0714043993543079,0.105149683410591,19029.2328783094,0.679073840626662,0.497099335517973,-1.60475161700426,1.33796422392027,48.0955800622384,-1.19939800206488,0.236248807982688,0.538602623957243,1.50004084629105,52.3241959484409,0.359058638495726,0.720996123531211,-0.216545781281236,0.255145395700329,-0.848715222498358,0.396039773673879,-0.0929917987877436,0.255055199441661,-0.364594797484275,0.715413898917736,-0.123553982493493,0.210581509121975,-0.586727595450589,0.557386671255411,-2.1433542409615,1.99648242625335,-1.07356529302578,0.283017560042034,-1.06614899304702,2.02351168312066,-0.526880571997885,0.598276526141652,-1.07720524791448,3.0000816925821,-0.359058638495726,0.719551222857635,
0,156092.100862793,0,0.487657893178593,0.222735964669027,0.982199177675706,0.0000253154565745134,0.031771692746508,0.00000950952683393579,-0.237245044635156,0.254612031030467,71.51995874826,-0.931790393702045,0.35457971740907,0.0730844019011327,0.105301003179686,19027.7579485231,0.694052285298948,0.487657893178593,-1.68648191961559,1.36469322610445,46.5404661685204,-1.23579562597354,0.222735964669027,-0.0339445128781357,1.51418222667371,52.8469387162918,-0.0224177197963177,0.982199177675706,-0.271865038928348,0.255314306567854,-1.06482493121119,0.286955160809521,-0.124482733134246,0.255226328485114,-0.487734685810468,0.625737779822482,-0.147382305794102,0.210998902873371,-0.698497972202974,0.484865825571863,-1.65253740673746,2.02472135398171,-0.816180163995241,0.414397100102883,-1.72042643249373,2.05201712288916,-0.838407444705644,0.401801909704194,0.0678890257562712,3.02836445334741,0.0224177197963177,0.982114745550166,
0,156100.597506719,0,0.506313312395952,0.280300172689029,0.984717702306641,0.0000232157754540807,0.025123103836505,0.00000702795398254568,-0.241371269019661,0.259086815430602,70.5732413244369,-0.931623126474043,0.354707490748355,0.0699913618326532,0.105313239242793,19025.2191528826,0.664601737976099,0.506313312395952,-1.55605448921743,1.42441290395681,46.3078147977582,-1.09241813584737,0.280300172689029,-0.0290807830841907,1.51102004647059,52.7035392027323,-0.0192457956809488,0.984717702306641,-0.234514552562351,0.259876597410704,-0.902407353716922,0.366840516148336,-0.0934922031901297,0.259793424812462,-0.359871321830486,0.718943364057155,-0.141022349372222,0.210999173022036,-0.668354986194633,0.503907021807638,-1.52697370613324,2.0626972694468,-0.740280083147033,0.459130063491733,-1.58513527230162,2.09034623404975,-0.758312305627306,0.448264042201583,0.0581615661683814,3.02204009294117,0.0192457956809488,0.984645024687132,
0,156098.088051906,0,0.259121039598119,0.424777548213684,0.927774335634959,0.0000669355790373537,0.0135264569885297,0.000160396937918371,-0.220911526683796,0.253844722071529,71.8907580784578,-0.870262437922766,0.38705361816463,0.118841380591564,0.105308710420145,19024.825950017,1.12850475632479,0.259121039598119,-1.17956548376834,1.46506820459783,47.2748120956976,-0.805126669233898,0.424777548213684,0.136796901851544,1.50180606530852,51.7200668164652,0.0910882603363578,0.927774335634959,-0.294151075001782,0.254708472619831,-1.15485390798453,0.248150257063519,-0.0613587452550949,0.254625723787715,-0.240976223228139,0.809573544687844,-0.232792329746688,0.210910100473106,-1.10375145251221,0.269700969398878,-1.31636238561988,2.08411822740139,-0.631615984310642,0.527637839186248,-1.04276858191679,2.11190525783123,-0.493757273461991,0.621477611375013,-0.273593803703087,3.00361213061704,-0.0910882603363578,0.927422460757213,
0,156152.210989432,0,0.410259170518913,0.631553565818729,0.868115202099727,0.0000356423054953607,0.00484530426776724,0.000549685246646172,-0.240588787850192,0.254602146531425,72.0758522101861,-0.944959777943177,0.347836503913145,0.0868356422368946,0.105452707067497,19023.8891909579,0.823455790293875,0.410259170518913,-0.712862059887154,1.47701048379666,47.8424474766399,-0.482638456332916,0.631553565818729,-0.256204946171743,1.53510267183822,50.6462497953591,-0.166897596409593,0.868115202099727,-0.30570555366372,0.255545230849892,-1.1962874542679,0.23158440287303,-0.122875050625979,0.255464879798291,-0.480986078098086,0.630526393377813,-0.182830503037741,0.21149065804744,-0.864485007166276,0.38732151297767,-0.45665711371541,2.11626792996092,-0.215784167614279,0.82915599000987,-0.969067006058894,2.14420391131045,-0.451947224304166,0.65130700270738,0.512409892343484,3.07020534367642,0.166897596409593,0.867450624411698,Model failed to converge with 1 negative eigenvalue: -2.4e+03
0,156198.011753151,0,0.413787084630349,0.748664689480031,0.546600554433272,0.0000350985128902519,0.00213430848029583,0.00704441848543645,-0.24636576112786,0.250956498124057,73.2798696840144,-0.981707040740075,0.32947431575261,0.0862998775507478,0.10559592010531,19029.26973529,0.817265264270456,0.413787084630349,-0.464137114912617,1.44040613033664,48.5442254015998,-0.322226561757373,0.748664689480031,-0.892345728016658,1.47047293325091,51.9083113832079,-0.606842674787537,0.546600554433272,-0.317383663423224,0.251711650712423,-1.26090176010895,0.207344243984613,-0.112882925613788,0.251623790690312,-0.448617856459842,0.653707350272055,-0.204500737809436,0.211158675433958,-0.968469504694328,0.332809941894534,0.42820861310404,2.04455277655664,0.209438767252178,0.834105731868701,-1.35648284292927,2.07217877591301,-0.654616705226894,0.512714565831429,1.78469145603331,2.94094586650182,0.606842674787537,0.543955324386889,
0,156130.217564382,0,0.171128105430735,0.664173064464779,0.671475619005454,0.0000984095433907979,0.00389020889583874,0.0034915833697503,-0.229807475726414,0.249562321271415,73.7257926106731,-0.920842034789714,0.360136298140792,0.144283148866263,0.105420847363138,19032.606156006,1.3686396237099,0.171128105430735,-0.59015823205975,1.35106119061528,48.856369006896,-0.436810883296107,0.664173064464779,-0.621181374504771,1.45631676401075,51.9258611829013,-0.426542761750553,0.671475619005454,-0.318364775491783,0.250136672322667,-1.27276329590371,0.203102049319356,-0.00759150610644836,0.250042223639588,-0.030360896635565,0.975779230432659,-0.310773269385335,0.210692594535775,-1.47500803276959,0.140210383829836,0.0310231424450215,1.97296550253549,0.0157241180371137,0.987454485963384,-1.21133960656452,1.99996421009373,-0.60568064190896,0.544726841030333,1.24236274900954,2.91263352802148,0.426542761750553,0.669712395577,
0,156160.90565741,0,0.111622729321377,0.553222783050631,0.740555367953723,0.000133007220460945,0.00744742058197211,0.00219745700770286,-0.211612526135283,0.251114791318062,73.2700614385731,-0.842692399856505,0.402142960681691,0.167848414405607,0.105497670336022,19028.991024768,1.59101536432976,0.111622729321377,-0.81390748997453,1.36292202875846,47.5286752748652,-0.597178321870658,0.553222783050631,-0.499799190427479,1.50112707819364,50.3361966808378,-0.332949287030986,0.740555367953723,-0.309037286776189,0.251790270904514,-1.22735992008756,0.21968734356488,0.0445271518981965,0.251699719233644,0.176905846513335,0.859582346202694,-0.353564438674386,0.211245623360867,-1.67371249188154,0.0941871175341851,-0.31410829954705,2.01386456587473,-0.155972901489836,0.87605438125328,-1.31370668040201,2.0411338596566,-0.643616132370184,0.519824386467129,0.999598380854956,3.00225415638727,0.332949287030986,0.739172564177134,
0,156206.784167076,0,0.113318057750383,0.550485117211747,0.68764665108579,0.000131785001873401,0.00769941483079921,0.00326656367273786,-0.17586063384789,0.250219870123228,73.3398076602606,-0.702824415028602,0.484390175634278,0.167245038588221,0.105615538276014,19025.129788305,1.58352683059898,0.113318057750383,-0.868686588173253,1.44443263375906,46.6140864662029,-0.601403324648336,0.550485117211747,-0.61244731814049,1.51445876338598,49.9011401542903,-0.40440012824859,0.68764665108579,-0.295604556731254,0.251069699446351,-1.17738045404567,0.239043687767623,0.0607802532736283,0.250984585887951,0.242167275167898,0.808650551074243,-0.356384810004882,0.211598944164317,-1.68424663654338,0.0921340136808049,-0.256239270032762,2.07889418304354,-0.123257485697335,0.901903205552549,-1.48113390631374,2.10668956769553,-0.703062249429529,0.482016956792622,1.22489463628098,3.02891752677195,0.40440012824859,0.68591850590613,
0,156286.853122532,0,0.101551679906822,0.424195275534666,0.567115647946597,0.00014092924925334,0.0137577203351207,0.00653802590597251,-0.1214886416402,0.247356689599678,74.1278694491474,-0.491147588677782,0.624773073171649,0.173293103980411,0.105830666954894,19022.9185241478,1.63745641000515,0.101551679906822,-1.20854001155371,1.49896735867531,46.5988130532164,-0.806248384635762,0.424195275534666,-0.896226000292079,1.55570091091217,50.4298269166018,-0.576091454344256,0.567115647946597,-0.261863497961759,0.248397042445981,-1.05421342936765,0.291785212976349,0.116762410801206,0.248316116507638,0.470216804464299,0.638200129367326,-0.378625908762965,0.21239352002475,-1.78266224279744,0.0746413010907237,-0.312314011261627,2.14624817351624,-0.145516261872902,0.884303277286519,-2.10476601184578,2.17435868955704,-0.967993929407556,0.333047401498174,1.79245200058415,3.11140182182434,0.576091454344256,0.564553367326729,
0,156372.133123929,0,0.136901802393377,0.360840285246686,0.504857292984512,0.000116284220873171,0.0177643993844548,0.00885537867167215,-0.120070054380532,0.246365870619529,74.6868010473196,-0.487364804542916,0.627427298031743,0.157788978558579,0.106077279956652,19025.5529479593,1.48749080503439,0.136901802393377,-1.35844631812368,1.47216479764749,47.0800859468314,-0.922754246192047,0.360840285246686,-1.01956056429247,1.51795557298191,50.4937734836266,-0.671666933103729,0.504857292984512,-0.215500843569371,0.247271348678515,-0.871515623306404,0.383472679104737,0.136525972896822,0.247185581591055,0.552321749586069,0.580727931821855,-0.352026816466193,0.212497732321199,-1.65661446181501,0.0975974466264369,-0.338885753831203,2.10054093335311,-0.161332611257537,0.871831439606957,-2.37800688241614,2.12853104587803,-1.11720563673301,0.263906411064132,2.03912112858494,3.03591114596382,0.671666933103729,0.501795756881356,
0,156358.435084093,0,0.123128399786645,0.406215252647035,0.805914534446191,0.000124934979082856,0.0145360257153593,0.0012153745708444,-0.109498688617196,0.257210434712936,71.4073742338349,-0.425716354546052,0.671594935706382,0.163485779893908,0.106032707634811,19025.7573329575,1.54184292319471,0.123128399786645,-1.2189850649338,1.45462687210997,47.6089525400055,-0.838005325149561,0.406215252647035,-0.365942494228814,1.48153065894377,50.1378959061855,-0.247002984392982,0.805914534446191,-0.21177577160679,0.257978404206229,-0.820905037607319,0.411700361393369,0.128278077717436,0.257892451020872,0.497409199880204,0.618900519275471,-0.340053849324227,0.212077697871687,-1.60343993138764,0.108837560993557,-0.853042570704988,2.06231940869098,-0.41363261535052,0.679143183424339,-1.58492755916261,2.09011567082927,-0.758296577209904,0.448273455890863,0.731884988457626,2.96306131788754,0.247002984392982,0.80490591441422,
0,156319.972219721,0,0.0524428864856572,0.384000812361836,0.945842310172851,0.000197654722631189,0.0158444861146187,0.0000918039286375574,-0.151960198851959,0.262324068542048,70.488374841788,-0.579284240658999,0.56424416648648,0.205465529119157,0.105931821555928,19029.7032892773,1.93960158620211,0.0524428864856572,-1.21960256462777,1.38812266371719,47.9475631432349,-0.878598553647885,0.384000812361836,-0.0983591223877865,1.44082695676189,50.7579999853561,-0.0682657427570891,0.945842310172851,-0.295572616385863,0.262888477325048,-1.12432701270662,0.260874322816707,0.11887473891529,0.262797638118857,0.452343254552104,0.651021719734378,-0.414447355301152,0.211515641064692,-1.95941705878098,0.0500639645025492,-1.12124344223998,1.98704870585245,-0.56427577187091,0.572566467446561,-1.31796168701555,2.01429172124698,-0.654305269248512,0.512915151783472,0.196718244775573,2.88165391352377,0.0682657427570891,0.945574093808573,
0,156271.846924829,0,0.0136335086697144,0.447175534500729,0.847625997678435,0.000319744175570818,0.0124701633151711,0.000746231913382185,-0.171744519767391,0.264455825710424,70.1871342739811,-0.649426116085828,0.518182675928472,0.261003226599565,0.105797520523269,19028.2673927821,2.46700702727867,0.0136335086697144,-1.04780680345876,1.36677811668372,46.5419397185716,-0.766625387594808,0.447175534500729,-0.2785962993638,1.44239593532046,49.9555429314322,-0.193148283728284,0.847625997678435,-0.370481499333736,0.264986861236916,-1.39811271247332,0.162079222976349,0.161484653844296,0.264895825883853,0.609615698191865,0.542116410202033,-0.531966153178032,0.211274992624991,-2.51788508695992,0.0118061832381327,-0.769210504094959,1.97351479304123,-0.389766778950558,0.6967090113267,-1.32640310282256,2.0006039764522,-0.663001332814879,0.507329700469175,0.557192598727599,2.88479187064092,0.193148283728284,0.846842839586756,
0,156276.772315724,0,0.0132144872990867,0.414834344865486,0.915450359589026,0.000322756462380082,0.0140998981200562,0.000233624412395436,-0.187213259859841,0.260574264557178,70.5572859118349,-0.718464120691247,0.474843673456851,0.262185480965748,0.105798085372478,19021.5769667709,2.4781684852111,0.0132144872990867,-1.18061282520119,1.4351366050667,47.3200774341257,-0.822648395304728,0.414834344865486,-0.162929177115118,1.52671868880422,48.7371342101458,-0.106718531914173,0.915450359589026,-0.381714120537423,0.26139097058442,-1.46031869304431,0.144202506916474,0.14848149062876,0.261308244843674,0.56822351976528,0.569883202978119,-0.530195611166183,0.212052403692831,-2.50030465079849,0.0124086546962984,-1.01768364808607,2.08139368812806,-0.488943371881436,0.624881788486757,-1.34354200231631,2.10921178996172,-0.636987716790969,0.524132844555864,0.325858354230234,3.05343737760843,0.106718531914173,0.915012280225376,
0,156281.559393547,0,0.0179759371690973,0.300566380249222,0.995716857991623,0.000294322647710658,0.0221579326596476,0.0000006088553682265,-0.190612929333252,0.263151732107664,70.0086846350156,-0.724346094196584,0.471267097362243,0.250360780223315,0.105801803470526,19019.3174871358,2.36631864496583,0.0179759371690973,-1.45247975429213,1.38802685486934,48.3241158171284,-1.04643490808314,0.300566380249222,0.00878188200176934,1.6273953625933,47.8271654622942,0.00539628058652886,0.995716857991623,-0.353252595014362,0.264073497407112,-1.33770559515772,0.180992426348981,0.147155016861567,0.263993768699877,0.557418523877587,0.57724151220572,-0.500407611875929,0.213020312884784,-2.34910748697747,0.0188184734836166,-1.4612616362939,2.12505851106398,-0.687633600997776,0.491683543068591,-1.44369787229036,2.15271799282019,-0.670639571511652,0.502450167173565,-0.0175637640035386,3.2547907251866,-0.00539628058652886,0.995694411930601,
0,156306.365909129,0,0.00472552459229868,0.205205393862976,0.952758853058875,0.000419496670922815,0.0328742717292021,0.0000727240838347332,-0.173427835967375,0.254843878086312,72.173174385327,-0.680525807681508,0.498348976643423,0.299174883529562,0.105883667811451,19023.1120310685,2.82550547892152,0.00472552459229868,-1.70693676056963,1.32928385810321,48.5094328633071,-1.28410252645759,0.205205393862976,-0.0984143458413455,1.65268259897048,48.7559999184485,-0.059548243505832,0.952758853058875,-0.417677864445253,0.255741196857202,-1.63320524646826,0.102425836929222,0.184190173891838,0.25565611899995,0.720460650863099,0.471241418700222,-0.601868038337091,0.213416658428192,-2.82015491559952,0.00480004702736349,-1.60852241472828,2.10729290677574,-0.763312214242392,0.445277219453044,-1.80535110641097,2.13448525451917,-0.845801629497625,0.397663416292435,0.196828691682691,3.30536519794096,0.059548243505832,0.952515440862229,Model failed to converge with 1 negative eigenvalue: -5.5e+01
0,156401.274875758,0,0.00338079967431451,0.232859767177426,0.932299471365198,0.00045151061967036,0.0299101073078466,0.00015009772774113,-0.238524283521158,0.243839682481673,75.2604562725379,-0.978201255405117,0.331108766474243,0.311139193993743,0.106148137857474,19020.4410273163,2.93117901334747,0.00338079967431451,-1.65344146731265,1.368194864417,47.3669855781654,-1.2084839011709,0.232859767177426,-0.147724840496336,1.72992834771811,48.57485574302,-0.0853936180022685,0.932299471365198,-0.506676099593271,0.245010111089185,-2.06798036758915,0.0386418692411894,0.120883389019508,0.244927618068378,0.493547399729174,0.621625856686081,-0.627559488612779,0.214700595968269,-2.92295177748611,0.00346730210915229,-1.50571662681631,2.19181451730547,-0.686972649796744,0.492099963688844,-1.80116630780898,2.21927187884686,-0.811602366062904,0.417019833194113,0.295449680992671,3.45985669543621,0.0853936180022685,0.931948466727995,
0,156554.111461406,0,0.00599890664714356,0.234702879843137,0.96076605638709,0.000396911703568643,0.0293790511808305,0.0000508428504746652,-0.240634835652185,0.242894057831938,75.682786068894,-0.990698734255096,0.324989584445389,0.292881400208322,0.106574022560212,19020.1769127173,2.74815000102722,0.00599890664714356,-1.65599200715159,1.37597954639501,47.8524756170568,-1.20350045281574,0.234702879843137,-0.0865550702646204,1.7503805806168,48.0914732135786,-0.0494492861855905,0.96076605638709,-0.501410519468823,0.244113795833493,-2.05400320681109,0.0399753813355795,0.0874465881351627,0.244031216924864,0.358341810679438,0.720087532331063,-0.588857107603985,0.215703280446014,-2.72994043663311,0.0063345769549505,-1.56943693688696,2.21264540463658,-0.709303412828019,0.478136211017254,-1.7425470774162,2.24020179705673,-0.777852727243426,0.436655839576468,0.17311014052924,3.5007611612336,0.0494492861855905,0.960561251478763,
0,156534.969426672,0,0.00324888938529711,0.235582813006997,0.869418442706858,0.000455288991261758,0.0292482551365988,0.000560224456039328,-0.153315063995159,0.249860395289073,73.5498615879769,-0.61360290340445,0.541370871497393,0.313543933553701,0.106519855456754,19021.762030275,2.94352571367315,0.00324888938529711,-1.65661055954511,1.37913515597881,47.888960402359,-1.20119522177604,0.235582813006997,0.277845184812877,1.68120063235924,48.7260521611082,0.165265929279943,0.869418442706858,-0.4632448486025,0.250901432918762,-1.84632205250295,0.0648454575952683,0.153910170553805,0.250818010651743,0.613632849386989,0.539457971240837,-0.617155019156306,0.214891729333634,-2.87193472298849,0.00407967228331152,-1.93445574435798,2.16061293785315,-0.89532729831754,0.37061215171169,-1.37876537473223,2.18829852218228,-0.63006274544172,0.528653532836473,-0.555690369625753,3.36240126471847,-0.165265929279943,0.868734674526304,
0,156664.26900909,0,0.00184913845817094,0.2071467768641,0.67958973553901,0.000509375418245697,0.0335086614253392,0.00348828901879939,-0.171437976566715,0.263201144250547,70.5426330592879,-0.65135726159123,0.516932264101218,0.33282222015038,0.106883186207247,19025.9602562054,3.11388752488194,0.00184913845817094,-1.69447498442461,1.32482893572736,47.1836572466409,-1.27901417211597,0.2071467768641,0.664902890792702,1.60030809040861,49.31501694507,0.4154843025401,0.67958973553901,-0.521939980061342,0.263921472552503,-1.9776336309942,0.0479700524248685,0.119934462854232,0.263832677503153,0.454585322747971,0.649407595900003,-0.641874442915574,0.214761007077131,-2.98878484344715,0.00280089289782547,-2.35937787521731,2.06384931100729,-1.14319289816066,0.252958510245896,-1.0295720936319,2.09113400043857,-0.492351084825733,0.622471172516664,-1.3298057815854,3.20061618081722,-0.4154843025401,0.677787404163946,
0,156754.132114714,0,0.00227245253126676,0.2129202999649,0.660768504467462,0.000489490778304403,0.0333151492007804,0.00392614589900703,-0.223976435715619,0.271140174461449,69.2194008876692,-0.826054037032659,0.411611643753725,0.327013884188477,0.107129321447145,19026.483394094,3.0525152196527,0.00227245253126676,-1.66292210520297,1.31666052768882,46.2849001276249,-1.2629847027631,0.2129202999649,0.702978376570746,1.59221498110609,49.4544785830819,0.441509711259216,0.660768504467462,-0.548620725271957,0.271802379618773,-2.01845445960203,0.0435439524881136,0.0802758631923837,0.271714017622104,0.295442479909264,0.767655886462003,-0.628896588464341,0.21514030192669,-2.92319283199036,0.0034646187863373,-2.36590048177371,2.0524382626012,-1.15272674695474,0.249022559478302,-0.959943728632223,2.07965962615892,-0.461586942669661,0.644377560003597,-1.40595675314149,3.18442996221216,-0.441509711259216,0.658844032607995,
0,156828.951366185,0,0.00522217258191704,0.412613882180916,0.654066327333903,0.000410005788458194,0.0144624998960128,0.00406417792365432,-0.199030136460508,0.274426154438125,68.8396084380474,-0.725259357541969,0.470751215988826,0.299794107966787,0.107325261729354,19022.7887874623,2.79332286859723,0.00522217258191704,-1.17359390153863,1.41958626547702,46.5738237722381,-0.82671545229713,0.412613882180916,0.720165143087441,1.59740892643015,49.8070272334689,0.450833303340083,0.654066327333903,-0.46303631906371,0.275253265275477,-1.68221916859114,0.0925263484343635,0.110806297316699,0.27517237202336,0.402679587714179,0.687183952174459,-0.573842616380409,0.215568824090586,-2.66199260863097,0.00776795842015044,-1.89375904462607,2.12293821088167,-0.892046238048341,0.372368149367415,-0.453428758451187,2.15104956695981,-0.210794193409519,0.83304786973273,-1.44033028617488,3.1948178528603,-0.450833303340083,0.652109696643827,
0,156913.16410803,0,0.0205508302363645,0.413304041505624,0.768722510600176,0.000281959609048001,0.0143936257537344,0.00176754307625161,-0.134807797897095,0.288424518768387,66.6284260786089,-0.467393682315022,0.641743287049935,0.24913199751229,0.107554622302783,19023.5467847641,2.3163299928751,0.0205508302363645,-1.15311970282403,1.39692061197485,46.6593443196535,-0.825472609494852,0.413304041505624,0.463834942552949,1.5687616535251,49.371312789782,0.295669480134656,0.768722510600176,-0.338977397273245,0.289116934481418,-1.17245777346547,0.241013315950056,0.142704694552665,0.289035989898799,0.493726385432591,0.621499428317823,-0.48168209182591,0.21572092682872,-2.23289459630572,0.0255558960227801,-1.61695464537697,2.08654513714263,-0.774943525828191,0.438373031059586,-0.689284760271075,2.1145046781997,-0.325979302565524,0.744440014722967,-0.927669885105897,3.13752330705019,-0.295669480134656,0.767482506935383,
0,156702.886724346,0,0.0253268795443491,0.238483908794095,0.768355083351831,0.000262835557255787,0.029323496445393,0.00180010218856071,-0.198415411853948,0.292179278640431,65.9073026459188,-0.679087896914574,0.499460091811819,0.239241310446661,0.106968595595425,19026.6126452923,2.23655652497782,0.0253268795443491,-1.57610986159978,1.32013237824664,47.1842190102475,-1.19390289002162,0.238483908794095,0.456369728507512,1.54086377852809,48.6435797390553,0.296177854828581,0.768355083351831,-0.363073398574112,0.292715836458145,-1.24036131070765,0.214841784444866,0.0990941973681698,0.292631261425987,0.338631617433099,0.734887261138156,-0.462167595942281,0.21435461655892,-2.15608883709414,0.031076728989814,-2.03247959010729,2.01541656601647,-1.00846625178066,0.313230681338475,-1.11974013309227,2.04257617375125,-0.54819993862742,0.583554624251581,-0.912739457015022,3.08172755705618,-0.296177854828581,0.767094259835921,
0,156604.662703671,0,0.021341615531951,0.189451959648027,0.902988900875915,0.000278522949713208,0.0367480617105592,0.000309421526454623,-0.295798241850181,0.286913071185678,66.2970980843469,-1.03096816268351,0.306302256824378,0.245599780192123,0.106686202066269,19022.0567924079,2.30207632697963,0.021341615531951,-1.79267548958579,1.34615526083491,46.4856074267096,-1.33170039277188,0.189451959648027,0.197875222825989,1.61496796503708,48.503165674491,0.12252578819509,0.902988900875915,-0.449472023743046,0.28764162280464,-1.56261120821279,0.118144070391079,0.0346535810391121,0.287561870913973,0.120508261157749,0.904080535880201,-0.484125604782158,0.214537734022513,-2.25659885422,0.0240331520353733,-1.99055071241177,2.08865399846552,-0.953030379313271,0.340574678646116,-1.59480026675979,2.11613692927301,-0.753637557522179,0.451066885844645,-0.395750445651978,3.22993593007415,-0.12252578819509,0.902482623828901,
0,156818.614664194,0,0.0143849987763063,0.151785975595396,0.917352099615036,0.000314962532817934,0.044103050384101,0.000225152704297885,-0.297848851051203,0.283904246593568,66.8644746563805,-1.04911728029767,0.297901431759541,0.262572010153122,0.107271736428511,19016.4976590816,2.44772778828006,0.0143849987763063,-2.08917677608438,1.43346780556919,46.0380520001782,-1.45742845982846,0.151785975595396,0.177793509437633,1.70440956801305,48.3179963557556,0.104313841446513,0.917352099615036,-0.504389169047696,0.284930719215629,-1.77021688091829,0.0766910182544437,0.0143988084243867,0.284857875801968,0.0505473418414336,0.959686224262034,-0.518787977472083,0.216526722268222,-2.39595358964255,0.0165771891463678,-2.26697028552201,2.21294006461601,-1.02441558258623,0.305639024937888,-1.91138326664675,2.24111135838734,-0.852872954970938,0.393729761014674,-0.355587018875265,3.40881913602609,-0.104313841446513,0.916920293953191,
0,156960.141688064,0,0.0432450724672973,0.145003311730758,0.896181116054868,0.000214818244929214,0.0453789612215533,0.000360738155014811,-0.277608161388766,0.278221273110372,68.1304176538972,-0.997796316166797,0.321908866785362,0.217673935929637,0.107680991309994,19018.2390430845,2.02147039399919,0.0432450724672973,-2.09298913738838,1.41183666086564,46.2318731858154,-1.48245841420856,0.145003311730758,0.223156364660386,1.7010860782348,47.6888885283151,0.131184639928364,0.896181116054868,-0.456604978713389,0.27921115482555,-1.63533931514547,0.101977936194207,-0.0292348525940092,0.279134476766935,-0.104733936605112,0.916586932524745,-0.42737012611938,0.217250420312176,-1.96717744207479,0.0491627576890802,-2.31614550204877,2.19654539320623,-1.05444918607758,0.291677313310266,-1.86983277272799,2.22466661336962,-0.840500217646467,0.400627979605285,-0.446312729320771,3.40217215646959,-0.131184639928364,0.895629246507103,
0,156979.297670115,0,0.189387556574441,0.108253367604035,0.85663485596059,0.0000905613455035757,0.0542504304700936,0.000693936447280556,-0.273346428665344,0.278728177391921,67.8009933348837,-0.980691766519863,0.330231280608715,0.141394971939706,0.107734427492982,19018.5199909401,1.31243999926502,0.189387556574441,-2.26447717179833,1.38293339963025,46.7418961818468,-1.63744484904608,0.108253367604035,0.314315993219634,1.7303961137951,47.5139046025592,0.181643954649364,0.85663485596059,-0.366933481197469,0.279724974334653,-1.31176517960274,0.189599376962831,-0.0953802012586284,0.279647620079638,-0.341072815965557,0.733048765252898,-0.27155327993884,0.217644261156725,-1.24769327018136,0.212143406781802,-2.57879316501796,2.20113880985475,-1.1715722577206,0.241368831610093,-1.95016117857869,2.22902196863362,-0.874895450121618,0.381630794941012,-0.628631986439266,3.4607922275902,-0.181643954649364,0.85586215180025,
0,157031.341954284,0,0.269995422634026,0.213493785462134,0.982504052904017,0.0000639859522039495,0.0332559910730655,0.0000101582873342522,-0.245462933169606,0.274113836121136,68.6291739838041,-0.895478085466404,0.373661688705135,0.119000393782284,0.107877642914098,19016.1008820508,1.10310524560722,0.269995422634026,-1.83699636685612,1.45632880481443,46.252936472538,-1.26138847270153,0.213493785462134,0.0384058456160179,1.74218640792677,47.8388263711997,0.0220446247550062,0.982504052904017,-0.330181461021048,0.275271098647802,-1.19947739752912,0.230342368313532,-0.0935536662085192,0.275197366923523,-0.339951167608801,0.73389330265319,-0.236627794812528,0.218039985073132,-1.08524954600947,0.277811145483138,-1.87540221247214,2.25647832732436,-0.831119089318227,0.405906356796252,-1.7985905212401,2.2848456608072,-0.787182500810443,0.431175039561538,-0.0768116912320357,3.48437281585354,-0.0220446247550062,0.982412358768578,
0,157037.386707565,0,0.43487349697769,0.395296322784169,0.840834473779385,0.0000320669950253379,0.0159590553876714,0.000847255519028927,-0.162637308951056,0.272928158110503,69.3284114087075,-0.595897873187594,0.553184013169682,0.0842542623459138,0.107894370990931,19015.7734730748,0.780895811079852,0.43487349697769,-1.33981577433891,1.56121691682477,45.4118990256399,-0.858186815618065,0.395296322784169,-0.334569536440735,1.65697550269304,48.0792952296869,-0.201915801348281,0.840834473779385,-0.265728980870502,0.274107500689958,-0.969433452939571,0.332328968110055,-0.0852597366262633,0.274035341979939,-0.311126791202373,0.755704234751777,-0.180469244244239,0.21722281587471,-0.830802434438239,0.406085247178096,-1.00524623789817,2.26216678353322,-0.444373175848733,0.656772803717249,-1.67438531077964,2.29096783026046,-0.730863737440292,0.464862387406815,0.669139072881469,3.31395100538607,0.201915801348281,0.839982548809105,
0,157104.802426442,0,0.288090902339154,0.418306600310972,0.940606962310648,0.000059337000453259,0.0146973976899662,0.000117184460770167,-0.130130740040827,0.280331449183759,68.2619831647013,-0.464203143884599,0.643979275340338,0.114830468633388,0.108091127331356,19018.787359552,1.06234870029037,0.288090902339154,-1.27082497273956,1.5556410932373,44.7385445623804,-0.816913990163991,0.418306600310972,-0.116323823611351,1.55306898332,47.8668583239153,-0.0748993282723895,0.940606962310648,-0.288570228576405,0.281270105977897,-1.02595413605412,0.304913203085796,-0.0547507637691943,0.281193397500605,-0.194708568038396,0.845621103966534,-0.233819464807211,0.216593799207007,-1.07952981878184,0.280351608325221,-1.15450114912821,2.18379701684909,-0.528666877104717,0.597036558480416,-1.38714879635091,2.21249080111971,-0.626962514668488,0.530683807109327,0.232647647222701,3.10613796663999,0.0748993282723895,0.940294811018602,
0,157045.916877533,0,0.0911074754900122,0.407525365527875,0.989912932720261,0.000150056505835553,0.0150367272562201,0.00000332199855492678,-0.222731031954161,0.2820307193154,67.8687574847736,-0.789740325078122,0.432430007785922,0.182379602040013,0.107937995580755,19023.2110709252,1.68967008381736,0.0911074754900122,-1.24363703169586,1.48769239840731,45.7749330421734,-0.835950383982108,0.407525365527875,-0.0188267789503659,1.48151448095434,48.6115381852343,-0.0127077927299357,0.989912932720261,-0.457022730647435,0.282723587291985,-1.61650018318224,0.105986213827239,-0.091590477175358,0.282640129224021,-0.324053337460666,0.745897653572522,-0.365432253472077,0.215648137162311,-1.69457644420563,0.0901557987697516,-1.22481025274549,2.08539968628661,-0.587326381987934,0.556984525956099,-1.26246381064622,2.11360729738243,-0.597302920088183,0.550305155241748,0.0376535579007318,2.96302896190867,0.0127077927299357,0.989860921269554,
0,157099.333787343,0,0.0551164231746418,0.354005985826998,0.845240568264186,0.000193330607659354,0.0184927719047674,0.000768080487725951,-0.295944501960946,0.28141817180034,68.0065086539506,-1.05161830903696,0.296697157494993,0.207337030905232,0.108096401588338,19025.9648321282,1.91807523524078,0.0551164231746418,-1.35226704662779,1.44442340095188,46.518680488904,-0.936198517509925,0.354005985826998,0.28893643925916,1.47259534773841,50.083809023231,0.196208985518597,0.845240568264186,-0.540390569127806,0.282017640583174,-1.91615874812069,0.055344892361531,-0.136045862928184,0.281930616938354,-0.482550864484263,0.629414674385357,-0.404344706199622,0.215860845151069,-1.87317299678246,0.0610444998853218,-1.64120348588695,2.04870083182706,-0.801094752533148,0.423076793842251,-1.06333060736863,2.07668412149453,-0.51203290686471,0.608627979294876,-0.577872878518318,2.94519069547682,-0.196208985518597,0.844446595328256,
0,157120.889455816,0,0.0153359711892986,0.173149822882113,0.876340221524789,0.000308874617036544,0.0383176935655307,0.000491558376169743,-0.340345108489229,0.284306599546565,67.6844671950878,-1.19710590268407,0.235441264570402,0.262222531250427,0.108152382639245,19026.1731321009,2.42456545895158,0.0153359711892986,-2.00603833873276,1.45078347775204,47.9850024738374,-1.38272758788312,0.173149822882113,0.232518868664571,1.48656606717215,49.7461342385139,0.156413410610727,0.876340221524789,-0.574118446950991,0.284932707894678,-2.01492644067808,0.0439123571037545,-0.0579858357519713,0.284847495935063,-0.203568002455568,0.838691099862797,-0.51613261119902,0.216090831053001,-2.38849843227466,0.0169173805042292,-2.23855720739733,2.06307847303745,-1.08505674246192,0.27789652461869,-1.77351947006819,2.09117430092793,-0.848097391633597,0.396383734148133,-0.465037737329141,2.9731321343443,-0.156413410610727,0.875707167137017,
0,157123.703867059,0,0.00590213563128307,0.112261370946912,0.980309573218667,0.00039830694635475,0.0503900787261257,0.0000125603764743889,-0.296174916647179,0.289713681809177,66.9432395786506,-1.02230213912458,0.310318148153978,0.297810285652731,0.108157790085066,19027.1121858766,2.75347975784733,0.00590213563128307,-2.32293237182925,1.43656175564832,49.274785021103,-1.61700836228994,0.112261370946912,0.0365734486380031,1.474312332255,48.9942053888925,0.024807123862325,0.980309573218667,-0.548593953345539,0.290284356147784,-1.88985021661398,0.0587779952732626,0.0457191326255507,0.290198974370052,0.157544087551637,0.874816064845067,-0.59431308597109,0.215989813244013,-2.75157923906194,0.00593086694169,-2.35950582046725,2.04444609950826,-1.15410517354054,0.248457052600797,-2.28635892319124,2.07240276198102,-1.10324062732174,0.269922682527613,-0.073146897276006,2.94862466450999,-0.024807123862325,0.980208808787866,
0,157214.957674375,0,0.00159291731516937,0.0454163987446033,0.928480995239481,0.000523870652976331,0.0805047523071054,0.000167182272903047,-0.319954648380555,0.288685569773628,66.9551969247179,-1.10831535026655,0.271691057073563,0.342318714250921,0.108409131353743,19022.9519754468,3.15765572490313,0.00159291731516937,-2.99828669152492,1.45969148687372,48.1894683134143,-2.05405506470855,0.0454163987446033,-0.138618185962959,1.53641217131745,48.6812932039622,-0.0902220045836373,0.928480995239481,-0.603210706763286,0.289393838004209,-2.08439374840632,0.0371243660254115,0.0863822633123795,0.289312355379711,0.298577857827766,0.765262162087643,-0.689592970075665,0.217024153573851,-3.17749411169114,0.00148553706460116,-2.85966850556195,2.10502307353556,-1.35849746328856,0.174305886965282,-3.13690487748787,2.13340128759943,-1.47037732456683,0.14145958919929,0.277236371925917,3.07282434263489,0.0902220045836373,0.928110798505894,
0,157287.403617296,0,0.000546681197775142,0.0486979956783998,0.873286452664099,0.000628040835766436,0.0801412289175055,0.000532914360381575,-0.320484844531249,0.30015089383305,65.276925230645,-1.06774576093553,0.289568143822151,0.375487587478025,0.108605184470096,19020.8242043906,3.45736337827789,0.000546681197775142,-2.94864258158771,1.45700026942014,47.0099898830062,-2.02377627751656,0.0486979956783998,-0.245760159819566,1.53278411278069,48.2138768407929,-0.160335795348063,0.873286452664099,-0.619756704565445,0.300815891849177,-2.06025253770894,0.039374404707433,0.140004292256004,0.30073622135106,0.46553850955177,0.641545866014489,-0.759760996821449,0.217356761342084,-3.4954560057403,0.000473252463113157,-2.70288242176814,2.10053684591827,-1.28675791953868,0.198178678237562,-3.19440274140727,2.12891963256158,-1.50048066284385,0.133489938824991,0.49152031963913,3.06556822556137,0.160335795348063,0.872616563000772,
0,157241.034585593,0,0.0011048266688967,0.0467898683032762,0.726589524545927,0.000559411895972492,0.0809164497043259,0.0025463660140444,-0.274510272734442,0.305565378534734,64.4990310209623,-0.898368375536492,0.372330670025264,0.353910567659632,0.108465871604255,19020.6837837809,3.26287487875355,0.0011048266688967,-2.90131390555519,1.42112609542348,47.3415403396993,-2.04155979887951,0.0467898683032762,-0.555290413114347,1.57888295338932,48.452073486655,-0.351698276254317,0.726589524545927,-0.530959408954174,0.306244322310656,-1.7337771520073,0.0829576311138185,0.196713123991006,0.306166684594368,0.642503361368745,0.520546407506773,-0.72767253294518,0.217519646175029,-3.34531866772003,0.000821880814948076,-2.34602349244084,2.11007151703324,-1.11182179063739,0.26621478080899,-3.45660431866953,2.1383497637662,-1.61648219446642,0.105990100025731,1.11058082622869,3.15776590677862,0.351698276254317,0.725064553430727,
0,157207.44804577,0,0.00844045372521897,0.0237543872709786,0.763005992255992,0.000364665382747386,0.103032022987445,0.00187878476450844,-0.261778473536251,0.293188553385947,66.4487221431707,-0.892867305060344,0.375150465834195,0.285489858077719,0.108378276767796,19021.4643387525,2.63419816767701,0.00844045372521897,-3.19408775537063,1.36726997203846,47.5105269465155,-2.33610612438782,0.0237543872709786,-0.50383658998916,1.66159223931539,48.8468716148858,-0.303225170452619,0.763005992255992,-0.477184757781676,0.2939624314612,-1.62328483748666,0.104528529306998,0.111806903565225,0.293882746148639,0.380447321356782,0.703613393268658,-0.588991661346901,0.218145887620044,-2.69998975352118,0.00693416116481124,-2.69025116538146,2.13781143928908,-1.25841368230123,0.208242186217835,-3.69792434535978,2.16573177989037,-1.70747106345134,0.0877345317349988,1.00767317997832,3.32318447863078,0.303225170452619,0.761718268200564,
0,157259.843159622,0,0.019295601908653,0.0337430502796549,0.814293661832835,0.000287793409592537,0.093159477239757,0.00112384791273328,-0.281590475091368,0.295383039859182,66.312522063608,-0.953306172302953,0.343897091799238,0.253937688443048,0.108521796133037,19020.1758620259,2.33996945767232,0.019295601908653,-3.0214711853099,1.38110670088025,46.589314967022,-2.1877174177666,0.0337430502796549,-0.397063183925994,1.68144114907952,49.563275475229,-0.236144562147393,0.814293661832835,-0.509263587794383,0.296204238368749,-1.71929878721179,0.085559980692251,0.0128066301344738,0.296126398269129,0.0432471748865656,0.965504500121197,-0.522070217928857,0.218610807183428,-2.38812629922183,0.0169345209711694,-2.6244080013839,2.16186259133198,-1.21395689619983,0.22476418439896,-3.41853436923588,2.18992014700713,-1.56103151702031,0.118516314732997,0.794126367851986,3.36288229815904,0.236144562147393,0.813320495967098,
0,157323.927663303,0,0.0343025248139607,0.0923626330805834,0.932189464655848,0.00023546729400857,0.0604493852749043,0.000147401210841485,-0.28986611574789,0.291822801865953,66.7037641682668,-0.993294951232217,0.324155898055874,0.230111524689347,0.108714970159635,19022.3939218556,2.11664984455642,0.0343025248139607,-2.31048542883377,1.34414399894301,45.9243655644703,-1.71892701276847,0.0923626330805834,-0.142076239587197,1.66125509752935,49.6141074917091,-0.0855234333357324,0.932189464655848,-0.476819069180289,0.292552558193421,-1.62985780102132,0.103131554169374,-0.0115168542719368,0.292469993845403,-0.0393779003463327,0.968589099209983,-0.465302214908353,0.218765811993673,-2.12694209697541,0.0334248945319304,-2.16840918924656,2.12301898723128,-1.02138002640969,0.307074424667798,-2.45256166842096,2.15076115777158,-1.14032265254506,0.254151903769497,0.284152479174394,3.3225101950587,0.0855234333357324,0.931845266610083,
0,157303.932382406,0,0.082856134664325,0.131862968145174,0.914576320975617,0.000158124545968018,0.046618601069143,0.000233286774029928,-0.313846198126259,0.292140084258756,66.4367082596127,-1.07430036149465,0.286574437264134,0.188451597559374,0.108652666780835,19021.7687250865,1.73444060917071,0.082856134664325,-2.10454469090008,1.37293369993453,48.0534542612869,-1.53288151569187,0.131862968145174,-0.180679602943227,1.67584560879,49.8148467911153,-0.107813990737298,0.914576320975617,-0.41884035046554,0.292942639274206,-1.42976915720859,0.152783283991539,-0.0354779358893516,0.292862907652981,-0.121141786693554,0.903578731884967,-0.383362414576189,0.218797711019435,-1.75213174210098,0.0797511572934531,-1.92386508795685,2.15237756293403,-0.893832532492264,0.371411500076039,-2.2852242938433,2.18038568249093,-1.04808259942003,0.294600552508055,0.361359205886452,3.35169121758,0.107813990737298,0.914143244579747,
0,157319.136124556,0,0.0508124344845446,0.0744540952553437,0.978253637793139,0.000200561769169923,0.0641699740059216,0.0000151143076706159,-0.314153333281955,0.298410382630034,65.3658991251087,-1.05275604190836,0.296328993524136,0.212267850746996,0.10867785376966,19017.397117032,1.95318405161822,0.0508124344845446,-2.64705734669252,1.45193211754857,48.4729206121649,-1.82312748282047,0.0744540952553437,-0.0466895507004027,1.70424254997915,49.6571463508715,-0.027396071469389,0.978253637793139,-0.444119635881182,0.299370977933917,-1.48350931992886,0.13793914211661,-0.0179148026787376,0.299298531881348,-0.0598559657681169,0.95227035120215,-0.426204833202445,0.219137118490211,-1.94492305155269,0.051784240186038,-2.60036779599211,2.22454503758389,-1.16894365007616,0.242426335391408,-2.69374689739292,2.25310862188619,-1.19556903347955,0.23186478178011,0.0933791014008052,3.4084850999583,0.027396071469389,0.97814383158746,
0,157437.019316785,0,0.0171921182853051,0.0885315060438131,0.937825277301303,0.0002984987788587,0.0614900285402404,0.000126105693587421,-0.364476071445543,0.30097633301143,65.2634477497653,-1.21097917500278,0.230270413795854,0.259760866416963,0.109015779767675,19015.0075741039,2.38278226299479,0.0171921182853051,-2.54998918818869,1.46558183436143,46.2051865536992,-1.7399159353662,0.0885315060438131,-0.130890391451736,1.66937072753305,48.7439230799547,-0.0784070244511605,0.937825277301303,-0.546967875255755,0.3018762777165,-1.81189419517564,0.0700025465157549,-0.022766866236334,0.301802754899761,-0.075436243926586,0.939867622867527,-0.524201009019421,0.219420368280045,-2.38902620175346,0.0168930975266537,-2.41909879673695,2.20701980732917,-1.09609292526669,0.273038110387574,-2.68087957964042,2.23573724940245,-1.19910315058576,0.230487839192943,0.261780782903471,3.3387414550661,0.0784070244511605,0.937504286031267,
0,157482.76623012,0,0.00780656027859976,0.134622709487582,0.804454805862049,0.000372247627845435,0.0494351706788253,0.00127945489558119,-0.385411363634474,0.303218769397103,65.0769596559699,-1.27106697385784,0.208229488193005,0.290352188621277,0.1091300858712,19009.3637044938,2.66060625081853,0.00780656027859976,-2.31505913192579,1.51931167415257,44.6453395637091,-1.52375524476705,0.134622709487582,-0.43407155030343,1.74362235338154,48.3767615595308,-0.248948144913147,0.804454805862049,-0.620775356722869,0.304330304272218,-2.03980789296487,0.0413694633761915,-0.024553104977777,0.304262772910628,-0.0806970394139838,0.9356828913448,-0.596222251745092,0.220382297767289,-2.70539992451966,0.00682222008956081,-1.88098758162235,2.29817652360106,-0.818469583300326,0.413089103302089,-2.74913068222921,2.3271094549301,-1.18134996890887,0.237463724435098,0.868143100606858,3.48724470676307,0.248948144913147,0.803400893096983,
0,157482.272425498,0,0.025808520906878,0.135406044033556,0.849858587075728,0.00026137734606674,0.0491222337835838,0.000743311402600375,-0.352652497462006,0.299200346727869,65.6724715324113,-1.17865002938233,0.242790497826265,0.24325743899131,0.109120463000164,19008.0859355372,2.22925592783586,0.025808520906878,-2.33285712406262,1.53421607438436,44.7558500524609,-1.52055317566577,0.135406044033556,-0.348707676520668,1.83232742022513,48.6881332567761,-0.190308605695495,0.849858587075728,-0.540320619318451,0.300522626636429,-1.79793656592829,0.0721870607085297,-0.0413395892497605,0.300458365948538,-0.137588411356937,0.890565714813909,-0.498981030068691,0.2212917208325,-2.25485629643767,0.0241423502834839,-1.98414944754195,2.37536760841098,-0.835302056202264,0.403547659978173,-2.68156480058329,2.40418680649577,-1.11537289587401,0.264690659365604,0.697415353041335,3.66465484045025,0.190308605695495,0.849067310515413,
0,157560.578246818,0,0.0712087523874958,0.0530847317779861,0.915800854210261,0.000171223531331739,0.0788509433285226,0.000232078365732989,-0.309748533705128,0.297960886434172,65.9085304316067,-1.03956105585543,0.302342553164478,0.197281765289022,0.10934312178159,19008.7314535899,1.80424485852058,0.0712087523874958,-3.05395520636496,1.53827597796204,46.0447190922488,-1.98531034100328,0.0530847317779861,-0.197784596922167,1.86105791390498,48.6552487692195,-0.106275358463813,0.915800854210261,-0.467807185326385,0.29934542046675,-1.56276713569549,0.118107376841845,-0.06617293898402,0.299281593997084,-0.221105942735205,0.825009943136677,-0.401634246342365,0.222011508368559,-1.80906949055819,0.0704402082128528,-2.85617060944279,2.40005260279607,-1.19004500406172,0.234028704078545,-3.25173980328712,2.42886940578916,-1.33878741917399,0.180639887569673,0.395569193844334,3.72211582780995,0.106275358463813,0.915363881949276,
0,157561.581790568,0,0.0577495994317662,0.0253915137990498,0.987937153129791,0.000189387955544484,0.100078984857603,0.00000474546674781248,-0.345976509651501,0.301805304577058,65.6178435146249,-1.14635662264566,0.255810847575044,0.207516947046108,0.109351317467025,19011.854664451,1.89770870486937,0.0577495994317662,-3.5553640361888,1.54075389322691,47.8809881587161,-2.30754830594167,0.0253915137990498,0.0270690963360299,1.7812142059181,48.6669600962965,0.0151969910447001,0.987937153129791,-0.525956420702372,0.303021134587104,-1.73570870368181,0.0826153537607881,-0.111890235365881,0.302955284848985,-0.369329207845492,0.711882357370209,-0.414066185336491,0.221181536774585,-1.87206487202629,0.0611976291444536,-3.58243313252482,2.34058482525584,-1.53057180148694,0.12587525533507,-3.52829493985276,2.369589814609,-1.48898974755045,0.136490068520415,-0.0541381926720597,3.56242841183619,-0.0151969910447001,0.987875022184218,
0,157546.955094111,0,0.0371599505082457,0.0356256348852017,0.843249804413945,0.000228412772964007,0.0887382275665698,0.00082182712854424,-0.38321563768781,0.30261210513393,65.4697660344715,-1.26635924732161,0.209871694078879,0.22782252607666,0.109312024654396,19012.439863847,2.08414880976681,0.0371599505082457,-3.32725816163586,1.53890958945405,48.0041946694564,-2.16208813333619,0.0356256348852017,0.348417587764142,1.75251167969999,48.055241291831,0.198810422663652,0.843249804413945,-0.565029653563114,0.303768865176855,-1.86006440533052,0.0628764143904346,-0.1218403829454,0.303702079102357,-0.40118389477451,0.688284737228941,-0.443189270617714,0.220812611886521,-2.00708314090989,0.0447408110342687,-3.6756757494,2.31772089825988,-1.58590093921993,0.112761782743463,-2.97884057387171,2.34675300399645,-1.26934558890469,0.204317833284194,-0.696835175528283,3.50502335939997,-0.198810422663652,0.842411042636158,
0,157560.755657256,0,0.0203900961984064,0.0298328483327454,0.68756757921149,0.000282841216019337,0.0951856246307231,0.00344583812421469,-0.399784429551991,0.308845519286014,64.6270583770611,-1.29444788603768,0.200116943967415,0.253609669855004,0.109348183087034,19012.6619047503,2.31928563141416,0.0203900961984064,-3.46233697713316,1.54610902838914,47.6701549075995,-2.23938733527771,0.0298328483327454,0.69774381085141,1.72437634986741,47.3515179473076,0.404635456120156,0.68756757921149,-0.568001043283084,0.309938673681228,-1.83262397214513,0.0668585106546821,-0.085725749973137,0.309872191418856,-0.27664873566296,0.782049838938526,-0.482275293309947,0.220594232376206,-2.18625522578244,0.0287969378987071,-4.16008078798456,2.3014232287766,-1.80761223575379,0.0706668725389389,-2.76459316628175,2.33051603069886,-1.18625794882549,0.235520447716296,-1.39548762170282,3.44875269973482,-0.404635456120156,0.685745492157491,
0,157523.863302235,0,0.0134708910500452,0.0686704073753015,0.803653112289377,0.000321083268354393,0.0679846163938473,0.00131702410308532,-0.410830813648568,0.306216794423772,64.9510774919696,-1.34163383958628,0.184386746437178,0.269990390149113,0.109250247713956,19014.9247046469,2.4713023155427,0.0134708910500452,-2.85206062945523,1.5310549856676,47.5716659324062,-1.86280744725287,0.0686704073753015,0.422772114675714,1.69096006178353,47.4001691604515,0.250018982843272,0.803653112289377,-0.601969614635793,0.307237346799892,-1.95929831091747,0.0500778614586653,-0.0771027587910917,0.307168531774113,-0.251011255436126,0.801805407144235,-0.524866855844701,0.22007649786847,-2.38492915385445,0.0170824107073659,-3.27483274413094,2.26654654225582,-1.4448557234883,0.148498415216822,-2.42928851477951,2.29558649829564,-1.05824307495411,0.289944637846163,-0.845544229351427,3.38192012356705,-0.250018982843272,0.802572668548468,
0,157524.584474697,0,0.0221212186664822,0.180755659707286,0.90615882323592,0.000275289768816627,0.0374522479846857,0.000292645788816318,-0.338871200593016,0.301263550902824,65.4271957612786,-1.12483305589903,0.264769474950868,0.250054327542883,0.109267146515826,19018.6594606303,2.28846762742784,0.0221212186664822,-2.0283377711644,1.49315384660063,47.4259277114695,-1.35842517218315,0.180755659707286,-0.194748619971667,1.64331746754551,47.9773705716793,-0.118509432180836,0.90615882323592,-0.568091290160439,0.30215236761642,-1.88014839877617,0.060087855899847,-0.0610204542034537,0.302078531264974,-0.202001956073894,0.839915194979162,-0.507070835956985,0.219637327561805,-2.30867330970551,0.0209617164993428,-1.83358915119273,2.20586945042165,-0.831231943867866,0.405842612347889,-2.22308639113606,2.23475756743619,-0.994777430684115,0.319844525402541,0.389497239943334,3.28663493509101,0.118509432180836,0.905664021963809,
0,157615.901814412,0,0.0290861789390152,0.121896261712754,0.789849907110899,0.000250394040643488,0.0498086909617613,0.00146985398594387,-0.399211599886866,0.300363739356818,65.5793019250587,-1.3290938538111,0.188422662308881,0.239034604343872,0.109524211011483,19018.1619197009,2.18248186530019,0.0290861789390152,-2.39750261189369,1.52213206347938,47.3281397726151,-1.57509500615429,0.121896261712754,-0.448461157397846,1.67353071507072,48.7830869026672,-0.267973066379541,0.789849907110899,-0.619308534127373,0.301348461228833,-2.05512426246336,0.0398670040186999,-0.125207028563922,0.301276600380049,-0.415588294630175,0.67771129350816,-0.494101505563451,0.220413536864195,-2.2417021776112,0.0249806270562014,-1.94904145449584,2.24762848569693,-0.867154632938146,0.385857289730933,-2.84596376929153,2.27669680374833,-1.25004074526128,0.211284663543332,0.89692231479569,3.34706143014142,0.267973066379541,0.788720050675211,
0,157727.929317545,0,0.0132856806270725,0.122062388661959,0.851644552112042,0.000322344414481504,0.0500011885879873,0.000731856938142797,-0.439198893848144,0.295556903845454,66.1897659587463,-1.48600451599602,0.142025753420938,0.272000866354568,0.10984384864456,19016.4273379381,2.47625032908968,0.0132856806270725,-2.47197927378857,1.56999498668357,47.1016209057221,-1.57451411931597,0.122062388661959,0.319944469499469,1.70159793399368,48.2715410266126,0.188025892079308,0.851644552112042,-0.654074622847563,0.296680315792606,-2.20464448778864,0.0274790513669415,-0.12151076972764,0.296610238559905,-0.409664785401867,0.682051865574045,-0.532563853119923,0.221290188122795,-2.40663111924511,0.0161004232544053,-2.79192374328803,2.30054904138977,-1.21359018784552,0.224904255814226,-2.15203480428909,2.3298312562344,-0.923686983136852,0.35564931125264,-0.639888938998936,3.40319586798735,-0.188025892079308,0.850856354216307,
0,157797.74752684,0,0.011911730322938,0.194626459431059,0.756518381678012,0.000332506978006971,0.0353197982998233,0.002006478644654,-0.38492070350437,0.303884434471866,65.0802696852542,-1.26666804824453,0.209788646702234,0.276753531333369,0.110041571833186,19016.3682108355,2.51499071417214,0.011911730322938,-2.12860276401854,1.61787456559911,47.2786099300229,-1.31567848909863,0.194626459431059,0.50590464696879,1.62242986845661,48.3613762675164,0.311819115762487,0.756518381678012,-0.591506775050015,0.304912415860963,-1.93992354617575,0.0523889820290821,-0.056085589737886,0.304841945446781,-0.183982521354423,0.854027166795631,-0.535421185312129,0.220892932149503,-2.42389459953272,0.0153550613259793,-2.63450741098732,2.27651811959375,-1.1572529945237,0.24716901196674,-1.62269811704975,2.30587485074681,-0.703723411755934,0.481605037562061,-1.01180929393758,3.24485973691322,-0.311819115762487,0.75517799558867,
0,157872.495339884,0,0.0062900631804928,0.124766170754972,0.949492796432982,0.000392449914025837,0.0471819377258987,0.0000828646267067535,-0.40039393793935,0.299273327340735,66.0558063634193,-1.33788714649964,0.185521061288633,0.30130692115553,0.110265093235429,19018.988106173,2.73256850662798,0.0062900631804928,-2.5124933972559,1.60883763583741,49.2515192979173,-1.56168238564865,0.124766170754972,0.102722453175833,1.6133678136742,48.9168880112743,0.0636695812977068,0.949492796432982,-0.618180793015234,0.300277728702144,-2.05869677943525,0.0395232949460904,-0.0192392349989208,0.300204913243216,-0.0640870090734785,0.948900945839212,-0.598941558016313,0.221223662604658,-2.70740277493129,0.00678119301424621,-2.61521585043172,2.26370965701191,-1.15527883283574,0.247976261148427,-2.40977094408006,2.29308679951817,-1.05088518436651,0.293311325722862,-0.205444906351665,3.22673562734839,-0.0636695812977068,0.949233326193626,
0,157902.378771149,0,0.00817031205898089,0.0827485745734185,0.89671529784492,0.000367793134112592,0.0605349957885963,0.000352221626908353,-0.411622727168473,0.296398401195259,66.3753578550854,-1.38874813598373,0.169551902180753,0.291908643517246,0.110352945019096,19017.9051225905,2.64522748773703,0.00817031205898089,-2.75852533955578,1.55724061948191,48.6986137614888,-1.77141881931742,0.0827485745734185,0.219026331248734,1.67840809655704,48.3313039156973,0.130496469659571,0.89671529784492,-0.602674730898026,0.297436940505986,-2.02622690333213,0.042741537904718,-0.0266875426541439,0.297364066589046,-0.0897470328552703,0.928488239901897,-0.575987188243882,0.222007752616064,-2.59444628152236,0.00947434177034169,-2.97755167080451,2.2748250736306,-1.30891456460534,0.190563292465995,-2.53949900830704,2.30418641943024,-1.10212393706191,0.270407794150614,-0.438052662497467,3.35681619311407,-0.130496469659571,0.896173647063927,
0,157937.735392287,0,0.00221541848725304,0.0564701613772365,0.952774431666452,0.000492182363668555,0.074667388825499,0.0000734892455770584,-0.416230621397825,0.299521344836062,66.0792734605012,-1.38965261933383,0.169298858842094,0.338009110785415,0.11045544877445,19017.0291288394,3.06013976255376,0.00221541848725304,-2.96304594705931,1.5154526505214,47.3760592182387,-1.95522172602348,0.0564701613772365,0.100825352716746,1.69363360603216,48.221961117826,0.059531974541388,0.952774431666452,-0.659075113415666,0.300503572324277,-2.19323553566428,0.0282904134835778,0.0133386444001929,0.30042965559557,0.0443985610333656,0.964586708648492,-0.672413757815859,0.222343450011092,-3.0242121267,0.00249281584147283,-3.06387129977605,2.25799526409241,-1.35689890430641,0.174813335057461,-2.86222059434256,2.28723423423222,-1.25138936428317,0.210792455727546,-0.201650705433491,3.38726721206431,-0.059531974541388,0.952528398629609,
0,157982.550362618,0,0.000349818635084918,0.0270965837863254,0.912989858600986,0.000671816807604895,0.0976389537996324,0.000246371887143336,-0.399861863919689,0.293388777222127,67.0622111709862,-1.36290783753105,0.177470538885909,0.395519639833001,0.110605359207032,19021.3368626572,3.57595366688033,0.000349818635084918,-3.30667363837764,1.45038678951882,48.0365951716867,-2.27985642331634,0.0270965837863254,-0.180495686314386,1.64334600276561,48.9527920907458,-0.109834256456417,0.912989858600986,-0.696538219271998,0.294185264401693,-2.3676856170502,0.0178997387173143,0.10095370490968,0.29410357663908,0.343259018007691,0.73140360873865,-0.797491924181678,0.222127367954591,-3.59024613457225,0.00033036585303963,-3.12617795206324,2.17735716403596,-1.4357671785315,0.151068602147996,-3.48716932469201,2.20624831518441,-1.580587869775,0.113972301165039,0.36099137262877,3.28669200553121,0.109834256456417,0.912540822665366,
0,157962.26177458,0,0.000157580096059522,0.0194568953198614,0.96279277754817,0.000750422567043985,0.105967743643533,0.0000448934515660501,-0.451285135236105,0.289579281704347,67.7565266233682,-1.55841651578118,0.123793479266678,0.417832507058252,0.110550329217811,19021.8370253028,3.77956818414373,0.000157580096059522,-3.56153242428618,1.474287067272,49.2367291523993,-2.41576590024383,0.0194568953198614,-0.0759944039970279,1.62074644051957,48.9700536089136,-0.0468885212992762,0.96279277754817,-0.747532016187185,0.290386207316337,-2.57426832732743,0.010045233488368,0.0908497657600987,0.290304035042496,0.312946961783703,0.754320957865958,-0.838381781947284,0.221812646419001,-3.77968432135106,0.000157027315099301,-3.48553802028914,2.17642295363213,-1.60149846539355,0.109266559639001,-3.6375268282832,2.20541739570264,-1.64935981523093,0.0990739421315716,0.151988807994055,3.24149288103913,0.0468885212992762,0.962602076709025,
0,157961.155781109,0,0.00005021436841934,0.0204837890865126,0.936870309548135,0.000864039366533939,0.103655907625271,0.000129523870114065,-0.427743365344143,0.277115736603079,69.9260860565114,-1.54355494418136,0.127209998156111,0.448335750835299,0.110548511257851,19019.1895401801,4.0555566577425,0.00005021436841934,-3.69494401106695,1.5433108045254,49.5666573801578,-2.39416713745047,0.0204837890865126,-0.131864511318931,1.65633240241681,48.927699430859,-0.0796123478152831,0.936870309548135,-0.746446986268112,0.278149640865077,-2.68361657396564,0.00728305795810288,0.154938615961611,0.278070186199624,0.557192477478984,0.577395928816889,-0.901385602229723,0.222157436723509,-4.05741808837831,0.00004961821113702,-3.56307949974801,2.24918241414225,-1.58416652973291,0.113155827756217,-3.82680852238588,2.27852342564973,-1.67951247694311,0.0930522092777754,0.263729022637861,3.31266480483362,0.0796123478152831,0.936545574254755,
0,158055.995475365,0,0.0000526334082103788,0.0250483137168584,0.91391428330618,0.000859494741781421,0.0984632079574589,0.000240907367918183,-0.425972739743676,0.27694520427742,70.233479931397,-1.53811199170278,0.128514599876888,0.448192619122535,0.110814315546893,19016.0804203016,4.04453717834746,0.0000526334082103788,-3.68122734832027,1.59245233298047,48.9284965044638,-2.31167192391272,0.0250483137168584,-0.184704416013818,1.69980578444572,49.0005813035613,-0.108662070516513,0.91391428330618,-0.758790778833141,0.278146243953089,-2.72802813386585,0.00637141736888483,0.144197564235923,0.278070756691172,0.518564289002422,0.604064617443834,-0.902988343069064,0.223080889837188,-4.04780680105811,0.000051699792027181,-3.49652293230645,2.31439008856224,-1.51077510640333,0.130845759170923,-3.86593176433408,2.34394684096396,-1.64932570004198,0.0990809272754472,0.369408832027635,3.39961156889143,0.108662070516513,0.913470527003413,
0,158166.340579272,0,0.000307112707691108,0.0310059220964888,0.783292057460233,0.000684747441032824,0.0921200292641163,0.00156183931080039,-0.419927280092371,0.277757241536665,70.1780404945686,-1.51184998010912,0.135062311917605,0.401208178347045,0.111141356018872,19017.799750273,3.60989097774656,0.000307112707691108,-3.55612262409641,1.6007952716155,48.6358195360515,-2.22147246881084,0.0310059220964888,0.455148639805983,1.64581435373456,48.8910797904071,0.276549198135983,0.783292057460233,-0.726658110520514,0.278853280993591,-2.60587972259582,0.00916386348192377,0.0594868746276339,0.278774741899148,0.213386888002768,0.831025206855116,-0.786144985148148,0.22316748405309,-3.5226681363721,0.000427225954653932,-4.01127126390238,2.28106990187137,-1.75850431440596,0.0786617381239099,-3.10097398429042,2.3106754163982,-1.34202058942753,0.179589319847846,-0.910297279611965,3.29162870746911,-0.276549198135983,0.782126277697301,
0,158218.485485497,0,0.000947898803973897,0.0587887348395842,0.507914509278509,0.000574443623865079,0.0711083307039275,0.00899853913699818,-0.350101915145925,0.280857665624499,69.5705679810633,-1.24654569910869,0.216744974263382,0.367915910543363,0.111284997112005,19016.3401999818,3.30606928239453,0.000947898803973897,-3.13657221295256,1.62099780081265,48.9091724475273,-1.93496389161053,0.0587887348395842,1.11651304391502,1.67398397308572,48.9922399202747,0.666979530190428,0.507914509278509,-0.626089550947743,0.282028458434111,-2.21995168297533,0.0264220476238054,0.0698274006115773,0.281952678446955,0.247656454253951,0.804400226833993,-0.69591695155932,0.223707694113802,-3.11083154433348,0.00186561333726017,-4.25308525686758,2.31530438056197,-1.83694433119643,0.066218113948523,-2.02005916903754,2.34501131130004,-0.861428326295638,0.389002180565359,-2.23302608783004,3.34796794617144,-0.666979530190428,0.504785208684135,
0,158281.626015592,0,0.000877101517898643,0.0436344112135833,0.408087989377616,0.000582031022830001,0.0812069758244753,0.0141984208683913,-0.345524055185645,0.281884257157013,69.2735062901904,-1.22576570494032,0.224437735794304,0.370942367229553,0.111468746986998,19015.4960740415,3.32777013518257,0.000877101517898643,-3.33471743871756,1.60970621416721,48.5567031421066,-2.0716310898028,0.0436344112135833,1.40823968130342,1.68746956402133,48.3538125593376,0.834527455385631,0.408087989377616,-0.600294245207265,0.283049374903507,-2.12081106136308,0.033937705472679,0.0912465157094965,0.282973454852838,0.322456096657369,0.747107192685595,-0.691540760916761,0.224179826005001,-3.08475911164877,0.00203717074968651,-4.74295712002097,2.31718650340036,-2.04686032525259,0.0406718005503845,-1.92647775741414,2.34692606600909,-0.820851489663703,0.411730865626966,-2.81647936260683,3.37493912804265,-0.834527455385631,0.403983822589862,
0,158178.14766176,0,0.00104706086893262,0.0254843903615526,0.480059631870127,0.000564807429249625,0.0986816363100872,0.0104221422404789,-0.381578675922122,0.284124202441094,68.9371648792206,-1.34299954964672,0.183677173725104,0.364397937192713,0.111162256256916,19014.7820079904,3.27807251726272,0.00104706086893262,-3.72413295961284,1.6156607577289,48.5279426487468,-2.30502160914509,0.0254843903615526,1.20148739004965,1.68808304885955,48.099857487957,0.711746611555252,0.480059631870127,-0.62075779733415,0.285303254458505,-2.17578239166015,0.02957153594979,0.0650854105562258,0.285228956521996,0.228186546519889,0.819501219890257,-0.685843207890376,0.223615384354897,-3.06706629272824,0.00216170909390482,-4.92562034966248,2.32177353445458,-2.12149043675768,0.0338805518770885,-2.52264556956319,2.35145397202038,-1.07280244460653,0.283359763747682,-2.40297478009929,3.3761660977191,-0.711746611555252,0.476621698279073,
0,158097.374466932,0,0.00278263747661111,0.0610199680532686,0.536685072132913,0.000470402199428896,0.0714289164830085,0.00797362242024328,-0.331058047296167,0.280806347042696,69.4556895903403,-1.17895500149016,0.242439082725069,0.331772284510561,0.110917097434918,19011.199946665,2.99117351772779,0.00278263747661111,-3.22379915612606,1.68034420918561,47.8498455381133,-1.91853498735745,0.0610199680532686,1.07718808559108,1.73100530593183,48.1785624953603,0.622290458555939,0.536685072132913,-0.546207268548954,0.282215412626168,-1.93542678433541,0.0529379451536333,0.0788282815877304,0.282146067629025,0.279388198638219,0.779946926768842,-0.625035550136684,0.2235888703912,-2.79546807961907,0.00518246193296222,-4.30098724171714,2.39756271111116,-1.79389978905863,0.0728291651399226,-2.14661107053498,2.42725464409995,-0.88437819070729,0.37649209202025,-2.15437617118216,3.46201061186365,-0.622290458555939,0.533750894027884,
0,157931.68560202,0,0.00503527352620067,0.0983364779452704,0.577088028305502,0.000413751182874973,0.0567383874507751,0.00657861941464067,-0.293289240767608,0.283897683707532,68.6076090282468,-1.03308078085537,0.305194058171498,0.309767117956711,0.110430148052417,19009.7473989688,2.80509555968063,0.00503527352620067,-2.83019146052008,1.67838680131286,47.2718602592661,-1.68625698099286,0.0983364779452704,0.976290468884214,1.73870770602361,47.6106029452781,0.561503503724022,0.577088028305502,-0.483905587149859,0.285320045264846,-1.69600977982699,0.0898840279737602,0.100726677041207,0.285252766192904,0.353113760772752,0.724003156964943,-0.584632264191066,0.222760991551332,-2.6244822314698,0.00867808204537635,-3.80648192940429,2.40180212626307,-1.58484410009527,0.113001759837935,-1.85390099163586,2.43136176450407,-0.762494918979698,0.445764674530784,-1.95258093776842,3.47741541204721,-0.561503503724022,0.574454342464026,
0,157987.981651995,0,0.0153069301888505,0.0556570003787624,0.698439828313174,0.00030926737233419,0.0759873913583562,0.00315277918928212,-0.358768944107679,0.278431434487583,69.81603417396,-1.28853606191394,0.201813165746513,0.26825437955876,0.110608778677009,19012.7969409359,2.42525396959763,0.0153069301888505,-3.14608119909474,1.60307467769053,46.8348041784679,-1.96252940856576,0.0556570003787624,0.676914976748117,1.73676528965214,48.0309339395913,0.3897561638186,0.698439828313174,-0.502252016688617,0.279727093168402,-1.79550722455851,0.0725729227380962,0.0100573180466266,0.279654738296786,0.0359633386077413,0.971311591584777,-0.512309334735243,0.223067267828303,-2.29665849105917,0.0216382591246127,-3.82299617584285,2.34870764139584,-1.62770202151292,0.103588084265443,-2.46916622234661,2.37822972028248,-1.03823705560846,0.29915970495129,-1.35382995349623,3.47353057930427,-0.3897561638186,0.696716861473022,
0,158018.841345274,0,0.00233473301192726,0.0436226430831021,0.670457882295615,0.000487228154299682,0.0846191240825653,0.00384303412752795,-0.43603543456511,0.278297860130608,69.9231963588922,-1.56679406144364,0.12167757262837,0.337024427305417,0.110703523705699,19013.2273516338,3.04438753188545,0.00233473301192726,-3.29960481416758,1.59081589799055,46.5390293993836,-2.07415881267939,0.0436226430831021,0.731892511057672,1.70932909879368,47.5222254071531,0.428175306659315,0.670457882295615,-0.628943927522111,0.279512960925672,-2.25014226688887,0.0244399157523391,0.0189400790861276,0.279438441381433,0.0677790750352577,0.945961501152462,-0.647884006608239,0.222968561753999,-2.90571909112034,0.00366410232497477,-4.03149732522525,2.32024848768048,-1.73752826330058,0.0822939697093473,-2.56771230310991,2.34977644340499,-1.09274748681586,0.274504683858007,-1.46378502211534,3.41865819758734,-0.428175306659315,0.668523492883387,
0,158149.965495399,0,0.000139928949565953,0.0292883084400072,0.669431740243159,0.00076261679835413,0.0991826572292675,0.00388000990947641,-0.418552679289497,0.288377303683486,68.1251776342292,-1.45140645239158,0.151256330421454,0.423087841536951,0.111073779404032,19010.7958049198,3.80907036572479,0.000139928949565953,-3.66929508226413,1.63090552542596,45.9736165071177,-2.2498514016045,0.0292883084400072,0.724270965645671,1.68590710270457,47.382033069095,0.4296031284783,0.669431740243159,-0.726480863021059,0.289566099834056,-2.50886019957926,0.0121121409739493,0.0938024390781741,0.289493531360383,0.324022573621522,0.745920944136416,-0.820283302099233,0.223430487472155,-3.67131321862,0.000241307396320441,-4.39356604790979,2.33077512213371,-1.88502357271074,0.0594266553274517,-2.94502411661845,2.36045726791905,-1.24764983320997,0.212159320435293,-1.44854193129134,3.37181420540914,-0.4296031284783,0.667484360958423,
0,158268.998291579,0,0.000057650558736884,0.0132048658773059,0.561011270601043,0.000850582368091922,0.12922875137044,0.00717043771378851,-0.415496874902368,0.293454899471861,67.4195882979123,-1.41587983587989,0.161414058334583,0.448283666222559,0.111426445441192,19012.6800922082,4.02313530192571,0.000057650558736884,-4.18634796347258,1.62222605025031,44.8737989079614,-2.58061936733577,0.0132048658773059,0.946146995888184,1.61607089548829,47.4597497797756,0.585461317649872,0.561011270601043,-0.759747034783588,0.294468231893383,-2.58006451119884,0.00987818598966889,0.102995942361389,0.294391844256279,0.34986003984447,0.726443737615776,-0.862742977144977,0.22341935006785,-3.86154098507122,0.000112674105895806,-5.13249495936075,2.27495321926926,-2.25608813222514,0.0240651122268785,-3.24020096758439,2.30460253511241,-1.40596954061163,0.15973316971919,-1.89229399177636,3.23214179097658,-0.585461317649872,0.558237569251644,
0,158213.911949821,0,0.0000931742834601163,0.015612522577549,0.441117073179848,0.000802685109079493,0.124041733754157,0.0124291336287061,-0.377845989061004,0.289164663671358,68.0295206917233,-1.3066810593788,0.195721207360682,0.434938164770159,0.111278707079772,19016.7783745832,3.90854797098216,0.0000931742834601163,-3.90222198026635,1.55217119773939,44.6334326354676,-2.51404096787108,0.015612522577549,1.24687500286624,1.60522829413197,47.9401774130849,0.776758675027272,0.441117073179848,-0.709770698710867,0.290052830627142,-2.44703937960621,0.0144035100874171,0.115530376355149,0.289971897848122,0.398419216525803,0.690321195180096,-0.825301075066016,0.223035495050417,-3.70031270080781,0.000215333962314741,-5.14909698313258,2.21817045096152,-2.32132610949739,0.0202692501147826,-2.6553469774001,2.24760015510506,-1.18141430599607,0.23743817761071,-2.49375000573247,3.21045658826394,-0.776758675027272,0.437301162122084,
0,158195.553109274,0,0.00029662760843082,0.0200991870352185,0.512033822602338,0.000688035567668595,0.116625715670593,0.00899100629434261,-0.410569483875293,0.292686627325842,67.4146974423852,-1.40276133428609,0.165276714135988,0.402555470457533,0.111237039888497,19021.4148035669,3.61889772382519,0.00029662760843082,-3.56972305529651,1.48001351297753,44.0644260511993,-2.41195301529028,0.0200991870352185,1.0170308840297,1.53960479386691,48.0971194729296,0.660579187646787,0.512033822602338,-0.697942542970099,0.293328008013637,-2.37939277499083,0.0173411873015341,0.0708099735963863,0.293240392072259,0.24147414718685,0.809187651268885,-0.768752516566485,0.22234808385612,-3.4574281155665,0.00054535771581113,-4.58675393932621,2.1211190556674,-2.16242173067604,0.0305856840702167,-2.5526921712668,2.14999995150529,-1.18729871109047,0.235109816333048,-2.0340617680594,3.07920958773382,-0.660579187646787,0.508882219691553,
0,158296.12753059,0,0.0023462854597966,0.0171578760174211,0.590869043419576,0.000486589286192306,0.123962280816514,0.00607256201462276,-0.392301101217254,0.306528431778171,65.5639752401584,-1.27981962045581,0.205118728715402,0.339333855531396,0.111516539106895,19019.6228564303,3.04290160230066,0.0023462854597966,-3.58264221746476,1.44551533509746,43.4104931288967,-2.47845327578155,0.0171578760174211,0.85624371796287,1.58209151487565,47.9417976883743,0.541209980530217,0.590869043419576,-0.615463477160352,0.3071488255568,-2.00379563895333,0.0450919561967935,0.0325938827986955,0.307064235833494,0.106146789482737,0.915465888173024,-0.648057359959048,0.223252785388636,-2.90279630254519,0.00369847109623748,-4.43888593542762,2.12854072191075,-2.0854127382834,0.0370318515499176,-2.72639849950189,2.15739905582034,-1.26374325238832,0.206322195269833,-1.71248743592574,3.16418302975129,-0.541209980530217,0.588362859048291,
0,158388.858597826,0,0.00725790457418725,0.0133233990486103,0.525054231222964,0.000378919724752756,0.128632457101487,0.00847483950860446,-0.395161309496515,0.321076186296997,64.0235341903887,-1.2307400123751,0.222922583935771,0.300115415500544,0.11177221224181,19019.4128944417,2.68506285668991,0.00725790457418725,-3.7788374208829,1.46647669370695,44.9797355684933,-2.57681382670377,0.0133233990486103,1.01481378437378,1.58501571508368,47.9598511938552,0.640254714648179,0.525054231222964,-0.545348037969717,0.321697080318678,-1.69522221783762,0.0900332736784156,0.0186036290586347,0.32161647730517,0.0578441416139958,0.953872777096161,-0.563951667028352,0.223759789446955,-2.52034410839506,0.0117240157604341,-4.79365120525667,2.14478671485665,-2.23502466331579,0.0254157296202502,-2.76402363650912,2.17383241494605,-1.27149803154339,0.203551527286174,-2.02962756874755,3.17003143016735,-0.640254714648179,0.522007016643848,Model failed to converge with 1 negative eigenvalue: -1.1e-01
0,158438.667114583,0,0.00867447196029995,0.0118631878956828,0.518998280528268,0.000362043994112649,0.129735018081534,0.00863119423612432,-0.387411248218975,0.322461011078281,64.0790294685858,-1.2014204350582,0.234009887500028,0.293798104491445,0.111927520368327,19024.165013136,2.62489603561863,0.00867447196029995,-3.77541660036535,1.44088794756925,46.0536055213081,-2.6202013881332,0.0118631878956828,0.989533258920074,1.52322683053047,48.4725635810766,0.649629614635574,0.518998280528268,-0.548863366496491,0.322938700827352,-1.69958993793662,0.0892080843231704,0.00335744661612061,0.322853221346642,0.0103992972475742,0.991702710835483,-0.552220813112612,0.223489348665084,-2.47090439169053,0.013477184510542,-4.76494985928541,2.08239820960981,-2.2882030138598,0.0221257012887337,-2.78588334144527,2.11101250730787,-1.31969059008468,0.186938343035821,-1.97906651784014,3.04645366106093,-0.649629614635574,0.515931498878433,
0,158535.049476724,0,0.00332168738873883,0.00966723610834768,0.718880853521215,0.000453053161311036,0.134408927331609,0.002703773803004,-0.36250998282714,0.312131199858829,65.5138431134166,-1.16140258644793,0.249692288618993,0.329566065687272,0.112224928517875,19026.5624899683,2.93665649904852,0.00332168738873883,-3.79820273401009,1.40782250881884,46.8754152961538,-2.6979272672638,0.00966723610834768,0.552859430394517,1.52696068130758,48.3534599032732,0.362065269369666,0.718880853521215,-0.603196825220619,0.312570470942749,-1.92979465846952,0.0536322856075866,0.0361708151330105,0.312479770656276,0.115754101640064,0.907847427485644,-0.63936764035363,0.224075902299642,-2.85335296563325,0.004326054203564,-4.3510621644046,2.06268137500522,-2.10942039673655,0.034908310444498,-3.24534330361557,2.09105041125247,-1.55201581279512,0.12065844005405,-1.10571886078903,3.05392136261515,-0.362065269369666,0.717303256426316,
0,158801.015832574,0,0.00825677717640485,0.0159766156288132,0.929813650726349,0.00036655560657713,0.118211342355866,0.000163176434834887,-0.331857742246685,0.305018768547568,66.7781472774909,-1.08799122043184,0.28051021729809,0.298582352550578,0.113028216660455,19030.7292860425,2.64166206786701,0.00825677717640485,-3.41169513095683,1.36441743800427,46.6392188592701,-2.5004775195098,0.0159766156288132,-0.132598632897044,1.49757115797011,48.0368859237116,-0.0885424590286417,0.929813650726349,-0.570728692753187,0.305326915547491,-1.86923806481258,0.0615897006291466,0.031176357443302,0.305226916373892,0.10214157327171,0.918644302856507,-0.601905050196489,0.225318805667831,-2.67134848514965,0.00755471699776618,-3.27909649805978,2.01201698172641,-1.62975587574124,0.10315310282605,-3.54429376385387,2.03972946781494,-1.73762933750754,0.0822761469977959,0.265197265794087,2.99514231594021,0.0885424590286417,0.929445539408966,
0,158891.03466833,0,0.0288823116711446,0.0392149436385037,0.842777518069372,0.000250902868352706,0.0891067874713106,0.000837698598088517,-0.279034726577839,0.308317096600917,66.192093276951,-0.905025149931985,0.368734470007783,0.247559266784568,0.113286218081282,19027.8453279269,2.18525493195427,0.0288823116711446,-2.88251240612601,1.35814886476948,46.0473137366078,-2.12238325333745,0.0392149436385037,-0.311322156110836,1.56104725414939,47.4390748330313,-0.199431602908443,0.842777518069372,-0.478251275899006,0.308707698312924,-1.54920424243591,0.121332629962145,0.0279968931991348,0.308611198348273,0.090718980221644,0.927715888783076,-0.506248169098141,0.226361018234756,-2.23646356181839,0.0253214215944753,-2.57119025001517,2.05510157919333,-1.25112562612326,0.210888647399306,-3.19383456223684,2.08313015347601,-1.53319011628124,0.125229018808185,0.622644312221672,3.12209450829877,0.199431602908443,0.841925141425917,
0,158845.607579813,0,0.0478357873812993,0.0679143167936083,0.953527471783886,0.000205822386413122,0.0698740464219522,0.0000715314184133083,-0.253420610479104,0.304249746979646,66.4785426635189,-0.832936142083489,0.407863278818722,0.223899988708869,0.113140676659908,19023.4198825366,1.97895217987687,0.0478357873812993,-2.65987353979928,1.42307896978166,46.5039502797929,-1.8690976370815,0.0679143167936083,-0.0952532960201061,1.6259504003813,47.9752818052692,-0.0585831498905306,0.953527471783886,-0.449752200984869,0.304860524068317,-1.47527201942382,0.140139425829875,0.0014530415154574,0.3047714225575,0.00476764357781366,0.996195985209003,-0.451205242500327,0.226691321568519,-1.99039486548649,0.0465474550717059,-2.56462024377917,2.14621762085818,-1.19494883410457,0.232107021470884,-2.75512683581938,2.17519811543401,-1.26660960961234,0.205294914670599,0.190506592040212,3.2519008007626,0.0585831498905306,0.953284132069406,
0,158876.12768493,0,0.0124924160997821,0.0795145486734324,0.878323196110942,0.000327919360746855,0.0645155809223324,0.000496468983304965,-0.317359835944073,0.309041398223734,65.6738496840844,-1.02691690423403,0.308227137326101,0.282870184984551,0.113231490234499,19025.2515271729,2.49815828086989,0.0124924160997821,-2.50072304948429,1.39495326774475,46.5997753826605,-1.79269306528618,0.0795145486734324,0.247895675557688,1.61056145082657,47.695292114214,0.153918793617259,0.878323196110942,-0.524083650375138,0.309570941718373,-1.69293554319421,0.0904677369229024,0.0327945539433075,0.309480121090011,0.105966592709744,0.915608858066399,-0.556878204318446,0.226714345679956,-2.45629892827589,0.0140376334156644,-2.74861872504198,2.11630046995024,-1.29878472554826,0.194017818006176,-2.2528273739266,2.14496571838549,-1.05028595777386,0.293586659318989,-0.495791351115375,3.22112290165313,-0.153918793617259,0.87767376552264,
0,158914.816454021,0,0.00337180164879159,0.0529858937755778,0.97861486888502,0.000451638703850396,0.0783579139365598,0.0000152377948951125,-0.405992790900937,0.311642520930295,65.2768398178338,-1.30275159400262,0.197236804154291,0.332335529674023,0.113347452419502,19025.7891659057,2.93200705071025,0.00337180164879159,-2.71011576123378,1.36475453430553,46.3816318882498,-1.98578989342787,0.0529858937755778,0.0433670486608825,1.60937051100693,47.6517565789694,0.0269465908342941,0.97861486888502,-0.611887159737347,0.312117241238299,-1.96044011317586,0.0499443712196773,0.0512335459462063,0.31202457825286,0.164197148292233,0.869575945973687,-0.663120705683554,0.226915461247843,-2.92232491359095,0.00347428896582123,-2.75348280989466,2.09591928671283,-1.3137351363435,0.188935352401884,-2.66674871257289,2.12423612265623,-1.2553918484534,0.209336547039825,-0.0867340973217648,3.21874102201385,-0.0269465908342941,0.978502332881747,
0,159064.809642826,0,0.0164247340586908,0.0431756332280312,0.874460429448407,0.000302582388020704,0.0846589605753775,0.000523197023051018,-0.446394415967051,0.305796790719494,66.2189378684397,-1.45977469193432,0.149080058658667,0.273051478273021,0.113792722221993,19023.263097096,2.3995513328202,0.0164247340586908,-2.92772043940451,1.40852682923081,46.7131296061536,-2.07856916790384,0.0431756332280312,-0.261685969944447,1.64750493301712,48.1964316576563,-0.158837745915099,0.874460429448407,-0.584412262043404,0.306397722140656,-1.9073649045443,0.0564733507511826,-0.0289541426495915,0.306307163306103,-0.0945264953554374,0.924690936421188,-0.555458119393813,0.228108238618439,-2.43506382214865,0.0148891632889862,-2.66603446946005,2.15301235586094,-1.23828108194668,0.215611855952841,-3.18940640934895,2.18196664994394,-1.46171180454609,0.143820201053965,0.523371939888892,3.29500986603424,0.158837745915099,0.873796709368708,
0,159123.013298226,0,0.0877323294077102,0.0250996858781194,0.945282883862974,0.000153248692623136,0.100873764165943,0.000096112532180177,-0.462940123720207,0.30137482806674,66.9680415339936,-1.53609419436214,0.129226796549852,0.194606993688526,0.113967160409159,19023.6608050803,1.70757078609187,0.0877323294077102,-3.31791216942672,1.4346273613511,47.6753615111662,-2.31273448340062,0.0250996858781194,0.114722056303361,1.66310402737624,49.5031976034754,0.0689806857628445,0.945282883862974,-0.535499380231849,0.302047161347952,-1.77289989365258,0.0762452963050856,-0.150386657890812,0.301957474893555,-0.498039195564958,0.618456416098419,-0.385112722341036,0.228584330005524,-1.68477306529162,0.0920323634367417,-3.43263422573008,2.18169922594397,-1.57337646954743,0.115631672183814,-3.20319011312336,2.21095676826572,-1.44878007525943,0.147399009786623,-0.229444112606722,3.32620805475247,-0.0689806857628445,0.945004993401628,
0,159080.296635721,0,0.151119153504548,0.0125914205427859,0.780380996804902,0.000108342472766766,0.125922608658787,0.00156604507670427,-0.528158546960605,0.294199147554479,68.0956840086039,-1.79524159519464,0.0770525038852368,0.163433768584429,0.113839772063795,19021.7187757493,1.43564736314513,0.151119153504548,-3.95438492539759,1.52375438559273,46.749193338163,-2.59515901170605,0.0125914205427859,0.459516881168701,1.63921791684047,50.1007976389656,0.28032690251117,0.780380996804902,-0.542211422645516,0.294996137293203,-1.83802888953288,0.0660581484173094,-0.231771419805477,0.294909278250719,-0.785907521052746,0.431921668014323,-0.310440002840038,0.228134233897875,-1.36077780846783,0.173583916893883,-4.41390180656629,2.22308672991149,-1.98548340340371,0.0470907148215251,-3.49486804422889,2.25291167254714,-1.55126722756849,0.120837657175049,-0.9190337623374,3.27843583368093,-0.28032690251117,0.779226712650483,
0,159177.118567373,0,0.152898521903803,0.0134957052608331,0.775960552584611,0.000107402086880366,0.126625147969153,0.00163550793115677,-0.589479794545558,0.28823858992136,69.3557025131371,-2.04511059642078,0.0446400102392491,0.163154347598815,0.114139839986762,19022.3170794226,1.42942505980153,0.152898521903803,-3.97277212792592,1.5456212711378,45.5681980866723,-2.57033996756617,0.0134957052608331,0.455566977767118,1.59216235028668,49.9765467862439,0.286130982613104,0.775960552584611,-0.560956454998442,0.28899296693333,-1.94107303354498,0.0522494194146939,-0.250934086752093,0.288902188723962,-0.868578005104187,0.38507798920729,-0.31002236824635,0.228265964214944,-1.35816291891164,0.174411993935097,-4.42833910569303,2.20402959944177,-2.00920128605107,0.0445157913934827,-3.5172051501588,2.23385443834477,-1.57450059851033,0.115371763272057,-0.911133955534235,3.18432470057336,-0.286130982613104,0.774777802414268,
0,159130.645745184,0,0.00899921338604355,0.0204707232484227,0.823204550150969,0.000358658105919687,0.112513473311299,0.00100530673416155,-0.615462199983846,0.287116155251865,69.5381273874989,-2.143600033387,0.035564419217644,0.297794368593945,0.113994705562448,19020.7289789801,2.61235262747189,0.00899921338604355,-3.74786160144152,1.56060489563308,45.4923526772555,-2.40154417811252,0.0204707232484227,0.367372252171877,1.63568347135149,50.1278133703551,0.224598621069597,0.823204550150969,-0.70315096479814,0.287985110199361,-2.44162263914053,0.014621421193842,-0.12069563038897,0.287897903447422,-0.419230668037888,0.675047560947279,-0.58245533440917,0.228395412098063,-2.55020593040236,0.010765930598015,-4.11523385361339,2.24568363359243,-1.83250828035392,0.0668757292345882,-3.38048934926964,2.27569794464641,-1.48547365753098,0.137418396470059,-0.734744504343753,3.27136694270297,-0.224598621069597,0.822291537711961,
