convergence_false,convergence_false_message,bic,singular,p_anova_condition,p_anova_pe,p_anova_interaction,effectsize_condition,effectsize_pe,effectsize_interaction,coef_intercept,se_intercept,df_intercept,t_intercept,p_intercept,coef_condition,se_condition,df_condition,t_condition,p_condition,coef_pe,se_pe,df_pe,t_pe,p_pe,coef_interaction,se_interaction,df_interaction,t_interaction,p_interaction,emmean_amc,emmean_se_amc,emmean_z_ratio_amc,emmean_p_amc,emmean_avc,emmean_se_avc,emmean_z_ratio_avc,emmean_p_avc,emmean_diff,emmean_se_diff,emmean_z_ratio_diff,emmean_p_diff,coef_amc,se_amc,z_ratio_amc,p_amc,coef_avc,se_avc,z_ratio_avc,p_avc,coeff_diff,se_diff,z_diff,p_diff
0,"",626242.715489728,1,0.0728048469672549,0.386080856181611,0.548893185478132,0.0000376095187758776,0.0147602448098238,0.00651371185563643,0.116432718098769,0.0895504082905579,51.4901684568158,1.30019192900816,0.199325218886203,0.0631944819550295,0.0352240058872777,85578.9030682917,1.79407425030707,0.0728048469672549,0.167045197246948,0.191073271753342,51.0171829368702,0.874246804454095,0.386080856181611,-0.142642629586511,0.236511744761366,55.4787392764206,-0.603110131932068,0.548893185478132,0.0198948245346711,0.0965382741370651,0.206082247818357,0.836726665332555,0.176999828916419,0.0965182376961069,1.83384853620838,0.0666764806733763,-0.157105004381747,0.0743631193992957,-2.11267367010475,0.0346287083946606,0.309687826833459,0.300904830642847,1.02918861811507,0.303391049728797,0.0244025676604372,0.307164262362964,0.0794446836774313,0.936678928495629,0.285285259173022,0.473023489522732,0.603110131932068,0.546435426631717
0,"",626099.290709284,1,0.134363041408245,0.388931061398369,0.507240273724674,0.0000261987513621603,0.0148491711474546,0.00788898121931481,0.119138543141932,0.0895136032730025,51.4868011883153,1.33095461232387,0.189068038266201,0.0526899108069616,0.0351939374687132,85551.4233223003,1.49713031836242,0.134363041408245,0.164597054397348,0.189385939423793,50.1128574327297,0.869109158251849,0.388931061398369,-0.155251255753489,0.232611961875455,56.0203097573743,-0.667425933308683,0.507240273724674,0.0320112636890291,0.0963563404840334,0.332217511875448,0.739725021436025,0.170822212230632,0.0963357560718083,1.77319636234859,0.0761961746264424,-0.138810948541603,0.0737629294844583,-1.88185243606478,0.0598560539692897,0.319848310150837,0.296787490081152,1.07770145589149,0.281167008556134,0.00934579864385882,0.303097184825744,0.0308343300820557,0.975401661982459,0.310502511506978,0.465223923750909,0.667425933308683,0.504500105462321
0,"",625989.012786936,1,0.314984992062841,0.548175317120647,0.644250326902885,0.0000117999694048136,0.00737960642581448,0.0037904606323843,0.100749147522544,0.0887970911938787,51.2771979745972,1.13459963798329,0.26181927773998,0.0353413820415753,0.0351717533298234,85564.3812857223,1.00482286766205,0.314984992062841,0.11661022569585,0.19284804785379,49.1804809063627,0.604674130713834,0.548175317120647,-0.103800120036731,0.223588241526154,56.644336811222,-0.464246774911857,0.644250326902885,0.0416766651797267,0.0955211616045729,0.436308190558389,0.662613140081134,0.134711293479462,0.0955000134338212,1.41058926209276,0.158365759632014,-0.0930346282997356,0.072434194247304,-1.28440205991797,0.199001312579167,0.220410345732581,0.292053863647131,0.754690737455497,0.450434565448807,0.0128101056591196,0.298443769156492,0.042923012583997,0.965762904264066,0.207600240073461,0.447176483052308,0.464246774911857,0.64247095254963
0,"",626070.616406855,0,0.227545524198158,0.459673512163295,0.891816161321534,0.0000170157980501999,0.0112863270570846,0.000333121326890366,0.0959690593818341,0.0892450165590074,46.676638656792,1.07534362233415,0.287748147716218,0.0424630156968516,0.0351889552948317,85575.4534375355,1.20671430399323,0.227545524198158,0.145599145101816,0.195355656816886,48.6612853253708,0.74530293862077,0.459673512163295,0.0304635276385987,0.22296996363107,56.0170874963848,0.13662614974008,0.891816161321534,0.0411096433382399,0.0959794096791855,0.428317318012794,0.668420112192458,0.119475791823376,0.0959585510459092,1.24507707256038,0.213103420966812,-0.0783661484851363,0.0723619093772754,-1.08297513373447,0.278819460442751,0.115135617463217,0.29323593689632,0.392638155752122,0.69458675398143,0.176062672740414,0.299619024723952,0.587621807068579,0.556786170429465,-0.0609270552771974,0.44593992726214,-0.13662614974008,0.891326305820251
0,"",625953.361915853,1,0.309474691226309,0.254079594957964,0.545118230577062,0.0000120770730500395,0.0271218476236407,0.00663920689512751,0.106748524787959,0.0887091366844049,51.2808654465034,1.20335434181635,0.234365202341183,0.0357378442506808,0.0351635895224039,85527.0242597993,1.01633094732582,0.309474691226309,0.218871200504258,0.189599244243716,47.8016860585006,1.15438857036221,0.254079594957964,0.136262231420727,0.223807376850035,55.4616788015002,0.608837087224482,0.545118230577062,0.0621163533468385,0.095371862926954,0.651306910030833,0.514848388684133,0.104249928433618,0.0953503141730196,1.09333597207084,0.274246314440878,-0.0421335750867796,0.0724620483070368,-0.581457136130777,0.560932399101455,0.0826089690835308,0.290099729150778,0.284760586731176,0.775827569787685,0.355133431924985,0.296508647171054,1.1977169479314,0.231027229123958,-0.272524462841454,0.447614753700069,-0.608837087224482,0.542632428256317
0,"",625726.344812793,1,0.371917597485288,0.275150548593421,0.440225623176426,0.00000932908588647933,0.024544574694422,0.0106891629864601,0.118322092983732,0.0883524747286048,51.4452012888283,1.33920519314469,0.18639098501066,0.0313539518292857,0.0351150604099327,85458.3672154487,0.892891866431673,0.371917597485288,0.202115492941042,0.183114557058178,48.4178372405137,1.10376529418591,0.275150548593421,0.171717766233851,0.220900264025332,55.9277126939617,0.777354282447387,0.440225623176426,0.0836952843426644,0.0948171850461643,0.882701635804893,0.377397498096498,0.109426234669427,0.0947944663710374,1.15435255725919,0.248355657258178,-0.0257309503267629,0.0720069124584295,-0.357340003178413,0.720837285993129,0.0303977267071919,0.283671335886252,0.107158259794641,0.914663428557568,0.373833259174893,0.290148769603901,1.28841924673758,0.197600062482029,-0.343435532467701,0.441800528050664,-0.777354282447387,0.436949777288489
0,"",625552.705809364,0,0.64405299459965,0.550216743339944,0.492530349653592,0.00000249553759483725,0.00723572127104593,0.00848152048307196,0.145474678182518,0.0906866654312496,47.1261330129285,1.6041462930711,0.115363568915734,0.0162091408557062,0.0350815966553697,85545.2874233159,0.462041138404832,0.64405299459965,0.114998889305746,0.191173791605432,49.6472156833129,0.601541081233011,0.550216743339944,0.151249762705768,0.218935997863745,55.7933131384039,0.690840081948967,0.492530349653592,0.133168589653164,0.0971159762443652,1.37123256958343,0.170302468243015,0.133017408462282,0.0970946450129288,1.36997677312245,0.170694152247247,0.000151181190882387,0.0716745502781301,0.00210927296084502,0.998317044917943,-0.0362508734000222,0.28742134716749,-0.126124498953439,0.899633374962028,0.266248652011514,0.293853277516529,0.906059834559911,0.364904183165505,-0.302499525411536,0.437871995727489,-0.690840081948967,0.489666043777971
0,"",625370.469987568,0,0.490063661834122,0.708799814890913,0.934006478071871,0.00000556208015640557,0.00281910510146164,0.000125156404951212,0.150509011995465,0.0910966534949271,47.248743998084,1.65219035190845,0.105126965039178,-0.0241903188198567,0.0350477385798465,85649.2420481296,-0.69021054710123,0.490063661834122,0.0755114263463166,0.201037540326045,49.9038101470917,0.375608586455303,0.708799814890913,0.0189753777215272,0.228115897759552,55.279272055568,0.0831830569806597,0.934006478071871,0.168612217998129,0.0979576382095913,1.72127688131235,0.0852005925663649,0.116145505446942,0.0979386788526815,1.18590026746887,0.235661687543676,0.0524667125511866,0.0729235397699234,0.71947566885427,0.471847888497124,0.0565360486247893,0.300925952162818,0.187873622126815,0.850975721008469,0.0944868040678437,0.307163608158399,0.307610672482785,0.758378598284076,-0.0379507554430544,0.456231795519105,-0.0831830569806597,0.933705984615602
0,"",625474.109047522,0,0.265471048446033,0.675273657285611,0.859456097528432,0.000014479541795875,0.00362256193885351,0.000575422247868641,0.161302271239555,0.0872677794168204,46.5626971348361,1.84835998254432,0.0709065724745258,-0.0390519099114107,0.0350694206512659,85637.950964667,-1.11356016684014,0.265471048446033,0.0832881488376804,0.197621902163255,48.854473105308,0.421452014811984,0.675273657285611,-0.0428142686496555,0.24066583767807,54.9682033271696,-0.177899235980998,0.859456097528432,0.186777009409437,0.0946836552739639,1.97264257351498,0.0485362989176927,0.117892627088719,0.0946649002026737,1.24536789069989,0.212996550527142,0.0688843823207177,0.0747892799456276,0.921046203022641,0.357026305317154,0.126102417487336,0.308330505209147,0.40898456479938,0.682550988518693,0.0404738801880249,0.314453848501322,0.128711670666212,0.89758580037367,0.0856285372993109,0.481331675356139,0.177899235980998,0.858802110874483
0,"",625883.798912135,0,0.367563314168464,0.547816061781226,0.934453910650409,0.00000948924605323419,0.00744470831407078,0.000124788327581131,0.166031275537058,0.0857765752688644,46.1295602255851,1.93562490711057,0.0590565858498687,-0.0316724089900841,0.035150486282509,85558.6039449272,-0.901051801546324,0.367563314168464,0.113925076112135,0.188228582676545,48.8398737987264,0.605248546698702,0.547816061781226,-0.020143195858934,0.243800088289264,54.6966680637977,-0.0826217742588942,0.934453910650409,0.183268846639724,0.0931930863607581,1.96654981390224,0.0492351340933272,0.124261576425085,0.0931729602117881,1.33366564873146,0.182313457453263,0.0590072702146391,0.0753637784237814,0.782965921411645,0.433647124341266,0.134068271971069,0.3049105200314,0.439697101816174,0.660156501933804,0.093781880253201,0.311073206089384,0.30147848936322,0.763049650445221,0.040286391717868,0.487600176578527,0.0826217742588942,0.934152287113269
0,"",626219.291127113,0,0.294955175225405,0.506584601140076,0.937676905868604,0.0000128277879059323,0.00912661651479527,0.000112358359189338,0.178571224795824,0.0883436826165928,46.3612958476498,2.02132421364881,0.0490413290099999,-0.036883788122265,0.0352173198262981,85506.8863946781,-1.0473195661733,0.294955175225405,0.12367643108651,0.184834439363992,48.6089745985923,0.669120059617005,0.506584601140076,0.0188034960274997,0.239385495191814,54.906954210793,0.0785490199079643,0.937676905868604,0.204163573160581,0.0953645093684485,2.14087583014535,0.0322840527352303,0.126346934257404,0.0953437680426675,1.32517244546977,0.185113962233726,0.0778166389031766,0.0747906837639675,1.04045898482167,0.298126709957577,0.10487293505901,0.299294332026549,0.350400671970317,0.726038022161658,0.142479927114009,0.305550770549255,0.466305245631974,0.640997024522376,-0.0376069920549993,0.478770990383627,-0.0785490199079643,0.937391338395695
0,"",626536.52453338,0,0.214697458014941,0.619629601535712,0.950277981840895,0.0000180041220141622,0.00520999556605481,0.0000712358138353302,0.181724063796441,0.0889426397958134,47.1506748575122,2.0431602234162,0.0466477310953144,-0.043777556222757,0.0352828275176505,85505.981995597,-1.24076099629081,0.214697458014941,0.0927973058206224,0.185729585666862,47.6653311398008,0.499636638327889,0.619629601535712,0.0153115162294192,0.244427113946913,55.0818235349636,0.0626424621318597,0.950277981840895,0.217158894369918,0.0960891861913627,2.25997225054486,0.0238229731295209,0.126306666934663,0.0960689325132365,1.31475039464252,0.188593803797121,0.090852227435255,0.0756104678545385,1.20158266458606,0.229525261228677,0.0774857895912032,0.303866853157286,0.254999151062704,0.798723754916951,0.108108822050042,0.310072768235281,0.348656293376945,0.727347360391146,-0.0306230324588384,0.488854227893825,-0.0626424621318597,0.950051215903239
0,"",626738.952971403,0,0.42169867887292,0.921469538466654,0.658033809641126,0.00000755073776864936,0.000202839492632596,0.00356587403978571,0.178859798975862,0.0876529601285502,46.2896762220786,2.04054487964297,0.0470233388364138,-0.0283822728398426,0.0353241118553978,85498.6331020898,-0.803481569643642,0.42169867887292,0.0182413393074184,0.184073295775829,48.4051143380022,0.0990982381802592,0.921469538466654,0.111006921827243,0.24943689179373,55.3428273257647,0.445030087686626,0.658033809641126,0.217229939381378,0.0950132978429387,2.28631090924208,0.0222360761185828,0.13656164828304,0.0949929469677615,1.43759776533078,0.150548215346996,0.080668291098338,0.0764108448512105,1.0557178271673,0.291097149990058,-0.0927655825198244,0.30690729381989,-0.302259295845423,0.762454405170412,0.129248261134661,0.313067716973719,0.412844423513367,0.679720601803321,-0.222013843654486,0.498873783587459,-0.445030087686626,0.656298010829639
0,"",626575.232016546,0,0.282864351090572,0.901293209474159,0.642781974708593,0.0000134776636768493,0.000319440607789944,0.00394826522532907,0.170992846214933,0.0822226930883791,45.0253192980436,2.07963081470875,0.0432830076675384,-0.0379017670674337,0.0352931189376767,85569.3767987414,-1.07391378853095,0.282864351090572,0.0235190455815168,0.188640094267707,48.6454808984353,0.124676812068064,0.901293209474159,0.12102137372467,0.259484861299575,54.8751452659724,0.466390883531933,0.642781974708593,0.21939247589893,0.0904555500034029,2.42541752154153,0.0152907897965811,0.117528728039442,0.0904359337928214,1.29957996904955,0.193744968703367,0.101863747859488,0.0778975716425634,1.3076626871874,0.190987744399023,-0.0975023281431531,0.317791197124167,-0.306812551843773,0.758986053770239,0.144540419306187,0.323795787261613,0.446393761106609,0.655312838670195,-0.24204274744934,0.51896972259915,-0.466390883531933,0.64093573577068
0,"",626314.949368847,1,0.244287689615298,0.980565747441691,0.688545241445614,0.0000158308591487467,0.000011858614191041,0.0030050989844477,0.17172455445998,0.077434430127203,52.2149142299024,2.21767699688479,0.0309522042912881,-0.0410336544740901,0.0352418514465874,85635.0590797649,-1.16434445949245,0.244287689615298,-0.00470234886641444,0.192085478103225,50.5360782700947,-0.0244805016644072,0.980565747441691,0.108007764906998,0.268011488873238,53.8812038719603,0.402996772120031,0.688545241445614,0.224893460598557,0.0865060981682676,2.59974112069076,0.00932941111408187,0.119568231575874,0.0864870376818752,1.38249886665885,0.166818578223505,0.105325229022683,0.0791589149605815,1.33055422847991,0.183335731711256,-0.112710113773413,0.326788437822343,-0.344902391665054,0.730167752525997,0.103305416040584,0.332660931036424,0.31054267694956,0.756148310930152,-0.216015529813997,0.536022977746476,-0.402996772120031,0.686950599094564
0,"",626199.964558154,0,0.0551478193518193,0.886231178960864,0.82514390144722,0.0000429560850497512,0.00040367415172747,0.000912421696373189,0.179261216023787,0.0785915729325336,44.3170218324991,2.2809215967426,0.0274142876238442,-0.0675377996590021,0.0352174648099838,85611.9298090196,-1.91773598762441,0.0551478193518193,-0.0272481888947764,0.189500540830706,51.1974210447995,-0.143789504638508,0.886231178960864,0.0613986133307475,0.276557615934997,53.970176194126,0.222010206166872,0.82514390144722,0.256343423174217,0.0877840350175381,2.92015994848042,0.00349851774074581,0.108046514788653,0.0877654766747938,1.23108218495763,0.218292127814029,0.148296908385564,0.0804850759865183,1.84253921075262,0.0653963164938952,-0.0886468022255239,0.332355092612207,-0.266723165060561,0.789682316715691,0.0341504244359711,0.338126059670487,0.100999090307477,0.91955118231421,-0.122797226661495,0.553115231869995,-0.222010206166872,0.824305938213393
0,"",626190.515799875,0,0.0200170232460763,0.974769543442524,0.949263188801579,0.0000631718415300272,0.0000201835277051218,0.0000750183332652425,0.188127900392546,0.0782286344624155,44.531762657668,2.40484704463212,0.0204002518097495,-0.0819170646529754,0.0352169060307757,85643.6944163513,-2.32607215924616,0.0200170232460763,-0.00617643727375595,0.194316410617203,50.0554385015344,-0.0317854639972912,0.974769543442524,0.0173673995112626,0.271679820260806,54.4696813642393,0.0639259827785158,0.949263188801579,0.272579878505978,0.0874012553546973,3.11871811680252,0.00181639644117053,0.105005929289091,0.0873830549196967,1.20167381863211,0.229489928689785,0.167573949216887,0.079704354875615,2.10244408198773,0.0355143931157423,-0.0235438367850185,0.3310996295474,-0.0711080130690632,0.943311790809988,0.0111909622375066,0.336913371147197,0.0332161415838177,0.973502226102661,-0.0347347990225251,0.543359640521612,-0.0639259827785158,0.949029163321812
0,"",626329.317958014,1,0.499387023678929,0.962410111426485,0.810302179770101,0.00000532650641897558,0.000045203383502099,0.00106743351778881,0.193346479195143,0.0774316012175736,52.1889582231882,2.49699704196821,0.0157179032687447,-0.0238069180226322,0.0352456240764242,85654.6954692599,-0.675457411989952,0.499387023678929,0.00927445612368012,0.19579629859085,49.6337823244785,0.0473678827967053,0.962410111426485,0.0632879768596814,0.262382352392407,54.4463184313428,0.241205158360006,0.810302179770101,0.222968914969217,0.0863985137144905,2.58070313230194,0.00985993298446206,0.161726922571057,0.0863795880014289,1.87228170813203,0.0611676400429241,0.0612419923981608,0.0782804122187139,0.782341209791435,0.434014074295683,-0.0540135207360013,0.324408154554871,-0.166498652939581,0.867764543174803,0.0725624329833615,0.330334267123476,0.219663656499307,0.826133111237182,-0.126575953719363,0.524764704784813,-0.241205158360006,0.809396113123572
0,"",626303.379820688,0,0.801266624937604,0.830127391359963,0.746575720017966,0.00000073957974579348,0.000922912935160842,0.00190938566870973,0.22278207590035,0.0798538187301215,44.7767761402278,2.78987378992203,0.00771821637972244,0.00887034948956914,0.0352404977810465,85666.7051501491,0.251708972576997,0.801266624937604,0.042912025608065,0.198983877572013,50.3454836589548,0.215655791472527,0.830127391359963,0.0823861096993873,0.253666496940268,55.1388979611951,0.324781201668847,0.746575720017966,0.218161814789153,0.0883633634464144,2.46891705204783,0.0135522628549215,0.218161848953243,0.0883445342425127,2.46944364836846,0.0135323330336709,-0.0000000341640902824791,0.0769313643648542,-0.000000444085329365182,0.999999645671172,-0.0394740840913223,0.319379176166553,-0.123596298810468,0.901634923138228,0.125298135307452,0.325391290968667,0.385069111513244,0.700186212220641,-0.164772219398775,0.507332993880536,-0.324781201668847,0.745346672835349
0,"",626287.498751149,0,0.93276912908,0.962446234336328,0.902276139894575,0.0000000830693811195486,0.0000443441708819641,0.000274667561693288,0.211729973330785,0.0805571764631179,44.5151478190799,2.62831919671021,0.0117321414671557,0.00297265951818123,0.0352371136578632,85673.9266829612,0.0843616065448617,0.93276912908,-0.00946040674264345,0.199931330524914,50.4896206309964,-0.0473182803205751,0.962446234336328,0.0310234993772105,0.251506878533589,55.38028134137,0.123350500622858,0.902276139894575,0.213116127522201,0.0889527653395044,2.39583476363893,0.0165825639092922,0.212380981783019,0.0889340610770079,2.38807245740322,0.0169370021897197,0.000735145739182529,0.0765981309592639,0.0095974370389467,0.992342470720382,-0.0404839061198539,0.3182617812079,-0.127203165790769,0.898779599798845,0.0215630926345671,0.324292973054797,0.0664926298940294,0.946985625218299,-0.062046998754421,0.503013757067178,-0.123350500622858,0.90182955241967
0,"",626606.841898934,0,0.784679192716853,0.747704292014741,0.94973497217922,0.000000871602059625247,0.00205938009378601,0.0000719472666296538,0.177022838136978,0.0798389332598776,43.9058430337099,2.21724954115763,0.0318300269226546,-0.00964539646580388,0.0353017367645596,85650.4001979252,-0.273227250266258,0.784679192716853,-0.0637696653557614,0.197170117928929,50.689064185181,-0.32342459407945,0.747704292014741,0.0157376163000739,0.248524741459954,55.7305202339186,0.0633241431320825,0.94973497217922,0.195228609885451,0.0881414461407701,2.21494675244666,0.0267637195615715,0.17254894743705,0.0881218198358524,1.95807290133661,0.0502214590081808,0.0226796624484011,0.0762240225645966,0.297539564107642,0.766054607085413,-0.0795072816558353,0.314174297379691,-0.253067428872923,0.800216107779762,-0.0480320490556874,0.320274438426902,-0.149971534698827,0.880787073253379,-0.0314752326001478,0.497049482919907,-0.0633241431320825,0.949508390901993
0,"",626820.854223323,0,0.998879948745914,0.804815443860084,0.870395347262643,2.30178331996573e-11,0.00118732798298271,0.00047946424871899,0.146267569882257,0.0790159276512456,43.8939787698308,1.85111501225223,0.0708887641912408,0.0000496156720660862,0.0353443201525511,85611.8838131626,0.0014037806315679,0.998879948745914,-0.0478833784408352,0.192777552062062,51.9003142346823,-0.248386691959963,0.804815443860084,0.0398642418166386,0.243214258619498,56.004696067375,0.163905858328006,0.870395347262643,0.155665548743942,0.087118917530666,1.78681683790605,0.0739670970060622,0.147180588471848,0.0870978338228621,1.68983064230026,0.09106035971005,0.00848496027209442,0.0754854631818625,0.112405222336016,0.910502114746589,-0.0877476202574737,0.307232595112883,-0.285606480735658,0.775179539226504,-0.00801913662419656,0.31343396888332,-0.0255847719785017,0.979588532295965,-0.0797284836332772,0.486428517238997,-0.163905858328006,0.869805255195832
0,"",626979.34534858,0,0.830657142239967,0.951928435169664,0.891666364838144,0.000000534476085457711,0.0000715069567911597,0.000331078341655783,0.134645665963035,0.0775494147806837,43.4658959496865,1.73625637722507,0.0896026711682557,0.00756546412870621,0.0353758637370781,85571.3804178714,0.213859488631417,0.830657142239967,0.0115188171164259,0.190139989053302,51.3203353002943,0.0605807183106381,0.951928435169664,0.0323115996863035,0.23617683014642,56.515524174787,0.136811048172133,0.891666364838144,0.129318915298833,0.0855025841666394,1.51245622058391,0.130417841894759,0.137492004889456,0.0854799702865781,1.6084704338163,0.10773218653549,-0.00817308959062339,0.0744892283229591,-0.109721764805882,0.912630038812282,-0.0207927825698776,0.300030890759519,-0.0693021392471999,0.944749122960858,0.0438304168027293,0.306344390613653,0.143075630387521,0.886230451044554,-0.0646231993726069,0.472353660292839,-0.136811048172133,0.891180150584314
0,"",626932.486453744,0,0.913974608505638,0.852784093434877,0.784317793200436,0.000000136293116783386,0.000681858210829255,0.00132425061291109,0.122765235207206,0.0784887361353602,43.7598966418795,1.56411277913161,0.124994840786648,-0.0038206748941244,0.0353678107758501,85622.8797088964,-0.108026898196742,0.913974608505638,0.0365983031222316,0.196225773082339,50.9823088120538,0.186511193444882,0.852784093434877,0.0648935666588991,0.235985218567297,57.0279826113074,0.274989963578558,0.784317793200436,0.129632399297683,0.086500851636361,1.49862569957857,0.133970761780506,0.108017152465998,0.086479346599876,1.24905144075352,0.211646259747018,0.0216152468316853,0.074440633871441,0.290368924974696,0.771534014349596,-0.0282952635366674,0.303756235096414,-0.0931512188636601,0.925783427519026,0.101491869781131,0.310031134643095,0.327360250117999,0.743395427400426,-0.129787133317798,0.471970437134595,-0.274989963578558,0.783323949077944
0,"",626645.288611765,0,0.426631252914675,0.919024109136992,0.801631660102186,0.00000737786381016991,0.000200751803423863,0.0011108242655966,0.119177540938197,0.0779140480051123,44.026208175998,1.52960273518811,0.133269109407101,-0.0280703553975669,0.0353098102876951,85658.648065239,-0.794973271418253,0.426631252914675,-0.0203383168607202,0.199086214708374,51.9757769660408,-0.102158338238096,0.919024109136992,0.059851680547389,0.23712583514775,57.2884273496322,0.252404722202017,0.801631660102186,0.155881778131662,0.0860844419865551,1.81080081992061,0.0701716893649518,0.0868528680140589,0.086063506432187,1.00917185012086,0.312892224403444,0.0690289101176034,0.0745365468516893,0.926108238619575,0.354389732909199,-0.0801899974081092,0.306490801764773,-0.261639164850545,0.793599646312016,0.0395133636866688,0.312716091041763,0.126355390140099,0.899450612565518,-0.119703361094778,0.4742516702955,-0.252404722202017,0.800728250498424
0,"",626634.249932835,0,0.357560527113021,0.828099465936894,0.753335516095462,0.00000988714494507375,0.000909122121739899,0.00172914000743666,0.121086760133238,0.0747531060628415,42.9400509207904,1.61982245970417,0.112592514398008,-0.0324824751242814,0.0353059495070956,85610.5412229371,-0.920028368526194,0.357560527113021,-0.0418641927040852,0.191836159110902,52.336812461419,-0.218228893333311,0.828099465936894,0.0744415734502348,0.235762241398306,57.5573538722227,0.315748497336646,0.753335516095462,0.166091622956914,0.0829987630736075,2.00113371339782,0.0453779820433383,0.0850967496096133,0.0829759709404559,1.02555894971906,0.305099525352856,0.080994873347301,0.0743456969882785,1.0894359274091,0.275961695293795,-0.11630576615432,0.300788881402278,-0.386669100307507,0.699001194535365,0.0325773807461496,0.307076442678235,0.10608883072247,0.915511872925801,-0.14888314690047,0.471524482796612,-0.315748497336646,0.752193412757664
0,"",626582.521514141,0,0.900446875512271,0.84800536464756,0.525908237533184,0.000000182798666595102,0.000713068691960634,0.00705573250683581,0.129563662544757,0.0744412469678436,42.275513267513,1.74048216307721,0.0890495890472487,-0.00441534704943655,0.0352953242670298,85609.5540752283,-0.125097222964489,0.900446875512271,0.0368106363235999,0.191102929905338,51.9961032896309,0.192622040603113,0.84800536464756,0.153002448172791,0.239753835375629,57.3123740179105,0.638164757335699,0.525908237533184,0.146489128082559,0.0828292323962768,1.76856797829197,0.0769659985312655,0.10471155545259,0.0828067948053788,1.26452854139198,0.2060403831274,0.0417775726299688,0.0749211674467536,0.557620416949057,0.577103611641773,-0.116191811849191,0.303462314777,-0.382887120381242,0.701803461458532,0.189813084496391,0.309701608490564,0.612890212038322,0.539948935638557,-0.306004896345583,0.479507670751258,-0.638164757335699,0.523366435963253
0,"",626575.786231364,0,0.81789003985401,0.884772066419535,0.442304943437402,0.000000619096938771444,0.000406093402151161,0.0104824171567352,0.126790991763695,0.0737950036301435,42.9820432679735,1.71815144015934,0.0929659150649855,-0.00812713618739947,0.0352954259755189,85640.519646344,-0.230260323052525,0.81789003985401,0.0282410902649922,0.193919741214478,52.2055335308155,0.145632879293899,0.884772066419535,0.192364484571547,0.248614089833011,56.5145647452808,0.773747315370399,0.442304943437402,0.152588935186226,0.0826229464825105,1.8468106220168,0.0647745918755791,0.09491173538403,0.0826017339653402,1.14902836572238,0.250544284351705,0.057677199802196,0.0762363172360882,0.756558053867969,0.449314679556799,-0.164123394306555,0.312227379798833,-0.525653433764518,0.599129023594101,0.220605574836539,0.318342153502058,0.69298260506714,0.48832046793734,-0.384728969143095,0.497228179666022,-0.773747315370399,0.439080233594224
0,"",626445.927651145,1,0.991609336566379,0.965798523344215,0.332887025321086,0.00000000129072949319613,0.0000358185732095018,0.0168279974069982,0.12269987543274,0.0749333809957227,52.3119822967515,1.63745281211512,0.107538201078643,0.000370913100029972,0.0352700975131329,85683.2219977885,0.0105163616259315,0.991609336566379,0.00854746407489864,0.198381293013865,51.8261916545514,0.0430860387340113,0.965798523344215,0.248047454419647,0.253938213378,55.7455873781023,0.976802392676582,0.332887025321086,0.148115402956117,0.0839391557423308,1.76455673929803,0.0776382915155358,0.0954437743500008,0.0839194449504125,1.1373260917824,0.255401991210556,0.0526716286061157,0.0770063403900979,0.683990803085724,0.49398097330504,-0.239499990344748,0.319217480004961,-0.750272166615144,0.453090802373407,0.256594918494546,0.325237924790775,0.788945258027989,0.430144002199149,-0.496094908839294,0.507876426756,-0.976802392676582,0.328666991293769
0,"",626463.737511145,0,0.634992465392833,0.810921770210596,0.338926325324998,0.00000263251441445263,0.00113499266727064,0.0165066962222206,0.128618224539533,0.0764935369911487,43.9458426275385,1.68142603412908,0.0997747674123958,0.0167438799002661,0.0352715540519679,85603.4187476868,0.47471341567758,0.634992465392833,0.0456683991983975,0.189902691822193,50.8959328791087,0.240483158823031,0.810921770210596,0.253261400574188,0.262551614821735,55.4395720781444,0.964615665175572,0.338926325324998,0.134225429481091,0.0854184066489312,1.57138765222766,0.116092632356835,0.11317698609676,0.0853983410129683,1.32528319349404,0.1850772411224,0.0210484433843318,0.0783451762055681,0.26866291460119,0.788189092654161,-0.20759300137579,0.321040087372303,-0.646626416890578,0.517873756663265,0.298929799772585,0.326995455493825,0.914171113849715,0.360626939980324,-0.506522801148376,0.525103229643469,-0.964615665175572,0.334737350195681
0,"",626535.99061932,0,0.257217202850547,0.786160657149561,0.370247902005294,0.0000149881023802671,0.0014912371851419,0.0144893252619952,0.130959932756903,0.0841076925873816,45.5377265742466,1.55705059463907,0.12638189166264,0.0399804179410844,0.0352872014782217,85645.9961389875,1.133000528981,0.257217202850547,0.0536012966999398,0.196510242772087,49.8178939436418,0.272765917663167,0.786160657149561,0.240016170196517,0.265697718866289,55.5032638941018,0.903342983976854,0.370247902005294,0.111050396905709,0.0925580382862499,1.1997920327813,0.230220119189545,0.139327199627618,0.0925404278881399,1.50558196895343,0.132174520081337,-0.0282768027219093,0.0788384778169052,-0.358667537792643,0.719843815798647,-0.186414873496577,0.327510787124292,-0.569186972842612,0.569229260378759,0.293617466896456,0.333406345121706,0.880659505113122,0.37850214088463,-0.480032340393033,0.531395437732577,-0.903342983976854,0.366343890146039
0,"",626470.328841245,0,0.0623569290094178,0.676245293444236,0.423254640303186,0.000040524536684815,0.0035976781976186,0.0116250189054079,0.146906545961942,0.0907387166140619,47.2134721216241,1.61900621304551,0.112107621559315,0.0657457793442703,0.0352756264527361,85713.7759190175,1.86377354438651,0.0623569290094178,0.0873912368635458,0.208019339291901,48.8810766801929,0.420111116404014,0.676245293444236,0.214950707082805,0.266434701387183,55.3381014714592,0.806766933750263,0.423254640303186,0.0948948160430073,0.0989093707126324,0.959411786358556,0.337351339785831,0.180099828855939,0.0988941753951253,1.82113686813568,0.0685860541936794,-0.0852050128129321,0.0789227236188122,-1.0796005118179,0.280320113437363,-0.127559470219259,0.335095092733011,-0.380666482397261,0.703450742777589,0.30234194394635,0.340925607826235,0.88682673582106,0.375172191000096,-0.429901414165609,0.532869402774366,-0.806766933750263,0.41980077305572
0,"",626711.208063629,0,0.22134588692752,0.81608405364312,0.602245425261013,0.0000174442500362445,0.00112750599932339,0.00494924437715473,0.162468392666645,0.0938779290124854,47.5156754505067,1.73063460576594,0.0900073027005903,0.0432027491894336,0.0353262052923909,85737.1241099306,1.22296603419047,0.22134588692752,0.0498831591026409,0.213309408278384,48.4483588113583,0.233853534662381,0.81608405364312,0.143743474625198,0.274221731009325,55.243206268516,0.524187029584137,0.602245425261013,0.129371378553162,0.102160994421117,1.2663480742942,0.20538849251541,0.184823785300674,0.102147116665654,1.80938817789284,0.0703907185087688,-0.0554524067475122,0.0801913755374804,-0.691500879936826,0.489250827931008,-0.0938603155225576,0.34453793136507,-0.272423750704835,0.785296212628957,0.193626633727839,0.350272089505184,0.552789215953141,0.580407753766411,-0.287486949250397,0.54844346201865,-0.524187029584137,0.600148461319764
0,"",626914.887203041,0,0.485979641524475,0.959053270785371,0.70519312410781,0.00000566236140880254,0.0000538842471345467,0.00261083857985603,0.187772638799121,0.0973544458752496,48.0526978398807,1.92875258146643,0.059679902259343,0.0246410659954822,0.0353672203318455,85726.8928648864,0.696720459348476,0.485979641524475,-0.0109324804604572,0.211858517246189,49.4151753949219,-0.0516027422572453,0.959053270785371,0.103145619545093,0.271233425003882,55.2458658330269,0.380283586153207,0.70519312410781,0.175414112556521,0.105245185862057,1.66671863534389,0.0955703656027576,0.202485317606441,0.105231210535377,1.92419451012937,0.0543302070115484,-0.0270712050499199,0.0797656886255383,-0.33938408250954,0.73432040811551,-0.11407810000555,0.341263613111815,-0.334281463427432,0.738167176751409,0.092213139084636,0.347048052442382,0.26570712163828,0.790464778217162,-0.206291239090186,0.542466850007765,-0.380283586153207,0.703734918294768
0,"",626940.035161232,0,0.163043755698636,0.638275265536263,0.754062135829885,0.0000226969105801806,0.00448392684824025,0.00179157554096238,0.168221705139994,0.101610744646781,49.2958761392961,1.65555036256024,0.104166229693361,0.0493404575611148,0.0353715469383308,85727.7911758042,1.39491941495062,0.163043755698636,-0.100504499859292,0.212476884756547,49.6749444826562,-0.473013805593245,0.638275265536263,0.0843364489822044,0.267862526261191,55.2322591092386,0.314849748336833,0.754062135829885,0.138782668640377,0.1091125084124,1.27192262976703,0.203400610524883,0.21930294140986,0.109098832992433,2.01013095552609,0.0444173305522665,-0.0805202727694835,0.0792413836170852,-1.01613915726886,0.309563124675452,-0.184840948841496,0.338980015812641,-0.545285681217444,0.585557050538289,-0.0161680508770873,0.344798590399395,-0.0468912905309711,0.962599869609479,-0.168672897964409,0.535725052522382,-0.314849748336833,0.752875737458028
0,"",627066.807535375,0,0.219436250773877,0.542326301391696,0.842308924474958,0.0000175940996981875,0.00748917015720705,0.000717066646938352,0.16210687785312,0.107267122641469,49.4907080589546,1.51124476783953,0.137085462060132,0.0434679867477418,0.0353963014743715,85713.3741212515,1.22803753322122,0.219436250773877,-0.129153309386712,0.210515139331158,49.882242149785,-0.613510789756281,0.542326301391696,0.0536980194583756,0.268661929435198,55.6715386842412,0.199872082997631,0.842308924474958,0.138326094129427,0.114380669874116,1.20934852262769,0.226528976525125,0.213698970788333,0.114367382089675,1.8685307548683,0.0616881274359758,-0.0753728766589054,0.0793953664050737,-0.94933596344092,0.342449768042519,-0.182851328845088,0.338388971704615,-0.540358416304127,0.588949879567691,-0.0754552899283364,0.344215944226315,-0.219209165624025,0.826487115978622,-0.107396038916751,0.537323858870396,-0.199872082997631,0.841580624419663
0,"",627251.956309944,0,0.378988420703729,0.529998044609214,0.909642751591505,0.00000903302524130791,0.00772833448086648,0.000235963615077245,0.173082076541283,0.116220297958113,48.7336538892587,1.48925858548103,0.142862872539665,0.0311720047580216,0.0354321444821799,85683.5485808464,0.87976624654201,0.378988420703729,-0.129578935066154,0.204933065733024,51.3321457825766,-0.632298817190207,0.529998044609214,0.0319268606553433,0.280030257626923,55.0750604782892,0.11401218184743,0.909642751591505,0.159299047898515,0.123003969385867,1.29507241671843,0.195295249209201,0.214768066769292,0.122991522021501,1.74620220352869,0.0807758220709438,-0.0554690188707767,0.0812357859727725,-0.682815069818713,0.49472370592824,-0.161505795721497,0.344127481332431,-0.469319669257919,0.638841157987698,-0.0976520744108106,0.349864673590334,-0.279113845386843,0.780157458122905,-0.0638537213106866,0.560060515253846,-0.11401218184743,0.909228136697199
0,"",627267.866806012,0,0.266132709244728,0.465272768288925,0.81867732953905,0.0000144399115662392,0.0105746857310478,0.00097542024134242,0.171420263079,0.119095684933315,50.1713435454185,1.43934906772637,0.156261975887209,0.0394029648633849,0.0354336863093071,85635.5962475029,1.1120199157217,0.266132709244728,-0.146576610810248,0.199218995371875,50.6504616250777,-0.735756199034324,0.465272768288925,0.065702772198701,0.28521843665314,54.3496320431836,0.230359485065839,0.81867732953905,0.15487295552756,0.12575554666631,1.23153975815089,0.218121056218751,0.21953073742638,0.125742977562548,1.74586876883188,0.0808337578843231,-0.0646577818988201,0.0820764432878119,-0.787775143619334,0.430828242744869,-0.212279383008949,0.345043229391836,-0.615225470104447,0.538405829442286,-0.0808738386115466,0.350743067356341,-0.230578580557893,0.817642209482719,-0.131405544397402,0.570436873306281,-0.230359485065839,0.817812440821694
0,"",627156.422200807,0,0.144828870401562,0.773967109023468,0.871162140607269,0.0000248441970509938,0.00167700882167892,0.000492288983935501,0.177311868789629,0.117438973350017,51.0215962487749,1.5098213457739,0.137257593969007,0.0516284372507223,0.0354090988988659,85568.2114281243,1.4580556652453,0.144828870401562,-0.0554700284496341,0.192096953843787,49.6376882063255,-0.288760583339297,0.773967109023468,0.0473621475356818,0.290643310225418,53.9148177692042,0.162956262433663,0.871162140607269,0.13675514722626,0.124205759025062,1.10103708797163,0.270880515873278,0.229813263861637,0.124192523595955,1.85045973145136,0.064247316784619,-0.0930581166353764,0.0829386404250392,-1.12201159988249,0.26185750785114,-0.102832175985316,0.345552210911162,-0.297587955562967,0.766017668384489,-0.00810788091395229,0.351202529096972,-0.0230860550315502,0.98158162919572,-0.0947242950713636,0.581286620450836,-0.162956262433663,0.870552871792122
0,"",626993.255238541,0,0.168706035536703,0.617263006343127,0.987037404417124,0.000022151382372976,0.0052278722668497,0.00000496544319143808,0.160063838269158,0.113635756534073,50.9890671303732,1.40856930205031,0.165031425012681,0.0486895491665811,0.0353749458706084,85520.3529122346,1.37638512139845,0.168706035536703,0.0946898863024311,0.188253031999107,48.1417497865494,0.502992622731731,0.617263006343127,0.00469872506799032,0.287862529020132,53.6573995744515,0.0163228089601815,0.987037404417124,0.101685137414249,0.120469681138028,0.84407243759318,0.398628928540481,0.198052432825857,0.120455548543681,1.64419518420138,0.100135891394302,-0.0963672954116085,0.0824608021087163,-1.16864368217711,0.242547221009984,0.0899911612344408,0.341100669732055,0.263825812201223,0.791914143772566,0.0993886113704214,0.346782947172708,0.286601784144026,0.774417248170615,-0.00939745013598064,0.575725058040263,-0.0163228089601815,0.986976861045672
0,"",627293.505955683,0,0.143858807455127,0.555798905271996,0.763571808215823,0.0000249766841225995,0.00732749248727595,0.00167086947204109,0.141294532586392,0.11217401088831,50.5391318568571,1.25960132358178,0.213599282524936,0.051794297000442,0.0354370895153787,85526.788666263,1.46158439388666,0.143858807455127,0.112583544480517,0.189765251099893,47.6833839346182,0.593277978070137,0.555798905271996,0.0821361202667725,0.271703845013602,54.6019333573027,0.302300176365412,0.763571808215823,0.0862220279522328,0.118684580551298,0.726480453920175,0.467544285710404,0.172123788769973,0.118669576239628,1.45044580274227,0.146934242337142,-0.0859017608177398,0.0799491957614081,-1.07445434565841,0.282619096285465,0.0304474242137441,0.328453407365345,0.0926993708421994,0.926142396855564,0.194719664747289,0.334344162548797,0.582392894982486,0.560302066217177,-0.164272240533545,0.543407690027204,-0.302300176365412,0.762423243906146
0,"",627556.951800712,0,0.103477534493997,0.771019912771949,0.553361156744724,0.0000309777923453382,0.00176918828528795,0.00640296267594289,0.128297494359056,0.106207817254548,49.9480370338888,1.20798541647425,0.23274145841942,0.0577920638971306,0.0354935625699502,85580.2016968585,1.62824072064434,0.103477534493997,0.0567910834911427,0.194038414034457,48.3327818482268,0.29267959014063,0.771019912771949,0.163096416210776,0.273478312647188,55.1915220101511,0.596377879591444,0.553361156744724,0.0819510933455874,0.113196032313941,0.723974963347674,0.469081105887022,0.162414751644583,0.113180878274369,1.43500169039918,0.151286615900938,-0.0804636582989956,0.0802803410403248,-1.00228346387541,0.316206706730639,-0.106305332719633,0.332374602149851,-0.31983590813508,0.749092725470521,0.219887499701919,0.338245045883083,0.650083430277126,0.515638331726079,-0.326192832421552,0.546956625294376,-0.596377879591444,0.550922814479262
0,"",627608.002630961,0,0.234105470761179,0.683494751852681,0.455613912029353,0.0000165393900425802,0.00350971685532524,0.0101645385321423,0.13529242120746,0.102118494809851,49.2903008021583,1.3248571814477,0.19132801442394,0.0422463179272275,0.0355053413905762,85598.010000914,1.18985809663108,0.234105470761179,0.0803894049348504,0.195977225501426,47.7735379316519,0.410197688681256,0.683494751852681,0.206146840758236,0.274348888027392,54.9822237162156,0.751403959536567,0.455613912029353,0.106586131599832,0.109432772917416,0.973987305249656,0.33006284247401,0.146688007677944,0.109417409657989,1.34062767649548,0.180041366761195,-0.040101876078112,0.080426587721492,-0.498614664804382,0.618050872028186,-0.125757435823386,0.334215402367061,-0.37627660165485,0.706711272475919,0.286536245693087,0.340071809144524,0.842575708977141,0.39946578114637,-0.412293681516472,0.548697776054783,-0.751403959536567,0.452409580515239
0,"",627421.780271497,0,0.546655804901975,0.749382729502617,0.571115339147194,0.00000424351353075476,0.00218166270335853,0.00589537448355761,0.161658784127699,0.102742025968389,49.4406851027054,1.57344360892239,0.121994381478761,0.0213792296117548,0.0354676408794143,85623.320137884,0.602781269959329,0.546655804901975,0.0642204669820861,0.199861983360493,47.2226556084511,0.321324075255728,0.749382729502617,0.15145233603463,0.265779370965712,54.755797850653,0.569842330066201,0.571115339147194,0.149671619244441,0.109848731332009,1.36252478685503,0.173032327142234,0.159816994310314,0.10983345266003,1.45508486203197,0.145645769468855,-0.010145375065873,0.0790387865701602,-0.128359448646992,0.897864520921842,-0.0872318690525443,0.329562386686028,-0.264690002793461,0.791248279513256,0.215672803016716,0.335493079107823,0.642853210534939,0.520319352328824,-0.302904672069261,0.531558741931423,-0.569842330066201,0.568784642313796
0,"",627392.459831546,0,0.776819249568997,0.582149499234429,0.806684525615264,0.000000938378840121824,0.0063675966678989,0.00111674681855207,0.200899717385662,0.0985540788282302,48.6882402056419,2.03847187020854,0.0469530132715082,0.0100523106925376,0.0354619632053659,85630.3349601883,0.283467405183492,0.776819249568997,0.11095461868477,0.200275431915609,47.8944968801727,0.554010133062771,0.582149499234429,0.0633214809216241,0.257501106359021,54.0883752612151,0.245907607221454,0.806684525615264,0.185718850834447,0.105715480625056,1.75678008307166,0.0789553011875016,0.192188101248348,0.105699214955673,1.8182547649852,0.0690252031141358,-0.00646925041390103,0.0777561997862326,-0.0831991588025945,0.933693181600522,0.0476331377631463,0.323190558111463,0.147384063573783,0.882828883580744,0.174276099606394,0.329214215910869,0.529369909267763,0.596548867950706,-0.126642961843248,0.515002212718042,-0.245907607221454,0.805753754911956
0,"",627506.68075295,0,0.940553925098059,0.524987662523182,0.912026375241532,0.0000000649140643110459,0.00822284695127488,0.000231231747745332,0.217580749112409,0.0920790881442856,47.517430814922,2.36297680067667,0.0222710285109554,-0.00264643466513024,0.0354874172800719,85671.1777333905,-0.0745738875343954,0.940553925098059,0.12949813423756,0.202272151332893,49.4363875289786,0.640217318025335,0.524987662523182,0.0306180911208307,0.275816437834625,53.2804686033625,0.111008942618528,0.912026375241532,0.209580985600249,0.100314669486586,2.08923566884975,0.0366865140851818,0.197694950336638,0.100299119344553,1.97105370045679,0.0487177337772858,0.0118860352636107,0.0806291590577193,0.14741608870188,0.882803607308398,0.0988800431167287,0.33911868371496,0.291579461306946,0.770608180869739,0.16011622535839,0.344928948516458,0.46420060144865,0.642504030340105,-0.0612361822416615,0.55163287566925,-0.111008942618528,0.911609255380203
0,"",627318.652928845,0,0.236649974606034,0.487748579675573,0.909292968648669,0.0000163402732852489,0.009478937759018,0.000246484384266568,0.230515585114281,0.08922515048586,46.7521223359995,2.58352699725412,0.0129676175855429,-0.0419515469249995,0.0354497144505302,85704.5866332916,-1.18341000979127,0.236649974606034,0.142979853127433,0.204560518910418,51.0516875948278,0.698961138195229,0.487748579675573,0.0329619661975284,0.28794145941763,53.1522123756953,0.114474540290915,0.909292968648669,0.260621746556187,0.0981540504839351,2.65523170232127,0.00792539506739065,0.169620766957134,0.09813936288896,1.72836629425699,0.0839225744069268,0.0910009795990532,0.0825234260723494,1.10272905440537,0.270144845450449,0.110017886929904,0.35036798384804,0.314006678697049,0.753515966271816,0.175941819324961,0.356023673076901,0.494185731539705,0.621175015667105,-0.0659239323950567,0.57588291883526,-0.114474540290915,0.908861627612861
0,"",627170.115343552,0,0.0849216484549606,0.380753494712574,0.868742105677419,0.000034666280407659,0.0148760379583208,0.000516590595524363,0.220428590727812,0.0905950520358405,44.880159188162,2.43311953328983,0.0190173977969409,-0.0610154458338769,0.035415684747829,85618.179747962,-1.72283682408872,0.0849216484549606,0.170044555480044,0.192345547011675,51.7564874636582,0.8840576666416,0.380753494712574,-0.0476149632159482,0.286743702840516,53.3492381568916,-0.166054085039249,0.868742105677419,0.25800911179658,0.099085026777229,2.60391625443729,0.00921652739547304,0.146231418218617,0.0990688582241758,1.47605837838284,0.139928221053473,0.111777693577964,0.0823151819739481,1.35792317890204,0.174488061596882,0.217659518695992,0.34242072870466,0.635649364801524,0.525004986541036,0.122429592264096,0.348117172373313,0.351690758112917,0.725070192297303,0.0952299264318964,0.573487405681031,0.166054085039249,0.868114387238827
0,"",627336.136387964,0,0.184050168807153,0.433341233523245,0.491821352644486,0.0000206286922699861,0.0118958461989203,0.00885597870329553,0.195489161968278,0.0894003546897056,44.3805644981799,2.18667098857482,0.0340808814085585,-0.0470886335274337,0.0354476819272281,85541.2986036023,-1.32839810580855,0.184050168807153,0.146133331461341,0.185064369372605,51.7917196842202,0.789635152118982,0.433341233523245,-0.192750677591096,0.278475637632353,53.6188647871679,-0.692163520047551,0.491821352644486,0.206090894744385,0.0975647642883778,2.11234964023723,0.0346564710451867,0.153419716233985,0.0975467405053945,1.57278157567449,0.115769403236254,0.0526711785103995,0.0810393747589,0.649945519287401,0.515727413763438,0.338884009052436,0.331437659126323,1.02246681908671,0.306560009299844,-0.046617346129755,0.337259664420332,-0.138223900002625,0.890063466924862,0.385501355182191,0.556951275264706,0.692163520047551,0.488834645056965
0,"",627649.192003134,0,0.109537282783834,0.535080040033378,0.37570093270505,0.00002992209000623,0.00736296191975127,0.0145664220231199,0.187627682951231,0.088175837610572,46.7018759012872,2.12788092561011,0.0386553390063893,-0.0568325797771593,0.0355138581567694,85584.3011560061,-1.60029303282911,0.109537282783834,0.11846619393337,0.189734532067836,52.5574192689034,0.624378665508366,0.535080040033378,-0.243336710183424,0.272424235704672,53.9756959089121,-0.893227100569786,0.37570093270505,0.205505734626096,0.0963507999429933,2.13289079849555,0.032933685350999,0.144239638801239,0.0963326894104667,1.49730729707591,0.134313317037781,0.061266095824857,0.0801442027930771,0.764448253144882,0.444600162792423,0.361802904116794,0.329020756344133,1.09963550061983,0.271490967698675,-0.124870516250055,0.334923357816809,-0.37283310744291,0.709272660396879,0.486673420366849,0.544848471409345,0.893227100569786,0.37173556795685
0,"",627440.023184221,0,0.0215212511782037,0.653513210213071,0.395379854450573,0.0000616693006147891,0.00382849122141681,0.0133494534657081,0.18063158817057,0.0859489510001156,46.2279746920606,2.10161480819385,0.0410656732487055,-0.0815460887910772,0.0354740236972046,85681.9932797772,-2.2987549844114,0.0215212511782037,0.0904385538487658,0.200333388975207,53.0282143805217,0.451440243243519,0.653513210213071,-0.23501417623752,0.27432506722646,54.2446618791196,-0.856699603188329,0.395379854450573,0.227136892667605,0.0946219477739751,2.4004673124059,0.0163741530991942,0.114651640726527,0.0946053174183437,1.21189425557909,0.22555286135332,0.112485251941078,0.0803827460146663,1.39937060523604,0.161701876883056,0.325452730086285,0.3367594994086,0.966424794720947,0.333831662015044,-0.144575622388754,0.342590802638155,-0.422006724276994,0.673020109335505,0.470028352475039,0.548650134452919,0.856699603188329,0.391610922702495
0,"",627169.330529135,0,0.0290202317544589,0.57073256949666,0.40119967876157,0.0000556201279439781,0.00612351139167072,0.0129013008810216,0.182042409222307,0.087578936374071,46.5076241928031,2.07860950085942,0.0431964442979866,-0.0773270833954143,0.0354183639162885,85693.9433712676,-2.18324831655627,0.0290202317544589,0.115353755869825,0.202184702592699,52.8322101209229,0.570536516316989,0.57073256949666,-0.228255005622647,0.269785211387906,54.7685719596548,-0.846061963324054,0.40119967876157,0.222373888095342,0.0959965421813662,2.31647810475518,0.0205321785665731,0.116871156684626,0.0959801798462703,1.21765927998693,0.223353477189104,0.105502731410716,0.079607346272344,1.32528888790969,0.185075353150684,0.343608761492472,0.334196156075549,1.02816491227025,0.303872260423864,-0.112901249752822,0.340056403787017,-0.332007421402756,0.739883655102694,0.456510011245294,0.539570422775813,0.846061963324054,0.397518178390676
0,"",627304.674439866,0,0.0700014945344135,0.535388347480325,0.41951707786907,0.0000383006767318541,0.00734569283526961,0.0118368978987633,0.174311353558553,0.0933420991552825,46.3369723562507,1.86744625561261,0.0681720378774825,-0.0642257899362258,0.0354461902466241,85714.9742876012,-1.81192363662672,0.0700014945344135,0.129326734250602,0.20728691483964,52.6014981610805,0.623902065167264,0.535388347480325,-0.211937178989798,0.26057694068081,55.2246622721208,-0.813338196526789,0.41951707786907,0.201794003659918,0.101122712900287,1.99553589764643,0.0459844629910292,0.118980049693388,0.1011070133293,1.17677345789926,0.239285939164151,0.0828139539665302,0.078199875395418,1.05900365630739,0.289598114562001,0.3412639132404,0.329982079049384,1.03418923301386,0.301047706641679,-0.0826104447391954,0.335928923528265,-0.245916439321559,0.805746917802081,0.423874357979595,0.521153881361619,0.813338196526789,0.41602418312752
0,"",627494.027684817,0,0.173076968965342,0.623155592497271,0.573798815081433,0.0000216615390015806,0.00459028974190205,0.00578573425628255,0.148204096230874,0.095559908794424,44.1054121787474,1.55090244539373,0.128071798635927,-0.0483430015917424,0.0354838471198927,85685.4552673829,-1.3623945968542,0.173076968965342,0.0998132071158627,0.201938760704167,52.9783490925284,0.494274634388222,0.623155592497271,-0.151350334484789,0.267475989952893,55.0197574161307,-0.565846431716895,0.573798815081433,0.169504868121784,0.103259427528279,1.64154375226768,0.100684592701045,0.105409984527965,0.103243837509542,1.02098088438666,0.307263495399602,0.0640948835938193,0.0793169092690156,0.808085995590569,0.419041078911814,0.251163541600651,0.332179710013474,0.756107414238104,0.449584797047385,-0.051537127368926,0.338085753629747,-0.152438033296625,0.878841461352656,0.302700668969577,0.534951979905786,0.565846431716895,0.57149817944546
0,"",627910.803355755,0,0.771611083583921,0.381410527942505,0.725453590895256,0.000000983898866693944,0.0150451778579558,0.00229359843603671,0.12357623041365,0.0989425422890767,45.0322597250843,1.24896962979385,0.218129841915148,-0.0103243829595941,0.0355683163166805,85634.8828141567,-0.290269094203715,0.771611083583921,0.173978893840152,0.197045693694179,51.0361868732445,0.882936797949884,0.381410527942505,-0.0966552595130223,0.273806867219412,54.2060404555182,-0.353005242324944,0.725453590895256,0.104762025450706,0.106485435648481,0.983815531323327,0.325206221402402,0.10492658070773,0.106469845424988,0.985505147386119,0.324376004286413,-0.00016455525702418,0.0804061248224435,-0.00204655127190321,0.99836708947713,0.270634153353174,0.334387564403478,0.80934275721636,0.41831801855012,0.0773236343271295,0.340263675187592,0.227246220991706,0.820232288533539,0.193310519026044,0.547613734438824,0.353005242324944,0.724084510421729
0,"",628464.964977574,0,0.557808349379474,0.362657347685268,0.604151373847831,0.00000401023961248097,0.0169628483904123,0.00506205198261266,0.145440089148256,0.0984159755786368,47.6852535290446,1.47780975896587,0.146033728076093,0.0209148571884256,0.0356846560927427,85659.3375509537,0.586102248934917,0.557808349379474,0.186092203687582,0.202517100922381,48.9332549192316,0.91889624550228,0.362657347685268,-0.147162991174042,0.282175300336959,53.4599583597264,-0.52153037845023,0.604151373847831,0.0886443733327754,0.106371532875875,0.833346769912725,0.404649186107109,0.162163523090479,0.106356794028624,1.52471240386237,0.127330846565687,-0.0735191497577034,0.0818446966420686,-0.898276281470315,0.369038274292856,0.333255194861624,0.344419414758211,0.967585393220574,0.333251475101225,0.0389292125135409,0.350210535692644,0.111159455658714,0.911489902018046,0.294325982348083,0.564350600673918,0.52153037845023,0.601997348952965
0,"",628622.438808164,0,0.116347773174747,0.351869537395218,0.513617766839372,0.0000287719592742083,0.0175996469333405,0.00799231693105509,0.157117855713278,0.0991068732034425,48.279430116489,1.58533763234315,0.119418637324974,0.0560893014911197,0.0357187219361424,85701.0827428354,1.57030538750506,0.116347773174747,0.195832709801479,0.208363050497751,49.3075708247184,0.939862942751419,0.351869537395218,-0.190868029463267,0.290257764553507,53.671165433409,-0.657581132263152,0.513617766839372,0.0593933306143242,0.107387692088854,0.553073908741623,0.580212801907166,0.212672620920821,0.107374120441823,1.98066927156857,0.0476283749358926,-0.153279290306497,0.0831673877697867,-1.8430215787321,0.0653258599483431,0.386700739264745,0.354446066354751,1.09100022816366,0.275272782193307,0.00496468033821196,0.360135318232326,0.013785596932232,0.989001033426277,0.381736058926533,0.580515529107015,0.657581132263152,0.510807321742742
0,"",628442.355191826,0,0.0474732398187038,0.383090215880138,0.520542685873813,0.0000458402914441304,0.0149919259567278,0.00765463561534828,0.150080218079675,0.0992629775526678,48.6601250527566,1.51194555895771,0.137015543012219,0.070722670544804,0.0356809992695181,85699.0499332712,1.98208211632743,0.0474732398187038,0.1817187058619,0.206538620232498,50.8603201325667,0.879829184766227,0.383090215880138,-0.188652541395554,0.29170746430124,54.2211293971476,-0.646718251956476,0.520542685873813,0.039480484649508,0.107534897077124,0.367141139505557,0.713513741838565,0.221549439545102,0.107521248757906,2.06051773118764,0.0393490725439154,-0.182068954895594,0.0833656986793876,-2.18397923582221,0.0289637738813612,0.370371247257454,0.354577259286004,1.04454314978703,0.296234166323095,-0.00693383553365401,0.360246943013307,-0.0192474514166742,0.984643703845824,0.377305082791108,0.583414928602481,0.646718251956476,0.517814308168751
0,"",628703.03185794,0,0.0416181676547851,0.487726836157517,0.639019125234846,0.0000484381465993549,0.00940907813607851,0.00407011144268076,0.152639921723481,0.10337524760757,48.9389464344544,1.47656160692284,0.146199423974772,0.0728027937355384,0.035734084444558,85688.4362930336,2.03734879085801,0.0416181676547851,0.143222571099214,0.204908599183376,51.4339444485964,0.698958324199177,0.487726836157517,-0.137827163392478,0.292186571973605,54.4467041040126,-0.471709437095311,0.639019125234846,0.0495771172035495,0.111326045099386,0.445332600823909,0.656079411581734,0.224861803700866,0.11131253653562,2.02009414841527,0.0433736227167637,-0.175284686497317,0.0834998855389502,-2.09922067995592,0.0357974518424855,0.281049734491691,0.354022712822471,0.793874868228092,0.427268281723731,0.0053954077067358,0.35970678688034,0.0149994604036499,0.988032610870042,0.275654326784955,0.58437314394721,0.471709437095311,0.637134200204788
0,"",628708.60790224,0,0.0143514289946889,0.635771987090685,0.944803306095541,0.000069942670165306,0.00445875868368223,0.0000894494604793828,0.154171231750069,0.106889965638236,49.5226091737533,1.44233587156211,0.15550266232607,0.0874945142683546,0.0357354622851766,85701.8614171434,2.44839463864018,0.0143514289946889,0.0989629065019056,0.207690970937681,50.6938106289161,0.476491135147133,0.635771987090685,-0.020784170982181,0.298810409660372,54.0825789019182,-0.0695563819406567,0.944803306095541,0.0537838113111334,0.114850088594474,0.46829577555695,0.639573089001106,0.233248412395192,0.11483753409932,2.03111651799718,0.0422431762265066,-0.179464601084059,0.0845743655806913,-2.12197395572343,0.0338399251779281,0.119747077484087,0.36108757714562,0.33162890407552,0.740169491281693,0.0781787355197247,0.366690826571893,0.213200685303746,0.83117043376083,0.0415683419643619,0.597620819320744,0.0695563819406567,0.944546754979415
0,"",628714.623525915,0,0.00684195588773446,0.787157954278488,0.774332588013869,0.0000853395276306526,0.00146009300287594,0.00153397397781992,0.143140193438944,0.108250445472434,49.7617903865781,1.32230581420927,0.192112114549182,0.0966506622475529,0.0357369018299355,85701.5292149743,2.7045059112145,0.00684195588773446,0.0566412053832501,0.208665672992972,50.3904062707341,0.271444768901485,0.787157954278488,0.0850167958318299,0.295041487393069,54.0453816575709,0.288152003919931,0.774332588013869,0.049544669010825,0.116025986383647,0.427013555799496,0.669369454180667,0.22453884823587,0.116013421874005,1.93545578269149,0.0529343897048052,-0.174994179225045,0.0839601179479946,-2.08425361352443,0.0371371043030459,-0.0283755904485798,0.35854195549708,-0.0791416179153708,0.936919980997568,0.14165800121508,0.36418312822779,0.388974640051077,0.697294906333965,-0.17003359166366,0.590082974786138,-0.288152003919931,0.773230386552457
0,"",628798.368434935,0,0.00842351958340685,0.991816359239884,0.741911206165407,0.0000809965048771499,0.00000210263975177338,0.00202100982121732,0.107696571150361,0.106771952909425,49.1167089366564,1.00865974833035,0.318081243381981,0.0942010003984665,0.0357544340850358,85693.8699998424,2.63466623956138,0.00842351958340685,-0.00214329282227616,0.207930725058737,50.5312334354585,-0.0103077254295666,0.991816359239884,0.0950419784901538,0.287122278676144,54.1065854394414,0.33101568756131,0.741911206165407,0.0239592965523015,0.114402008498301,0.209430733488015,0.834112002834455,0.191895373058051,0.114388770868823,1.67757177212884,0.0934307272645905,-0.167936076505749,0.0826999379945864,-2.03066750203298,0.0422887351239204,-0.0971852713124299,0.351626854651448,-0.27638751143955,0.78225044771796,0.0928986856678775,0.357361628828832,0.259957080373545,0.794896880553462,-0.190083956980307,0.574244557352287,-0.33101568756131,0.740632635957206
0,"",629024.908468351,1,0.0187803474427954,0.921067613381306,0.723547762544254,0.0000643984142858399,0.000197941173024416,0.00233376693907647,0.0840475971379435,0.103311823052294,51.0725451595455,0.813533191601904,0.419689103745393,0.0841353640896248,0.035803696755963,85742.9209291495,2.34990718034199,0.0187803474427954,-0.0214481104286493,0.215364948986648,50.0963305679109,-0.0995896060597075,0.921067613381306,0.101475367561562,0.285389075521461,54.0473452955635,0.355568507225258,0.723547762544254,0.0131471353205672,0.111290817723388,0.118133154104809,0.90596215419332,0.159566601321493,0.111277878652974,1.4339471892622,0.151587334011212,-0.146419466000926,0.0824626878665566,-1.77558444660288,0.0758014354395828,-0.122923477990212,0.354652085710872,-0.346603003176539,0.728889589416673,0.080027257132913,0.36038849795597,0.222058299825902,0.82426849934667,-0.202950735123125,0.570778151042922,-0.355568507225258,0.722163731848485
0,"",629136.888730055,1,0.0395259258493658,0.984661134992851,0.666116057438002,0.0000494405451326506,0.00000751099768712104,0.00343826440369574,0.0706589873979232,0.101090971122216,51.219762496417,0.698964374498872,0.487736203956657,0.0737557455371661,0.0358263551950722,85719.9160404227,2.05870078425703,0.0395259258493658,-0.00409079835725091,0.211710926339467,49.7082771036977,-0.0193225660478739,0.984661134992851,0.119702555263261,0.275914512828329,54.5535089618764,0.433839286075314,0.666116057438002,0.0102318017413345,0.108872524158233,0.0939796502418173,0.925125321934953,0.131967067694965,0.108858362398674,1.21228231609492,0.225404330761868,-0.12173526595363,0.0809876711146124,-1.50313330755434,0.132804671285714,-0.123793353620511,0.344836256410303,-0.35899169915943,0.719601299059977,0.11561175690601,0.350697342029486,0.32966248400106,0.741655003862377,-0.239405110526521,0.551829025656658,-0.433839286075314,0.664405150960659
0,"",629105.304965217,0,0.0105652430497642,0.804680240406203,0.724449130541447,0.0000762777214470332,0.00125419256399786,0.00226750085390807,0.0566392397053856,0.100146595880526,48.5394832171375,0.565563304547624,0.574295870202892,0.0915829785188319,0.0358191640375191,85697.4296516542,2.55681507315197,0.0105652430497642,0.0521553605700015,0.209769752261234,49.2269491891422,0.248631463820629,0.804680240406203,0.0954377191445708,0.26935565569816,55.2401138344256,0.354318601171377,0.724449130541447,-0.0302836218430132,0.107762491631543,-0.281021915738156,0.778693590569004,0.132331193840429,0.107747613565688,1.22815893049691,0.219387312496278,-0.162614815683442,0.0799562444018227,-2.03379757140939,0.041972009508774,-0.0432823585745693,0.338419436260192,-0.127895605089573,0.89823158911441,0.147593079714572,0.344360162623356,0.428600911877261,0.668213681815494,-0.190875438289142,0.538711311396319,-0.354318601171377,0.723100129097429
0,"",629045.644247453,0,0.00168447138868759,0.775764774625482,0.913237389714701,0.000115071798105664,0.00167696032737346,0.000214274891180034,0.042159615628431,0.0998863669136428,48.736567467788,0.422075774013087,0.674825862743091,0.11247025128942,0.0358075022720243,85725.1783468221,3.14096890743733,0.00168447138868759,0.0616955430659395,0.215399188069259,48.8391126318747,0.286424213660925,0.775764774625482,0.0284678141849164,0.26009821411807,55.8945099363821,0.109450248558776,0.913237389714701,-0.0738881926229234,0.107383728463713,-0.688076244697463,0.491404769017109,0.144922175260705,0.107368811565667,1.34976044856444,0.177092835412851,-0.218810367883628,0.0785072341604302,-2.78713637314604,0.00531760957206682,0.033227728881023,0.334692877440285,0.0992782670941405,0.920917333505044,0.0901633572508558,0.340699956277299,0.264641528681239,0.791285625092724,-0.0569356283698328,0.52019642823614,-0.109450248558776,0.912845380514142
0,"",629148.67340612,0,0.00361905342769877,0.667006588186327,0.855102937823199,0.0000987768974070168,0.00384908725465871,0.000595824579238294,0.0257538161257814,0.0987081946103233,48.4458992428417,0.260908592518092,0.795268915280978,0.104247977343146,0.0358281290528977,85701.5612864971,2.90966846717649,0.00361905342769877,0.0917727651574074,0.21199535481507,48.5000656044084,0.432899887063392,0.667006588186327,-0.0470348864311975,0.256391895231904,56.4487538212965,-0.183449193620785,0.855102937823199,-0.0934392777520744,0.106109391218664,-0.880593853936267,0.378537686346731,0.125184963824258,0.106093689990245,1.1799473072882,0.238021172836016,-0.218624241576333,0.0779700657416291,-2.80395097139962,0.00504805807676022,0.138807651588605,0.329633515823129,0.421096899816111,0.673684325293571,0.0447378787262099,0.335707333928874,0.133264525986461,0.893984181481724,0.094069772862395,0.512783790463807,0.183449193620785,0.854445579801831
0,"",629287.922694818,0,0.0343190277400403,0.524835841104504,0.859940418379349,0.0000522567211698256,0.00827368297406641,0.000553632768057471,0.0232400463079454,0.0974229189693734,48.2394400304617,0.238548039350487,0.812466545621116,0.0758861259404667,0.0358572971667098,85704.7340587913,2.11633703420681,0.0343190277400403,0.136075463388847,0.212459359310474,49.1700750429334,0.640477613367904,0.524835841104504,-0.0450337643998141,0.254063565595615,56.7191131992968,-0.177253925781286,0.859940418379349,-0.0721457144425304,0.104862459631081,-0.688003263478158,0.491450726258715,0.0893239114556019,0.104846410566876,0.851950114197061,0.394241780476546,-0.161469625898132,0.0776491110405624,-2.079478100062,0.0375734286453972,0.181109227788661,0.328124279112635,0.551953144943876,0.58098045559677,0.0910416989890325,0.334228973759552,0.272393197887532,0.785319702336767,0.0900675287996281,0.508127131191231,0.177253925781286,0.859308939556139
0,"",629200.654018509,0,0.592951878860824,0.613296603546219,0.75485070461053,0.00000333419011426161,0.00516156620946455,0.00174462931635843,0.0324669118652855,0.0988774737641429,48.5639934177071,0.328354989557382,0.744054900494223,0.0191583955209253,0.035839206093423,85705.6989498067,0.534565287829888,0.592951878860824,0.107497010700555,0.211370824936322,49.8509848642051,0.508570710896073,0.613296603546219,-0.0829327369026328,0.2643061897388,56.3346781611315,-0.313775235398728,0.75485070461053,-0.00719463846759394,0.106475842849298,-0.0675706176637357,0.946127445631758,0.0489805257023559,0.106460642617602,0.460081063743809,0.645458035604388,-0.0561751641699498,0.0791934970214852,-0.709340618645866,0.478113127820742,0.190429747603187,0.335420668746125,0.567734088406225,0.570215541105011,0.0245642737979219,0.341414337887134,0.0719485711992636,0.942642835951541,0.165865473805266,0.528612379477601,0.313775235398727,0.75369175445942
0,"",629365.217909935,0,0.832018539277844,0.909849180549667,0.715603248143343,0.00000052531916041056,0.0002531867711449,0.00240889371956283,0.0583219395482072,0.099115006988579,48.3645114390034,0.588426932713909,0.558983846215612,-0.00760887055681754,0.0358715956890502,85647.6655566149,-0.212114081090074,0.832018539277844,0.0229575894021101,0.201752354648407,51.12865432125,0.113790936626827,0.909849180549667,-0.099226462391046,0.270958551433423,55.5372309137108,-0.366205317625588,0.715603248143343,0.0527755202356758,0.106680909012132,0.494704448287687,0.620808761098364,0.0589247718892159,0.106664972280669,0.552428511715791,0.58065480079084,-0.00614925165354014,0.0802746045851539,-0.0766027025024722,0.938939608986933,0.122184051793156,0.334819656128436,0.364924966490876,0.71516741705238,-0.0762688729889359,0.340794507397328,-0.223797248293134,0.822915071211967,0.198452924782092,0.541917102866846,0.366205317625588,0.71421187450183
0,"",629497.993246601,0,0.521710462988145,0.745266494816125,0.740134168528647,0.00000479604174797412,0.00202529373863686,0.00198805490080587,0.0843523193654893,0.0949859737518109,47.7994386588848,0.888050267146744,0.378960744016463,-0.0230000843507283,0.0358976034860547,85593.9182153857,-0.640713644287235,0.521710462988145,-0.0635077817455435,0.19445051696924,52.5614330109966,-0.32660124917842,0.745266494816125,-0.086912030606068,0.260737833247219,55.7775013375,-0.333331107049825,0.740134168528647,0.104832519382575,0.102396133414272,1.02379373016407,0.305932712437551,0.0775476075248202,0.102377921955957,0.757464168477466,0.448771824952627,0.0272849118577545,0.0787372110965687,0.34653134747547,0.728943429970029,0.0234042488605245,0.322178934216716,0.0726436348714888,0.942089702818114,-0.150419812351611,0.328315666423488,-0.458156060568818,0.646840325150145,0.173824061212136,0.521475666494437,0.333331107049825,0.738884360688263
0,"",629454.583715889,1,0.206174265417283,0.591620793876093,0.580710470113834,0.0000186664212100093,0.00538507185138347,0.00542117017174413,0.100101469126475,0.0919635490699819,51.8085032187771,1.08849071331839,0.281416194543381,-0.0453692055832604,0.0358886750676655,85612.7269517364,-1.26416496283911,0.206174265417283,-0.105578850466683,0.195619773385524,53.8011831314446,-0.53971461391385,0.591620793876093,-0.137325365132428,0.247190380092352,56.6219164957427,-0.555544941033394,0.580710470113834,0.142052596845724,0.0992270648155902,1.43159124085474,0.152260837869943,0.0808852296611069,0.099207471565161,0.815313891030679,0.414892659436191,0.0611673671846176,0.0766821750423871,0.797673868155233,0.425059772211146,0.031746514665745,0.312067039802425,0.101729790771381,0.918971155192448,-0.242904215599111,0.318362249910635,-0.762980584749901,0.445474974828858,0.274650730264856,0.494380760184704,0.555544941033394,0.578521979576011
0,"",629426.837224011,0,0.118483890945639,0.577847623826362,0.646183638359478,0.0000284502777190743,0.00572529292718181,0.00373978067543439,0.100728165332569,0.0922719023484708,47.4373449155708,1.09164504869709,0.280502680535267,-0.0560226363737564,0.0358846965905998,85666.2313385941,-1.56118461897297,0.118483890945639,-0.113314218104352,0.202384729797213,54.4404880875695,-0.55989509790532,0.577847623826362,-0.11592297252283,0.251171668248334,56.7445784004143,-0.461528855269681,0.646183638359478,0.156469922818538,0.0997779263273209,1.56818174698519,0.116838722963333,0.0693869963621118,0.099759663352461,0.695541604996806,0.48671594720883,0.0870829264564263,0.0772602411723969,1.1271376471905,0.259684288256589,0.00260875441847724,0.319444383512719,0.00816653712859337,0.993484118536504,-0.229237190627182,0.325651435454632,-0.703934224356023,0.481473736780805,0.231845945045659,0.502343336496667,0.461528855269681,0.64441922409218
0,"",629418.280306549,0,0.0656794922972759,0.701912968009579,0.903731366005387,0.0000395110119270435,0.00281685782484983,0.000259025297149827,0.101526491020566,0.0922404558488404,47.239561630916,1.10067204337046,0.276616523240918,-0.0660529480399276,0.0358860862528938,85742.6507135485,-1.8406283587027,0.0656794922972759,-0.0830077945014578,0.215694492285749,52.4287663777783,-0.384839657340394,0.701912968009579,-0.0311925829788023,0.256752599849163,56.9663363672203,-0.121488869040186,0.903731366005387,0.173158269662511,0.100224792007688,1.72769896742942,0.0840422087823141,0.0477692480820305,0.100208616762678,0.476698008866458,0.633577180940765,0.12538902158048,0.0780832622765839,1.60583738338611,0.108309644455583,-0.0518152115226555,0.33228433249342,-0.155936366706912,0.876083179441812,-0.11420037748026,0.33834766948041,-0.337523759674875,0.735722104254285,0.0623851659576046,0.513505199698326,0.121488869040186,0.903303830619098
0,"",629407.136409253,0,0.0864362460404369,0.569845242906952,0.965617089669471,0.0000342580597727377,0.00633304089344942,0.0000328357713612742,0.0958721714470153,0.0909047837886976,46.7597174865577,1.05464385317569,0.297007311462921,-0.0615280590846176,0.0358863911977466,85804.3321822464,-1.71452344554727,0.0864362460404369,-0.131435792011706,0.229798696634267,51.3287546520853,-0.57196056347043,0.569845242906952,0.011218362950882,0.259111694555577,57.085191303985,0.0432954713608104,0.965617089669471,0.172759491679535,0.0994260851474905,1.73756707229557,0.082287126035169,0.0472876602594697,0.0994115019587438,0.475675946220934,0.634305260015022,0.125471831420065,0.0784243855540653,1.59990837714075,0.109618910657051,-0.142654154962588,0.343346879198562,-0.415481146342644,0.677789714201235,-0.120217429060824,0.349292918630121,-0.344173679593333,0.730715675155259,-0.022436725901764,0.518223389111153,-0.0432954713608104,0.965466001169798
0,"",629636.663079368,0,0.163640371175451,0.646416055040289,0.840915787037764,0.0000226143418916089,0.00416446845884384,0.000716345353664686,0.0885043087246233,0.0891104426336344,46.3793580007858,0.993197947500911,0.32576719332902,-0.0500544950737026,0.0359343228530057,85797.2689033354,-1.39294387926711,0.163640371175451,-0.104743318568961,0.226970289194366,50.9263649173673,-0.461484712121349,0.646416055040289,0.0536214867387545,0.265920384262441,56.7205950857611,0.201644890396347,0.840915787037764,0.15560959633918,0.097926293048306,1.58904816566904,0.112049518907437,0.0439539895765725,0.0979117292052916,0.448914445014183,0.653493375321472,0.111655606762607,0.0795246549971204,1.40403761282146,0.160307649505553,-0.158364805307716,0.346644793995326,-0.456850378401619,0.647778592481584,-0.051121831830207,0.352555970992487,-0.145003449200684,0.884708148506396,-0.107242973477509,0.531840768524883,-0.201644890396347,0.840194348540859
0,"",629785.701360241,0,0.307508615967269,0.711714422870767,0.843832542439719,0.0000121399031407621,0.00273883892851153,0.000692413687079613,0.0674270323483986,0.0865379921800594,45.0896219640821,0.77916104418165,0.439955253263699,-0.0367010054182367,0.0359648153464722,85778.7592263985,-1.02046973033706,0.307508615967269,-0.0824350966408631,0.221808199936358,50.2934608161509,-0.371650356770019,0.711714422870767,0.0532535556781099,0.269091903563829,56.5235589996744,0.197900995804127,0.843832542439719,0.118737338465382,0.0955582022350337,1.24256563736242,0.214027939105226,0.033867939680356,0.095543085658648,0.35447818590827,0.722980549219491,0.0848693987850255,0.0800550510353296,1.06013796365668,0.289081838832671,-0.135688652318973,0.345753333725162,-0.392443511265841,0.694730541873272,-0.0291815409627533,0.351672137740767,-0.0829793942455125,0.933867924108889,-0.10650711135622,0.538183807127658,-0.197900995804127,0.843122525047681
0,"",629882.648977685,0,0.938622557688035,0.617709753620917,0.933097427306694,0.0000000691420467166669,0.00496277558226625,0.000126036540446625,0.0736219085198934,0.0833643795641674,44.6081527788055,0.883133886496749,0.381898692543373,0.00277085228638462,0.0359844091204271,85754.2663297393,0.0770014668605939,0.938622557688035,-0.108579451714554,0.21620940112504,50.5662598649559,-0.502195793289113,0.617709753620917,0.0225597779190754,0.267537021614169,56.4092921592392,0.0843239480762785,0.933097427306694,0.0849705305327736,0.0924939246172986,0.918660667544882,0.358273088845631,0.0856543111202425,0.0924775862757661,0.926216984781839,0.354333227496393,-0.000683780587468935,0.0798426437352085,-0.0085641025331856,0.993166918339162,-0.131139229633629,0.340981226162995,-0.38459369481809,0.700538466291459,-0.0860196737954784,0.346953785888608,-0.247928333092453,0.80418985751885,-0.0451195558381507,0.535074043228337,-0.0843239480762785,0.932798872396738
0,"",629852.71858405,0,0.318524934874232,0.413751751148035,0.84782386277034,0.000011616886580626,0.0127181906109211,0.000667871778149532,0.0947746901859739,0.0802786585033718,44.3345223313951,1.18057142399799,0.244068272846698,0.0358846298971847,0.0359745843816896,85650.6332157675,0.997499498992109,0.318524934874232,-0.163098361610715,0.197976459151834,52.6851107546999,-0.823827046455204,0.413751751148035,-0.0525024168542589,0.272326175106584,55.6155936043356,-0.192792399899533,0.84782386277034,0.0707976839949395,0.0894137782221749,0.7917983716002,0.428478251992254,0.153872584786195,0.0893947846086406,1.7212702671619,0.0852017922149295,-0.0830749007912553,0.0806048748841202,-1.03064362931753,0.30270796840525,-0.110595944756456,0.333669503089373,-0.331453560281873,0.740301913763834,-0.215600778464974,0.33967206355697,-0.634732147846516,0.525603123056374,0.105004833708518,0.544652350213168,0.192792399899533,0.847121555831325
0,"",629887.940152295,0,0.0702546411771712,0.318343645123156,0.83095517592608,0.0000383008836434237,0.0180463981219092,0.000840127354183496,0.0786503599574396,0.0798042679639626,43.8521140139462,0.985540773244809,0.329765226412249,0.0651317322485981,0.0359786573650909,85559.8323212051,1.81028801568881,0.0702546411771712,-0.187820496510201,0.18651989553961,55.1742038147947,-1.00697298787794,0.318343645123156,-0.0594461704809735,0.277139380314439,54.7193765744096,-0.2144991823736,0.83095517592608,0.0273404108786758,0.0888837282527974,0.307597480620029,0.758388637496777,0.170404753932819,0.0888630583504276,1.91761072706765,0.0551603889360466,-0.143064343054143,0.0813852708477162,-1.75786529385443,0.0787704323196968,-0.128374326029228,0.331056044405087,-0.387772186005299,0.698184630445742,-0.247266666991175,0.337036660571538,-0.7336491720867,0.463162583887035,0.118892340961947,0.554278760628879,0.2144991823736,0.830157804498074
0,"",629835.118466965,0,0.011529286219922,0.469893951037058,0.918465081107644,0.0000745410700389242,0.0096578405795626,0.0001929655852068,0.067179857080189,0.0842631895138282,43.5112344395588,0.797262214589732,0.429628103304829,0.0908677835790518,0.0359688955957583,85612.5961004521,2.5262878404798,0.011529286219922,-0.14037923481628,0.192895412999596,54.3084210268089,-0.727747915999297,0.469893951037058,-0.0283107662347367,0.275288400260646,54.7978791895784,-0.102840389235187,0.918465081107644,-0.0116217593701116,0.0929884320750253,-0.12498070040298,0.90053882937389,0.17621012446395,0.0929695366551516,1.89535336846476,0.0580456021644562,-0.187831883834061,0.0810715385411743,-2.31686590897329,0.0205110373463295,-0.112068468581543,0.333138411912625,-0.336402121683092,0.736567649751362,-0.168690001051016,0.339121638733118,-0.497432135800016,0.618884348603661,0.0566215324694733,0.550576800521292,0.102840389235187,0.918089649215471
0,"",629740.689919035,0,0.0000914694448267621,0.578881439735658,0.902252037175924,0.000178733879637679,0.00604292391275291,0.000279130212233021,0.0692008489493357,0.0880379534528329,44.8775612718864,0.786034275392494,0.43597822957967,0.14064850616429,0.0359497955906291,85623.4819099179,3.91235899546956,0.0000914694448267621,-0.109604278189982,0.19622147935524,51.3195010361475,-0.558574313832149,0.578881439735658,0.0348030183167904,0.282057260779794,54.5294559808728,0.123389903952735,0.902252037175924,-0.0558996391478199,0.0967202169981118,-0.577951961676339,0.563296552336599,0.217903043314195,0.0967028671003501,2.2533255719096,0.0242386285420982,-0.273802682462015,0.0821137169080733,-3.33443293973086,0.00085473507585979,-0.144407296506773,0.340641773761918,-0.42392715054291,0.671618942727578,-0.0748012598731918,0.346527800625366,-0.215859332896814,0.829097397399301,-0.0696060366335808,0.564114521559588,-0.123389903952735,0.901798351459429
0,"",629985.988388883,0,0.00000666208993184141,0.645642779115178,0.707122787150002,0.000237046882322371,0.00424666569558562,0.00260652897171116,0.060601449739537,0.0888430367170213,46.0837367505005,0.682118171315574,0.498578535331371,0.162161335550458,0.0359999465418467,85576.3393893726,4.50448823200224,0.00000666208993184141,-0.0890204075174959,0.192430221296803,50.1806511977473,-0.462611365915292,0.645642779115178,0.107123461687941,0.283625208471838,54.5862808224351,0.377693725692148,0.707122787150002,-0.0804415040121133,0.0974254049093649,-0.82567277074135,0.408989742479525,0.220813669004869,0.0974075173823742,2.26690582964005,0.023395979034073,-0.301255173016982,0.0824222363603568,-3.65502304135343,0.000257158880999305,-0.196143869205437,0.339784220758164,-0.577260088087017,0.563763771075013,0.0181030541704448,0.345676121856612,0.0523699874703929,0.958233887818364,-0.214246923375881,0.567250416943676,-0.377693725692148,0.705658129334402
0,"",630197.01633028,0,0.00000796262958310501,0.747478137301095,0.60367863165738,0.000232914209012994,0.00213640007499979,0.00496047111142427,0.0625980341647763,0.087010916430838,46.3485460207637,0.719427363054305,0.475489705357096,0.161000534898727,0.0360465686104921,85630.7269260583,4.46645939141803,0.00000796262958310501,-0.0645774670747968,0.199444231891661,48.9674680041348,-0.323787088061167,0.747478137301095,0.152091040079812,0.291281734518872,54.6887711142745,0.522144103306133,0.60367863165738,-0.0750742760160199,0.0961849600258905,-0.780519906602985,0.435084914970471,0.214176173886002,0.0961682525274144,2.22709853051502,0.0259406894072296,-0.289250449902022,0.0836834601910073,-3.45648290883059,0.000547273911905586,-0.216668507154608,0.350110611360568,-0.618857298590897,0.536010371287938,0.0875135730050149,0.355905409921068,0.245889976846442,0.805767402991335,-0.304182080159623,0.582563469037745,-0.522144103306133,0.601570001113799
0,"",630059.885747482,0,0.0000196110746038576,0.917631056920771,0.552720875144277,0.000212643735708048,0.000223651030483137,0.0064418042765947,0.0520039045406381,0.0876988345194103,46.4427006760026,0.59298284664351,0.556069351632509,0.153789750502403,0.036020444276371,85706.0937077823,4.26951287225757,0.0000196110746038576,-0.0218429567128196,0.210108216686231,48.3135257687132,-0.103960506910776,0.917631056920771,0.173127113471855,0.289823272059224,55.0363280362299,0.597354078027515,0.552720875144277,-0.0807938445386264,0.0970083064829966,-0.832854911788278,0.404926561125823,0.189505220459333,0.0969931327701508,1.95380038820287,0.0507248283639803,-0.27029906499796,0.0834053189033883,-3.24078929919395,0.0011919925274896,-0.194970070184675,0.355074605799273,-0.549096068826992,0.582939522919152,0.151284156759035,0.360843467183287,0.419251477489523,0.67503235427347,-0.34625422694371,0.579646544118447,-0.597354078027515,0.550271006502189
0,"",630004.450367861,0,0.000104672196263453,0.754330083795125,0.420121722618145,0.00017565554633748,0.00205930245715666,0.0117353738421733,0.0630423263572504,0.0901846285895486,47.0525429144111,0.699036269741386,0.487970566311969,0.139697309525165,0.036007432220246,85674.9027416981,3.8796798580549,0.000104672196263453,0.0648291935797803,0.205983016323376,48.0024062722955,0.314730771191369,0.754330083795125,0.2316354825264,0.28518173043245,55.5575511414803,0.812238154860578,0.420121722618145,-0.0586953145293433,0.0990079845553604,-0.592834151638788,0.553292149702325,0.170819932017939,0.0989922707825993,1.72558858047699,0.0844214552307189,-0.229515246547282,0.0826549420588976,-2.77678794310613,0.00548989836439347,-0.16680628894662,0.348863785424709,-0.478141601151145,0.632549424314131,0.29646467610618,0.354696072703643,0.835827343241783,0.403252041613091,-0.4632709650528,0.5703634608649,-0.812238154860578,0.416654989941663
0,"",629864.434280465,0,0.000131514534123739,0.767214031201789,0.277054684354397,0.000170707190533283,0.00182799603821259,0.0210480322137908,0.0577738549115649,0.0930481453997665,47.2258228690083,0.620902809651377,0.537648921057729,0.137565333993827,0.0359762737611426,85636.6553054065,3.82377938602438,0.000131514534123739,0.0597385847843605,0.200673720297215,48.3903752854583,0.297690124525934,0.767214031201789,0.311036316364457,0.283367466714287,56.036642797141,1.09764300034509,0.277054684354397,-0.0527348014395649,0.101443279651209,-0.519845194485844,0.60317147656165,0.155418665487579,0.101427171551821,1.53231785043096,0.125444018276463,-0.208153466927144,0.0823419288170545,-2.5279158494042,0.0114741850048637,-0.251297731580097,0.34428353537737,-0.729915043147937,0.465442116497406,0.370774901148818,0.350147074367407,1.05891189243457,0.289639907674007,-0.622072632728915,0.566734933428573,-1.09764300034509,0.272360408396452
0,"",630014.32161972,0,0.000531723534518628,0.921364341482241,0.349562196945241,0.000140243946771088,0.000197046136043966,0.0156354280722049,0.0472338373365959,0.0977557762333157,44.9400753211267,0.483182059992669,0.631312240344079,0.124732581362449,0.0360043448027907,85566.7347408032,3.46437581479835,0.000531723534518628,0.0190684551387864,0.192192370254241,49.9465189963919,0.0992154637229447,0.921364341482241,0.260728893375047,0.276391831543624,56.0240000595634,0.94333067630436,0.349562196945241,-0.0514796926988122,0.1053909528905,-0.488464059645601,0.625221176900097,0.141841249576269,0.105373837260891,1.34607653344815,0.17827783574754,-0.193320942275082,0.0812835609487385,-2.37835227712279,0.0173902032736603,-0.241660438236261,0.333641324838786,-0.724312068815306,0.468874169265351,0.279797348513834,0.339623570760016,0.823845494256179,0.410027353928833,-0.521457786750095,0.552783663087248,-0.943330676304359,0.345511789744972
0,"",630132.448414208,0,0.000610613947494313,0.709394121180381,0.399837656207409,0.000137172524920426,0.00276292068899897,0.0127061397043761,0.0321982534176092,0.0978425244937779,43.5671689643589,0.329082406491431,0.743670190716744,0.12347400281273,0.0360299429879591,85604.6182670261,3.42698301948448,0.000610613947494313,0.0735584428570061,0.196275743877031,50.6946104288621,0.374770928918712,0.709394121180381,0.225503107503233,0.265801374822524,55.9272449855779,0.84838954521511,0.399837656207409,-0.0749161993704905,0.10524392662627,-0.711833943981626,0.476567610526381,0.123472952589418,0.105226661750533,1.1733998830272,0.240635484113962,-0.198389151959908,0.0796552393398799,-2.4905976506254,0.0127528445889545,-0.151944664646226,0.327349564050273,-0.464166387656748,0.642528540906936,0.299061550360238,0.333453654801006,0.896860916215505,0.369793137721515,-0.451006215006465,0.531602749645049,-0.84838954521511,0.396221063143675
0,"",630280.900234863,0,0.0021274652488779,0.57791684938108,0.563682389659214,0.000110147766480379,0.00617671907804546,0.00593664364899851,0.00854184427856138,0.0954886583436948,44.2427628846188,0.0894540192178269,0.929124825007792,0.110783283327652,0.0360630927620689,85664.1268081285,3.07192963339443,0.0021274652488779,0.114638456127922,0.204689977286465,50.4683165135997,0.560058961594802,0.57791684938108,0.148030023513276,0.254870591201981,56.4850148904827,0.580804646056494,0.563682389659214,-0.0986462419534016,0.102928025171695,-0.958400219851189,0.337860984420563,0.091044186366264,0.102910607611625,0.884691952357879,0.376322797296564,-0.189690428319666,0.0780106621143383,-2.43159618414264,0.0150324564504784,-0.0333915673853543,0.323774349879724,-0.103132219701031,0.917858033733437,0.262668479641197,0.329976030163289,0.796022909637454,0.426018719632213,-0.296060047026551,0.509741182403961,-0.580804646056494,0.561372123430897
0,"",630381.731020441,0,0.0836994694797373,0.803130200806523,0.630282051445527,0.000034953077510274,0.00127652234127011,0.0040880365842051,-0.00181283433552805,0.0921062315562019,44.7262034165615,-0.0196819944199094,0.984384597418578,0.0624091525406664,0.036082308857258,85586.9068428558,1.72963301177754,0.0836994694797373,0.0493149472844747,0.196748938943933,49.1529047153422,0.250649114293459,0.803130200806523,0.120358054593352,0.24870536963978,57.0540095679082,0.483938303252865,0.630282051445527,-0.0565729307501978,0.0994417311944989,-0.568905328483736,0.569420389078282,0.042327996849385,0.0994221900157939,0.425739936352849,0.670297358024881,-0.0989009275995827,0.0771228506693671,-1.28238163840157,0.199708802142747,-0.0710431073088768,0.313940115911417,-0.226295091669402,0.82097191566678,0.169673001877826,0.320266475529319,0.529786958180371,0.596259648572366,-0.240716109186703,0.497410739279559,-0.483938303252864,0.628429655675403
0,"",630465.456066692,0,0.534153308111457,0.794753273316729,0.643395713858545,0.00000452120564133307,0.00142005224276147,0.00374731837200796,-0.0340851464480036,0.0935691038510234,46.3015953104345,-0.364277790907055,0.717308953006582,0.0224408099138282,0.0360969855316621,85482.8432763409,0.621680995886609,0.534153308111457,-0.0494953262856241,0.189208841915422,48.119825839168,-0.26159097949423,0.794753273316729,0.11231765363462,0.24133236082141,57.5855916027866,0.46540651760224,0.643395713858545,-0.0391039063951341,0.100432723841215,-0.389354235348208,0.697014121168806,-0.0184082792453096,0.10041160520408,-0.183328204024783,0.854540505788265,-0.0206956271498245,0.0760669364310314,-0.272071258825954,0.785567228361807,-0.161812979920244,0.30341122995462,-0.53331242862845,0.593817325597378,0.0628223273489954,0.309877740431037,0.202732623716728,0.839344022595797,-0.224635307269239,0.48266472164282,-0.46540651760224,0.641640367660142
0,"",630641.077983777,0,0.875068258355574,0.677303769930657,0.633134406239418,0.000000289049089153376,0.00365713588003614,0.00398973152493996,-0.0573431161532896,0.0939204078429174,47.7396589919562,-0.610550118662138,0.544393338521887,-0.00568136904363161,0.0361353830305959,85520.2467691913,-0.157224541907337,0.875068258355574,-0.0808450766495853,0.193080544234841,47.7636869915454,-0.418711667558045,0.677303769930657,0.117240149035124,0.244312021096358,57.4887934900627,0.479878757127894,0.633134406239418,-0.0303343437008301,0.100926608067606,-0.300558438271409,0.76375122821855,-0.0669430631129509,0.100906181506056,-0.663418852183338,0.50706233520219,0.0366087194121209,0.0765397112908367,0.478297066904453,0.632438783698428,-0.198085225684709,0.308172165489819,-0.642774552237272,0.520370397805211,0.0363950723855386,0.314589950325395,0.115690511880286,0.907897826179977,-0.234480298070248,0.488624042192715,-0.479878757127894,0.631313607110659
0,"",630717.462131124,1,0.369793670146894,0.918235926633099,0.651647937106372,0.00000939013713697625,0.000220856728863921,0.00356596561542708,-0.0369124985117868,0.0973857775896913,51.2878922724195,-0.379033770899357,0.706227490467025,-0.0324264638819815,0.0361553598859971,85659.9451431973,-0.896864641486815,0.369793670146894,-0.0215099812886103,0.208439168904673,48.2075251529767,-0.103195485769988,0.918235926633099,0.111764247877141,0.246261421653755,57.5551827014089,0.453843915651077,0.651647937106372,0.00986331040384588,0.1045439243992,0.0943460890771892,0.924834239375115,-0.0790564420606534,0.104526032954031,-0.75633255971191,0.449449831295619,0.0889197524644993,0.07682230742824,1.15747307574118,0.247079133292301,-0.133274229165751,0.319465039702378,-0.417179386169807,0.676547201847479,0.0902542665885307,0.325768688282278,0.277050158087402,0.781741592331918,-0.223528495754282,0.49252284330751,-0.453843915651077,0.649941172708857
0,"",630946.922839096,0,0.105167757197156,0.974724341359267,0.615042973758191,0.0000306308139592877,0.0000206122508395303,0.00441616504153212,-0.0176796682598669,0.0995801511393874,48.3465270594037,-0.177542091045029,0.859824380397089,-0.0586635035061634,0.0362049421067128,85709.3965687495,-1.62031756143277,0.105167757197156,-0.00693819138411132,0.217872430108951,49.1986997176171,-0.0318452012521352,0.974724341359267,0.123136168188257,0.243528975047478,57.6371540913655,0.505632515244851,0.615042973758191,0.0549886573129378,0.106735308589617,0.51518713010295,0.606422261509751,-0.0888539540216245,0.106718382719475,-0.832602141799598,0.405069150670554,0.143842611334562,0.0764616100394783,1.8812396346388,0.0599393284285764,-0.130074359572368,0.323609045773618,-0.40194908415311,0.687721498166155,0.116197976804145,0.329888921414463,0.352233643694137,0.724663047649257,-0.246272336376513,0.487057950094956,-0.505632515244851,0.613114651175219
0,"",631445.767545977,0,0.00521397860332433,0.76659150088964,0.810228225751375,0.0000910256875477929,0.00179136212461332,0.00102162654585181,-0.0243426583999032,0.0981980502432266,47.8721079853662,-0.247893500325199,0.80527704384495,-0.101437705856641,0.0363110154385918,85727.1818160725,-2.79357943123871,0.00521397860332433,-0.0655732390281201,0.219699071429202,49.640342151886,-0.298468439586697,0.76659150088964,0.0604174707473914,0.250434817687121,56.9114409658365,0.241250283428535,0.810228225751375,0.0906601918730303,0.105681867145719,0.857859482630301,0.390970059594197,-0.125225253951748,0.105665377492685,-1.18511149936901,0.235973365018678,0.215885445824778,0.0775992174032749,2.78205699811178,0.00540155526401427,-0.125990709775511,0.330017739579256,-0.381769507106311,0.702632338497092,-0.00515576828072875,0.336242250998692,-0.0153334932341647,0.987766121883941,-0.120834941494783,0.500869635374241,-0.241250283428535,0.809361141003457
0,"",631701.910668268,0,0.0000196512053000673,0.592522415993036,0.879011899452154,0.000212403405412444,0.00581424184068089,0.000414278468352907,-0.0363221563290064,0.100162907874348,47.8725497205124,-0.36263080914715,0.718476827684211,-0.155254320549751,0.0363673609534528,85784.7490162805,-4.26905655179279,0.0000196512053000673,-0.124856496183335,0.231786049947858,49.6160450481171,-0.538671314392831,0.592522415993036,-0.0394231547036054,0.257813049693275,56.4183834320635,-0.152913728573895,0.879011899452154,0.128130585415481,0.108000007171115,1.18639423062696,0.235466649050708,-0.173888845839056,0.10798544780291,-1.61029888171997,0.107332623265175,0.302019431254537,0.0787523675232892,3.83505208481791,0.0001255376887623,-0.0854333414797298,0.343634638164037,-0.248616792347189,0.803657217860296,-0.164279650886941,0.349714052532962,-0.469754216901126,0.638530627601074,0.0788463094072108,0.515626099386549,0.152913728573895,0.878466309399893
0,"",631526.53210568,0,0.000000199791580460507,0.378688927823508,0.794782431865402,0.000315016256499278,0.0156092057236527,0.00121527050399538,-0.0314373777998413,0.102883413135242,48.4080686849021,-0.305563130555518,0.761247447260289,-0.188919782521558,0.0363310339844869,85808.3517872604,-5.19995612022012,0.000000199791580460507,-0.209990926381169,0.236413997321768,49.7555379058261,-0.888233897992784,0.378688927823508,-0.0702541014435068,0.268816744087989,56.1344756549485,-0.261345704791779,0.794782431865402,0.172527563320561,0.110936696988591,1.55518929266755,0.119900993627406,-0.19018379054546,0.110923768336049,-1.71454498344565,0.0864286829764582,0.362711353866021,0.0803881109942793,4.51200245135543,0.0000064218445857178,-0.139736824937662,0.355007893578112,-0.39361610675543,0.693864487821941,-0.280245027824676,0.360939656397963,-0.776431801984332,0.43749407340534,0.140508202887013,0.537633488175977,0.261345704791779,0.793825923567445
0,"",631767.860766308,0,0.00000000936796428132142,0.271405759376021,0.922089955132484,0.000384268508782824,0.0242311505977066,0.000172471340903226,-0.0273483321640787,0.098577180218931,47.6478725097765,-0.277430659949296,0.782649612443057,-0.208915115693182,0.0363813979991334,85778.6581130788,-5.74236085425189,0.00000000936796428132142,-0.252501966052351,0.227036126171181,49.80953699943,-1.11216646579835,0.271405759376021,-0.0272445662198999,0.277316385259388,55.952163518176,-0.0982436223320042,0.922089955132484,0.205819755553867,0.106977118617353,1.9239605460871,0.0543595290360905,-0.206143750008177,0.106963449500552,-1.92723543388635,0.0539502959298327,0.411963505562044,0.0817752176273918,5.03775492765,0.00000047102399185599,-0.225257399832451,0.355426892765033,-0.633765774109178,0.526233692571245,-0.279746532272251,0.361346487653737,-0.774178086214912,0.43882548535034,0.0544891324397998,0.554632770518776,0.0982436223320042,0.921738844369786
0,"",631797.498960733,0,0.000000000214488599610013,0.242804205634758,0.923285559433074,0.000470201270118705,0.0272750903090002,0.000167497600344088,-0.0396164703913159,0.0948013240910678,47.3077133310643,-0.417889420545009,0.677918728782521,-0.231106658814008,0.0363869748198284,85752.1397153679,-6.35135676868831,0.000000000214488599610013,-0.260218211133142,0.22014527040715,49.8288076611839,-1.18202953282566,0.242804205634758,-0.0274332071044793,0.283600387240198,55.8545023156394,-0.0967319098942008,0.923285559433074,0.216553641142519,0.103535838414563,2.09158147032553,0.0364759715227957,-0.2397523295575,0.103521506928429,-2.31596637907577,0.0205601044689035,0.456305970700019,0.0827798411046104,5.51228372283751,0.0000000354207315927838,-0.232785004028662,0.356058706268016,-0.653782648565368,0.51325184689943,-0.287651418237621,0.361950876696826,-0.794725021424828,0.426773474123918,0.0548664142089585,0.567200774480396,0.0967319098942007,0.922939298219998
0,"",631721.172800287,0,7.84126144791909e-11,0.209043427567109,0.834152744943993,0.000493196821902874,0.0315503323656186,0.000785454912039951,-0.0386907603688397,0.0952564546574004,47.6404715910778,-0.406174683993804,0.686433021598517,-0.236567414362914,0.0363701668498136,85740.2498231766,-6.50443577396255,7.84126144791909e-11,-0.277925160359258,0.218374194479254,49.7194383004209,-1.27270147932091,0.209043427567109,-0.0584789501739755,0.278005558596809,56.2897944934208,-0.210351729904752,0.834152744943993,0.221503947927694,0.103735372025297,2.1352788697155,0.0327382378608963,-0.239038279235106,0.1037205594864,-2.30463738740677,0.0211868902344976,0.4605422271628,0.0818827546372216,5.62441052701774,0.0000000186142501144944,-0.219446210185282,0.350526699314484,-0.626047061791434,0.531284073410316,-0.336404110533233,0.356482526806106,-0.943676296135003,0.345335090580965,0.116957900347951,0.556011117193617,0.210351729904752,0.833393163702125
0,"",631655.031715337,0,0.00000000434487729395475,0.253957946964553,0.908846125884134,0.000402383914838995,0.026671703341155,0.000233046532934068,-0.0290315655419498,0.0942594693394718,46.9918632428762,-0.307996276081226,0.759446265225978,-0.213428325356628,0.0363523204085742,85629.7031448412,-5.87110596951847,0.00000000434487729395475,-0.233520511872756,0.202279086525985,48.6358709908423,-1.1544471348142,0.253957946964553,-0.0311751936116246,0.271073717498223,56.7413450259891,-0.115006330747757,0.908846125884134,0.206182838082382,0.102234670916597,2.01676042221123,0.0437205210174471,-0.213960682681832,0.102217333048862,-2.09319375002235,0.0363318624482684,0.420143520764213,0.0808076659250308,5.19930276360167,0.000000200037464939499,-0.202345318261132,0.335160840101069,-0.6037260146505,0.546025815395726,-0.264695705484381,0.341266449553617,-0.775627682799195,0.437968850326716,0.0623503872232491,0.542147434996445,0.115006330747757,0.908440104131222
0,"",631714.802932872,0,0.000000487402631981942,0.227749004719782,0.991496288164118,0.000295743123041849,0.0305281762215419,0.00000203138881421105,-0.0287994906408556,0.0925375556590909,45.589544959768,-0.311219487436573,0.757052447327701,-0.18296787362569,0.0363638039422468,85579.1470001437,-5.03159333705243,0.000000487402631981942,-0.240365240234419,0.196698969508488,47.4213036882583,-1.22199542191321,0.227749004719782,0.00299264719928299,0.279546601147877,56.4168288346366,0.0107053607054944,0.991496288164118,0.180370194957827,0.100792827571086,1.78951418770962,0.0735320446517145,-0.186209975862839,0.100775091772481,-1.8477777850428,0.064634495879364,0.366580170820667,0.0821524912493648,4.46219177587632,0.00000811255707494471,-0.243357887433702,0.338786325266513,-0.718322639623248,0.472558373966241,-0.237372593035136,0.344815022077744,-0.688405602530903,0.491197396731351,-0.00598529439856598,0.559093202295754,-0.0107053607054944,0.991458521124578
0,"",632012.292175868,0,0.00000651539601257725,0.130206557095017,0.753272088818972,0.000237455334812695,0.0483793133634677,0.00176334784149823,-0.0293845055149687,0.0943717496274749,46.0660642673051,-0.311369722729119,0.756924347852257,-0.164260632069663,0.0364277620966027,85608.5077988935,-4.50921557119158,0.00000651539601257725,-0.309810843545816,0.201118749390575,46.6758550992787,-1.54043740071275,0.130206557095017,0.0897510132934225,0.284146913161002,56.4791766964769,0.315861299688195,0.753272088818972,0.177896078588647,0.102724975095683,1.73177047181511,0.0833144375473072,-0.169951776519222,0.102708275662652,-1.65470382423159,0.0979845909652135,0.347847855107869,0.0829381076369314,4.19406549074646,0.0000273998817995088,-0.399561856839239,0.345119856092564,-1.15774809761184,0.24696684965595,-0.220059830252394,0.351096459910033,-0.626778835391229,0.530804218773083,-0.179502026586845,0.568293826322003,-0.315861299688195,0.752107787571923
0,"",632100.205201473,0,0.0000996409458639328,0.12709788902718,0.525461916460188,0.000176825782728083,0.0485376920980506,0.00719813965584891,-0.0235878541440279,0.0964121144593742,46.4221896582582,-0.244656537991056,0.807800601278028,-0.141838553597153,0.0364469126578119,85633.6992426592,-3.89164796834312,0.0000996409458639328,-0.31676948282169,0.203975538935812,47.2762432533135,-1.5529777956433,0.12709788902718,0.184306807656246,0.288463521362154,56.3045207227972,0.638925874529751,0.525461916460188,0.1722004887354,0.104801547781207,1.64311016756071,0.100360141567716,-0.151164440953397,0.104785713237025,-1.44260544957559,0.149131647366254,0.323364929688797,0.0836392232525308,3.86618762243243,0.000110549903075342,-0.501076290477935,0.350321460238854,-1.43033284382948,0.152621512597696,-0.132462675165444,0.356243346292579,-0.371831997829523,0.710017938263158,-0.368613615312491,0.576927042724307,-0.638925874529751,0.522871154645969
0,"",632166.877233385,0,0.000466736224784401,0.399944772549357,0.536974679950504,0.000142961030751784,0.0150593265801589,0.0068835251535996,-0.012028059501937,0.0983403102341685,46.8646675639286,-0.12231057104961,0.903176054182545,-0.127588033094089,0.0364611233867052,85640.6651308738,-3.4992896883866,0.000466736224784401,-0.174128259431983,0.205000238477631,47.1882971707819,-0.849405155452947,0.399944772549357,0.183490494875373,0.295360157100152,55.6817153689627,0.621243219386408,0.536974679950504,0.154064003427348,0.106818286566113,1.44229989433497,0.149217789993491,-0.140624104028577,0.106803173559016,-1.31666596920805,0.187950615424716,0.294688107455925,0.0847577324880563,3.47682858903111,0.000507382082772343,-0.357618754307356,0.356597580122709,-1.00286365988321,0.315926648439293,0.00936223544339038,0.362441176202224,0.0258310480654845,0.979392097331293,-0.366980989750747,0.590720314200303,-0.621243219386408,0.534439606750844
0,"",632311.941180574,0,0.000793229919651021,0.728786432930802,0.673837028869501,0.000131355427828789,0.00252932922615644,0.00321534116881776,-0.00847654883200522,0.0972785699330389,48.0335078412491,-0.0871368569443403,0.930924978294676,-0.122446839069014,0.0364939248112291,85693.7083297674,-3.35526638207293,0.000793229919651021,-0.0739851371461145,0.212130184510275,47.9710030461192,-0.348772322604239,0.728786432930802,0.125375376281503,0.29630613231642,55.5031336494934,0.423127848557709,0.673837028869501,0.135435001090455,0.106031913991163,1.27730412469724,0.201494897987473,-0.136456462654717,0.106017504535167,-1.28711256931588,0.198055055035231,0.271891463745172,0.0849329801606606,3.20124718608552,0.00136834092516711,-0.199360513427617,0.361491895267877,-0.551493729285091,0.581295264135563,0.0513902391353883,0.367310070802581,0.139909692710302,0.888731342943156,-0.250750752563006,0.59261226463284,-0.423127848557709,0.672201984994292
0,"",632370.179849542,0,0.00772840526517695,0.8577356112414,0.736923077903197,0.0000828501852437647,0.000667613979524822,0.00205659341219421,-0.012456084617076,0.0927707779594435,47.2905095674252,-0.134267329552,0.893760993355988,-0.0972403134560574,0.0365047242022434,85637.7188378829,-2.66377340415796,0.00772840526517695,-0.0366303810404661,0.203263183421037,48.6127250522908,-0.180211587873197,0.8577356112414,0.0989766702984823,0.293154835534657,55.3132309848195,0.337625917437003,0.736923077903197,0.0993847437385165,0.101604573825655,0.978152262210685,0.327999022867405,-0.116409086803214,0.101588284164416,-1.1458908648837,0.251840311524833,0.21579383054173,0.0844508756896471,2.55525864923843,0.0106108918295962,-0.135607051338948,0.353774067917708,-0.383315408438846,0.701485915883188,0.0623462892580162,0.359659933176562,0.173347886453089,0.862377985446512,-0.197953340596964,0.586309671069314,-0.337625917437003,0.735645108631979
0,"",632409.06350346,0,0.0378022932133032,0.897784122990837,0.720742336676563,0.0000503887417846429,0.000342040762064127,0.00232556748475322,-0.0113800414441007,0.09140157041163,46.2993935382617,-0.124505972849814,0.901453675045234,-0.0758361465964657,0.0365119211181468,85610.6407862917,-2.07702427793574,0.0378022932133032,0.0257466560018755,0.19938139918611,48.7355582360358,0.129132687938671,0.897784122990837,0.104967220986359,0.292149449928675,55.3805352533554,0.359292892771099,0.720742336676563,0.0729856102775408,0.100235603383568,0.728140578934304,0.466527535768301,-0.10128986554995,0.100218572983001,-1.01068956117675,0.312165034812602,0.17427547582749,0.0843037461534772,2.06723287847989,0.0387122155199023,-0.0792205649844835,0.350733068624207,-0.225871387876928,0.82130145193984,0.130713876988235,0.356643801913792,0.366511001416003,0.713983804935826,-0.209934441972718,0.58429889985735,-0.359292892771099,0.719375990613693
0,"",632346.751719484,0,0.00176887159986759,0.866390805951855,0.782807194828652,0.000114266855479855,0.000584534739240609,0.0013936967270217,-0.00682158916534598,0.0928673216132311,46.1580735882905,-0.0734552159666687,0.941761280138771,-0.114110297135413,0.0364963678828809,85542.2120895265,-3.12662064076076,0.00176887159986759,0.0324964371039537,0.19213712903859,48.9085334230503,0.169131480555364,0.866390805951855,0.0819657075936049,0.295888802098618,54.9836224110036,0.277015240226246,0.782807194828652,0.112614956227232,0.101542048942415,1.10904750692096,0.267409688290632,-0.133255775306445,0.101524362805089,-1.31254973313425,0.18933471725563,0.245870731533677,0.0849017961550184,2.89594263806566,0.00378021491774306,-0.0494692704896511,0.349846979750328,-0.141402594142603,0.887551905033225,0.114462144697559,0.355725750943992,0.3217707584953,0.747626368448874,-0.16393141518721,0.591777604197236,-0.277015240226246,0.781768403903462
0,"",632318.510181469,0,0.0000164906610300194,0.797759610333359,0.863684246593321,0.000217212640869223,0.00133593940984249,0.00054322433970098,0.0175885545383101,0.0953089489531741,45.7851628490416,0.184542529652189,0.854402857165048,-0.157184039470095,0.0364863813913364,85423.205399607,-4.30801941645598,0.0000164906610300194,0.0468212048582831,0.181739621036042,49.6156395353844,0.257627943710732,0.797759610333359,0.050801314221379,0.294508283395024,54.7443952144042,0.172495366295824,0.863684246593321,0.1752011236865,0.103526596982347,1.6923295925237,0.0905831485094007,-0.15010628824385,0.103507485582806,-1.4501974171111,0.147003475139093,0.32530741193035,0.0846906549052931,3.84112523742001,0.000122471606571894,-0.00398010936309589,0.343103828953982,-0.0116003058760085,0.990744502622309,0.0976225190796621,0.349010888429476,0.279711958325875,0.779698502994357,-0.101602628442758,0.589016566790048,-0.172495366295824,0.863048103922984
0,"",632363.543444547,0,0.00000189347560061577,0.811143176884059,0.761513920164079,0.000265534658850683,0.00118394662556961,0.00169618280437217,0.0460158176394257,0.10216174033104,46.4007214494919,0.450421238815219,0.654504349510662,-0.173900672648216,0.0364969234868411,85477.8241659896,-4.76480360627972,0.00000189347560061577,0.0450582239635174,0.187545382658167,48.6954939892836,0.24025237691745,0.811143176884059,0.0869726716738161,0.28514567319805,54.7547910528445,0.305011367342083,0.761513920164079,0.224429327284372,0.109691770635377,2.04599967695289,0.0407564024578432,-0.142100333038273,0.109674023808878,-1.2956607964517,0.195092373427541,0.366529660322646,0.0831945436868602,4.40569349959108,0.0000105445974468875,-0.0419144477102988,0.338269834150781,-0.123908322524603,0.901387863312203,0.132030895637333,0.344290822276078,0.383486538399392,0.701359049584695,-0.173945343347632,0.5702913463961,-0.305011367342083,0.760357494707718
0,"",632142.314643414,0,0.00000181221114008349,0.95381614297232,0.754753194001671,0.000266374358485423,0.0000689331335023907,0.00179379941498558,0.0760058516375352,0.109380504627989,48.388789214594,0.694875671821381,0.490456576297229,-0.174000941759411,0.0364503432010021,85524.7546499187,-4.77364344143206,0.00000181221114008349,0.0111937410775038,0.192294219888194,49.1541391716276,0.0582115317039285,0.95381614297232,0.0857749206062575,0.27321568947186,54.8473645555252,0.313945808793283,0.754753194001671,0.258036786027733,0.116198338892415,2.2206581306351,0.0263741253259277,-0.108435494036883,0.116181540796174,-0.933328076851037,0.35065060287416,0.366472280064617,0.0812635983115385,4.5096733061177,0.0000064927534707872,-0.0745811795287537,0.331014395876793,-0.225310984832556,0.821737354699513,0.0969686616837612,0.337160539912825,0.287603827271226,0.773650014875935,-0.171549841212515,0.54643137894372,-0.313945808793283,0.753562197567658
0,"",632024.485761161,0,0.00000139550615513692,0.891936511776233,0.811245442771307,0.000272201586314806,0.000373594675786809,0.00103344615972109,0.0789284294682626,0.111057646353871,49.266040725308,0.710697840802128,0.480622624035222,-0.175787145652801,0.036425110790444,85538.8844865081,-4.82598794727395,0.00000139550615513692,-0.0266131247606699,0.194897412466136,49.8903596258595,-0.13654940013785,0.891936511776233,0.060329267990276,0.251417382428641,55.6581289648057,0.23995663071307,0.811245442771307,0.264076472568708,0.117266337938022,2.25193757400593,0.0243262172516654,-0.100488859652139,0.117248644714928,-0.85705775018946,0.391412969305861,0.364565332220848,0.0779143153798719,4.67905455426781,0.00000288200759685123,-0.0869423927509459,0.314895104835534,-0.276099537324834,0.782471616028635,0.0337161432296061,0.321298110945501,0.104937259451628,0.91642559340445,-0.120658535980552,0.502834764857282,-0.23995663071307,0.810363878091775
0,"",631906.814576274,0,0.00000599729612383596,0.562425473661071,0.983396786504502,0.000239453003104735,0.00683242428884779,0.00000768142883003734,0.0493967972902967,0.109223735164547,49.5040952920592,0.45225332402229,0.653062095208738,-0.164777804274927,0.0364007549698195,85556.3693559181,-4.52676886541357,0.00000599729612383596,-0.11586906368946,0.198686055128036,49.4365238659643,-0.583176628147313,0.562425473661071,0.00497145614842198,0.237843090688124,56.8775393299025,0.0209022517073699,0.983396786504502,0.227185236284732,0.115272593650221,1.97085212617055,0.0487407923804409,-0.103440903905635,0.1152540185867,-0.897503663421688,0.36945021946043,0.330626140190366,0.0758891858447522,4.35669636602419,0.0000132040235539015,-0.120840519837881,0.306623960756862,-0.394100055128118,0.693507170309114,-0.110897607541037,0.313165635519951,-0.354118060740967,0.723250407442335,-0.00994291229684396,0.475686181376248,-0.0209022517073699,0.98332363041463
0,"",631763.329119844,0,0.0000339179907635323,0.256961012338152,0.885388465749275,0.000200857865687035,0.026291473876629,0.000371314038302862,0.0258452303081066,0.106526016797717,49.1858288802652,0.242618949671085,0.809309485322064,-0.150780868599207,0.036370879980674,85547.7871608923,-4.1456480755848,0.0000339179907635323,-0.225430073893223,0.196529885470515,48.7282196958933,-1.14705238520604,0.256961012338152,0.0358480221797881,0.247577602794661,56.4423430077158,0.144795093639873,0.885388465749275,0.204757340586636,0.11291490362431,1.81337745518434,0.0697736243192785,-0.104523753043276,0.112896596967768,-0.925836170891119,0.354531126499462,0.309281093629911,0.0772808159941629,4.00204228761342,0.0000627980711422229,-0.261278096073011,0.31286970700503,-0.835101929726967,0.403660320267937,-0.189582051713435,0.319295908235286,-0.593750332602867,0.552679113074067,-0.0716960443595762,0.495155205589322,-0.144795093639873,0.884872656110292
0,"",631513.920319105,0,0.0000517906580097195,0.289041608493036,0.725726569074138,0.000191433841537758,0.0226033355792215,0.00223971565290376,0.0408370246500372,0.103898489676339,48.6350465212991,0.393047336657649,0.696002131060089,-0.147004971434799,0.036319035397782,85564.4911411044,-4.04760120484304,0.0000517906580097195,-0.20963827345438,0.195615420669886,49.6630391051847,-1.07168582485201,0.289041608493036,0.09236115138317,0.261943064502935,55.3857697711358,0.352600102462858,0.725726569074138,0.220357614251111,0.110797040375151,1.98884025696892,0.0467188377534468,-0.0935409753163284,0.110779478615426,-0.844389019387412,0.39845205632481,0.31389858956744,0.0793804128264409,3.95435824015875,0.0000767403550733609,-0.30199942483755,0.323791105018181,-0.932698335924305,0.350975744328242,-0.11727712207121,0.330027944273202,-0.355355127061986,0.722323561324647,-0.18472230276634,0.523886129005871,-0.352600102462858,0.724388260764925
0,"",631572.08751731,0,0.0000766582197859196,0.491740496002301,0.720936413739309,0.000182718813494574,0.00972130499715506,0.00234825528480565,0.0578699752164433,0.099434102741243,46.8516150153477,0.581993235932727,0.563361420666645,-0.143688701144672,0.0363326753450029,85583.0686269909,-3.95480651452866,0.0000766582197859196,-0.136429820912011,0.196937715015099,48.8870347050722,-0.692756188937963,0.491740496002301,0.0984451799813186,0.274180561851265,54.7708206936787,0.359052367960068,0.720936413739309,0.22684715447646,0.107002638269135,2.12001459165792,0.0340048147674817,-0.0817290026403457,0.106985528646194,-0.763925772714804,0.444911477796994,0.308576157116806,0.081278727348182,3.79651807040391,0.000146742670662605,-0.234875000893329,0.33452281018205,-0.70211953787399,0.482604618822147,-0.0379846409306921,0.340607365822866,-0.111520315595424,0.911203756566601,-0.196890359962637,0.54836112370253,-0.359052367960068,0.719555913689811
0,"",631841.133825419,0,0.000130609865386185,0.555284607154571,0.806089189689281,0.000170895817163893,0.00711047783197998,0.00111976440509178,0.0707448791531874,0.100089915517091,44.6762822881437,0.706813256737213,0.483352944988209,-0.139211071970165,0.0363904809420926,85618.2419950291,-3.82548041043173,0.000130609865386185,-0.118753022198107,0.199948332168552,49.2556337223117,-0.593918543406507,0.555284607154571,0.0705446433569694,0.285980473728637,54.2802805752614,0.246676433664168,0.806089189689281,0.230337217134925,0.108030657252697,2.13214677196805,0.0329947826240302,-0.0632757020084044,0.10801471843078,-0.585806294990749,0.558005692983415,0.293612919143329,0.0831918158997546,3.52934860199626,0.000416583987334969,-0.189297665555076,0.345960182389279,-0.547166047398126,0.584264659873993,-0.0482083788411376,0.351908917169286,-0.1369910692486,0.891037854266063,-0.141089286713939,0.571960947457274,-0.246676433664168,0.805158646260475
0,"",632257.709050565,0,0.000385167095058205,0.559775820145945,0.7276452084227,0.000147058077851817,0.0068432697242949,0.0022648193070218,0.0931909115720203,0.101365392569396,44.5238493593893,0.919356293206487,0.362863398007482,-0.129514626261818,0.0364810956384611,85693.7465822455,-3.55018466400648,0.000385167095058205,-0.123126365010294,0.209718874591399,50.024322050033,-0.587101972820447,0.559775820145945,0.104280697940869,0.297881833197522,53.9885358814274,0.350074043863299,0.7276452084227,0.247189959389315,0.109789584022864,2.25148825901224,0.0243546296991012,-0.0342946428965395,0.109775555976684,-0.312406916015289,0.754731294997808,0.281484602285855,0.0851779740997869,3.30466420762828,0.00095090253680291,-0.227407062951163,0.361387104514983,-0.629261697802875,0.529177742535926,-0.0188456670694251,0.367192792015686,-0.0513236301997454,0.95906763873889,-0.208561395881738,0.595763666395043,-0.350074043863299,0.726283129878942
0,"",632557.719332261,0,0.00905407721918466,0.749552606774866,0.675375179472022,0.0000794728990283444,0.00201573076546182,0.00328801737653545,0.144370787767579,0.101253045112593,41.2290508037688,1.42584144118371,0.161442126499656,-0.0953857771507909,0.0365453653083669,85713.4662615763,-2.61006495203792,0.00905407721918466,-0.0680632882050626,0.212061933197931,51.0025149616708,-0.320959481877092,0.749552606774866,0.12856413186478,0.305319387866673,53.7485128705722,0.421080799234805,0.675375179472022,0.26092700958213,0.109975992467316,2.3725815401,0.0176642637113374,0.0424710169817504,0.109962603589852,0.386231460471438,0.699325255937626,0.21845599260038,0.0864488540612478,2.52699697378992,0.0115042494017765,-0.196627420069842,0.368861315994925,-0.533065983185256,0.59398790551707,0.0605008436597174,0.374595400132382,0.161509841387098,0.871691860809932,-0.25712826372956,0.610638775733346,-0.421080799234805,0.673696081791642
0,"",632750.923718153,0,0.133961199494399,0.881422070445392,0.673471628535449,0.0000261899172451572,0.000440641605543037,0.00334829568524904,0.174769164944645,0.102652322421669,38.6112481073145,1.70253493366413,0.0966941523728848,-0.0548335614342586,0.0365879850260974,85757.1664032176,-1.49867672120088,0.133961199494399,-0.0329942819675054,0.220084493727753,50.9825509271372,-0.149916431678825,0.881422070445392,0.132176298754608,0.311943541577046,53.4410258743035,0.423718657826297,0.673471628535449,0.247386281887166,0.111655075512185,2.21562952469787,0.0267168850993029,0.109256892487856,0.111643079386408,0.9786266474226,0.327764487743373,0.138129389399311,0.0875675427511523,1.57740396795013,0.114702603009885,-0.165170580722113,0.378931484651114,-0.435885080581751,0.662920110270812,0.0991820167871023,0.384581389256119,0.257896038544523,0.796487142259738,-0.264352597509215,0.623887083154092,-0.423718657826297,0.671771006475497
0,"",633038.36798082,0,0.116688784253975,0.964604111242198,0.737634648446757,0.0000286851201270473,0.0000391784779757313,0.00213017259316289,0.184523965265385,0.10420721144184,34.5607842818087,1.77074084137037,0.0854241744421197,-0.0574992785526349,0.0366508109850049,85800.2360276839,-1.56884055242761,0.116688784253975,-0.0102482623872344,0.229801011060886,50.761217077928,-0.0445962458560252,0.964604111242198,0.108333703849904,0.321706801200507,53.1209455328645,0.33674670055354,0.737634648446757,0.254790705006553,0.113623017982282,2.24242155798296,0.024934139797372,0.116464041559249,0.113612662478928,1.02509737047004,0.305317246148849,0.138326663447304,0.0892367192986032,1.55010924353277,0.121115297809562,-0.118581966237139,0.392574998011775,-0.30206194189061,0.762604844062273,0.09808544146267,0.398111055087134,0.246377085512489,0.805390342732572,-0.216667407699809,0.643413602401014,-0.33674670055354,0.736307855368783
0,"",633340.128428897,0,0.385685728608223,0.992918342905869,0.625132047120795,0.0000087668713885018,0.00000157404962273933,0.00454317317448312,0.19168608380988,0.10579778691799,29.3878151581293,1.81181562860541,0.0802457860296725,-0.0318505610395537,0.0367165181425783,85834.6717489443,-0.867472261826979,0.385685728608223,0.00213305800297922,0.239141000284938,50.5449933872362,0.00891966664201315,0.992918342905869,0.16314419088115,0.331957042102837,52.9227733028686,0.491461756158827,0.625132047120795,0.240872361697246,0.115638109817472,2.08298425214187,0.0372526590188466,0.142040482534142,0.115629303874574,1.22841250249345,0.219292156887301,0.0988318791631041,0.0910106978599284,1.08593694463494,0.277506890330116,-0.16101113287817,0.406404764679025,-0.396184166308522,0.691969171152387,0.165277248884129,0.411828798026652,0.401325137231983,0.688180758741779,-0.326288381762299,0.663914084205674,-0.491461756158827,0.623099894732154
0,"",633536.890831927,0,0.875835125468328,0.892348178345461,0.51464652660885,0.000000284414617230708,0.000372310561661207,0.00804768485960567,0.190204542824632,0.106073883493317,26.6172227988874,1.79313264076557,0.0843235284930735,0.00574362802196475,0.0367588586818352,85841.3497600779,0.156251533043463,0.875835125468328,-0.0328393760758889,0.241414799062698,49.6815271082069,-0.136028844144555,0.892348178345461,0.222801625147721,0.339626043704346,53.0462356748144,0.656020435646201,0.51464652660885,0.211985222797301,0.116203035977815,1.82426578628955,0.0681119002158983,0.175495350579971,0.116194838272472,1.51035410168947,0.130953093654758,0.0364898722173297,0.0923490374511654,0.395129968047862,0.692746973286423,-0.255641001223609,0.413998441247577,-0.617492666042993,0.536909817200242,0.189962249071832,0.419355696494128,0.452985975056361,0.650558840604189,-0.445603250295441,0.679252087408692,-0.656020435646201,0.511810975627623
0,"",633356.556872915,0,0.640227926333844,0.782297335336552,0.447282612425904,0.0000025452158406293,0.00155387956189013,0.0108753161450367,0.193987720361466,0.105574409345377,24.5855179149789,1.83745020752949,0.0782600007273586,0.0171620971913481,0.036719652113111,85825.8029900851,0.467381802487726,0.640227926333844,-0.0654131339915736,0.235442575102936,49.5983461354874,-0.277830523910023,0.782297335336552,0.256413442495068,0.334912308369136,53.3124339834059,0.76561367285568,0.447282612425904,0.211475987429679,0.115446186738446,1.8318144011876,0.0669790769250114,0.19058523169547,0.115437336370819,1.65098431484293,0.0987417777302778,0.0208907557342095,0.0915174602411579,0.228270711175334,0.819435792593197,-0.321826576486641,0.406675344003273,-0.791359941614879,0.428733978870792,0.191000308503494,0.412085046460446,0.463497305092888,0.643007946077875,-0.512826884990135,0.669824616738271,-0.76561367285568,0.443906206482441
0,"",633457.025089494,0,0.743010388700229,0.749781735791783,0.396368304809437,0.00000125282926805568,0.00205816814543172,0.0134988800521568,0.188315713519764,0.111539805260917,26.089286000866,1.68832743682178,0.103268360266668,0.0120459224663081,0.0367398802755885,85804.9255464442,0.32787048776291,0.743010388700229,-0.074181713522329,0.231315554240822,49.8664467662462,-0.320694878326681,0.749781735791783,0.28033737951001,0.327879261114683,53.4237005813174,0.855001864274532,0.396368304809437,0.214440087132312,0.120613491816585,1.7779112759492,0.0754184279757121,0.178165305904731,0.120604098185805,1.47727406103767,0.139602188181142,0.0362747812275819,0.090354907912744,0.401469959579977,0.688074150965668,-0.354519093032339,0.398506076208222,-0.889620294891315,0.373669805005494,0.206155665987681,0.404000369097386,0.510285835748793,0.609851224510213,-0.56067475902002,0.655758522229365,-0.855001864274532,0.392550115678219
0,"",633393.794175079,0,0.664539362235927,0.722660705046803,0.38886047875288,0.00000219211615013732,0.00253763865962604,0.0139190385227716,0.18675606584911,0.11138865753448,27.8361853670416,1.67661654231985,0.104814555023518,0.0159263324440202,0.0367257293989984,85787.9283071012,0.433655987359492,0.664539362235927,-0.0812909391716603,0.227764574427497,50.0701236409544,-0.356907738510218,0.722660705046803,0.280673529043074,0.323073139800017,53.4693054463204,0.868761572741117,0.38886047875288,0.209801656760772,0.120246208333333,1.74476733752123,0.0810253764965512,0.181215310517221,0.120236201723461,1.50716097081983,0.131769401639703,0.0285863462435514,0.0895403575606604,0.319256556734042,0.749531972929085,-0.361964468214734,0.392504339847801,-0.92219227016723,0.35642829433629,0.199382589871413,0.398053078432264,0.500894480345897,0.616445387327284,-0.561347058086148,0.646146279600035,-0.868761572741117,0.384977555464022
0,"",633495.952961436,0,0.626877340933243,0.736737826672747,0.353352873483233,0.00000275470458392025,0.00226697132493115,0.015961569757718,0.179826766126218,0.111268051189368,27.9551401045035,1.61615813527792,0.117291116302277,0.0178640323423486,0.0367475560599933,85787.8615880776,0.48612844656075,0.626877340933243,-0.0770037760783559,0.227792835150424,50.2935448872014,-0.338043011877464,0.736737826672747,0.299208572356611,0.319610285278292,54.0310030040044,0.936166907445057,0.353352873483233,0.202468695269488,0.120029494460733,1.68682452741418,0.0916370977245375,0.173766493598167,0.120019296318326,1.44782129981239,0.147667034219247,0.0287022016713211,0.088984856506819,0.322551530654226,0.747034906057032,-0.376212348434967,0.389675526847305,-0.965450284955633,0.33431932546637,0.222204796278255,0.39526396772202,0.562168106440015,0.574001489114476,-0.598417144713222,0.639220570556584,-0.936166907445057,0.349187258662057
0,"",633850.818170194,0,0.886813247493807,0.62732442789397,0.349358984873881,0.000000236173293366888,0.00466727165251394,0.016081685453104,0.168504439978813,0.115613696891317,25.7528521532928,1.45747817524784,0.157071670317894,0.00524132152764731,0.0368230266724565,85785.078118429,0.142338150914895,0.886813247493807,-0.111074242629711,0.22739794929455,50.8813750131293,-0.488457538752188,0.62732442789397,0.295325602894949,0.312860836895618,54.5164131640148,0.943951968630324,0.349358984873881,0.207019301785028,0.1238662182137,1.67131365412214,0.0946597408603973,0.153907820158645,0.123855886949082,1.24263629246721,0.214001889817387,0.0531114816263837,0.0879437651265005,0.603925492045818,0.54589317962582,-0.40639984552466,0.383922105801069,-1.05854765689173,0.289805835852361,0.184251360265239,0.389598867927076,0.472925810194413,0.636266110139577,-0.590651205789898,0.625721673791236,-0.943951968630325,0.345194193508858
0,"",634406.349955207,0,0.962546397143908,0.702982881475972,0.301808945710496,0.0000000257034852948524,0.00287540183422595,0.0194053145742741,0.164657290556188,0.115653056523081,24.3305400171102,1.42371758694789,0.167226922543141,-0.00173476028890709,0.0369423975650223,85790.0184555794,-0.0469585192962568,0.962546397143908,-0.0877924844960958,0.228956225969022,50.9871395724064,-0.383446591699036,0.702982881475972,0.316542731716323,0.303676388031404,54.9049485886512,1.0423686008923,0.301808945710496,0.209925940052379,0.123678809658911,1.69734767525112,0.0896309487658391,0.138293490996578,0.123668072607251,1.11826349421466,0.263454473391704,0.0716324490558014,0.0865612393718363,0.827534928746733,0.407933933083792,-0.404335216212419,0.377407643551231,-1.07134877398828,0.284012636799013,0.228750247220227,0.38320239391823,0.596943680025755,0.550544983095213,-0.633085463432646,0.607352776062808,-1.0423686008923,0.297240818170274
0,"",634609.874110262,0,0.853739248303024,0.8565489713025,0.26794685044047,0.000000396065426797139,0.00064810774499276,0.0220969302729507,0.158789514683251,0.120224931217124,23.3635983053965,1.32077026849347,0.199369726875064,-0.00681847125171149,0.0369865339030291,85806.3943223524,-0.18435010075797,0.853739248303024,-0.0425423295301358,0.234150105860301,50.900851249979,-0.181688278012214,0.8565489713025,0.331683975297087,0.296398495492566,55.4192768148632,1.11904743222762,0.26794685044047,0.205900114445086,0.127876729069192,1.61014530121173,0.107366139366842,0.120839794241963,0.127866331541842,0.945047791587109,0.34463447748835,0.0850603202031233,0.0854260705187489,0.995718516450487,0.319386930792219,-0.374226304827223,0.374788722405967,-0.998499374327132,0.31803726771371,0.289141645766952,0.38064431424441,0.75961109872587,0.447487082945606,-0.663367950594175,0.592796990985133,-1.11904743222762,0.263119904242186
0,"",635024.861749867,0,0.992850593320137,0.93120809289152,0.260080065627031,0.000000000935701681867065,0.000149510670744123,0.0227036181591262,0.152206085568689,0.124359903498796,22.4450726563895,1.22391607975285,0.233676814211819,0.000332222028805514,0.037075874950776,85809.747527243,0.00896059848207468,0.992850593320137,-0.020550764833189,0.236874629486502,50.3363541772229,-0.0867579819659837,0.93120809289152,0.331543415778596,0.291394552668369,55.7248841683935,1.13778179016243,0.260080065627031,0.189783074597152,0.131703494089448,1.44098739300157,0.14958824445915,0.119054408427495,0.131693200798819,0.90402851252259,0.365980282708156,0.0707286661696571,0.0847164486071112,0.834887053607204,0.403781304765871,-0.352094180611785,0.372557652184495,-0.945073006948799,0.344621604998455,0.310992650945407,0.378472649787419,0.821704424666051,0.41124514032504,-0.663086831557192,0.582789105336738,-1.13778179016243,0.255211610594844
0,"",635172.428508872,0,0.897856247431726,0.88736661445462,0.207551815610118,0.000000192065914067206,0.000402473541823359,0.0280460502975857,0.140271674893772,0.123954761898661,25.6805347275439,1.13163603192954,0.268244478839478,-0.00476343982681702,0.0371070288331934,85798.288099132,-0.12837028392195,0.897856247431726,0.0335155142249981,0.23543337899206,50.3319248977605,0.142356680129577,0.88736661445462,0.3606713250193,0.282885226544526,56.3347895580178,1.27497405723494,0.207551815610118,0.180259265993022,0.131079120275152,1.37519435295747,0.169071198568884,0.093066999432374,0.131068026700478,0.710066381368925,0.477662972697731,0.0871922665606482,0.083407639826953,1.04537506086429,0.295849658382325,-0.327155810794301,0.365019347237054,-0.89626978205579,0.370108693963178,0.394186839244298,0.371034676040081,1.06239892036861,0.288054623717449,-0.721342650038599,0.565770453089052,-1.27497405723494,0.202318424545852
0,"",635192.675115422,0,0.98595815024517,0.768208427506099,0.186565426013436,0.00000000361424978112279,0.00177953212581549,0.0307219087841889,0.12510621475756,0.125261881452807,30.7508682670326,0.998757270021476,0.325707066463239,0.000653085130838442,0.0371075130053302,85703.3366524135,0.017599808716489,0.98595815024517,0.0645786591506124,0.217913341587982,49.2641556809952,0.296350185261781,0.768208427506099,0.37287842998405,0.278875991645283,56.4043330761314,1.33707612399397,0.186565426013436,0.15764709227934,0.131877849608676,1.19540235715952,0.231929865168906,0.0786592509989532,0.131864931042458,0.59651379921191,0.550832038154399,0.0789878412803873,0.0828051815918841,0.953899741077664,0.340134394558487,-0.308299770833437,0.350828138605527,-0.878777204299713,0.379522088519542,0.437457089134662,0.356981376935748,1.22543392288332,0.220411772132525,-0.745756859968099,0.557751983290567,-1.33707612399397,0.181197789842685
0,"",635305.841532077,0,0.971674093492088,0.94725964208082,0.22066504848806,0.000000014728656212449,0.0000913448254136014,0.0265041656128231,0.108185980595149,0.125208503347204,32.3217240291219,0.864046591908762,0.393929465393719,0.00131839720995769,0.0371287212897994,85607.0307764151,0.0355088234703063,0.971674093492088,-0.013678567480994,0.205715900645917,48.3973841896183,-0.0664925143756285,0.94725964208082,0.338903954314268,0.273639879383118,56.3396899518313,1.23850352177569,0.22066504848806,0.144829373070599,0.131481720869845,1.10151716993396,0.270671635891696,0.0744880710623428,0.13146721187676,0.566590482896752,0.570992442439257,0.0703413020082558,0.0820369439693788,0.857434450928736,0.391204826526274,-0.352582521795262,0.339188046989547,-1.03948981965785,0.298576990275238,0.325225386833274,0.345466495501595,0.941409343794883,0.346495127101335,-0.677807908628537,0.547279758766237,-1.23850352177569,0.215529417042739
0,"",635618.791441668,0,0.893961256804072,0.731795699863727,0.226527919081408,0.000000207750652862252,0.00244878812890899,0.0257772737438232,0.101414599161744,0.121081238743754,32.7787611552664,0.837574839949968,0.408335267614113,-0.00495773294733272,0.0371939942434873,85522.0558598427,-0.133293910701748,0.893961256804072,-0.0680893077331396,0.19751878166661,48.4088795186734,-0.344723206363569,0.731795699863727,0.322832122728016,0.26403731676398,56.4994389219714,1.22267612277166,0.226527919081408,0.148461988315298,0.127184062186531,1.16730025573142,0.243089135430308,0.0690292639683768,0.127167518179653,0.542821507854367,0.587252703193362,0.0794327243469208,0.0806586388287221,0.984801200471477,0.324721730857848,-0.390921430461156,0.326499255992368,-1.19731185687692,0.231185024664222,0.254742814994876,0.332951923476046,0.765103899491975,0.444209678027203,-0.645664245456032,0.52807463352796,-1.22267612277166,0.221452048854648
0,"",635652.334864665,0,0.549295318327856,0.511102526003543,0.38775470513098,0.00000419190866557113,0.0089434771457941,0.0132894554854753,0.082680204872233,0.11931194191416,35.6284383428807,0.692975099941946,0.492817960785857,-0.0222771829713625,0.0372018771710936,85541.5672027004,-0.598818787259268,0.549295318327856,-0.13185625995824,0.199179569069065,48.56282604267,-0.661996913511341,0.511102526003543,0.231423016361329,0.265866461046659,56.2559642266008,0.87044832751851,0.38775470513098,0.144070873714907,0.125574792933314,1.14729135003563,0.251261227792882,0.0496828868045906,0.125558301454973,0.395695754313843,0.692329487977421,0.0943879869103168,0.0809409039518764,1.16613457846277,0.243560038109003,-0.363279276319569,0.328973277792625,-1.10428202180169,0.269470819062199,0.0995667564030892,0.335397576297746,0.296861884042656,0.766571957169576,-0.462846032722658,0.531732922093318,-0.87044832751851,0.384055445995781
0,"",635776.748448739,0,0.22647943741595,0.314316147368078,0.548711091977069,0.000017075478183392,0.0203621796942676,0.00642834437528342,0.0631389987625459,0.119026128107435,36.4622955720703,0.530463350916998,0.599006817429314,-0.0450324887312686,0.0372327421096564,85668.5789858578,-1.20948622582352,0.22647943741595,-0.217352642483263,0.213825796428244,49.7108203424387,-1.01649401575456,0.314316147368078,0.161716062233429,0.268037293361959,56.2620985439336,0.603334186094197,0.548711091977069,0.148984986618797,0.125627960497163,1.18592219462292,0.23565302731002,0.0240967790539884,0.125613105784578,0.191833319489078,0.847872770467962,0.124888207564808,0.0812789437278494,1.53653826977597,0.124406419255208,-0.379068704716692,0.339697505966566,-1.11590075893581,0.264464616922662,-0.0556365802498336,0.346029663673579,-0.160785580227935,0.872262282775908,-0.323432124466858,0.536074586723918,-0.603334186094197,0.546286395089345
0,"",635974.465489358,0,0.104757736786529,0.391838286750351,0.671611840938674,0.0000306958893294459,0.0148548372532794,0.00318504676442905,0.0799059935416258,0.114636181193912,34.8527236363858,0.697039911042237,0.490401418610983,-0.0604739457989027,0.0372782755533475,85729.7253869042,-1.62223023734992,0.104757736786529,-0.194100972680804,0.224693085718256,49.4889611775624,-0.863849335017763,0.391838286750351,0.112620028340343,0.264276312788075,56.8346929236139,0.426144996319267,0.671611840938674,0.173403919297265,0.12160622027562,1.42594613091539,0.153883892136865,0.0282049229739494,0.121591701926639,0.231964209128074,0.81656581262505,0.145198996323316,0.0807426615816137,1.79829341117955,0.0721305233223792,-0.306721001021147,0.34371000348308,-0.892383107599156,0.372187622268131,-0.0814809443404607,0.350030481596338,-0.232782425030132,0.81593036086287,-0.225240056680687,0.528552625576149,-0.426144996319266,0.670002194279682
0,"",636057.136852622,0,0.293412909296201,0.524520294514848,0.509613223824099,0.0000128728641389659,0.0081970119757254,0.00759898238869968,0.091146891460807,0.113159773452272,32.5932436262774,0.805470784185078,0.426385526245452,-0.039187047885691,0.0372971810089114,85753.5883960286,-1.05067050178211,0.293412909296201,-0.147926896991517,0.230804705504033,49.7021092902111,-0.640918029242396,0.524520294514848,0.170368374567882,0.256742752551236,57.5060234182664,0.663576178392351,0.509613223824099,0.16460409572088,0.120160713395254,1.36986616565295,0.17072868312236,0.0495436187218645,0.120146046219781,0.412361623879287,0.680074386930342,0.115060476999015,0.0796265303811984,1.44500176572033,0.148457389670642,-0.318295271559399,0.342040335509481,-0.930578176065951,0.352071807903353,0.0224414775763657,0.348401657609918,0.0644126601759509,0.948641649598977,-0.340736749135764,0.513485505102472,-0.663576178392351,0.506961608031191
0,"",636266.490038313,0,0.732745694304447,0.599174405179966,0.303649504102347,0.00000135971272902323,0.00567924211497284,0.0181285860818299,0.0923116035300693,0.114269072343928,30.1517701581323,0.807844166724563,0.42550806648392,-0.0127516953258564,0.0373428144105495,85757.8745973152,-0.341476547152108,0.732745694304447,-0.123606335894844,0.233647927062636,48.99973407292,-0.529028172639033,0.599174405179966,0.262571617078439,0.253009734629387,58.3326596755427,1.03779254763877,0.303649504102347,0.146642235206111,0.12118073984921,1.21011173383315,0.226236021245159,0.0645978200354509,0.121166093680345,0.533134460915032,0.593940505655725,0.0820444151706599,0.0791215883916632,1.03694095174794,0.299763377066808,-0.386177952973283,0.341181405236023,-1.13188452549497,0.257682985269165,0.138965281183595,0.347571299155974,0.39981805609684,0.689290530668643,-0.525143234156878,0.506019469258773,-1.03779254763877,0.299366647097681
0,"",636388.896731917,0,0.929297900828857,0.74001541630607,0.170774723016973,0.0000000918224008673976,0.00224430226553752,0.0315773570505621,0.104317663979857,0.112343338540812,33.3774418390884,0.928561188716689,0.359783445211518,0.00331566054151462,0.0373686141473487,85738.8105303516,0.08872848557992,0.929297900828857,-0.0769713284096363,0.230660333557887,49.5056766630511,-0.333699892054996,0.74001541630607,0.344110616640834,0.248163209692212,58.9671999724457,1.38663026267117,0.170774723016973,0.146338976345952,0.119185919374134,1.22782101371037,0.219514165458187,0.0788710210898058,0.119170256065816,0.661834787417477,0.508077108887653,0.067467955256146,0.0784443955567271,0.860073620012236,0.38974846175086,-0.42108194505047,0.33555552110456,-1.25488009753015,0.209522289952361,0.267139288231197,0.342024602184989,0.781052843931708,0.434771415147323,-0.688221233281667,0.496326419384424,-1.38663026267117,0.165554535430937
0,"",636186.062635836,0,0.864993245321795,0.904881042280466,0.118726247011634,0.000000337388780170951,0.000287844723542544,0.0406909603839108,0.117253664509902,0.113815767238479,37.6981668222365,1.03020580851702,0.309478029840521,0.00634558205708001,0.0373221258257139,85679.9887924805,0.170021988745027,0.864993245321795,-0.0265027336101486,0.220664671542433,50.0993886397327,-0.120104108305584,0.904881042280466,0.387403002316506,0.244704414992413,59.0884980440774,1.58314676230307,0.118726247011634,0.155472408604972,0.120279292348131,1.29259497266561,0.196151179287693,0.08474190324696,0.120262548614365,0.70464083975714,0.481033776389217,0.070730505358012,0.0779031207974307,0.90792903588459,0.363915715740318,-0.413905735926654,0.326202308919169,-1.26886206691203,0.204490263600345,0.360900268706357,0.332773721353146,1.0845215398585,0.278133621842075,-0.774806004633012,0.489408829984826,-1.58314676230307,0.113388017383497
0,"",636191.375235633,0,0.67001858607285,0.868773818414615,0.117263334932585,0.00000211952977303695,0.000552030953575832,0.0418080917183913,0.130448140764384,0.116198982504195,37.6183725233294,1.12262722059269,0.268710023808549,0.0159041800903177,0.0373228948603601,85670.5361488681,0.426123968942431,0.67001858607285,-0.0363157695201542,0.218679691569039,49.9310106333805,-0.166068322392384,0.868773818414615,0.396222990038024,0.249187690518707,57.9453146882587,1.59005843833317,0.117263334932585,0.161114463765167,0.122599900946185,1.31414840078777,0.188796268848521,0.107601896863201,0.12258362764082,0.877783590957865,0.380061170980715,0.0535125669019667,0.0785588983448519,0.681177664521991,0.495759079103954,-0.432538759558178,0.32824952982951,-1.3177132646095,0.187599652444157,0.35990722051787,0.334787800536786,1.07503087012373,0.282360907617366,-0.792445980076048,0.498375381037413,-1.59005843833317,0.111821633158954
0,"",636275.037198916,0,0.867638036680745,0.772977891159692,0.204830472353278,0.000000324254612993346,0.00168550079306457,0.0279232946618099,0.11515068829695,0.114956673031766,36.1848576794317,1.00168772512345,0.323146244227466,0.00622322415093874,0.0373408563826755,85659.5987699229,0.166659920360746,0.867638036680745,-0.0625325653942008,0.215588764638821,49.8308920201631,-0.290054843530286,0.772977891159692,0.325602105329848,0.253878254100233,57.2607825882112,1.28251277953604,0.204830472353278,0.150717076020751,0.12147300589668,1.24074542247637,0.214699808747506,0.0930497899224021,0.121456677920567,0.766115058599385,0.443607843656679,0.0576672860983491,0.0792731795034656,0.727450147194211,0.466950244221281,-0.388134670724048,0.329792976508704,-1.1769039924166,0.23923382839403,0.263069539935647,0.336306347446015,0.782231860722983,0.434078323398752,-0.651204210659695,0.507756508200466,-1.28251277953604,0.19966282486412
0,"",636384.919220422,0,0.841131029068182,0.668803483684104,0.24940504747577,0.000000469030137710675,0.00367176967470815,0.0229550044795343,0.129495245918066,0.117216063697274,32.4975713306398,1.10475682115127,0.277377630726001,-0.00748963523563589,0.0373645585590155,85664.4576168272,-0.200447577182168,0.841131029068182,-0.0928454076384524,0.215759311223585,50.2468413328874,-0.430319354988296,0.668803483684104,0.293938634062874,0.252623984841275,57.6237295441701,1.16354206924396,0.24940504747577,0.178629073752856,0.123588756548393,1.445350521695,0.14835945368335,0.10035434240681,0.123572620617638,0.812108231623002,0.416729530232446,0.0782747313460467,0.0791148315628773,0.989381255066404,0.322476642232217,-0.386784041701326,0.328938567334144,-1.17585494712884,0.239652844817629,0.201093226424421,0.335471809715336,0.599434052581224,0.548883474733416,-0.587877268125747,0.505247969682551,-1.16354206924396,0.244609639856367
0,"",636234.941210065,0,0.19820721622476,0.715020655734772,0.287733661759817,0.0000193252147079971,0.0027008123974649,0.0195019604769428,0.149652031328209,0.120182616707834,28.2943207729811,1.24520530029743,0.223270635391258,-0.0480343843587356,0.0373318608501249,85666.7833814179,-1.28668604416956,0.19820721622476,-0.0795180912779916,0.21654831936695,49.7912816668845,-0.367207150396975,0.715020655734772,0.266748552265733,0.248605612294803,57.8829614179729,1.07297880286554,0.287733661759817,0.234968188561982,0.126328022865585,1.8599846909026,0.0628876919354896,0.0814589523565691,0.126312110535981,0.644902155548774,0.518990594765286,0.153509236205413,0.0784875499836456,1.95584186584242,0.0504837853314661,-0.346266643543724,0.326395804279614,-1.06087957934376,0.288744630684499,0.187230460987741,0.332958900044604,0.562323040359213,0.573895943069546,-0.533497104531466,0.497211224589607,-1.07297880286554,0.283280626869296
0,"",636359.315360286,0,0.105895708705044,0.756669578739829,0.304038048853045,0.0000305348855319386,0.00197631981841774,0.0178529016256493,0.157779292616435,0.123781158788543,27.1293055961635,1.2746632376093,0.213238292725675,-0.0604034147753099,0.0373567057422685,85620.2086469044,-1.6169363324498,0.105895708705044,-0.0673317480850562,0.216087490312194,49.0302546549176,-0.311594845160995,0.756669578739829,0.237643584313955,0.22920304985905,59.1397017219042,1.03682557653615,0.304038048853045,0.251018735022438,0.129341460357835,1.94074455575166,0.0522892690965079,0.0790387745867236,0.129324125938651,0.611168055558465,0.541088329035262,0.171979960435714,0.0757512495003135,2.27032506486909,0.0231878673597617,-0.304975332399011,0.311592852619744,-0.97876228493338,0.327697448834273,0.170311836228899,0.318379611885742,0.534933236522755,0.592696024512383,-0.47528716862791,0.4584060997181,-1.03682557653615,0.299817153467609
0,"",636459.459857376,0,0.140287712779944,0.785079483171392,0.502396585122309,0.0000253798166409567,0.00149673359648186,0.00763525453750431,0.172877472089666,0.126536834531558,26.3404888389662,1.36622251322835,0.183420483428563,-0.0551260730122803,0.0373803468926894,85689.5682478678,-1.47473412086129,0.140287712779944,-0.0627310450725776,0.228802648126089,50.1473438869767,-0.274170974795745,0.785079483171392,0.152211680739501,0.225547840958088,59.1924644631367,0.674853193419771,0.502396585122309,0.251145958713771,0.13215306755405,1.90041717049855,0.0573783953600161,0.108117214561351,0.132136654915845,0.818222730325726,0.413230018227894,0.14302874415242,0.0752545015987111,1.90060051045332,0.0573543586119079,-0.214942725812078,0.31791097338437,-0.676109803709738,0.498970932682203,0.089480635666923,0.324619120974927,0.275648074574863,0.782818381379087,-0.304423361479001,0.451095681916177,-0.674853193419771,0.499769040830782
0,"",636826.806282459,0,0.141721117470156,0.858887099896639,0.591693051471982,0.0000251804830427572,0.000644041788447953,0.00500436404145732,0.189084154400772,0.127078076282317,26.3248551616953,1.48793686474056,0.148649465418627,-0.0550487593294149,0.0374627798298732,85747.2257921553,-1.46942537578374,0.141721117470156,-0.0423153979311768,0.236770858237978,49.5617372130048,-0.178718775807476,0.858887099896639,0.128208100314321,0.237694137146972,57.8450594829202,0.539382678315901,0.591693051471982,0.262492806171408,0.133074869864069,1.97251972847717,0.048550306435285,0.124787515491911,0.133060147063172,0.937827878941587,0.348332871429488,0.137705290679497,0.0770388882100141,1.78747764770569,0.0738603216548924,-0.170523498245497,0.332210351508822,-0.513299773685617,0.607741642267008,0.0858927023831437,0.338753843727224,0.253554915977004,0.799839430348963,-0.256416200628641,0.475388274293943,-0.539382678315901,0.589622830629828
0,"",637233.095205292,0,0.182850886497218,0.724619855124388,0.514660758782005,0.0000206855373830679,0.00255512025990098,0.00749095308168315,0.179971546136482,0.12606843557201,25.6486043814139,1.42757023453093,0.165478536797617,-0.0500219360892506,0.0375529043190854,85774.4893275374,-1.33203907916726,0.182850886497218,-0.0848464011248914,0.239463291342097,49.0079477622076,-0.354319030066617,0.724619855124388,0.164154333739206,0.250352100459386,56.9638879808744,0.655693854527243,0.514660758782005,0.256802847251239,0.132437407213374,1.93905070066417,0.052495164831678,0.121410698240261,0.132423788404006,0.916834503101921,0.359229369483032,0.135392149010979,0.0789622390898071,1.7146442473217,0.0864104711166542,-0.249000734864098,0.343208188626535,-0.725509306350059,0.46813963768226,0.079307932614315,0.349636702119966,0.226829540873267,0.820556292049079,-0.328308667478413,0.500704200918772,-0.655693854527243,0.512021123768634
0,"",637403.199059527,0,0.443700973073831,0.512495430912058,0.430665056415633,0.00000683685077280504,0.00878784161924055,0.0110430924923133,0.169206298664087,0.126296349382185,25.392708813336,1.33975605385119,0.192192254153872,-0.0287939933706051,0.0375919306880631,85813.4708907365,-0.765962078658236,0.443700973073831,-0.162720196177643,0.246637982473527,49.0961457337454,-0.659753191887663,0.512495430912058,0.210221829247134,0.264845513564771,56.4231124326404,0.793752653830485,0.430665056415633,0.238154144987864,0.133127060481388,1.78892363526016,0.0736271147956669,0.135297908257816,0.13311506954308,1.01639813375171,0.309439833982386,0.102856236730048,0.0811476302232076,1.26751990720034,0.204969450076092,-0.372942025424777,0.358765015820291,-1.03951614282143,0.29856475436954,0.0475016330694913,0.365013074192507,0.130136799002545,0.896458196271612,-0.420443658494269,0.529691027129541,-0.793752653830485,0.427339440620799
0,"",637631.767886636,0,0.942656720003167,0.381114534521591,0.461969198295125,0.0000000602749426937565,0.0156321999499414,0.00972990296431889,0.183266353719371,0.126253031662203,25.1946601505387,1.45157982589844,0.15895776483845,0.00270773827163242,0.0376433754333108,85841.9186969242,0.0719313356059014,0.942656720003167,-0.224772292883969,0.254330489635746,49.1842433253042,-0.883780364697484,0.381114534521591,0.204308656927226,0.275825955083552,55.8403886439218,0.740715850563586,0.461969198295125,0.226756823719123,0.133508729914396,1.69844192109772,0.0894243856422638,0.188177366958898,0.133497988539549,1.40958953028082,0.158660920254405,0.0385794567602252,0.0828661989089138,0.465563248564491,0.641528154387839,-0.429080949811196,0.372119342846901,-1.15307349123136,0.248880221143938,-0.0204636359567431,0.378226262429533,-0.0541042174736758,0.956852132113284,-0.408617313854453,0.551651910167103,-0.740715850563586,0.458865746614197
0,"",637794.929554774,0,0.904012332363825,0.410385349558567,0.617130949858603,0.000000169405542441303,0.0139341801733381,0.00455098510810846,0.193046675409654,0.127608099650279,23.7013907114361,1.51280895130259,0.14354923514717,0.00454394562928242,0.0376794737059284,85847.7481059336,0.12059472127307,0.904012332363825,-0.212138636967867,0.255480862803562,48.7918497608723,-0.830350401356595,0.410385349558567,0.142623852162363,0.283682624183732,55.2882011302409,0.502758505469795,0.617130949858603,0.226699231785238,0.135004639560624,1.67919585966109,0.0931138786356034,0.205075126020568,0.134994573156247,1.51913607507176,0.128728247861508,0.0216241057646694,0.0841194559549084,0.257064260808592,0.797129166376169,-0.354762489130229,0.378735871422439,-0.936701579910634,0.348912083335656,-0.0695147848055037,0.384774927383695,-0.180663499251821,0.856631710649275,-0.285247704324725,0.567365248367464,-0.502758505469795,0.615134070532504
0,"",637943.592635656,0,0.971545246641092,0.347182484730325,0.748601416657519,0.0000000148212029702118,0.0181122645621787,0.00188462326583897,0.191607808666311,0.127034005222821,24.8906957702922,1.50831903890794,0.144062258032177,-0.00134520799465462,0.0377121523650242,85848.5132840296,-0.0356704115329736,0.971545246641092,-0.242752563864837,0.255739362099583,48.8451646597028,-0.949218618017474,0.347182484730325,0.092906951876367,0.288443880481149,54.9452258144274,0.322097150133295,0.748601416657519,0.229092743263388,0.134585795278812,1.7022059630349,0.0887167653410962,0.206396150283315,0.134575916731072,1.53367820407097,0.125108838427607,0.022696592980073,0.0848983471602418,0.267338455214378,0.789208580880179,-0.335659515741204,0.382476400464136,-0.877595363619506,0.380163346255276,-0.14984561198847,0.388480102600182,-0.385722746121412,0.699702015092453,-0.185813903752734,0.576887760962298,-0.322097150133295,0.74737909719898
0,"",637817.53807124,0,0.794623442826236,0.272573933453852,0.695152056477479,0.000000789433143632653,0.0243274193726579,0.00280924453853772,0.185629506242059,0.125774566097289,25.5289067054419,1.47589065104364,0.152202104999347,-0.00980960123931098,0.0376839586914751,85836.8892770661,-0.260312387019205,0.794623442826236,-0.278863719491742,0.251333569450623,49.3731790316125,-1.10953630309431,0.272573933453852,0.112140319283246,0.284669203182229,55.0847399582006,0.393932037711364,0.695152056477479,0.237537657944232,0.133207405993807,1.78321660250088,0.0745510508790096,0.193770649192008,0.133196928670525,1.45476814762987,0.14573345908697,0.0437670087522239,0.0842821764569217,0.51929139222685,0.60355755506375,-0.391004038774987,0.376702130585689,-1.03796609317569,0.299285841040227,-0.166723400208496,0.382760684447338,-0.435581309635354,0.663140533812973,-0.224280638566491,0.569338406364457,-0.393932037711364,0.693631216247659
0,"",637694.967310369,0,0.373122415917712,0.294273122687335,0.618660783693444,0.00000924825731017371,0.0221657032223034,0.00448632447432413,0.185267377024159,0.122081724512727,25.7268079302669,1.51756847934143,0.141316734425033,-0.0335367900112074,0.0376545187155179,85771.8663555853,-0.890644500453712,0.373122415917712,-0.247579983070118,0.233561474569072,49.5692550831173,-1.06002063708029,0.294273122687335,0.137754168013,0.27520337633152,55.5979182129726,0.500554062414759,0.618660783693444,0.260292253079848,0.129111294425468,2.01603007884107,0.0437968306064918,0.163555292537203,0.129098591098926,1.26690222677855,0.205190252417757,0.096736960542646,0.0828063234159749,1.16823156193871,0.242713372599113,-0.385334151083118,0.357812636227135,-1.07691599476804,0.281517796737838,-0.109825815057118,0.364068453522799,-0.301662541740219,0.762909326080608,-0.275508336026,0.55040675266304,-0.500554062414759,0.616684999176156
0,"",637576.412227045,0,0.203287287390281,0.411933441131512,0.498169779596462,0.0000188809897936898,0.0136382092234787,0.00815259503249358,0.196103066660899,0.123615991742339,27.4649509258601,1.586389138629,0.124098831221245,-0.0478703408969995,0.0376264814271276,85726.0606337584,-1.27225132622915,0.203287287390281,-0.187959567415909,0.227146262603342,49.5218174045438,-0.827482544778369,0.411933441131512,0.177587576915414,0.26048167468124,56.5483326136994,0.681766105553239,0.498169779596462,0.283331069822464,0.130086274576838,2.17802432073731,0.0294042261322262,0.149349455317009,0.130072081092597,1.14820531863935,0.250883814158523,0.133981614505455,0.0805564432151161,1.66320171494754,0.0962720644829939,-0.365547144331323,0.342373030173316,-1.06768673965433,0.285661841930937,-0.0103719905004941,0.348816517855391,-0.0297348031689086,0.976278555270757,-0.355175153830829,0.520963349362479,-0.681766105553239,0.495386859730342
0,"",637404.805865547,0,0.471593315664173,0.544831922568049,0.45616343900616,0.00000604910758263345,0.00760074616496599,0.00987336270967304,0.213796645969238,0.131727631153537,28.4486738795839,1.62302050144699,0.11561609050792,-0.027058237583675,0.0375865114523034,85672.4206354259,-0.719892230967256,0.471593315664173,-0.134451872943777,0.220481986566865,48.5531807717004,-0.609808878436435,0.544831922568049,0.19319065197432,0.25746958339672,56.460667533992,0.750343591757958,0.45616343900616,0.276131438271525,0.137628328273,2.00635611677118,0.0448182667652332,0.18041413239882,0.137614071482989,1.31101514877512,0.189852645640432,0.0957173058727048,0.0800734163877404,1.19536932718359,0.231942764178107,-0.327642524918097,0.335702220053097,-0.975991534599546,0.329068659412396,0.058738779030543,0.342213098816111,0.171643865280874,0.86371751968418,-0.38638130394864,0.51493916679344,-0.750343591757958,0.453047794739267
0,"",637593.935968005,0,0.97241918799614,0.634421089313894,0.520110970057768,0.0000000139750920928429,0.00485378652739574,0.00742150582532733,0.232418955347894,0.136249870663355,31.9980770467858,1.70582881448858,0.0977303697298247,-0.00130081095834983,0.0376235188409285,85537.1677016874,-0.0345744097953633,0.97241918799614,-0.0979871092817446,0.20472327142105,46.9688242452574,-0.478632002124549,0.634421089313894,0.172265722205062,0.266148734761512,56.0301461338392,0.647253583074231,0.520110970057768,0.262817298136665,0.141883089240587,1.85235111205546,0.0639754206022118,0.223120728444019,0.141868207880559,1.57273240972965,0.115780792003887,0.0396965696926462,0.0814390169007858,0.487439205473307,0.625947115782071,-0.270252831486807,0.332504382353552,-0.812779758191118,0.41634434297499,0.0742786129233174,0.339019718406857,0.2190982084239,0.826573546340102,-0.344531444410124,0.532297469523024,-0.647253583074231,0.517467837308109
0,"",638178.720750374,0,0.761639388088283,0.490995243566359,0.561880514225445,0.00000107741663204445,0.0102499031559829,0.0060854661433827,0.214453583469083,0.135872833187813,37.0349214802306,1.57834041167487,0.122991903194848,0.0114500286686832,0.0377478050829819,85397.5865472653,0.303329654360361,0.761639388088283,-0.133970811338934,0.192980231715928,46.5372288475929,-0.694220388004003,0.490995243566359,0.161091774450988,0.276053592685867,55.6179675273281,0.58355253733032,0.561880514225445,0.234772298664266,0.141562111672478,1.65844021320791,0.0972286455700108,0.222983557302141,0.141546218778098,1.57534096796829,0.115177762414349,0.0117887413621254,0.0831057586085825,0.141852280269155,0.887196687874753,-0.295062585789922,0.333566366362779,-0.884569355739598,0.376388940516495,0.0271209631120538,0.340040278448521,0.0797580899409824,0.936429657468116,-0.322183548901976,0.552107185371733,-0.583552537330319,0.559521400583557
0,"",638812.68687418,0,0.486059520804132,0.375128353353852,0.621323940915061,0.00000568858709963839,0.0173423455976017,0.00445302578449462,0.192441556790949,0.132030502306402,40.3068155981134,1.45755377302399,0.152711314461296,0.0263907180657558,0.0378854269263668,85300.4181961877,0.696592864508248,0.486059520804132,-0.167841505960512,0.187384588705351,45.4595780536944,-0.895706029616079,0.375128353353852,0.140994764359949,0.283822189439577,55.1721396904017,0.496771463282525,0.621323940915061,0.199302565105262,0.137982291443989,1.44440683670024,0.14862456873989,0.221722804861396,0.137965439617386,1.60708946730638,0.10803474347547,-0.0224202397561337,0.0844664251770943,-0.265433747304055,0.790675341630808,-0.308836270320461,0.336872796959482,-0.916774144745225,0.359261003814561,-0.0268467416005636,0.343296893772421,-0.0782026930262902,0.937666819855209,-0.281989528719897,0.567644378879153,-0.496771463282525,0.619350221021991
0,"",639145.158064247,0,0.407122642941499,0.358983179332321,0.68348285203342,0.0000080426939679865,0.0185195763185009,0.00305505179899632,0.194994908706051,0.126490131178655,39.6123924328502,1.54158199449283,0.131126778833058,0.0314704669109835,0.0379632508634014,85442.6179344996,0.828971866087545,0.407122642941499,-0.182790729829271,0.197254173576448,45.5099676351887,-0.926676107861556,0.358983179332321,0.120507731215205,0.293999187943125,54.8264539189024,0.409891374388823,0.68348285203342,0.196179924351188,0.13310720952526,1.4738489752049,0.140522258533412,0.233171249981778,0.133091382441428,1.75196354342772,0.0797800768781904,-0.0369913256305906,0.0861209619225143,-0.42952754828578,0.667539350317893,-0.303298461044476,0.35088095287763,-0.864391351417276,0.387372942263812,-0.0622829986140657,0.357172255244966,-0.174378042245608,0.86156836968716,-0.241015462430411,0.587998375886249,-0.409891374388823,0.681885633083434
0,"",639280.154265983,0,0.725879721093094,0.680372511268926,0.611911500244351,0.00000143646629953506,0.00372818358974029,0.00472875371170378,0.199096719032861,0.12224587050476,38.1806449804887,1.62865803327981,0.111610229262533,0.0133223550950823,0.0379973445995873,85577.4713777016,0.350612792432528,0.725879721093094,-0.0870060038102941,0.209860680518276,45.9321574078632,-0.414589353257706,0.680372511268926,0.147807884663805,0.289666001256287,54.8018118551391,0.510270049031505,0.611911500244351,0.211056262212483,0.129191377119041,1.63367143317939,0.102327859760529,0.205872668476053,0.129176353491467,1.5937333955603,0.110995761010034,0.00518359373642965,0.0854524039210939,0.0606605958238009,0.951629513837196,-0.234813888474099,0.354527350766233,-0.662329402700808,0.507760137171525,0.0608018808535111,0.360840896492454,0.168500525978442,0.866189529915958,-0.29561576932761,0.579332002512573,-0.510270049031505,0.609862282859858
0,"",639208.723820727,0,0.926812772504038,0.906327845466121,0.517232842053246,0.0000000984400549000401,0.000297199085223671,0.00769472868384395,0.210251304977574,0.122482876941516,35.8464031927926,1.71657712676006,0.0946874087308312,0.00348921142816542,0.0379857228612573,85712.0518555719,0.0918558649235069,0.926812772504038,-0.0269608884316505,0.227889474498471,47.0807426907986,-0.118306861214125,0.906327845466121,0.185518271732076,0.284609415626904,54.7932220868902,0.651834625089398,0.517232842053246,0.22963926043107,0.129628701705107,1.7715155471778,0.0764750096405553,0.196668989413217,0.129615320666332,1.51732826337329,0.129183825774607,0.032970271017853,0.0846232749863223,0.389612326197278,0.696823236067515,-0.212479160163726,0.361449092321021,-0.587853627738573,0.556630544547841,0.158557383300425,0.367731991757128,0.431176473232021,0.666340059189035,-0.371036543464151,0.569218831253808,-0.651834625089398,0.51450786220625
0,"",639248.591538487,0,0.577220936722162,0.850529684946982,0.378903025416819,0.00000362298073428097,0.000757407979740053,0.0141026234411107,0.235563047934308,0.125663868250472,32.4354934695309,1.87454875624858,0.0698848692715982,0.0211811888648952,0.0379965187785823,85771.9828536803,0.557450775644073,0.577220936722162,0.0455187112028073,0.240235133470244,47.3639519579557,0.189475663052612,0.850529684946982,0.251308030022579,0.283301196140614,55.010769042027,0.887070133999168,0.378903025416819,0.236538745351699,0.13285334891242,1.78045000211196,0.0750023448427155,0.224785550174498,0.132841261329157,1.69213652388861,0.0906199459405313,0.0117531951772009,0.0844158914328686,0.139229651878374,0.889268677883479,-0.205789318819771,0.368319620324972,-0.558724834257272,0.576349527900629,0.296826741225386,0.374547235285491,0.792494813101839,0.428072214975953,-0.502616060045157,0.566602392281227,-0.887070133999168,0.375041142356546
0,"",639163.636994807,0,0.84183221283204,0.529246130950587,0.313141697792223,0.000000464497594254574,0.00844223135915262,0.0180827956352098,0.286626174520819,0.132594833688018,30.2019537344516,2.16166924870708,0.0386929126157821,0.00757801954623377,0.0379753490719661,85728.3020855218,0.199551017473806,0.84183221283204,0.14745779606609,0.232642086901574,47.1867079040782,0.633839723628669,0.529246130950587,0.275248323258328,0.270440659750964,56.2489844613529,1.01777714753318,0.313141697792223,0.292807081799313,0.138986630008477,2.1067284082034,0.0351411282682053,0.248692349864389,0.138973676405756,1.78949248732754,0.0735355363122369,0.0441147319349243,0.0824320804371991,0.535164607043166,0.59253603786124,-0.127790527192238,0.353521048867341,-0.361479260150621,0.717741206348426,0.422706119324418,0.359922005574329,1.17443810819487,0.240219588739496,-0.550496646516656,0.540881319501928,-1.01777714753318,0.308783874588627
0,"",639406.925877968,0,0.778081308300874,0.551426636878123,0.238267920323706,0.000000927379057417485,0.0076301801158069,0.024318014364901,0.325601213262521,0.135239087824874,29.867192775455,2.4075969344318,0.0224442189819885,-0.0107164747845442,0.0380257959035357,85642.5480762587,-0.281821182960376,0.778081308300874,0.131650460012296,0.219432380189545,46.8146835528628,0.599959130455482,0.551426636878123,0.315862653306612,0.265023573353873,56.9911897737053,1.19182852041941,0.238267920323706,0.356151412372706,0.141158175910896,2.52306612829512,0.0116336521683471,0.266701979438267,0.141143882383923,1.88957519754782,0.058814796899101,0.0894494329344388,0.0816918129844056,1.09496202454846,0.273533273943426,-0.184212193294316,0.340779966118392,-0.540560512968411,0.58881054102252,0.447513113318907,0.34734009631794,1.28840038355167,0.197606625305441,-0.631725306613223,0.530047146707745,-1.19182852041941,0.23332849029505
0,"",639790.914427149,0,0.848986769713608,0.640298761203123,0.20945846035079,0.000000423718467677417,0.00477809052180337,0.0272599793585071,0.300960306648328,0.13186408375892,30.4021342436923,2.28235238943878,0.0296287887498901,0.00725636557530812,0.0381087677854289,85567.9088648459,0.190411970708815,0.848986769713608,0.0996293684194053,0.211804008667923,46.086312308547,0.470384715785098,0.640298761203123,0.327813528194191,0.258268801956781,57.4885175377312,1.26927265589379,0.20945846035079,0.318272030945443,0.137651880384661,2.31215171239251,0.0207693242375398,0.262194829560689,0.137635957747598,1.9049878669171,0.0567816482917748,0.0560772013847548,0.0807946946091752,0.694070342811674,0.487638096259562,-0.228184159774785,0.330639031738966,-0.690130740386793,0.490111973224293,0.427442896613596,0.337350344589573,1.26705931524579,0.205134081584376,-0.655627056388381,0.516537603913562,-1.26927265589379,0.204343835381081
0,"",639991.594034987,0,0.761844530560994,0.758650668754182,0.292883275374249,0.00000107631724312439,0.00216986960343615,0.0190943451309971,0.27869294936114,0.128198555408292,30.1567175081417,2.17391645696433,0.037689971462047,0.0115610236509898,0.0381475825846064,85333.1485468881,0.303060452791443,0.761844530560994,0.0597902738656841,0.193387733336304,43.9568149737218,0.309173042334117,0.758650668754182,0.268543477743727,0.252990958764069,57.8817543856525,1.06147460389745,0.292883275374249,0.289607927020207,0.133721601243811,2.16575276040984,0.0303300849420426,0.25490299542608,0.133702852263529,1.90648883782722,0.0565868125192235,0.0347049315941267,0.0801032478561065,0.433252490042213,0.664831349334086,-0.208753203878043,0.314971658698564,-0.662768214577127,0.507479013699675,0.328333751609411,0.321868506473231,1.02008660370976,0.307687389546081,-0.537086955487455,0.505981917528139,-1.06147460389745,0.288474268384671
0,"",640195.559629457,0,0.414773388731311,0.722737920055227,0.357171961778077,0.00000779047396498887,0.00280043547948961,0.0145938096641946,0.301598523806838,0.128484097901778,31.1733686829684,2.34736071414378,0.0254319988436114,0.031147417884295,0.0381930266157108,85370.6688860031,0.815526305304184,0.414773388731311,0.0696875531500288,0.195196989030337,45.3858749659106,0.357011414449626,0.722737920055227,0.231334798358264,0.249246324106492,58.1662434299366,0.928137252124227,0.357171961778077,0.287855311594949,0.133946900785676,2.14902554599257,0.0316323749630204,0.300335522875193,0.133928014175564,2.24251456817308,0.0249281348349352,-0.0124802112802439,0.0796089307149051,-0.156768985190091,0.875426916802646,-0.161647245208235,0.313089476369891,-0.5162972805169,0.605646795313783,0.301022351508292,0.320040886451471,0.9405746710864,0.346922867021246,-0.462669596716527,0.498492648212983,-0.928137252124227,0.353336378184051
0,"",640512.064149848,0,0.38893463144023,0.562558690085399,0.504001532850861,0.00000869202667567484,0.00723683433669121,0.00762705598760338,0.328822142480212,0.135790491314721,29.491823305843,2.42154026615974,0.0218247557226826,0.0329657493411422,0.0382630630768005,85396.8028167697,0.861555418994404,0.38893463144023,0.115010329207588,0.19720142862858,46.6606305820326,0.583212454430057,0.562558690085399,0.166167557119541,0.247148942719942,58.8156549259815,0.672337721904945,0.504001532850861,0.301364380083498,0.140963137833213,2.13789494697594,0.0325252704610899,0.331514083208867,0.140945069583013,2.35208002798291,0.0186687579231336,-0.0301497031253685,0.0793839292170566,-0.379796054727038,0.704096811175559,-0.0511572279119534,0.312668198924718,-0.163615065708268,0.870034183818975,0.281177886327129,0.319657010032079,0.879623713864155,0.379063188016647,-0.332335114239082,0.494297885439883,-0.672337721904945,0.501368720416177
0,"",640691.300642306,0,0.627514319192905,0.480234850552481,0.612820708693835,0.00000275964034945016,0.0106623740141158,0.00432518767443224,0.359579367370835,0.144775509181699,24.9523330768668,2.48370300614553,0.0200774542486855,0.0185843944925683,0.0383001616743035,85318.2486842762,0.485230183898598,0.627514319192905,0.136899433438315,0.192384319414979,46.9844960102857,0.711593511646958,0.480234850552481,0.122937619152788,0.241656190141272,59.5780537603328,0.508729443598853,0.612820708693835,0.33949173484243,0.149468163389459,2.2713314136191,0.0231269229375697,0.350187674186921,0.149450190396707,2.34317315526577,0.0191205069276526,-0.0106959393444908,0.0786564130924944,-0.135983054959716,0.891834676707842,0.0139618142855271,0.305311770649592,0.0457296954382777,0.963525695024176,0.259837052591103,0.312415754858056,0.831702782432203,0.40557672972584,-0.245875238305576,0.483312380282544,-0.508729443598853,0.610941881190233
0,"",640823.789724291,0,0.748396101243608,0.610660947594075,0.617903512850413,0.00000120669380908038,0.00563190045431996,0.00421203466093707,0.37732672201963,0.149567258129736,23.2777514002738,2.52278959137122,0.0189169794594293,0.0122939613906663,0.038328080732962,85261.2971877775,0.320755987661378,0.748396101243608,0.0968809230969043,0.188997866531301,46.3932658979536,0.512603263068365,0.610660947594075,0.121434412870092,0.242164529833286,59.4480246157166,0.501454168179343,0.617903512850413,0.36767638122044,0.154078469166756,2.38629305709489,0.0170191828657856,0.36611514823266,0.154060669304682,2.3764348803951,0.0174808466548753,0.0015612329877798,0.0787693754254426,0.0198203042660603,0.984186720602344,-0.0245534897731879,0.303603624236838,-0.0808735068130608,0.935542549433693,0.218315335966996,0.310729054766008,0.702590673831248,0.482310876183778,-0.242868825740184,0.484329059666572,-0.501454168179343,0.616051525571548
0,"",640986.203395252,0,0.974730042052516,0.734789903946854,0.659970109665182,0.0000000117591992326095,0.00250258381005807,0.00328863224431925,0.401373499453408,0.150720188526441,23.1628489945108,2.66303740313459,0.0138460594475477,-0.00121530393593552,0.0383660023772546,85329.4519870656,-0.0316765850136112,0.974730042052516,0.0658598341327534,0.193246122378089,46.2959326414523,0.340808049974207,0.734789903946854,0.108253486991106,0.244818837047279,59.2581690563129,0.442177931636038,0.659970109665182,0.407153235357244,0.155304905764323,2.62163795376241,0.00875083379370093,0.381411794691144,0.1552877733871,2.45616114116314,0.0140430171674678,0.0257414406660993,0.0791799931678612,0.325100314312071,0.745105151080924,-0.0423936528583525,0.308340278066387,-0.137489831442731,0.890643629750337,0.174113321123859,0.315415482335033,0.552012602028574,0.580939719243778,-0.216506973982212,0.489637674094557,-0.442177931636038,0.658360454100191
0,"",641012.886835399,0,0.592589535819484,0.686777459646918,0.676897678975721,0.00000334928128722702,0.00353134567978912,0.00296777717709405,0.431702555406614,0.149536347521292,22.2832456823869,2.88694061719773,0.00848814486468559,-0.0205349533073752,0.0383766882948671,85486.8613754828,-0.535089248702103,0.592589535819484,0.0834646955943926,0.205696733956994,46.4594693397381,0.405765779498682,0.686777459646918,0.104006046330506,0.248353247844432,58.919003224411,0.418782710647922,0.676897678975721,0.454449151062362,0.154399893840562,2.94332554095951,0.00324706776192616,0.390983036962873,0.154384081860907,2.53253465156552,0.0113241176511489,0.0634661140994885,0.0796705408927757,0.796607044313959,0.425679284982873,-0.0205413507361139,0.318980682433061,-0.0643968486725666,0.948654239215624,0.187470741924899,0.325932950751289,0.575181924665091,0.565168265975192,-0.208012092661013,0.496706495688864,-0.418782710647922,0.67537494156213
0,"",641314.455071184,0,0.885204060326046,0.671603899292417,0.608491033703333,0.000000243320227669382,0.00378742293374267,0.00457655197155905,0.422147759008496,0.148012494048541,22.6068166917437,2.85210895014073,0.00911402440153289,0.00555122782668724,0.0384498482335763,85666.4012948056,0.144375805932041,0.885204060326046,0.0973608411280956,0.22824026058023,47.8621651791778,0.426571722625034,0.671603899292417,0.12895350096626,0.250374523330191,57.6972975252053,0.515042422252354,0.608491033703333,0.419998043832726,0.153324437335762,2.73927660280913,0.00615745451054929,0.403332216146629,0.15331035765355,2.63082170258893,0.00851787104015297,0.0166658276860972,0.0800067113282778,0.20830537100463,0.834990538175317,-0.0315926598381643,0.335386005878808,-0.0941979071410044,0.924951947243001,0.226314342094355,0.342167011890046,0.661414847808533,0.508346306534458,-0.25790700193252,0.500749046660381,-0.515042422252354,0.606523376048049
0,"",641813.592566794,0,0.675854039368861,0.742459944128565,0.563080909670062,0.00000203983012177027,0.00228184246552772,0.00593040151826661,0.423138433992415,0.150622954486107,23.1563670207949,2.80925596922509,0.00991718894521635,0.0161243539044675,0.0385631321057279,85708.7490602653,0.418128741728231,0.675854039368861,0.078395832018617,0.237196394029819,47.7630443577095,0.330510218501725,0.742459944128565,0.147675379985456,0.253873301164596,56.7172058321226,0.581689288743729,0.563080909670062,0.414473257633181,0.156067222133949,2.65573547068999,0.00791356636778145,0.414922194493879,0.156054033506199,2.65883671938155,0.00784109536690279,-0.000448936860698287,0.0806296898683563,-0.00556788524712503,0.995557493278957,-0.0692795479668393,0.34407038821589,-0.201352834593162,0.840422692398173,0.226071212004073,0.350775045752808,0.644490578053795,0.519257365406109,-0.295350759970913,0.507746602329191,-0.581689288743729,0.560775987670247
0,"",641987.159062943,0,0.800978940660304,0.879661095664086,0.475521979261729,0.000000741727182661978,0.000492978700693636,0.00908969656742194,0.425902894050661,0.155510929256729,23.4788724606495,2.73873287290021,0.0115736711334459,0.00973049672159131,0.0386006511578365,85671.4746065502,0.252081154843831,0.800978940660304,0.0350728787012553,0.230401128013123,46.9819802428179,0.152225290751431,0.879661095664086,0.187330821032152,0.260783652127977,56.2526135910927,0.71833805341533,0.475521979261729,0.432565677277458,0.160806110435515,2.68998283775368,0.00714556937748814,0.411687670401466,0.160793196026377,2.56035504346796,0.0104565275488335,0.0208780068759921,0.0816913279392191,0.255571887526739,0.798281428117496,-0.152257942330896,0.344619049792821,-0.44181522299023,0.658622921803416,0.222403699733407,0.351316519016319,0.633057905606415,0.526695829717917,-0.374661642064303,0.521567304255954,-0.71833805341533,0.472548872253201
0,"",641994.542373636,0,0.505442020401987,0.890823991296364,0.331137697734926,0.00000517579548022128,0.000407730768169537,0.0167867374661713,0.431403167469666,0.16284422960594,24.4294888689816,2.64917687604653,0.0139303772723449,0.0257072910037067,0.0386021772764028,85685.9608210056,0.665954431006183,0.505442020401987,0.0323076486565581,0.234092267161575,46.6966763226185,0.138012455722251,0.890823991296364,0.256385032441051,0.26153984067405,56.2847907254237,0.980290543040349,0.331137697734926,0.42982179874132,0.167979499867363,2.55877532127854,0.0105041605843639,0.426027548328701,0.167967334603236,2.53637142802225,0.0112007864169139,0.00379425041261913,0.0817990234444061,0.046385033131818,0.963003365503421,-0.224077383784492,0.347654876264868,-0.644539740652953,0.519225496146177,0.288692681097609,0.354317149766372,0.814786078765776,0.415194770909475,-0.512770064882101,0.523079681348099,-0.980290543040349,0.326942721513709
0,"",642204.995203014,0,0.434032755946398,0.924068106324429,0.450685909608023,0.0000071422475156765,0.000196506692261005,0.0100918565705132,0.444503255615595,0.16612466905052,25.643753668736,2.67572093991903,0.0128124778881038,0.0302355560889761,0.0386489199367906,85688.6298973677,0.782313092796012,0.434032755946398,0.0227357035577944,0.237258669517746,46.7207621964734,0.0958266503137996,0.924068106324429,0.192645756440407,0.25363681545721,56.5871912281179,0.759533887433262,0.450685909608023,0.432561543646072,0.171077138948314,2.52845907001495,0.0114564443601841,0.451549160541614,0.17106477612289,2.63963845027471,0.00829945155425856,-0.0189876168955424,0.0806933761399864,-0.23530576862471,0.813971418097532,-0.169910052882613,0.343926745680648,-0.49402977528355,0.621285151337083,0.215381459998202,0.350657973584988,0.614220911038261,0.539069356945606,-0.385291512880814,0.507273630914419,-0.759533887433262,0.447533250588606
0,"",642461.115973488,0,0.347788256216175,0.850888812251302,0.676608914007088,0.0000102852058438695,0.000756635941055636,0.00311503949223738,0.465474265990845,0.168374239156067,25.8672525999243,2.76452186702619,0.0103673637844335,0.0363416275141764,0.0387068835276731,85706.7208880458,0.938893142564532,0.347788256216175,0.0459565693554685,0.243132295760226,47.1839403991992,0.18901877766494,0.850888812251302,0.104525985006777,0.249299350222972,56.2584459965109,0.419279011009413,0.676608914007088,0.435438679478449,0.173285546219498,2.51283900462699,0.0119763976066481,0.485613765699776,0.173273283451657,2.80258881245973,0.00506942564586024,-0.0501750862213268,0.0801278186787935,-0.626188096077625,0.531191574204306,-0.0585694156513087,0.344843008050769,-0.169843709409604,0.865133051146201,0.150482554362246,0.351582505715181,0.428014909490839,0.668640265544605,-0.209051970013554,0.498598700445945,-0.419279011009413,0.675012234136713
0,"",642466.772414234,0,0.049048508381054,0.802238545978669,0.593911510909912,0.0000451935218616105,0.00133216871591485,0.00510119385842806,0.476278809216055,0.170636882513592,24.6234182986907,2.7911832553441,0.00999379410948128,0.0761856705975736,0.0387083416933723,85712.0027182911,1.96819773890283,0.049048508381054,0.0612714610449815,0.243280747056159,47.55134673563,0.251854952709585,0.802238545978669,0.134992475622848,0.251737641340789,56.0828257963063,0.53624271246787,0.593911510909912,0.408030519168572,0.175526939168677,2.32460339763838,0.0200931769593209,0.531333170613507,0.175515011499427,3.02728049341376,0.00246764862625614,-0.123302651444934,0.0804794403627791,-1.53210125330296,0.125497450535726,-0.0737210145778669,0.346708028943477,-0.212631402862278,0.831614475562858,0.19626393666783,0.353423636134005,0.555322045844761,0.578674402205235,-0.269984951245697,0.503475282681578,-0.53624271246787,0.591790817508196
0,"",642508.640519246,0,0.00697436998501353,0.750032942572704,0.526883269639968,0.0000849242021585044,0.00216502326285476,0.00720388154877682,0.501411489368859,0.169307090173347,24.3378790866086,2.96155045164077,0.00673649361806018,0.104466687345428,0.0387181710565418,85715.1558647913,2.69813073538188,0.00697436998501353,0.0776360825898821,0.242267210414672,47.3297385374108,0.320456418584248,0.750032942572704,0.163678741239924,0.257050567772235,55.8780092570921,0.636756972211611,0.526883269639968,0.406208827066461,0.17430736735472,2.33041685633297,0.0197841297194424,0.57989633693518,0.174295650210759,3.32708438927746,0.000877597920178849,-0.173687509868719,0.081261654195091,-2.13738585054808,0.032566621307596,-0.0860426586500416,0.349871860287177,-0.24592620446645,0.805739358420381,0.241314823829806,0.356547994872303,0.676808809193366,0.498527268190781,-0.327357482479847,0.51410113554447,-0.636756972211611,0.524283157112358
0,"",642542.022212231,0,0.0737811696605665,0.685077412428423,0.585695488270836,0.0000372784153923455,0.00358402817605491,0.0054161743267686,0.540069894931182,0.169282881224649,23.6057637992437,3.19033969072439,0.00398501143145075,0.0692446027840724,0.0387276256147423,85754.4134238654,1.78798988280122,0.0737811696605665,0.101871018713645,0.249619433952011,46.303495257219,0.408105318968191,0.685077412428423,0.146333285112242,0.266884764048781,55.2061473146557,0.548301382560359,0.585695488270836,0.475612447214711,0.174570780949947,2.72446766077697,0.00644052374161933,0.582590882679332,0.174560100174445,3.33748022656451,0.00084541737122165,-0.10697843546462,0.082711443824588,-1.29339339900168,0.195875031994761,-0.044462266398597,0.362150070004499,-0.122773043777252,0.902286820691696,0.248204303825887,0.368676016268388,0.673231490179713,0.500800030338284,-0.292666570224484,0.533769528097562,-0.548301382560359,0.583484978234442
0,"",642635.399289321,0,0.18409733213441,0.778467034531603,0.660827156714336,0.0000205629904301286,0.00176042317790697,0.00354701900770451,0.551126662366483,0.167192684081427,23.168022276632,3.29635632919243,0.00313689901492036,0.0514710526733019,0.0387508747387299,85796.1650574266,1.32825524637406,0.18409733213441,0.073332414828478,0.259130126092837,45.4123385168441,0.282994555415782,0.778467034531603,0.123113181546631,0.279058529413434,54.677896911411,0.441173333083235,0.660827156714336,0.505015396068611,0.172925396551845,2.92042352447173,0.00349555978478932,0.58144684693593,0.172915824135624,3.36260055921707,0.00077211998446052,-0.0764314508673187,0.0845594755398395,-0.903878014608885,0.366060088183664,-0.049780766718153,0.37762996063752,-0.131824198043271,0.895123346306954,0.196445596375109,0.383978883538485,0.511605207465581,0.60892734019772,-0.246226363093262,0.558117058826869,-0.441173333083235,0.659087517166257
0,"",642720.147112435,0,0.236224645323393,0.890774314711346,0.672355491066127,0.0000163570771314969,0.00042438017936709,0.00331085873547909,0.536167719449187,0.164096683033893,23.8095876205118,3.26738913630841,0.00328377569786322,0.0459217919851438,0.0387694354750374,85772.0705317474,1.18448441207537,0.236224645323393,0.0345765344123629,0.250363410780711,44.9243464713782,0.1381053817111,0.890774314711346,0.125235889527825,0.29452282961693,54.4300529406476,0.425216237704605,0.672355491066127,0.500007022127455,0.170084622379967,2.93975443006509,0.00328472465316835,0.564882856958545,0.170075163235128,3.32137183474343,0.000895761121183327,-0.0648758348310896,0.0869766841273671,-0.745899150812493,0.455728338263145,-0.0906593551154624,0.383409031327705,-0.236455971841661,0.813078868022136,0.159812423940188,0.389677538412184,0.410114538783464,0.681721928066835,-0.250471779055651,0.58904565923386,-0.425216237704605,0.670679048214207
0,"",642982.085530865,0,0.388852365158028,0.904249861885482,0.749669723448826,0.00000866379273486073,0.000332606255185965,0.00189655044500716,0.526154575321154,0.161395606307846,24.6685177523523,3.2600303524841,0.00324277865492253,0.0334569895728519,0.0388265070696296,85704.82276047,0.861704853152299,0.388852365158028,0.0285933118493242,0.236327962243698,43.997076092972,0.120989964868563,0.904249861885482,0.0989104530734928,0.308416762251582,54.1277024454932,0.320703882471892,0.749669723448826,0.500268478692283,0.167539139453958,2.98597975567234,0.00282671355541446,0.545883513136215,0.167529140638573,3.25843916500416,0.00112026892618736,-0.0456150344439319,0.0892504765241132,-0.511090094086028,0.609287971985776,-0.0703171412241686,0.38542875897689,-0.182438750576951,0.855238417496937,0.127503764922817,0.391648160605344,0.325556909869672,0.744759618378422,-0.197820906146985,0.616833524503164,-0.320703882471892,0.748434804798641
0,"",643216.950235819,0,0.653701660573979,0.795638550428893,0.714591834136673,0.00000234893144667762,0.00154042711839844,0.00249284159045986,0.526010399192093,0.160194880858175,26.7330169593826,3.28356559444484,0.0028593792409045,0.0174420752969639,0.0388787635573363,85684.0650230444,0.448627314786933,0.653701660573979,0.0606928515206786,0.232922279285501,44.0090862765076,0.260571258820138,0.795638550428893,0.115458033674099,0.314069342229431,54.0777436944812,0.36761956087314,0.714591834136673,0.514464771388912,0.166452602465357,3.09075835264267,0.00199646038622003,0.524486693591542,0.166442410395967,3.15116016611262,0.00162623285209089,-0.0100219222026294,0.0902154120777185,-0.111088803695712,0.911545927143261,-0.0547651821534209,0.387907797645696,-0.141180926204123,0.887727013826055,0.176150885194778,0.394096714472001,0.44697374711885,0.654894015235388,-0.230916067348199,0.628138684458861,-0.36761956087314,0.713156927229494
0,"",643343.435917237,0,0.623126101836887,0.67985808286007,0.593207199627161,0.00000281802807883525,0.00381117781823427,0.00530897728904059,0.521384126839021,0.157946201361128,29.0663226882725,3.3010235279222,0.00255549016435679,0.0191202352466313,0.0389076214693933,85697.9747708589,0.491426474416386,0.623126101836887,0.0973326018835854,0.234340733635922,45.0924204631322,0.415346493003662,0.67985808286007,0.17003962436617,0.316422314264181,54.1057472605834,0.537381899761353,0.593207199627161,0.51009209782928,0.164365679625119,3.103397856491,0.001913122616863,0.511716978726627,0.164355499059366,3.11347646811496,0.00184897253865047,-0.00162488089734652,0.0906224319189735,-0.0179302283434563,0.985694514156331,-0.0727070224825841,0.390654391966688,-0.186115973550309,0.852353815684477,0.267372226249755,0.396820446610027,0.673786415326813,0.500447112696547,-0.340079248732339,0.632844628528362,-0.537381899761353,0.591003843462124
0,"",643513.903328828,0,0.464384234005835,0.567568588618287,0.594043261130755,0.00000624523996599258,0.00728081847307619,0.00529280990192785,0.509893380770014,0.156843451098925,30.2035697227752,3.25097016928308,0.00282465656681824,0.0284954377798547,0.0389468168450906,85714.6168166442,0.731649980361532,0.464384234005835,0.136685054399456,0.237360205011346,45.2139503743231,0.575854972795133,0.567568588618287,0.172336014774403,0.321421693103995,54.0269789841856,0.536167963991916,0.594043261130755,0.485236403991985,0.163469755750637,2.96835583905921,0.00299397506641538,0.505117195281062,0.163459880674075,3.09016006372978,0.00200048654789999,-0.0198807912890767,0.0914682950165339,-0.217351720456613,0.827934253254072,-0.0356509603749476,0.396496609040783,-0.0899149187207314,0.928354825749157,0.309021069173859,0.402608969672677,0.767546409671634,0.442756710993157,-0.344672029548807,0.64284338620799,-0.536167963991916,0.591842472115207
0,"",643669.346126448,0,0.365783872528149,0.527019611924843,0.565678445764846,0.00000954151147665922,0.00890530855240114,0.0060764576174567,0.49990362987628,0.15580386473486,29.9425749809973,3.20854447819375,0.00317238366155054,0.0352558106549424,0.0389823784126611,85724.1965425227,0.904403786801568,0.365783872528149,0.152570575139163,0.239329977785528,45.2286415830798,0.637490449591261,0.527019611924843,0.178315674243383,0.308536082004084,54.6348335190128,0.5779410728403,0.565678445764846,0.467419737785673,0.1622190799588,2.88141036124966,0.00395899827086376,0.499533641087462,0.162208729083323,3.07957311490224,0.00207297481832352,-0.0321139033017888,0.0894274952239395,-0.359105476692274,0.719516184698772,-0.0257450991042198,0.387342713495657,-0.0664659440005408,0.947006870482121,0.330886249382546,0.393589032662656,0.840689709121411,0.400521787184691,-0.356631348486765,0.617072164008167,-0.5779410728403,0.56330390406621
0,"",643738.14445835,0,0.285774522832825,0.540587418091598,0.408050964905619,0.0000132913177618452,0.00829088149641753,0.0124865520454998,0.500869259030199,0.155624044775075,31.228267144333,3.21845676067672,0.00300090259562136,0.0416280324904956,0.0389978711564387,85726.7098669281,1.0674437156712,0.285774522832825,0.147569002919482,0.239335262878293,45.4737220398882,0.616578606699189,0.540587418091598,0.257953407878726,0.309403173445241,54.9709824571491,0.833712870512556,0.408050964905619,0.471126074218128,0.162066216973205,2.90699741758038,0.00364916210278935,0.498835579666525,0.162055854914555,3.07817067102906,0.0020827559470891,-0.0277095054483972,0.0895819300526345,-0.309320255012549,0.757077924699747,-0.110384404959244,0.38803387807529,-0.284471050586532,0.776049416288115,0.405522410798208,0.394275402549876,1.02852576695273,0.303702576588315,-0.515906815757453,0.618806346890483,-0.833712870512556,0.404442803693702
0,"",644064.037355537,0,0.0987565362628319,0.441546503298508,0.34836553515008,0.0000317898984851928,0.0131033891188528,0.0160237289230586,0.502455481309881,0.156803294730827,33.2258062145353,3.20436813634822,0.00298467421098622,0.064504954497935,0.0390718899892852,85734.2513824288,1.65092997844805,0.0987565362628319,0.187457274138799,0.241448062035371,45.3988829205408,0.7763875698921,0.441546503298508,0.294327339021319,0.311176768688684,54.9373758263376,0.94585254632481,0.34836553515008,0.449456993173577,0.163276382572641,2.75273732852095,0.00590992930551585,0.515087739267657,0.163266191760838,3.15489528917406,0.00160555717551703,-0.06563074609408,0.0899394006841878,-0.729721852656491,0.46556022076614,-0.10687006488252,0.39073414187365,-0.273510946266574,0.784460479117852,0.481784613160117,0.396967412313148,1.21366288067007,0.224876484416136,-0.588654678042637,0.622353537377368,-0.945852546324811,0.344223800006465
0,"",644400.965035139,0,0.029862363119395,0.209824541522531,0.273296779777392,0.0000550180036097636,0.0345371813093455,0.0217510365462463,0.485606350262474,0.157220875290945,34.4701890155889,3.08868875945281,0.00395754527553423,0.0850287827692112,0.0391486383557538,85737.315089142,2.17194738668897,0.029862363119395,0.309607719606681,0.243375937365005,45.2394117843241,1.27213775921629,0.209824541522531,0.342951475287784,0.309927192276881,55.0700442415999,1.10655497108301,0.273296779777392,0.404167616807229,0.163686066648344,2.46916322863036,0.0135429427102944,0.500375510439709,0.163675869249391,3.05711228377405,0.00223480544746639,-0.0962078936324794,0.0898170191822831,-1.07115438152346,0.284100019541277,-0.0333437556811027,0.39092321287856,-0.0852948982885315,0.93202694733001,0.652559194894464,0.397180644587014,1.64297833690509,0.100387415452094,-0.685902950575567,0.619854384553763,-1.10655497108301,0.268486384744885
0,"",644374.620823124,0,0.0235619411271041,0.108922834241539,0.246303287088018,0.0000597936309517527,0.0561518195446985,0.0242950216633298,0.471402117126525,0.15683782298653,33.2254837862076,3.00566603227471,0.00501448647368881,0.0886287925394565,0.0391428709943426,85736.0392998145,2.26423842421437,0.0235619411271041,0.399452415891677,0.244235918087946,44.9623857695622,1.63551871902739,0.108922834241539,0.357935139070956,0.305449841903296,55.14804135956,1.1718295116495,0.246303287088018,0.378303250112151,0.163235392016938,2.31753203418592,0.0204747677127375,0.478484646608359,0.163225058450017,2.93144111052582,0.00337393327750485,-0.100181396496208,0.0890981754106856,-1.12439335636713,0.260846189234894,0.0415172768207208,0.387928079555579,0.107023128793059,0.914770631010287,0.757387554962632,0.394225042708275,1.92120609527867,0.0547057300409843,-0.715870278141911,0.610899683806592,-1.1718295116495,0.241265511626018
0,"",644527.876706973,0,0.11253666577786,0.134222736023344,0.376392855069631,0.000029400255691886,0.0495950420728977,0.0141705226444656,0.460920424116405,0.156151886046147,31.7612896240338,2.95174420102868,0.00589678606924012,0.0621673081045151,0.039175062568426,85652.6593216855,1.58691024413628,0.11253666577786,0.351771095900979,0.230609734590609,44.5897935712966,1.52539569296787,0.134222736023344,0.263771315985372,0.295792883480142,55.3217132913742,0.891743279560953,0.376392855069631,0.389278371998747,0.162147214751828,2.40077125342271,0.0163605600869668,0.456813625769192,0.16213534420843,2.8174833069213,0.00484016306490909,-0.0675352537704443,0.0876325494977378,-0.770664030175086,0.44090609766298,0.0879997799156062,0.371812709092911,0.236677708328728,0.812906829848463,0.615542411886351,0.378290719642824,1.62716762512053,0.103701501627748,-0.527542631970745,0.591585766960283,-0.891743279560953,0.372530549997407
0,"",644606.160086772,0,0.418108572421896,0.185227963498976,0.475546168975641,0.00000766186180382501,0.0392075128896673,0.00922991695049386,0.446534305948522,0.156331817388018,32.0577236422939,2.85632389752252,0.00746194969505052,0.0317327326343728,0.0391901980318372,85570.1685040209,0.809710953963385,0.418108572421896,0.295935812387585,0.219908802088117,44.3782453684792,1.34572063317868,0.185227963498976,0.210192011868798,0.292594353133029,55.3956451448912,0.718373439603715,0.475546168975641,0.405569725673069,0.162087528741626,2.50216490325769,0.0123436415702587,0.423773361696918,0.162074604045438,2.61468083906663,0.00893108676392726,-0.0182036360238497,0.0871681912638482,-0.208833471934152,0.834578240560639,0.0857438005187864,0.362721162407857,0.236390399582953,0.813129745146874,0.506127824256383,0.369291256034889,1.37053833792525,0.170518916367201,-0.420384023737597,0.585188706266059,-0.718373439603715,0.472527059108774
0,"",644880.695459113,0,0.938890258545846,0.265856139272703,0.545573595582554,0.0000000687885338597114,0.0274707446887791,0.00659535820249238,0.446403722333425,0.158686082834325,30.7959146672111,2.81312459391597,0.00846692020285237,0.00300899867107237,0.0392486816298679,85443.2506002006,0.0766649616272091,0.938890258545846,0.232666443152106,0.206505371279649,44.9404108709652,1.12668470418152,0.265856139272703,0.17762447158107,0.292083522571085,55.7030890560985,0.608129037946127,0.545573595582554,0.437468474856795,0.164157574609514,2.66493018002619,0.00770043084725125,0.40523759475142,0.164143495042425,2.46880081752055,0.0135566654157022,0.0322308801053749,0.0871765725211798,0.369719514925232,0.711591489727313,0.0550419715710366,0.354372281700095,0.15532245159518,0.876567116590216,0.410290914733176,0.361019100619934,1.13647979851657,0.255755815507002,-0.355248943162139,0.58416704514217,-0.608129037946127,0.543101894552259
0,"",645278.070495923,0,0.321608511419659,0.424101388828711,0.54973636677929,0.0000114964549253854,0.0137586208490904,0.0063545532474626,0.446212534735067,0.158285648282006,30.589366718828,2.81903343466795,0.00837126690740722,-0.0389914965497121,0.0393391129705872,85451.9049482091,-0.991163592805587,0.321608511419659,0.166375609340632,0.206316272986502,46.6144610788059,0.806410502343252,0.424101388828711,0.17142984606339,0.284881122274869,56.622879450056,0.60175923449917,0.54973636677929,0.485748209908588,0.163626531343969,2.96863965714379,0.00299121141517393,0.37085026294858,0.1636119266851,2.26664565635455,0.0234118806449361,0.114897946960008,0.086168299451896,1.33341318896691,0.182396246589369,-0.00505423672275726,0.348345067862548,-0.0145092817124415,0.988423674307974,0.337805455404022,0.355109884896346,0.951270211761707,0.341467224443475,-0.342859692126779,0.569762244549738,-0.60175923449917,0.547334414231315
0,"",645356.699222151,0,0.18381125338047,0.618865753870133,0.462679847481452,0.0000206376716158782,0.00521561854166659,0.00942441435536191,0.448547830909777,0.159290019659836,28.0504389539038,2.81591923880511,0.00880226782669794,-0.0523160299462157,0.039361344157891,85597.2982647724,-1.32912203750866,0.18381125338047,0.110698492550791,0.221079026849151,47.8202082125023,0.500719105418915,0.618865753870133,0.206842071360724,0.279746730222545,57.462030212093,0.739390487946637,0.462679847481452,0.511215429900882,0.164712268701061,3.10368762407551,0.00191125007072456,0.362042902312497,0.164698802748596,2.1982121076201,0.0279339942676842,0.149172527588385,0.0853853441062018,1.74705072808332,0.0806285390973973,-0.0961435788099322,0.353160802108973,-0.272237400741506,0.785439485801279,0.317540563911515,0.359924695206223,0.882241669273559,0.377646132675789,-0.413684142721447,0.559493460445089,-0.739390487946637,0.459669916575694
0,"",645228.73355238,0,0.186683087064187,0.656427693390252,0.348109146244598,0.0000203678186626921,0.00414482172855417,0.0150503605460701,0.466460645385409,0.158299576176547,26.4204535781371,2.94669547861062,0.00663090969172239,-0.0519370525616047,0.039332373234478,85605.354614207,-1.32046577133763,0.186683087064187,0.0996517582366053,0.222620592329218,48.1426057988263,0.447630460389923,0.656427693390252,0.256233798768943,0.270901355947399,58.5487455409371,0.945856464515798,0.348109146244598,0.535256544100064,0.163606226013458,3.27161476150689,0.00106935178476494,0.376206172554845,0.163592386240809,2.2996557553789,0.0214677306265708,0.159050371545219,0.0840242000106735,1.89291146508999,0.0583696443047469,-0.156582040532337,0.347196846080455,-0.450989236509519,0.65199730656417,0.355885557005548,0.354047024614087,1.00519290451167,0.314803971144333,-0.512467597537885,0.541802711894798,-0.945856464515798,0.344221801263753
0,"",645110.096355558,0,0.143056885109988,0.496349892236738,0.347943240519906,0.0000250667367371604,0.00977737500825508,0.014998380271973,0.502477510855589,0.160234611954039,25.770193110483,3.13588621539345,0.00424892925084357,-0.057560853064495,0.0393036889573149,85561.645559533,-1.46451528066508,0.143056885109988,0.150514955865484,0.219567421896525,47.5920134238309,0.685506777669487,0.496349892236738,0.245909238993321,0.259904339601574,58.7915910954266,0.94615287828704,0.347943240519906,0.570309257936186,0.165230228256183,3.45160364392855,0.000557265683013824,0.402234530966397,0.165215663601267,2.43460288327839,0.0149081410419211,0.168074726969789,0.0823800923851885,2.04023474729689,0.0413269504578686,-0.0953942831278379,0.336721815344659,-0.283302948548774,0.776944617223144,0.396424194858805,0.34371304321342,1.15335801967997,0.248763464873564,-0.491818477986643,0.519808679203148,-0.94615287828704,0.344070616516328
0,"",645322.740477754,0,0.107537489590569,0.475549874137283,0.416582303171578,0.0000302754971043949,0.0109423886692431,0.0114298089066857,0.526892225187771,0.162494149429503,24.6290690213747,3.24253043594261,0.00338947411939628,-0.0633320935624567,0.0393519168441652,85548.3178442151,-1.60937760194131,0.107537489590569,0.159821091397935,0.222197004471165,46.7628786093122,0.719276534705376,0.475549874137283,0.203409346728646,0.248597828375229,57.9049499018704,0.818226563192756,0.416582303171578,0.594917370955972,0.167267749307933,3.55667708459898,0.000375575343455844,0.424451904055524,0.167252734862331,2.53778752499861,0.0111555689827255,0.170465466900449,0.0808093880503555,2.10947602763957,0.0349035131043695,-0.0435882553307118,0.329847688173964,-0.132146614614813,0.89486832605046,0.363230438126581,0.336964806387802,1.07794770029648,0.281057096528597,-0.406818693457292,0.497195656750458,-0.818226563192756,0.413227830035186
0,"",645730.970126455,0,0.119977469173728,0.498682003470615,0.541196505609359,0.0000282590718433564,0.0101461219991903,0.00650178961223392,0.550423171707725,0.161822296829249,23.4034966564089,3.40140501335559,0.00240821318375506,-0.061333606172686,0.0394457837441104,85551.1112548321,-1.55488369987942,0.119977469173728,0.155390917359705,0.227833600767405,45.3823229528675,0.682036876195202,0.498682003470615,0.146248398563976,0.237935036563187,57.7297424187943,0.614656843634449,0.541196505609359,0.610772422859206,0.166528432848352,3.66767651873239,0.000244764569123047,0.456612719508638,0.166512811606795,2.7422077322608,0.00610277329345687,0.154159703350568,0.0794226989101711,1.94100308181325,0.0522579035648452,0.00914251879572939,0.325799476401869,0.0280617970805214,0.977612863578655,0.301639315923681,0.333012257585513,0.905790429789883,0.365046787434474,-0.292496797127952,0.475870073126374,-0.614656843634449,0.538781366094991
0,"",646141.811299047,0,0.109505422103815,0.597551274832414,0.63421348353659,0.0000299398956900514,0.0062940323831946,0.00395219808707091,0.579655749195882,0.163310386881335,23.6906377785049,3.54941140159733,0.0016535831605944,-0.063281492156785,0.039540139562138,85548.7642680104,-1.60043674244844,0.109505422103815,0.120729446247866,0.227051382792649,44.6382376291002,0.531727421180783,0.597551274832414,0.116020428465299,0.242545670926392,57.6664680637548,0.478344668128539,0.63421348353659,0.642430231697803,0.168042245697458,3.82302812623934,0.000131822736037784,0.490883915356402,0.168026907050222,2.92146016357774,0.00348394826736629,0.151546316341401,0.0801737416513726,1.89022382166452,0.0587280320140149,0.00470901778256738,0.328616911985698,0.0143298096075236,0.988566857443062,0.236749874713165,0.335816007634179,0.704998777101382,0.480810997195439,-0.232040856930597,0.485091341852783,-0.478344668128539,0.632404908887486
0,"",646388.011588447,0,0.078694239232175,0.499378224636773,0.785203793930332,0.0000361531000786896,0.0101984652729148,0.00131837333705105,0.61294768376177,0.164811453492174,25.2964654566411,3.71908426734963,0.00100101056100828,-0.0696223541162006,0.039595632206833,85514.8621188026,-1.75833419586582,0.078694239232175,0.149745965573299,0.219900410179483,45.0061106564563,0.680971742849759,0.499378224636773,0.0696141863863441,0.254218316217561,56.8028957795975,0.273836234234075,0.785203793930332,0.67394242431073,0.169592733590093,3.97388738328644,0.0000707090056335267,0.519707301413057,0.169577724896744,3.06471443539831,0.0021787792105328,0.154235122897673,0.0818966361444227,1.88329008563531,0.0596610662835189,0.0801317791869549,0.332539321779636,0.240969334868782,0.809578883523806,0.219360151959643,0.339682034946701,0.645780846178876,0.518421294113246,-0.139228372772688,0.508436632435121,-0.273836234234075,0.784210476629769
0,"",646707.09893549,0,0.196653666164171,0.439167789004896,0.975893819715358,0.0000195232812432528,0.0133536674813655,0.0000165582087939625,0.640491631570064,0.165336817428648,25.4014208744904,3.87385968552632,0.000669808497526929,-0.0512145398581106,0.0396656999079973,85387.6412844733,-1.29115432166583,0.196653666164171,0.161268429300502,0.20661549547261,45.0125775181633,0.780524369344219,0.439167789004896,0.00798851145591825,0.263183355614889,55.6409247072547,0.0303534067998117,0.975893819715358,0.67520285760937,0.170076481627656,3.9699954464461,0.0000718740054001298,0.571053566747997,0.170060866301189,3.35793636224706,0.000785266896050701,0.104149290861373,0.0832966868885725,1.25034133711339,0.211174884109997,0.153279917844584,0.331008244431585,0.463069788813871,0.643314344162357,0.169256940756421,0.338148525654824,0.500540229855076,0.61669473643977,-0.0159770229118365,0.526366711229778,-0.0303534067998117,0.975785203703982
0,"",646722.499963096,0,0.477025792233806,0.380244743524433,0.962898250900935,0.00000592281062297661,0.0165577944159945,0.0000395114723846399,0.670136455103164,0.164886833362173,24.7175546564263,4.06422054107386,0.000427572768693526,-0.0282083277479259,0.0396687229212721,85374.4314772806,-0.711097450853387,0.477025792233806,0.179992610302778,0.203185746674226,46.6089402660126,0.885852542557356,0.380244743524433,-0.0126588031484851,0.270902371911715,55.2610717966446,-0.0467282846552945,0.962898250900935,0.677602426131887,0.169732251890815,3.99218427012784,0.0000654674675159661,0.623911661983938,0.169716727863477,3.67619426698955,0.000236739270222145,0.0536907641479488,0.0844404979637334,0.635841396518157,0.524879802735555,0.192651413451263,0.335086624672638,0.574930180037695,0.565338517875062,0.167333807154293,0.342143302555246,0.489075208851337,0.624788452131987,0.0253176062969701,0.54180474382343,0.0467282846552945,0.962729787068137
0,"",646492.160995603,0,0.792550685634711,0.305509073999767,0.871950055871922,0.000000810244822938043,0.0213225078683412,0.000476945476723461,0.725857580764526,0.165169914291863,23.8499615535518,4.39461135447405,0.000196031331530385,-0.0104187329369938,0.0396148509137624,85368.4003249462,-0.263000685265089,0.792550685634711,0.205954364277725,0.198898627648789,49.212988924569,1.03547403374444,0.305509073999767,-0.0457526943224775,0.282535390905592,54.9555701281266,-0.161936153116356,0.871950055871922,0.709175564712998,0.170165605623942,4.16756113618072,0.0000307875955053595,0.698190284083855,0.170150373554276,4.10337203204048,0.0000407171708373068,0.0109852806291434,0.0861312979969114,0.127541101604406,0.898512144407951,0.251707058600203,0.342056104829141,0.735864833419453,0.461812960534077,0.160201669955247,0.348957652930281,0.459086277690131,0.646172210391491,0.091505388644955,0.565070781811184,0.161936153116356,0.871356132472446
0,"",646538.714187747,0,0.423888459860344,0.261747758714254,0.903285914072508,0.00000749941205272838,0.0250717706737305,0.000271612288519656,0.742478191736732,0.167749543936386,23.7237452639491,4.42611153696069,0.000182902909098618,0.0316860667721932,0.0396225786179113,85274.8022871497,0.799697240246488,0.423888459860344,0.217306867761068,0.19144812950844,50.0993726704239,1.13506916113008,0.261747758714254,-0.0354053005797489,0.290029498120729,54.8510365209782,-0.122074826213059,0.903285914072508,0.683583158006534,0.172721167685896,3.95772659000124,0.0000756664968056709,0.754579314247868,0.172705682264707,4.3691632165948,0.00001247235253775,-0.070996156241334,0.0872999268866044,-0.813244166098241,0.416078081798059,0.252712168340816,0.344092105911636,0.734431752426525,0.46268564063119,0.181901567181319,0.350912545791939,0.518367238112856,0.604202068416382,0.0708106011594977,0.580058996241459,0.122074826213059,0.902839758519543
0,"",646761.08847636,0,0.115934415813339,0.227972810097299,0.98308951826246,0.0000289984784999879,0.0293284571004672,0.00000818090065842788,0.736718014150879,0.170884263928266,24.7880072486691,4.31121039009267,0.000225546739372676,0.0623681944577657,0.0396722640100063,85224.5204792346,1.57208558710022,0.115934415813339,0.231230886629118,0.189412256444449,49.3240369601972,1.2207810147541,0.227972810097299,0.00614510685643798,0.288616312464836,55.4131015920511,0.0212916130899104,0.98308951826246,0.650115325625174,0.17571877665328,3.69974875768656,0.000215813011748161,0.773528454085873,0.175703170297622,4.40247294784493,0.0000107023938050422,-0.123413128460699,0.087143000341486,-1.41621390102569,0.156712887098808,0.22508577977268,0.341773190606268,0.658582317043073,0.510164021083549,0.237375993485556,0.348631386434393,0.680879584346392,0.495947687171958,-0.012290213712876,0.577232624929672,-0.0212916130899104,0.98301303410877
0,"",647071.065736859,0,0.0453039831991962,0.426132408414856,0.819370860952003,0.0000469829336695866,0.0131597531035969,0.000940871953068861,0.704348396141553,0.16661465805431,26.5354218877626,4.22740954707575,0.000249061893866064,0.0795658545370117,0.0397461538805204,85290.9020572948,2.00185041239945,0.0453039831991962,0.156374207866395,0.194832532388601,48.306592798461,0.802608301341079,0.426132408414856,0.0657597486324866,0.286620092579454,55.8943222581763,0.229431747232645,0.819370860952003,0.615026280782594,0.171601017376034,3.58404798635238,0.00033830988920591,0.759997572972417,0.171585418933658,4.42926664570645,0.00000945540598494501,-0.144971292189823,0.0869059090521767,-1.66814079469309,0.0952877805621108,0.0906144592339089,0.343105112085192,0.264101163294266,0.791701967528691,0.222133956498882,0.350000669078543,0.634667233876154,0.525645468027089,-0.131519497264973,0.573240185158908,-0.229431747232645,0.818533363436938
0,"",647260.927266837,0,0.0250651562675402,0.781808654784801,0.863319163722899,0.0000588540746435462,0.00163883396105087,0.0005302850595203,0.671297255285963,0.162368358291311,30.5937921314211,4.13440932919679,0.000256009735893319,0.0891474694575212,0.0397902218215711,85283.1479624603,2.2404366041808,0.0250651562675402,0.0546124314447419,0.196062857118617,47.2655913045286,0.278545524875737,0.781808654784801,0.0487077695904104,0.281647750920099,56.369496876986,0.172938606579637,0.863319163722899,0.581514043789,0.167402306783359,3.47375167620335,0.000513235784932185,0.749320464465409,0.167386126196437,4.47659839851983,0.00000758417212961185,-0.167806420676409,0.0861981617039033,-1.94675173297589,0.0515645061452846,0.00590466185433153,0.339666114535234,0.0173837236087294,0.986130493873416,0.103320201035152,0.346639769380646,0.298062167591902,0.76565571577318,-0.0974155391808207,0.563295501840197,-0.172938606579637,0.862699685164583
0,"",647452.14174636,0,0.0376725733699341,0.8945611661409,0.923360025146344,0.0000507685775377604,0.000386010337106491,0.000165640969028667,0.644055531093421,0.161046121289118,34.1746115986658,3.99919927246916,0.000322463707550783,0.0827830873198436,0.0398295857203876,85085.3158207133,2.07843204548998,0.0376725733699341,-0.0248833940935302,0.186713992253362,45.9937580378418,-0.133270108968398,0.8945611661409,0.0263268554590929,0.272439541953925,56.3661003873145,0.0966337531999865,0.923360025146344,0.566786139442198,0.165828212299743,3.41791141315388,0.000631036423553597,0.726683204082175,0.165810312888197,4.38261765160629,0.0000117261803913646,-0.159897064639977,0.0848907877561627,-1.8835620314805,0.0596242417334539,-0.0512102495526231,0.326689820443347,-0.15675495943867,0.875437971069749,0.00144346136556268,0.333833190478716,0.0043239000996059,0.996550037618221,-0.0526537109181858,0.544879083907849,-0.0966337531999865,0.923017250744746
0,"",647487.851203568,0,0.0488698579578122,0.710214607349558,0.798876487467722,0.0000457874513648326,0.00309359821963652,0.00115850459024914,0.639505810979906,0.162013957803494,35.3251912953303,3.94722664423494,0.0003595862545648,0.0784552127260956,0.039829960980701,84733.9575056251,1.96975369280703,0.0488698579578122,-0.0651062797282689,0.174116260044747,45.0565127190458,-0.373924179806853,0.710214607349558,0.0664827683444154,0.259693001620634,56.5062537484167,0.256005236681484,0.798876487467722,0.575218503521499,0.166388551549711,3.45707981807658,0.000546063082967776,0.717812820184498,0.166368551016058,4.31459440982459,0.0000159896191250877,-0.142594316662999,0.0830688603933288,-1.71657966640952,0.0860560003346572,-0.131589048072684,0.308956416891259,-0.42591459791236,0.670170077390089,0.00137648861614649,0.316322282912734,0.00435153857474603,0.996527985513088,-0.132965536688831,0.519386003241268,-0.256005236681484,0.797946793744848
0,"",647702.475372651,0,0.092557052249071,0.774315363695542,0.753689315858301,0.0000333720745162366,0.00146702522745639,0.00178651468159587,0.656768011234004,0.163142160905974,36.0795700758189,4.02574054178754,0.000278872734317121,0.0670726964831515,0.0398748603046267,84780.4047060704,1.68207978587875,0.092557052249071,-0.0484076528741084,0.16801684614799,56.4998407609131,-0.288111900585675,0.774315363695542,0.0797753325307536,0.252986624431079,55.5595818713713,0.315334190928685,0.753689315858301,0.603496496693765,0.167306360047374,3.60713422085616,0.000309597530756517,0.720463418190773,0.167285242522117,4.3067960289176,0.0000165636213404652,-0.116966921497008,0.0821854603087672,-1.42320698889522,0.15467616020204,-0.128182985404862,0.299925899449901,-0.427382182198885,0.669100983074409,0.0313676796566451,0.307421925536007,0.10203462099183,0.918729194903136,-0.159550665061507,0.505973248862158,-0.315334190928685,0.752507927605801
0,"",647905.793995324,1,0.280230195260063,0.98780341117308,0.723730915731789,0.0000135800792445319,0.00000000451900628487456,0.00224824796060846,0.668714711958291,0.160970220415301,37.9022767902475,4.15427592900734,0.000178806871420906,0.0431072370831683,0.0399211618565409,85859.0006626629,1.07980918085693,0.280230195260063,-0.00256880468050535,0.168040415923245,51712.0464460926,-0.0152868264839257,0.98780341117308,0.0869160989485406,0.244656479065149,56.0099647754215,0.355257703702161,0.723730915731789,0.635242118913313,0.165048879776102,3.84881205964594,0.000118692024764101,0.702740460176859,0.165026906880944,4.258338676152,0.0000205951765884706,-0.0674983412635462,0.0810723177003042,-0.83256952777721,0.405087550683932,-0.0894849036290459,0.292955905095841,-0.305455196746319,0.760019488174081,0.0843472942680352,0.300608692379151,0.28058834094408,0.779026159515599,-0.173832197897081,0.489312958130298,-0.355257703702161,0.722396538982569
0,"",648172.67064577,1,0.490824980908502,0.522993544361569,0.788562290154744,0.00000552797562223446,0.00000747757596402867,0.00129188935700535,0.693789139871652,0.161142608708292,38.5904015087197,4.30543569719405,0.000110418543315704,0.0275489394359249,0.039983933272738,85875.686242585,0.689000235369752,0.490824980908502,0.107562794156263,0.168397904562945,54561.5504946569,0.638741880045527,0.522993544361569,0.0679434494557674,0.252144838425914,56.1317104029308,0.269461988117321,0.788562290154744,0.661974472164979,0.16535236604033,4.00341699376422,0.0000624341132793053,0.702441705560655,0.165330783578831,4.24870487126026,0.0000215009958707323,-0.0404672333956757,0.0821936373397567,-0.492340218846866,0.622478852698552,0.0396193447004955,0.299412777275651,0.132323493542897,0.894728425604732,0.17550624361203,0.306955593557315,0.571764278924142,0.56748168043816,-0.135886898911535,0.504289676851828,-0.269461988117321,0.787574189813279
0,"",648462.261432874,0,0.215099391029686,0.494350319748852,0.512559741082782,0.0000180854908691347,0.00972533181645692,0.00758072791520517,0.701343244725747,0.169037879209201,39.5397138312007,4.14903007542922,0.000171833789186487,0.0496592700580327,0.0400583272600786,84972.2048556298,1.23967408163651,0.215099391029686,0.126271321278743,0.183365430299243,48.2865045072234,0.688632099696623,0.494350319748852,0.161787788324715,0.245507078275667,56.85225829792,0.658994394218858,0.512559741082782,0.655507955066694,0.173113141671812,3.78658690343341,0.000152730696335534,0.719987819897452,0.173093694609591,4.15952655884647,0.0000318907938787726,-0.0644798648307576,0.081300901962944,-0.793101469650936,0.427718706660196,-0.0355164670459723,0.302584142711595,-0.117377159052992,0.906561183376262,0.288059109603458,0.310219357236216,0.928565877287005,0.35311411257075,-0.32357557664943,0.491014156551334,-0.658994394218858,0.509899368424342
0,"",648757.57458416,0,0.0572075082683675,0.464400184712446,0.302116408320553,0.0000425109574226184,0.0114357380869568,0.0183853277632221,0.717828291985639,0.172879347357941,40.5863112836321,4.1521922829764,0.000164555912165082,0.0763166081998691,0.0401297207889114,85071.9711967055,1.90174779937559,0.0572075082683675,0.140251957496467,0.190137210109938,47.0353450451479,0.73763550761775,0.464400184712446,0.254905233871909,0.244820722971624,57.8803059214985,1.04119141050594,0.302116408320553,0.653856151521567,0.176936396502638,3.69543047358161,0.000219514546068853,0.751599188858067,0.176917849683763,4.24829484532814,0.0000215403778735075,-0.0977430373365001,0.0812708692890364,-1.2026823164507,0.229099279553467,-0.114653276375442,0.306142708684969,-0.374509250499327,0.708025475628645,0.395157191368376,0.313775926496136,1.25936108541215,0.207899938559992,-0.509810467743817,0.489641445943247,-1.04119141050594,0.297786721392816
0,"",649119.43313753,0,0.0465575726872862,0.308800845463171,0.268177050188094,0.0000464743429471762,0.0222073504461889,0.0213076677451846,0.723695151586766,0.171918206218717,43.7018454101624,4.20953177388363,0.000125329532702343,0.0800490152337632,0.0402189275587804,85234.9229431927,1.99033191814403,0.0465575726872862,0.205041812016863,0.199268066680485,46.6186260703279,1.02897476466029,0.308800845463171,0.284798262474125,0.254714529313621,57.421892714077,1.11810764482721,0.268177050188094,0.652233339096057,0.176271957898148,3.70015371062552,0.000215468917600241,0.751004156361051,0.176254649769791,4.26090408021546,0.0000203601607852222,-0.0987708172649943,0.0827380010479808,-1.19377814322243,0.232564763582865,-0.0797564504572617,0.319645703715162,-0.249515164853688,0.802962311929396,0.489840074490988,0.327110274648343,1.4974768830407,0.134269216275026,-0.56959652494825,0.509429058627242,-1.11810764482721,0.263521021774202
0,"",649540.926019351,0,0.143401795348881,0.303093056604767,0.196166766313997,0.0000250730339602572,0.0226542984184451,0.028732532973079,0.723244458380332,0.172196627984712,45.0007621776952,4.20010813710327,0.000124441114183518,0.0590012385875121,0.0403219617110063,85392.7841390543,1.46325317727305,0.143401795348881,0.22020819310486,0.211476326787011,46.7779322138102,1.04129004154041,0.303093056604767,0.335676914519339,0.25670098438346,57.8033234606079,1.30765729366236,0.196166766313997,0.676675484714122,0.176738198460374,3.82868836849571,0.000128828008786951,0.722394762107455,0.176721926589239,4.08774834028683,0.0000435580290522938,-0.0457192773933336,0.0831123892957742,-0.550089797450428,0.582257784130055,-0.115468721414479,0.328876151263373,-0.351100926506551,0.725512632888776,0.555885107624198,0.336267366064146,1.65310453443811,0.0983095906608091,-0.671353829038677,0.513401968766919,-1.30765729366236,0.19098957459031
0,"",649582.06544475,0,0.237195838360574,0.364883379623557,0.146494058388293,0.0000163343709567083,0.0174595053956614,0.0369374620707779,0.714249447592265,0.175633943940725,44.4464499397095,4.06669366733186,0.000192101251391517,0.0476786533741242,0.0403361393550707,85536.1691284015,1.18203313793665,0.237195838360574,0.204551848637825,0.223568879400143,47.1088648570632,0.914938828635977,0.364883379623557,0.403312974223064,0.273938644297607,56.5151935480535,1.47227484189819,0.146494058388293,0.687970970292335,0.180541879242138,3.81058939443987,0.00013863586836296,0.696480623748554,0.180527855209809,3.85802303439049,0.000114307877384364,-0.00850965345621919,0.0856023908137734,-0.0994090629399803,0.920813487223501,-0.198761125585239,0.350021077069809,-0.567854733918203,0.570133610714302,0.607864822860889,0.357121960902132,1.70212109422045,0.0887326703647714,-0.806625948446128,0.547877288595215,-1.47227484189819,0.140946674145904
0,"",649703.937216985,0,0.831461600541502,0.44336465638758,0.196172885032124,0.000000529113467994342,0.0127441059477895,0.0300039102868397,0.71514970292903,0.176122867829735,43.6272297286179,4.06051588724068,0.000200024334264684,0.00859139552000971,0.0403677805446366,85606.8733998476,0.212828037709673,0.831461600541502,0.178846135475643,0.231322498756405,46.3066893520011,0.773146306291535,0.44336465638758,0.389029061674844,0.297349948232148,55.3376206935051,1.30832059661608,0.196172885032124,0.729188243797276,0.181550892750273,4.01643986846316,0.0000590839306041936,0.662599216849179,0.181538640679536,3.64990733856405,0.000262334925675364,0.0665890269480966,0.0891556819569294,0.746884836574582,0.455133079784323,-0.210182926199201,0.373321317482143,-0.563008101484198,0.573429367299507,0.567875197150487,0.38011231787793,1.4939668367518,0.135184287446674,-0.778058123349688,0.594699896464296,-1.30832059661608,0.190764592016456
0,"",650142.615099328,0,0.603349914701071,0.470266554059811,0.19652994355441,0.00000315448643979066,0.011369317579594,0.02983890649309,0.71462922593891,0.170784665518823,42.7155282081757,4.18438753718288,0.000139583744220385,-0.0210283061003541,0.0404708707772662,85584.1709399383,-0.519591145347096,0.603349914701071,0.166198077668607,0.228278840525796,46.0914491991474,0.728048544866455,0.470266554059811,0.395093631470688,0.302244710983224,55.5576144479737,1.30719783378647,0.19652994355441,0.760302216152123,0.176432790412078,4.30930222424275,0.0000163770439792248,0.633167868007128,0.176420062623466,3.58897881902753,0.000331975808918122,0.127134348144995,0.0900283764514145,1.41215862327147,0.157903260597639,-0.22889555380208,0.375360854239402,-0.609801345070715,0.541993410396511,0.561291709139295,0.382139264932217,1.46881454131351,0.141883098853306,-0.790187262941375,0.604489421966449,-1.30719783378647,0.191145531048349
0,"",650358.652630655,0,0.555434397602355,0.513150021943461,0.230082168309793,0.00000406238514842496,0.00933900741558657,0.0259335163836437,0.70182950022092,0.168608167295221,42.9529826259882,4.16248816103948,0.00014840414252502,-0.0238933413407644,0.0405219972085126,85583.3397845424,-0.589638788478695,0.555434397602355,0.150114218427224,0.227776778835831,46.0732774973206,0.659040922408592,0.513150021943461,0.375403960591019,0.309347631692097,55.3135206547383,1.21353429647287,0.230082168309793,0.749979295814592,0.174464971176803,4.29873854193094,0.0000171772961398903,0.621354764867286,0.174452306855812,3.56174576344725,0.000368397035908539,0.128624530947306,0.0911913063916407,1.41049115356348,0.158394706763567,-0.225289742163795,0.38078831425082,-0.591640377953929,0.554091429326495,0.525518179018242,0.387500575677884,1.35617393109395,0.175043834362019,-0.750807921182037,0.618695263384195,-1.21353429647287,0.224925610090689
0,"",650367.827587613,0,0.977348016154588,0.468176058453498,0.287426398396397,0.00000000941549154734659,0.0114914117043788,0.020525928828792,0.70526809792407,0.168540709965519,43.6002106632594,4.18455634883914,0.000135950408565206,-0.00115068228458329,0.0405256158883833,85626.5812129155,-0.0283939493418812,0.977348016154588,0.170819167381895,0.233516096318226,46.0305983017128,0.731509176776875,0.468176058453498,0.335315152127446,0.312158809472025,55.0611516661164,1.07418128834675,0.287426398396397,0.724129703442196,0.174542690608364,4.14872545460518,0.0000334331479735493,0.649623039423818,0.174530599962184,3.72211543170408,0.000197560664483305,0.0745066640183781,0.0916275863596845,0.813146640422262,0.416133988314804,-0.164495984745551,0.386494539103488,-0.425610113734376,0.670391969434583,0.506134319509341,0.393151052884984,1.28737877158225,0.197962299779914,-0.670630304254892,0.624317618944049,-1.07418128834675,0.282741437131332
0,"",650312.29491229,0,0.72302109465859,0.291393868472127,0.302015191332633,0.00000146683913144744,0.0238040595992823,0.0193528303784719,0.711156806391736,0.167051440688462,43.9440882007951,4.25711268014737,0.000107107150669224,0.0143587837337314,0.0405128701932723,85637.929656054,0.354425239812209,0.72302109465859,0.249624588354207,0.233919071224806,46.7013494570493,1.06714081518521,0.291393868472127,0.328976737595738,0.315746573406021,55.0074326492304,1.0419012122507,0.302015191332633,0.705341695172609,0.173185415085023,4.07275459556644,0.0000464603698324299,0.663218849675684,0.173173434117968,3.8297955633535,0.000128249760957217,0.0421228454969254,0.0921799519975577,0.456963196271152,0.647697499089016,-0.0793521492415309,0.389636097216546,-0.203657078510952,0.838621485551144,0.578601325949945,0.396247110710599,1.46020326788586,0.144234217482029,-0.657953475191476,0.631493146812041,-1.0419012122507,0.29745748204472
0,"",650283.4590171,0,0.734733128527071,0.270818664824729,0.298577637617014,0.00000133981076178673,0.0253446099969698,0.0195805026981123,0.705126558024523,0.163675056338597,44.5587719790922,4.30808807278379,0.0000894421919852798,0.0137256715049299,0.0405081477000359,85691.626881644,0.338837302721637,0.734733128527071,0.268658613023197,0.241145959643181,47.7317143845503,1.11409128902979,0.270818664824729,0.335685972559608,0.319887506678573,55.139132783495,1.04938756766425,0.298577637617014,0.698617575857833,0.170133488251343,4.10629078988697,0.0000402063277332998,0.653783768567196,0.170122054014061,3.84302771534348,0.000121525738914487,0.0448338072906368,0.0928221035649994,0.483007878174638,0.62909014242334,-0.0670273595364117,0.397318919718843,-0.168699138676413,0.866033296306911,0.604344585582805,0.403852024380195,1.49645055391344,0.134536283999432,-0.671371945119217,0.639775013357146,-1.04938756766425,0.293999777800127
0,"",650337.021350156,0,0.873992447253165,0.337349027428576,0.313077927753871,0.000000293371437499516,0.0189900287387668,0.0182933926600014,0.712735492613983,0.158468654661083,46.2177512302062,4.4976433613216,0.0000460643235178566,0.00642646035167936,0.0405225353278099,85729.9340423374,0.158589789599591,0.873992447253165,0.240524685360781,0.248217845834074,48.5066302854172,0.969006416732678,0.337349027428576,0.315789772121758,0.310200767265783,55.6157555973099,1.01801737921295,0.313077927753871,0.714412659690362,0.165037328253858,4.32879438396786,0.0000149927827601229,0.659264790944208,0.165025643406919,3.99492331818151,0.0000647151952162011,0.055147868746154,0.0912956675120524,0.604057895067952,0.545805151521305,-0.0752650867609774,0.393970309349571,-0.191042535375919,0.848492268412879,0.556314457482538,0.400575367885471,1.38878848297431,0.164897078404664,-0.631579544243516,0.620401534531566,-1.01801737921295,0.308669697001502
0,"",650309.655490321,0,0.694128569837852,0.42614915181737,0.313563634720683,0.00000180328671571202,0.0128814736687754,0.0181602784958705,0.731963214072506,0.156085278629969,46.5262933670739,4.68950832837841,0.0000242442422439803,0.0159338598474937,0.0405173859261888,85761.7398548865,0.393259818797804,0.694128569837852,0.205582117492217,0.256197667282238,49.3428329725068,0.802435555612376,0.42614915181737,0.301299328693928,0.296281105831303,55.9121905982652,1.01693737050341,0.313563634720683,0.726335017201191,0.162592094663715,4.46722221460676,0.00000792418067380274,0.693322256207603,0.162580096983134,4.26449651016955,0.0000200353475435603,0.0330127609935879,0.0891189288323589,0.370434894428411,0.711058478101585,-0.0957172112017103,0.388325038001407,-0.24648735423896,0.805304992379849,0.506881446186145,0.39502296344411,1.28316957010997,0.19943267443712,-0.602598657387856,0.592562211662606,-1.01693737050341,0.309183224166369
0,"",650389.510094652,0,0.229909493895998,0.344894798863058,0.343831764044413,0.0000168051258132681,0.0179099622097625,0.0160140151852595,0.725040952592733,0.154860811619931,45.5402620326423,4.68188785147383,0.0000257843801801752,0.0486683348174477,0.0405366579567534,85772.4917434416,1.20060057416104,0.229909493895998,0.248063109060909,0.260137894086176,49.862466894926,0.953583136867913,0.344894798863058,0.274245358182667,0.287257873088089,56.0045570505662,0.954700928592368,0.343831764044413,0.679191603326783,0.161302460247678,4.21067107274058,0.0000254613233216809,0.717473476050474,0.161290087911173,4.44834202363141,0.00000865356591543178,-0.0382818727236914,0.0877614228863306,-0.436203874830909,0.662688816842149,-0.0261822491217588,0.384145148022835,-0.0681571777139884,0.94566051489606,0.522308467243576,0.390909355774303,1.3361370341444,0.181504487141467,-0.548490716365334,0.574515746176178,-0.954700928592368,0.339728960152011
0,"",650368.195041268,0,0.0795051891397004,0.275982055148257,0.495101418655107,0.0000358487494239815,0.0235397900888893,0.00838054124511581,0.74085111650509,0.154588076243525,44.9603082961249,4.79242082900376,0.000018330452452481,0.0710760549165297,0.040531852703483,85775.6737168269,1.75358514787117,0.0795051891397004,0.285965657575125,0.259648457834451,50.3162459415748,1.10135704236477,0.275982055148257,0.200932401009617,0.292596044402225,55.8002338498615,0.686722889299897,0.495101418655107,0.660619716662303,0.161141546130301,4.09962379365603,0.0000413822272501298,0.759503921386099,0.161129467815202,4.71362520887344,0.00000243348077765629,-0.0988842047237964,0.0885668091936182,-1.11649279932421,0.264211250720316,0.0850332565655081,0.387818322883855,0.21926054430124,0.826447095154062,0.486898058584742,0.394533245933506,1.23411160809196,0.217161318585397,-0.401864802019234,0.58519208880445,-0.686722889299897,0.492257370115113
0,"",650435.303615394,0,0.0441005995347682,0.190797569829451,0.676971524675785,0.0000472518930942294,0.034207514432959,0.00315707886065273,0.74698698494522,0.155538010535057,46.410179770535,4.80260087148829,0.0000167220625495846,0.0816283591853792,0.0405473168378491,85766.5928813625,2.01316302905604,0.0441005995347682,0.342139085801797,0.257959364923807,49.6666749613023,1.32632938487367,0.190797569829451,0.123788479863363,0.295568767615486,55.3840456912459,0.418814480508317,0.676971524675785,0.641849293141449,0.162085059892196,3.95995345634167,0.0000749643725146169,0.778449941244618,0.162073066013174,4.80308024271806,0.00000156243233600251,-0.136600648103168,0.0890400540308257,-1.53414830651245,0.124993171545487,0.218350605938433,0.388940754751247,0.561398113391544,0.574526169866371,0.46592756566516,0.39564245219237,1.17764805845106,0.238936942157596,-0.247576959726726,0.591137535230972,-0.418814480508317,0.675351721176832
0,"",650581.614919433,0,0.0434187205512307,0.0693738312315999,0.985005260827063,0.0000475671408543942,0.0653216240172183,0.0000064910548933537,0.758593348700261,0.157421104776296,47.4702192617207,4.81887958910123,0.0000151984655620982,0.0819608044324308,0.0405808956900649,85751.4477978276,2.0196893892733,0.0434187205512307,0.475513139476571,0.256145804660787,49.3123581707319,1.85641588042518,0.0693738312315999,0.00543415426682313,0.28782585589968,54.9143965911865,0.0188800073219175,0.985005260827063,0.626020167110846,0.163704186385883,3.82409381782817,0.000131253932803875,0.788771608944484,0.163691667999089,4.81864238165668,0.00000144538360659981,-0.162751441833638,0.087900772629977,-1.8515359645216,0.0640924857267718,0.470078985209748,0.381882940815303,1.23095046928818,0.218341389845366,0.480947293743394,0.388682663176101,1.2373777873532,0.215946861318853,-0.0108683085336463,0.57565171179936,-0.0188800073219175,0.984936828544964
0,"",650593.620528848,0,0.0863731021180572,0.0326497261305301,0.775474313220659,0.0000343066885158431,0.0893003786040997,0.001493294832846,0.759619159115896,0.156632179476592,48.0249629164263,4.84970049995007,0.0000134113221401552,0.0695932273248075,0.0405822721711164,85717.1132687831,1.7148676897973,0.0863731021180572,0.547003996110193,0.248825171919537,49.284939569165,2.19834670218606,0.0326497261305301,-0.0811820248340691,0.283229849595945,54.9347482090423,-0.286629481143612,0.775474313220659,0.622390515579939,0.162724799897132,3.82480430747734,0.000130876001185462,0.779058352671852,0.162711429922119,4.78797557765146,0.0000016847214437556,-0.156667837091913,0.0872203800738666,-1.79622969951784,0.0724579931469111,0.628186020944262,0.373540527442656,1.68170780623181,0.0926255135740182,0.465821971276124,0.380438828359724,1.22443330320549,0.220788812499131,0.162364049668138,0.56645969919189,0.286629481143612,0.774396038473757
0,"",650790.237081609,0,0.102784489820593,0.0655809735364152,0.871078520265824,0.0000310750275780552,0.0673198223829355,0.000482879400795405,0.761417902522564,0.155895200762398,48.1151163930135,4.88416512374266,0.0000118935168685292,0.0662825868426196,0.0406262992007894,85656.3087415298,1.63151919191625,0.102784489820593,0.448019846894801,0.237887177970983,49.1408000845063,1.88332910884945,0.0655809735364152,-0.0455906255787446,0.279615960518372,55.0273687414297,-0.163047293488631,0.871078520265824,0.641989354708469,0.161760098463034,3.96877450501292,0.0000722432036664281,0.784371814463558,0.161745565981223,4.84941772409772,0.00000123824415588691,-0.142382459755088,0.0867460725075887,-1.64137067695638,0.100720492962594,0.493610472473545,0.36358807048206,1.35760909817282,0.174587754476829,0.402429221316056,0.370613686528645,1.08584554738227,0.277547331331985,0.0911812511574892,0.559231921036744,0.163047293488631,0.870481198042329
0,"",651129.728574281,0,0.082979099886638,0.0689182724641048,0.855425691491215,0.0000351012631386528,0.0661607065643643,0.000606043857324651,0.759963260720097,0.156506254299066,49.7679072757196,4.85580122100355,0.0000123094392937817,0.0705698240164568,0.0407053013855371,85624.5160567879,1.73367648965574,0.082979099886638,0.436642772777094,0.234757451668056,48.8298948006514,1.8599740697241,0.0689182724641048,0.0502138867820136,0.274311954314986,55.2574544749299,0.183053950045335,0.855425691491215,0.647787482943318,0.162198185802323,3.99380227182567,0.0000650220932069954,0.778114292043662,0.162182968244506,4.7977558954932,0.00000160453152772537,-0.130326809100344,0.086056218056736,-1.51443802717917,0.129914780666079,0.386428885995081,0.357469041253723,1.08101357432182,0.279691075465052,0.486856659559108,0.364598550919662,1.33532253030371,0.181770807725677,-0.100427773564027,0.548623908629971,-0.183053950045335,0.85475568769932
0,"",651310.220970836,0,0.124837137108628,0.0585005338062131,0.823920446167118,0.0000275056349149729,0.0710974238800277,0.000899805322613873,0.74390750409654,0.156656629870142,50.103978977675,4.74864999146983,0.0000175367844392938,0.0625404004636585,0.040748292991501,85638.461248416,1.53479804606055,0.124837137108628,0.466633055658259,0.240887082739134,49.0275598888901,1.93714436802572,0.0585005338062131,0.0582226435329622,0.260433792822142,55.4944631639299,0.223560248852668,0.823920446167118,0.637394446986464,0.16218575538039,3.9300273041336,0.0000849362160110325,0.749937838302705,0.162169933050098,4.62439506632238,0.00000375693214947139,-0.112543391316241,0.0840871352842118,-1.33841390761913,0.180761547746789,0.408410412125297,0.351115101749179,1.16318099133499,0.244756077159746,0.524855699191221,0.358361381111661,1.46459894077616,0.143030371168616,-0.116445287065924,0.520867585644283,-0.223560248852668,0.823099497587286
0,"",651548.895633256,0,0.138770293473053,0.110481667106885,0.905588056719018,0.0000255731235202304,0.0509309723317984,0.000255563758742022,0.72270062386284,0.158664420387933,51.2207462805143,4.55490034940311,0.0000326920857336247,0.0604105853606963,0.0408069431932956,85696.4986911001,1.4803996730297,0.138770293473053,0.40921769591093,0.251777421979253,49.225606987987,1.62531529910038,0.110481667106885,0.0313739265303234,0.26331892113694,55.5345612724367,0.119148014107225,0.905588056719018,0.621608425488163,0.164365968265891,3.78185601342123,0.000155663396841909,0.735673671982313,0.164351170635778,4.47623019134226,0.00000759725713995247,-0.114065246494149,0.0845517345445475,-1.34905862202096,0.177318137452777,0.377843769380607,0.360731885287869,1.04743657212082,0.294898271581702,0.440591622441254,0.367872200405442,1.19767577423808,0.231043264060916,-0.0627478530606467,0.526637842273881,-0.119148014107225,0.905158091884865
0,"",651565.285900161,0,0.108048782017354,0.115884769997458,0.826859617251795,0.0000301196847884246,0.0493566163846582,0.000862547367726986,0.713285436353664,0.158206442556474,52.370316210399,4.50857389135117,0.0000370454829745121,0.0655881432170925,0.0408129550638186,85741.5019864224,1.60704225201369,0.108048782017354,0.41485097663978,0.259209675265106,49.3348791142623,1.60044557061958,0.115884769997458,0.0601375607738143,0.273653627651502,55.941161955586,0.219757952013702,0.826859617251795,0.609506074742838,0.164248414189663,3.71087950985646,0.000206540401079959,0.727732601655962,0.164234794160198,4.43105010346417,0.00000937752949554842,-0.118226526913124,0.0860469871783259,-1.3739763679129,0.169449019144518,0.354713415865966,0.373423695709237,0.949895306435401,0.342165451958877,0.474988537413594,0.380403300246716,1.24864462822887,0.211795081663021,-0.120275121547629,0.547307255303005,-0.219757952013702,0.826059668512284
0,"",651726.094182987,0,0.236815599642309,0.0649715634957325,0.908025876592433,0.0000163248968282276,0.0681464746005738,0.00024245528688002,0.701427074914335,0.155489988088501,52.5223110535019,4.51107549455275,0.0000365834709351508,0.0483265222639973,0.0408510981929185,85724.7206769256,1.18299199781059,0.236815599642309,0.477337130124678,0.252813367423575,48.7477558843485,1.88810083497257,0.0649715634957325,0.0331695012019442,0.285803188452206,55.5401149193682,0.116057141914955,0.908025876592433,0.605277994605268,0.161760968002959,3.74180497358421,0.000182703281924618,0.694788463703337,0.161747478882045,4.29551340463251,0.0000174289504805992,-0.0895104690980687,0.0878994552600141,-1.01832791606375,0.308522146064206,0.444167628922734,0.378097368088978,1.17474403793842,0.240097135157743,0.510506631326622,0.385017535703475,1.32593085765266,0.184862600746862,-0.0663390024038885,0.571606376904411,-0.116057141914955,0.907607255012317
0,"",651858.404039645,0,0.870057630722331,0.053897879451496,0.868327901640303,0.000000312052506285467,0.0739773497015488,0.00050395496747261,0.674191867735681,0.151574637830859,52.1876183155655,4.4479200305793,0.0000456947283824983,0.00668814394370161,0.0408846308334013,85755.7503252948,0.163585773122296,0.870057630722331,0.510449998073372,0.258414649121358,48.8421749922682,1.97531370535287,0.053897879451496,-0.0496014763440807,0.297801803434294,55.0204209622249,-0.166558683567625,0.868327901640303,0.607204205322986,0.158359119195227,3.83434947358111,0.000125897040941477,0.631261458355639,0.158346429404626,3.986584735312,0.0000670311953105502,-0.0240572530326528,0.0897481551764028,-0.268052897414633,0.788658601801478,0.560051474417452,0.390889357436238,1.43276214551021,0.151925822769762,0.460848521729291,0.397660156743857,1.15890041764012,0.246496778664771,0.0992029526881613,0.595603606868587,0.166558683567625,0.867717305222301
0,"",652160.979580993,0,0.741151898922695,0.0829329249871272,0.918789659056677,0.00000127234231772789,0.0598519832449864,0.000190279081759975,0.639741542902882,0.147427502582389,51.4706848025838,4.3393636309166,0.0000669217583554115,-0.0135294828882356,0.0409575517934188,85761.0111129486,-0.330329384834218,0.741151898922695,0.458988048623868,0.259324179495985,49.2078531791204,1.76993926874055,0.0829329249871272,-0.0307805018158711,0.300512401869436,55.1255455503334,-0.102426727231192,0.918789659056677,0.600538716169949,0.154475659099455,3.88759445773467,0.000101242594059036,0.580107889136123,0.154462787169925,3.75564820345981,0.000172893412863856,0.0204308270338258,0.0902421674402662,0.226400003605294,0.820890325126018,0.489768550439739,0.393540597910758,1.2445184894261,0.213308798797018,0.428207546807997,0.40029896988782,1.06971933234801,0.284745661769276,0.0615610036317422,0.601024803738872,0.102426727231192,0.918417969970287
0,"",652515.849658494,0,0.534029675728205,0.160084552680581,0.807458290822062,0.00000450985679577503,0.0397231040608398,0.00108681502980515,0.581681203855575,0.146200307206175,50.5049231898328,3.97865924478036,0.00022174816185068,-0.0255228437892007,0.0410421560193533,85749.7930471492,-0.62186898215497,0.534029675728205,0.367189295658286,0.257432754373654,49.1819472187519,1.42635033584469,0.160084552680581,0.0732480868349871,0.299117512567093,55.1164199221849,0.244880636397234,0.807458290822062,0.575556039988559,0.153241856984685,3.75586704124892,0.000172742389121301,0.508737429503316,0.153228527541325,3.32012215784109,0.000899780668594084,0.066818610485243,0.0901221947037441,0.741422362214922,0.458437389759273,0.293941208823299,0.391223984909287,0.751337392801863,0.452449630755584,0.440437382493273,0.398032174992374,1.10653713484773,0.268494100147278,-0.146496173669974,0.598235025134185,-0.244880636397234,0.80654885521125
0,"",652632.158516846,0,0.387995658113756,0.160728878277689,0.51212897748068,0.0000086896329380098,0.0400508705302374,0.00788088351601845,0.531804952712663,0.143590261496272,49.5320395911084,3.70362827653511,0.000535043842134941,-0.0354551149773578,0.041071077983031,85759.1340297543,-0.863262342225509,0.387995658113756,0.369938544756255,0.259722862876322,48.626729805451,1.42435879790997,0.160728878277689,0.200652276362287,0.304098893487223,54.80843631121,0.659825736494227,0.51212897748068,0.549033385083414,0.150914157311146,3.63805089506247,0.000274709147423957,0.434915570836778,0.150901060094522,2.88212402593033,0.00395004220600672,0.114117814246636,0.0909170211892875,1.25518646292915,0.209411078553276,0.169286268393969,0.396524941134444,0.426924641637034,0.669434216813232,0.570590821118542,0.403276798365562,1.41488630992679,0.157101832526737,-0.401304552724573,0.608197786974446,-0.659825736494227,0.50936566547598
0,"",652861.549074741,1,0.266568462421638,0.156045868899865,0.454341729672123,0.0000143873696941822,0.0410173022700616,0.0103011933080339,0.512446553872619,0.141724425136444,50.5615509066612,3.615795607421,0.000690012830423664,-0.0456927690769323,0.0411273468811971,85791.826902609,-1.11100697083435,0.266568462421638,0.383139842186114,0.265911461075986,48.5382593425669,1.44085493959446,0.156045868899865,0.233476109665592,0.309822893733905,54.5598784522522,0.753579268632473,0.454341729672123,0.542025355902778,0.149401893908029,3.62796843951956,0.000285660169722157,0.400364092641706,0.149389385870016,2.68000360474113,0.00736213673651332,0.141661263261072,0.0918580491612111,1.54217583058461,0.123030871680039,0.149663732520522,0.404938080135821,0.369596587385219,0.711683094207939,0.616615951851706,0.411610753603871,1.49805598238847,0.13411870611819,-0.466952219331184,0.619645787467809,-0.753579268632473,0.451101896670761
0,"",653057.823079388,1,0.232900750407704,0.128124155364127,0.398830063110661,0.0000165859232907519,0.0467963324784007,0.0130054365096776,0.491167102484287,0.138606312550324,50.6080004400269,3.54361279401297,0.000859227068648786,-0.0491186421989443,0.0411748483675965,85798.9223891999,-1.19292830808818,0.232900750407704,0.41618920804142,0.268885322431343,48.8001687321535,1.54783163423764,0.128124155364127,0.25637725871621,0.301498999819049,54.8753211461893,0.850341987436375,0.398830063110661,0.523079141308202,0.146312174295189,3.57508965899772,0.000350107894563442,0.369634698450215,0.146299069500944,2.52656903226462,0.0115182749295188,0.153444442857987,0.0906180775784084,1.69330940313998,0.0903965892188875,0.15981194932521,0.400594482297298,0.398936970895687,0.689939646872874,0.67256646675763,0.407340137691767,1.65111759074073,0.098714566073938,-0.512754517432419,0.602997999638099,-0.850341987436375,0.395134979204355
0,"",653214.577878972,1,0.277817585630945,0.109679277838369,0.487622823647834,0.0000137244789880681,0.0506713807920816,0.00875783471356611,0.460171081454282,0.134270011354883,50.6811571676859,3.42720669202912,0.00121842392659986,-0.0447264567988603,0.0412133528454086,85812.6410226979,-1.08524188669214,0.277817585630945,0.445468793843159,0.273495997786631,49.7034409641778,1.62879456170578,0.109679277838369,0.206905402713538,0.296097228071888,55.2659960875051,0.698775209956727,0.487622823647834,0.479211939220643,0.142183131087953,3.37038533019932,0.000750631395839264,0.345204920430228,0.142169603644361,2.42812043911836,0.0151773022230856,0.134007018790415,0.0898292816110179,1.4917966211808,0.13575246998831,0.238563391129621,0.399679042075882,0.596887417189936,0.550582548696361,0.652374196556697,0.406452853206403,1.60504272859763,0.108484401657716,-0.413810805427076,0.592194456143775,-0.698775209956727,0.484692523256449
0,"",653374.732475987,1,0.42370497161049,0.092542785134442,0.539710582110702,0.00000746066587217186,0.0556085572946465,0.00681480199689594,0.461257853226701,0.130867865497971,50.828979974317,3.52460744638531,0.00090751631841434,-0.0330012470010273,0.041250843132308,85785.5641287798,-0.800013878387385,0.42370497161049,0.452628355050547,0.263922523450108,49.9506356566171,1.7150046503557,0.092542785134442,0.184504284807233,0.298999380775616,55.4944218702824,0.617072464593812,0.539710582110702,0.465390767468787,0.138837664936251,3.35204980350597,0.0008021558705641,0.359657927105571,0.138823294292652,2.59076064242779,0.00957640726902813,0.105732840363216,0.0903235148883982,1.17060148172773,0.241759001468248,0.268124070243314,0.395390992751323,0.678123870191317,0.497693157081976,0.63713263985778,0.402215637473324,1.58405735754129,0.11318066712135,-0.369008569614466,0.597998761551232,-0.617072464593812,0.537186929821161
0,"",653460.50331966,1,0.283196676689806,0.0820281675463652,0.610309290892523,0.0000134322787882794,0.0591675987462927,0.00468361954545727,0.46084181968781,0.129325891375284,50.9610997501792,3.5634149881907,0.000805236856924539,-0.0442892350710996,0.0412694404560735,85740.0371256018,-1.07317265709576,0.283196676689806,0.448991820487612,0.25299806116441,50.0807465206849,1.77468482731113,0.0820281675463652,0.149959385361878,0.292592300579092,55.8214428629428,0.512519929830969,0.610309290892523,0.472934885891668,0.136994536881488,3.45221712235719,0.00055600012736439,0.35206481706514,0.136978617093046,2.5702173414847,0.0101634728947292,0.120870068826528,0.089384315199453,1.35225143870955,0.176294893431372,0.299032435125734,0.383305349644998,0.780141564428165,0.435307553525532,0.59895120584949,0.390273693138236,1.53469530839564,0.124858688818377,-0.299918770723756,0.585184601158183,-0.512519929830969,0.608287175695557
0,"",653670.791646453,1,0.404610145285123,0.129572987882259,0.535979927089488,0.00000810443981531041,0.0454720202981262,0.00689651663787551,0.439416531984446,0.131514838570108,50.9618976558518,3.34119356235382,0.00156752237407263,-0.0344354018615255,0.0413181784331026,85704.0719106153,-0.833420135335326,0.404610145285123,0.379236191611651,0.246053906868529,49.8658740737786,1.54127279033323,0.129572987882259,0.18148886768354,0.291428719958755,55.8470196730413,0.62275560112684,0.535979927089488,0.45256091158092,0.138896752100557,3.25825409692287,0.00112099982594555,0.344609088242007,0.138880249065139,2.48133979137937,0.0130889534245766,0.107951823338913,0.0892723523050789,1.20924138942815,0.226570120784726,0.197747323928111,0.377872923710834,0.52331699764611,0.600753674318402,0.560725059295191,0.384913628402993,1.45675553661646,0.145183873481181,-0.36297773536708,0.58285743991751,-0.62275560112684,0.533445138717386
0,"",653906.61136262,0,0.557659251572079,0.309558079869775,0.678954110432847,0.00000400988284654617,0.0207524286245478,0.00308175478821874,0.415410110440062,0.133376762696568,49.1800144479344,3.11456135267821,0.00307011907919454,-0.0242598625501269,0.0413761956154247,85731.8377087691,-0.586324145786931,0.557659251572079,0.261793571617356,0.255000686642013,49.734623078656,1.02663869287881,0.309558079869775,0.120500794368432,0.289621456032105,55.9989417050078,0.416063077712981,0.678954110432847,0.424457288405939,0.140801725247638,3.01457448521611,0.00257340013736328,0.349989448864577,0.140785949859451,2.48596858716355,0.0129199369455838,0.0744678395413618,0.0890525667916411,0.836223392814678,0.403029240651297,0.141292777248923,0.382359704105957,0.369528419788109,0.711733893873008,0.382294365985788,0.389375053951988,0.981815250118533,0.326190873765105,-0.241001588736865,0.57924291206421,-0.416063077712981,0.677363846843268
0,"",653923.694071022,0,0.704887592201226,0.427952946388843,0.727061267549911,0.0000016722479270549,0.0128759129494377,0.00217305238063546,0.423269935066068,0.134769042349916,49.4418482827134,3.14070596396378,0.0028440371435104,-0.0156727451508069,0.0413821175962108,85775.514143743,-0.378732313888209,0.704887592201226,0.213726127519811,0.267378536373433,48.9841828973874,0.79933913327026,0.427952946388843,0.101616203013643,0.289690061145419,56.4993912720492,0.350775593100632,0.727061267549911,0.426872049619306,0.142381116298227,2.99809455577797,0.00271673369737819,0.373644970248603,0.14236644128448,2.62452981810493,0.00867686947224314,0.0532270793707031,0.0890540177191704,0.597694306601117,0.550043925059594,0.112109924506168,0.390744720459715,0.286913472239034,0.774178574632879,0.315342330533453,0.397670453908926,0.792974000038919,0.427792971099071,-0.203232406027286,0.579380122290838,-0.350775593100632,0.725756709055002
0,"",653964.081688125,0,0.558586663169912,0.531793195641222,0.793541901026896,0.00000398895879321465,0.00808127347615112,0.00122169119835771,0.425848020217326,0.137991232915786,49.8724056020563,3.08605127455608,0.00330655987907169,-0.0242116931151554,0.0413914458499909,85776.4058283791,-0.584944367560929,0.558586663169912,0.168444502656785,0.267471989194878,48.6803121437143,0.629765020119761,0.531793195641222,0.0767811153636794,0.29199420872298,56.5285719464795,0.26295424042647,0.793541901026896,0.440190516718437,0.145489977864574,3.02557277950911,0.0024816267204401,0.375233420658122,0.145475736518757,2.57935398464018,0.00989852956577278,0.064957096060315,0.0894106254896571,0.726503094062675,0.467530411412652,0.0916633872931058,0.392514175871866,0.233528858134868,0.815350763390243,0.245225618020464,0.399420064096533,0.613954180231662,0.53924560577915,-0.153562230727359,0.58398841744596,-0.26295424042647,0.792585849060166
0,"",654298.439744194,1,0.54288284429003,0.770897782447203,0.992871083860417,0.00000431561068889191,0.00173749550286815,0.00000141565172318141,0.413076988145488,0.144936939676338,50.5762122381636,2.85004629646478,0.00630957572510468,-0.0252338797805504,0.0414715923422905,85787.2020009972,-0.608461801328478,0.54288284429003,0.0794216312293613,0.271240056960159,49.2596159371956,0.29280937380509,0.770897782447203,-0.00256680969400157,0.286019682625414,56.8903314559745,-0.00897424145933061,0.992871083860417,0.429483351646674,0.152043822696522,2.82473397491406,0.00473198855139843,0.379568317667488,0.152029804935905,2.49667042477303,0.012536541175423,0.0499150339791858,0.0886005347407126,0.56337170114448,0.573181802927005,0.0819884409233628,0.390687850951697,0.209856643158068,0.833779562405251,0.0768548215353597,0.397642877236007,0.193275991939232,0.846742827480491,0.00513361938800314,0.572039365250827,0.00897424145933061,0.992839687406506
0,"",654494.751021662,0,0.61739061133956,0.884625118575824,0.787882079308125,0.00000290941241448305,0.000425492048820188,0.00129404347350767,0.392189183890397,0.148610804670905,49.4681378388042,2.63903546420391,0.0110883995573779,-0.0207405955919827,0.0415182461223791,85774.441258148,-0.499553751159136,0.61739061133956,0.0392810446612459,0.269321650671081,49.9743605835212,0.145851789350643,0.884625118575824,-0.0779592226538132,0.288370078859611,56.4057503702412,-0.270344353901455,0.787882079308125,0.400306776085009,0.155564096274958,2.57325941956086,0.0100745661683792,0.375612983206286,0.155550331266358,2.41473599026351,0.0157466186711962,0.0246937928787232,0.0890052440036083,0.277441999683997,0.781440735769266,0.117240267315059,0.391081460778414,0.299784773948892,0.764341330107889,-0.0386781779925673,0.398042961046682,-0.097170862890931,0.922590706565714,0.155918445307626,0.576740157719222,0.270344353901455,0.786895345748
0,"",654692.329918199,0,0.672671058337295,0.952798955060688,0.630641479113604,0.00000208118854688189,0.0000711661832042183,0.00408943925260065,0.393305297797886,0.150979128197047,49.5736853390575,2.60503092377493,0.0120940355144286,-0.0175607432946007,0.0415652238779867,85765.6156747653,-0.422486435924167,0.672671058337295,0.0160801781040663,0.270293044101494,49.7287322810346,0.0594916460300334,0.952798955060688,-0.135157770323334,0.279577881096119,56.9158197947174,-0.48343513368594,0.630641479113604,0.394582581658875,0.157668469285627,2.50260932605405,0.0123281543620204,0.388565378658311,0.157654224121428,2.46466836409681,0.0137140117070175,0.00601720300056448,0.0877545547748321,0.068568554828908,0.945333049546062,0.1512379484274,0.385332981499965,0.392486383695173,0.694698870183137,-0.119077592219268,0.39238085573081,-0.303474520940849,0.761528261835761,0.270315540646668,0.559155762192238,0.48343513368594,0.628786806954479
0,"",654853.830703637,0,0.587457377594373,0.911698576683752,0.53224711386861,0.00000343250462881244,0.000250372833426863,0.00676417939427254,0.392252794574831,0.151147457081362,49.328643872444,2.5951663504579,0.0124184177273694,0.0225709814932581,0.0416034759233767,85748.9939025987,0.542526339261369,0.587457377594373,0.0299946622651333,0.269098556788028,49.6100039827837,0.111463482462154,0.911698576683752,-0.170014596326671,0.270576172387949,57.9736409118077,-0.628342824226615,0.53224711386861,0.348147253253888,0.157629286631695,2.20864574530076,0.0271992908719673,0.429899416407673,0.157614193834915,2.7275425261379,0.00638080322099855,-0.0817521631537853,0.0864905789496838,-0.94521465975323,0.344549296675549,0.200009258591804,0.378017256643251,0.529100867954715,0.596735479381502,-0.140019934061538,0.385167431565723,-0.363530045861746,0.716208972538898,0.340029192653342,0.541152344775898,0.628342824226615,0.529779383601326
0,"",655198.729736491,1,0.245535978231538,0.681224154774875,0.494554095871937,0.0000157412714461585,0.00346470182254962,0.00804107541329157,0.381329587241996,0.150007296710229,50.5074123687167,2.54207358978421,0.0141315254960368,0.0484055945888972,0.0416833801577851,85667.9975141991,1.16126845773223,0.245535978231538,0.102642182897648,0.248379657226488,49.1186627127948,0.413247139656256,0.681224154774875,-0.186447985600935,0.271234856292173,58.2913274459072,-0.687404222855836,0.494554095871937,0.301798285908524,0.156164926481437,1.93256125244229,0.0532902695801298,0.438758369481943,0.156148219066154,2.80988391738275,0.00495593715066113,-0.13696008357342,0.0867050095770532,-1.57960980849331,0.11419625162457,0.289090168498583,0.364087193447308,0.794013559667874,0.427187537490251,-0.0838058027032879,0.371432521935316,-0.225628607496794,0.821490288969003,0.372895971201871,0.542469712584346,0.687404222855836,0.491828037278313
0,"",655522.013743074,1,0.403560302476681,0.525013279517742,0.426355765444001,0.00000815011495301645,0.00856110374756798,0.0109423849129976,0.396015273912932,0.150318820874798,50.5748681628372,2.63450226397649,0.0111541159262138,0.0348813552823872,0.0417598879213389,85605.3246736374,0.835283738023712,0.403560302476681,0.152932660966943,0.238821083157819,47.4888175479256,0.640364991837348,0.525013279517742,-0.221299819404886,0.276252497327045,58.0041807264066,-0.801078077288464,0.426355765444001,0.320841125213027,0.156400762332343,2.05140384502255,0.0402276349271691,0.43825757175366,0.156383576221158,2.80245267657695,0.00507156563534614,-0.117416446540633,0.0875339540174206,-1.34138172848065,0.179796546779545,0.374232480371829,0.361460176472239,1.03533530034828,0.300512349633933,-0.0683671584379425,0.368847454789732,-0.185353477569518,0.852951795599938,0.442599638809771,0.55250499465409,0.801078077288464,0.42308644679826
0,"",655584.61862545,1,0.47933328138675,0.571569492931068,0.347671435762106,0.00000584848488932796,0.00688926728071938,0.0153858654482929,0.411854220477688,0.14701720480928,50.652503148738,2.80140151631894,0.00718792486304224,0.0295500591531089,0.0417740477246291,85557.420009396,0.707378402684375,0.47933328138675,0.131848289311146,0.231412466926909,46.7950737071094,0.569754478062713,0.571569492931068,-0.268328426526643,0.283382000915452,57.376358153067,-0.946878861959548,0.347671435762106,0.339218008765796,0.153252266317223,2.21346161409212,0.0268658368601227,0.45609879777886,0.153234584280474,2.97647427257045,0.00291583546180487,-0.116880789013064,0.0886067408058646,-1.3190959056845,0.187137051795184,0.400176715837789,0.362167028527349,1.10495071145763,0.269180946886382,-0.136480137215497,0.369525668975453,-0.3693387189959,0.711875268898961,0.536656853053285,0.566764001830904,0.946878861959548,0.343700510304372
0,"",655733.181890186,1,0.41814484600406,0.654419758095273,0.390746241170863,0.00000766288007801432,0.00435370756366081,0.0130032910962519,0.424269550685336,0.142469715030768,50.7408320998564,2.97796307512589,0.00444087235105717,0.0338517777196277,0.0418104950083898,85545.4638228858,0.809647857860447,0.41814484600406,0.103222693425958,0.229109744975121,46.4204212135965,0.450538205771943,0.654419758095273,-0.252095113509503,0.291481097557198,56.7767439009466,-0.864876369761967,0.390746241170863,0.352161481106191,0.14903645778122,2.36292170619856,0.0181314996791694,0.474150096570763,0.149018567822877,3.1818189068515,0.00146353298120216,-0.121988615464572,0.089854979050609,-1.35761664799749,0.174585357575882,0.355317806935461,0.36708562299025,0.967942585277708,0.333073044686835,-0.148872420083545,0.374370346509024,-0.397660822957184,0.690880219606739,0.504190227019006,0.582962195114396,0.864876369761967,0.387106648652286
0,"",656311.552752032,1,0.536804815291918,0.779879596723378,0.530242224302763,0.00000446129928714287,0.00167293850867853,0.00705177168127085,0.427480017999547,0.140545987816876,50.7781720847721,3.04156685395055,0.00371841165998303,0.0259108469979421,0.0419503958868076,85512.1441075744,0.617654409456727,0.536804815291918,0.0629453544008161,0.223941735184024,47.146575565613,0.28107915815286,0.779879596723378,-0.191568750592285,0.303330344156712,56.1624416805734,-0.631551555202514,0.530242224302763,0.374166193461702,0.147392284251316,2.53857381587029,0.0111305319754989,0.467239465007443,0.14737414009034,3.17043047525859,0.00152213253469708,-0.0930732715457407,0.091809858065494,-1.01376119631233,0.310696715259687,0.254514104993101,0.373421022060296,0.681574121319836,0.495508283277802,-0.128623396191469,0.380624667054522,-0.337927116460492,0.73541811240181,0.383137501184571,0.606660688313424,0.631551555202514,0.527679950866324
0,"",656625.348948082,1,0.821557209678631,0.689079549674081,0.483823017078316,0.000000594895141796852,0.00337177038614411,0.0088600772072795,0.437269213948971,0.140780968992126,50.8040217050284,3.10602503363524,0.00309980703841595,0.0094788659226538,0.0420268185271352,85510.4221490161,0.225543266296344,0.821557209678631,0.0897796028703606,0.223034129087382,47.8947491728889,0.402537509562881,0.689079549674081,-0.218305222164602,0.30970178051277,55.5825296755993,-0.704888495646221,0.483823017078316,0.394619528118136,0.14775730002748,2.67072779513937,0.00756869966002111,0.460586152456709,0.147739313163814,3.11755985995419,0.00182354910747173,-0.0659666243385721,0.0928715157265624,-0.710299856985158,0.477518208490867,0.308084825034963,0.378062263905116,0.814904989068903,0.415126697172922,-0.128525619294242,0.385211313167242,-0.333649648649964,0.738643948763156,0.436610444329205,0.619403561025539,0.704888495646221,0.480879630071519
0,"",656677.37008714,1,0.820671456453122,0.486350309076796,0.458733843241044,0.000000600852769055107,0.00978930178435544,0.00997921904945116,0.436779443123454,0.14191088393006,50.808452145153,3.07784315781388,0.00335690562576689,-0.00952952155265808,0.0420391367773429,85519.7230656559,-0.22668214152756,0.820671456453122,0.156119942238042,0.222598271660167,49.7564153936903,0.70135289494244,0.486350309076796,-0.22906506334833,0.306991227398628,55.2348955578578,-0.746161593246081,0.458733843241044,0.404836936801363,0.148763213361426,2.72135111667558,0.00650156643315858,0.435103763366655,0.148745120354509,2.9251632747996,0.00344275536902619,-0.0302668265652926,0.0924692894104882,-0.327317607372676,0.743427676509643,0.385185005586372,0.375590024836868,1.02554642060494,0.305105433808932,-0.0729451211102876,0.382778449935024,-0.190567470876874,0.848864477569765,0.458130126696659,0.613982454797255,0.746161593246081,0.455569805743196
0,"",656708.615530771,1,0.593429263216545,0.662693070613774,0.507435655209578,0.00000333215687772903,0.00377908970094274,0.00800200283865425,0.418548895231264,0.138906656154998,50.8265783339677,3.01316658839032,0.0040242017597427,-0.0224480764563266,0.0420474225585613,85536.7253800913,-0.533875207809996,0.593429263216545,0.0977324953763495,0.22274374893081,50.749921895047,0.438766501172196,0.662693070613774,-0.209306369692276,0.313716554923877,55.1825938025871,-0.667183055554921,0.507435655209578,0.407938768003434,0.146067315700901,2.79281347812786,0.0052251811610318,0.408113734019859,0.14604928445202,2.79435627193321,0.00520031516357422,-0.000174966016425131,0.0935145979752567,-0.00187100217734375,0.998507157120456,0.307038865068625,0.381181219618138,0.805493159857697,0.420535151978901,-0.111573874315926,0.388286732779455,-0.287349180120711,0.773844969364285,0.418612739384551,0.627433109847754,0.667183055554921,0.504655213089936
0,"",656857.557798564,1,0.36963481494516,0.874181875613993,0.669193801879209,0.00000941090138938984,0.000491785012785369,0.00333740358891217,0.402588165110642,0.13580584913813,50.9059414748273,2.96443906993405,0.00460455207805804,-0.0377559072548492,0.0420836953852084,85527.6963295771,-0.897162354903836,0.36963481494516,0.0351560105490833,0.220913340657408,51.4714454499388,0.159139373133663,0.874181875613993,-0.135869129266892,0.316301428633024,55.1034396070644,-0.429555850740494,0.669193801879209,0.421930169272525,0.143157750231672,2.94730930452398,0.00320552394778239,0.375675819277555,0.143139241048081,2.62454807309873,0.00867640434999832,0.0462543499949698,0.0939585433477831,0.492284664564898,0.622518119659359,0.171025139815976,0.382248972022933,0.447418181168359,0.654573150965175,-0.100713118717809,0.389338309261787,-0.258677649545374,0.795883965823035,0.271738258533785,0.632602857266048,0.429555850740495,0.667518758286994
0,"",657053.415129518,1,0.356288841987669,0.905607837270438,0.854226494783388,0.00000995901550965269,0.000267597918611623,0.000621073585714295,0.379999328338041,0.13440227337479,51.0155625463581,2.82732813066627,0.00668933828420508,-0.0388619157230597,0.0421283501744781,85443.4496471376,-0.922464695676659,0.356288841987669,0.0251878448729308,0.21139868155509,53.0369459610744,0.119148542874743,0.905607837270438,-0.0580782009909617,0.314622231150576,54.8320680309566,-0.184596621728125,0.854226494783388,0.409896170849514,0.141626214709744,2.89421115779713,0.00380112447658239,0.344678645388726,0.141606153851397,2.43406544146688,0.0149302954790015,0.0652175254607877,0.0937661046726514,0.695534123854988,0.486720633809973,0.0832660458638924,0.375454772412855,0.221773837974636,0.824489946600061,-0.0328903561180309,0.382605300103389,-0.0859641936720249,0.931494881133132,0.116156401981923,0.629244462301151,0.184596621728125,0.853545435876569
0,"",657209.48663746,0,0.567251158714148,0.94498716138977,0.990815380636732,0.00000383256473431478,0.0000868029579668203,0.0000024439294923357,0.353852151487378,0.133853280196011,49.1106877692633,2.64358221904765,0.0109803512157316,-0.0241226861442003,0.0421646588133983,85401.0063196996,-0.572106755350644,0.567251158714148,0.0143072404176415,0.206403192965681,55.3486079956417,0.0693169529602207,0.94498716138977,-0.00366328594581761,0.31677855926282,54.7192766105318,-0.0115641852603361,0.990815380636732,0.376039990325841,0.141081761732379,2.66540469659827,0.0076895723654189,0.32858345402355,0.141060992722828,2.32937148449809,0.0198393943631788,0.0474565363022912,0.0941515819747955,0.504043960886344,0.614230485211472,0.0179705263634591,0.374500616556992,0.0479853051476199,0.961727953909257,0.0106439544718238,0.381642706662324,0.0278898411682254,0.977750010866624,0.00732657189163522,0.633557118525639,0.0115641852603361,0.99077332077086
0,"",657389.672475599,0,0.574670538084456,0.836501269315118,0.872839190902362,0.00000368456273118245,0.00078144552582838,0.000471712126644632,0.345801883573744,0.133901599061488,49.7334366396327,2.58250749802436,0.0127998570984783,-0.0236885331217582,0.0422113686877211,85473.1901103271,-0.561188463160375,0.574670538084456,0.0441380080753442,0.212865317003579,54.9765431766836,0.207351806751131,0.836501269315118,0.0528994060887221,0.328968180442258,54.7913316284113,0.160804020673383,0.872839190902362,0.370433737274867,0.141556095633481,2.61686885059333,0.00887404297355706,0.311665544107657,0.141536775886689,2.202011047342,0.0276645281212381,0.0587681931672107,0.0960985338696888,0.611540996524477,0.540841486258032,-0.00876139801337791,0.388324168965582,-0.0225620723961543,0.981999597963789,0.0970374141640663,0.395307163671794,0.245473452245941,0.806089861480706,-0.105798812177444,0.657936360884517,-0.160804020673383,0.872247758411579
0,"",657569.051809646,0,0.379152161783678,0.527065192089451,0.785201725938905,0.00000904838831003756,0.00723936003918726,0.00137077679145136,0.317084422412363,0.131562873522468,50.0576612920312,2.41013603551469,0.0196625527147893,-0.0371622454329936,0.042255556982215,85479.322933513,-0.879464100985226,0.379152161783678,0.135348135104348,0.212644754099586,55.5571015365804,0.636498820191735,0.527065192089451,0.0922762091931077,0.336909747047694,54.6499622897225,0.27388999576805,0.785201725938905,0.349609207699963,0.139563198965632,2.50502432081723,0.0122442973607151,0.255414361216124,0.13954388944925,1.8303514559053,0.0671974016482978,0.0941948464838391,0.0974086958357412,0.967006545726455,0.333540761428006,0.0430719259112401,0.394942562738497,0.109058708721043,0.913155925147388,0.227624344297455,0.401836173510023,0.566460561051948,0.571080735908088,-0.184552418386215,0.673819494095387,-0.27388999576805,0.784169159946405
0,"",657540.648623016,0,0.206247757606254,0.314019404197879,0.649091970697613,0.0000186874509614415,0.0178043290649015,0.00384226941193538,0.290384407659984,0.131358716853382,50.4094968607998,2.21062153023389,0.0316275027939673,-0.0534002868279556,0.0422483925303287,85488.6814048407,-1.26396020368399,0.206247757606254,0.215682984854253,0.212326686801539,56.923947248638,1.01580723602517,0.314019404197879,0.156036630454918,0.34101593971515,54.2805281220687,0.457564038165649,0.649091970697613,0.337362701844403,0.139479964639007,2.41871800525289,0.0155753094210605,0.196961882104888,0.139460816222067,1.41230983325998,0.157858752309876,0.140400819739515,0.0980604746725621,1.43177789224796,0.152207396189749,0.0596463543993349,0.398279905588696,0.149759888868036,0.880954056426556,0.371719615309171,0.405119862435935,0.917554654254834,0.358852067146045,-0.312073260909836,0.682031879430301,-0.457564038165649,0.647265684865823
