convergence_false,bic,singular,p_anova_condition,p_anova_pe,p_anova_interaction,effectsize_condition,effectsize_pe,effectsize_interaction,coef_intercept,se_intercept,df_intercept,t_intercept,p_intercept,coef_condition,se_condition,df_condition,t_condition,p_condition,coef_pe,se_pe,df_pe,t_pe,p_pe,coef_interaction,se_interaction,df_interaction,t_interaction,p_interaction,emmean_amc,emmean_se_amc,emmean_z_ratio_amc,emmean_p_amc,emmean_avc,emmean_se_avc,emmean_z_ratio_avc,emmean_p_avc,emmean_diff,emmean_se_diff,emmean_z_ratio_diff,emmean_p_diff,coef_amc,se_amc,z_ratio_amc,p_amc,coef_avc,se_avc,z_ratio_avc,p_avc,coeff_diff,se_diff,z_diff,p_diff
0,626177.959234279,1,0.00853081335957494,0.132077618687085,0.583142269085443,0.0000805662636837557,0.0469358324141147,0.00588231340791864,0.0607816989485625,0.0905479882349518,50.4442828982217,0.671265040045368,0.50511408834722,0.0894312767086569,0.0339995526026846,85870.5496291973,2.63036628021968,0.00853081335957494,-0.661225609859508,0.431546811903974,47.6717531571764,-1.53222221001286,0.132077618687085,0.27418086565541,0.496451213887016,51.5478757812369,0.552281589783379,0.583142269085443,0.0154831517881076,0.0982048682719246,0.157661754051087,0.874723339332273,0.168473850973065,0.0981801985527466,1.71596567797277,0.0861683244782514,-0.152990699184957,0.0739523960021712,-2.06877271671449,0.0385674198127082,-0.935406475514917,0.65662015470389,-1.42457776967987,0.154279289815076,-0.387044744204098,0.658971084119317,-0.587347083250799,0.556970625507193,-0.548361731310819,0.992902427774031,-0.552281589783379,0.580755442016281
0,626023.177582639,1,0.01282331674046,0.193387325677057,0.454075474555975,0.0000721051935562193,0.0351688571361808,0.0109693614596045,0.0677613460059168,0.0899628723978762,50.6441478517711,0.753214567296503,0.454808358975154,0.0845407513594808,0.0339699682078528,85890.2887547883,2.4886909178778,0.01282331674046,-0.591004191099056,0.447994983985313,47.7449976439291,-1.31922055430521,0.193387325677057,0.378912726219288,0.502290255107173,51.3094402217463,0.754370052706755,0.454075474555975,0.0289815361373244,0.0978890855021401,0.29606504125213,0.767180410819616,0.16230862982378,0.097864676861181,1.65850064629561,0.0972164571864747,-0.133327093686455,0.0742560590964564,-1.79550457307824,0.0725733448039218,-0.969916917318342,0.671852472907815,-1.44364567584382,0.148838669654986,-0.212091464879768,0.674243477351403,-0.314562130749736,0.753094135767926,-0.757825452438574,1.00458051021435,-0.754370052706755,0.450627048698696
0,625903.345891854,1,0.0724994914629724,0.199016553523388,0.471184351301156,0.0000375509176885652,0.0340583954972758,0.0101901166370947,0.0541535079119561,0.0877536601801707,50.7174612031391,0.617108252815567,0.539924026191988,0.0609680142216276,0.0339467294914395,85895.6869029526,1.79599081074959,0.0724994914629724,-0.588311087200421,0.45174893360422,48.1001556714006,-1.30229657103263,0.199016553523388,0.365919377916404,0.504065697119736,51.1881178929886,0.725935884959621,0.471184351301156,0.0382063441398336,0.095918447459915,0.398321127495316,0.69039348872121,0.125614022898229,0.0958937068902221,1.30992978550751,0.190219589790856,-0.0874076787583949,0.0743310609809597,-1.17592400276359,0.239625246271377,-0.954230465116823,0.675674707432034,-1.41226311214677,0.157872503539846,-0.222391709284018,0.67807251956361,-0.327976289950731,0.742929589830666,-0.731838755832806,1.00813139423947,-0.725935884959621,0.46787807638459
0,625988.031723285,0,0.118858548284509,0.269774112215178,0.52917664402655,0.0000283245929827934,0.025276125564284,0.0078017287668729,0.0515137143583331,0.0877190029368044,46.001202478964,0.587258320702131,0.559901783931054,0.0529681533905766,0.0339626921408918,85871.5830049946,1.55959819589219,0.118858548284509,-0.48946568678282,0.438407583805517,48.0683800706119,-1.11646263628494,0.269774112215178,0.325069736241068,0.513059831264659,51.0533997712816,0.633590307469194,0.52917664402655,0.0369755616922599,0.0958586443135616,0.385730071158839,0.699696589568475,0.112238112989873,0.0958337783897156,1.17117487044545,0.241528494067537,-0.0752625512976129,0.0749006032677926,-1.00483237803207,0.314977570284506,-0.814535423023887,0.673670204981587,-1.20910115513592,0.226623985498612,-0.164395950541752,0.676041163621777,-0.243174468343064,0.807870244615583,-0.650139472482135,1.02611966252932,-0.633590307469194,0.526348227938104
0,625868.850916567,1,0.256351113175306,0.244836693828302,0.480712372588693,0.0000150051028292321,0.0280454407182712,0.00978659958349094,0.0546676720121699,0.0881525245512549,50.727670932462,0.620148683097377,0.537935949511713,0.0385222143183072,0.0339383233140227,85861.056533589,1.13506533489799,0.256351113175306,-0.501135049188113,0.425629284583904,48.0430141297217,-1.17739795483768,0.244836693828302,0.374656935345464,0.527417450595951,51.0570292732757,0.710361280086815,0.480712372588693,0.0574655594951967,0.0962976804936936,0.596749155333601,0.550674868807838,0.0991571578194966,0.0962728965648745,1.02995922380582,0.303029147446678,-0.0416915983242999,0.0757543686004256,-0.550352396760201,0.58207769239668,-0.875791984533576,0.676569978276685,-1.29445883301582,0.195506980153021,-0.126478113842649,0.678904982064322,-0.186297224477675,0.852211683911288,-0.749313870690927,1.0548349011919,-0.710361280086815,0.477480127702909
0,625633.510997942,1,0.263608652992886,0.190196118856113,0.323417601993921,0.0000145528129161284,0.0352739215209586,0.019012443384091,0.0643624175966891,0.0882086399512294,50.8382034771093,0.729661149205737,0.468946100298948,0.0378887003076152,0.0338924489474284,85873.7143861525,1.11790978475428,0.263608652992886,-0.576478474822949,0.433870072948036,48.2833145731957,-1.3286891877698,0.190196118856113,0.522701984182344,0.524245131521673,51.293820788457,0.997056439351473,0.323417601993921,0.078333347505174,0.0963843094001415,0.812718875019081,0.416379256864728,0.104788307222121,0.0963597133750719,1.08747010085264,0.276829105302773,-0.0264549597169472,0.0754965437497618,-0.350412858695014,0.726028877562799,-1.09918045900529,0.679317812801626,-1.61806512105443,0.105648564241983,-0.0537764906406045,0.681674193041392,-0.0788888462986586,0.937121034955924,-1.04540396836469,1.04849026304334,-0.997056439351473,0.318737115432735
0,625458.806833938,0,0.429334633592016,0.238095934156473,0.278760076302707,0.00000727553834045106,0.0283900086013229,0.0227321199211376,0.104259188800668,0.0892661029767368,46.5999165190079,1.16795945296098,0.24876416654181,0.0267585905180046,0.0338572982992733,85852.6241301003,0.790334488046819,0.429334633592016,-0.506885197706403,0.424388258147368,48.8223800417553,-1.1943902499074,0.238095934156473,0.574610580255353,0.52492429384797,51.5142733260224,1.09465419488048,0.278760076302707,0.128525860482216,0.0972643777982686,1.3214073167546,0.186365587705838,0.127822477522268,0.097239912352562,1.31450630126879,0.188675878975261,0.000703382959948401,0.0754973925959468,0.00931665234735753,0.992566494471891,-1.08149577796175,0.673853669025364,-1.60494158846978,0.108506659973755,0.0677253825489499,0.676182703558252,0.100158407176878,0.920218566177728,-1.1492211605107,1.04984858769594,-1.09465419488048,0.273668163029154
0,625271.923139643,0,0.987046155580327,0.337278739194845,0.319060511398558,0.00000000307096942106709,0.0185093454821486,0.0192426272668526,0.118008797055602,0.0888308486934866,46.6601086812605,1.32846639192647,0.190485156280328,-0.000549098224341693,0.0338198034098714,85838.5608461792,-0.016235996930172,0.987046155580327,-0.40306082951292,0.415997930318551,49.7798926651632,-0.968901045263077,0.337278739194845,0.554051669236569,0.550689556726066,51.5922024464117,1.00610527740982,0.319060511398558,0.163714720852766,0.0970959778746922,1.68611228226208,0.0917741747521218,0.110335910330533,0.0970716303883941,1.13664424805751,0.255687034626102,0.053378810522233,0.0770662035119071,0.692635787021554,0.488538145877515,-0.957112498749488,0.689007529995871,-1.38911761785132,0.164796987282701,0.150990839723648,0.691299613367405,0.218415918082397,0.827105064088603,-1.10810333847314,1.10137911345213,-1.00610527740982,0.314364930327001
0,625374.751821629,0,0.836532620290326,0.44877733944515,0.299190451078997,0.000000496117970976543,0.0115066474862904,0.0207988145464409,0.131623640253249,0.0851888332822201,45.9075489378924,1.54508091239137,0.12919304591876,-0.0069820816531866,0.0338391783451155,85811.4131310997,-0.206331299831765,0.836532620290326,-0.30639884102756,0.401334406657792,50.071014839479,-0.763450219927989,0.44877733944515,0.600852790272807,0.572954361603959,51.7761141410029,1.0486922354352,0.299190451078997,0.18141009831863,0.0939344241264884,1.93124192760633,0.053453141213557,0.110749141937791,0.0939092337389828,1.17932111176217,0.238270334735482,0.0706609563808389,0.0785251831579637,0.899850895459806,0.368199605055226,-0.907251631300366,0.698419312388303,-1.29900707956935,0.193941499598185,0.294453949245246,0.700644329870565,0.420261660148799,0.674294314831154,-1.20170558054561,1.14590872320792,-1.04869223543521,0.294319789017862
0,625777.191126232,0,0.875911878787788,0.696634312767091,0.356992001087696,0.000000284121466651606,0.00307671551269707,0.0163926128411712,0.140603687316582,0.0845974098030208,45.3593485970472,1.66203300602191,0.103402863498224,-0.00529653456560183,0.033918626942662,85822.8483055922,-0.156154156079354,0.875911878787788,-0.159850321618607,0.407645881509666,49.8236235264514,-0.392130348592315,0.696634312767091,0.53886954892034,0.579805635307741,51.8293808747369,0.929396880791485,0.356992001087696,0.178866013635416,0.0935637999299731,1.91170104003137,0.0559145508648057,0.117424923484962,0.0935386260036202,1.25536292868378,0.209347040454479,0.0614410901504545,0.0790648869091159,0.777097047151668,0.437101515993079,-0.698719870538946,0.707642287175977,-0.987391346166383,0.32345082510626,0.379019227301733,0.709888633725855,0.533913644049276,0.593401281812042,-1.07773909784068,1.15961127061548,-0.929396880791485,0.352683443725564
0,626106.678155083,0,0.607475045089184,0.813957374614903,0.432483589373436,0.00000307470770874273,0.00113695824880586,0.0119473688266335,0.156338490108811,0.0876937156834017,45.7000309082955,1.78277871898183,0.0812656005628697,-0.0174566163167363,0.0339832549640159,85819.308999963,-0.513682881031282,0.607475045089184,-0.0966311412829472,0.408432346803986,49.1762474796621,-0.236590324050221,0.813957374614903,0.462556449872753,0.58468471228743,51.7599458425301,0.791121163512414,0.432483589373436,0.200177727642276,0.0964546164165824,2.07535662966839,0.0379534946030726,0.121617419138876,0.0964300621577011,1.26119818257489,0.207237453287082,0.0785603085034003,0.0794618014984459,0.988655014383695,0.322831959708862,-0.559187591155699,0.712088651663122,-0.785278054705248,0.432290559682887,0.365925308589805,0.71433615446055,0.512259258200564,0.608469575059669,-0.925112899745504,1.16936942457486,-0.791121163512414,0.428873290382847
0,626420.015600763,0,0.449359914628177,0.716619936128132,0.486112914990369,0.00000666946539149921,0.00271064511016061,0.00941850754511822,0.160468522495322,0.0885951415621158,46.5113947070911,1.81125646018427,0.0765617601573223,-0.025754308661575,0.0340446580833627,85804.0760623007,-0.756486042494898,0.449359914628177,-0.147259357323166,0.403359403529545,49.037684053915,-0.365082246836425,0.716619936128132,0.421254333204105,0.600477009151639,51.7611735348968,0.701532826043179,0.486112914990369,0.213045460254775,0.0974508929247362,2.18618274148925,0.0288022384022217,0.121787057047214,0.0974264256209284,1.25004131344271,0.21128445599834,0.0912584032075612,0.0805777021731325,1.13255157129549,0.257402615732166,-0.56851369052727,0.722266199742406,-0.78712487269933,0.43120877043933,0.273994975880938,0.72448218099583,0.378194223499494,0.705286316337172,-0.842508666408208,1.20095401830328,-0.701532826043179,0.482970556275373
0,626628.602323052,0,0.547933430620651,0.370442688201013,0.481107378413713,0.00000420901783449211,0.0162697995061036,0.0095949103448041,0.157290023750913,0.0871526984810636,45.5783084273736,1.80476366758843,0.0777208721101642,-0.0204802862033017,0.0340848365084216,85776.2426704,-0.600862092979132,0.547933430620651,-0.352462030894987,0.389940708749731,49.3993606917392,-0.903886213945417,0.370442688201013,0.424735757203751,0.598534664035188,51.9793657863635,0.709625996162489,0.481107378413713,0.214438711002797,0.0960003782204895,2.23372777251235,0.0255009904697296,0.133399843667125,0.0959752982020117,1.38993935071023,0.164547294992065,0.0810388673356724,0.0805044610844425,1.0066382191003,0.314108661084808,-0.777197788098736,0.713269720699497,-1.08962677868415,0.275877582067516,0.0722737263087641,0.715430853624005,0.101021260045835,0.919533583432841,-0.8494715144075,1.19706932807037,-0.709625996162489,0.477936094443392
0,626476.040450673,0,0.350915406857351,0.222152417575832,0.515448220937172,0.0000101473862418198,0.0299920670641387,0.00814851247978314,0.143828336703246,0.0803258083352861,43.9629384446842,1.79056195865338,0.0802511319879639,-0.0317664665284968,0.0340542203009389,85750.6338182621,-0.932820256866108,0.350915406857351,-0.467718955719909,0.378291737287584,49.4407578625369,-1.2363974933038,0.222152417575832,0.392585107813922,0.599515767650977,52.1957012543274,0.654837001789209,0.515448220937172,0.216184180747285,0.0897501608716714,2.40873307242752,0.0160080012335282,0.115606705362816,0.0897233650380455,1.28847937562078,0.197579143684763,0.100577475384469,0.080538891751829,1.24880629962462,0.211735929281043,-0.86030406353383,0.707837942897458,-1.21539693112843,0.224214737939333,-0.0751338479059873,0.709938754343704,-0.10583145017269,0.915716083277236,-0.785170215627842,1.19903153530195,-0.654837001789209,0.512572704552811
0,626225.655031031,1,0.371529935242316,0.174697115989177,0.472126641401521,0.00000931398850615897,0.0372918482850044,0.00995206270903962,0.145001522717101,0.0750181976262993,51.9087258828548,1.93288465072729,0.058714219737911,-0.0303869796917677,0.0340045192793841,85735.7693357454,-0.893615917405143,0.371529935242316,-0.509085156490979,0.369637873007905,48.967584816503,-1.37725377637397,0.174697115989177,0.434736204463958,0.600229678552122,52.1866966240668,0.724283086955367,0.472126641401521,0.219918248519414,0.0849534164513389,2.58869222340673,0.00963411597251601,0.11812234661435,0.0849251226201994,1.39089992419104,0.164255775817939,0.101795901905065,0.0805313549349502,1.26405301372728,0.206210999589959,-0.943821360954936,0.703890979752753,-1.34086298603579,0.179964941638916,-0.0743489520270205,0.705941312699497,-0.105318885138925,0.916122778138092,-0.869472408927915,1.20045935710424,-0.724283086955367,0.468891958176101
0,626121.401091064,0,0.09882439744337,0.160798473699286,0.58969278176564,0.0000317686058248229,0.0401535307804606,0.00560201462548224,0.15147582754752,0.0763941361557719,42.9787262058576,1.98282008502135,0.0538021686502503,-0.0560951329221169,0.0339847382037407,85757.1919911063,-1.650597764968,0.09882439744337,-0.540577033892885,0.379570315792364,48.4851486712119,-1.42418153212117,0.160798473699286,0.321784727866868,0.59301221124746,52.2660381691439,0.542627490233232,0.58969278176564,0.248257420741899,0.0861500313220489,2.88168694697109,0.00395552509939742,0.105703374574522,0.0861223826544584,1.2273624035534,0.219686410559174,0.142554046167377,0.0800250245176362,1.78136835354496,0.0748522946110491,-0.862361761759751,0.703029141529285,-1.22663729114255,0.219958946647083,-0.218792306026016,0.705141291373031,-0.310281511950591,0.756346889174023,-0.643569455733735,1.18602442249492,-0.542627490233232,0.587386307526047
0,626106.105314056,0,0.0428238150087526,0.251242734507522,0.645880730085092,0.0000478075928472611,0.0271828434330316,0.00405624414306192,0.159766414838622,0.0762603786752475,43.1669388231177,2.09501208378446,0.0420731859520949,-0.0688327522964031,0.0339838567555739,85807.9055083319,-2.02545440299719,0.0428238150087526,-0.465535156295881,0.400883755455341,48.2618969880985,-1.16127218915894,0.251242734507522,0.271538641090481,0.587546907529489,52.4431677901562,0.462156531862695,0.645880730085092,0.263374507490898,0.0861578055138377,3.05688504854731,0.00223650026310127,0.10008647039951,0.0861305650044521,1.16203197313679,0.245222477734079,0.163288037091388,0.0796537417661421,2.04997321495317,0.0403670446761756,-0.737073797386361,0.710171146297166,-1.03788192639122,0.299325028856225,-0.193996515205401,0.712387009172581,-0.272318996146101,0.785376751154039,-0.54307728218096,1.17509381505898,-0.462156531862695,0.64396907252042
0,626240.149161851,1,0.758193782125902,0.285913942191534,0.525842942145488,0.0000011039181593433,0.0229881687249415,0.00766158669062271,0.164871624411204,0.076199504433534,50.9678141476657,2.16368368320578,0.0352000646667836,-0.0104707288243258,0.0340119381340739,85852.6503044944,-0.307854518112156,0.758193782125902,-0.450803640299986,0.417878684070915,49.4617910887178,-1.07879070525522,0.285913942191534,0.362404318414602,0.567498593023363,52.8199800830516,0.638599501161552,0.525842942145488,0.213709723836252,0.0859868329499307,2.48537731306715,0.0129414186885348,0.158571599411507,0.0859596354520064,1.84472163682036,0.0650780417558828,0.0551381244247456,0.0783785375230256,0.703484986671861,0.481753559749831,-0.813207958714587,0.703605063965651,-1.15577331710945,0.247773889926339,-0.0883993218853836,0.70589971619952,-0.125229292287175,0.900342027885554,-0.724808636829204,1.13499718604673,-0.638599501161552,0.523083505905104
0,626221.623825612,0,0.407596936369571,0.357922613565742,0.347226542036069,0.00000798773280835876,0.0168517240419623,0.0165667672577896,0.19456334973918,0.0782625980504803,43.5044333259974,2.4860323396584,0.0168334282908771,0.0281636866563824,0.0340086118283596,85856.7014218929,0.828133967905649,0.407596936369571,-0.392387731416002,0.422899657090758,50.2262619622465,-0.927850672935854,0.357922613565742,0.510882859014822,0.538709400375111,53.3876327622049,0.948345914623148,0.347226542036069,0.209016212914126,0.0874703500632196,2.38956643894826,0.0168682725928318,0.217136404348441,0.0874433914356983,2.48316540316387,0.0130220606592267,-0.00812019143431576,0.0765468089959665,-0.106081383937816,0.915517781260244,-0.903270590430822,0.683709727760499,-1.32113169340079,0.186457457047732,0.11849512759882,0.686035628962261,0.172724451320499,0.862868023278339,-1.02176571802964,1.07741880075022,-0.948345914623148,0.342953383669527
0,626219.293333196,0,0.407489761625026,0.542606739834016,0.279895664435412,0.00000799145806435648,0.00739627977881966,0.0215983705119147,0.195114003195461,0.0783884402236096,43.0478154990994,2.48906602349634,0.0167519673507718,0.0281694360194238,0.0340077814015053,85855.9124064719,0.828323250107015,0.407489761625026,-0.257138428804091,0.419450272139528,50.4354126573431,-0.613036743288976,0.542606739834016,0.563770946030225,0.516503624112089,53.9702979205525,1.09151401793045,0.279895664435412,0.205675292664337,0.0872505031327324,2.35729635107602,0.0184085493251794,0.208816434433914,0.0872232805423098,2.39404472218426,0.0166637168191545,-0.00314114176957688,0.0751767750959477,-0.0417834067179373,0.966671362981313,-0.820909374834314,0.664207518610263,-1.23592303885979,0.216487172308109,0.306632517226134,0.666526384518486,0.460045580112559,0.645483504323962,-1.12754189206045,1.03300724822418,-1.09151401793045,0.275046767104221
0,626549.751099351,0,0.77029409375305,0.689086746316148,0.394411213242593,0.000000993117885797507,0.00317071462954313,0.0133904074922937,0.169704982486157,0.0767556468321322,41.9729683924253,2.21097716572318,0.0325395631436615,0.00994895993715162,0.0340728129344585,85849.5753824762,0.291991153072368,0.77029409375305,-0.166299532180087,0.413286348519945,50.9030220667419,-0.402383317948045,0.689086746316148,0.430814609512367,0.501844767446283,54.2992191650078,0.858461893913203,0.394411213242593,0.187928028638885,0.0855400813334001,2.19695873220437,0.0280233936329875,0.16717404980454,0.0855120260677498,1.95497706570641,0.0505857772999182,0.020753978834346,0.0743788319591058,0.27903071731157,0.780221251569813,-0.597114141692454,0.648968959953368,-0.920096612533455,0.357522274409448,0.264515077332279,0.65126556947943,0.406155475935433,0.684628366291284,-0.861629219024733,1.00368953489256,-0.858461893913203,0.390637463386018
0,626753.558260603,0,0.604878552899948,0.804516487331564,0.425795609517357,0.00000311953153251243,0.00123210236161538,0.0118412723198745,0.139201033417021,0.0765587891630136,42.216623211783,1.81822407249187,0.0761298398595143,0.0176494949655765,0.034111920474701,85814.6606973029,0.517399628046921,0.604878552899948,-0.098833364509933,0.397210355246929,50.1861431195209,-0.248818700732241,0.804516487331564,0.419993402289698,0.523353095287877,53.743220057347,0.802504859665875,0.425795609517357,0.146029925100342,0.0854889958775888,1.70817218755782,0.087604397532127,0.141698111267651,0.0854607372189313,1.65804925020307,0.0973075260505353,0.00433181383269133,0.0757405624031379,0.0571927867347321,0.954391624108601,-0.518826766799631,0.655900790876566,-0.7910140893507,0.428935769748139,0.321160037779765,0.65813616361136,0.487984182509404,0.625561044914301,-0.839986804579396,1.04670619057575,-0.802504859665875,0.422260978433685
0,626898.757452568,0,0.45035442756649,0.521948295133296,0.470056772646404,0.00000664243509117938,0.00832974900637714,0.00984082164025031,0.113245636379786,0.0755544572489251,42.0410796132171,1.49886109308789,0.14138183009267,0.0257693425936278,0.0341393693976744,85775.9397806709,0.754827726706142,0.45035442756649,-0.246746663232212,0.38259342200024,49.5179832751629,-0.644931797160009,0.521948295133296,0.394594567815068,0.542338154737936,53.2642165246367,0.727580319341058,0.470056772646404,0.117734945868228,0.0847136220500165,1.38979945632256,0.164589783257605,0.132039474999453,0.0846849259752855,1.55918510264728,0.118952575756722,-0.014304529131225,0.0769596701290131,-0.185870457958634,0.852546349607534,-0.641341231047279,0.662627039848067,-0.967876637202024,0.33310598350481,0.147847904582855,0.664787339941874,0.222398796878085,0.824003448323651,-0.789189135630135,1.08467630947587,-0.727580319341058,0.466870531656791
0,626849.408764897,0,0.859449991354317,0.216848044898066,0.597588094199002,0.000000365587085292984,0.0304419986241523,0.00531137220806095,0.0878140418663807,0.0761511761356723,42.5028258768199,1.15315411163092,0.255291141915023,0.00604342898108119,0.0341292282240879,85767.5306625812,0.177074879672076,0.859449991354317,-0.474670904510198,0.379493113649981,49.828527992564,-1.2508024189024,0.216848044898066,0.290557378924088,0.547104443207387,52.8206511329715,0.531082104215244,0.597588094199002,0.117874289478782,0.0852818171752394,1.38217375500537,0.166918356499651,0.102543996591668,0.0852532507522016,1.20281626432902,0.229047429473525,0.015330292887114,0.0772475623429256,0.198456655746082,0.842687793937064,-0.765228283434285,0.664764839572436,-1.15112628990195,0.249680283784342,-0.18411352558611,0.666906513867029,-0.276070966106682,0.782493560099149,-0.581114757848176,1.09420888641477,-0.531082104215244,0.595361884833009
0,626568.842701755,0,0.612954945583571,0.100075521931534,0.594270273823538,0.00000298388371412246,0.053503031477428,0.00542686318304751,0.0850880436834708,0.0756462349776295,42.9162652363176,1.12481531577392,0.266919110321311,-0.017236452291043,0.0340734387586775,85759.1843802342,-0.50586183605121,0.612954945583571,-0.629819917010991,0.375848540045138,49.6761446521185,-1.67572798589387,0.100075521931534,0.289621928149885,0.540418483255353,52.636904936943,0.535921581373886,0.594270273823538,0.145704009961145,0.0846916140026749,1.72040657952915,0.0853585618501046,0.083902224168927,0.0846627890437648,0.991016538866388,0.321677504458455,0.061801785792218,0.0767599551167696,0.805130561869183,0.420744341324098,-0.919441845160875,0.65720403832753,-1.39902038262074,0.161806870927938,-0.340197988861105,0.659326456470646,-0.515978064466235,0.605869729755322,-0.57924385629977,1.0808369665107,-0.535921581373886,0.592012748401593
0,626561.645420445,0,0.556690519372062,0.0526652908186692,0.522430777020683,0.00000402872573465738,0.0727325616433238,0.00784615148987655,0.0872385840234187,0.0726550842058727,41.9410228516931,1.20072235793193,0.23659661829674,-0.0200262612696107,0.0340717924066337,85751.2266560122,-0.587766590926741,0.556690519372062,-0.735719758485726,0.370712501320747,50.214194626383,-1.98461005729388,0.0526652908186692,0.342062318606919,0.531214249700398,52.4316312812626,0.643925344246395,0.522430777020683,0.158114894084968,0.0818472331522609,1.93182943387745,0.0533805618550107,0.0857851868332933,0.0818173068122461,1.04849683001853,0.294409762039038,0.0723297072516749,0.0761886504674239,0.949350156590594,0.34244255174541,-1.07778207709264,0.646730884154455,-1.66650782187672,0.0956123115795888,-0.393657439878806,0.648823426612571,-0.606725071463656,0.54403338086258,-0.684124637213838,1.06242849940079,-0.643925344246395,0.519623846214322
0,626515.008905391,0,0.897330280706924,0.0570647284143762,0.386972680722414,0.000000194200626558044,0.0689176752754501,0.0142861177081044,0.0905181061726987,0.0723040409997565,41.1254969663963,1.25190936662867,0.217676522374884,0.00439514739966921,0.0340616764449693,85736.1819860639,0.129034970042361,0.897330280706924,-0.70813292996255,0.363757073097601,51.1993150079236,-1.94671934192892,0.0570647284143762,0.462824402079232,0.53053067102391,52.5107418181002,0.872380104219033,0.386972680722414,0.141369041198359,0.0814566398692395,1.73551280074031,0.0826500161650558,0.106486976013174,0.0814264401075471,1.30776902284475,0.190951664029432,0.0348820651851853,0.0761379403455367,0.45814301026374,0.646849700366599,-1.17095733204178,0.642234722405305,-1.82325447564762,0.0682648578027282,-0.245308527883317,0.644281431975348,-0.380747474176322,0.70339063811603,-0.925648804158462,1.06106134204782,-0.872380104219033,0.383001050733153
0,626517.297469213,0,0.892260446318618,0.108243859714146,0.407237459436685,0.000000213917313390234,0.0494046058003369,0.0131159407818182,0.0959058133559304,0.0718801118884172,41.9234374924689,1.33424685683307,0.189325465570188,-0.00461368830114057,0.0340632124270183,85758.912768165,-0.135444897072628,0.892260446318618,-0.606974559386523,0.371330719040574,51.409986197728,-1.63459290670805,0.108243859714146,0.443899669058489,0.531316855841472,52.5205350037605,0.835470706750803,0.407237459436685,0.150100030899836,0.081166128709239,1.84929395163762,0.0644153786453322,0.0989860423189268,0.0811360045518801,1.22000143913462,0.222464329339906,0.0511139885809091,0.0761836663353109,0.670931067506499,0.502264443779369,-1.05087422844501,0.647167001727302,-1.62380687773049,0.104417031739955,-0.163074890328033,0.64926349064475,-0.251169044121197,0.801683416760922,-0.887799338116976,1.06263371168294,-0.835470706750803,0.403452733539884
0,626410.620117627,1,0.954955826583267,0.155638437179118,0.387929083892168,0.0000000371880275095603,0.0387060203397922,0.0141217539555435,0.0981537107573527,0.0731285873530673,51.7818105911721,1.3422071218669,0.185384328404427,-0.00192290963634413,0.0340430261902488,85794.2681911929,-0.0564846857502616,0.954955826583267,-0.546977872176887,0.379590545560496,51.5687308207425,-1.4409681130736,0.155638437179118,0.438081443933761,0.503219919249848,52.9088974706972,0.870556643677402,0.387929083892168,0.146551984339533,0.0819608921864418,1.7880720967039,0.073764376751289,0.10136856394628,0.0819309371551392,1.23724404316693,0.21599649493827,0.045183420393253,0.0744401990727198,0.606976082225597,0.543866785041001,-0.985059316110647,0.629261061177527,-1.5654223292751,0.117483916131468,-0.108896428243126,0.63140245145486,-0.172467541093972,0.863069977423299,-0.876162887867521,1.00643983849969,-0.870556643677402,0.38399627830043
0,626442.848276896,0,0.727522286393017,0.196783355272387,0.435819110220683,0.000001414874430565,0.0320490137746797,0.0115487798703813,0.102141765292753,0.0750363291391056,42.7587275570827,1.36123083930983,0.180571605334797,0.0118637765890945,0.0340497805634472,85802.2688706215,0.348424465379094,0.727522286393017,-0.504623987918624,0.385901298403246,51.6442530050099,-1.30765040181679,0.196783355272387,0.385343826467805,0.490728649341538,52.7755931309406,0.785248277199348,0.435819110220683,0.132266909976948,0.0835674597561356,1.58275613932655,0.113477057218108,0.119633212037624,0.083538010513671,1.43208117241487,0.152120592026851,0.0126336979393241,0.07370216975699,0.171415549650435,0.863897028880687,-0.889967814386428,0.623201555244412,-1.4280577557888,0.153275235326539,-0.119280161450819,0.625370818258019,-0.190735093433166,0.848733142813694,-0.770687652935609,0.981457298683073,-0.785248277199348,0.432308014973685
0,626519.099500239,0,0.322408019711694,0.302792346011934,0.535768575988809,0.0000114111797071195,0.0208966667877031,0.00736225352461313,0.106975776694927,0.0823094633792399,44.4212879977565,1.29967773209792,0.200415823111905,0.0337078161138732,0.0340645647586635,85806.4713552654,0.989527280112992,0.322408019711694,-0.407709265208471,0.391639691699068,50.778430501415,-1.04103152425559,0.302792346011934,0.309212183607476,0.49606051923727,52.3870430361284,0.623335604459942,0.535768575988809,0.10709250770158,0.0902750522679698,1.18629128437046,0.235507287357908,0.145330711657525,0.0902477160642679,1.61035334738034,0.107320739134324,-0.0382382039559446,0.0740339677886664,-0.51649540201732,0.605508449487703,-0.716921448815946,0.630924707572409,-1.13630270016596,0.255829901118999,-0.0984970816009947,0.633126675393518,-0.1555724714012,0.876370025338737,-0.618424367214951,0.992121038474538,-0.623335604459942,0.533064005266935
0,626456.273766738,0,0.0720891257890814,0.430725828235998,0.558702968577849,0.0000377159290179849,0.0123334098082138,0.00657881195707251,0.124391681600852,0.0887631180604004,46.4067530868887,1.40138927427277,0.167750329241187,0.0612417066808783,0.0340500880013898,85766.3450642396,1.79857704562698,0.0720891257890814,-0.299807770383512,0.377440782974275,50.5260469475155,-0.794317370849526,0.430725828235998,0.297162067715747,0.504913954771349,52.3043658457063,0.588540017378441,0.558702968577849,0.0913151727274467,0.0961719537161762,0.949498987999527,0.342366886471688,0.185758213246447,0.0961458837941938,1.93204540762321,0.0533539015859583,-0.0944430405190002,0.0745518617610212,-1.26680995334149,0.205223252260036,-0.596969838099258,0.629330923680164,-0.948578586617567,0.3428349861184,-0.00264570266776554,0.63146011849524,-0.0041898175201788,0.996657019068837,-0.594324135431493,1.0098279095427,-0.588540017378441,0.556169881740416
0,626712.338513572,0,0.208670726315622,0.709977947327632,0.653715640133507,0.0000184387808911088,0.00280376859200696,0.00387070146445621,0.152361470537378,0.0915171347303819,46.9819619059785,1.66484091734569,0.102600529837309,0.0428711874834506,0.0340994878027921,85722.5543178581,1.25723845857709,0.208670726315622,-0.13667964139281,0.365433110653332,49.7542671755396,-0.374020955978649,0.709977947327632,0.227874902519204,0.505054469029443,52.3892995792443,0.451188765752551,0.653715640133507,0.126690064660293,0.0986307352814772,1.28448869714637,0.198971015894347,0.190930041029479,0.098604790539246,1.93631607536843,0.0528290011312062,-0.0642399763691857,0.0746321742188334,-0.860754453981522,0.389373294864617,-0.364554543912014,0.622368700275827,-0.585753338415713,0.558041284662935,0.0911952611263936,0.62441969140454,0.146048022478701,0.883883478373416,-0.455749805038408,1.01010893805888,-0.451188765752551,0.651853505792756
0,626911.435293901,0,0.462048774639124,0.62056403053118,0.766102735544102,0.00000630876177868638,0.00508671154789199,0.0017084524603095,0.180467846565739,0.0950561941756603,47.5209319568285,1.89853852377301,0.0637068561268099,0.0251090671539825,0.0341396662649078,85742.4216624209,0.735480744279921,0.462048774639124,-0.18718762594982,0.375697354101001,48.5541236852698,-0.498240469107741,0.62056403053118,0.151877127781548,0.507897967333747,52.2500002393354,0.29903078482247,0.766102735544102,0.171355945849499,0.102040452382003,1.67929425879065,0.0930947093628101,0.207242872537266,0.102015496208463,2.03148423758854,0.0422058969075883,-0.0358869266877675,0.0748489850676161,-0.479457759585496,0.631613011406114,-0.339064753731367,0.63069032115544,-0.537608937949439,0.590847058340475,-0.0353104981682718,0.632809144214379,-0.0557996016509989,0.955501452287695,-0.303754255563095,1.01579593466749,-0.29903078482247,0.764916556715484
0,626908.717452947,0,0.110669075514431,0.301636065916591,0.706573576961185,0.000029672122329791,0.0221145499083379,0.00275483295918069,0.159598447998122,0.0995673099719884,48.6989590493794,1.60292015565172,0.115419398942666,0.0544589018302266,0.0341390275985552,85757.8665287053,1.59520952004302,0.110669075514431,-0.401766906161718,0.384788770931415,48.2073680828521,-1.04412326063779,0.301636065916591,0.204858641781506,0.541179389153042,51.871971165176,0.378541100950121,0.706573576961185,0.133760302967415,0.106687790602857,1.25375455065271,0.20993123345562,0.223347534796241,0.106664350892727,2.09392859870176,0.0362663412238065,-0.0895872318288259,0.0768848249940236,-1.16521344538132,0.243932604492067,-0.606625547943223,0.662944373771468,-0.915047433756999,0.360166729111241,-0.196908264380211,0.665116393004028,-0.296050836291774,0.767191258754409,-0.409717283563012,1.08235877830608,-0.378541100950121,0.705028667091126
0,627034.521558534,0,0.0903240174990019,0.269104338087546,0.530807694138133,0.0000334517720078594,0.0251306252188034,0.00759287816306255,0.154852404567994,0.105466699369768,48.816150131558,1.46825875364772,0.148448473364308,0.0578621827552483,0.0341629792613839,85752.0466853746,1.69371009221824,0.0903240174990019,-0.428634580091346,0.383416700522423,48.4814379521474,-1.11793403758186,0.269104338087546,0.339660232711354,0.538295910345866,52.0392089364689,0.630991664961964,0.530807694138133,0.133238578088068,0.112175698896049,1.18776686394027,0.2349252726066,0.21691242100564,0.112153269030234,1.93407131937604,0.053104359664354,-0.0836738429175717,0.0767360856685306,-1.09041062218119,0.275532304841568,-0.768294812802699,0.659802782623595,-1.16443099822602,0.244249391496969,-0.0889743473799917,0.661968273190892,-0.134408779065963,0.893079339936869,-0.679320465422707,1.07659182069173,-0.630991664961964,0.52804597434552
0,627234.558676745,0,0.164682290808624,0.316695813489344,0.50413806144563,0.0000225144473925916,0.0209019134423506,0.00854427008322032,0.167372531758899,0.114377622133602,47.9201242534394,1.46333284987684,0.149905195309704,0.0475236837365156,0.0342018351116748,85753.1942928473,1.3895068373186,0.164682290808624,-0.390198885776593,0.38563562443936,47.9576521851441,-1.01183309074172,0.316695813489344,0.355044123434006,0.52785123271093,52.4976588596771,0.672621567274886,0.50413806144563,0.155009613993214,0.120509801615606,1.28628221036869,0.198344588722386,0.216554826654743,0.120488748747725,1.79730330761554,0.072287481410611,-0.0615452126615286,0.076137832759479,-0.80833943429873,0.418895207314904,-0.745243009210598,0.652623484736403,-1.14191877344347,0.253487784361489,-0.0351547623425867,0.654802340094229,-0.0536875942403134,0.957184066909296,-0.710088246868011,1.05570246542186,-0.672621567274886,0.501188077213986
0,627256.209498098,0,0.119231082987432,0.318455884527405,0.478619225775609,0.0000283076424367857,0.0207321903887737,0.0095770265058181,0.166488928045455,0.11753561820522,49.5032170874078,1.41649765907353,0.16289213753205,0.0532932931329473,0.0342056791920701,85749.7145022355,1.55802470208813,0.119231082987432,-0.387797761975271,0.384677637682689,48.0035113577027,-1.00811101032901,0.318455884527405,0.370550799210181,0.519262548681302,52.6637188338356,0.713609714683287,0.478619225775609,0.148974724356637,0.123424594982618,1.20701003213839,0.227428280478617,0.220595937528635,0.123403898179306,1.78759294303742,0.0738417048554134,-0.0716212131719981,0.0756173884099179,-0.947152694347803,0.343560976708553,-0.758348561185451,0.645140347046534,-1.17547842830973,0.239803362504747,-0.0172469627650905,0.647313595875251,-0.0266439062534603,0.978743753550856,-0.74110159842036,1.0385250973626,-0.713609714683287,0.475468548726673
0,627145.638067207,0,0.0383982044270076,0.440970529340538,0.389418377125114,0.0000499969887999902,0.012534078071344,0.0141918784794178,0.165359064024938,0.116128103118958,50.3862206801267,1.42393666635155,0.160628507931778,0.0707816796172873,0.0341839679146682,85749.4259149529,2.07061040409283,0.0383982044270076,-0.299401494000801,0.385300374900968,47.5706170047381,-0.777059960239476,0.440970529340538,0.451037955836877,0.519695376572552,52.3215958835051,0.867889106136604,0.389418377125114,0.129983319847382,0.122090692590244,1.0646456096668,0.287036331853412,0.228986494516278,0.122069809833,1.87586508760476,0.060673807705311,-0.0990031746688964,0.0756153654833958,-1.30929969108774,0.190432854243776,-0.750439449837678,0.645857167284201,-1.16192788104101,0.245264760772205,0.151636461836076,0.648033831005026,0.233994669076003,0.814989117256067,-0.902075911673753,1.0393907531451,-0.867889106136604,0.385455043244853
0,626966.336871557,0,0.0305865344097379,0.502328341249376,0.362403335881282,0.0000545397505421536,0.00971752377205578,0.0160785890123493,0.133050464042716,0.112585731814766,50.353559904937,1.18177021100348,0.242848026839379,0.0738440506470001,0.0341483830155273,85734.1607661518,2.16244647992331,0.0305865344097379,-0.258048635886435,0.381679419228833,46.5810347839137,-0.676087373031041,0.502328341249376,0.496517421700977,0.540322939046254,51.6743055513047,0.918927156003038,0.362403335881282,0.0948070433009419,0.118900008027876,0.797367846087234,0.425237427679598,0.195643493122597,0.118878735217228,1.64574002882094,0.0998172940002209,-0.100836449821655,0.0768447924693082,-1.31220928030913,0.189449531463263,-0.754566057587411,0.660456046565826,-1.14249246639641,0.253249375730001,0.238468785814542,0.662611443909264,0.35989234415818,0.718927642445931,-0.993034843401953,1.08064587809251,-0.918927156003038,0.358133674771641
0,627250.192420193,0,0.0386045949254617,0.559371266917723,0.327406593567749,0.0000498921621797404,0.00737765644591538,0.0186552268664971,0.113685419493937,0.111441932041344,49.9305295470051,1.02013144793434,0.312583678018751,0.0707505582870152,0.0342053081594702,85746.9603769257,2.06840873811648,0.0386045949254617,-0.226929613197724,0.385929870323851,46.5190864953335,-0.58800738332925,0.559371266917723,0.536228175252388,0.542320237077688,51.4290753782827,0.988766670670215,0.327406593567749,0.0789408512891825,0.117874894187084,0.669700293973475,0.503048864253801,0.169843188286639,0.11785345993059,1.44113875304695,0.149545487213785,-0.0909023369974567,0.0770393615478026,-1.17994665546459,0.238021432099588,-0.763157788450111,0.664532337137353,-1.14841332137065,0.250797976938555,0.309298562054663,0.666710568090182,0.463917293137652,0.642707002542214,-1.07245635050477,1.08464047415538,-0.988766670670215,0.322777314618946
0,627519.895326753,0,0.0307637756759875,0.652800168358491,0.233621635937295,0.0000543835148184956,0.00433110132250429,0.0272803824213156,0.109381436225371,0.105068252915125,49.3076574697338,1.04105125183465,0.302929606490093,0.0740103075424334,0.034261643009262,85797.9981020236,2.16015056611342,0.0307637756759875,-0.183222196548234,0.404679593792726,47.1248691764985,-0.452758674661711,0.652800168358491,0.63700399521903,0.528565962472315,51.7872854778962,1.20515515649079,0.233621635937295,0.0740696214100588,0.111874157936487,0.662079811605016,0.507920073395717,0.161982196240767,0.111851769942497,1.44818625868899,0.147564966565905,-0.0879125748307083,0.0762484423251762,-1.15297535464119,0.248920500386892,-0.820226191767263,0.664557374708382,-1.23424436020621,0.217111862031458,0.453781798670795,0.666827261255688,0.680508768967076,0.49618237134649,-1.27400799043806,1.05713192494463,-1.20515515649079,0.228143410258703
0,627574.775187304,0,0.092513878806938,0.764619103258271,0.1824795860947,0.0000329818733118324,0.00189622883063243,0.0337981890841767,0.117039494812872,0.100194109674285,48.6305101629295,1.16812749964392,0.248450342571918,0.0576583699881882,0.0342734898842291,85806.1509353564,1.68230227452617,0.092513878806938,-0.122386232214694,0.406415791129756,47.731923157927,-0.301135523977757,0.764619103258271,0.701117040404787,0.518908189141773,52.1884516197012,1.35113890101517,0.1824795860947,0.0982342311093804,0.107221419963849,0.916181031201615,0.359571952815388,0.147393189338977,0.107198051709867,1.37496145674269,0.169143394374581,-0.0491589582295966,0.0756720272144885,-0.649631839388392,0.515930061466219,-0.823503272619479,0.657980585048585,-1.25156165900955,0.210729632824462,0.578730808190092,0.660257947907603,0.876522289544752,0.380746164465003,-1.40223408080957,1.03781637828355,-1.35113890101517,0.176650942185028
0,627373.73789451,0,0.194350474394914,0.882360747917364,0.172541074184891,0.0000196300634125401,0.000451823405059925,0.0353354863978337,0.148214170089783,0.100505792676411,48.77108554161,1.47468286297662,0.146724317239228,0.044428654420227,0.0342331250284315,85803.1042125522,1.29782642932329,0.194350474394914,-0.0600153961110962,0.403460448337476,48.9506459582213,-0.148751622019951,0.882360747917364,0.7233628824057,0.523027634480259,52.2189816358672,1.38302994855046,0.172541074184891,0.140745513921318,0.107527072842459,1.30893095292875,0.190557740576346,0.161345911376066,0.107503825417432,1.50083879108086,0.133397262784879,-0.0206003974547483,0.0758727260562401,-0.271512551683966,0.785996847312672,-0.783378278516795,0.659425811169931,-1.18797029968686,0.234845111136422,0.663347486294602,0.661690319687585,1.00250444438691,0.316100021114555,-1.4467257648114,1.04605526896052,-1.38302994855046,0.166655683164214
0,627325.087181559,0,0.274970338727155,0.726804889965752,0.24437555680488,0.0000138864975103081,0.00249475477725899,0.0258212955431657,0.191719359405414,0.0956765571372313,47.8172378651988,2.003827950565,0.0507717617199364,0.0373628739683541,0.0342246515814044,85823.0070711991,1.09169479430595,0.274970338727155,0.144935227306975,0.412484153836312,49.3651770201874,0.351371624725469,0.726804889965752,0.627047121677688,0.532579837951452,52.2987751947752,1.17737675554824,0.24437555680488,0.177102654512403,0.103212125926331,1.71590937521055,0.0861786305318072,0.192659898147821,0.103188267899343,1.86707173276476,0.0618915712407423,-0.0155572436354172,0.0764450006926959,-0.203508973699358,0.838737232442004,-0.482111894370712,0.672484638524667,-0.716911386152098,0.473428775896355,0.771982348984662,0.67478391568357,1.14404379097067,0.252605476602106,-1.25409424335537,1.0651596759029,-1.17737675554824,0.239045163309201
0,627446.871080286,0,0.597908903289033,0.581234124861673,0.432343890457888,0.00000324003830366436,0.00617484524833984,0.0117683590992268,0.20990983025092,0.0889035463308656,46.3614324274782,2.36109625447014,0.0224788761578977,0.0180642703932296,0.0342507788785029,85851.6003212084,0.527411959223137,0.597908903289033,0.237688635299215,0.428092644481501,49.6163953788097,0.555227094796501,0.581234124861673,0.427369413692531,0.540108258275193,52.576065345135,0.791266208477004,0.432343890457888,0.200794750089366,0.0972103868073716,2.06556888295541,0.0388692051348704,0.196596482701264,0.0971854926005838,2.02289948263413,0.0430835119124568,0.00419826738810159,0.0769386480133596,0.0545664304807202,0.956483883491104,-0.189680778393315,0.688012044672316,-0.275693979287319,0.782783120321538,0.665058048991745,0.690362160187152,0.963346613336183,0.335373608195802,-0.85473882738506,1.08021651655038,-0.791266208477004,0.428788662929839
0,627274.727516062,0,0.565598200053678,0.637050161970743,0.355091039295909,0.00000384567228156787,0.00450773725538149,0.01630276003607,0.2186516191588,0.0866291318738256,45.5932201293283,2.52399642509708,0.0151518810427864,-0.0196587392182647,0.0342159790024175,85837.9702433445,-0.574548494341657,0.565598200053678,0.198205415893173,0.417504763616656,49.7722712377304,0.474738094426057,0.637050161970743,0.505367271258344,0.541660437853812,52.5243043281008,0.932996460403736,0.355091039295909,0.252802337474058,0.0950462305717307,2.65978288621631,0.00781910370291707,0.165798130991991,0.0950207647477992,1.74486209863757,0.0810088761958042,0.087004206482067,0.0769961013483377,1.12998197257354,0.258483820793986,-0.307161855365171,0.682732317609718,-0.449900857836291,0.652781929016671,0.703572687151516,0.685046785007001,1.02704326558415,0.304400091715096,-1.01073454251669,1.08332087570762,-0.932996460403736,0.350821795905626
0,627128.175098691,0,0.417115734711999,0.697357858936055,0.27577149506694,0.00000767106342633748,0.00306312565040095,0.0225678914351368,0.202678989401315,0.0889785520230033,43.6509450300549,2.27784094923142,0.0276889540299048,-0.027739942185801,0.0341860998908009,85832.7611395235,-0.811439218700274,0.417115734711999,0.161603157762314,0.413152783454238,49.7944760806224,0.391146239924131,0.697357858936055,0.590286977800348,0.53597403718135,52.5332799175405,1.1013350215705,0.27577149506694,0.250644349719927,0.0970776262089253,2.581896153708,0.00982591465692116,0.139464668032409,0.0970526570603417,1.43699999831739,0.150717994024822,0.111179681687518,0.0766060762340647,1.45131675126939,0.146691678888242,-0.428683820038033,0.675579016301445,-0.634542828735157,0.525726625419049,0.751890135562661,0.677878879114911,1.10918064971191,0.267352258463968,-1.18057395560069,1.0719480743627,-1.1013350215705,0.270750874246888
0,627289.249499579,0,0.840329695857878,0.71281513197698,0.186716067872509,0.00000047298170036453,0.00274641208024343,0.0328636236844674,0.178473451646432,0.0885954138361475,43.3621272282806,2.01447731794006,0.0501881282167749,0.00689390079311303,0.034217596168751,85819.6071369242,0.201472387455693,0.840329695857878,0.15018329359538,0.405697086894059,49.7598860389479,0.370185782562935,0.71281513197698,0.712290946478169,0.53244225456235,52.6674256314974,1.33778065203268,0.186716067872509,0.198099941369105,0.096619450068671,2.05031120781901,0.0403340715817848,0.144675585410133,0.0965941620425881,1.49776738418566,0.134193697587555,0.0534243559589725,0.0764310169310668,0.698987899207935,0.484559593197323,-0.562107652882787,0.668254143215678,-0.841158500234496,0.400259145877287,0.862474240073547,0.670526779174854,1.28626367635145,0.198351054785357,-1.42458189295633,1.0648845091247,-1.33778065203268,0.180967950754584
0,627597.46096675,0,0.7386790701237,0.710969404198635,0.097027383611952,0.00000129698105193735,0.00277832420809049,0.0516174485997325,0.17385630395945,0.0874592687874463,45.7868019093753,1.98785453354265,0.0528268290181401,0.0114356009285225,0.0342789485896505,85808.2020963318,0.333604191465054,0.7386790701237,0.149540562690061,0.40126150921601,49.8507622336989,0.372676070979834,0.710969404198635,0.899356424372265,0.532268265074602,52.4553219491887,1.6896675668729,0.097027383611952,0.197797217413466,0.0955451936526591,2.07019536882754,0.0384340527873852,0.135804662426386,0.0955193398726704,1.42175042883898,0.155098714818447,0.0619925549870802,0.0765008587383784,0.810351099444329,0.417738414318126,-0.749815861682203,0.665445051122922,-1.126788546127,0.259831894350598,1.04889698706232,0.667700152391539,1.5709102106768,0.116203506523515,-1.79871284874453,1.0645365301492,-1.6896675668729,0.0910915714863605
0,627386.01546065,0,0.835944944837917,0.800370590056138,0.062246472393442,0.000000499664416068544,0.00128923911203575,0.0647749007003125,0.168736895330451,0.0845777530132501,45.2841810667275,1.99505058149294,0.0520757410950051,-0.00709009603601859,0.0342378196038238,85824.918147752,-0.207083748850255,0.835944944837917,0.103922345753681,0.408796729930061,50.0621287777858,0.254215208060644,0.800370590056138,1.02531164050651,0.538162779725516,52.4075500906788,1.90520727024165,0.062246472393442,0.219298386549564,0.0930547602742429,2.35665951858097,0.0184401457158121,0.108369235564905,0.0930285573488779,1.164902892759,0.244058302434073,0.11092915098466,0.0768099867682943,1.44420218843794,0.14868210950175,-0.921389294752824,0.674677878468019,-1.36567289985112,0.172041653974917,1.12923398626019,0.676962072846552,1.66809047589901,0.0952977675437443,-2.05062328101301,1.07632555945103,-1.90520727024165,0.0567531335279988
0,627104.978582201,0,0.905366988780262,0.797026604920503,0.0675370128063259,0.000000164648614196964,0.00134778596887755,0.0626278841113843,0.166703549525218,0.0858293460634577,45.4908221147881,1.94226750139709,0.0583110824386572,-0.00406376919577631,0.0341824432010136,85840.79181897,-0.118884690947305,0.905366988780262,0.108377331323629,0.41911662086161,49.5450733827988,0.258585142962905,0.797026604920503,1.02269281964466,0.54779681995044,52.1669794453417,1.86691996448095,0.0675370128063259,0.213904969810689,0.0944065744835991,2.26578467634,0.0234645700544445,0.109275585854255,0.0943810816987572,1.15781239086703,0.246940605696923,0.104629383956435,0.0773375462120883,1.35289247048907,0.176089985195485,-0.914315488321025,0.688579951704615,-1.32782763433293,0.184235055525025,1.13107015096828,0.690896407409249,1.63710527198949,0.101608475221817,-2.04538563928931,1.09559363990088,-1.86691996448095,0.0619127654248475
0,627227.683275338,0,0.825610129563721,0.624914172105131,0.0681054240886338,0.000000565566201676688,0.00491509237849816,0.0628076597412382,0.161739514730819,0.0912444098653545,45.1406912768309,1.77259642502474,0.0830439704190968,0.00753683466338684,0.0342061213650102,85839.38908874,0.220335845241324,0.825610129563721,0.207219525869909,0.42117558218209,49.0076001705412,0.492002705371274,0.624914172105131,1.03725549117198,0.556701197718427,51.8016141615792,1.86321763887531,0.0681054240886338,0.193364000553045,0.0994870476003654,1.94360979863207,0.0519425233118689,0.110561682782164,0.0994628376491853,1.11158785929802,0.26631539491733,0.0828023177708814,0.0779287111744068,1.06253929422196,0.287990929257356,-0.830035965302073,0.696911580548315,-1.19102048017199,0.233645545008705,1.24447501704189,0.699231319402066,1.7797758517254,0.0751126511252905,-2.07451098234396,1.11340239543685,-1.86321763887531,0.062431652194248
0,627417.856938622,0,0.604052585049719,0.548959558016765,0.0581031491591301,0.00000313266510738167,0.00741093953130286,0.0672949319549743,0.142021106859351,0.093468449850957,42.6429108189659,1.51945503628031,0.136028397753315,0.0177583561758572,0.0342439697387863,85846.3797443688,0.518583456045496,0.604052585049719,0.256947703326318,0.42574920115951,48.7840679101565,0.603518932335119,0.548959558016765,1.06942343354786,0.55192123895152,52.0363896598511,1.93763776074179,0.0581031491591301,0.162595574546624,0.101520090768976,1.6016098224009,0.109241917396801,0.0972009154236079,0.101496359884442,0.957678832366754,0.338224733831149,0.0653946591230159,0.0776717966222649,0.841935708543534,0.399823941269168,-0.812475730221537,0.695880543292704,-1.16755057754186,0.242988095586881,1.32637113687417,0.698218548918697,1.89965038730104,0.0574790151169394,-2.13884686709571,1.10384247790304,-1.93763776074179,0.0526674321699377
0,627851.451081946,0,0.147594947115843,0.485254130824187,0.0546468553973082,0.0000244320375009723,0.00999962701320094,0.0683364844692951,0.111820366846461,0.0961759466897998,43.374991320631,1.1626645818951,0.251322677480269,0.0497120864575768,0.0343293678640067,85826.6324055739,1.44809210162295,0.147594947115843,0.291310380518304,0.414256526032689,48.9581231518483,0.703212531877691,0.485254130824187,1.04894249531165,0.533694030131414,52.6653683656573,1.96543794026206,0.0546468553973082,0.0978535676991962,0.103718222365175,0.943455889117242,0.345447767666685,0.0982989615082464,0.103694477477002,0.9479671810878,0.343146162025048,-0.000445393809050135,0.0766469133186486,-0.00581098167904654,0.995363533528848,-0.757632114793341,0.674446690598649,-1.12333876843677,0.261293644505474,1.34025287582995,0.676754930427325,1.98041095169217,0.0476573703515454,-2.09788499062329,1.06738806026283,-1.96543794026206,0.0493635718840209
0,628418.10263703,0,0.0107681567106275,0.764992283839508,0.0501597249426508,0.0000757970290166673,0.00182940991742977,0.0706327670545,0.124817427244805,0.0948599140809,46.2094655638824,1.31580793061183,0.194729297911906,0.0878328068544085,0.0344416770012602,85794.577835443,2.55018961043026,0.0107681567106275,0.120191871151737,0.399855125371053,49.2990555013086,0.300588547014879,0.764992283839508,1.06797155246367,0.532808697438914,52.8637410802358,2.00441839181146,0.0501597249426508,0.0817011211219042,0.102380463294874,0.798014762705168,0.424861923221432,0.156592363637477,0.102355915251899,1.52988093802006,0.126046202497856,-0.0748912425155729,0.0767431176843315,-0.975869169449487,0.329129302049552,-0.947779681311927,0.665033505277679,-1.42516079835134,0.154110725260771,1.1881634236154,0.667284718513909,1.78059438594896,0.0749787375826272,-2.13594310492733,1.06561739487783,-2.00441839181146,0.0450252607974484
0,628598.332935471,0,0.000324108991062501,0.87147984757093,0.07545569837921,0.000150660641876395,0.000532373572657734,0.0587236752952813,0.126704687725922,0.0954249124009906,46.9884151100962,1.32779464542224,0.190660463125398,0.123959324912641,0.0344774609285536,85787.2221763192,3.59537279063321,0.000324108991062501,-0.0644380184392457,0.396255552860663,49.6461841696642,-0.162617326051464,0.87147984757093,0.952571610553566,0.525278970583449,52.7131714902888,1.81345849329453,0.07545569837921,0.0507281511295038,0.102793481702605,0.493495796516233,0.621662309213676,0.20876163046628,0.102768800608843,2.03137167340178,0.0422173056790701,-0.158033479336776,0.0763291341900968,-2.07042148471376,0.0384128916194246,-1.01700962899281,0.656860744961712,-1.54828803029186,0.121552965010518,0.888133592114319,0.659095502904228,1.34750364431385,0.177818080512294,-1.90514322110713,1.0505579411669,-1.81345849329453,0.0697611348502233
0,628415.064238831,0,0.0000722612028679509,0.601561280678961,0.102848162893443,0.000183540593630024,0.00550687242559993,0.0499389410942874,0.115186532156227,0.0955908370732369,47.4976056870445,1.2049955380972,0.234174600729957,0.136695670635463,0.0344416253144404,85808.5166313618,3.96890882435071,0.0000722612028679509,-0.213635294615858,0.406533609425634,49.8712055601828,-0.525504631505597,0.601561280678961,0.890499723211587,0.536388148844131,52.4350176153844,1.66017784906422,0.102848162893443,0.0305842491570362,0.103155781934453,0.296486038722191,0.766858927433197,0.21994755667801,0.103131504414448,2.13269027662121,0.0329501420767599,-0.189363307520974,0.0769605567933857,-2.46052413614098,0.0138734240053032,-1.10413501782744,0.671898296182393,-1.64330676845133,0.100319478617926,0.676864428595728,0.674178257742959,1.0039843629217,0.315386150807973,-1.78099944642317,1.07277629768826,-1.66017784906422,0.0968786794315349
0,628664.797713645,0,0.0000772908277387288,0.63774056294751,0.0813408721907332,0.000181992933052257,0.00445396882199176,0.0570817265652123,0.122644860334682,0.0992026423671524,47.6418822249672,1.23630638668645,0.2224052767014,0.136343570071678,0.0344925580639676,85839.0583901802,3.95284019871256,0.0000772908277387288,-0.201335957898819,0.424992340687557,50.1642885152908,-0.473740203348362,0.63774056294751,0.95841099886609,0.539239547695242,52.1815599633461,1.77733811060859,0.0813408721907332,0.0410184641622767,0.10670705129636,0.384402564441173,0.70068010011748,0.223269425989259,0.106683748239141,2.09281572567904,0.0363656074680694,-0.182250961826982,0.0771933287862827,-2.3609677765233,0.018227314342668,-1.15974695676491,0.685408582685751,-1.69205199068339,0.0906360611188164,0.757075040967269,0.687757685281685,1.10078746798328,0.270989167256846,-1.91682199773218,1.07847909539048,-1.77733811060859,0.0755126268404114
0,628675.507589084,0,0.0000237519957349078,0.894434675590459,0.0431219569467168,0.000208030651674058,0.00035363098040792,0.0765882354484871,0.135676140673269,0.102521673502964,48.452456138949,1.32338983589988,0.191916719940356,0.145795933320755,0.0344950537398436,85853.7923276087,4.22657504523187,0.0000237519957349078,-0.0580692320387325,0.435405883576375,50.2805090934845,-0.133368046296845,0.894434675590459,1.1014339942585,0.531220782596802,51.8322638228343,2.07340155043311,0.0431219569467168,0.0445858819826515,0.10980253505491,0.406055123958248,0.684702097905666,0.232245843391097,0.109779885541091,2.11555916866179,0.0343823176403863,-0.187659961408445,0.076696936999278,-2.44677256681335,0.0144141763049123,-1.15950322629723,0.685665732174221,-1.69106194445577,0.0908249724717086,1.04336476221976,0.688048043637472,1.51641265732529,0.12941504051473,-2.20286798851699,1.0624415651936,-2.07340155043311,0.0381349247782553
0,628692.550586967,0,0.0000499486466490636,0.901347427488997,0.05212216932072,0.000191569920129258,0.000312247102052978,0.0710181256118294,0.135449721489424,0.104651061543902,49.1230746673505,1.29429859087098,0.201613991414622,0.139929999315873,0.0344988839227505,85862.0096818639,4.05607322338898,0.0000499486466490636,0.0551064445782245,0.442287531065014,49.7005673692071,0.124594162637888,0.901347427488997,1.00925623782107,0.507680256342715,51.6964083528688,1.98797614288109,0.05212216932072,0.0405367665023063,0.111611307738886,0.363195874356582,0.716458569303138,0.225162802670676,0.111588823789337,2.01778990963961,0.0436131462139347,-0.18462603616837,0.0752714457358983,-2.45280310964346,0.0141747900666533,-0.954149793242846,0.67211779692441,-1.41961691478637,0.155719238321834,1.06436268239929,0.674516621506881,1.57796360899379,0.114573970293548,-2.01851247564214,1.01536051268543,-1.98797614288109,0.0468143285584994
0,628777.791357155,0,0.000142628098010473,0.668971182243531,0.0643090802814414,0.00016845320513331,0.00372727393898408,0.0639795140317391,0.113771019979738,0.103821704005378,48.4725757565349,1.09583079058155,0.278567683607123,0.131292954576356,0.0345168324667903,85875.3521453131,3.80373705213758,0.000142628098010473,0.194886437522203,0.453089341460675,49.451841712914,0.430128055747075,0.668971182243531,0.911714588037372,0.482387229837706,52.2601461674847,1.89000564617788,0.0643090802814414,0.0162982106849391,0.110683074141175,0.147251156614523,0.882933783499037,0.192854240010585,0.110660251764784,1.74275981605852,0.0813755782480247,-0.176556029325645,0.0738019955353166,-2.39229343387006,0.0167434501027064,-0.716828150515168,0.660600588769954,-1.08511582142231,0.277870360802664,1.10660102555957,0.663009535246905,1.66905748217856,0.0951059884522703,-1.82342917607474,0.964774459675411,-1.89000564617788,0.0587572049527022
0,629015.724636009,1,0.000781180669877286,0.898362176933495,0.0916045484823683,0.000131402177665954,0.000334494176499803,0.0528928597332931,0.0851971060771896,0.10006235947739,50.6941152543918,0.85144010717078,0.398529165877056,0.116120698447501,0.0345648918535028,85879.447214951,3.35949838754476,0.000781180669877286,0.057595838237394,0.448596803294092,49.2647182318387,0.128391102688343,0.898362176933495,0.809786460084576,0.471287393427006,52.8653897583004,1.7182434144825,0.0916045484823683,0.00456496383665882,0.107021243485655,0.0426547448710095,0.965976755071691,0.160394473984704,0.1069974431794,1.49904959612703,0.133860766116668,-0.155829510148045,0.07323061661265,-2.12792841786788,0.0333430190030601,-0.75219062184718,0.649459431976784,-1.15817953333545,0.246790778696916,0.867382298321968,0.651846795247311,1.33065362082954,0.183303010275502,-1.61957292016915,0.94257478685401,-1.7182434144825,0.0857522257635108
0,629125.533522932,1,0.00362502515766527,0.676674198802937,0.119253005051461,0.0000985732353679913,0.00355489413948771,0.0452923406461858,0.0590714686000504,0.0979020318633988,50.8940687576363,0.603373264841652,0.548940163173813,0.100615246537369,0.0345857540283078,85848.2153525252,2.90915289731771,0.00362502515766527,-0.178128497186422,0.424623766464686,49.3270243273795,-0.419497237918348,0.676674198802937,0.758551132701378,0.479008212414141,52.860278338567,1.5835869052816,0.119253005051461,0.00264901937723109,0.104865817067509,0.025261037879729,0.979846751273996,0.132302218806308,0.104841292315222,1.26192853869562,0.206974501720992,-0.129653199429077,0.0737111904673635,-1.75893508986919,0.0785885342636352,-0.936679629887798,0.638955472755334,-1.46595446760727,0.14266069171512,0.580422635514956,0.641283342251847,0.905095450439769,0.365414822167848,-1.51710226540275,0.95801642482828,-1.5835869052816,0.113287755758487
0,629085.948634847,0,0.000461842618140087,0.599670478394837,0.12252718924833,0.000142883147708999,0.00565284766105784,0.0444666543763377,0.0372074254713598,0.0968271574024489,47.7874082061113,0.384266423486049,0.70248565871858,0.121092540571079,0.0345771327281129,85824.9898925964,3.50209896012067,0.000461842618140087,-0.21954627297706,0.415570347645037,49.0946069173647,-0.528301102860657,0.599670478394837,0.766152453140054,0.488198114616751,52.9236257675524,1.56934742310815,0.12252718924833,-0.0373795836174964,0.103876125226844,-0.359847689118813,0.718961037993927,0.132510939186247,0.103851385182202,1.27596698834362,0.201967188873087,-0.169890522803744,0.0742363012145326,-2.28851006885141,0.02210783442711,-0.985698726117112,0.63996808632906,-1.54023106335069,0.123504040579671,0.546606180162993,0.642271807255039,0.851051181117688,0.39474092244158,-1.5323049062801,0.9763962292335,-1.56934742310815,0.116567007852944
0,629020.105416641,0,0.0000165919884688515,0.46343780986234,0.128801464160627,0.000216129367593849,0.0112318309316604,0.0431437591052949,0.0170745213311279,0.0963021799039906,47.8699516431001,0.177301503955056,0.860019662522207,0.148850242937335,0.034562782410247,85797.3836481732,4.30666261675753,0.0000165919884688515,-0.297657200535438,0.402728436082602,48.0897051106813,-0.739101523177237,0.46343780986234,0.763125433648286,0.494570336944152,52.8037100567354,1.54300688222323,0.128801464160627,-0.081727711110996,0.103340985167575,-0.790854770529513,0.429028744444127,0.143963847615689,0.103316026545669,1.39343190431401,0.163489223566812,-0.225691558726685,0.074596741234561,-3.02548817805624,0.00248232108562808,-1.06078263418372,0.636672872614067,-1.66613449357177,0.0956866296227288,0.465468233112848,0.638926972436232,0.728515547462357,0.466298054855358,-1.52625086729657,0.989140673888302,-1.54300688222323,0.122829106090871
0,629113.312646594,0,0.0000121803822879803,0.463168680840104,0.104096819740584,0.000223068440224287,0.0115888470127101,0.0496619215090449,-0.00304425128944956,0.095829700912568,47.4072828631572,-0.0317673045043419,0.974790990286494,0.151276186946511,0.0345806498400631,85770.8707480572,4.37459063511441,0.0000121803822879803,-0.291460863980076,0.394009777624456,46.6706559527894,-0.739730028369695,0.463168680840104,0.842613750821187,0.509417672117112,52.3556652755231,1.65407247714695,0.104096819740584,-0.100814492347619,0.102989808223553,-0.978878338415656,0.327640096405939,0.122228393954744,0.102964767103911,1.1870895005414,0.235192319351694,-0.223042886302363,0.0755055464465922,-2.95399340577091,0.00313690708480869,-1.13407461480126,0.642899925440919,-1.76399867214712,0.0777322027536324,0.55115288684111,0.645120008158048,0.854341641665658,0.392915720783692,-1.68522750164237,1.01883534423422,-1.65407247714695,0.0981127874809582
0,629251.695264225,0,0.000207106225343259,0.652622667341468,0.0601982646242074,0.000160412270119099,0.00443210170551088,0.0660344988613184,-0.00423990251184233,0.0947443425453834,47.1323534498615,-0.0447509835197956,0.964494860891365,0.128415167689545,0.0346100193755826,85806.7997736287,3.71034659923194,0.000207106225343259,-0.185822409296213,0.410139915413469,46.1098028150189,-0.453070774905881,0.652622667341468,0.959430681884114,0.499437266642371,52.1945627338389,1.9210234116773,0.0601982646242074,-0.0786217207855826,0.102014340206081,-0.770692832270027,0.440889021489115,0.0876762184380702,0.10198923328474,0.859661511458671,0.38997565689736,-0.166297939223653,0.0749421594902107,-2.2190171774457,0.0264855559339863,-1.14525309118033,0.645114090607004,-1.77527216945878,0.0758529583666049,0.773608272587901,0.647404415457166,1.194938208819,0.232111173097564,-1.91886136376823,0.99887453328474,-1.9210234116773,0.0547287560270081
0,629168.683445555,0,0.0284785527147749,0.933703202786802,0.0657837284638464,0.0000559042112570052,0.000151235058913246,0.0633939993634461,0.0162697552486664,0.0960712498074412,47.5169895550773,0.169350927371887,0.866239530201467,0.0757853672399075,0.0345946485989557,85838.8850076126,2.1906673520076,0.0284785527147749,-0.0358607194711234,0.428748022925043,46.2504082833215,-0.0836405477195469,0.933703202786802,0.940960395461692,0.500679513386042,52.1833349834047,1.87936668128895,0.0657837284638464,-0.0134289285966535,0.10342357438258,-0.12984398070577,0.896689865858534,0.0493522759077134,0.103399086063624,0.47729895675621,0.6331492537422,-0.0627812045043669,0.074986454164592,-0.837233940500306,0.402461083003214,-0.976821114932814,0.657989064638261,-1.48455524176505,0.137661679360405,0.905099675990568,0.660348449979021,1.37063951012427,0.170487359991395,-1.88192079092338,1.00135902677208,-1.87936668128895,0.0601944425118557
0,629329.794472831,0,0.163021157757936,0.850424383940733,0.0822826334146177,0.0000226645323565777,0.000768503824961375,0.0566625330834376,0.0557669988882495,0.096684578199759,47.3506913540777,0.576793113510098,0.566811389182035,0.0483060217984651,0.0346281133515574,85859.4850267523,1.39499433041715,0.163021157757936,0.0840721407734642,0.443361537856695,46.7528687293902,0.189624344005768,0.850424383940733,0.88912316972923,0.501859943690932,52.255244788556,1.77165597873815,0.0822826334146177,0.0454435015467043,0.104144719792246,0.436349549332484,0.662583136948547,0.0581574037220671,0.104120509596899,0.558558577433234,0.576463016466922,-0.0127139021753629,0.0750940815375924,-0.169306314359784,0.865555709542122,-0.805051028955765,0.668448743034254,-1.20435715878743,0.228451563032587,0.973195310502693,0.670851690465308,1.45068623115144,0.146867251212973,-1.77824633945846,1.00371988738186,-1.77165597873815,0.0764516812558586
0,629441.843975478,0,0.303197142439816,0.958898292230364,0.053562756584726,0.0000123414948279988,0.0000558934345848805,0.0694223408249144,0.088589115658697,0.0929690069261192,46.6153516077439,0.952888694714112,0.345561596371195,0.035678603379915,0.0346526221910414,85895.4895041074,1.02960760612046,0.303197142439816,0.0244446922954994,0.471851564964976,48.0145958745121,0.0518058942907476,0.958898292230364,0.964035282821512,0.48812715122101,52.2845405695544,1.97496754771796,0.053562756584726,0.0972406495005641,0.100843672110314,0.964271207757995,0.3349099720782,0.0776309674792021,0.10081891861692,0.770003968939351,0.441297538355708,0.019609682021362,0.0743092943037438,0.26389272304493,0.791862583120079,-0.939590590526011,0.677677557843278,-1.3864862125821,0.165598487418874,0.98847997511701,0.680130250638537,1.45336863665302,0.146121429641405,-1.92807056564302,0.976254302442018,-1.97496754771796,0.0482718309038298
0,629375.059932299,1,0.479742348732461,0.856133045283956,0.0344700941996959,0.00000581313790502145,0.000681712633121116,0.0824205669875439,0.103834704340062,0.089674192625363,50.8108438188529,1.15791066861185,0.252314418124454,0.024480872278136,0.0346401242319699,85917.5222339293,0.706720106261692,0.479742348732461,-0.0885493804053133,0.485833253275816,48.6966484553983,-0.182262905653851,0.856133045283956,1.06489853930181,0.490494992326226,52.4753543261323,2.17106913620344,0.0344700941996959,0.133773815695617,0.0979890883476584,1.36519094065859,0.172193044981716,0.0822511602365665,0.0979639095120664,0.839606755653576,0.401128910172812,0.0515226554590509,0.0744260956236335,0.692265999275262,0.488770298197303,-1.15344791970712,0.689138762629001,-1.673752779929,0.0941791960941237,0.976349158896497,0.691611408822542,1.41170192747213,0.158037745592041,-2.12979707860362,0.98098998465245,-2.17106913620344,0.0299259466626737
0,629339.921254043,0,0.700897031547307,0.948778942723489,0.0334164979095196,0.00000171726315236998,0.0000848581065000286,0.0831306035996115,0.107298470190102,0.0888568084699228,46.0657032327849,1.20754359781469,0.233386407087949,0.0133030461518263,0.0346333262403444,85916.4236186549,0.384111132136352,0.700897031547307,-0.0319379731526333,0.494630796361725,49.1272219106244,-0.0645693179388631,0.948778942723489,1.09964239246991,0.503426244827087,52.6232644674818,2.18431677682519,0.0334164979095196,0.147383690578321,0.0974835230304838,1.51188309569232,0.130563605152213,0.0702269341591281,0.0974585072046627,0.72058290418559,0.471166175304375,0.0771567564191931,0.0751757819926423,1.0263512313945,0.304726056837717,-1.13158036562254,0.704514590300756,-1.60618442996258,0.10823339333312,1.06770441931728,0.707003825614563,1.51018195465799,0.1309970019314,-2.19928478493982,1.00685248965417,-2.18431677682519,0.0289389788223048
0,629326.616866978,0,0.875568061776695,0.915660116492984,0.0428423257109812,0.000000285358473565339,0.000229410469789216,0.0755771965988254,0.10386069442246,0.0881420401990356,45.8009250275205,1.17833322428128,0.244749759786567,-0.00542294426524277,0.0346314037388267,85928.8884331434,-0.156590368272103,0.875568061776695,-0.0549757111879462,0.516467791333698,49.3790067454189,-0.106445575330032,0.915660116492984,1.06826030014575,0.514712322525763,52.6871756179557,2.07545118582677,0.0428423257109812,0.16227821634412,0.0972134914825263,1.66929727416784,0.0950584801762462,0.05063071023351,0.0971887451012303,0.520952402264005,0.602399929426543,0.11164750611061,0.0758416108582048,1.47211411845337,0.140990063560533,-1.12323601133369,0.727900459874851,-1.54311760089671,0.122802244951251,1.0132845889578,0.73040839905078,1.38728496314478,0.165354886437334,-2.13652060029149,1.02942464505152,-2.07545118582677,0.0379447384918238
0,629336.924564707,0,0.784299414034978,0.675296245047757,0.0565052299803665,0.000000872069820975045,0.0035808448843873,0.0672733819448637,0.0957836213079304,0.0864548625332218,45.2201147996782,1.10790322835947,0.273761861919074,-0.00947969523422584,0.0346326460823784,85914.3611009598,-0.273721367165452,0.784299414034978,-0.206083647317033,0.489054239075654,49.4116740457701,-0.421392211437621,0.675296245047757,1.00191548888693,0.513807958492801,52.7195430319653,1.94998047874918,0.0565052299803665,0.162257041268302,0.0953580379216896,1.70155599679548,0.0888386322657692,0.0487563653616432,0.0953326278580277,0.511434190550717,0.609047058908483,0.113500675906658,0.0757968733538125,1.49743216157279,0.134280844987779,-1.20799913620396,0.708102008719157,-1.70596767320154,0.0880140985538493,0.795831841569894,0.710589107139074,1.11996065458141,0.262730529044426,-2.00383097777385,1.0276159169856,-1.94998047874918,0.0511784458139726
0,629575.928412401,0,0.784290568301596,0.452693418583589,0.0925527801481512,0.0000008722836036526,0.0115066794724846,0.0531995388588638,0.0796877372077006,0.0845704105130595,44.7553252546764,0.942264992262218,0.35111568754988,-0.00949313614008644,0.0346802921256728,85900.528564247,-0.273732877038223,0.784290568301596,-0.357239277776837,0.471951212604787,49.220714779801,-0.756941116445419,0.452693418583589,0.895744136307643,0.522764379946659,52.2524387359858,1.7134758424035,0.0925527801481512,0.148296968424778,0.0935768387054788,1.5847614695718,0.11302053975129,0.0447877967488281,0.0935508193847803,0.478753655428855,0.632113890021438,0.10350917167595,0.0764053345243451,1.35473749732709,0.175501206512333,-1.25298341408448,0.703051965392477,-1.78220597589113,0.0747156486576892,0.538504858530805,0.705520390915855,0.763273273833741,0.445300437578308,-1.79148827261528,1.04552875989332,-1.7134758424035,0.086625033948697
0,629711.832089427,0,0.968065620687568,0.284235845445246,0.122734567857976,0.0000000186565741578291,0.0232120259490574,0.0452130682947464,0.0485587548321237,0.0828026395996588,43.1191179654467,0.586439696450495,0.560637813658019,0.00138952305579111,0.0347080387837759,85909.1574042348,0.0400346174685225,0.968065620687568,-0.520897182563396,0.481139203411742,49.3230340460133,-1.08263300697538,0.284235845445246,0.841475688363127,0.536340766194553,51.9809264259627,1.56891987594672,0.122734567857976,0.111446350900733,0.0922636723704281,1.20791150013288,0.227081305575681,0.034823297608472,0.0922376166912083,0.377539000438974,0.705773086843224,0.0766230532922607,0.077268118101868,0.99165160449803,0.321367506603891,-1.36237287092652,0.719282822453651,-1.89407118924254,0.0582155612851414,0.32057850579973,0.721765143524401,0.444159029673192,0.656927611046389,-1.68295137672625,1.0726815323891,-1.56891987594672,0.116666609933638
0,629796.319193441,0,0.222277840708226,0.191716278623375,0.133371702594175,0.0000173390192152065,0.0341297582858508,0.042699921871518,0.0512098287686828,0.0800702923756749,42.6474703275317,0.639560906414777,0.525878926832642,0.0423824125879026,0.0347253832088064,85910.2924925923,1.22050237237279,0.222277840708226,-0.637523050017637,0.481668370419471,49.57709771592,-1.32357258472761,0.191716278623375,0.826664679989189,0.542170872247473,52.1203610298748,1.52473089629916,0.133371702594175,0.0779081877893113,0.0899060569145876,0.866551047426376,0.386188045234955,0.0846684882927149,0.0898794423508006,0.942022848364509,0.346180942173296,-0.00676030050340361,0.0776503100458375,-0.08706083078629,0.930623159628492,-1.46418773000682,0.72398422220366,-2.0224028163903,0.0431347543528052,0.189141629971551,0.726466925298342,0.26035821230798,0.794587473409569,-1.65332935997838,1.08434174449494,-1.52473089629916,0.127326232163056
0,629769.698115046,0,0.0279046161808557,0.101160839035622,0.177981765972384,0.0000562686414581344,0.0530632842655232,0.0345141915185432,0.0714411700696694,0.0774871173854424,42.2524921224281,0.921974806654649,0.36177652787568,0.0763376637401844,0.0347200530621946,85906.5149649198,2.19866207011376,0.0279046161808557,-0.79375761383909,0.475252779958551,49.7798181607638,-1.67017984388922,0.101160839035622,0.736065318209189,0.539076081106088,52.1531777022543,1.36542010303799,0.177981765972384,0.0672809644549043,0.0874932661968592,0.768984487372121,0.441902519599621,0.15050077186213,0.0874659056008723,1.72067928443913,0.085309037475839,-0.0832198074072254,0.0774542506047113,-1.07443822330602,0.282626318761928,-1.52982293204828,0.717419233491976,-2.13239743323022,0.0329741882286175,-0.0576922956299012,0.719893113992514,-0.0801400853939841,0.936125841722288,-1.47213063641838,1.07815216221217,-1.36542010303799,0.172121049029525
0,629813.233810946,0,0.00285234176942401,0.0765818461524262,0.201041321839865,0.000103601829353759,0.0618510240170714,0.031166745464464,0.0553933704482019,0.0778302519812586,41.8214200093997,0.711720302043229,0.480589446192325,0.103605079845922,0.0347282945419491,85897.9436065405,2.98330457088168,0.00285234176942401,-0.841704699378402,0.465400570407098,49.6124410576583,-1.80855966429552,0.0765818461524262,0.693434579763702,0.535488402628346,52.1276844932268,1.29495723223903,0.201041321839865,0.0242165754160081,0.0876341497363086,0.27633719832823,0.78228908765103,0.165993874487048,0.0876066729441929,1.89476290913124,0.0581238191457188,-0.14177729907104,0.077247107530115,-1.83537356419162,0.0664503579077807,-1.5351392791421,0.708238042860049,-2.16754704808402,0.0301931663374212,-0.148270119614701,0.710696781486439,-0.208626412103049,0.834739890372766,-1.3868691595274,1.07097680525669,-1.29495723223903,0.195334983396641
0,629763.421374576,0,0.00016581761890705,0.0938775748453183,0.161417461874821,0.000165118955730131,0.055924117238513,0.0373318572083239,0.0413446068495102,0.0828088702127789,41.8832574482737,0.499277513909735,0.620196497774451,0.13075522492274,0.03471746843602,85892.126699695,3.76626611366281,0.00016581761890705,-0.788120788476362,0.46135131448873,49.2640154183414,-1.70828772721664,0.0938775748453183,0.755983012582858,0.53218302391477,52.0354175437984,1.4205319948423,0.161417461874821,-0.0165593847000756,0.0919952689585016,-0.180002568474966,0.857150551784089,0.173616100698022,0.0919688893245009,1.88776989668146,0.0590568481641288,-0.190175485398098,0.0770316363400222,-2.46879716482526,0.0135568037876076,-1.54410380105922,0.703091240473061,-2.19616418492186,0.0280801938487206,-0.0321377758935042,0.705542571512978,-0.0455504418742407,0.963668569792477,-1.51196602516571,1.06436604782954,-1.4205319948423,0.155452860813085
0,629679.832007807,0,0.000000298600294173783,0.124688259102517,0.116327615876817,0.00030575330593739,0.0477184795553901,0.0470539866042388,0.0444669016227023,0.0864476593504187,43.3769830321322,0.514379474896528,0.609597651238099,0.177825072514693,0.034699369269038,85869.4851067461,5.12473500990592,0.000000298600294173783,-0.695348460022447,0.445075887373134,48.709718625722,-1.56231438222016,0.124688259102517,0.862349321360966,0.539923989915898,51.6622213592283,1.59716800413942,0.116327615876817,-0.0598655698644148,0.0952074066188522,-0.628791099247952,0.52948582791284,0.21441282850318,0.0951816400644832,2.25267003550181,0.0242799616164925,-0.274278398367595,0.0774912052950976,-3.53947776812999,0.000400919538000099,-1.55769778138341,0.698513795577325,-2.23001720402095,0.0257463007613005,0.167000861338519,0.700927527069331,0.238256959370352,0.811681801613917,-1.72469864272193,1.0798479798318,-1.59716800413942,0.110228262769838
0,629942.947655318,0,0.0000000632501800780492,0.118624740119528,0.120162443560855,0.000340723844025528,0.0490106113123592,0.0461418100820259,0.0332512221328616,0.087402238829994,44.6970970432294,0.380439020532855,0.705421592111265,0.188004283941213,0.0347522998593737,85865.3337888186,5.40983718205639,0.0000000632501800780492,-0.700372401218304,0.440918287736818,48.9584179029044,-1.58844035436415,0.118624740119528,0.819075107289465,0.518325955220101,51.6215127169461,1.58023170370014,0.120162443560855,-0.0830651189610996,0.0957780355893921,-0.867266889009984,0.385795794230251,0.215655080418699,0.0957519895619401,2.25222558199896,0.024308020171008,-0.298720199379799,0.0762419906228906,-3.91805351538279,0.0000892668907429804,-1.51944750850777,0.679289230676747,-2.23681966368583,0.0252981288328849,0.118702706071161,0.681694657246032,0.174128849052017,0.861764201263746,-1.63815021457893,1.0366519104402,-1.58023170370014,0.11405381381584
0,630190.590188988,0,0.000000529889994996895,0.164340474029164,0.165994041380801,0.000292840097884512,0.0388302388467592,0.0365405045760596,0.0366523239714549,0.0854652695392111,45.1013495137082,0.428856354973981,0.670069283931375,0.174555831913029,0.0348029770677909,85877.2630571265,5.01554311210276,0.000000529889994996895,-0.630393581589336,0.446575819576081,49.3245571628123,-1.4116160211893,0.164340474029164,0.666091086748515,0.47412200371948,52.0410371666465,1.40489384910011,0.165994041380801,-0.0767350119680478,0.0935653540787031,-0.820122071076669,0.412146521264231,0.209523937972834,0.093538175241776,2.23998316656552,0.0250920157280069,-0.286258949940882,0.0737140102707468,-3.88337235878866,0.000103017621928544,-1.29648466833785,0.650126871502004,-1.99420255517596,0.0461299230379198,0.0356975051591792,0.652516915514885,0.0547074019238432,0.956371572313632,-1.33218217349703,0.948244007438958,-1.40489384910011,0.160052845906948
0,630063.477670084,0,0.00000228248321279672,0.216710548910313,0.166412491732637,0.000260099006700785,0.0306838698804167,0.0364816879538608,0.0260646675885984,0.0850022706006712,45.1793585643383,0.306634956977168,0.760530034651712,0.164393067975684,0.0347776367616682,85884.5805345292,4.72697639296979,0.00000228248321279672,-0.566370104663921,0.452624896001061,49.4628429198894,-1.25130126439752,0.216710548910313,0.643737604172597,0.458669978501006,52.0238126932746,1.40348754953707,0.166412491732637,-0.0812351926360079,0.0930325793778581,-0.873190802396929,0.382559087258779,0.186807516091772,0.0930051508077579,2.00857172392423,0.0445825725360302,-0.26804270872778,0.0728065533371512,-3.6815739303924,0.00023179855183707,-1.21010770883652,0.643205935502013,-1.88136900181439,0.0599217405426756,0.0773674995086758,0.645585792789112,0.119840771548622,0.90460928364085,-1.28747520834519,0.917339957002011,-1.40348754953707,0.160471502115118
0,629991.140151931,0,0.0000177270536644101,0.24407925187815,0.124574924510187,0.000214433792115385,0.0272763444026515,0.0453657263759303,0.0293036382805788,0.0874342203275396,45.7660490623106,0.335150678656523,0.739042830748571,0.149202798371222,0.0347630611622159,85887.8139277267,4.29199251685553,0.0000177270536644101,-0.538869862574433,0.457107582250205,49.5603372143946,-1.17886879040977,0.24407925187815,0.746863584198983,0.478326048707548,51.3031058543257,1.56141106305423,0.124574924510187,-0.0592379096473068,0.0955163070184885,-0.620186348241463,0.535135108321291,0.168693236824285,0.09548989025618,1.7666083432677,0.0772938427514108,-0.227931146471591,0.0738962649551213,-3.0844745212768,0.00203912074911387,-1.28573344677341,0.660410967596552,-1.94686870730299,0.0515504771242296,0.20799372162455,0.66283003486851,0.313796464678628,0.753675629647098,-1.49372716839796,0.956652097415095,-1.56141106305423,0.118426793253691
0,629843.413020642,0,0.000055954053162338,0.413509284283303,0.135742077886439,0.000189012867475309,0.0133949531219908,0.0430214419715021,0.0334183793105192,0.0904492188063063,45.8381898413507,0.369471176772499,0.713477970709587,0.139953927329075,0.03473270589639,85885.4264415695,4.02945649401941,0.000055954053162338,-0.375748965719728,0.455674603586528,50.082739144194,-0.824599314428058,0.413509284283303,0.752785640737569,0.496640078889456,51.1065269656354,1.51575692888275,0.135742077886439,-0.0532909812165676,0.0984642060354498,-0.541221864901661,0.588354668543567,0.155583614724504,0.0984387904941527,1.58051123894848,0.113989835126086,-0.208874595941071,0.0749193230245029,-2.78799363780633,0.00530355853483302,-1.1285346064573,0.672793946733164,-1.67738519636961,0.0934671822779504,0.37703667501784,0.67522568809646,0.558386153940248,0.576580725596063,-1.50557128147514,0.993280157778909,-1.51575692888275,0.129580826691179
0,629969.48855023,0,0.000130820468844191,0.640612837358264,0.152433802826971,0.00017034706986892,0.00435101523275321,0.0394132241197506,0.0360869918553036,0.0947710879719522,43.018503402912,0.380780601210188,0.705240029655298,0.132949104946133,0.0347571825124977,85876.2461450944,3.82508291339002,0.000130820468844191,-0.211189532842262,0.44965432109077,50.4780870241404,-0.469670862563845,0.640612837358264,0.754578164711048,0.519497794923872,51.4204284914106,1.4525146633618,0.152433802826971,-0.0512969329064103,0.102643479207015,-0.499758321743488,0.617245260801216,0.143398874740694,0.102619204973756,1.39738828397051,0.162296840384526,-0.194695807647105,0.0763154041472741,-2.55119932630349,0.0107352909088162,-0.965767697553308,0.685856182024579,-1.40811984037595,0.159095587020368,0.543388631868785,0.688284267139238,0.789482860224755,0.429829843552413,-1.50915632942209,1.03899558984774,-1.4525146633618,0.146358554985729
0,630069.542392666,0,0.0000392712519494325,0.566612902203854,0.0865287821250997,0.000196883097401059,0.00654817306064392,0.0557186660096833,0.0129026395795689,0.0944844970998324,41.37379150886,0.136558271204386,0.89204229681928,0.14299982098515,0.0347767268581405,85861.7294873649,4.11194019404032,0.0000392712519494325,-0.252938164738709,0.438491360818949,50.4816228147343,-0.5768372819622,0.566612902203854,0.922493215723032,0.527970633840291,51.7377480690191,1.74724341960671,0.0865287821250997,-0.074640012170322,0.102371485979808,-0.729109394632055,0.465934748356426,0.124312672856164,0.102347086011773,1.21461858564165,0.224511596924588,-0.198952685026486,0.0768592859742379,-2.58853152881451,0.00963861228922147,-1.17543138046174,0.68511326211211,-1.71567453947402,0.0862216272549852,0.669555050984322,0.687513742043927,0.973878789671585,0.330116726258927,-1.84498643144606,1.05594126768058,-1.74724341960671,0.0805951229984748
0,630204.518107309,0,0.0000266042877477945,0.448822564779281,0.0408659170829894,0.000205479640632043,0.0115025784859603,0.0777690712514961,-0.0195353914997998,0.091732478879999,42.014668448031,-0.212960466547026,0.832387753774607,0.146213399341908,0.0348046842798459,85869.8898888709,4.20096898929706,0.0000266042877477945,-0.338861663901703,0.443900663727138,50.0787666866386,-0.763372735369458,0.448822564779281,1.09227144422,0.520887379221417,52.1442302068559,2.09694357704087,0.0408659170829894,-0.098227545199865,0.0998114975014235,-0.984130562698592,0.325051321455214,0.0911319314099831,0.0997864864366551,0.913269267856566,0.361100941304047,-0.189359476609848,0.0764634043286792,-2.47647195769473,0.0132688048054797,-1.4311331081217,0.683167872358879,-2.09484837625664,0.0361844731536455,0.753409780318298,0.685583386872624,1.09893237605286,0.271797563457259,-2.18454288844,1.04177475844283,-2.09694357704087,0.0359985703524404
0,630281.588929442,0,0.00387368066272074,0.410134170295307,0.0528089023201476,0.0000971400479082619,0.0136987929137578,0.0694895837495725,-0.0245661903344813,0.0887488400958878,42.6480796936782,-0.276805762283079,0.783266450889765,0.100574736353287,0.0348208530727397,85873.3666177456,2.8883478570496,0.00387368066272074,-0.37299940840208,0.449034153127581,49.6803677056288,-0.830670464159776,0.410134170295307,1.08060217511475,0.545422583382793,52.5614056994874,1.98122008152412,0.0528089023201476,-0.0565596123229376,0.0974276298727644,-0.580529490420753,0.561557605535996,0.0426236568307125,0.097402322235215,0.4376041130496,0.661673289110892,-0.0991832691536502,0.0779850826717628,-1.27182360722896,0.203435799242688,-1.45360158351683,0.705267805625509,-2.06106328960758,0.0392970024996346,0.707602766712673,0.707695027978933,0.999869631320538,0.317373602783095,-2.1612043502295,1.09084516676558,-1.98122008152412,0.0475665981525409
0,630346.950490108,0,0.0753505515755511,0.296685316604119,0.0557698336820453,0.0000368347892756854,0.0221899032344079,0.0679430609067261,-0.0521505007244459,0.0911948972566048,44.7395089022085,-0.571857661922733,0.570280646036378,0.0619454379193866,0.0348331714360762,85853.5847381626,1.7783461960409,0.0753505515755511,-0.46308797510513,0.43902741576466,49.0278483738786,-1.05480422970525,0.296685316604119,1.10598863379102,0.565371992628231,52.4964676634704,1.95621404705535,0.0557698336820453,-0.0400664814683253,0.099810738512602,-0.401424556770177,0.688107572575433,-0.0205372891032862,0.0997859016161305,-0.205813534483977,0.836936568542083,-0.0195291923650391,0.0792556819000362,-0.246407473847376,0.805366821279921,-1.56907660889615,0.714616780720202,-2.19568956569255,0.028114170519054,0.64290065868589,0.717010446504035,0.896640574513961,0.369910739860922,-2.21197726758204,1.13074398525646,-1.95621404705535,0.0504399444456684
0,630518.612579555,0,0.332177616129337,0.191813694186036,0.0622211677046436,0.0000109559642725179,0.034597631124386,0.0650757775296358,-0.0785267815336098,0.0917473173766816,46.5800470723019,-0.855902753114916,0.396433137265984,0.0338124570237082,0.034867460843258,85833.6244659351,0.969742453449869,0.332177616129337,-0.569087632574755,0.429974473969713,48.8804216673923,-1.32353817965213,0.191813694186036,1.10487252614545,0.579806727121646,52.1692862847959,1.90558762853684,0.0622211677046436,-0.0333613472415702,0.100417270373879,-0.33222718679125,0.739717716433879,-0.0699928001490094,0.100392368921756,-0.697192435050123,0.485682372587979,0.0366314529074392,0.0802226594939657,0.456622270297516,0.647942569169036,-1.6739601587202,0.720660089635577,-2.32281512851182,0.0201890860074014,0.535784893570691,0.723019234438844,0.741038229759585,0.45867026081643,-2.20974505229089,1.15961345424329,-1.90558762853684,0.05670372847859
0,630596.971409455,1,0.740498657540731,0.197024445066894,0.0583603028925277,0.00000127833335528044,0.033490056901276,0.0674349368567954,-0.063484872907151,0.0950588642578632,50.728097265446,-0.667848005578286,0.50725783453655,0.0115526416209563,0.0348817818320118,85806.5820796272,0.331194136715635,0.740498657540731,-0.540556056571334,0.413355071419519,49.3543430644399,-1.3077281348333,0.197024445066894,1.15763040256534,0.598021005215659,51.8204472478237,1.93576879820112,0.0583603028925277,0.00508338016875913,0.103535503778414,0.04909794208988,0.960841243405764,-0.0810459651930463,0.103511058062266,-0.782969150448582,0.433645228100281,0.0861293453618054,0.0814267334079673,1.05775267847572,0.290168211989929,-1.69818645913667,0.725830176651732,-2.33964708793239,0.0193019693784443,0.617074345994008,0.728116494907566,0.847493979754361,0.396719841259988,-2.31526080513068,1.19604201043132,-1.93576879820112,0.0528960240010182
0,630816.901367004,0,0.572633650409353,0.146431388715736,0.0926469595986853,0.00000370937436236866,0.0413392424357394,0.0539684601190442,-0.048913105495484,0.0977396105597651,47.630149210898,-0.500443016043889,0.619067774368984,-0.0197046149521668,0.0349261628908062,85808.8098031871,-0.564179208972131,0.572633650409353,-0.617666323822387,0.41876235178093,50.4516092153095,-1.47498054969734,0.146431388715736,1.05430920961189,0.6153112846405,51.4649825067175,1.71345664532689,0.0926469595986853,0.0496757656167085,0.106273385856958,0.467433734383612,0.640189591849658,-0.0892186494470858,0.106249646244095,-0.839707731752041,0.401072277824678,0.138894415063794,0.0826143378949551,1.68123861551006,0.0927165756954446,-1.67197553343427,0.743144113594661,-2.24986715611157,0.0244573794080071,0.436642885789502,0.745437183791952,0.585754098780464,0.558040773620213,-2.10861841922377,1.230622569281,-1.71345664532689,0.0866285628386846
0,631317.631145159,0,0.0811347303935906,0.0935348290949284,0.121411180153261,0.0000354439182873806,0.0542737757535698,0.04594036442425,-0.0552287411114706,0.0954054049749755,47.0481313931397,-0.578884824459965,0.565428180779669,-0.061096208465081,0.0350290109290109,85825.3630379042,-1.74416025016799,0.0811347303935906,-0.731753825329092,0.428165712761593,50.8957626153754,-1.70904349301912,0.0935348290949284,0.971618516509553,0.616954485295555,51.5070171264107,1.57486255415437,0.121411180153261,0.086233033393626,0.104250241853041,0.827173461287376,0.408138751371693,-0.127641830334944,0.104226072748711,-1.22466314779689,0.220702164592139,0.21387486372857,0.0828428031971506,2.58169515606066,0.00983163865461238,-1.70337234183864,0.749806575963502,-2.27174900360111,0.0231016745760136,0.23986469118046,0.752135312070759,0.318911620463705,0.749793532219923,-1.9432370330191,1.23390897059111,-1.57486255415437,0.115288173656541
0,631587.511569574,0,0.00263598962735757,0.0777750762137836,0.125159625328235,0.000105350990575149,0.0596236565356026,0.0448448245893304,-0.0638626520882888,0.0959040442030011,47.0592016001765,-0.665901554194212,0.508725206329228,-0.105512547646587,0.0350847100822372,85839.6731412167,-3.00736552758366,0.00263598962735757,-0.787855081010881,0.437711838558693,51.0974448287212,-1.79994007839757,0.0777750762137836,0.955065603814428,0.612726873990259,51.7480697678285,1.55871342413098,0.125159625328235,0.123881363076224,0.104745840954879,1.1826852689033,0.236933904548766,-0.177264237253501,0.104721790733754,-1.69271587137179,0.0905095627461521,0.301145600329725,0.0826267666105516,3.64464946025454,0.000267756497718695,-1.74292068482531,0.751827557734923,-2.31824527698387,0.0204359946121361,0.167210522803547,0.75419299577691,0.221707870186861,0.824541303058576,-1.91013120762885,1.22545374798052,-1.55871342413098,0.119064223068602
0,631419.333067292,0,0.0000406224171745919,0.0623128481014899,0.235832952675683,0.000196121258248871,0.066717223024465,0.0270943850313319,-0.0538394524255218,0.0982599184009984,47.6107077226291,-0.547928934825726,0.586300601712947,-0.143855422997516,0.03505143213524,85867.9488485063,-4.10412397537637,0.0000406224171745919,-0.877787971565154,0.460537780643751,50.8187540735518,-1.90600643086906,0.0623128481014899,0.740139594146127,0.617075554501151,51.6585251229153,1.19943107249559,0.235832952675683,0.16635022905231,0.107167318284091,1.55224775347397,0.120602953886367,-0.191200587888799,0.107144112312993,-1.78451791480859,0.074339546414972,0.357550816941109,0.0828648345143405,4.31486792964309,0.0000159698348876928,-1.61792756571128,0.768775475779856,-2.10455148048269,0.0353303689014716,-0.137648377419027,0.771193129226267,-0.178487556751353,0.858340092566897,-1.48027918829225,1.2341511090023,-1.19943107249559,0.230360371448586
0,631639.032261992,0,0.000000347440301366765,0.0480127025822075,0.443029039278484,0.000302241708031716,0.0754531447690769,0.0114609280536836,-0.0515227858539457,0.0945564635149898,46.7686080576992,-0.544889095241785,0.588418871352563,-0.178864462089811,0.03509824826915,85899.6831051547,-5.0961079515477,0.000000347440301366765,-1.00293142625916,0.494870942043223,50.3280557421322,-2.02665248866352,0.0480127025822075,0.486167891520735,0.628903402029862,51.5440703334686,0.773040644956871,0.443029039278484,0.197597783267641,0.104292129957752,1.89465670465918,0.0581378971308665,-0.206006205139419,0.104268690712069,-1.97572448385576,0.0481859903402948,0.40360398840706,0.0836959230730327,4.82226581161996,0.00000141936625715142,-1.48909931777989,0.799026493217149,-1.86364198236316,0.0623719978737653,-0.516763534738423,0.801492445294442,-0.64475159781273,0.519088172997231,-0.972335783041468,1.25780680405972,-0.773040644956871,0.439498326594244
0,631677.434091367,0,0.00000000496169038948434,0.0353580554971259,0.53934040845806,0.000398080165723529,0.0863842118699259,0.00735785500139014,-0.0670234703351516,0.0912719819339745,46.2717935723451,-0.734326886685071,0.466454613895901,-0.20534117742918,0.0351067502629397,85906.7676082312,-5.84905113379144,0.00000000496169038948434,-1.08385068228589,0.500975033937846,49.5035067338484,-2.16348242699129,0.0353580554971259,0.380941417841056,0.616474624015044,51.514259825296,0.617935277465304,0.53934040845806,0.207426993047667,0.101221777696927,2.04923286042984,0.04043935027547,-0.23920119927784,0.101197713356525,-2.36370162273451,0.0180933783227654,0.446628192325507,0.0828786585034413,5.38894089733561,0.0000000708741068748429,-1.46479210012695,0.793122016131274,-1.84686854019256,0.0647661952351216,-0.702909264444838,0.795607542004782,-0.883487432350927,0.376972969836797,-0.76188283568211,1.23294924803009,-0.617935277465304,0.53661800349543
0,631605.408479629,0,0.00000000286597582698552,0.0254021593173149,0.509398703695234,0.000410502169571676,0.0976820819502213,0.00847072822344818,-0.0683214214897386,0.0918698010559053,46.3783188203033,-0.743676602153118,0.460823265943461,-0.208436865541935,0.0350920166060044,85908.995830542,-5.93972321061397,0.00000000286597582698552,-1.15801219795805,0.502276628799792,49.1003967035329,-2.30552673877175,0.0254021593173149,0.398941434266752,0.600467878292663,51.6682225241254,0.664384305453741,0.509398703695234,0.213572935921967,0.101560968971136,2.10290368520081,0.0354741896387563,-0.24094512387873,0.101536953220429,-2.37297965161174,0.0176452359897607,0.454518059800698,0.0818096006187077,5.55580343093328,0.0000000276337715800442,-1.5569536322248,0.78159236101859,-1.99202769867881,0.0463680188683783,-0.759070763691299,0.784092054925271,-0.968088834624965,0.333000005619801,-0.797882868533503,1.20093575658532,-0.664384305453741,0.506444375237207
0,631540.001345282,0,0.0000000420211719093227,0.0254503671829206,0.581176575859099,0.000349764917347399,0.0974628467511654,0.00590220624742711,-0.0618134328597724,0.091561863290382,45.416869026798,-0.675100206990496,0.503034763410764,-0.192323121232531,0.0350785907524422,85911.3509198281,-5.48263533702935,0.0000000420211719093227,-1.15409705829687,0.500778081235237,49.1835690999203,-2.30460777246906,0.0254503671829206,0.323830438175375,0.583320454003862,51.9081622184125,0.555150151092133,0.581176575859099,0.200238705865134,0.101042161769535,1.9817341826262,0.0475089992905801,-0.214964351250163,0.101018008984206,-2.12798048003276,0.03333870204042,0.415203057115297,0.0806840422780725,5.14603687906867,0.000000266047141255078,-1.47792749647224,0.767536434830515,-1.92554702214051,0.0541609591948658,-0.830266620121492,0.770045906824711,-1.07820405609985,0.280942702236362,-0.64766087635075,1.16664090800772,-0.555150151092133,0.578791962044017
0,631601.881411694,0,0.00000229299896547251,0.02743021125516,0.596736270925699,0.00025988695174034,0.0952497404005764,0.0054100672725918,-0.0596534324669551,0.0909056102509804,44.1570201822294,-0.656212881716085,0.515092300012321,-0.165844531938367,0.0350916316066854,85920.7053476287,-4.72604220280176,0.00000229299896547251,-1.16542478878396,0.512692333301545,49.0817198418505,-2.27314651124012,0.02743021125516,0.309153072908189,0.580716305194208,52.1027310770975,0.532365063875379,0.596736270925699,0.175762080292346,0.100548796009947,1.74802769667136,0.0804592315988352,-0.185098834138752,0.100524663104852,-1.84132757496224,0.0655735691411316,0.360860914431098,0.0805298291403133,4.48108382053491,0.00000742649350710853,-1.47457786169215,0.773389200675954,-1.90664397744802,0.0565667061547094,-0.856271715875771,0.775911628838617,-1.1035686076228,0.269780315087458,-0.618306145816376,1.16143261038841,-0.532365063875379,0.594473176999264
0,631905.742538871,0,0.00000523146627529181,0.0521488555722503,0.669549786461893,0.000241470093830775,0.0750732662916633,0.00352858921192647,-0.0459647128494069,0.0934507127891726,44.9625269165014,-0.491860484286563,0.625210852648781,-0.160145518431851,0.0351537593691913,85924.6547019862,-4.55557303985539,0.00000523146627529181,-1.04213360472656,0.523550036434119,48.8149032910233,-1.99051386152982,0.0521488555722503,0.250747618906343,0.584220489094714,52.0216123455663,0.429200316638829,0.669549786461893,0.175179290063889,0.103028768885244,1.70029489781643,0.089075469684673,-0.168772427241346,0.103005142808982,-1.63848544489014,0.10132046786525,0.343951717305235,0.0808283998383209,4.25533250680743,0.0000208738575584575,-1.2928812236329,0.783218749934977,-1.65072813149613,0.0987941008798655,-0.791385985820214,0.785751125234165,-1.00717130450735,0.313852460237274,-0.501495237812685,1.16844097818943,-0.429200316638829,0.667777452584029
0,632015.08554596,0,0.0000197518353827991,0.0836871772078984,0.733684957819391,0.000211973485665216,0.0603353004363975,0.00224070374993496,-0.0329788356642181,0.0946391081265457,45.1400667926634,-0.348469425769744,0.729107727857409,-0.150125597335298,0.035175383910031,85912.8635407401,-4.26791638491503,0.0000197518353827991,-0.892315146010606,0.505285377154006,48.5695971906663,-1.76596273384464,0.0836871772078984,0.199495847876699,0.583226141125024,52.0996854254559,0.342055737576986,0.733684957819391,0.168658698537304,0.103899541794203,1.62328625925389,0.104528225517031,-0.150417031842187,0.103875898878924,-1.44804553766135,0.147604315473928,0.319075730379491,0.0807964204005152,3.9491320134952,0.0000784350882748909,-1.0918109938873,0.770403084805694,-1.41719447315385,0.156426077230516,-0.692819298133906,0.772923783458868,-0.896361727974664,0.370059600875381,-0.398991695753398,1.16645228225005,-0.342055737576986,0.732308946737279
0,632093.003339523,0,0.000075881206213627,0.061346677220368,0.825984312739188,0.000182304253902124,0.070470202749666,0.000933739532216891,-0.0395114560280413,0.0958745809392254,45.4975882086286,-0.412116075407803,0.682189674032313,-0.13925422237248,0.0351897213584511,85883.3754977369,-3.95724140449997,0.000075881206213627,-0.904666655992437,0.472286545452682,48.3975988008759,-1.91550376504019,0.061346677220368,0.130636818439154,0.591221615164148,52.2395141615033,0.220960829388627,0.825984312739188,0.148588663217508,0.104789171217487,1.41797727275767,0.156197400225621,-0.142246742112237,0.10476540538368,-1.35776444133719,0.174538441434359,0.290835405329745,0.0813389958681761,3.57559620973307,0.000349430638123182,-1.03530347443159,0.75546520564853,-1.3704184741941,0.170556308436866,-0.774029837553282,0.757936330809049,-1.02123332276084,0.307143908183713,-0.261273636878307,1.18244323032829,-0.220960829388627,0.82512293275093
0,632258.297526122,0,0.000344754385630896,0.0412042778276522,0.788650979225358,0.000149176868488194,0.0839657692222622,0.00137788322530467,-0.0492528698409329,0.0943517571359698,47.055165469081,-0.522013276021504,0.604109898889806,-0.126073425989023,0.0352232922804648,85865.9419879377,-3.57926297704274,0.000344754385630896,-0.958036815776086,0.456670971432817,48.0139036434611,-2.09787106189435,0.0412042778276522,0.154254082680305,0.572515312451959,52.612372783077,0.269432239322418,0.788650979225358,0.129298740429935,0.103015066097409,1.25514398357686,0.209426496110015,-0.137403609913437,0.102990473242702,-1.3341390284676,0.18215829714623,0.266702350343371,0.0801895108563731,3.3259007006672,0.000881333203576315,-1.11229089845639,0.731112721642399,-1.52136717845327,0.128167720561996,-0.80378273309578,0.733565611609047,-1.09572030146385,0.273201195517689,-0.30850816536061,1.14503062490392,-0.269432239322418,0.787597079727751
0,632331.489541355,0,0.0123034478101127,0.0573775191888253,0.513844139674882,0.0000729779538181856,0.074038130323672,0.00808409254292203,-0.053477356998102,0.0895582545424998,46.0398683947975,-0.597123707594416,0.553350239792759,-0.0882158772805657,0.0352388166282109,85867.2404404241,-2.50337229570709,0.0123034478101127,-0.883571516122212,0.453641296883073,47.4455960995637,-1.94773165977866,0.0573775191888253,0.357519610242827,0.543937174836228,53.0085387595986,0.657281073591763,0.513844139674882,0.0932935340206256,0.0982570896344082,0.949483995177846,0.342374508276038,-0.116873963621266,0.0982311539725592,-1.18978510273751,0.234130866280766,0.210167497641891,0.0784248843271779,2.67985728566843,0.00736535545959978,-1.24109112636504,0.707049011221792,-1.75531131034384,0.07920607290725,-0.526051905879384,0.709505354837743,-0.741434722504225,0.458429897732457,-0.715039220485652,1.08787434967246,-0.657281073591763,0.511000203789332
0,632381.322997948,0,0.113311402567677,0.0715163515760042,0.252515954227043,0.0000292047258091607,0.0672036185196911,0.0245630084078774,-0.0562478225573712,0.088079381082256,44.6398756317684,-0.6386037443297,0.526343795313837,-0.0558157014325851,0.0352483284840264,85855.852080344,-1.5834992418968,0.113311402567677,-0.815686178903234,0.442424471706811,47.1804544869453,-1.8436732845189,0.0715163515760042,0.61065822684165,0.52787271465484,53.1441739160577,1.15682854955089,0.252515954227043,0.0668631922486628,0.0966025679711922,0.692147151498106,0.488844923316295,-0.10239024996951,0.0965759876081468,-1.06020401660249,0.289051794200562,0.169253442218173,0.0774619858997208,2.18498712952288,0.0288897902843438,-1.42634440574488,0.687544664411151,-2.07454799604398,0.0380284460947716,-0.205027952061584,0.689971279492122,-0.297154328238854,0.766348688553537,-1.2213164536833,1.05574542930968,-1.15682854955089,0.247342415136619
0,632323.661863874,0,0.0161892900101858,0.126145013173733,0.143040593951206,0.0000673246715099101,0.0479736782756631,0.0397013945755726,-0.0480219630012613,0.0900422526655088,44.4380612354376,-0.533326983495788,0.596464777298377,-0.0847341216117684,0.0352373550429102,85882.8753341551,-2.40466747599483,0.0161892900101858,-0.717982660884599,0.461276392327919,48.0785535464344,-1.55651291248868,0.126145013173733,0.754761170295031,0.507766597200065,53.4430675905287,1.48643328343563,0.143040593951206,0.106196609377704,0.0983500706543454,1.07978172939942,0.28023938905974,-0.134491304596517,0.0983240150489827,-1.36783780167558,0.171362852290256,0.240687913974221,0.0762386373259154,3.15703326313789,0.00159383163970709,-1.47274383117963,0.684770325211447,-2.15071211026101,0.0314989299041735,0.0367785094104321,0.687237409060502,0.0535164543221108,0.957320420782424,-1.50952234059006,1.01553319440013,-1.48643328343563,0.137164551592712
0,632298.530562491,0,0.000878287028397748,0.25068420711471,0.0702755081588181,0.000128851931521352,0.0268848906145025,0.059844325796134,-0.016635340813113,0.0923259016709283,43.89318967653,-0.180180648247611,0.857840056772832,-0.117217073273452,0.035232247951061,85892.282386297,-3.32698252567566,0.000878287028397748,-0.545351507379718,0.469130704154385,48.9126577651872,-1.16247242516927,0.25068420711471,0.905636851670148,0.490336593132802,53.5915545522142,1.84696974354689,0.0702755081588181,0.169039754190718,0.100333299290382,1.68478217487384,0.092030605224213,-0.150850773704503,0.100307645357109,-1.50388111661333,0.132611979993713,0.319890527895221,0.0752110149583731,4.25324040730297,0.0000210699161995351,-1.45098835904986,0.677375689177397,-2.14207327223677,0.0321875862924059,0.36028534429043,0.679845100006162,0.529952108630576,0.596145135994973,-1.81127370334029,0.980673186265603,-1.84696974354689,0.0647515255167864
0,632340.08266117,0,0.000130817017904661,0.267334724586419,0.0453587543863814,0.00017033447440168,0.0249002112123,0.0728542730192437,0.0142107560769827,0.0990992198790518,44.7190061130617,0.143399272913819,0.886619090430134,-0.134794563814263,0.0352395852028119,85882.8886629635,-3.8250893998465,0.000130817017904661,-0.518858474276009,0.462476140158115,49.2907239058149,-1.12191403884883,0.267334724586419,0.982122605809014,0.479255988478765,53.442810671955,2.04926517230682,0.0453587543863814,0.219822011669968,0.106425184218306,2.0655074575117,0.0388750106527486,-0.142440734283651,0.106400615696363,-1.33872095900401,0.180661530526433,0.362262745953619,0.0745881506248223,4.85684043536349,0.00000119273632416198,-1.50098108008502,0.664788019820846,-2.2578341295764,0.0239560025470216,0.463264131533004,0.667231484658277,0.69430796085749,0.48748909959922,-1.96424521161803,0.958511976957529,-2.04926517230682,0.0404361922949322
0,632114.798862756,0,0.0000914643265576082,0.224401982107875,0.045679039885677,0.00017822007333363,0.029717103348446,0.0721274078946726,0.0467227594173491,0.106309798432406,47.1223634219034,0.43949626569047,0.662310990882247,-0.137684341841255,0.0351920376895993,85870.9470608251,-3.91237197049111,0.0000914643265576082,-0.558821332874373,0.454208843616286,49.4227245680074,-1.23031803701837,0.224401982107875,0.946324797613322,0.462579986507119,53.8387272433498,2.04575387006882,0.045679039885677,0.255420301237544,0.112937458462754,2.26160836904064,0.023721610483769,-0.109244100298182,0.112913906884591,-0.967499073518375,0.333294604183471,0.364664401535726,0.0735887536680125,4.95543657636695,0.000000721680611039128,-1.50514613048769,0.64709517515732,-2.32600425450826,0.0200183237157491,0.387503464738948,0.649491854729877,0.59662559571299,0.550757378398122,-1.89264959522664,0.925159973014237,-2.04575387006882,0.040780592691232
0,631984.194369364,0,0.000099549516384767,0.186661924498943,0.0403248026052467,0.000176373541581196,0.0349749965145175,0.0753954319434619,0.0532055480505449,0.108177343978302,48.2424244408247,0.491836331840582,0.625065653870111,-0.136856104370586,0.0351646117051541,85863.1178161305,-3.89187019945188,0.000099549516384767,-0.600051868756606,0.448104922315319,49.4765082485986,-1.33908787624155,0.186661924498943,0.944766130849272,0.449702413421991,54.126406645077,2.10086960321186,0.0403248026052467,0.262946581874149,0.114528525014464,2.29590472627619,0.0216813294604189,-0.0999142680844579,0.114505043655269,-0.872575258652028,0.382894630980611,0.362860849958606,0.0728441625823579,4.98133051565188,0.000000631485773394833,-1.54481799960588,0.633669374063024,-2.43789279210491,0.014773154613818,0.344714262092666,0.6360217672817,0.541985007157764,0.587828834347589,-1.88953226169854,0.899404826843981,-2.10086960321186,0.035652414387826
0,631854.961501464,0,0.000664729845073319,0.18101675754924,0.0385831047239316,0.00013492032960247,0.0356982511884702,0.076620754615942,0.0340914012516852,0.106578894382178,48.6510302969801,0.319870096695111,0.750436470378538,-0.119606219981229,0.0351384857502971,85862.8804080209,-3.40385242640168,0.000664729845073319,-0.606392298305349,0.446973379914602,49.7175877502093,-1.35666311586879,0.18101675754924,0.967977827343111,0.456546097033488,54.1745401870906,2.12021925854315,0.0385831047239316,0.227976827955067,0.113066730069281,2.01630336187644,0.0437682635965803,-0.102574521414179,0.113043066025649,-0.907393306113135,0.364198847995361,0.330551349369246,0.0731842321328593,4.51670175030545,0.00000628102733860823,-1.57437012564846,0.637737024724055,-2.46868233239191,0.0135611545219338,0.361585529037761,0.64010199924207,0.56488736086734,0.572150381040055,-1.93595565468622,0.913092194066974,-2.12021925854315,0.033987559033848
0,631706.940580095,0,0.00137090631977548,0.231610188187404,0.0655669539299834,0.000119283926515075,0.0284515749709554,0.0614577888852468,0.0260885455643323,0.104312697891098,48.31502273801,0.250099423097737,0.803570865451454,-0.112378922980234,0.0351095016486111,85878.938375364,-3.20081225034078,0.00137090631977548,-0.557148869772058,0.460103262563852,50.0714331299713,-1.21092136288588,0.231610188187404,0.897127372676596,0.477296110983697,53.9522179247395,1.87960335739513,0.0655669539299834,0.207080613499578,0.111238126648199,1.86159745529057,0.0626598522604089,-0.102330654785833,0.111214578664543,-0.920119070850352,0.357510539472739,0.309411268285411,0.0743020649950915,4.16423511655902,0.000031239806749222,-1.45427624244865,0.661735256826339,-2.19767078668789,0.0279725747965195,0.339978502904537,0.664168374312645,0.511886015735671,0.60873078584779,-1.79425474535319,0.954592221967392,-1.87960335739513,0.0601621553640549
0,631460.81128654,0,0.000620044031030696,0.342035942691023,0.119574850193837,0.000136402268351495,0.018106929997351,0.0447968579073176,0.0436123133303566,0.101677525619879,47.6841273799564,0.428927760234854,0.669907453732532,-0.120002808779371,0.0350596502083658,85878.9704759923,-3.42281819887456,0.000620044031030696,-0.440405241103211,0.459093371083134,49.9024979848617,-0.959293400521484,0.342035942691023,0.788062054459803,0.498164277824776,53.3609874951564,1.58193208453416,0.119574850193837,0.221574540109319,0.108960355052965,2.03353357284503,0.0419986452639284,-0.0927930375748962,0.108936671636836,-0.851807166316245,0.394321128229806,0.314367577684215,0.0754399659972095,4.16712247319734,0.0000308468787447829,-1.22846729556301,0.676220344854395,-1.81666716316784,0.0692680926067244,0.347656813356591,0.678671339715561,0.512260932518968,0.608468403413662,-1.5761241089196,0.99632855564955,-1.58193208453416,0.113665075512546
0,631525.981633424,0,0.000586575364916273,0.480159497165696,0.151528452118295,0.000137597319620845,0.0101606267405685,0.0383847472332617,0.0567262433920559,0.096416020344532,45.321850378827,0.588348732807587,0.559218984658189,-0.12057880239116,0.0350736402496772,85883.6532979553,-3.43787532553793,0.000586575364916273,-0.328576924668548,0.46184306293794,49.3093751282087,-0.711447136562707,0.480159497165696,0.73879451788435,0.507720280626932,53.04457372724,1.45512114854283,0.151528452118295,0.227663918032556,0.104198220885068,2.1849117585575,0.0288953171935098,-0.0832067355749516,0.104173737806615,-0.798730441346109,0.424446731466126,0.310870653607507,0.0760199863607465,4.08932793189802,0.000043262485818391,-1.0673714425529,0.685119317590746,-1.55793511458173,0.119248630155472,0.410217593215802,0.687582225593103,0.596608780661762,0.550768607479947,-1.4775890357687,1.01544056125386,-1.45512114854283,0.145635725299123
0,631802.728136816,0,0.00129657265530963,0.500729136892927,0.146622417747642,0.000120456705399486,0.00934018166049151,0.0392163956401336,0.0666051029044238,0.0967096222795726,42.6686272450625,0.688712263934593,0.494732306928917,-0.113009955067514,0.0351306969453269,85896.7190492062,-3.21684352699831,0.00129657265530963,-0.322687418618217,0.475667682153313,48.8119322378684,-0.678388359615761,0.500729136892927,0.755512588682869,0.512875193102531,53.1640345061153,1.47309247716302,0.146622417747642,0.230484824823717,0.104669655693145,2.20202142920407,0.027663794798119,-0.0668256603059917,0.104645468078791,-0.638591059248512,0.523088999130725,0.297310485129709,0.0763958779455762,3.89170846811277,0.0000995408086290477,-1.07820000730108,0.698252735723819,-1.54414004004353,0.122554410717116,0.432825170064651,0.700745697200008,0.617663685690979,0.536797054490688,-1.51102517736574,1.02575038620506,-1.47309247716302,0.140726101643475
0,632224.289420542,0,0.00306400944748852,0.661127153807282,0.125946374929472,0.000102066645822531,0.0039933694768863,0.0434583024766438,0.0940148123155718,0.0978886514873515,42.4944941595148,0.960426064585431,0.342274028480573,-0.104290720773302,0.0352175712456396,85910.1271903515,-2.96132632332544,0.00306400944748852,-0.218040795901121,0.494353879531469,48.520175082881,-0.441062172118023,0.661127153807282,0.807330712098565,0.51928337871826,53.2016684651772,1.5547016237864,0.125946374929472,0.246682837109644,0.106029257233945,2.32655442040265,0.0199889928387402,-0.0380787654806174,0.106005471294672,-0.359215095367736,0.719434184772516,0.284761602590261,0.0768857633561072,3.70369740977075,0.000212479689227039,-1.02537150799969,0.715702794758496,-1.43267780356465,0.151949935615123,0.589289916197443,0.718228014502782,0.820477486673086,0.411943958338849,-1.61466142419713,1.03856675743652,-1.5547016237864,0.120017147712065
0,632522.851932767,0,0.0352270792227269,0.900305634028387,0.15756911544903,0.0000516076526059012,0.000328399844291879,0.0372286101475658,0.147157285823308,0.0984566823010541,39.2065537206609,1.4946399003507,0.143014295222465,-0.0742897759749862,0.0352791211244974,85918.3768036463,-2.10577173146755,0.0352270792227269,-0.0637710208475766,0.506376682824033,48.2784981231428,-0.12593593467205,0.900305634028387,0.758297284403907,0.528978685153485,53.1433599524517,1.43351198391649,0.15756911544903,0.260232465935935,0.106791818440382,2.4368202521171,0.0148170425908563,0.0400995736024435,0.10676836508463,0.375575420403399,0.707232566830266,0.220132892333492,0.0775456947974607,2.83875066060663,0.00452905318022936,-0.822068305251482,0.731008776645796,-1.12456694299008,0.260772588310399,0.69452626355633,0.733551468525541,0.946799636230498,0.343740887189597,-1.51659456880781,1.05795737030697,-1.43351198391649,0.151711576644126
0,632708.524294807,0,0.270517179093683,0.978553280829927,0.240043799506968,0.0000141310618263109,0.0000150421097851516,0.026106329565956,0.17730743961939,0.0993246251418645,36.1598680948576,1.78513072026341,0.0826310076245326,-0.0389152442356029,0.0353171528394124,85918.6051160294,-1.10187942987791,0.270517179093683,0.0137442524006986,0.508639158367333,48.5408495795971,0.0270216167485332,0.978553280829927,0.661712547578717,0.556854829251311,52.6769336025089,1.18830350895652,0.240043799506968,0.246794002608329,0.107931459514146,2.28658079599102,0.022220303210904,0.106523961567492,0.107908478495163,0.987169526000382,0.323559538424345,0.140270041040836,0.0793059216254133,1.76872089959909,0.0769404627531978,-0.647968295178017,0.752915547082599,-0.860612186438131,0.389451671835979,0.675456799979414,0.75546036794234,0.894099583038574,0.371268612385185,-1.32342509515743,1.11370965850262,-1.18830350895652,0.234713855777888
0,632995.27283605,0,0.239154835199025,0.992291187860038,0.303990216392161,0.0000161277157516241,0.0000019267020651512,0.0203409897886104,0.183853717792139,0.100402316038385,31.7359588059669,1.8311700869714,0.0764779636896057,-0.0416409174627442,0.0353755509612393,85912.0910117914,-1.17711007549733,0.239154835199025,-0.00486641824822342,0.501114592026505,48.9473704851768,-0.0097111884699738,0.992291187860038,0.611307276193485,0.588816351396367,51.9113426686723,1.03819684141546,0.303990216392161,0.254565876178828,0.109226667933159,2.3306201772502,0.0197733965812779,0.113600757253742,0.109204104131539,1.04026087807933,0.298218714710892,0.140965118925087,0.0814041945181104,1.73166898535831,0.083332515758255,-0.616173694441708,0.771924710486767,-0.798230301570675,0.424736856157841,0.606440857945261,0.774450322078284,0.783059727211218,0.433592039157163,-1.22261455238697,1.17763270279273,-1.03819684141546,0.29917842287261
0,633302.253154836,0,0.53273841110161,0.954534104651188,0.330224776322984,0.00000453006710087342,0.0000665478475086636,0.0185146934317344,0.188916114054157,0.102436561750054,26.9502291863866,1.84422544867442,0.0761703486887714,-0.0221075498194338,0.0354382058740594,85907.517408096,-0.623833776969405,0.53273841110161,-0.028430010714307,0.496122125303496,49.3416809406942,-0.0573044604630671,0.954534104651188,0.605822328723032,0.616295652516036,51.2247232557111,0.98300600734364,0.330224776322984,0.240947860139491,0.111388327702671,2.16313383196355,0.0305308876417197,0.139567039100036,0.111366323705681,1.25322480311808,0.210123905792993,0.101380821039455,0.0832687721895317,1.21751310093413,0.223409054933558,-0.634252339437338,0.789922768116905,-0.802929558479914,0.422015450326395,0.577392318008724,0.792424765805671,0.728639920058127,0.466221952611141,-1.21164465744606,1.23259130503207,-0.98300600734364,0.325604482044805
0,633509.085677198,0,0.873175169874284,0.88099226227258,0.386987370574133,0.000000296627708392646,0.000455588545715266,0.0147037410269801,0.196205735015441,0.102724857385957,24.2711311133466,1.91001224054524,0.0680178557294211,0.00566363469925955,0.0354803984025163,85901.6778636045,0.159627144966272,0.873175169874284,0.0735045923511027,0.48845531820344,49.6830856399977,0.150483758926929,0.88099226227258,0.550225350641336,0.630582459316709,51.0195247256937,0.872566850713789,0.386987370574133,0.213033914138675,0.111761669533953,1.90614470083553,0.056631434503457,0.172441622948197,0.111739785240083,1.54324283492841,0.122771867812942,0.0405922911904784,0.0842668433324986,0.481711306430574,0.63001104306144,-0.476720758290233,0.796394675019167,-0.59859862608795,0.549440572476679,0.623729942992438,0.79887495477038,0.780760417219133,0.434943418701961,-1.10045070128267,1.26116491863342,-0.872566850713789,0.382899215543713
0,633326.693302103,0,0.797285194033848,0.94747983746325,0.477508927324633,0.000000768033058315212,0.0000878779906430402,0.00989065765435434,0.201509616476529,0.102889212605602,22.7366279397756,1.95851062879606,0.0625488141141753,0.0091039818572978,0.0354429556247604,85905.833894591,0.256862942066202,0.797285194033848,0.032455453532301,0.490231554492374,49.8717440786503,0.066204333921157,0.94747983746325,0.445371011989957,0.622407252553177,51.2569301865598,0.715562053885138,0.477508927324633,0.211887101922122,0.111823430002968,1.89483636762437,0.0581140834768858,0.188069616946207,0.111801658616629,1.68217197556168,0.0925354966960081,0.023817484975915,0.0836793832294818,0.284627874354644,0.775929253531748,-0.412915558457655,0.79104134431568,-0.521989857325174,0.601677392533491,0.477826465522257,0.793529534223424,0.602153347688407,0.54707206643104,-0.890742023979913,1.24481450510635,-0.715562053885138,0.474261811366828
0,633418.251406874,0,0.867024222524593,0.977016126466657,0.385520823252252,0.000000326318906282587,0.0000168540485656746,0.0146100904921155,0.194603018835449,0.109640638871631,24.7730895703018,1.77491686329275,0.0882018152929176,0.00593778454753335,0.0354621559818873,85916.4295129635,0.167440032426854,0.867024222524593,-0.0146961732300881,0.507547522582541,49.7443247400033,-0.028955265420881,0.977016126466657,0.527228225007749,0.602414859895993,51.6608034974346,0.875191267856134,0.385520823252252,0.214233373411431,0.117998513146727,1.81555993968364,0.069437903486179,0.176359403084853,0.117977650171167,1.49485434596284,0.134952459362617,0.037873970326578,0.0823872410961466,0.459706743698077,0.645726728374983,-0.541924398237837,0.786458093581681,-0.689069643583689,0.490779442114275,0.512532051777661,0.788986672413565,0.649607996811643,0.515945466256986,-1.0544564500155,1.20482971979198,-0.875191267856134,0.381469843661197
0,633340.614774129,0,0.765255193997692,0.999366089573399,0.36821672437287,0.00000103760905216262,0.0000000128167190300782,0.0156108699776703,0.194440257403089,0.109654533900126,26.5662690780489,1.77320764119235,0.0876608645520319,0.0105839169223555,0.0354465658837749,85923.1735120361,0.298587935346372,0.765255193997692,-0.000415467134490962,0.520315074779771,49.7466296714262,-0.000798491442260851,0.999366089573399,0.542904202497511,0.598095934870581,51.9570408696574,0.907720937135256,0.36821672437287,0.209490308884563,0.118083195101679,1.77409079000763,0.0760481339646561,0.179429409624309,0.118062373795535,1.51978487180897,0.128565052490377,0.0300608992602542,0.082084461154986,0.36621912158862,0.714201574864545,-0.543319669632001,0.791474166528281,-0.686465449675024,0.492419644412186,0.542488735363019,0.794016178942183,0.683221261417799,0.494467039652364,-1.08580840499502,1.19619186974116,-0.907720937135256,0.364025679215562
0,633439.375061827,0,0.648979395588547,0.687623303244071,0.277710628649989,0.00000241140459672804,0.00327019625196655,0.0225599560531763,0.178003807583054,0.109448536672767,26.6313969973722,1.62636991771992,0.115647479203896,0.0161438611590552,0.0354668199200683,85920.9749509511,0.45518208836988,0.648979395588547,-0.209014943522236,0.516808122155436,49.8539577682865,-0.404434324001148,0.687623303244071,0.657314171366417,0.5992276727321,52.1331716123303,1.09693560774568,0.277710628649989,0.202733587485835,0.117873236137192,1.71992891795958,0.0854453632363717,0.172996790383881,0.117852334726155,1.46791144007339,0.142128280270007,0.0297367971019541,0.0821835598899604,0.3618338891838,0.71747616570916,-0.866329114888652,0.790034540365225,-1.09657118850545,0.272828887956527,0.44829922784418,0.792574477773173,0.56562410273887,0.571649339406029,-1.31462834273283,1.1984553454642,-1.09693560774568,0.272669541691135
0,633779.435276148,0,0.90906285804512,0.334679737065732,0.286646468856555,0.000000151858426816884,0.0186707986421812,0.0217611006120198,0.15783973884484,0.113892030399236,24.5919912316689,1.3858716741773,0.178226128012336,0.00405898083246254,0.0355361991157543,85911.8535871632,0.114221017820194,0.90906285804512,-0.493110853250259,0.506192569730698,49.8780444374252,-0.974156640648839,0.334679737065732,0.664174887854026,0.616954140434363,52.0982586318435,1.07653850476863,0.286646468856555,0.208381811093639,0.122116401463651,1.7064195193769,0.0879299989235082,0.153827872433663,0.122096125552328,1.25989151365607,0.207708500533523,0.0545539386599763,0.083427556866756,0.653907901763269,0.513171142822237,-1.15728574110428,0.796775848998518,-1.4524608678324,0.146373502404987,0.171064034603766,0.799296506030164,0.214018243934762,0.830532830182794,-1.32834977570805,1.23390828086872,-1.07653850476863,0.28168648998158
0,634321.475410693,0,0.854850426373285,0.303600157105996,0.300964947055967,0.000000389523224823169,0.0212759333858625,0.0205105082278885,0.15024215659794,0.113449841972918,22.9133938468306,1.32430467936487,0.198460606655312,-0.00652130980035405,0.0356484766345465,85912.0706417334,-0.182933758073531,0.854850426373285,-0.526693569364151,0.506677475466656,49.7077930504168,-1.03950460572391,0.303600157105996,0.648016040358647,0.620266352949841,52.1240827380151,1.04473834067709,0.300964947055967,0.212186582295618,0.121759787296734,1.74266551384908,0.0813920589406387,0.137996819927265,0.121739407627511,1.13354272553631,0.25698640949388,0.0741897623683525,0.0837811390052898,0.885518665050237,0.375876957287933,-1.1747096097228,0.799643296690247,-1.46904202734515,0.1418213903132,0.121322470994496,0.80216919883044,0.151242993587118,0.879784036371729,-1.29603208071729,1.24053270589968,-1.04473834067709,0.296143919399654
0,634525.866945392,0,0.757209532509803,0.307936054531473,0.280215778857788,0.00000111243694897282,0.0209570298203867,0.0222366412877926,0.140800703735727,0.118026242582301,22.0343947376662,1.19296099456479,0.245572667992068,-0.0110337211462815,0.0356907158290018,85912.7464004954,-0.309148216559883,0.757209532509803,-0.52348598301224,0.508161407858063,49.576832688868,-1.0301569047102,0.307936054531473,0.664658881060984,0.609151630155772,52.3493592836379,1.09112222336336,0.280215778857788,0.207891419699544,0.125932869733954,1.65081142150366,0.0987770872155448,0.123106407222259,0.125913022737785,0.977709886916376,0.328217830435196,0.0847850124772845,0.0831045969363232,1.02022048843157,0.307623902799852,-1.18814486407322,0.792009331028581,-1.50016523483402,0.13357160620487,0.141172898048744,0.794549349933094,0.177676689384531,0.858976893116456,-1.32931776212197,1.21830326031154,-1.09112222336336,0.275219105276979
0,634933.82974672,0,0.945360640274228,0.331052548519922,0.300524539453842,0.000000054676406282476,0.0190034344929496,0.0203665726637687,0.1322935856025,0.121888358931438,21.0388452901056,1.08536686162881,0.29003980164808,-0.00245179333365254,0.035774797474413,85903.9959950025,-0.0685340940198509,0.945360640274228,-0.489796909620605,0.498983184770262,49.7388395768173,-0.981590010585455,0.331052548519922,0.647107512941228,0.618881521247391,52.5876177761605,1.04560806992095,0.300524539453842,0.188384835917094,0.129592933036012,1.45366596390517,0.146038938923923,0.122419835618834,0.129573494998449,0.944790719894523,0.344765730579471,0.0659650002982594,0.0838455390484501,0.786744304430336,0.431431563018886,-1.13690442256183,0.793719024760526,-1.43237642930992,0.152036120476941,0.157310603320622,0.79624570440481,0.197565402802657,0.843385105771583,-1.29421502588245,1.23776304249478,-1.04560806992095,0.295742021898044
0,635090.367818218,0,0.858808899847811,0.307130677825292,0.240073600362821,0.000000368397977395681,0.0209759727616867,0.025975764254314,0.113201628330092,0.120058224231713,23.3351226154573,0.942889410987894,0.355397824847448,-0.006369804054755,0.0358073177104474,85899.6055244471,-0.177891125670564,0.858808899847811,-0.508979389142811,0.493261118521729,49.6955916594333,-1.03186602395946,0.307130677825292,0.707314650123597,0.595302170288099,52.936083189302,1.1881607113599,0.240073600362821,0.176956512872435,0.127579925259312,1.38702474164931,0.165434218512982,0.0974743132233437,0.127559914394899,0.764145332691144,0.444780639927461,0.0794821996490913,0.082357051196335,0.965092830480414,0.334498317637629,-1.21629403926641,0.771834189593254,-1.57584887488254,0.115060635606436,0.198335260980786,0.774373549241564,0.256123496437913,0.797855479417835,-1.41462930024719,1.1906043405762,-1.1881607113599,0.23477009919996
0,635109.774830309,0,0.908380272509877,0.223061551526185,0.160091882899652,0.000000154200513144903,0.0298536594237929,0.0367749306713457,0.0889001033333229,0.120962006838787,28.0203743628729,0.734942364603832,0.468481486842539,0.00412116574152508,0.0358106407604073,85887.525830074,0.115082155862497,0.908380272509877,-0.596445287681922,0.483374001915882,49.4782490848635,-1.23392090869156,0.223061551526185,0.828917115790041,0.581824111547235,53.1636388283441,1.42468677275288,0.160091882899652,0.152027919833422,0.128211610495739,1.18575782057176,0.235717953105938,0.082053185588122,0.128191376773093,0.640083503692773,0.52211831303753,0.0699747342453002,0.0815046109371761,0.858537123736924,0.390595940460852,-1.42536240347196,0.755151729666174,-1.88751789537986,0.0590907016904075,0.232471828108119,0.757684175757942,0.306818903635631,0.758981218787024,-1.65783423158008,1.16364822309447,-1.42468677275288,0.154247764333165
0,635215.553465545,0,0.70447157775955,0.139038580207778,0.108548240337548,0.00000167555171383372,0.0434602580261083,0.0477722481329408,0.0749476892599347,0.121438659576448,29.8819250746132,0.617164991126684,0.541800440264972,0.0135905196364558,0.0358312338165669,85859.8320907862,0.379292538627908,0.70447157775955,-0.691244324139575,0.459764544673828,49.7511267208284,-1.5034746201014,0.139038580207778,0.954185072320571,0.584590858507133,53.1038919467355,1.6322271524349,0.108548240337548,0.138988971888545,0.12850172294752,1.0816117379633,0.279425086590161,0.0761325935511623,0.12848124663747,0.592558023397627,0.553476978451993,0.0628563783373831,0.0817146345842856,0.769218129128988,0.441763829877379,-1.64542939646014,0.742484761747624,-2.21611200826157,0.0266838320470786,0.262940748180996,0.744967244481963,0.352956120055775,0.724121337133523,-1.90837014464114,1.16918171701426,-1.6322271524349,0.102631642817331
0,635523.184857675,0,0.814199517417505,0.0809127154056612,0.0982205397041693,0.000000643272193325407,0.0593614423271078,0.0507690227067603,0.0688038963459981,0.117868182907754,30.5939542042691,0.583735955273402,0.563677288383822,0.00843591950383784,0.0358956058328969,85859.2757765674,0.235012595778692,0.814199517417505,-0.814193536257248,0.457090916144686,50.2768953517878,-1.78125074793551,0.0809127154056612,0.964856397918901,0.573225165069849,52.9721945073537,1.6832066292856,0.0982205397041693,0.144304032079026,0.125003048229458,1.1544041055234,0.248334532778984,0.0701315014424424,0.124981854898922,0.561133466127229,0.574706555481057,0.074172530636584,0.0810788586230987,0.914819620011928,0.360286332999943,-1.77904993417615,0.73191392356973,-2.43068191065319,0.0150704387418197,0.150662861661653,0.734397984384112,0.205151518475372,0.83745374639939,-1.9297127958378,1.1464503301397,-1.6832066292856,0.0923350979386746
0,635561.724567907,0,0.882597146763897,0.0536072562063,0.0563914159592266,0.000000254007401405507,0.0720890384869829,0.0672010181824432,0.0528293082395163,0.116027057131305,33.4090199262182,0.455318867389099,0.651825263267288,0.00530219470740574,0.035903725666716,85859.0004308499,0.14767811999859,0.882597146763897,-0.900776537240599,0.455764793405435,50.2793500388047,-1.9764065813642,0.0536072562063,1.08657665214686,0.55698362150074,52.8260452032186,1.95082334597053,0.0563914159592266,0.141290972474516,0.123094091020697,1.14782904120686,0.251039145985872,0.0493654034641608,0.123072406546309,0.401108622553714,0.688340152801077,0.091925569010355,0.0800786920072686,1.14794044091044,0.250993151862994,-1.98735318938745,0.718445018413256,-2.7661868875877,0.00567160210060532,0.18580011490626,0.720930897224644,0.257722502422259,0.796621078197792,-2.17315330429371,1.11396724300148,-1.95082334597053,0.0510780636683702
0,635692.333790203,0,0.83571638591347,0.0801266077312262,0.0431395396958957,0.000000500808390002568,0.0605703516140135,0.0751289557613491,0.0451178851628694,0.115768400210957,34.3119782754164,0.389725392081555,0.699148281641874,-0.00745137250669428,0.0359316281097124,85871.0838313273,-0.207376422909158,0.83571638591347,-0.832801857614537,0.466138364950587,49.5060004106403,-1.78659797226263,0.0801266077312262,1.14331109134083,0.551736234436507,52.8615204497312,2.07220592011417,0.0431395396958957,0.145802799039843,0.122886693948017,1.18648158198087,0.235432170764827,0.0230166033461947,0.122864999740511,0.187332465672123,0.85139996961389,0.122786195693648,0.0797873106418262,1.53891884193025,0.123824110652405,-1.97611294895536,0.721028553999627,-2.74068611845348,0.00613110468465715,0.310509233726292,0.723542341300886,0.429151434549104,0.667813023336746,-2.28662218268166,1.10347246887301,-2.07220592011417,0.0382462415537421
0,635891.084438661,0,0.587225420086896,0.0975730093125992,0.0494671075024414,0.00000343165233668379,0.0547576014649475,0.0714042753984842,0.0611896246769202,0.111801460631398,32.902565124781,0.54730612937749,0.587861931644888,-0.0195288465132309,0.0359737911145894,85876.8278709744,-0.542863176444889,0.587225420086896,-0.79262523651809,0.469328908415387,49.2356819438013,-1.68884810269681,0.0975730093125992,1.11230597345069,0.553118480289242,52.5913918313139,2.01097235599329,0.0494671075024414,0.170593638936026,0.119204077571621,1.43110573405955,0.152399914168815,0.0265781548612904,0.119181798207968,0.223005150626377,0.823531497823722,0.144015484074736,0.0799250928340502,1.8018807231636,0.0715641737118401,-1.90493120996877,0.724140771710887,-2.63060897050182,0.00852320402256973,0.319680736932596,0.726663262983395,0.439929680248472,0.659988038578967,-2.22461194690137,1.10623696057848,-2.01097235599329,0.0443283767211808
0,635974.789771643,0,0.943295997078512,0.125953043304544,0.042912967011085,0.0000000589073691491644,0.0469575849997944,0.0760367955810748,0.0711539051613786,0.111259442784858,31.2307086674764,0.639531381610176,0.527141014527432,-0.0025600184252009,0.0359916777817457,85884.0161811133,-0.0711280657913451,0.943295997078512,-0.737980954595825,0.474066612881268,49.1833428571179,-1.55670307619966,0.125953043304544,1.13332236023858,0.546159662430306,52.3237114805661,2.07507518075485,0.042912967011085,0.162002518179405,0.118668351530218,1.36517037685615,0.172199506613596,0.0499415726982262,0.118645995946073,0.420929271990988,0.673806729511836,0.112060945481179,0.0795206768466829,1.4092051265765,0.158774522304463,-1.8713033148344,0.721939846561114,-2.59204880260891,0.00954062365472025,0.395341405642752,0.724473545808763,0.545694743348309,0.585275785925058,-2.26664472047715,1.09231932486061,-2.07507518075485,0.0379795675714514
0,636181.218792734,0,0.671549430411407,0.118183520881448,0.0459833463222643,0.00000209323630078114,0.0488922191494674,0.0738292001769608,0.0677235431560795,0.113779176098853,29.7288448440487,0.595219138317898,0.556201168543344,0.0152797889994832,0.0360352052598972,85893.7466724915,0.424023920199166,0.671549430411407,-0.769493197731402,0.483879927530103,49.1953824401542,-1.59025649536482,0.118183520881448,1.11071691017144,0.543379513124429,52.4159145850828,2.04409051748166,0.0459833463222643,0.141152573646214,0.12109702662211,1.16561551991436,0.243769930090189,0.0669043054642411,0.121075128062846,0.552585048099335,0.580547582673285,0.0742482681819724,0.0794041973592297,0.93506729683405,0.349753618915715,-1.88021010790284,0.726321237203008,-2.58867565974437,0.00963457934578859,0.34122371244004,0.728875585739875,0.468150832756549,0.639676729824457,-2.22143382034288,1.08675902624886,-2.04409051748166,0.0409446057580398
0,636300.310677285,0,0.568121030440534,0.148060090613535,0.0641838045023984,0.00000379340846834529,0.0419502986124304,0.0638936242811078,0.0776234049329527,0.112306349580688,33.1981444556577,0.691175567746358,0.49426039227641,0.0205840958767351,0.0360603740812673,85895.790321035,0.570823137617646,0.568121030440534,-0.717169283634707,0.488050488625703,49.3136150117538,-1.46945715729981,0.148060090613535,1.04437903146618,0.552338973432135,52.380855850189,1.8908298738664,0.0641838045023984,0.140149633189524,0.119845051775418,1.16942361084841,0.242233001665373,0.0827696567444833,0.119822938946257,0.690766371384089,0.48971237194971,0.0573799764450404,0.0799815160014273,0.717415464393253,0.473117780394262,-1.76154831510088,0.735787094641976,-2.39410058687973,0.0166611788877915,0.327209747831473,0.738349912573991,0.443163522144635,0.657647461607449,-2.08875806293236,1.10467794686427,-1.8908298738664,0.0586470579480792
0,636093.999142285,0,0.635067326237757,0.190811141192522,0.0740523488412768,0.00000262277550864371,0.0344547456866712,0.0597058353789905,0.0894950712479121,0.114646908495374,37.9511209517986,0.780614779957397,0.439871183950077,0.0170936316102461,0.0360162856147275,85883.2712635048,0.474608397798144,0.635067326237757,-0.634590078326867,0.478422129203619,49.3046206031429,-1.32642292149656,0.190811141192522,1.01735946599798,0.558136050671605,52.3257753525171,1.8227804220383,0.0740523488412768,0.15034086423576,0.122010006053846,1.23220110463245,0.217873970786277,0.0885295400154797,0.121988159742121,0.725722399638033,0.468008967101569,0.0618113242202803,0.0802847852103568,0.769900848066373,0.441358710817391,-1.65194954432484,0.733848916795116,-2.25107580936316,0.024380736279705,0.382769387671108,0.736391836497847,0.519790373412467,0.603209689648848,-2.03471893199595,1.11627210134321,-1.8227804220383,0.068336654090678
0,636100.221016769,0,0.644419076570382,0.276135684635758,0.129012281234663,0.00000248036745161789,0.0239767987829687,0.0433698654377195,0.108393772401418,0.116749098259662,37.7113682801456,0.928433487000807,0.35908752369515,0.016623037597166,0.0360171878763728,85878.4249737133,0.461530690686452,0.644419076570382,-0.523638006601387,0.475501409093947,49.3659669534795,-1.10123334355447,0.276135684635758,0.870569499989904,0.56446367081677,52.4675622855341,1.54229500497384,0.129012281234663,0.157549820616755,0.124026139682016,1.27029528630569,0.20397946662194,0.108648488664224,0.124004631353155,0.876164764804648,0.380940468518872,0.0489013319525305,0.080678627005814,0.606124989571358,0.544431757989661,-1.39420750659129,0.736783078585821,-1.89229034584688,0.0584523065256434,0.346931493388516,0.739318839577445,0.469258288598196,0.638885026086259,-1.7411389999798,1.12892734163354,-1.54229500497384,0.123001922222025
0,636188.238033801,0,0.715318103618852,0.221949275794959,0.114949978319017,0.00000154895202448559,0.0300110599461477,0.0466769990384848,0.0930685164786757,0.115052507285886,36.0130987796087,0.808922105864376,0.423872100160299,0.0131431491406247,0.0360358456003359,85879.7552042653,0.364724316071055,0.715318103618852,-0.587172630598196,0.474695619157068,49.452312901836,-1.23694554342182,0.221949275794959,0.891145893337253,0.555943618474799,52.4775155660583,1.60294293112324,0.114949978319017,0.149672833611498,0.122339809240812,1.22341888989612,0.221171522233382,0.0918701251815323,0.122317970474282,0.751076271338632,0.452606755253156,0.0578027084299654,0.0801761402147839,0.720946509461763,0.470942425913114,-1.47831852393545,0.729763580420066,-2.02574993271725,0.0427904169619249,0.303973262739056,0.732300206358028,0.415093782713535,0.678073250645203,-1.7822917866745,1.1118872369496,-1.60294293112324,0.108947254244111
0,636294.509210745,0,0.824827417533981,0.059785570753136,0.0722397336911582,0.000000570467431668345,0.0700650450070042,0.0606001917385225,0.0945578107906104,0.116535696251853,31.9015123128006,0.811406408781867,0.423145251823978,0.00798113601078711,0.0360580927290085,85880.1547340073,0.22134104736955,0.824827417533981,-0.913912688473427,0.474323730612937,49.2732121297731,-1.92676990310487,0.059785570753136,1.0133382469215,0.552291198634692,52.1854092664423,1.83478978014959,0.0722397336911582,0.177504893185071,0.123699240386604,1.43497156999756,0.151295199197631,0.097848022164862,0.123677639437608,0.791153700942226,0.428854305357246,0.0796568710202092,0.0799806123319888,0.995952252647982,0.319273345081886,-1.92725093539493,0.726747206722052,-2.65188626467196,0.00800434995339043,0.0994255584480743,0.729284331756502,0.136333051621451,0.891557996390375,-2.026676493843,1.10458239726938,-1.83478978014959,0.0665368434650998
0,636139.599889807,0,0.454696129047898,0.0768357597055822,0.0580643887897231,0.00000650787442241366,0.0624731126198032,0.0674622310439127,0.11621496147973,0.118602688021266,27.2170529806665,0.97986785475631,0.335781604390841,-0.0269332925863215,0.036025751442409,85883.7128072065,-0.747612235913447,0.454696129047898,-0.86128379928371,0.47652827424827,49.0236672132916,-1.80741384263588,0.0768357597055822,1.07432175512605,0.554332573282136,51.9198791899217,1.93804551077546,0.0580643887897231,0.234470645647465,0.125682704826927,1.86557606291452,0.062100701201145,0.0792304807363921,0.12566160535945,0.630506673138199,0.528363138163673,0.155240164911073,0.0800635846947928,1.93896095837899,0.0525060922919207,-1.93560555440976,0.7297308986706,-2.65249225150803,0.00798999617697403,0.213037955842341,0.732270722782669,0.290927862079185,0.771106491667886,-2.1486435102521,1.10866514656427,-1.93804551077546,0.0526176703566778
0,636242.776671484,0,0.293803945588457,0.0717492239505899,0.0710153333544194,0.0000128323507121735,0.0644300771808297,0.061253360681999,0.121825305604879,0.122286530894725,26.1558029880907,0.996228323050205,0.328266964339641,-0.0378430591601358,0.0360471967125018,85885.0725283504,-1.04981975330723,0.293803945588457,-0.882029615524974,0.47926334064719,49.1819239125478,-1.84038615249373,0.0717492239505899,1.03727054921235,0.562794928511749,52.0597667624417,1.84307017825356,0.0710153333544194,0.250221463668402,0.129270290918915,1.93564555235166,0.05291112723137,0.0766579373656726,0.129249799162487,0.593099083034566,0.55311484409311,0.17356352630273,0.0806120589560907,2.15307149513784,0.0313130600829399,-1.91930016473732,0.737936566601965,-2.60090128556072,0.00929792044777976,0.155240933687372,0.740481320605318,0.209648683049112,0.833941880317459,-2.07454109842469,1.1255898570235,-1.84307017825356,0.0653187647853964
0,636342.951338799,0,0.443633627149867,0.0287393107912616,0.111435543527225,0.00000683478927223427,0.0930014034976462,0.0477867096599425,0.127602440957293,0.124324185448036,25.0057240281587,1.0263686063773,0.314544641202748,-0.027630080986259,0.0360670580839003,85864.7243055104,-0.766075262417717,0.443633627149867,-1.03999329590065,0.461650124778761,49.4939684676261,-2.25277377840859,0.0287393107912616,0.928200814034065,0.573261532532385,52.2402684040279,1.61915768171943,0.111435543527225,0.248092450355206,0.131163588521081,1.89147348858431,0.0585611667261728,0.105246759386565,0.131143257777835,0.802532750595996,0.422244851480521,0.14284569096864,0.0812958710803525,1.75710880602352,0.0788992650345674,-1.96819410993471,0.734783818309567,-2.67860295898011,0.00739299994409911,-0.11179248186658,0.737286908285818,-0.151626837002296,0.879481265272773,-1.85640162806813,1.14652306506477,-1.61915768171943,0.105413340595765
0,636718.457786453,0,0.407298266014532,0.027859369664106,0.172906570982862,0.00000799678511003786,0.0930858288219369,0.0352290148884988,0.141851721277435,0.123671932097416,24.3161810559157,1.14700012259612,0.262542769044637,-0.0299529382815453,0.0361461674839496,85868.8113856966,-0.828661525315117,0.407298266014532,-1.05324077432358,0.46494588642744,49.9957544209504,-2.26529754336895,0.027859369664106,0.79521478940675,0.575489429145637,52.2899143212471,1.38180607519987,0.172906570982862,0.259015291098679,0.130602134461404,1.98323934112442,0.0473407014063794,0.124072518486094,0.130581693332368,0.950152470226386,0.342034785344128,0.134942772612585,0.0815340841759498,1.65504738265509,0.0979148868606785,-1.84845556373033,0.738581691129783,-2.50270970148584,0.0123246588711936,-0.258025984916831,0.741095544620399,-0.34816831215602,0.727713783974464,-1.5904295788135,1.15097885829127,-1.38180607519987,0.167031253178663
0,637137.342931708,0,0.374627526605129,0.0491190458759507,0.209538086641703,0.00000917900558370246,0.0751015614339991,0.0298922116567482,0.143355846429394,0.122618235690608,23.6222597364538,1.16912338219505,0.254016594909296,-0.0321708225366132,0.036234797308173,85876.243144065,-0.887843314342396,0.374627526605129,-0.94991387260435,0.471055102563773,50.0806682330358,-2.01656635802124,0.0491190458759507,0.72892238329003,0.57375098659953,52.3814631026221,1.27045077100461,0.209538086641703,0.254734615860235,0.129646654241339,1.96483756060564,0.0494330413777496,0.121611461901984,0.129626041116474,0.938171534473627,0.348156264466183,0.133123153958252,0.0815350635910764,1.63271049405082,0.102529899299331,-1.67883625589438,0.741082187051918,-2.26538471066606,0.0234890817506913,-0.220991489314319,0.743615088997624,-0.297185321524621,0.766325027644284,-1.45784476658006,1.14750197319906,-1.27045077100461,0.20392410801432
0,637316.866017772,0,0.544501999879231,0.0530458465340897,0.304568277359694,0.00000427604893021476,0.0725429329829874,0.0201323596946636,0.141819981688497,0.122780728830819,23.3434255869386,1.15506711060424,0.259750154526389,-0.0219823697789365,0.036273243630855,85887.8456490623,-0.606021617549461,0.544501999879231,-0.956887094188611,0.48295204831201,50.1894080921796,-1.9813294043023,0.0530458465340897,0.600495284085511,0.579146889946073,52.3256316408335,1.03686179535804,0.304568277359694,0.237280071691331,0.129953670697076,1.82588202717593,0.0678680339925767,0.136652273535477,0.129933212863839,1.05171164880437,0.292931864899624,0.100627798155854,0.0819170508979182,1.22841089923089,0.219292758435657,-1.55738237827412,0.752811509112899,-2.06875474062467,0.0385691075006263,-0.3563918101031,0.755369071350625,-0.471811494036762,0.637061345975505,-1.20099056817102,1.15829377989214,-1.03686179535804,0.299800271177362
0,637552.624516904,0,0.988889613255349,0.0398509957245984,0.501919267923617,0.00000000225757461773629,0.0813981820675554,0.0086759115261177,0.159126059200707,0.12322043583991,23.4275369954711,1.29139341308163,0.209164151693436,0.000505813426370067,0.0363233535553164,85894.7689396515,0.0139252953502702,0.988889613255349,-1.03783197449604,0.491841691827681,50.2476793552128,-2.11009353566482,0.0398509957245984,0.395584749069521,0.585042643454438,52.2401697164541,0.676163957440359,0.501919267923617,0.226249233008112,0.13050619283207,1.73362832903447,0.08298405064491,0.189933269768068,0.130485861169752,1.4555850577633,0.145507361140031,0.0363159632400443,0.0823479125568633,0.441006482282926,0.659208304145849,-1.43341672356556,0.763030885379615,-1.87858283462853,0.0603014767811152,-0.642247225426514,0.765604438934977,-0.838876047165997,0.401538870409074,-0.791169498139042,1.17008528690887,-0.676163957440359,0.49893655337076
0,637719.911939185,0,0.906701507976634,0.0480002432582151,0.647748335494424,0.000000159902910632603,0.0757978765025809,0.00401703191539125,0.168243162213783,0.124359288165351,21.882739031915,1.35287974622436,0.189907875211975,0.00426129850011744,0.0363590718737553,85901.7277058013,0.117200420156856,0.906701507976634,-1.01204612932889,0.499282099591512,50.0977876735478,-2.02700263069094,0.0480002432582151,0.267460306769622,0.582016602013368,52.3593878234118,0.459540682936531,0.647748335494424,0.224349322115571,0.131618115749592,1.70454743891338,0.0882788613377783,0.207634220441451,0.13159800090657,1.57779160026043,0.114613494173005,0.0167151016741199,0.0821998127958551,0.203347198802413,0.838863666766207,-1.27950643609851,0.76553315495214,-1.6713925815251,0.0946441602610965,-0.744585822559267,0.768121649644385,-0.969359245249742,0.332365978985035,-0.534920613539243,1.16403320402673,-0.459540682936531,0.645845944190021
0,637883.447448891,0,0.981454624710116,0.0417297372364433,0.745123266762545,0.00000000629062208010906,0.0800351776667537,0.00202582579976981,0.168562309552795,0.123579250198548,22.9055160035993,1.36400171778009,0.185821393977254,0.000845977681915512,0.0363934281323749,85897.056349287,0.0232453419567514,0.981454624710116,-1.02967604656092,0.492732499858863,50.195999950503,-2.0897262649731,0.0417297372364433,0.184722926810248,0.565264675561891,52.6084024864321,0.326790147689005,0.745123266762545,0.225012002638929,0.130668415889811,1.72200758007715,0.0850681453771316,0.209273403086446,0.130647923803661,1.60181193082674,0.109197203958086,0.0157385995524824,0.0812016304281768,0.193821225873084,0.846315866323259,-1.21439897337116,0.748579137935261,-1.62227199748143,0.104745121734084,-0.84495311975067,0.751164571820721,-1.12485752316915,0.260649414138364,-0.369445853620495,1.13052935112378,-0.326790147689005,0.743826611691006
0,637762.627929306,0,0.804301676344738,0.0675592197954075,0.727547019068324,0.000000714849722257377,0.0646963643789817,0.00231217512311594,0.170676481020204,0.12253162570675,23.6285476759625,1.3929177878426,0.176612951057327,-0.00901127565770052,0.0363673782638803,85888.1996706324,-0.247784582993997,0.804301676344738,-0.898638981089095,0.481041209285472,50.452034969106,-1.86811226095143,0.0675592197954075,0.19371203177769,0.553080495593081,52.9310432824279,0.35024202321575,0.727547019068324,0.231225171785082,0.129462407966669,1.78604102470126,0.0740926159022828,0.194923848764639,0.129441557599306,1.50588305934974,0.132097196111985,0.0363013230204429,0.0804243987815131,0.451372016085091,0.651721448639766,-1.09235101286678,0.731723394318513,-1.49284691640089,0.135477263099277,-0.704926949311404,0.734287568653879,-0.960014821718554,0.337047755383547,-0.38742406355538,1.10616099118616,-0.35024202321575,0.726157071592365
0,637619.614488812,0,0.324944945850999,0.117222573656823,0.750141385718578,0.0000112822785145693,0.0477516213058922,0.00193928259332969,0.173067161609725,0.120689479634782,24.8449492105432,1.43398713900701,0.164042964130447,-0.0357683003819307,0.036336877862422,85881.5103510514,-0.984352605013451,0.324944945850999,-0.757033032597598,0.475012449903515,50.6502735605622,-1.59371198113095,0.117222573656823,0.180928853398008,0.565188862395987,52.7405112027739,0.320121052334616,0.750141385718578,0.25308875649486,0.127784127556194,1.98059619246187,0.0476365762807373,0.164479611626394,0.127763053796809,1.28738008945824,0.197961840659568,0.0886091448684659,0.0811312211101957,1.09217072855484,0.274758065905638,-0.937961885995604,0.737016618508408,-1.27264686092679,0.203143381960014,-0.576104179199589,0.73956545316966,-0.778976595959828,0.435993501472125,-0.361857706796015,1.13037772479197,-0.320121052334616,0.748876567270738
0,637481.169918904,0,0.156613498244769,0.120299140256481,0.705076884773157,0.0000233655760229351,0.0471844503110151,0.00273940960785032,0.177606291546922,0.123497844207576,27.3155197154011,1.43813272763208,0.161755675521821,-0.0514316162919001,0.0363072516804744,85878.9951590805,-1.4165659451321,0.156613498244769,-0.751775745273045,0.475727868435387,50.4277242115899,-1.58026425432159,0.120299140256481,0.217376260655814,0.571237435671248,52.7160168233188,0.380535740624877,0.705076884773157,0.274762760604259,0.130500125537582,2.10545974168532,0.035251308158193,0.151387786926425,0.1304794550116,1.16024233020414,0.245950156977424,0.123374973677834,0.0814683177718296,1.51439206125962,0.129926431554392,-0.969152005928857,0.74211540514172,-1.3059316640163,0.191575797497695,-0.53439948461723,0.744663112345453,-0.717639259629822,0.472979743996807,-0.434752521311627,1.14247487134249,-0.380535740624877,0.703547771226025
0,637297.629008856,0,0.573905700830022,0.114091341116565,0.457786888104051,0.00000368160123391989,0.0487483132902874,0.0105070405084517,0.188508944026575,0.131952085136621,28.4872002813901,1.42861663634489,0.163988108876043,-0.0203939534314514,0.0362681116479134,85884.4646318068,-0.562310870481306,0.573905700830022,-0.779978469225309,0.485082143174644,50.4510837488167,-1.60793069833637,0.114091341116565,0.428842022453739,0.573319569084083,52.6906360660393,0.747998229222916,0.457786888104051,0.26593537395679,0.138613318225557,1.9185412870937,0.0550424121893675,0.184681702763067,0.138593858576561,1.33253886326461,0.182683179690741,0.0812536711937227,0.0815448692322219,0.996428983929449,0.319041756196445,-1.20882049167905,0.749716154193363,-1.61237087518761,0.106881258710432,-0.35113644677157,0.752280344010687,-0.46676275615488,0.640669624891048,-0.857684044907476,1.14663913816816,-0.747998229222916,0.454461225636633
0,637488.54309694,0,0.696852318053678,0.0999436462281065,0.319336258305267,0.00000176759962037596,0.0524958541367114,0.0188891795894399,0.202417699882725,0.136691357908145,32.1101636439951,1.48083758169077,0.148396472731606,0.0141441376171548,0.0363066487053868,85861.0021087517,0.389574309981858,0.696852318053678,-0.783808493727402,0.467732209352105,50.6852377556218,-1.67576334931717,0.0999436462281065,0.587039942761457,0.583911636286859,52.49839350592,1.00535749979995,0.319336258305267,0.252950560856835,0.143104318465776,1.76759558040402,0.0771285374076323,0.225845430751243,0.143085212118525,1.57839812659441,0.114474175333153,0.0271051301055922,0.0822641777985038,0.329488859318365,0.741786213267339,-1.37084843648886,0.746885048031287,-1.8354209126321,0.0664433474639047,-0.196768550965944,0.749409876062824,-0.262564662210895,0.792886140068479,-1.17407988552291,1.16782327257372,-1.00535749979995,0.314724736851618
0,638084.788159147,0,0.472799159183248,0.0986662705801261,0.330002264613399,0.00000600534035348491,0.0528373717780738,0.0180505777412624,0.189933473223147,0.136313643463839,37.0578259160823,1.39335629506178,0.171813692119484,0.0261551495404609,0.036431069711126,85828.2650550595,0.717935260969654,0.472799159183248,-0.752223626485915,0.447152746301204,50.7300724046542,-1.68225205527244,0.0986662705801261,0.580839275371196,0.590753476858344,52.5892999069194,0.983217700994546,0.330002264613399,0.226672590569192,0.142675108291928,1.58873256367464,0.112120783832127,0.224174582626539,0.142655557833218,1.57143952911128,0.116080590223641,0.00249800794265249,0.0828610957442243,0.0301469334941376,0.975949870208347,-1.33306290185711,0.739666884234446,-1.80224764724573,0.0715064512743748,-0.171384351114719,0.742134353238525,-0.23093439936695,0.817365766109503,-1.16167855074239,1.18150695371669,-0.983217700994546,0.325500304732326
0,638726.523388142,0,0.237741136205156,0.0993189744379609,0.332213276449233,0.0000162445275449939,0.0527564119556564,0.0178822805516746,0.171896970403263,0.132066504254791,40.0340521892242,1.30159400654407,0.20049565618048,0.0431729983562276,0.0365668376774923,85809.5204861165,1.18065988470208,0.237741136205156,-0.735662111638293,0.438158844763452,50.6150926807647,-1.67898496271473,0.0993189744379609,0.584994600544736,0.597732961772724,52.605353907216,0.978688876065644,0.332213276449233,0.191032911562028,0.138641859495612,1.37788769031963,0.16823796609427,0.222178502528334,0.138621503345274,1.60277083400935,0.108985258284853,-0.0311455909663064,0.0834779493671304,-0.373099617353203,0.709074303459693,-1.32065671218303,0.739907008098409,-1.78489553109812,0.074278263677876,-0.150667511093558,0.742343150460034,-0.202962081619785,0.839164669815714,-1.16998920108947,1.19546592354545,-0.978688876065644,0.327733730099861
0,639077.785461895,0,0.15875844189839,0.125099607453974,0.289646611241477,0.0000231480775902828,0.0464401844708943,0.0212778340463628,0.179128694198789,0.125822748870676,38.9917250895909,1.42365904263387,0.16249858543051,0.0516382158406939,0.0366417722013922,85795.5047319732,1.40927178840798,0.15875844189839,-0.672135934089107,0.430888088506518,49.9619357537659,-1.55988515815967,0.125099607453974,0.6343143286352,0.592996749928023,52.6303701502215,1.06967589402841,0.289646611241477,0.189129153759877,0.132617896560661,1.42612089819542,0.15383344741517,0.23255134357535,0.13259647240054,1.75382752923375,0.0794600644135012,-0.0434221898154726,0.0832750889105651,-0.521430722963343,0.602066753804465,-1.30645026272431,0.73180739343433,-1.78523785690824,0.0742227438591179,-0.0378216054539065,0.734218849798103,-0.0515127137696162,0.958916971179301,-1.2686286572704,1.18599349985605,-1.06967589402841,0.284765220546475
0,639214.537127092,0,0.331193323840885,0.189416797585114,0.227317518558536,0.0000110057417560277,0.0350754937189276,0.0274070144386047,0.178155130588721,0.12133841205331,37.45305754597,1.46825005844356,0.150385417363821,0.0356343888769176,0.0366715123120522,85793.9950776981,0.97171855291079,0.331193323840885,-0.573217079371151,0.430699528344475,48.7280458566274,-1.33089785720102,0.189416797585114,0.714508384911649,0.584955789992363,52.9465876780501,1.22147416460478,0.227317518558536,0.203275976077956,0.128291869968644,1.58448057642031,0.113084398341596,0.207123357601088,0.128269709208123,1.61474878893677,0.106365107293759,-0.00384738152313206,0.0828063488947769,-0.04646239780504,0.96294170390628,-1.2877254642828,0.725204308939683,-1.7756726599785,0.0757868861979474,0.141291305540498,0.727619014470347,0.194183085832834,0.846032526346103,-1.4290167698233,1.16991157998472,-1.22147416460478,0.221906541694784
0,639145.027196902,0,0.454202221720992,0.301228766310126,0.170376988088315,0.00000652724777365693,0.0222602645391438,0.0349943040963246,0.189391623568601,0.121436819758,35.0976147773985,1.55958978459764,0.127829552923852,0.0274358020400752,0.0366577526030555,85816.4837645792,0.748431098249825,0.454202221720992,-0.461930433439357,0.442009519100955,47.9714505919354,-1.04506897131745,0.301228766310126,0.797817627083676,0.574059633983886,53.263015517838,1.38978179243669,0.170376988088315,0.221391074447136,0.128358259991637,1.72479024303976,0.0845652807377906,0.200980177311994,0.12833625476657,1.56604365366245,0.117338397798444,0.020410897135142,0.0821036083384766,0.248599270460769,0.803670772873036,-1.25974806052303,0.723279070795612,-1.74171783947419,0.0815578293510541,0.335887193644318,0.725741787718037,0.462819144947481,0.643494007172116,-1.59563525416735,1.14811926796777,-1.38978179243669,0.164595148662625
0,639197.543518839,0,0.235184315350017,0.224675362441707,0.111286037136085,0.0000164239865519065,0.0309473876948293,0.0467274937657844,0.205528438918355,0.125146710292512,32.0640985592135,1.64229997287154,0.110300948426777,0.0435293815625687,0.0366681129188214,85802.938262871,1.1871181279205,0.235184315350017,-0.533673564921851,0.433792860119542,47.3925354563748,-1.23024976661622,0.224675362441707,0.902743103056017,0.557523551958931,53.4867858323234,1.61920173575468,0.111286037136085,0.229769582775231,0.13165848802672,1.74519384370113,0.0809511325023158,0.231645020230649,0.13163679402917,1.75972851617245,0.0784538483952883,-0.00187543745541803,0.0811034530959305,-0.023124014870239,0.981551349709821,-1.43641666797787,0.705188278109109,-2.0369264671124,0.0416574113728657,0.369069538134165,0.707620664888115,0.521564104112929,0.60197386160394,-1.80548620611203,1.11504710391786,-1.61920173575468,0.105403864672986
0,639106.083792416,0,0.573317305696981,0.112358056190021,0.1555261352235,0.00000369596893414343,0.0525087695662261,0.0374122528654505,0.238468638458181,0.132429007657392,30.0503761502065,1.80072812351751,0.0817907162224092,0.0206394874408164,0.0366484544588196,85813.688572854,0.563174839037432,0.573317305696981,-0.710632072632099,0.439248475700098,47.2294012767135,-1.61783617233834,0.112358056190021,0.787495731481978,0.546631313816487,53.3990919232474,1.44063413781369,0.1555261352235,0.288511224466998,0.13853841593925,2.08253589815486,0.0372935474423874,0.255481677764522,0.138517765709235,1.84439646753188,0.0651253817530288,0.0330295467024758,0.0804146814817665,0.410740254066231,0.681263006756723,-1.49812780411407,0.700017946924896,-2.14012770771834,0.0323444474414987,0.0768636588498787,0.702470573961819,0.109419044297301,0.912870129273174,-1.57499146296395,1.09326262763297,-1.44063413781369,0.149688070744581
0,639330.837320268,0,0.88627165775623,0.0695033092485473,0.19135192550186,0.000000238378224725315,0.0672584779162298,0.0321193598246973,0.273575184806468,0.134566575424838,29.4227669328421,2.03300993536299,0.051160647002632,-0.00524842839084764,0.0366961685618481,85812.4740935378,-0.143023879509434,0.88627165775623,-0.816662405147346,0.43981803931662,47.8138071975102,-1.85681880264906,0.0695033092485473,0.748081510230275,0.565202868276447,52.7890746926594,1.32356283419351,0.19135192550186,0.352648652725229,0.140754356630385,2.50541909442469,0.0122306376150588,0.27156242151606,0.140734090204847,1.92961365025904,0.0536547262112474,0.0810862312091694,0.0816066990762747,0.993622240906732,0.320406812128789,-1.56474391537762,0.714936814885607,-2.18864644091378,0.0286225475946685,-0.0685808949170709,0.717393706937618,-0.095597290935024,0.923840416868046,-1.49616302046055,1.13040573655289,-1.32356283419351,0.185648275277525
0,639700.497546327,0,0.747617771530401,0.0594579046942762,0.202909371335894,0.00000120718344739582,0.0725062948810136,0.030786445229654,0.250802500901748,0.130781338578812,29.705595312659,1.91772391709087,0.0648056250180637,0.0118332129508855,0.0367738748767514,85773.4297288644,0.321783140627546,0.747617771530401,-0.816431966440962,0.422835059586868,47.6906541372509,-1.9308521087127,0.0594579046942762,0.761854735208456,0.590835625546877,52.3444845782297,1.28945294133759,0.202909371335894,0.313433279784011,0.137271564589148,2.2833081324753,0.0224122243189221,0.265210682327325,0.137250646493604,1.93230916649769,0.0533213577020538,0.0482225974566858,0.0833090916058104,0.578839554329297,0.562697439046268,-1.57828670164942,0.725360453950941,-2.17586538258696,0.0295653279724,-0.0545772312325057,0.727739417584674,-0.074995568350062,0.940218237908987,-1.52370947041691,1.18167125109375,-1.28945294133759,0.197240666353172
0,639893.971898731,0,0.58385006653137,0.100845667483597,0.223278408840317,0.00000349995212712008,0.0560254241646441,0.0283777434542907,0.237501566811247,0.12723230292547,29.5005726474981,1.86667663282312,0.0719148119279111,0.020165648988739,0.0368139632843786,85730.5545708604,0.547771747175507,0.58385006653137,-0.681194573700944,0.407047000660089,47.1876539564877,-1.67350348386374,0.100845667483597,0.744440226014939,0.603974193881343,52.0166639005367,1.23256959247036,0.223278408840317,0.284597751792315,0.133923165583495,2.12508232278068,0.0335797443226654,0.254683268883073,0.133901539285103,1.90201897784612,0.0571686735984972,0.0299144829092413,0.0842004193990114,0.355277124778698,0.722381990887306,-1.42563479971588,0.727188695352775,-1.96047437044421,0.0499403707526704,0.0632456523139953,0.729479798618929,0.0866996624632151,0.930910244724018,-1.48888045202988,1.20794838776268,-1.23256959247036,0.217736387488816
0,640099.520574645,0,0.198765135284988,0.211701790977766,0.168566942497727,0.0000192539658211946,0.0331756787159597,0.0361679657903165,0.266427491974379,0.127325596108688,30.4074358314851,2.09248964950417,0.0448398260628124,0.0473678124194916,0.0368595973227645,85770.2992160157,1.28508762601802,0.198765135284988,-0.535807004432929,0.423146376992614,46.7265019787561,-1.26624504796902,0.211701790977766,0.825630988516169,0.591306594400285,51.9545752415228,1.39628239619675,0.168566942497727,0.283292690884422,0.134000182032072,2.11412168691396,0.0345048753483233,0.300121330735427,0.133978672307134,2.24006795684186,0.02508651141339,-0.0168286398510059,0.0834466414842165,-0.201669468677046,0.84017513262296,-1.3614379929491,0.725923283988859,-1.87545712195394,0.0607298630419184,0.28982398408324,0.728304933149092,0.397943184086479,0.690672066837094,-1.65126197703234,1.18261318880057,-1.39628239619675,0.162629472765365
0,640418.973437767,0,0.092008302732194,0.347632506956574,0.113635794081293,0.0000330947148782909,0.0187486423797927,0.0475128359972349,0.295916707825944,0.134672584220708,28.7900983240899,2.19730474126034,0.0361989093062281,0.0622204512923562,0.0369279118170523,85779.5564972379,1.6849165910222,0.092008302732194,-0.405740259198214,0.427695424973344,47.1017931277176,-0.948666353453516,0.347632506956574,0.940464023762511,0.584426243629391,51.9126420145529,1.6092090901361,0.113635794081293,0.297210537321341,0.140973780453258,2.10826819260823,0.0350077976182394,0.332908747831622,0.140953209586426,2.36183871802861,0.0181845514402677,-0.0356982105102811,0.0830993355276495,-0.429584788898864,0.667497703995716,-1.34620428296072,0.723003911818158,-1.86195988839865,0.062608744381204,0.534723764564296,0.725410342542356,0.737132810500388,0.461041588015935,-1.88092804752502,1.16885248725878,-1.6092090901361,0.107570629418579
0,640591.094428734,0,0.131521112704626,0.413000630774898,0.092297554553378,0.0000265037818520727,0.0139250144577892,0.0536982105071365,0.327398904827484,0.144469794277618,24.7353721379397,2.26621008539919,0.0324490639653054,0.0557496470808033,0.0369657086714876,85815.7125786146,1.50814495607936,0.131521112704626,-0.367367583553017,0.444883220533835,48.2862966755972,-0.825761832761857,0.413000630774898,1.00121507104989,0.583761085735271,51.838726389266,1.71511101975703,0.092297554553378,0.33621935613808,0.150467689438201,2.23449537500986,0.0254504965210428,0.353243456666021,0.150448559592726,2.34793511896873,0.0188778093333625,-0.0170241005279403,0.0830971939008932,-0.204869740225455,0.837673897554454,-1.3685826546029,0.732720016211984,-1.86781120253573,0.0617883914208614,0.633847487496873,0.735198985380873,0.86214412710119,0.388608211333187,-2.00243014209978,1.16752217147054,-1.71511101975703,0.0863248743196432
0,640716.196243841,0,0.198862761695609,0.368153392389091,0.112549575877253,0.0000192277536832408,0.016680069951129,0.048056400792408,0.347658436599813,0.149747731088172,23.3067219782008,2.32162740679597,0.029338543944207,0.0475300308540497,0.036993870860859,85849.8893041948,1.28480826007149,0.198862761695609,-0.425100484223775,0.467973913234828,48.6448517846851,-0.908385002243619,0.368153392389091,0.949179281685871,0.587966367993252,51.6239827929608,1.61434281509238,0.112549575877253,0.364967295383629,0.155727922701172,2.34362142031503,0.0190975449903306,0.370462288583217,0.155709647097376,2.37918648901402,0.0173508954203054,-0.00549499319958854,0.0833853391794955,-0.0658987929252168,0.947458401602029,-1.37427976590964,0.750190289664168,-1.83190823027696,0.0669650941580905,0.524078797462096,0.752743379919464,0.696225050186648,0.486287902223047,-1.89835856337174,1.1759327359865,-1.61434281509238,0.106453088068329
0,640875.465804144,0,0.376835584677475,0.293067895789067,0.135713424768574,0.00000909587215409274,0.02288788493868,0.042598898435859,0.369943028582786,0.15083235170085,23.1610986586983,2.45267692515001,0.0221257111779788,0.0327240796081356,0.0370288110831492,85863.195486798,0.883746430169004,0.376835584677475,-0.511202271248784,0.480898736551902,48.2410790866041,-1.06301437785876,0.293067895789067,0.89868129862785,0.592944267873992,51.6272761622811,1.51562524054762,0.135713424768574,0.403737635676672,0.156901702543314,2.5731883665521,0.0100766348142973,0.384385743277869,0.156883656250442,2.45013248967281,0.0142803658344078,0.0193518923988031,0.0837365180427727,0.231104574815472,0.817233561129161,-1.40988356987663,0.76215009898222,-1.84987651613429,0.0643313493227662,0.387479027379066,0.76473539598025,0.50668378816491,0.612376707434536,-1.7973625972557,1.18588853574798,-1.51562524054762,0.12961414099835
0,640903.181023244,0,0.696321513937772,0.142711789127359,0.132285175963265,0.00000177424004349582,0.0437495934361003,0.0433782013556302,0.387512174122112,0.149381381236202,22.1701466177608,2.59411294041643,0.0165001900344709,0.0144543069855969,0.0370345852523366,85855.1656063303,0.390292125242174,0.696321513937772,-0.706354272726271,0.474081936495513,48.5216932784573,-1.48994133366007,0.142711789127359,0.92059687910711,0.601948962573449,51.5808374030075,1.52936035502309,0.132285175963265,0.449817860841362,0.155538669105579,2.89200019151526,0.00382797713582401,0.391858457213709,0.155520485458705,2.5196581405847,0.0117468860031653,0.0579594036276536,0.0843149376400371,0.687415602145111,0.491820868484408,-1.62695115183338,0.764938752820759,-2.12690381528442,0.033428075799604,0.214242606380838,0.76750320946703,0.27914229378873,0.780135626830019,-1.84119375821422,1.2038979251469,-1.52936035502309,0.126175134910353
0,641216.449373254,0,0.317091489034185,0.0748691977165578,0.147273233124496,0.0000116625603343455,0.063431516589279,0.0402940123194106,0.369571529480253,0.148312435687754,22.7223768566625,2.49184451571088,0.0204576861549138,0.0371176064902377,0.03710059561625,85822.1112519002,1.00045850676263,0.317091489034185,-0.821730885181596,0.451481297552014,48.9118552298572,-1.82007735345211,0.0748691977165578,0.884976806850466,0.601471997070524,51.5621054187918,1.47135163592113,0.147273233124496,0.412976851750824,0.154366995937931,2.6752924045816,0.00746640978243924,0.403705176345342,0.154348368254404,2.61554547619148,0.00890850573048535,0.00927167540548195,0.0843770642075025,0.109883835051203,0.912501502664153,-1.70670769203206,0.750815641210793,-2.2731381691513,0.0230178549167162,0.0632459216688698,0.753315155503811,0.0839567891430134,0.933090787686301,-1.76995361370093,1.20294399414105,-1.47135163592113,0.141196045696081
0,641720.846945936,0,0.246537684697123,0.0844373033737113,0.175361099542481,0.0000156528083152337,0.0600845901353597,0.0352516330316358,0.374083616646877,0.151045642745566,23.335579516894,2.47662633523971,0.0209296184618698,0.0431168174305651,0.0372079047806162,85787.4776494221,1.15880799214008,0.246537684697123,-0.767588894667974,0.435738793849679,48.5434433093739,-1.76158034469792,0.0844373033737113,0.831281079072893,0.604990870264316,51.6693455758767,1.37403904741523,0.175361099542481,0.406401915372637,0.156938692809139,2.58955843264786,0.00960991118751678,0.414195419656167,0.15692004110398,2.63953167958775,0.00830206635374108,-0.00779350428353004,0.0847419666701014,-0.0919674700714698,0.926723885149307,-1.59886997374086,0.744354301605322,-2.14799588084954,0.0317140826911356,0.0636921844049186,0.746793929286483,0.0852874961982788,0.932032831900653,-1.66256215814578,1.20998174052863,-1.37403904741523,0.169429560439381
0,641900.761394212,0,0.449313668202111,0.102929188439286,0.204865308290445,0.00000667220240770923,0.0533840326021034,0.0308049724073224,0.384601953601487,0.155736025278076,23.5571246834476,2.46957602080031,0.0211792592325855,0.0281792568232751,0.0372464012505853,85786.3766574758,0.756563208179267,0.449313668202111,-0.723627476704205,0.435431377004879,48.9725935959298,-1.66186341848327,0.102929188439286,0.764504382360464,0.595431180721986,51.866526568535,1.28395086974362,0.204865308290445,0.426633158847134,0.16138130439467,2.64363434443292,0.00820212091355244,0.410852627002136,0.161363023320383,2.54613862920997,0.0108921922568058,0.0157805318449976,0.0841873054191256,0.187445503409741,0.851311348241201,-1.48813185906467,0.736434936350937,-2.02072414765983,0.0433083286771028,0.0408769056562598,0.738878294873029,0.0553229211629287,0.955881201679972,-1.52900876472093,1.19086236144397,-1.28395086974362,0.199159146442148
0,641916.971525039,0,0.344969640870724,0.171182867521523,0.208231003224342,0.0000103969139968346,0.0377748989902056,0.0302420214537273,0.397732478602428,0.162840895364777,24.404144740096,2.44246064670349,0.022189898547436,0.0351779417568348,0.0372491165679659,85782.7431566709,0.944396672942514,0.344969640870724,-0.604098906141074,0.43500455563805,49.1249202689255,-1.38871857388942,0.171182867521523,0.748868844712157,0.587691249487464,52.0673676287842,1.27425556423591,0.208231003224342,0.426387919870845,0.168185562972863,2.53522307345515,0.0112375740040746,0.426080135651056,0.168167903427448,2.53365908099627,0.0112878491336278,0.000307784219789331,0.0837066738373448,0.00367693764044912,0.99706623483634,-1.35296775085323,0.729947220836823,-1.85351449013282,0.0638086512072581,0.144769938571083,0.732391282780306,0.197667479085096,0.843305235563445,-1.49773768942431,1.17538249897493,-1.27425556423591,0.202572858976909
0,642119.684731655,0,0.217450913894188,0.341766792168453,0.213575555205579,0.0000177260175938441,0.0184410087587846,0.0294906596950478,0.4199123759087,0.165172160961024,25.1861862912216,2.54227088551434,0.0175334458257604,0.045996491328106,0.0372941369487091,85812.2742071026,1.23334376637715,0.217450913894188,-0.434385679503133,0.452488245499109,49.0532883893442,-0.959993290044456,0.341766792168453,0.735630928666386,0.584222123501651,52.1770107508853,1.25916308040037,0.213575555205579,0.429117583400164,0.17052065280255,2.51651384361664,0.0118522243921232,0.451696035214573,0.170503322105739,2.64919199013876,0.00806844812849724,-0.022578451814409,0.0835395869745607,-0.270272485561661,0.786950631275055,-1.17001660816952,0.737700499319763,-1.58603201332844,0.112732047687252,0.301245249163253,0.740216304272372,0.406969216193333,0.684030597898855,-1.47126185733277,1.1684442470033,-1.25916308040037,0.207971433772817
0,642363.06197068,0,0.0781530667267775,0.478030648728852,0.181558340363524,0.0000361428136684442,0.0102507976586522,0.0340114086275261,0.442915958588969,0.166472787295819,24.989625528879,2.66059075350205,0.0134282196019952,0.065790607316161,0.037348655370262,85849.979005791,1.76152545958978,0.0781530667267775,-0.342550019879979,0.479148389134734,49.3486672975439,-0.71491426799654,0.478030648728852,0.789239173580761,0.58286051695243,52.0757304183025,1.3540789788051,0.181558340363524,0.430523470366526,0.171933524872165,2.50401119087523,0.0122794150175824,0.487631651278802,0.17191650136767,2.83644471240097,0.004561887592974,-0.0571081809122755,0.0835130936862839,-0.683823079609549,0.494086890853071,-1.13178919346074,0.753225476034791,-1.50259016651803,0.132944760712869,0.446689153700781,0.755824387220396,0.59099595256977,0.554523132862008,-1.57847834716152,1.16572103390486,-1.3540789788051,0.175711181931669
0,642362.666402638,0,0.00330258090374653,0.494145180351428,0.115195474821893,0.000100520401690906,0.00951159792168106,0.0468661326065939,0.452162221136816,0.168214055255393,23.5489770337981,2.68801688687854,0.0129761344543178,0.109739323553947,0.0373497205656935,85872.0776519796,2.93815648127618,0.00330258090374653,-0.34350553138103,0.498671714233949,49.4121682266739,-0.688841018201157,0.494145180351428,0.926898725719671,0.578595156327602,52.1927003899872,1.60198148149525,0.115195474821893,0.402360912727191,0.173709109460079,2.3162913791787,0.0205423647226482,0.534376896593971,0.173692397270322,3.07657044863228,0.00209396814927797,-0.132015983866779,0.0832433926742399,-1.58590345282302,0.112761212457311,-1.2704042571007,0.762513793781115,-1.66607380412239,0.0956987153718189,0.58339319433864,0.765156442369209,0.762449561990535,0.445791735460218,-1.85379745143934,1.1571903126552,-1.60198148149525,0.109159704595614
0,642402.34761303,0,0.000263739350667845,0.35882220749695,0.0992908445601047,0.000154986742770232,0.0169941426511403,0.0509420181643645,0.469781180055544,0.166912275599092,23.2733075411465,2.81453942419379,0.00976875140032772,0.136311610517954,0.0373590794566329,85883.8488182144,3.64868761491264,0.000263739350667845,-0.472647333730963,0.510305124837818,49.6216739901908,-0.92620534406974,0.35882220749695,0.965834234682888,0.575577677000826,52.4582629847365,1.67802587431045,0.0992908445601047,0.401337517515966,0.172502109301855,2.3265658555727,0.0199883835961155,0.582824099703632,0.172485348503097,3.37897743061445,0.000727559808015664,-0.181486582187666,0.0830654849540323,-2.18486152567579,0.0288990012470618,-1.43848156841385,0.767888162222755,-1.87329566879892,0.0610275676456562,0.493186900951925,0.770551578879033,0.640043982090586,0.522144005952276,-1.93166846936577,1.15115535400165,-1.67802587431045,0.0933420479673822
0,642438.756242369,0,0.00589460126721343,0.357607809669465,0.098518260550808,0.0000882661495181821,0.0170733262748897,0.0507444492208337,0.505161950378652,0.166854054494225,22.5452900270974,3.02756772623788,0.00607621684495824,0.102898285157017,0.0373678756740536,85898.7687503571,2.7536562702831,0.00589460126721343,-0.489994648566565,0.527689979597134,49.6395641953145,-0.928565384054957,0.357607809669465,0.951286547931042,0.565663873800214,52.9054516822682,1.68171699129406,0.098518260550808,0.470263700407326,0.172489221560304,2.72633673080214,0.00640416272270056,0.586296359434402,0.172472523342209,3.39936094209691,0.000675435162271484,-0.116032659027076,0.082464761686022,-1.40705747103061,0.159410347732402,-1.44128119649761,0.772239387993603,-1.86636581726591,0.0619902021552235,0.461291899364476,0.774926443613224,0.595271852143315,0.551661767966137,-1.90257309586208,1.13132774760043,-1.68171699129406,0.0926237316229889
0,642531.648966175,0,0.0200907905362418,0.229634683752164,0.113165210020233,0.0000629027965986101,0.0289577645873831,0.0468946127812262,0.510779620221023,0.165204172729781,22.293777010984,3.09180822603367,0.00527134674531539,0.086917323475726,0.0373887591146336,85907.9412853954,2.32469131187901,0.0200907905362418,-0.65850113098243,0.541406513540442,49.6065683127092,-1.21627855320075,0.229634683752164,0.918398665226958,0.570106497756639,52.7434429707511,1.61092474623749,0.113165210020233,0.498260854006101,0.171022711641742,2.91341921329055,0.00357494324058391,0.585434908004998,0.171005967515643,3.42347648161136,0.000618256014184278,-0.0871740539988973,0.0827584460858464,-1.05335537485166,0.29217814848709,-1.57689979620939,0.784868537177805,-2.00912601475851,0.0445237713916536,0.259897534244528,0.787569833554512,0.329999351386456,0.741400452212017,-1.83679733045391,1.14021299551328,-1.61092474623749,0.10719612561663
0,642619.373061129,0,0.0370911325807001,0.149952778164631,0.139453547517948,0.0000505873448389647,0.0413686620593005,0.0410372890604812,0.493703192945422,0.162430147174593,23.041712017504,3.03948005670863,0.00581599485245759,0.0779885282009765,0.0374083021299348,85913.5369879577,2.08479197826433,0.0370911325807001,-0.806129467292014,0.551248057197868,49.5559260824708,-1.46237153449533,0.149952778164631,0.856251900000772,0.570631539354857,52.6156099469212,1.50053377871267,0.139453547517948,0.494146265560889,0.168420729142632,2.93399908714567,0.00334625192552832,0.569326931266345,0.168403764962315,3.38072567079334,0.000722946816011553,-0.0751806657054564,0.0828128673516879,-0.90783797385231,0.363963832154292,-1.66238136729278,0.792051191960027,-2.09883071216523,0.0358318264583242,0.0501224327087575,0.794760629281882,0.0630660740631382,0.949713889475409,-1.71250380000154,1.14126307870971,-1.50053377871267,0.133476190411717
0,642884.399417492,0,0.0698078040225995,0.138368279117937,0.150708818932813,0.0000382638414965949,0.0439680130175673,0.0389458326651275,0.483663392816037,0.159676113128084,23.8432360801034,3.02902784481024,0.00581819883173632,0.0679331650569631,0.0374663444576731,85916.3598163635,1.81317836154817,0.0698078040225995,-0.840590870258598,0.558052212650046,49.3350135986002,-1.5062943058085,0.138368279117937,0.839168305973103,0.575431240675004,52.4805219436061,1.45832941741002,0.150708818932813,0.494981718283486,0.16585861282715,2.98435944836541,0.00284172723626658,0.551663674839282,0.165841389780336,3.32645352025802,0.000879586878887769,-0.0566819565557957,0.0831794936789875,-0.681441471314396,0.495592189211157,-1.6797591762317,0.800228439630745,-2.09909957337533,0.035808124050921,-0.00142256428549514,0.802945336858565,-0.00177168260427387,0.998586402542921,-1.6783366119462,1.15086248135001,-1.45832941741002,0.144749765451841
0,643123.143979931,0,0.172850969459667,0.122731900510728,0.152407764692884,0.0000216257638663487,0.0475553519124002,0.0387787323115954,0.478234521461778,0.157988857210336,25.6327837289339,3.02701424585334,0.00556368870930324,0.0511418543791488,0.0375184695306325,85917.5463079797,1.36311142269258,0.172850969459667,-0.883652168259741,0.562729718438706,49.3859415522157,-1.57029589748954,0.122731900510728,0.836501045507685,0.576003239286447,52.2772685818062,1.45225059245143,0.152407764692884,0.508249959181637,0.16427952689324,3.09381192406241,0.00197602709634775,0.53160097851664,0.164262085470483,3.23629751195486,0.00121091103883911,-0.0233510193350029,0.083280131634217,-0.280391239504343,0.779177357465288,-1.72015321376742,0.803898021361885,-2.13976545290323,0.0323737264509109,-0.0471511227520562,0.80662067083333,-0.0584551381547708,0.953386095920243,-1.67300209101537,1.15200647857289,-1.45225059245143,0.146431939920679
0,643249.927190702,0,0.212953383749373,0.127458889535562,0.162662846661674,0.0000180544453183333,0.0463896010159447,0.0369917903437601,0.470303314099426,0.15523127274402,27.6582797171307,3.02969437656397,0.0052596386824835,0.0467637754187965,0.0375463484089001,85919.4976926775,1.24549463264746,0.212953383749373,-0.881222587904813,0.568430580242103,49.4045234542208,-1.55027301228144,0.127458889535562,0.818108154436182,0.577688567079885,52.2105822302627,1.41617508300636,0.162662846661674,0.503714420967388,0.161689311549849,3.11532293717568,0.00183743624993236,0.520044845494656,0.161671583030208,3.21667441950813,0.00129685677439789,-0.0163304245272676,0.083417826687485,-0.195766602604592,0.844792851492468,-1.69933074234099,0.809090516789028,-2.10029744148404,0.0357026842039072,-0.0631144334686302,0.811817310618854,-0.0777446263378119,0.938031194825077,-1.63621630887236,1.15537713415977,-1.41617508300636,0.156724249272968
0,643413.067592774,0,0.153076311288724,0.126281017862525,0.204311503915706,0.0000237576924318863,0.0465887171253413,0.030960080907563,0.453822363521106,0.154237192504475,28.8222985800609,2.94236659882109,0.00636845875166018,0.05369599507379,0.0375821853901358,85922.1538638232,1.42876191249601,0.153076311288724,-0.89995784233868,0.578693233630705,49.4933736756922,-1.5551552878757,0.126281017862525,0.768737616175175,0.597964623403853,51.7302841569752,1.28559046152131,0.204311503915706,0.478855869788821,0.160983147841227,2.97457141452534,0.00293398153174793,0.513709364220915,0.160965437360184,3.1914265114654,0.00141572120744541,-0.0348534944320937,0.0847188902848509,-0.41140168756821,0.680778016688384,-1.66869545851385,0.830768658489175,-2.0086162874133,0.044577842661855,-0.131220226163505,0.833497771476949,-0.157433205767286,0.874903445326913,-1.53747523235035,1.1959292468077,-1.28559046152131,0.198586027391511
0,643546.073581825,0,0.120777299482593,0.136834122943197,0.224802241625849,0.0000280166992496679,0.0439820168329976,0.0285475863888924,0.44280176910827,0.153042470280442,28.4829240468985,2.89332607018732,0.0072330136330749,0.0583550961212309,0.0376112109840474,85919.9089419472,1.55153462476871,0.120777299482593,-0.871184242649715,0.576131057686143,49.7013710706833,-1.51212858780529,0.136834122943197,0.766832425407623,0.624126127219113,51.3698557577061,1.22864977440435,0.224802241625849,0.461728740728796,0.160042364132083,2.88504074051125,0.0039136301227127,0.506080212083257,0.160024636027359,3.16251437682841,0.00156413012085683,-0.0443514713544606,0.0864144185873473,-0.51324156407568,0.607782354789285,-1.63801666805734,0.848027529182029,-1.93156072378605,0.0534137475459794,-0.104351817242091,0.850746816841287,-0.122659074564083,0.90237707283841,-1.53366485081524,1.24825225443822,-1.22864977440435,0.219203144899385
0,643620.558776249,0,0.107569548415835,0.174839786019261,0.16229537456167,0.0000301421808146265,0.0367302408214514,0.0376918644703569,0.44979000175518,0.151949513766925,29.3031753924668,2.96012794384529,0.00603682776808811,0.0605504995316769,0.0376269816863566,85911.0318301013,1.60923084493998,0.107569548415835,-0.769749604764562,0.559210044963903,49.69047768968,-1.37649459571895,0.174839786019261,0.898933561627703,0.634038364154886,51.3204733189769,1.41779048784516,0.16229537456167,0.4679684236194,0.158952623458869,2.94407486605903,0.00323921632693335,0.504245567395076,0.158934711570867,3.17265852381302,0.00151050071222737,-0.0362771437756754,0.087076554431034,-0.416612072132545,0.676962177819494,-1.66868316639226,0.844057273873503,-1.97697859854276,0.0480440493649582,0.12918395686314,0.84676346262619,0.152562034812512,0.878743666268946,-1.7978671232554,1.26807672830977,-1.41779048784516,0.156251942116925
0,643948.346248906,0,0.0190551003059288,0.22304058063467,0.0981066181291389,0.0000639888159754284,0.0298504822259225,0.052283643096259,0.45247882613804,0.152587703570867,31.0466707302167,2.96536887015862,0.00576798370128601,0.0883820167379503,0.0376976679709439,85894.8210884928,2.34449560132134,0.0190551003059288,-0.662141091142728,0.536592160578892,49.4879830657159,-1.23397458961829,0.22304058063467,1.0891745099849,0.646513643553676,51.4460557674747,1.68468913354722,0.0981066181291389,0.446724351331062,0.159509568243706,2.80061162631033,0.00510058635081875,0.520713291116279,0.159491536925902,3.26483336453266,0.00109528491570186,-0.0739889397852168,0.0879799347247849,-0.840975161173577,0.400361849682762,-1.75131560112763,0.83884280699604,-2.08777566729006,0.0368180754987789,0.427033418842173,0.841525294535195,0.507451673307145,0.611837936792748,-2.1783490199698,1.29302728710735,-1.68468913354722,0.0920485641150296
0,644300.201773137,0,0.00373539372471976,0.26807026002404,0.0661123511858366,0.0000978908393128092,0.0249295812653838,0.0639010319143585,0.426283017560981,0.153345337123699,32.467879058027,2.77988901101773,0.00897334890325231,0.10953722065395,0.0377745408866183,85889.5796733509,2.89976312307091,0.00373539372471976,-0.59306851859024,0.529419969243806,49.0828873983972,-1.12022317450047,0.26807026002404,1.18114510554286,0.629126398909308,51.6350481266238,1.8774368832568,0.0661123511858366,0.400453673732984,0.160036292533197,2.50226787558151,0.0123400516662225,0.50807462639273,0.160018100193927,3.17510722710113,0.00149781141939265,-0.107620952659747,0.0869502177461415,-1.2377306860111,0.215815937013644,-1.7742136241331,0.820896974203489,-2.16131095604854,0.0306713271741004,0.588076586952623,0.823589228329854,0.714041134492708,0.475201744027501,-2.36229021108572,1.25825279781861,-1.8774368832568,0.0604582403490885
0,644290.448590113,0,0.00255918672928962,0.303225519091355,0.0521197660638001,0.000105923560023429,0.0217971746257664,0.0707975707608318,0.405428587346777,0.15403395807848,31.7500611656506,2.63207277411005,0.0129910688993162,0.113934051673534,0.0377722492516048,85886.0870513429,3.01634278950685,0.00255918672928962,-0.543557911366716,0.522366050181193,48.5926366941887,-1.04056898639981,0.303225519091355,1.19792745840463,0.602625718524669,51.8630072088753,1.98784655480247,0.0521197660638001,0.373658284640196,0.160420373376823,2.32924457645092,0.019846112652025,0.48848930747949,0.16040206811609,3.04540529443765,0.00232366946646826,-0.114831022839294,0.0852666631565714,-1.34672823572836,0.178067774991505,-1.74148536977134,0.796161521261919,-2.1873518416352,0.0287168489233599,0.654369547037909,0.798858514431968,0.819130716160923,0.412711838770083,-2.39585491680925,1.20525143704934,-1.98784655480247,0.0468286631224118
0,644437.41788544,0,0.0125382255130017,0.272731031691507,0.0618534381964769,0.0000725788707443449,0.0246846706293753,0.0656142991366001,0.39770517621288,0.154266349305788,30.7379383113432,2.5780423144943,0.0149569869914349,0.0943847012556053,0.0378041547316072,85878.0982453574,2.49667535025436,0.0125382255130017,-0.568223502368479,0.512207994626454,48.6254231147963,-1.10936086185628,0.272731031691507,1.14334273699759,0.599046957360233,51.8750861175675,1.90860286151166,0.0618534381964769,0.384072631290376,0.160545240016945,2.39230157960359,0.0167430784668318,0.464955597020102,0.160526839391182,2.8964352552103,0.00377428514550287,-0.080882965729726,0.085086297266746,-0.950599195498629,0.341807877188038,-1.71156623936607,0.786828096398408,-2.17527341385052,0.0296096335875596,0.575119234629112,0.789512584118623,0.728448470864021,0.466339101161749,-2.28668547399518,1.19809391472046,-1.90860286151166,0.0563133425198331
0,644510.889772343,0,0.071299962871395,0.201939293088236,0.0679572761933749,0.0000378783270422312,0.0329711372614965,0.0629628695772357,0.384677652155383,0.154485428761784,31.0390312892746,2.49005783418289,0.018333831091218,0.0682116984626954,0.0378200724685329,85874.8069259466,1.80358455207744,0.071299962871395,-0.657986112308092,0.50873727828928,49.0627446256685,-1.29337113749692,0.201939293088236,1.12345088343565,0.602609185686111,51.7260091803932,1.86431091679515,0.0679572761933749,0.400514631137477,0.160762581451028,2.49134237284863,0.0127261421672432,0.430928597302703,0.160744174626146,2.68083492484219,0.00734387331877511,-0.0304139661652261,0.0853305794336772,-0.356425168645025,0.721522183524585,-1.78143699574374,0.787298835508972,-2.26272022184827,0.0236529414529828,0.46546477112756,0.789976861430218,0.589213170478001,0.555718283197598,-2.2469017668713,1.20521837137222,-1.86431091679515,0.0622780546462187
0,644778.565103964,0,0.28193060318521,0.123337751694811,0.0842024251263045,0.0000134831233017899,0.0472856639320091,0.0569100570082851,0.384412499771892,0.156842237544318,29.7893015532623,2.45095011261409,0.0203382920916741,0.0407571737698358,0.0378784397574407,85867.2583840596,1.07599927639125,0.28193060318521,-0.787705105707481,0.502482565453803,49.5129194503366,-1.56762673943938,0.123337751694811,1.08676032929623,0.617155998875894,51.3856360782783,1.76091673948837,0.0842024251263045,0.432093110276463,0.163112183656729,2.64905478296954,0.00807172462024602,0.411060167516174,0.163093998963301,2.52038805921161,0.0117225517826325,0.0210329427602885,0.086323827104467,0.243651648285182,0.807500623918482,-1.87446543500371,0.794513336343935,-2.35926239278666,0.0183113031063859,0.299055223588747,0.797175682919831,0.375143434497891,0.707553795826391,-2.17352065859245,1.23431199775179,-1.76091673948837,0.0782524962478542
0,645164.722280726,0,0.872370419302971,0.0814220237153414,0.125759610944325,0.000000300535077241858,0.0600895091668954,0.0450471306376474,0.384972597293329,0.15664582074549,29.6806659021062,2.4575989034448,0.0200528306637505,-0.00609886341010127,0.0379639597538956,85873.5677057198,-0.160648769244242,0.872370419302971,-0.907200099288598,0.510019066168668,49.4904263455299,-1.77875722588884,0.0814220237153414,0.970736408593176,0.623713499008874,51.3507930527449,1.55638191274639,0.125759610944325,0.47967301113146,0.163038371895663,2.94208661160104,0.003260087317168,0.375876073691185,0.163020172436639,2.30570283464322,0.0211272426196871,0.103796937440275,0.0868450341223633,1.19519715190655,0.2320100110597,-1.87793650788177,0.804351135234199,-2.33472226944142,0.0195579341295821,0.0635363093045775,0.807028626908834,0.0787286933648699,0.937248422304069,-1.94147281718635,1.24742699801775,-1.55638191274639,0.119617303590303
0,645251.582796388,0,0.495248867517724,0.0784793222966191,0.145104678381465,0.00000541652601118838,0.0613922751266613,0.0406528978348342,0.392139402819291,0.157853276779163,27.296246467092,2.48420185390193,0.0194072228554677,-0.025903851932702,0.0379828989960965,85867.5942101226,-0.681987226287391,0.495248867517724,-0.901324244408629,0.50161382250945,49.3620868157101,-1.79684889842055,0.0784793222966191,0.904848324811088,0.611627889259458,51.6489232749616,1.47940985148119,0.145104678381465,0.503258963218064,0.164043275917685,3.06784267994376,0.00215610093922981,0.366069283823682,0.164025079491396,2.23178848599725,0.0256289456756154,0.137189679394382,0.0861052746601985,1.5932784598363,0.111097736677735,-1.80617256921971,0.789679714562779,-2.28722168736439,0.0221828867756423,0.00352408040245866,0.792348504203225,0.00444763937050961,0.996451308913992,-1.80969664962217,1.22325577851891,-1.47940985148119,0.139030808750394
0,645139.615738888,0,0.330345633367958,0.0805953976186177,0.186315427513911,0.0000110372262025458,0.0608782769968889,0.0332338464894406,0.412175903022868,0.157511271847765,25.9945852817517,2.61680258300014,0.0145946781222331,-0.0369485950460691,0.0379573711621004,85849.7171212719,-0.973423446220151,0.330345633367958,-0.860704012990697,0.482443122165539,49.0992604889529,-1.78405282083256,0.0805953976186177,0.788227687571098,0.588586690272551,52.1702989683784,1.33918707405038,0.186315427513911,0.526921539985171,0.163398512860709,3.22476337611683,0.00126076827926224,0.378646760537922,0.163380024343023,2.3175829607109,0.020471997134141,0.148274779447249,0.0846428201744658,1.75177031131081,0.0798133111600573,-1.64893170056179,0.759726261887829,-2.17042872318826,0.0299743828185621,-0.0724763254195989,0.762356427912562,-0.095068819211047,0.924260164536611,-1.57645537514219,1.1771733805451,-1.33918707405038,0.180509779345859
0,645025.781327459,0,0.199284469934887,0.0825929103465682,0.248744267193667,0.0000191921996022059,0.061110558943517,0.025231712115216,0.44198201272213,0.160048463441843,25.637858247038,2.76155111531411,0.0104874070810026,-0.0486895612527021,0.0379319561506733,85847.5994686209,-1.2836026979283,0.199284469934887,-0.850603245041164,0.479843130513841,48.2784930611792,-1.77266942246374,0.0825929103465682,0.661945623915485,0.567542775080916,52.5535554455304,1.16633609479234,0.248744267193667,0.562034037149312,0.165664616786747,3.39260155880356,0.000692322621819211,0.402193368865541,0.16564625214767,2.42802576968052,0.0151812645456957,0.159840668283771,0.0833260739488989,1.91825512362188,0.0550786696817612,-1.51254886895665,0.74189290084736,-2.03876983757234,0.0414730039629197,-0.188657621125679,0.744515538164265,-0.253396485976435,0.799961842855184,-1.32389124783097,1.13508555016183,-1.16633609479234,0.243478585070788
0,645232.892143212,0,0.123571917765712,0.119185486567341,0.39243892839572,0.0000276244557027277,0.0504429882480728,0.01391785370477,0.468554210383714,0.163277720148894,24.9474385970291,2.86967634014265,0.00824949910032818,-0.0584840499087253,0.037977452836616,85845.4902153598,-1.53996767925251,0.123571917765712,-0.762051554047131,0.480215882458036,47.4041000019603,-1.58689369070113,0.119185486567341,0.489533771823637,0.567716630385764,52.6796537782594,0.862285417799014,0.39243892839572,0.58608839319081,0.168794429717285,3.47220221764696,0.000516207342198169,0.422927622866753,0.168776347062501,2.50584652546209,0.012215863099753,0.163160770324058,0.0833954791674306,1.95647020621447,0.0504097888541248,-1.25158532587077,0.742265087273985,-1.68617027437905,0.0917630075675413,-0.272517782223495,0.744890241966676,-0.365849580072343,0.714477321142873,-0.979067543647271,1.13543326077153,-0.862285417799014,0.388530475140837
0,645633.263964947,0,0.178453356289929,0.146503927930525,0.401394753276415,0.000021087743022548,0.0439459993007145,0.0133879863137785,0.494300032797274,0.163599408711528,24.1692775133024,3.02140476356406,0.0058690764101953,-0.0512200460705911,0.038066438094034,85853.1407813318,-1.34554344023637,0.178453356289929,-0.718760756011332,0.486901596472526,47.407755605313,-1.47619305670502,0.146503927930525,0.482245151055356,0.570053830920434,52.7393947708594,0.845964231617743,0.401394753276415,0.602183861159077,0.169173356255551,3.5595667928313,0.000371467050277038,0.454238856694635,0.169155300618211,2.6853362267368,0.00724568750709039,0.147945004464442,0.0836494268693479,1.76863141806718,0.0769554041135108,-1.20100590706669,0.748365265596676,-1.60483919053768,0.108529198780886,-0.236515604955976,0.751011650267509,-0.314929342137009,0.752815302534809,-0.964490302110709,1.14010766184087,-0.845964231617743,0.397572698281282
0,646045.067818707,0,0.202873942854073,0.172727512504152,0.349222237808361,0.0000188840905810952,0.0380986380624495,0.0166068099066034,0.529268020985778,0.164904749478523,24.3680356984963,3.20953776443358,0.00370632953954063,-0.0485914027633528,0.0381583130087372,85868.9722231178,-1.273415906836,0.202873942854073,-0.692581180239536,0.500436936458511,48.3574896332555,-1.38395296146761,0.172727512504152,0.532713867537009,0.564026009778174,52.8239317915671,0.944484577486985,0.349222237808361,0.635669174243435,0.170486416079471,3.72856201016697,0.000192575524657572,0.48821920110995,0.170468459063399,2.86398553604791,0.0041834711392586,0.147449973133485,0.0834006487352743,1.7679715370262,0.0770656621280634,-1.22529504777654,0.752689354403131,-1.62788943487607,0.103548332038676,-0.159867312702526,0.75536988947451,-0.21164109786497,0.832387044070401,-1.06542773507402,1.12805201955635,-0.944484577486985,0.344922079296965
0,646293.566131023,0,0.164154593264529,0.18004571752959,0.397340513460717,0.0000225369330169959,0.0362059509868213,0.0136274445246884,0.55916162496643,0.166131411814524,25.8489285973275,3.36577904719609,0.00239400324295677,-0.0531649054795197,0.0382138917129543,85882.1589236388,-1.39124551560649,0.164154593264529,-0.69986941766021,0.514634086539459,49.2312902594431,-1.35993599329249,0.18004571752959,0.476049605001919,0.557875895302601,52.7054810999258,0.853325280784362,0.397340513460717,0.667806706771612,0.171726219545669,3.88878709691746,0.000100746445729401,0.516556598553538,0.171708362459903,3.00833687511384,0.00262681780057176,0.151250108218074,0.0831005860446158,1.82008473606756,0.0687461017236138,-1.17591902266213,0.75763984385343,-1.55208181328121,0.120642649009233,-0.223819812658291,0.760348197986757,-0.294364888679842,0.768479093717082,-0.952099210003837,1.1157517906052,-0.853325280784362,0.39347894432836
0,646611.079305264,0,0.40095543516667,0.206224892482256,0.48733793338022,0.00000821358317571516,0.0320300299060771,0.00921928760282961,0.586705861070122,0.166299598467761,25.7784350259306,3.52800527767877,0.00159367454474142,-0.0321562800154681,0.0382849200650201,85889.4630612381,-0.839920260009852,0.40095543516667,-0.67072306160531,0.523676641162388,49.5752157807708,-1.28079621828564,0.206224892482256,0.390887918197514,0.558830047861858,52.5805561185619,0.699475483992122,0.48733793338022,0.668949233150298,0.17196247991025,3.89008831170284,0.000100207747440905,0.567752278518663,0.171944639131923,3.30194812344839,0.000960158262595971,0.101196954631635,0.0832472887051195,1.21561862501129,0.224130235821824,-1.06161097980282,0.76448687790784,-1.38865821046938,0.16493670739103,-0.279835143407795,0.767213338838378,-0.364742281242774,0.715303793843232,-0.781775836395027,1.11766009572371,-0.699475483992122,0.484254928946095
0,646627.123130437,0,0.840355236870573,0.256455110757753,0.505970133385443,0.000000472436935244115,0.025836223290766,0.00850859421037015,0.618542609410923,0.165844008622609,25.0886131007516,3.72966509039507,0.000984279720161466,-0.00771286451947426,0.038288697631129,85890.7051618399,-0.201439719725636,0.840355236870573,-0.602912641337205,0.525174116057892,49.694131044615,-1.14802428928303,0.256455110757753,0.380183622638266,0.567656626375988,52.2692811991874,0.66974224376701,0.505970133385443,0.672638220547577,0.171596258174188,3.91988862522152,0.0000885898994359168,0.621338160005173,0.171578454552934,3.62130642582215,0.000293119084334089,0.0513000605424034,0.0837795479599456,0.612322002106405,0.540324735405427,-0.98309626397547,0.771964627693117,-1.27349910696463,0.202840989256064,-0.222729018698939,0.774696333334641,-0.287504934662868,0.773725724053059,-0.760367245276531,1.13531325275198,-0.66974224376701,0.503022117346024
0,646412.411236088,0,0.774349281180198,0.288331951041087,0.583215080103611,0.000000957057224604245,0.0226833605850681,0.00583313891389568,0.675205915931778,0.16592832639009,24.1286250918698,4.06926249798,0.000438494775464219,0.010963190325166,0.0382403819939845,85879.8232439971,0.286691443796,0.774349281180198,-0.548487473088428,0.51103397082651,49.632000595456,-1.07328965274333,0.288331951041087,0.314786213818056,0.570113259241697,51.9596345986926,0.552146803666259,0.583215080103611,0.704972210753003,0.171597394103972,4.10829205439947,0.0000398595861875661,0.69719519463716,0.171579577182884,4.06339266061968,0.0000483645683268428,0.00777701611584365,0.0838695448927312,0.0927275344797735,0.926120021896081,-0.863273686906483,0.764272653302485,-1.1295362763226,0.258671675435119,-0.233701259270371,0.766979143665444,-0.304703538812669,0.760591954125799,-0.629572427636112,1.14022651848339,-0.552146803666259,0.580847777415526
0,646470.160296558,0,0.169068851573509,0.247592950759572,0.589452342443952,0.0000220261983315845,0.027058456738019,0.00566943107914491,0.689394835085492,0.168370433112727,23.9363315852855,4.09451245293126,0.000416645211935581,0.0526046993487493,0.0382520236019761,85860.0513941054,1.37521350232649,0.169068851573509,-0.576585797703298,0.49276492346823,49.2302492034505,-1.17010316733811,0.247592950759572,0.310216468859275,0.571285203410649,51.7148250334703,0.543015059741161,0.589452342443952,0.678629705610785,0.173853901166628,3.90344824623958,0.0000948318357659117,0.754566911138938,0.173836154925295,4.34067879298878,0.0000142043235890131,-0.0759372055281532,0.0839623225111158,-0.904420021469747,0.365772725655928,-0.886802266562571,0.753107745015127,-1.17752376393999,0.238986518224603,-0.266369328844023,0.755775648768482,-0.352444973952343,0.724504578605606,-0.620432937718548,1.1425704068213,-0.543015059741161,0.587119433593898
0,646695.987458293,0,0.0306547854044958,0.237449608647976,0.509145956264934,0.000054415862640727,0.0283534308112803,0.0084979193080067,0.681696210639865,0.171267345538519,24.8883250181861,3.9803046429919,0.000524594876493283,0.0827918803318064,0.0383018941539009,85859.0022594534,2.16156099223553,0.0306547854044958,-0.589955495633853,0.493273512805405,49.0191318242054,-1.19600075884591,0.237449608647976,0.373146588642541,0.561298326835086,51.564698516127,0.664791913324508,0.509145956264934,0.644343746139857,0.176597989157614,3.64864712907223,0.000263624910619708,0.774717193619931,0.176580371567971,4.38733471189757,0.0000114748134389574,-0.130373447480074,0.0834278805177273,-1.5627083736398,0.118121203940506,-0.963102084276393,0.745909323461389,-1.29117850385235,0.196641787236207,-0.216808906991311,0.748577598823175,-0.289627831947085,0.772100972366878,-0.746293177285082,1.12259665367017,-0.664791913324508,0.506183595644776
0,647007.027498639,0,0.0118170818263131,0.238849492605418,0.457362209320155,0.0000738200523916803,0.0280968766443414,0.0107509528957925,0.657264962027114,0.166306615801361,26.3176559805864,3.95212757387933,0.000520589997615289,0.0966043254836977,0.0383713829054209,85856.233506369,2.517613861398,0.0118170818263131,-0.585718641156451,0.491234330968727,49.1774045086792,-1.19234060860811,0.238849492605418,0.416558047485071,0.556281345418106,51.5965599022157,0.748826202633097,0.457362209320155,0.607948320764262,0.171749124524625,3.53974625749604,0.00040051191257847,0.761850329898404,0.171730892279782,4.43630333357382,0.00000915168669538415,-0.153902009134141,0.0832216103018233,-1.84930342703029,0.0644140111866785,-1.00227668864152,0.74079940454038,-1.3529663799654,0.176066371173577,-0.16916059367138,0.743462472891239,-0.227530776386781,0.820011040626445,-0.83311609497014,1.11256269083621,-0.748826202633097,0.453961964512928
0,647184.930013723,0,0.003987635604557,0.249377360299533,0.397341210438732,0.000096544609807047,0.0269874423513889,0.0138944649269437,0.635312945061801,0.161648298864946,30.1280279455631,3.93021732689309,0.000459862109924399,0.110594704575566,0.0384113945891297,85857.5621269527,2.87921607008936,0.003987635604557,-0.577647505987846,0.495534680765878,48.99304286876,-1.16570550641391,0.249377360299533,0.483188666451021,0.566152123455023,51.6950270187029,0.853460839292263,0.397341210438732,0.57476877693075,0.167347148028396,3.43458961627013,0.000593451809750925,0.75036424313745,0.167328467231403,4.48437887200479,0.00000731266312426148,-0.175595466206701,0.0838602042782362,-2.09390696955734,0.0362682683010785,-1.06083617243886,0.751044023700564,-1.41248201032462,0.157808083986923,-0.0944588395368249,0.753723137453275,-0.125322993076726,0.900267849841318,-0.96637733290204,1.13230424691004,-0.853460839292263,0.393403795379458
0,647364.061468896,0,0.00485253662847612,0.14557261114044,0.313477540283807,0.0000923885905737406,0.0430517295022429,0.019673500090271,0.608175629710766,0.159796489895662,33.3801104696175,3.80593860420757,0.000574217490242974,0.108309253169474,0.0384520350159902,85868.5237701881,2.81673656867402,0.00485253662847612,-0.751730068776333,0.508247110153425,48.6263719009014,-1.47906412797784,0.14557261114044,0.574448256782565,0.564353049260433,51.6284623641371,1.01788810662999,0.313477540283807,0.562435827263087,0.165634009124119,3.39565425142625,0.000684647839572566,0.724849086536441,0.165615153779406,4.37670750529215,0.0000120485485055082,-0.162413259273354,0.0838007998896968,-1.93808721977751,0.0526125824066143,-1.3261783255589,0.7581243147658,-1.7492887376506,0.0802411217485347,-0.177281811993767,0.760832768575721,-0.233010221583435,0.815753468537338,-1.14889651356513,1.12870609852087,-1.01788810662999,0.308731134352654
0,647387.588301362,0,0.013222135153815,0.0883978637487597,0.336146584256592,0.0000714724889503687,0.0592070706924762,0.0179093558757303,0.599864006476193,0.160674711262161,34.4401015169588,3.73340646928215,0.000681147331264446,0.0952916573968451,0.0384584669372635,85892.6254346365,2.47778096699206,0.013222135153815,-0.935226398540305,0.537728105660887,48.0649518175328,-1.73921799640894,0.0883978637487597,0.533190329880278,0.549201825769294,51.6859128908849,0.970845880079536,0.336146584256592,0.57385264597249,0.166573832314891,3.44503478125951,0.000570985914837725,0.714123833915936,0.166555169513723,4.28761134224116,0.0000180604735714723,-0.140271187943447,0.082901816121767,-1.69201586292651,0.0906429491183624,-1.46841672842058,0.767242946720953,-1.91388755634224,0.055634524714142,-0.402036068660026,0.769991287482455,-0.522130672380091,0.601579351848174,-1.06638065976055,1.09840365153859,-0.970845880079536,0.331625031692883
0,647590.179385523,0,0.0365568345652403,0.053961613446923,0.353928084573128,0.0000508806660042555,0.0755408521406509,0.0165140482176638,0.607624871060876,0.16191030297648,35.2142319112552,3.75284870629352,0.000630055653517555,0.0805014241013372,0.0385043135475889,85904.0166821377,2.09071183678791,0.0365568345652403,-1.10163506872724,0.557547970154199,47.7767794852233,-1.97585701625381,0.053961613446923,0.505450522161099,0.54039213969999,52.1019364525932,0.935340255766323,0.353928084573128,0.602946178146476,0.167849894958818,3.59217489110976,0.000327929639975402,0.716254442703567,0.16783136688585,4.26770308789015,0.0000197495947542114,-0.113308264557091,0.0824421026494208,-1.374398043181,0.169318143325532,-1.60708559088834,0.775072960900651,-2.07346362466428,0.038129153011409,-0.596184546566143,0.777835916261196,-0.766465695531017,0.44339925597686,-1.0109010443222,1.08078427939998,-0.935340255766323,0.349612975608659
0,647792.500090998,0,0.13362350155492,0.0432271667837422,0.327305460821324,0.000026190282998519,0.0826514481591289,0.0182501006502291,0.612761132291652,0.159295720776191,36.7656174310882,3.84668922244669,0.00045975714397475,0.0578238473427169,0.0385497696941737,85905.0761953032,1.49997906087248,0.13362350155492,-1.16233529739514,0.559719439613713,47.8636687313905,-2.07663914299156,0.0432271667837422,0.518275586235124,0.524164525909025,52.5922623531737,0.988765093052248,0.327305460821324,0.634228959257893,0.165235067844297,3.83834356430642,0.000123867089874594,0.700971890340617,0.16521609024233,4.24275801050895,0.0000220789474172298,-0.0667429310827239,0.0815696064807466,-0.818232843853154,0.413224244406381,-1.68061088363026,0.765458435508448,-2.19556125541151,0.0281233619770997,-0.644059711160012,0.768206994315203,-0.838393448544609,0.401809767719533,-1.03655117247025,1.04832905181805,-0.988765093052248,0.322778086670275
0,648070.530510424,0,0.28135102546763,0.0280444603778412,0.378734313393569,0.000013509737893335,0.0960601984101336,0.0147691749306771,0.621998451905476,0.159716673659985,37.5708122153767,3.89438646355499,0.000390669174145177,0.0415964396169643,0.0386118907236498,85904.792196312,1.07729610846242,0.28135102546763,-1.27087285605503,0.561114103126697,48.2722863336428,-2.26490984449213,0.0280444603778412,0.449395736433391,0.506235132953223,52.5696503158623,0.887721351561973,0.378734313393569,0.661564747986664,0.165535080075306,3.99652295867258,0.0000642796502632703,0.702352403362777,0.165515913623876,4.24341314369823,0.0000220145601963109,-0.0407876553761136,0.0806457316432814,-0.505763349714884,0.613022790191839,-1.72026859248841,0.754364043291198,-2.28042230775355,0.0225826538100259,-0.821477119621634,0.757087170223511,-1.08504958468536,0.277899694638574,-0.89879147286678,1.01247026590645,-0.887721351561973,0.374690657736427
0,648359.821236288,0,0.175166394863182,0.0117265246136783,0.41411698971288,0.0000213995791674991,0.124110621757772,0.0128202266123191,0.620519380916322,0.16738791608167,38.6012482933997,3.70707393605143,0.000656532905556229,0.0524363607783981,0.0386755886633345,85896.7424355061,1.35579993972036,0.175166394863182,-1.44382486197994,0.551193551466563,48.4240471953138,-2.61945165747739,0.0117265246136783,0.413306236694389,0.502047424088904,52.1861162875763,0.823241424740781,0.41411698971288,0.655702965753794,0.172857411704599,3.79331704257115,0.000148648165960411,0.721575888095863,0.172838828967285,4.17484828153079,0.0000298184710769684,-0.0658729223420693,0.0805041097188351,-0.818255398042833,0.41321136837217,-1.85713109867432,0.744208491652896,-2.49544464958954,0.0125799379919297,-1.03051862528555,0.746917408671782,-1.37969555043319,0.167680403501536,-0.826612473388776,1.00409484817781,-0.823241424740781,0.410370716178264
0,648653.369334535,0,0.0543960256904958,0.00772450486907918,0.327507314733966,0.0000430844559997299,0.137146614061267,0.0183795909853838,0.634978197011964,0.170691928068177,39.4632988178047,3.72002474984256,0.000619279549627748,0.0745259683670419,0.0387410360269297,85888.1936393003,1.92369580192015,0.0543960256904958,-1.4997070579762,0.539601215708381,48.5980618576251,-2.77928776718452,0.00772450486907918,0.517095141180697,0.523151983979973,52.1786570801458,0.988422403078362,0.327507314733966,0.655605499802911,0.176120676851601,3.72247887938408,0.000197276415290574,0.755864060365733,0.176102438163535,4.29218395979169,0.0000176924270865278,-0.100258560562822,0.081776321051227,-1.22600967216435,0.22019503527452,-2.01680219915689,0.750201129382021,-2.68834865767029,0.00718063774841148,-0.982611916795501,0.752936389176553,-1.30503974959974,0.19187931290899,-1.03419028236139,1.04630396795994,-0.988422403078362,0.322945820104815
0,649016.70524613,0,0.0358218227248456,0.00718664673297796,0.248138075939825,0.0000512976861391903,0.139427692532917,0.0255565516914932,0.635157250493148,0.169161306749218,42.4221552500387,3.75474310703197,0.000522688083551239,0.081488099127722,0.0388227653205548,85880.6625037231,2.09897719688138,0.0358218227248456,-1.4932320288703,0.53207714753763,48.612024363941,-2.80642015125202,0.00718664673297796,0.6345463849916,0.543282312898735,52.0151674663294,1.16798645920556,0.248138075939825,0.654058310234331,0.174729704783099,3.74325768504129,0.000181649772947765,0.757158369661021,0.17471131317179,4.33376840866924,0.0000146578373519294,-0.10310005942669,0.0830418407541877,-1.24154352179977,0.214405030928563,-2.1277784138619,0.759058216267125,-2.80318211207281,0.00506010879378255,-0.858685643878698,0.76180978544393,-1.12716541620467,0.259672549520378,-1.2690927699832,1.08656462579747,-1.16798645920556,0.242812226870512
0,649428.706495939,0,0.139512682286528,0.00469456968586106,0.239851353591887,0.0000254240460822256,0.152349317968371,0.026748714122858,0.629294674126876,0.169277057855474,43.7416065356722,3.71754260204686,0.000568537642261018,0.0575027725288923,0.0389157560320296,85875.823956967,1.47762187843825,0.139512682286528,-1.56951553940661,0.52967919664236,48.8519393113561,-2.96314363364803,0.00469456968586106,0.681537408848327,0.573143790630629,51.4486864491562,1.1891211594536,0.239851353591887,0.677997186214311,0.175044459944808,3.8732856008587,0.000107377870556813,0.72869249410995,0.175026163386905,4.16333466956672,0.0000313633144438193,-0.0506953078956391,0.084924405817365,-0.596946277194596,0.550543249046556,-2.25105294825493,0.779032858869747,-2.88954813988316,0.00385795931584229,-0.887978130558283,0.781802735342817,-1.13580842124952,0.25603675186468,-1.36307481769665,1.14628758126126,-1.1891211594536,0.234391993053704
0,649465.734034639,0,0.335880666214952,0.00211446428478461,0.277748961168385,0.0000107842654710897,0.176105953474493,0.0230130928257361,0.612980386966915,0.173031892369859,43.3312850483961,3.54258615895305,0.000962833824281164,0.0374579548117492,0.0389237547557736,85874.3403363482,0.962341763963382,0.335880666214952,-1.72263022934715,0.530879374218242,49.2594717203308,-3.24486185187332,0.00211446428478461,0.658667257273025,0.600381041515438,51.0965954930061,1.09708203911713,0.277748961168385,0.687872689184304,0.178883956071039,3.8453570923439,0.000120377005137335,0.700636401472446,0.178866180096048,3.91709825242658,0.000089621228551042,-0.0127637122881427,0.0865873754613603,-0.147408467113529,0.882809622740898,-2.38129748662018,0.800041736474141,-2.97646657424996,0.00291590866785155,-1.06396297207413,0.80281618684632,-1.32528839042678,0.185075518089544,-1.31733451454605,1.20076208303087,-1.09708203911713,0.272605530922275
0,649587.224785738,0,0.875164386363155,0.00294000841556514,0.390851122153212,0.000000287349039659064,0.16614815052772,0.0145066357211989,0.613513652364417,0.173631324303549,42.5401712114685,3.53342724779229,0.0010028475135695,-0.00611951115828861,0.0389523316013658,85892.7820721194,-0.157102563741628,0.875164386363155,-1.74766191735285,0.558372638714967,49.1654448258355,-3.12992040830456,0.00294000841556514,0.535918314649025,0.61923272342638,50.8834324166659,0.865455416638264,0.390851122153212,0.727373094150278,0.179791213087366,4.0456542990053,0.0000521771845313546,0.664564530870637,0.179773743856196,3.69667180877221,0.00021844444266057,0.0628085632796415,0.0877851270385311,0.715480690163759,0.474312068511566,-2.28358023200187,0.832399806576437,-2.74336948898867,0.00608122163241696,-1.21174360270382,0.835205903275738,-1.45083218156298,0.14682659610734,-1.07183662929805,1.23846544685276,-0.865455416638264,0.386788876041192
0,650030.340133099,0,0.304357779334094,0.00818748752558372,0.466582416948847,0.0000122824273419531,0.134442132318716,0.010416959142064,0.621407309097785,0.168160916421708,41.5100733625918,3.69531352659521,0.000636013851139783,-0.0401134863108367,0.0390535998991429,85895.2472509636,-1.02713927562199,0.304357779334094,-1.54907644475893,0.561972780853361,48.9188066999648,-2.75649728516503,0.00818748752558372,0.46028284720526,0.627484552354324,51.1157559047744,0.733536539629983,0.466582416948847,0.756322908199862,0.174614204348157,4.33139394943985,0.0000148168308426064,0.632663398081152,0.17459620730047,3.62358041943246,0.000290552808006325,0.12365951011871,0.0884298838554325,1.39839050700181,0.16199583229217,-2.00935929196418,0.840940546214416,-2.38941896785633,0.0168750459925271,-1.08879359755367,0.843753244414104,-1.29041707959264,0.196905885144542,-0.920565694410518,1.25496910470865,-0.733536539629983,0.463231250241269
0,650254.676150335,0,0.307636309322908,0.0159223516575477,0.447645365613226,0.0000121175788578486,0.113231824212526,0.0112053074198515,0.615515763791146,0.166025275317408,41.7530681896924,3.70736180147511,0.000610565373335597,-0.0398944814103627,0.0391045544184431,85891.4328031299,-1.02020038339951,0.307636309322908,-1.38793619375549,0.555712332201938,48.851795215725,-2.49758033667522,0.0159223516575477,0.482072885715339,0.630012032465539,51.6666225926503,0.765180442393705,0.447645365613226,0.743637777421165,0.17253907655932,4.30996729697633,0.0000163278690082633,0.618360157327494,0.172520797707148,3.58426442229391,0.000338029502225308,0.125277620093672,0.088655070902561,1.41309029272969,0.157629177086013,-1.87000907947082,0.838672728771245,-2.22972443876959,0.0257657424141688,-0.905863308040147,0.841481294171619,-1.0765103328077,0.281699082255251,-0.964145771430676,1.26002406493108,-0.765180442393705,0.444164103963924
0,650256.265222085,0,0.763433130415789,0.0234986949422241,0.448412063942351,0.0000010545490931508,0.100496637687156,0.0110644630374289,0.618753192954317,0.165493606848103,42.2476229932229,3.73883441625776,0.000550180949134218,-0.0117698434295069,0.0391055208299428,85900.9489981435,-0.300976516351492,0.763433130415789,-1.33710874597583,0.571814947582288,48.9410982169525,-2.33835920454565,0.0234986949422241,0.483675768020616,0.633226028917583,52.1469346304459,0.763827994953707,0.448412063942351,0.716428140341465,0.172169879825126,4.16117000876777,0.0000316621262006649,0.647248547371426,0.172151659315155,3.75975782020504,0.000170077921012705,0.0691795929700385,0.0888546603960122,0.778570225373832,0.436232924061923,-1.82078451399644,0.851786296302914,-2.13760719314147,0.0325486374480858,-0.853432977955215,0.854608203438917,-0.998624837113694,0.317976463766928,-0.96735153604123,1.26645205783516,-0.763827994953707,0.444969751554291
0,650203.509732346,0,0.97458105601278,0.0312304322983708,0.516607767442672,0.0000000118176448122278,0.0913235493871797,0.00804864068737749,0.618349767375949,0.163658281240884,42.4596792206958,3.77829806525842,0.000486695926227068,0.00124568044473399,0.0390943913655274,85911.9235679397,0.0318634054968918,0.97458105601278,-1.31197186474282,0.591524839446319,48.9473924938792,-2.21794889623039,0.0312304322983708,0.406150126460144,0.621982739025751,52.5514081425817,0.652992600882013,0.516607767442672,0.698165545402345,0.170462189588225,4.09572085803226,0.0000420856787808829,0.662332361495036,0.17044385442307,3.88592691556374,0.000101940174134429,0.0358331839073094,0.0881275594639613,0.406605880444958,0.684297477579212,-1.71812199120296,0.85693015046841,-2.00497320611699,0.0449659115443656,-0.905821738282676,0.859766854370487,-1.05356671250825,0.292081336029035,-0.812300252920287,1.2439654780515,-0.652992600882014,0.513761048617481
0,650180.648597149,0,0.848376714830112,0.0266238171919409,0.69584684431341,0.000000425467285095355,0.0963391805568218,0.00291484734882055,0.608835252727631,0.159700871239142,42.8848770481377,3.81234772236112,0.000435215990200515,-0.00747358746509998,0.0390897210600194,85914.5547067033,-0.191190606185827,0.848376714830112,-1.35874457617399,0.594410591384247,49.012298892235,-2.2858687174631,0.0266238171919409,0.241957430723365,0.615553887009837,52.8520948857473,0.39307270383543,0.69584684431341,0.691830392166997,0.16663587743339,4.1517493280734,0.000032994354524351,0.65405198368902,0.166617134227572,3.92547853329233,0.0000865574894615848,0.0377784084779771,0.0877193876862681,0.43067341752422,0.666705849921097,-1.60070200689736,0.854284041119939,-1.87373511601468,0.0609669433146647,-1.11678714545063,0.857123010432668,-1.30294850547401,0.192592342467421,-0.48391486144673,1.23110777401967,-0.39307270383543,0.694265784017493
0,650222.710501215,0,0.796542208544254,0.0239831810342398,0.641853658295862,0.000000773676945580335,0.0999409622926049,0.00409662489986404,0.61851836200322,0.154020258383716,44.472643397574,4.0158247265258,0.000224919480653974,-0.010081007725113,0.0391001204619974,85919.4943687961,-0.257825490203055,0.796542208544254,-1.40613427143023,0.603510744829477,48.8889875821826,-2.32992417032698,0.0239831810342398,0.284398737461131,0.607977049578039,53.1951405914317,0.467778738783833,0.641853658295862,0.7083591725805,0.161212039764844,4.3939594934334,0.0000111304563961261,0.661361139008178,0.161192687906621,4.10292270447967,0.0000407963574341394,0.046998033572322,0.0872602216523833,0.538596312069285,0.590165432820528,-1.69053300889136,0.855234289819074,-1.97668993048559,0.0480766897145193,-1.1217355339691,0.85807746351606,-1.30726604725484,0.191122371132871,-0.568797474922261,1.21595409915608,-0.467778738783833,0.63994282646675
0,650171.495589058,0,0.822643225720771,0.0234046381782383,0.476596807335124,0.000000584727040831806,0.100543958747543,0.00959843161367432,0.640020234329752,0.151744105919446,44.8579144678486,4.21776009322899,0.000118141726776504,0.00876168847718017,0.039088977146061,85923.8188147332,0.224147294630939,0.822643225720771,-1.43932252533551,0.61510398562403,48.9827455610446,-2.33996618291345,0.0234046381782383,0.441152990192958,0.615383089547662,53.0271618593349,0.716875386545359,0.476596807335124,0.719979887345476,0.159198633938451,4.52252553639268,0.00000611061116982986,0.695875830419076,0.159179153393532,4.37165178720791,0.000012331007849557,0.0241040569264005,0.0877028495537125,0.274837785192354,0.783440867126943,-1.88047551552846,0.868663318643421,-2.16479212966558,0.0304036078111789,-0.99816953514255,0.871505914441766,-1.14533879644628,0.252068840726781,-0.882305980385915,1.23076617909532,-0.716875386545359,0.473450990471202
0,650239.307217565,0,0.216279105265853,0.0331671634048472,0.40273942976963,0.0000177937602809744,0.0885989503553274,0.0133748985603105,0.63276708821541,0.150755213737737,43.8810296070978,4.19731478949849,0.000129563348720562,0.0483522844435162,0.0391044043646218,85922.5547543877,1.23649203278138,0.216279105265853,-1.33874337659554,0.610907846948099,49.3996885553343,-2.1913998703462,0.0331671634048472,0.52901903486114,0.627121849289797,52.4928795490325,0.843566581933388,0.40273942976963,0.672536337589307,0.158323881142949,4.24785151004529,0.0000215830364154711,0.719322385271907,0.158304332511202,4.5439210276889,0.00000552173518426981,-0.0467860476825997,0.0884581634487152,-0.528905935399898,0.596870704370004,-1.86776241145668,0.874072923843197,-2.13684963863695,0.0326102232631932,-0.8097243417344,0.876913306115851,-0.92338015182019,0.355809131489039,-1.05803806972228,1.25424369857959,-0.843566581933388,0.398911644956872
0,650218.51683661,0,0.0357683979974981,0.0419582357582741,0.334742752151642,0.0000513045046835819,0.0808888210934025,0.0178487073258482,0.647634594958284,0.151187636630719,43.511628749777,4.28364785237137,0.0000997990446854256,0.0820924092623355,0.0390993767927371,85918.8690677505,2.09958357386363,0.0357683979974981,-1.25723213970886,0.602116142077573,49.539309770331,-2.08802264521731,0.0419582357582741,0.619243290409453,0.636026597165919,52.1607334057806,0.973612256419384,0.334742752151642,0.65407480208143,0.158739329016781,4.12043320412601,0.000037816069240249,0.759827490028567,0.158719837737558,4.78722446330203,0.00000169103668127267,-0.105752687947137,0.0890165904624862,-1.18801099208247,0.234829079100028,-1.87647543011831,0.874408806897886,-2.14599328748234,0.0318735142419262,-0.637988849299404,0.877243751830179,-0.727265196210721,0.467063514282679,-1.2384865808189,1.27205319433184,-0.973612256419384,0.330249098436856
0,650289.581678539,0,0.00605252948410068,0.044839817360519,0.216814362333397,0.0000876891317719503,0.078775672479179,0.0290293248651649,0.647210323087565,0.15250503371692,45.1553574193494,4.24386203729458,0.000107835014528268,0.107371732305724,0.039115526349402,85920.6805058623,2.74499009285005,0.00605252948410068,-1.2490068514365,0.606812918938501,49.5442528935682,-2.05830629582078,0.044839817360519,0.771820630428082,0.617385082756538,52.2744750467196,1.25014460502028,0.216814362333397,0.635181775862542,0.159873916705586,3.97301691827725,0.0000709680063837027,0.77709582987224,0.159854451463765,4.86127112980891,0.00000116634375545948,-0.141914054009698,0.0878631611739317,-1.61517127444082,0.106273609410008,-2.02082748186458,0.864248131875098,-2.33824917559282,0.0193743258608182,-0.477186221008421,0.867091508753443,-0.550329712828624,0.582093248107443,-1.54364126085616,1.23477016551307,-1.25014460502028,0.211246728158345
0,650436.072785617,0,0.00176063564564002,0.0449071540148781,0.195238660643889,0.000113870658480171,0.0787082381292351,0.0318876590323986,0.644486553099696,0.153276653487838,45.9575238582017,4.20472745479686,0.000119479336298712,0.122455987640845,0.0391484297451822,85915.2124438539,3.12799232147785,0.00176063564564002,-1.22421617205325,0.594967612328269,49.5571783891686,-2.05761817397515,0.0449071540148781,0.812123228079536,0.618975088907975,52.2637588615263,1.31204509298156,0.195238660643889,0.618105607022935,0.160529194542441,3.85042489489049,0.000117913085446854,0.786385196870437,0.160509709675216,4.89929985208778,0.000000961787684574396,-0.168279589847502,0.0880068989081704,-1.91211816272598,0.0558610397216818,-2.03633940013278,0.857132566417778,-2.37575782313729,0.0175129528062946,-0.412092943973711,0.859975002196309,-0.479191770599445,0.631802208147239,-1.62424645615907,1.23795017781595,-1.31204509298156,0.189504920284374
0,650450.038720984,0,0.00272297469069449,0.0312027396577736,0.228724715736555,0.000104570706701965,0.0901670599256994,0.0276524640614072,0.633639476098225,0.152081623326612,46.4298071251231,4.16644340215526,0.000133323771373678,0.117356136951828,0.0391515698490611,85912.7834120167,2.99748228242864,0.00272297469069449,-1.307184095584,0.589499810496929,49.6157908373291,-2.21744616759432,0.0312027396577736,0.755798538694494,0.620550967540412,52.1608743910982,1.21794756309887,0.228724715736555,0.613615415676156,0.159357595427486,3.85055644213317,0.000117849766108282,0.777010132187943,0.159337949263608,4.8764913555054,0.0000010798941833911,-0.163394716511788,0.0881107100767617,-1.85442514728844,0.0636783598470323,-2.06298263427849,0.854495569506258,-2.41426955024531,0.0157667933100036,-0.551385556889501,0.857335629422156,-0.643138507215821,0.520134230076081,-1.51159707738898,1.24110193508082,-1.21794756309887,0.223243900015025
0,650636.200204932,0,0.00717287420602072,0.0282019301817935,0.288065464649563,0.000084140200036321,0.0937324159055144,0.0216328484155033,0.645488162225749,0.15174812697996,46.6295502572563,4.25368124847429,0.00010032016648335,0.105384306314652,0.0391941823085462,85914.9184529855,2.68877420340194,0.00717287420602072,-1.34633497810228,0.595486988423251,49.4229131305566,-2.26089739033115,0.0282019301817935,0.66727669856431,0.621683543032738,52.1028323673495,1.0733382056555,0.288065464649563,0.635106597358348,0.159102770695679,3.99180098863984,0.0000655733924968529,0.782910621132641,0.15908308107891,4.92139463117572,0.000000859296624127648,-0.147804023774293,0.0882338257713464,-1.67514014588146,0.093906737802654,-2.01361167666659,0.859445105747444,-2.34292063937625,0.0191334524304474,-0.679058279537971,0.862290248306811,-0.787505461033993,0.430986032846772,-1.33455339712862,1.24336708606547,-1.0733382056555,0.283119399145735
0,650969.134611692,0,0.011467752873124,0.030168129431554,0.301191357446059,0.0000743847396842776,0.0917580929064904,0.0205038630282588,0.64652602570677,0.151970586212023,48.3587842149363,4.25428394942665,0.0000956742795892917,0.0992824184666111,0.0392705129940085,85920.2224886576,2.52816708765069,0.011467752873124,-1.36516418152673,0.611552571997262,49.3241186754581,-2.23229243737502,0.030168129431554,0.642374446439534,0.615153675862974,52.0926320701746,1.04425035831636,0.301191357446059,0.641959820613423,0.15940120944474,4.02732088953172,0.0000564160136998137,0.77990985862132,0.159381492125758,4.89335272382781,0.000000991325046264236,-0.137950038007897,0.0879196575176188,-1.56904658074052,0.116637085612018,-2.00753862796626,0.865986881616205,-2.3182090521043,0.0204379623138483,-0.722789735087195,0.868842855386995,-0.83189926763598,0.405465805279731,-1.28474889287907,1.23030735172595,-1.04425035831636,0.296369573587324
0,651137.791796376,0,0.0130508557359102,0.0190883910952768,0.218251645144422,0.0000717185881817587,0.106986058884454,0.0289983111221382,0.622120319322438,0.151295753642947,48.546436644795,4.1119483154208,0.000150778191111413,0.0975821007039592,0.0393091005822391,85919.3994138986,2.48243025809777,0.0130508557359102,-1.48016953832167,0.610656373975508,49.0410979481963,-2.42389926872529,0.0190883910952768,0.769017835878433,0.617058006741756,52.0077567043993,1.2462650633756,0.218251645144422,0.630655484948244,0.15877071307308,3.97211471021084,0.0000712373990440507,0.753254748958473,0.158750882303373,4.74488543326017,0.000002086243787514,-0.122599264010229,0.0880871640098963,-1.39179488167488,0.163984520341626,-2.2491873742001,0.866706614996408,-2.59509658203015,0.00945643419310613,-0.711151702443236,0.869564963095635,-0.817824696974393,0.413457293752493,-1.53803567175686,1.23411601348351,-1.2462650633756,0.21266709951626
0,651378.656134711,0,0.0117644156239898,0.00987675899899805,0.222563293275161,0.0000738599917631604,0.128441051915599,0.0285709411555209,0.600006774414694,0.151654633895119,49.627759170747,3.95640251144351,0.000242131439818921,0.0991654114529208,0.0393640532067468,85917.0749416423,2.51918700881962,0.0117644156239898,-1.63035538127411,0.607229396269913,48.9161084594872,-2.68490852269184,0.00987675899899805,0.761622032038876,0.616917868921639,51.8216028882194,1.23455985051977,0.222563293275161,0.613695501809849,0.159088303319667,3.85757776658607,0.000114516250018027,0.740159259353713,0.15906841610036,4.65308750472959,0.00000327001394545216,-0.126463757543864,0.0881490197259755,-1.43465869429967,0.15138438014304,-2.39197741331298,0.864197838871197,-2.76785859177494,0.00564259325344467,-0.868733349235231,0.867059679992459,-1.00193028148049,0.316377266225308,-1.52324406407775,1.23383573784328,-1.23455985051977,0.216994359209457
0,651403.224671536,0,0.00926010665015301,0.00889337385659813,0.214728684250337,0.0000788175173511827,0.131869657304903,0.0295894427618505,0.590270409408939,0.14956401450186,51.0778172037019,3.94660715262894,0.000243019075716956,0.102454637078389,0.0393699256964231,85916.596759661,2.60235789796517,0.00926010665015301,-1.65555474934908,0.607513597962505,48.8894494762867,-2.72513200511317,0.00889337385659813,0.775854471139959,0.617678905655171,51.7432520664263,1.25608056878195,0.214728684250337,0.602530314465593,0.157106287775583,3.83517631914434,0.000125474249498308,0.734229542637314,0.157086139022432,4.67405684044767,0.00000295307543599352,-0.131699228171721,0.0882036790112113,-1.49312624652518,0.135404143349237,-2.43140922048903,0.864939442283064,-2.81107451184232,0.0049376349674449,-0.879700278209117,0.867801685631281,-1.01371118859856,0.310720583659068,-1.55170894227992,1.23535781131034,-1.25608056878195,0.209086760371885
0,651579.009695219,0,0.0220772041367808,0.00991957684523588,0.170788670680868,0.0000609835835999754,0.128842500235852,0.0358024692633671,0.573823256152063,0.146331105188449,51.4884705778265,3.92140314537418,0.000261424639267477,0.0902141378009889,0.0394106783107423,85917.564808389,2.28907853576321,0.0220772041367808,-1.63201349049278,0.608113912779921,48.6984507941368,-2.68372990026199,0.00991957684523588,0.83749489234754,0.602991285888899,51.951165660619,1.38890048985193,0.170788670680868,0.600121189231186,0.153912841942092,3.89909757794593,0.0000965518618192194,0.701522995486501,0.153892161796599,4.55853623275312,0.00000515113787262992,-0.101401806255316,0.0873494067699846,-1.1608757289255,0.245692440478851,-2.46950838284032,0.854954046446564,-2.88846914416548,0.00387122007895848,-0.794518598145242,0.857820273724951,-0.926206365693794,0.354338745012367,-1.67498978469508,1.2059825717778,-1.38890048985193,0.164863011566579
0,651736.811096713,0,0.129336031705439,0.00998224985121828,0.139735704666308,0.0000267761128400751,0.128695983657453,0.0414612176933895,0.541844527779751,0.142282975358395,51.4235384651975,3.80821757778754,0.000374660716463101,0.0598310208097965,0.039447118560948,85913.8331523963,1.51673995446218,0.129336031705439,-1.59715039712398,0.595650330796365,48.6758534938327,-2.68135567890754,0.00998224985121828,0.881468924984134,0.587757418129127,51.9978528644371,1.49971552513946,0.139735704666308,0.598955434419548,0.149829569693302,3.99757828608597,0.0000639938297252032,0.635441593276399,0.1498081439029,4.24170259854676,0.000022183051603843,-0.0364861588568513,0.0864740175123663,-0.421932042785379,0.673074620844781,-2.47861932210811,0.835381474192282,-2.96705086081141,0.00300671216987061,-0.715681472139849,0.838244588925927,-0.853785973204882,0.393223587814967,-1.76293784996827,1.17551483625825,-1.49971552513946,0.13368810726089
0,652036.712433956,0,0.267893342658261,0.0122355731423027,0.0946378808829211,0.0000142875242111966,0.121760112485122,0.052742111232528,0.51314560370555,0.137979421644322,50.891716683459,3.71900097558254,0.000499440046247494,0.0437818786002232,0.0395166781757935,85914.1584196089,1.10793418428178,0.267893342658261,-1.55031161389302,0.595820213124841,48.8332527288741,-2.60197888514431,0.0122355731423027,1.00870059099341,0.592502090307024,52.0541665515223,1.70244224871969,0.0946378808829211,0.590098610425243,0.145800923382065,4.04728993985118,0.0000518140449454054,0.582480836296396,0.14577887269653,3.99564645769319,0.0000645179563032156,0.007617774128847,0.0868506790788343,0.0877111636851146,0.930106246486023,-2.55901220488642,0.838838529139063,-3.05066126077071,0.00228338024748537,-0.541611022899612,0.841707092048331,-0.643467339192282,0.519920900936415,-2.01740118198681,1.18500418061405,-1.70244224871969,0.0886724958136314
0,652373.765427466,0,0.573784256655957,0.0158171556147231,0.0925627901301977,0.0000036823192944986,0.112981403437226,0.0530771024249151,0.465139312980745,0.136558452779898,49.9995850645369,3.40615541192787,0.00130780521754866,0.0222718932602655,0.0395952401604618,85922.1760549898,0.562489157030174,0.573784256655957,-1.54656070736372,0.618661360140318,49.0629570645743,-2.49985017168835,0.0158171556147231,1.02540285119797,0.598478742100121,52.3719803168138,1.71334882772901,0.0925627901301977,0.564213353396373,0.144732067492087,3.89832994976888,0.0000968583825040117,0.511999574314283,0.144709908447939,3.53811000093666,0.000403002130205437,0.0522137790820894,0.0873089906360077,0.598034391438212,0.549816985695857,-2.57196355856169,0.859325320365659,-2.99300334530731,0.00276246721223837,-0.521157856165748,0.862204941026945,-0.604447772643257,0.545545982437974,-2.05080570239594,1.19695748420024,-1.713348827729,0.0866483844945452
0,652484.388489473,0,0.922299161960832,0.0169174902012253,0.112726554355983,0.000000110715627429094,0.110592523518566,0.0470976095218928,0.41322468260748,0.133487420110782,48.9814519658757,3.09560767797101,0.00324454810158888,-0.00386464427709518,0.0396218202330193,85929.2913948725,-0.0975382820467832,0.922299161960832,-1.58479023611803,0.640932009384432,49.1693716482072,-2.47263393451063,0.0169174902012253,0.969782840466744,0.60123308538403,52.6396265480772,1.61298981051135,0.112726554355983,0.537614772935152,0.142085287014317,3.78374696094312,0.000154484887463416,0.438376252963153,0.142062828772139,3.08579138365804,0.00203011202190117,0.0992385199719994,0.0875058851680918,1.1340782369251,0.256761731620093,-2.55457307658477,0.87735064423425,-2.91168997637701,0.00359479232628143,-0.615007395651288,0.880230636986509,-0.698688922890461,0.48474645801355,-1.93956568093348,1.20246617076806,-1.61298981051135,0.106746721541346
0,652716.814139434,1,0.692257120142168,0.0124519196006107,0.101921402525996,0.00000182288646485249,0.120397085605254,0.0497326874490714,0.38811454709364,0.130315858782868,50.4878199857198,2.97826028787729,0.00444576179673515,-0.0157034893130694,0.0396757978861095,85937.0766768617,-0.395795173625663,0.692257120142168,-1.65546812053101,0.638088683231962,49.1756653443331,-2.59441698941588,0.0124519196006107,1.01474512576987,0.609639799545449,52.9384458110822,1.66449947415911,0.101921402525996,0.529799416822269,0.139168269910635,3.80689806061736,0.0001407207145178,0.402640541308084,0.139145348944557,2.89366870227561,0.00380769682143963,0.127158875514185,0.0880900525995385,1.4435100418461,0.148876845775228,-2.67021324630087,0.881062813657598,-3.03067296100705,0.00244009386344076,-0.640722994761142,0.883947975905133,-0.724842425375841,0.468548705191177,-2.02949025153973,1.2192795990909,-1.66449947415911,0.0960126560596559
0,652913.398742778,1,0.698325423118036,0.0133777334858348,0.0761128737648745,0.00000174807607920265,0.117785675871823,0.0579076036136201,0.363497243812859,0.127021908604351,50.5315141695733,2.86168935585029,0.00611576645312361,-0.0153953189834776,0.0397213213194742,85934.7703630128,-0.387583254334738,0.698325423118036,-1.6095415679744,0.627269719099577,49.3148112699793,-2.56594813836198,0.0133777334858348,1.11324888546508,0.615423722192199,53.234597959079,1.80891448496588,0.0761128737648745,0.507354550010958,0.136040731551843,3.72943120948754,0.000191912488887052,0.371517147309939,0.136017254579189,2.73139719265281,0.00630664139384206,0.135837402701019,0.0885066561736159,1.53477047460203,0.124840217708737,-2.72279045343948,0.877311110420324,-3.10356317285777,0.00191205409739325,-0.496292682509316,0.880200279598556,-0.563840632651999,0.572862596051931,-2.22649777093016,1.2308474443844,-1.80891448496588,0.0704642897111336
0,653077.557826767,1,0.88993831239945,0.0224818258045194,0.0673892489787962,0.000000222827439908328,0.1011525317775,0.0612899436903227,0.334094180638467,0.122884666002337,50.5449745325034,2.71876216542845,0.00895599697518917,-0.00550208933416521,0.0397599577513627,85939.8673635897,-0.138382675569534,0.88993831239945,-1.50190559293965,0.637441495436725,49.3303104662286,-2.35614656982859,0.0224818258045194,1.12276660927787,0.601358358412859,53.3893362266623,1.86705080850816,0.0673892489787962,0.463429011657883,0.13215567130168,3.50669030767498,0.000453716866441175,0.346479970707654,0.132131484299052,2.62223627128466,0.00873548474941386,0.116949040950229,0.0876923242997495,1.33362916177788,0.182325420897745,-2.62467220221751,0.874889155156149,-3.00000541411336,0.00269974807459052,-0.379138983661774,0.877779036469536,-0.431929868348973,0.665792385652932,-2.24553321855574,1.20271671682572,-1.86705080850816,0.0618944929208839
0,653244.157226759,1,0.98242824387009,0.0275313326378817,0.107477691101071,0.00000000564439041051292,0.0947779462699627,0.0477974580735044,0.338766900972572,0.120471741212765,50.5301949029259,2.81200302711883,0.00699202004020546,0.000876560874320559,0.0397988571677642,85942.0904153712,0.0220247749985782,0.98242824387009,-1.45856770577583,0.642168112693388,49.2723806596557,-2.27131755212554,0.0275313326378817,0.972729731603308,0.594156284371964,53.3958526912443,1.63716139539196,0.107477691101071,0.452599608276049,0.129898487040091,3.48425619565809,0.000493506849303991,0.36256542837123,0.129873845729568,2.7916739227557,0.00524361687969698,0.0900341799048191,0.0873052699507153,1.03125710458996,0.302420268115878,-2.43129743737913,0.873426218137722,-2.78363230561481,0.00537539339580606,-0.485837974172516,0.876316034263555,-0.554409545388278,0.579298594935622,-1.94545946320661,1.18831256874393,-1.63716139539196,0.101596750978771
0,653338.732783177,1,0.65080322064994,0.0218282469149116,0.2195569442083,0.00000238408230619455,0.102229207885256,0.0280182720283661,0.338953861980585,0.119975633990401,50.5101142577107,2.82518917139213,0.00674967927337672,-0.0180247487280889,0.0398206561677812,85940.7885552821,-0.452648209817113,0.65080322064994,-1.50688450933256,0.636228700615294,49.2633453296579,-2.36846358530393,0.0218282469149116,0.716497411281069,0.576771722119093,53.5350342829777,1.24225474967569,0.2195569442083,0.461878368785278,0.129202997350654,3.574827041603,0.000350459496107399,0.358219789498342,0.129178038693613,2.77307035407137,0.00555301139428105,0.103658579286935,0.0862955214610785,1.20120462257926,0.229671836724433,-2.22338192061363,0.857307082098679,-2.59344868022181,0.00950187189414524,-0.790387098051489,0.860191679121081,-0.918849969415054,0.358174051608002,-1.43299482256214,1.15354344423818,-1.24225474967569,0.214142585070396
0,653543.135383487,1,0.654823742479672,0.0160482274860523,0.314507929884883,0.00000232572731961465,0.112152652499539,0.0189164864908885,0.323148318691555,0.122131117727431,50.4615239621065,2.64591305397491,0.0108361275968866,-0.0178238094542871,0.0398678157023127,85940.202554196,-0.447072635917026,0.654823742479672,-1.59159762754355,0.638238753948619,49.2299025568779,-2.49373391649558,0.0160482274860523,0.58481940478146,0.575973726459897,53.4692023882145,1.0153577809459,0.314507929884883,0.443656070138895,0.131226869095657,3.38083254745258,0.000722665689245837,0.352824577050803,0.131202194769878,2.68916672979167,0.00716306322440246,0.0908314930880919,0.086309754774944,1.05238965543279,0.292620812798333,-2.176417032325,0.858261277027073,-2.53584437581046,0.0112176572568219,-1.00677822276208,0.861148338896282,-1.16911126374865,0.242358806345631,-1.16963880956292,1.15194745291979,-1.0153577809459,0.309935310423845
0,653773.549581096,0,0.879313600492816,0.0140869308364142,0.399134481385629,0.000000268307070086322,0.115896055535111,0.0133359588728435,0.310550349163786,0.124419012475717,48.2476437497956,2.49600397065036,0.0160298155202644,-0.00606157149300066,0.0399208188884921,85928.9188668027,-0.151839858544285,0.879313600492816,-1.60330402118985,0.629900728492478,49.4222161022789,-2.54532809483645,0.0140869308364142,0.498009792698377,0.585916273504729,53.4502446742957,0.849967504263828,0.399134481385629,0.415752472568383,0.133373314696925,3.11720881731949,0.00182572203166996,0.356636857178521,0.133348959529139,2.6744629912211,0.00748490370431277,0.0591156153898618,0.0869719664965938,0.679708850692447,0.49668883076656,-2.10131381388823,0.858825035831955,-2.44673097105589,0.0144158397814569,-1.10529422849147,0.861722213044483,-1.28265723194769,0.199612189682603,-0.996019585396752,1.17183254700946,-0.849967504263828,0.395343153141935
0,653800.568475114,0,0.965087456447636,0.0137787619448554,0.461046272262025,0.0000000222977508976402,0.116604375849943,0.0102113340658762,0.325575766202202,0.125770445225865,48.652722807724,2.58865082029022,0.0126703246642278,0.00174759645261542,0.0399263678517568,85921.456915334,0.04377048418489,0.965087456447636,-1.55631768402822,0.609345030382116,49.4208661420545,-2.55408283719367,0.0137787619448554,0.440483459381947,0.593257300187405,53.4358866031764,0.742482998932843,0.461046272262025,0.418037785708414,0.134497468130867,3.10814613477825,0.00188264951798383,0.379968722021005,0.13447322755998,2.8256087023086,0.00471908729615393,0.0380690636874098,0.0874242402117687,0.435452039333653,0.663234344317105,-1.99680114341016,0.84899383551003,-2.35196188699131,0.018674688290212,-1.11583422464627,0.851892392159964,-1.30983001481805,0.190253346879144,-0.880966918763892,1.18651460037481,-0.742482998932843,0.457794748648552
0,653837.166517855,0,0.952385371522695,0.0142604901329032,0.351650916378666,0.0000000414955952005409,0.115065282224916,0.0162234492342067,0.33243360212084,0.12822753093639,49.1364899375992,2.59252907463179,0.0125145359563906,0.00238457177037903,0.0399347321346985,85924.5425603007,0.0597117256811928,0.952385371522695,-1.57344340672877,0.619440964522835,49.6214368365206,-2.54010228067629,0.0142604901329032,0.553562156414197,0.589156166246845,53.5334462624212,0.939584762289097,0.351650916378666,0.430401725914212,0.136859915279208,3.14483408115627,0.00166181049358216,0.382936446075125,0.136836081492418,2.79850491112129,0.00513397886981714,0.0474652798390865,0.0871863644547979,0.544411733829033,0.586158173041132,-2.12700556314297,0.85342449561352,-2.49231838794817,0.0126912215436385,-1.01988125031458,0.856324017996765,-1.19099923496298,0.233653885213888,-1.10712431282839,1.17831233249369,-0.939584762289097,0.347430595351057
0,654153.10793329,1,0.732664955891303,0.00958186038843238,0.306293189704427,0.00000135779242213156,0.1273658605029,0.0195882498124822,0.322859562539659,0.133786416488876,50.455188609332,2.41324620998803,0.0194831557513954,0.0136661072796773,0.0400080646751013,85933.1227126666,0.341583812930154,0.732664955891303,-1.70024879268244,0.630958782248505,49.7510368840215,-2.69470659655989,0.00958186038843238,0.616056099058084,0.596417523472891,53.4013955259506,1.03292756301129,0.306293189704427,0.418477344151267,0.142268744276897,2.94145665148197,0.00326672561196061,0.3876781732265,0.142245736874423,2.72541154304505,0.00642213823976747,0.0307991709247671,0.0877153459091772,0.351126369115131,0.725493546155092,-2.31630489174052,0.866774670600799,-2.67232646534882,0.00753273243381515,-1.08419269362435,0.869682335573731,-1.24665369098144,0.212524505758147,-1.23211219811617,1.19283504694578,-1.03292756301129,0.301637798780423
0,654328.637449551,0,0.504120390855196,0.00620606392003676,0.306720054668677,0.00000519343439690533,0.141023744297437,0.0197179549556311,0.299331735959162,0.135746483474056,48.9379425366616,2.2050791173266,0.0321784063877398,0.0267535619587467,0.0400488339897747,85926.3899456204,0.668023492658425,0.504120390855196,-1.83205298226939,0.640980276281915,49.7594583162373,-2.85820492464517,0.00620606392003676,0.639999591527234,0.620099936441124,52.9572223466338,1.03209104519558,0.306720054668677,0.389210280495345,0.144436211729282,2.69468629670823,0.00704549285071716,0.382326698076787,0.144413670282454,2.64744118288115,0.00811034668162809,0.00688358241855804,0.0892098785943673,0.0771616610964951,0.938494940692533,-2.47205257379662,0.89038288422452,-2.7763927379957,0.00549657681909334,-1.19205339074215,0.893295925767868,-1.33444400266068,0.182058387235593,-1.27999918305447,1.24019987288225,-1.03209104519558,0.302029468422969
0,654508.182901316,0,0.364053432134042,0.00964141416673936,0.321091322831958,0.00000958746699265022,0.127330108565319,0.018663326623907,0.305717136336039,0.137021463728284,49.0902146533567,2.23116238885231,0.0302701246319233,0.0363894242779937,0.0400908859200577,85931.2277810446,0.907673239013853,0.364053432134042,-1.78436836708772,0.662723659853626,49.6847332969427,-2.69247723475246,0.00964141416673936,0.625263923410321,0.624241918351984,52.753327443598,1.00163719389597,0.321091322831958,0.383014812768594,0.145894045296135,2.62529434968475,0.00865740890162309,0.39679342057272,0.145871781791477,2.72015201089362,0.00652519120631063,-0.0137786078041256,0.0895147507892025,-0.153925556208861,0.87766843329647,-2.40963229049804,0.908971961515406,-2.65094237503298,0.00802675349770998,-1.1591044436774,0.911883335243019,-1.27111045775224,0.203689355443084,-1.25052784682064,1.24848383670397,-1.00163719389597,0.316518850455513
0,654661.991886889,0,0.0402039810311576,0.011798679703367,0.29392137583633,0.0000489823094287166,0.121124908212842,0.020917695573151,0.306479436167346,0.137488282468742,48.8381971636978,2.22913131696895,0.0304382108650402,0.082327549526614,0.0401269330752027,85932.5920066848,2.05167809292383,0.0402039810311576,-1.75349268305611,0.670649336857783,49.603304825729,-2.61461927521141,0.011798679703367,0.662320270088563,0.62474423989082,52.6062004268332,1.06014626113929,0.29392137583633,0.33813059268025,0.146421312954447,2.30929900748428,0.0209269947021569,0.440288794140333,0.146399110036417,3.00745540072485,0.00263444778090057,-0.102158201460082,0.0895901310506349,-1.14028409448742,0.254167962101641,-2.41581295314467,0.915099707166275,-2.63994506197095,0.00829194677143713,-1.09117241296754,0.918011068862069,-1.18862664076602,0.234586619686118,-1.32464054017712,1.24948847978164,-1.06014626113929,0.289078064550663
0,655007.748314871,1,0.00722990682473628,0.0211321436343536,0.306773333389988,0.0000839515669015876,0.102748532928135,0.0198956804223009,0.296070906264023,0.138069079565165,50.418038474929,2.14436792941961,0.0368473355012649,0.108002668660628,0.0402075512628409,85938.6361503864,2.68612897996707,0.00722990682473628,-1.58154809908317,0.664118483129631,49.5236016831796,-2.38142460910015,0.0211321436343536,0.64881468209891,0.628654267449867,52.4724217896808,1.03206916057505,0.306773333389988,0.293297354562522,0.146947315846492,1.99593543354622,0.0459409512040388,0.448080188851155,0.14692508139909,3.04971884027101,0.00229055688419026,-0.154782834288633,0.0899361495692636,-1.72103025346252,0.0852453341955834,-2.23036278118207,0.913011118271886,-2.44286486390617,0.01457119227605,-0.932733416984256,0.915931107205437,-1.01834451264581,0.308514261546135,-1.29762936419782,1.25730853489973,-1.03206916057505,0.30203971965718
0,655331.002866167,1,0.0205484192313709,0.035011806367936,0.399896904761849,0.0000624281963373696,0.0869300884333423,0.0137095871596168,0.311935603572648,0.140178020612181,50.4175592050297,2.22528183955212,0.0305639225175901,0.0933033259795615,0.0402825259572957,85931.6119769697,2.31622331922467,0.0205484192313709,-1.40050232119701,0.646005679708668,49.3661096467131,-2.16794118873475,0.035011806367936,0.557938632452194,0.657327827915151,51.8309614430554,0.848798132009427,0.399896904761849,0.311032049463326,0.149036538716547,2.08695164381722,0.0368925058825903,0.444991311405287,0.149014568690454,2.98622688584001,0.0028244300371802,-0.133959261941961,0.0918347999529128,-1.45869824958128,0.144648178096444,-1.9584409536492,0.920168203365586,-2.12835104113145,0.0333079891559787,-0.842563688744817,0.923090949283959,-0.912763459980182,0.361366959872201,-1.11587726490439,1.3146556558303,-0.848798132009427,0.395993629787301
0,655384.36919244,1,0.0194182609727637,0.0570794556843056,0.382026643639363,0.0000635782669392843,0.0715384239346245,0.0149260008163091,0.335099419476888,0.138540380166557,50.3864405923953,2.41878518792876,0.0192252521548979,0.0941875068378524,0.0402950422003575,85930.4477015783,2.33744653671108,0.0194182609727637,-1.2585806685729,0.645968914286024,49.2678309802621,-1.94836104453104,0.0570794556843056,0.60356864861765,0.684516065867154,51.3111147233737,0.881745044001329,0.382026643639363,0.328768619156596,0.147771772308503,2.22484046865342,0.0260919496056207,0.460190569900909,0.147749739514773,3.11466247867663,0.00184155501472038,-0.131421950744313,0.0935973938551782,-1.40411976585224,0.160283188655028,-1.86214931719055,0.939733897689864,-1.98157086997526,0.0475272901555028,-0.655012019955247,0.942643287166907,-0.694867325607199,0.487138451060418,-1.2071372972353,1.36903213173431,-0.881745044001329,0.377914696412591
0,655537.283749708,1,0.0173763402974338,0.0610225265344803,0.375204304952616,0.0000658414336555873,0.0692502369739087,0.015367782080264,0.350444206772163,0.134596870075593,50.3881457808791,2.60365791994528,0.0120870043967262,0.0959356231731972,0.0403312443170623,85930.7663821938,2.37869237108093,0.0173763402974338,-1.23457997450831,0.64399344304952,49.3954829314546,-1.91706916868931,0.0610225265344803,0.61929213482737,0.69228929976069,51.2718206352605,0.894556849342387,0.375204304952616,0.341974769219745,0.144148123839031,2.37238446198318,0.0176736897039236,0.47540927600301,0.144125567844242,3.29857695004394,0.000971762415925346,-0.133434506783265,0.0941483430729371,-1.41727939577113,0.156401256757428,-1.85387210933568,0.944056960249095,-1.96372908351475,0.0495615179629142,-0.61528783968094,0.946963840024039,-0.649747977351828,0.515855027643394,-1.23858426965474,1.38457859952138,-0.894556849342387,0.371024027333191
0,656130.020498005,1,0.0490044688456646,0.0720618952228566,0.387048949210274,0.0000450978689503876,0.0636472296532785,0.0147469936245458,0.359952184003013,0.132457613918721,50.4259599766516,2.71748956782423,0.00899208987799319,0.079669384474478,0.0404704689657901,85927.2362149534,1.96858070861059,0.0490044688456646,-1.16429234853232,0.633497509615534,49.6928903160905,-1.83787991406458,0.0720618952228566,0.610886318513516,0.700174779408677,50.8571650196409,0.872476896453529,0.387048949210274,0.364036207339129,0.142150706474916,2.56091732757845,0.0104396195444818,0.465731414082012,0.142127674559016,3.27685241827148,0.00104971221389713,-0.101695206742883,0.0948358948001193,-1.07232822505889,0.283572633576196,-1.77517866704583,0.942769897741487,-1.88293948639904,0.0597085692331141,-0.553406030018804,0.945680999455231,-0.585193136308755,0.558417859503358,-1.22177263702703,1.40034955881735,-0.872476896453529,0.382948266650938
0,656458.888654002,1,0.131651553798482,0.11198281271877,0.457775603144705,0.0000264533788562499,0.0499578877426702,0.0110109578577346,0.371334203796888,0.132659576090872,50.4890040538272,2.79915114113228,0.00723870377914474,0.0611308438276149,0.0405474993373476,85921.1319836254,1.50763536165369,0.131651553798482,-1.00346930155256,0.620193037252184,49.7843909280137,-1.61799511003625,0.11198281271877,0.531402808037421,0.710164368403108,50.2916995697121,0.748281428470349,0.457775603144705,0.382619039651546,0.142328418247797,2.68828280649755,0.0071820541012558,0.454737271980875,0.142305289783467,3.19550504884819,0.00139586340705612,-0.0721182323293284,0.0955894140955271,-0.754458357253421,0.450574041387651,-1.53487210958998,0.94139988238526,-1.63041459671847,0.103013901707953,-0.472066493515139,0.944304997686638,-0.49990892208726,0.617139209662351,-1.06280561607484,1.42032873680621,-0.748281428470349,0.454290424019623
0,656507.506698394,1,0.326263431055986,0.158266106717148,0.531809883263277,0.0000112164849091975,0.0397456547925284,0.00784439429306065,0.367101215647499,0.134520336989456,50.5113275317597,2.72896443662844,0.00872029082813771,0.0398150471318699,0.0405583346847775,85915.7115674968,0.981673617551498,0.326263431055986,-0.877970611793226,0.612879147430578,49.580042259221,-1.43253464483824,0.158266106717148,0.460804339695527,0.731890922124467,50.137280698957,0.629607945345114,0.531809883263277,0.390449931442796,0.144237395448766,2.70699516049905,0.00678952471222455,0.426598279897098,0.14421457880971,2.9580801290554,0.00309561643315693,-0.0361483484543029,0.097049353599091,-0.372473871424544,0.709540062341342,-1.33877495148875,0.953170249204104,-1.40454966214758,0.160155234163425,-0.417166272097699,0.956052727896873,-0.436342327075811,0.662588376192588,-0.921608679391052,1.46378184424893,-0.629607945345114,0.528951123918229
0,656544.194476618,1,0.526578483876741,0.111022958614815,0.512904141623254,0.00000466718146040638,0.0504042284837425,0.0085987846640645,0.349930649257773,0.131113800078859,50.5360711664336,2.66890784225081,0.01020428885411,0.0256889040020784,0.0405673929822485,85917.2246531733,0.633240198928221,0.526578483876741,-0.995103696196775,0.613291419242359,49.5992035199928,-1.62256256157325,0.111022958614815,0.482199084928882,0.73169439666221,50.0732383465622,0.659017052923383,0.512904141623254,0.393941288509696,0.141068539739818,2.79255239500082,0.00522939978299442,0.399818531015111,0.141045249453242,2.83468271753211,0.00458712180418738,-0.00587724250541501,0.0970468653891022,-0.0605608690383831,0.95170893827625,-1.47730278112565,0.953283888993614,-1.54969867652463,0.121213855953277,-0.512904611267892,0.95616731644183,-0.536417217413952,0.591670234688606,-0.964398169857763,1.46338879332442,-0.659017052923382,0.509884818170214
0,656686.137073119,1,0.985439197984621,0.055322176199909,0.589900673338225,0.00000000387647578512207,0.0722149559244028,0.00585822406874668,0.332153382566305,0.127442901635902,50.5188469068842,2.60629174557913,0.0119978452629641,-0.0007409914313872,0.0406015467370424,85921.9525438513,-0.0182503251953986,0.985439197984621,-1.22125108986034,0.622248821004089,49.4882367891732,-1.96264106678367,0.055322176199909,0.398098338181773,0.733848904156616,49.9401421960777,0.542479979089553,0.589900673338225,0.409295716325879,0.137781696426241,2.97061022575657,0.00297208727956124,0.370248959747179,0.137757922946822,2.68767815184107,0.00719507097756669,0.0390467565787002,0.0972297029871445,0.401592881383819,0.68798366965494,-1.61934942804211,0.960702257140719,-1.6855892822212,0.0918749349868017,-0.82315275167857,0.96359057273845,-0.854255712920928,0.392963319887591,-0.796196676363544,1.46769780831323,-0.542479979089553,0.587487896000928
0,656872.924589575,1,0.723017724853386,0.0307435438411248,0.688036961904131,0.00000146201976517523,0.0910009890437577,0.00323749495611713,0.3038436021666,0.126092286682365,50.4879890198614,2.40969221957249,0.0196511640841367,-0.0144061052974016,0.0406458712374933,85922.4034392137,-0.354429733175774,0.723017724853386,-1.38506730703177,0.622759495131007,49.4103965214019,-2.22408059268594,0.0307435438411248,0.29536791719988,0.731378117813972,50.2140566904642,0.403851181769986,0.688036961904131,0.397533094115204,0.136514720991456,2.91201631024162,0.00359103883919232,0.340849807687143,0.136490686187948,2.49723858240256,0.0125164713649742,0.0566832864280604,0.097116681822276,0.583661687821986,0.559447948181631,-1.68043522423164,0.959146983706481,-1.75201012230456,0.0797720673899575,-1.08969938983188,0.962041445901695,-1.13269484851616,0.257342421752641,-0.59073583439976,1.46275623562794,-0.403851181769986,0.686322156974338
0,657036.119908207,0,0.947793647348899,0.0127326605535633,0.599963573714025,0.0000000499048973952162,0.118921358688272,0.00546153621861201,0.270341693149909,0.125454311906179,48.0767002978305,2.15490156569576,0.0362074388345251,-0.00266392412559178,0.0406843190926576,85910.5322304644,-0.0654779085653308,0.947793647348899,-1.57962419745203,0.61107035132229,49.5085197405342,-2.58501201053838,0.0127326605535633,0.378134968939576,0.716483183281639,50.7210746401012,0.527765309448913,0.599963573714025,0.365373222239227,0.135637403507592,2.69374975331768,0.00706531895259946,0.324364354551565,0.135613048414769,2.39183735151727,0.01676426967788,0.0410088676876626,0.0961740854526762,0.426402471046544,0.66981460112146,-1.9577591663916,0.940222962967241,-2.08222862395652,0.0373215919056145,-1.20148922851245,0.943128322281847,-1.27394035374265,0.20268455560223,-0.756269937879151,1.43296636656328,-0.527765309448913,0.597662237561861
0,657233.692012736,0,0.905428983747693,0.00858469141465546,0.514772664725634,0.000000164293100391109,0.131419283644205,0.00838412514171186,0.255988435790048,0.124168269305895,48.5589567642999,2.06162522213633,0.0446176622813002,-0.00483912378708808,0.0407311570258477,85913.3339837407,-0.118806440583488,0.905428983747693,-1.67907799118538,0.613443643976347,49.5157639372726,-2.73713487403925,0.00858469141465546,0.463085826481586,0.70591321369939,50.8986277705981,0.656009573832385,0.514772664725634,0.361895425673529,0.134354778757449,2.69358060070837,0.00706890515542164,0.308520149967348,0.134330145762721,2.29673055303844,0.0216341453855757,0.0533752757061809,0.0955332552768244,0.558708855377289,0.576360434785618,-2.14216381766696,0.93375397953493,-2.29414156685458,0.0217823684202211,-1.21599216470379,0.936673179355229,-1.2982032490146,0.194217501973985,-0.92617165296317,1.41182642739878,-0.656009573832385,0.511817964254688
0,657430.373346326,0,0.628968458284125,0.00711895186409213,0.465127310235951,0.00000271746764275712,0.137900610816799,0.0105030386298731,0.217432021242894,0.121555886145991,48.6278304048415,1.78874119663572,0.0798866646577992,-0.019703027072493,0.040777735869842,85912.0593548887,-0.483180996987741,0.628968458284125,-1.70217862266565,0.606136172095593,49.3015992959925,-2.80824458434927,0.00711895186409213,0.513980738215555,0.698385234117076,51.0273591475538,0.735955906721521,0.465127310235951,0.341694044077788,0.131787099673535,2.59277307812552,0.00952055651979896,0.253788490503603,0.131761922462642,1.92611405298492,0.0540901342862457,0.0879055535741847,0.0950991460028672,0.924356918741776,0.355300517089623,-2.2161593608812,0.923276208385501,-2.4003210964967,0.0163806957790321,-1.18819788445009,0.926200319445102,-1.28287354204537,0.199536383629544,-1.02796147643111,1.39677046823415,-0.735955906721522,0.461757532177725
0,657406.984089367,0,0.318986431502307,0.0097741487961322,0.446639002118747,0.0000115595024674836,0.127957852416133,0.0113642872495531,0.186864628969727,0.121954013507857,48.563393482829,1.53225485242179,0.13194868928677,-0.0406311661224143,0.0407718827543257,85911.8118166678,-0.996548684475542,0.318986431502307,-1.62360811274922,0.603978800727902,49.2481099628702,-2.68818725225536,0.0097741487961322,0.537250652028015,0.700508337160034,51.1707022929027,0.766943979861981,0.446639002118747,0.329445693830312,0.132156784591085,2.49283981030313,0.0126726004724491,0.197488100549375,0.132131717422057,1.49463054293433,0.135010890416337,0.131957593280937,0.0952312263492498,1.38565466748268,0.165852376777795,-2.16085876477724,0.923472310095898,-2.33992805323296,0.0192874550417202,-1.08635746072121,0.926392755155718,-1.17267482358344,0.240926231261998,-1.07450130405603,1.40101667432007,-0.766943979861981,0.443114823501723
