convergence_false,convergence_false_message,bic,singular,p_anova_condition,p_anova_pe,p_anova_interaction,effectsize_condition,effectsize_pe,effectsize_interaction,coef_intercept,se_intercept,df_intercept,t_intercept,p_intercept,coef_condition,se_condition,df_condition,t_condition,p_condition,coef_pe,se_pe,df_pe,t_pe,p_pe,coef_interaction,se_interaction,df_interaction,t_interaction,p_interaction,emmean_amc,emmean_se_amc,emmean_z_ratio_amc,emmean_p_amc,emmean_avc,emmean_se_avc,emmean_z_ratio_avc,emmean_p_avc,emmean_diff,emmean_se_diff,emmean_z_ratio_diff,emmean_p_diff,coef_amc,se_amc,z_ratio_amc,p_amc,coef_avc,se_avc,z_ratio_avc,p_avc,coeff_diff,se_diff,z_diff,p_diff
0,"",156658.581961314,1,0.590283046855867,0.100027370193092,0.90582361631547,0.0000152212017443891,0.000179074453115567,0.000283732213149156,0.144745300712203,0.199696703229933,103.452483647869,0.72482569001423,0.470195201818504,-0.0593480406481182,0.110223218083833,19046.3186127586,-0.538435020133232,0.590283046855867,1.2795172313703,0.77790628752076,15105.1938425735,1.64482181452499,0.100027370193092,-0.105091468489871,0.883778572712789,49.821419730525,-0.118911537046309,0.90582361631547,0.175877825328264,0.197982208955096,0.888351666831611,0.374351615617179,0.066059080243372,0.197799531761819,0.333969851470212,0.738402308820675,0.109818745084892,0.213602155921039,0.51412751248395,0.607162843180525,1.38460869986017,1.16206722187207,1.19150482330067,0.233455464274681,1.17442576288043,1.19247863182186,0.984861054563431,0.324692325636004,0.210182936979743,1.76755714542558,0.118911537046309,0.905345441376266
0,"",156638.92942473,1,0.728195527017178,0.258338756553677,0.997262379739946,0.00000634167485333565,0.0000833415554733118,0.000000232346386312229,0.0783842890286056,0.20681298328265,97.5364091168494,0.379010484663229,0.705503898051973,-0.0382818245231809,0.110153381984485,19045.0825590736,-0.34753199432926,0.728195527017178,0.87903373798065,0.777652513096213,15329.9991283586,1.13036828554799,0.258338756553677,-0.00307141270033896,0.890804235454679,51.1653302621103,-0.00344790985279865,0.997262379739946,0.104189337178909,0.205220691063126,0.507694115243285,0.611667876035777,0.0278851379582707,0.205045210987588,0.135995070667408,0.891825177799288,0.0763041992206384,0.213688964269646,0.357080673217889,0.721031412542315,0.882105150680992,1.16716220462766,0.755769118622547,0.449787635006528,0.875962325280314,1.19761580740504,0.7314218131258,0.464521545636581,0.00614282540067793,1.78160847090936,0.00344790985279865,0.997248971412155
0,"",156711.86124731,1,0.874427386061666,0.138528584494271,0.847327883798474,0.00000131143638122033,0.000146651688872146,0.0007382611993912,0.0544600679216125,0.209572229679387,94.8111617469138,0.25986299809344,0.795532924616371,-0.0174419621403777,0.110364607292162,19045.0991225099,-0.15803945275866,0.874427386061666,1.15357388863993,0.778720028288573,14961.5773259083,1.48137179825102,0.138528584494271,0.169305002432274,0.874886679382802,50.6880036862039,0.193516493532296,0.847327883798474,0.0641783527873409,0.207860987826685,0.3087561233032,0.757507047911953,0.014992816297231,0.207683416476521,0.0721907244766745,0.942450126710233,0.0491855364901099,0.213579917021744,0.230291017882091,0.817865639755108,0.984268886207658,1.15594327987218,0.851485452051329,0.394499741274389,1.32287889107221,1.18636347809464,1.11507047839741,0.264820221086674,-0.338610004864549,1.74977335876561,-0.193516493532296,0.846554490217976
0,"",156713.936893538,1,0.951622195346798,0.0973072869450131,0.903310210786054,0.00000019325596414002,0.000193429148301373,0.000301311507038447,0.0822355909124494,0.206629181530061,96.882248667986,0.39798633621595,0.691515887948529,-0.00669698475678559,0.110382730431198,19046.8589660612,-0.0606705843443497,0.951622195346798,1.29003455222808,0.77799169764867,14211.7260535429,1.65815979287049,0.0973072869450131,0.103123663509641,0.844545975639198,49.4679003594829,0.1221054465763,0.903310210786054,0.0656156740052738,0.204662097051402,0.320604913907406,0.74850981328771,0.0435105936329859,0.204475568427307,0.212791161152607,0.831489858244398,0.0221050803722879,0.212741415413085,0.103905863037369,0.917244054265134,1.18691088871844,1.13310488070031,1.04748546135013,0.294875734129467,1.39315821573773,1.16324172143643,1.19765151994151,0.231052710173795,-0.206247327019283,1.6890919512784,-0.1221054465763,0.902815508415698
0,"",156774.996324292,1,0.918969270053508,0.173951817378533,0.920620435769712,0.000000543373526894835,0.000125962741310295,0.000197708654942133,0.13409946226045,0.203844402470387,99.7182723174562,0.657852070674007,0.512148986835639,-0.0112476496130925,0.11055992349624,19047.1230142228,-0.101733514798199,0.918969270053508,1.06012472750733,0.779686420441881,14674.9684633591,1.3596808918469,0.173951817378533,0.086378794056295,0.862498320512852,50.7208126400464,0.100149521456382,0.920620435769712,0.125256133118527,0.201969213391037,0.62017438705381,0.535142982302837,0.0954642035627151,0.201783661490701,0.473101750941884,0.636140587654773,0.0297919295558115,0.213556297539337,0.139503868062349,0.889051999557432,0.973745933451043,1.14740330165725,0.848651848957222,0.396075046865015,1.14650352156363,1.17774963280147,0.973469648924016,0.330319937722079,-0.17275758811259,1.72499664102571,-0.100149521456382,0.920225620487807
0,"",156812.481461393,1,0.651295984309018,0.25425843909323,0.89543647580247,0.0000107251884374441,0.0000876183915230781,0.000345791552337442,0.141438623778832,0.204237003969048,99.6942119560233,0.692522026029459,0.490219533068045,-0.0500176911511603,0.110666036320065,19046.2281050799,-0.451969663090677,0.651295984309018,0.890040572397054,0.78066128591799,14834.0928613655,1.1401110679524,0.25425843909323,0.115147965397116,0.871720936652533,50.4420819026344,0.132092692231635,0.89543647580247,0.171494900511806,0.202426548454891,0.847195695529147,0.396886052384922,0.061732684836889,0.202242801682495,0.305240455152537,0.760183022909055,0.109762215674917,0.214003373911134,0.512899463540682,0.608021648717993,0.77489260699994,1.15486186684882,0.670982936785618,0.502231399657712,1.00518853779417,1.18530710702226,0.848040589513901,0.396415366227786,-0.230295930794233,1.74344187330507,-0.132092692231635,0.894910976017872
0,"",156795.593349233,1,0.48243712732926,0.18702955098669,0.884215330406394,0.0000259055842828317,0.000114033940705993,0.000414890966582856,0.18757885630841,0.211110590840987,93.9271457683916,0.888533614354282,0.376523613244126,-0.0776869899516398,0.110601902883495,19044.3760569605,-0.702401929137452,0.48243712732926,1.03014548798414,0.780722701080354,15265.8100602644,1.31947679574149,0.18702955098669,-0.130184775442667,0.889544004293573,51.6025688222648,-0.146350011707461,0.884215330406394,0.222072643366276,0.209501562177709,1.06000471336774,0.289142455037122,0.0776956933628522,0.209326961950046,0.371169067945455,0.710511610366133,0.144376950003424,0.214413590995196,0.673357268694121,0.500720026987042,1.16033026342681,1.16818000491759,0.993280366503679,0.320573342770694,0.899960712541479,1.19874451791216,0.750752724282679,0.4528014858242,0.260369550885334,1.77908800858715,0.146350011707461,0.883645087198218
0,"",156755.192677516,1,0.905254827146705,0.127263109519862,0.690024998407361,0.000000744005363701945,0.000147593024770555,0.00309670062420222,0.292709656046447,0.214667319929351,90.7052005996296,1.36355014886654,0.17608387092808,-0.0131492709814424,0.110472549359063,19042.247639508,-0.119027496493306,0.905254827146705,1.19027840719771,0.780477477698593,15756.016366027,1.52506438841452,0.127263109519862,-0.367452538905462,0.916199754842117,51.7816606430684,-0.401061599245661,0.690024998407361,0.227720663125891,0.213300043404577,1.06760720481412,0.285697732292743,0.232461745753372,0.213133444733051,1.09068638216086,0.275410904768728,-0.00474108262748034,0.214990846548779,-0.0220524859713254,0.982406087949877,1.55773094610317,1.18814963746712,1.31105619778997,0.189838777859709,0.822825868292249,1.21878406903019,0.675120301619126,0.499599336293592,0.734905077810925,1.83239950968424,0.401061599245661,0.688374772311528
0,"",156766.907950039,1,0.958799187204934,0.082142666450462,0.573795211524036,0.000000140142842938686,0.000191460960701446,0.00602096941100554,0.310830927856378,0.20913230616563,94.1109839644484,1.48628843412746,0.140545336534965,0.0057093525972513,0.110515269146156,19044.000063257,0.0516612106305483,0.958799187204934,1.35725005222791,0.780702844492419,15782.8278125892,1.73849763940637,0.082142666450462,-0.517689382406306,0.914663363879566,52.8842986515301,-0.565988977857946,0.573795211524036,0.185120969130806,0.207711398017247,0.891241265033681,0.372799751039134,0.240270176588742,0.20754045759174,1.15770283720481,0.246985325740186,-0.0551492074579363,0.215017967319194,-0.256486507362742,0.797575197640438,1.87493943463422,1.18713073955756,1.5793874862789,0.114247205886618,0.839560669821609,1.21775720422489,0.689431905562814,0.490551511108097,1.03537876481262,1.82932672775914,0.565988977857946,0.57140127329718
0,"",156748.416746229,1,0.916373368607204,0.0667136105130386,0.624269695562289,0.000000578882950146234,0.000211106648682304,0.00440804848423985,0.329421563647481,0.201619222187203,100.307035812384,1.6338797465532,0.105419033052698,0.0116001162038997,0.110472595723002,19046.9110054503,0.105004468556036,0.916373368607204,1.43105697134882,0.78041018776003,15924.814546008,1.83372410277768,0.0667136105130386,-0.45175866061197,0.917107796375158,54.8033640176139,-0.492590579207301,0.624269695562289,0.187555136410678,0.200167319607,0.936991796557582,0.34876277769406,0.248916539979822,0.199991487872888,1.24463567238437,0.213265701552972,-0.0613614035691434,0.21502173146927,-0.285373032529565,0.775358365837325,1.8828156319608,1.18881712042536,1.58377230577493,0.113245543679285,0.979298310736855,1.2194127262117,0.803090118453333,0.421922648735252,0.903517321223942,1.83421559275032,0.492590579207301,0.622301905941009
0,"",156763.392683859,1,0.866678459748975,0.0372912606495211,0.812525636614163,0.00000147965968788609,0.000270058979585458,0.00101459824192009,0.299197730743406,0.200746598706807,101.432645576817,1.49042490717558,0.1392157348377,0.018553582803019,0.110516090848184,19047.678824509,0.16788128009799,0.866678459748975,1.62625446021377,0.78082676272344,16058.0090174473,2.08273401713533,0.0372912606495211,-0.219902649533583,0.922827473664094,55.9094126143692,-0.238292265682618,0.812525636614163,0.198294266977985,0.199331332107933,0.994797279890815,0.319834869477239,0.253977153160838,0.199155696083092,1.27526934029982,0.202213925763986,-0.0556828861828529,0.21526977138757,-0.258665607455873,0.79589325789085,1.84615710974736,1.19343978729803,1.54692103396946,0.121882288332076,1.40635181068019,1.22405205492369,1.14893137511857,0.250584278989182,0.439805299067168,1.84565494732819,0.238292265682618,0.811654419691839
0,"",156764.730189933,0,0.730328383013059,0.0351015648003569,0.767405133887518,0.00000624313787949399,0.0890557906691014,0.00161169625707429,0.330042098846265,0.203923589261318,98.2877833174369,1.61845963991607,0.108768274641385,0.0380905543363523,0.110505479084721,19030.9875350413,0.344693807509303,0.730328383013059,1.7584406450256,0.81092345030916,48.0978123596822,2.16844221776446,0.0351015648003569,-0.279559873401241,0.94050490422116,54.7323163478933,-0.29724446108311,0.767405133887518,0.203044377151123,0.202883116892637,1.00079484316367,0.316926003181727,0.30284059961989,0.202719813351334,1.49388752196134,0.135205020393375,-0.099796222468767,0.21578852214764,-0.462472338544899,0.643742634427574,2.03800051842685,1.22617044492362,1.66208582735314,0.0964955668489724,1.47888077162436,1.25729816441708,1.17623711978457,0.239500135077212,0.559119746802483,1.88100980844233,0.29724446108311,0.766279879898548
0,"",156788.123965064,0,0.530681295883261,0.0313581927281643,0.783862922028512,0.0000206530084378004,0.0980023481878232,0.00135529227447866,0.373232471707597,0.207966800542996,95.6523228285311,1.79467333599928,0.0758645047829432,0.0693291161810761,0.110576665048616,19033.2109148759,0.626977818064917,0.530681295883261,1.80218385095762,0.811319135016683,45.4133641294105,2.22130080898506,0.0313581927281643,-0.248584026859962,0.901942552320101,55.971471718484,-0.275609600878148,0.783862922028512,0.196192648533168,0.206637629459858,0.949452667677261,0.342390434386279,0.355849388337609,0.206469990338387,1.72349205690572,0.0847995803571652,-0.159656739804442,0.21473304473975,-0.743512671735928,0.457171352555745,2.05076787781758,1.19749543976707,1.71254754691716,0.0867958102085554,1.55359982409766,1.22861014353493,1.26451814863556,0.206044110889452,0.497168053719925,1.80388510464021,0.275609600878148,0.782847934750371
0,"",156850.20443434,1,0.44691402895687,0.053926509229757,0.777343063722966,0.0000303670045699559,0.000246521999038569,0.00140444164522748,0.30031186088909,0.210944782120887,94.9535785243198,1.42365152562527,0.15782509429788,0.0842482398905607,0.110767595852303,19049.3898633465,0.760585613891063,0.44691402895687,1.50578767517581,0.781181508703127,15068.1803640802,1.92757721272183,0.053926509229757,0.245348972517427,0.863548525689199,57.3959071216182,0.284117180701124,0.777343063722966,0.138977890842978,0.209123702573159,0.664572638744087,0.506323874479515,0.286749136221699,0.208942894072205,1.37238041760159,0.169945042957905,-0.147771245378721,0.213939322743379,-0.690715682763813,0.489744231860274,1.26043870265838,1.14914869356547,1.09684561250957,0.272708887162374,1.75113664769324,1.17956707804014,1.48455876761393,0.137660744749406,-0.490697945034856,1.7270970513784,-0.284117180701124,0.776320580981428
0,"",156867.55810022,1,0.538712848155308,0.0604511427754526,0.684169621636747,0.0000198426508989381,0.000230608144487155,0.00306945016089227,0.214713003883354,0.214138373847263,93.0880580023651,1.00268345194637,0.318612932556273,0.0681217921521979,0.110808276714028,19046.6858541986,0.61477169551157,0.538712848155308,1.468331527911,0.782014209153176,15284.2507776747,1.87762768339084,0.0604511427754526,0.361496251659432,0.883918837020834,54.3234241942314,0.408969960271263,0.684169621636747,0.0693356897493575,0.21249221131392,0.326297558487573,0.744199235277345,0.175042791775644,0.212317769210784,0.824437786937492,0.409690851681504,-0.105707102026286,0.214598804648487,-0.492580106396373,0.622309307354178,1.10683527625157,1.16480112403636,0.950235412218766,0.341992648780402,1.82982777957043,1.19538939637221,1.53073783749766,0.125834198338663,-0.722992503318865,1.76783767404167,-0.408969960271263,0.682561706352578
0,"",156826.006431455,1,0.602414342234206,0.0899316927669778,0.739871431054213,0.0000142500292877218,0.000185954276827675,0.00214333790241161,0.212050908852922,0.215771847879806,90.8922699920062,0.982755215458149,0.328336679171515,0.0576580805221956,0.110680760516998,19043.8234103945,0.520940407825807,0.602414342234206,1.32540526202299,0.78155143802846,15463.0553404156,1.69586440192146,0.0899316927669778,0.300547481547447,0.900365169282536,51.8759820825341,0.33380620641616,0.739871431054213,0.0787764688992006,0.21427290512294,0.367645497941059,0.713137584725609,0.168704640989697,0.214103327931151,0.787958985130522,0.430720697093056,-0.0899281720904964,0.214867693295176,-0.418528121707702,0.675561030126281,1.02485778047554,1.17683793645601,0.870857191740308,0.383832133156158,1.62595274357044,1.20748194520705,1.34656484929191,0.178120421418016,-0.601094963094896,1.80073033856508,-0.33380620641616,0.738525799763533
0,"",156956.449782897,1,0.43748145042236,0.176814015518986,0.810047459552918,0.0000316573422955884,0.000125823082606539,0.00115828674625021,0.10937300953828,0.220592403945277,88.0483782108974,0.495814940053026,0.621260328105183,0.0862379977359239,0.111064239889704,19044.1077862532,0.776469526299061,0.43748145042236,1.05779995626289,0.783151946256798,14497.7316782514,1.35069568724028,0.176814015518986,0.207700893703977,0.85957851318705,50.3484624553978,0.241631090723624,0.810047459552918,-0.048829933023109,0.218799441399757,-0.223172110087312,0.823401557485052,0.1061010543591,0.218623497528214,0.485314047020068,0.627453592700635,-0.154930987382209,0.21433051865783,-0.722860133743014,0.469765818357615,0.850099062558914,1.14751103380151,0.740819946404073,0.458802619389774,1.26550084996687,1.17797402765135,1.07430284561539,0.28268697007016,-0.415401787407956,1.7191570263741,-0.241631090723624,0.809066028899083
0,"",157056.335823751,1,0.319902348307656,0.0969949375203693,0.712940018211014,0.0000519464890074876,0.000190927368277768,0.00266141671341314,0.0202069865304463,0.218291030444547,90.7948871883697,0.0925690189344699,0.926449905250593,0.110768743562642,0.111360675722819,19045.4826916163,0.994684549493488,0.319902348307656,1.30295316457469,0.785049617071154,14424.8825222155,1.65970804423257,0.0969949375203693,0.316545689291415,0.855635121000957,51.2891312412307,0.369954062803203,0.712940018211014,-0.171043761188368,0.216424269099071,-0.790316917323492,0.429342709384935,0.0237543288148526,0.216244420031616,0.10984944171683,0.912528779452193,-0.19479809000322,0.214725874302941,-0.907194303600295,0.364304055546318,0.986407475283277,1.14587681653763,0.860832038005442,0.389330556898142,1.61949885386611,1.1763481816322,1.37671726717768,0.168599678074988,-0.633091378582831,1.71127024200192,-0.369954062803203,0.7114167183407
0,"",157086.590156103,1,0.31223506337164,0.017380325965202,0.800462655871241,0.0000536153675369547,0.00038601636259434,0.00122390103001684,-0.0340167381461435,0.214811752790248,93.2963426495302,-0.158356038272073,0.874518516711633,0.112630769053669,0.111452701319726,19046.7257239416,1.01057011377915,0.31223506337164,1.86941455259193,0.78585398582641,14653.9304719999,2.37883192846065,0.017380325965202,0.219116848835425,0.862567297153427,52.6607949573784,0.254028699625567,0.800462655871241,-0.252900991834138,0.212955789222272,-1.18757509602227,0.235000854243089,-0.0461487957755293,0.212774428579254,-0.216890704788521,0.828293521695953,-0.206752196058609,0.215081064056211,-0.961275679780788,0.336413572886473,1.65029770375651,1.1514947591904,1.4331786493903,0.151806789580868,2.08853140142736,1.18204800150954,1.7668752865875,0.0772491166755629,-0.43823369767085,1.72513459430686,-0.254028699625567,0.799473386080704
0,"",157104.337800183,1,0.787160526128984,0.0133952435773326,0.855507619397206,0.00000382776448881064,0.000400996301337893,0.000623518377667814,-0.0971953423639113,0.216816061072519,91.6546436208617,-0.448284789803475,0.655005618494417,0.0301040366140592,0.111495007945128,19045.472431476,0.270003448305729,0.787160526128984,1.94622759825259,0.786871815037834,15249.8201565683,2.47337312260831,0.0133952435773326,-0.162760244803131,0.889524303929487,53.6612639816862,-0.182974477576538,0.855507619397206,-0.183125186329169,0.215171301567077,-0.851066963835236,0.394732155628161,-0.10916835275237,0.214996773823333,-0.507767399533522,0.611616474931786,-0.0739568335767981,0.215932210704075,-0.342500238087001,0.731974464849165,2.10898784305573,1.17212053383623,1.7992926343106,0.0719724026202126,1.78346735344947,1.20290271232708,1.48263640539912,0.138171039224872,0.325520489606264,1.77904860785898,0.182974477576538,0.854818044466595
0,"",157223.536831946,0,0.721649828343159,0.0203235225900236,0.66273805560347,0.00000666784720598903,0.0995721673644393,0.00357627939879994,-0.10797768038129,0.220418708866124,90.036391355576,-0.489875296596862,0.625413672328793,-0.0398447239675976,0.111841707253172,19034.6779780452,-0.356259976230537,0.721649828343159,1.91560749103164,0.80019301248983,51.8244252577578,2.39393179037038,0.0203235225900236,-0.383498556332519,0.874434774777427,53.5901833205977,-0.43856736647983,0.66273805560347,-0.108503731869229,0.218733997061284,-0.496053349396932,0.619856771593674,-0.155798108443736,0.218559875919336,-0.71283948066129,0.47594509191959,0.0472943765745071,0.216081787302551,0.218872572116811,0.826749312730682,2.29910604736417,1.16971776602057,1.96552203800907,0.0493538475380835,1.53210893469913,1.20068747516206,1.27602641519379,0.201946181551936,0.76699711266504,1.74886954955486,0.43856736647983,0.660975047211804
0,"",157262.310924347,0,0.75955178802382,0.0265165069722555,0.680415024398675,0.00000492219312027288,0.0901526225132311,0.003337270925529,-0.0737489469306257,0.218370454661617,90.8279641044023,-0.337724016030033,0.736350467953446,-0.0342659816478129,0.111953324180614,19032.3134788807,-0.306073820483721,0.75955178802382,1.88049128032968,0.82378344983722,52.5904280574689,2.28274952683411,0.0265165069722555,-0.364872699684519,0.880789386541826,51.2501743805476,-0.414256467277711,0.680415024398675,-0.0799230262257485,0.21685490848182,-0.368555301723542,0.712459217604486,-0.117633290329375,0.216684783968566,-0.542877483942019,0.587214159578525,0.0377102641036266,0.216451232688503,0.174220602189389,0.861692094928305,2.24536398001421,1.19019241727415,1.88655544046961,0.0592201449029438,1.51561858064517,1.22158104160306,1.2407024413675,0.21471569209766,0.72974539936904,1.76157877308366,0.414256467277711,0.678686291608373
0,"",157283.815381639,0,0.388070982879102,0.0322486397095514,0.759817604518752,0.000039146457418036,0.082915171955076,0.00186533641682652,-0.0949138067916641,0.212858945445179,94.5112014446706,-0.445900014176801,0.656689308924046,-0.0966838088985901,0.112013959485481,19030.6550234897,-0.863140713377977,0.388070982879102,1.8208431680708,0.828153534002461,53.4686065342784,2.19867825627777,0.0322486397095514,-0.283461163425131,0.922187951093646,50.5568739339983,-0.307378949257543,0.759817604518752,-0.0182056081203458,0.211634971253797,-0.086023628384712,0.931447634111619,-0.187628560506116,0.211469477333322,-0.887260719003779,0.37493854874004,0.169422952385771,0.217778243036577,0.777960874435537,0.436592079174369,2.10430433149594,1.22354792911137,1.71983808842229,0.0854618769893737,1.53738200464568,1.25517658168619,1.22483324424391,0.220638056526325,0.566922326850263,1.8443759021873,0.307378949257543,0.758554949187718
0,"",157177.673624915,0,0.227644651671966,0.0627903503812999,0.969697678958475,0.0000764716002540081,0.0609657949668665,0.0000288835122996269,-0.0818023665388587,0.203187801359538,102.455654562782,-0.402594870319556,0.688085052956002,-0.134788626386299,0.111719889041949,19033.2132168808,-1.20648729194215,0.227644651671966,1.52866838037323,0.805068982676613,55.5335640458215,1.89880421835514,0.0627903503812999,-0.0352698752055713,0.923865785175384,50.4577094318091,-0.0381764058930657,0.969697678958475,0.0378037774456365,0.201794862205076,0.187337660793455,0.851395896607432,-0.228794141753731,0.201619653275184,-1.13478095035437,0.256467109799222,0.266597919199368,0.217337032389916,1.22665666438785,0.219951661990855,1.56393825557881,1.20971210094933,1.29281855935102,0.196073819860218,1.49339850516767,1.24093704295913,1.20344421470933,0.228804466606957,0.0705397504111428,1.84773157035077,0.0381764058930657,0.969547032549089
0,"",157013.948640468,1,0.681460717701572,0.0549295216360406,0.731385029846191,0.00000884698952264875,0.000229856561897834,0.00235973467867705,0.0311710096019708,0.200551652924431,104.436953505711,0.155426341032034,0.876785229816735,-0.0456621127400312,0.111241596916944,19044.8790724904,-0.410476961905929,0.681460717701572,1.50931983695598,0.786278723413204,16027.0196326145,1.91957354563034,0.0549295216360406,0.326217209225818,0.945023243792484,50.3778407456847,0.345194905383144,0.731385029846191,0.0392228128610976,0.19925205222706,0.196850232771509,0.843944740043996,-0.0796577869454222,0.199077003864088,-0.400135552571434,0.68905667955732,0.11888059980652,0.217179622634941,0.547383766322991,0.584115105709796,1.18310262773017,1.21384649790808,0.974672357476091,0.329722808881392,1.8355370461818,1.24466180302805,1.47472754584117,0.140285807282967,-0.652434418451637,1.89004648758497,-0.345194905383144,0.729947848561877
0,"",157027.586002917,1,0.770771023396836,0.0718173920563082,0.46563649972035,0.00000445743249418494,0.000209821038386598,0.0105372177230447,0.0310362876204964,0.200565670815374,103.660743964673,0.154743767935571,0.877324220165386,0.0324268299763533,0.11129064889317,19046.0503927182,0.291370661406427,0.770771023396836,1.41475806399108,0.785803153712052,15445.3109300243,1.80039753888478,0.0718173920563082,0.667356764415175,0.90779208477533,50.7477579718031,0.735142744255519,0.46563649972035,-0.0290631620060963,0.198950600036246,-0.146082303852321,0.883856416027967,-0.0205827781695123,0.198768434079849,-0.103551543607995,0.917525243441794,-0.00848038383658404,0.216129507624692,-0.0392375105545985,0.968701027553798,0.747401299575908,1.18517138593106,0.63062718898563,0.52828431691782,2.08211482840626,1.21594198755506,1.71234717586555,0.0868327076264759,-1.33471352883035,1.81558416955067,-0.735142744255519,0.462252564547721
0,"",157083.348319154,1,0.925194882674871,0.104623092147697,0.452687099399713,0.000000462818231189086,0.000177745796570095,0.0112134281661803,0.00285960694602285,0.195392867639299,108.640927715863,0.0146351654519026,0.988350086902567,0.0104662980611973,0.111470095452517,19048.4126956353,0.0938933264451695,0.925194882674871,1.27598531117364,0.786217473057802,14815.9473829588,1.62294194023824,0.104623092147697,0.663683055944391,0.876961948034954,50.5038069089296,0.756798008661076,0.452687099399713,-0.0141319444792556,0.193460123136783,-0.0730483587527946,0.941767635549979,-0.0492622972341861,0.193266364289463,-0.254893278586251,0.798805527758512,0.0351303527549305,0.215529876351492,0.162995280977376,0.87052215021919,0.612302255229249,1.16238495100126,0.526763749566629,0.598357659398793,1.93966836711803,1.19300526912965,1.62586739330422,0.103977867885591,-1.32736611188879,1.75392389606991,-0.756798008661076,0.449170886038713
0,"",157171.090591844,0,0.921475766912205,0.192997073563356,0.528688893258872,0.000000510547741508467,0.035967700167134,0.00803243574001846,-0.0415241930993371,0.193913361922319,110.787685713354,-0.214137863877434,0.830833175693659,0.011012930916029,0.111719922855981,19033.032730417,0.0985762488417207,0.921475766912205,1.0634817847693,0.805181590019168,46.7575077494375,1.32079744240548,0.192997073563356,0.574833763157905,0.906018522409704,49.7119268093597,0.634461381240906,0.528688893258872,0.00769355288006702,0.19230253370013,0.0400075481691993,0.968087108543708,-0.0188382146988364,0.192116824555005,-0.098056038259381,0.921887795621624,0.0265317675789034,0.216804614419626,0.12237639706114,0.902600930414487,0.488648021611394,1.19642480107007,0.408423514101642,0.682962773124927,1.63831554792721,1.22757549954982,1.33459453086838,0.18200908899934,-1.14966752631581,1.81203704481941,-0.634461381240906,0.525779762274134
0,"",157193.607448822,0,0.715917926256281,0.184112129578081,0.704323772902378,0.00000695899178636105,0.0363013046054373,0.00289026997271183,-0.068246054048143,0.195995921261848,108.591015935143,-0.348201399339158,0.728363050462189,0.0406777831011864,0.111775127679819,19031.580537132,0.363925176786273,0.715917926256281,1.11324033328444,0.826139371542254,48.2047975663884,1.34752121933884,0.184112129578081,0.351691378762893,0.921481765767941,50.2521324947245,0.381658532841181,0.704323772902378,-0.0430325130878669,0.194676722781524,-0.221046011423565,0.825056607018354,0.0086148126952534,0.194500275050362,0.0442920334843886,0.964671621802933,-0.0516473257831203,0.217356626278298,-0.237615602834176,0.812179247766749,0.761548954521547,1.22173119940098,0.623335930927307,0.533063790776553,1.46493171204734,1.25325284285347,1.16890356195953,0.242442488255805,-0.703382757525789,1.84296353153589,-0.381658532841181,0.702714661797171
0,"",157226.841443816,0,0.334364243924858,0.154116885353107,0.933852022117816,0.0000489657156215252,0.0411779385710026,0.000135345561279584,-0.00642468981324138,0.202873865322824,100.588138904067,-0.0316683955472435,0.97479925126504,0.107995333573497,0.111867623755631,19032.1469484503,0.965385068064082,0.334364243924858,1.19023222219272,0.822196874683747,48.7961075958547,1.44762435718396,0.154116885353107,0.0751599868649514,0.901124114707651,51.3926918830257,0.0834069199106222,0.933852022117816,-0.101089777531733,0.201397666531365,-0.501941155887174,0.615708914038001,0.108551939670721,0.201220851160758,0.539466655888449,0.589564898686475,-0.209641717202454,0.216904310551539,-0.966517063074416,0.333785512943808,1.11507223532778,1.20402868588634,0.926117665134301,0.354384834588257,1.26539220905768,1.2354673873711,1.02422145820478,0.305730685620559,-0.150319973729903,1.80224822941531,-0.0834069199106222,0.933527986393425
0,"",157219.756444606,0,0.280572599449597,0.17163456818832,0.681804795239719,0.0000611707585430891,0.0374387708462967,0.00319725392604224,0.0818843975673117,0.209180605968342,95.7565901866166,0.391453104307883,0.696332077378312,0.120679697253094,0.111837322785493,19033.7546452214,1.07906461141385,0.280572599449597,1.1258196647039,0.811644658126419,49.4666584344978,1.38708442596383,0.17163456818832,-0.374019375716922,0.907219816993766,52.9901613557147,-0.41226984762778,0.681804795239719,-0.115041628002457,0.207728497944593,-0.553807634199243,0.579710503082556,0.157912108037897,0.207555295136936,0.760819462272519,0.446764908107401,-0.272953736040355,0.217034023067647,-1.25765413266693,0.208516867012376,1.49983904042082,1.20153752181396,1.24826650286918,0.211933476921233,0.751800288986976,1.23285736340255,0.609803138063021,0.5419922225225,0.748038751433847,1.81443963398754,0.41226984762778,0.680141646551922
0,"",157199.872623682,0,0.426418686386192,0.119723294830806,0.743379763428301,0.0000332294425520141,0.0462331562702204,0.002028618776428,0.0698640126156615,0.205161979973819,99.5134780270172,0.340530992265608,0.734174512671877,0.0889084584968598,0.11178504341342,19036.244489895,0.79535200579603,0.426418686386192,1.26829295752452,0.801630210583255,51.6392216831503,1.58214216577707,0.119723294830806,-0.300862722107593,0.914233237585641,53.2770776309045,-0.329087490739374,0.743379763428301,-0.114392879857143,0.203673452993209,-0.561648453325713,0.574355560902375,0.088838655240107,0.203496719295224,0.436560626371691,0.662430022556027,-0.20323153509725,0.217157802621505,-0.935870287154603,0.349339977119251,1.56915567963212,1.20022894007571,1.30738030657146,0.191083582304538,0.967430235416931,1.23138836516223,0.785641851739826,0.432077338276809,0.601725444215187,1.82846647517129,0.329087490739374,0.742089559078294
0,"",157173.366411908,0,0.72351358300371,0.0962825636502393,0.6779820410397,0.00000657409202489086,0.0497558358152062,0.00326440922805509,0.0666155835632731,0.200733402648779,103.815046026862,0.331860979210469,0.740663287384158,0.0395212795753829,0.111713944626969,19037.441691942,0.353772124933471,0.72351358300371,1.34196897534872,0.792994162602318,54.6935553368439,1.69228102631282,0.0962825636502393,-0.384503624421274,0.920936204303307,53.225181611082,-0.417513854515203,0.6779820410397,-0.0608755350589038,0.199214911904838,-0.305577200405476,0.759926582045772,0.0506469960393186,0.199034463746201,0.254463448621144,0.799137538660674,-0.111522531098222,0.217241854944506,-0.513356558876331,0.607701927173325,1.72647259977,1.19970837686225,1.43907688990675,0.150128738933185,0.957465350927452,1.23070153941662,0.777983386111075,0.436578807627412,0.76900724884255,1.84187240860662,0.417513854515203,0.676302592659645
0,"",157111.449711321,1,0.992175209794807,0.171450383834592,0.490465715877355,0.0000000050492008383729,0.000123276113094259,0.0087674628118939,0.0467565920527948,0.201768155963808,103.129097865496,0.231734248793857,0.817203617562421,0.00109390156092502,0.111540590504955,19048.8147163157,0.00980720611189903,0.992175209794807,1.07620373846689,0.786915521381911,15170.5139983302,1.36762296488568,0.171450383834592,-0.613085769567925,0.883072467554703,54.4943402829476,-0.694264391761197,0.490465715877355,-0.0297365687895883,0.199940401132626,-0.148727163800493,0.881768926004199,0.0242401053134461,0.199752912922366,0.121350447204077,0.903413464130196,-0.0539766741030343,0.215825347204856,-0.250094230367674,0.802514477734967,1.68928950803482,1.16736390542942,1.44709760185142,0.147869589606148,0.463117968898962,1.19806825923669,0.386553909035219,0.699086485489661,1.22617153913585,1.76614493510941,0.694264391761197,0.487516417442766
0,"",157109.436996005,0,0.860860701839065,0.198476432160329,0.716652079099464,0.00000161369929576821,0.0298372095287621,0.00244715468630375,0.083971147031155,0.205042423337798,100.348914588375,0.409530601834609,0.683023173752982,-0.019550925771161,0.111540471621264,19039.0989263522,-0.175281003271585,0.860860701839065,1.05244072004122,0.808585425162938,55.0845591427896,1.30158260004395,0.198476432160329,-0.300463548400257,0.823557968541824,54.25874268089,-0.364835943403294,0.716652079099464,0.0353136544890333,0.202956087541912,0.173996527607189,0.861868191175007,0.0215927018601149,0.202762558065544,0.10649255003547,0.915191566008755,0.0137209526289184,0.214139355120411,0.0640748760133468,0.948910606764536,1.35290426844148,1.13882432940989,1.187983285484,0.234839994893067,0.751977171640961,1.16927130359616,0.643116075224129,0.520148784433554,0.600927096800515,1.64711593708365,0.364835943403294,0.71523387274977
0,"",157107.017917732,0,0.864036865261233,0.104672065728978,0.855098881510915,0.00000153984332358534,0.0462542175618474,0.000596462566308131,0.114793928060107,0.203645444889588,102.115973491917,0.563695044209537,0.574197526155678,0.0191004419227876,0.11154193183562,19042.9095287073,0.171240013584631,0.864036865261233,1.30091509011421,0.788758186150571,56.090774291843,1.64932055597819,0.104672065728978,-0.148881272058002,0.811540068358,56.3920518304339,-0.183455232665512,0.855098881510915,0.050556287507291,0.201321421288653,0.251122246126029,0.801719596958592,0.101333540554129,0.201118967162728,0.503848751729809,0.614367665942703,-0.0507772530468379,0.213820805112561,-0.237475735909363,0.812287740815875,1.44979636217221,1.11667214500708,1.29831873093156,0.194177832506798,1.15203381805621,1.14652380616601,1.004805841676,0.314990350440381,0.297762544116006,1.623080136716,0.183455232665512,0.854440841744852
0,"",156959.956043993,0,0.597140901562489,0.0972475634786965,0.949718398725351,0.0000146684641362643,0.0498570109828583,0.0000715632901417924,0.164155528148735,0.200824899711467,103.277090208903,0.81740624984543,0.415578038469693,0.0587248759045947,0.111110798223579,19043.2323527121,0.528525371462345,0.597140901562489,1.32462390291292,0.784962586762297,54.2687714195202,1.68749941112039,0.0972475634786965,-0.0527608733333983,0.832934602872675,56.0635717223604,-0.0633433563108477,0.949718398725351,0.0540837694268051,0.19865742715742,0.272246400251364,0.785432566457491,0.17599036267246,0.198460167532117,0.886779270928408,0.375197749992289,-0.121906593245655,0.213665671092932,-0.570548336670485,0.56830584763203,1.37738477624632,1.1293624263926,1.2196127160401,0.222611723630958,1.27186302957952,1.1594969341965,1.09690935100306,0.272681020607604,0.105521746666797,1.66586920574536,0.0633433563108477,0.94949309171785
0,"",157139.778183667,1,0.827498543216608,0.168418800892737,0.868384365360645,0.00000249274640387445,0.000127490611818275,0.000506248386562754,0.184845263775341,0.199835572075854,104.848406154656,0.924986787163085,0.35709683121287,0.0243258376843719,0.111630508487245,19049.808846125,0.217913884062898,0.827498543216608,1.08415510317717,0.787120098241438,14878.7777290649,1.37736935646715,0.168418800892737,0.144572606371969,0.868352124901311,54.7263785024094,0.166490761323811,0.868384365360645,0.0911310676084576,0.197863668111551,0.460575043807839,0.645103519830565,0.127570337420817,0.197670883662947,0.645367365475737,0.518689146632134,-0.0364392698123595,0.215554381969052,-0.169049079306545,0.865758037183227,0.939582496805206,1.15660574258012,0.812361950329948,0.416583972626515,1.22872770954914,1.18720262802235,1.03497724865718,0.300679536434899,-0.289145212743938,1.73670424980263,-0.166490761323811,0.86777075310282
0,"",157212.353076795,1,0.967796889376091,0.205425101145133,0.842245441008503,0.0000000855743682915371,0.000104236265200314,0.000758138091332971,0.184972103389105,0.201765663776555,102.496811437019,0.916767005479938,0.361416802285845,0.00451490212378006,0.111832209920026,19046.673037827,0.0403721085992022,0.967796889376091,0.999602277313393,0.789388596915025,15381.8532249874,1.26629936284853,0.205425101145133,0.180430632806193,0.902126711127822,52.7239285496484,0.200005864564882,0.842245441008503,0.111965779155037,0.200062538770118,0.559653895443621,0.575715535575434,0.10575416168433,0.199877642374388,0.529094502156689,0.59673989512432,0.00621161747070748,0.216881267365097,0.0286406361700703,0.977151202389312,0.819171644507202,1.18319622629715,0.692337945558552,0.488725125746212,1.18003291011959,1.21407603131589,0.971959646415718,0.331070624386536,-0.360861265612387,1.80425342225565,-0.200005864564882,0.841475994533983
0,"",157157.423532961,1,0.839274553730922,0.151796397414616,0.89942383111751,0.00000215986609063367,0.000131228159548747,0.000311518180385188,0.164727116570127,0.196953310312668,107.268997532438,0.836376480845228,0.40480243604579,0.0226502490743252,0.111674253968162,19046.3640112987,0.202824270317336,0.839274553730922,1.13039514961593,0.788674406726987,15652.4037457976,1.43328493986142,0.151796397414616,0.116804017597035,0.919637739226579,51.768225992323,0.127010900721916,0.89942383111751,0.0634042081596093,0.195369046912353,0.324535586172225,0.745532585013181,0.0988379821112849,0.195184557096697,0.506382183003951,0.612588379784421,-0.0354337739516756,0.217137523493478,-0.163185862036139,0.870372097455826,1.0135911320189,1.19596215813553,0.847511039646151,0.396710336349158,1.24719916721297,1.22684811561158,1.0165880774828,0.309349428274419,-0.23360803519407,1.83927547845316,-0.127010900721916,0.898931770897032
0,"",157277.980401261,1,0.725633294218376,0.105953678158545,0.95511957019705,0.00000646526066459562,0.00017097716869152,0.0000607619421089087,0.110877044488093,0.193353985541425,113.237839028642,0.573440698300673,0.567483447442547,0.0393199240156002,0.112040047695515,19049.7781604697,0.350945263094298,0.725633294218376,1.27828402415669,0.79065217363418,15285.209729197,1.61674636051545,0.105953678158545,0.0508268606301476,0.89882971809905,52.6227681284049,0.0565478194664526,0.95511957019705,-0.00533023855411521,0.191524744998156,-0.0278305477141689,0.977797301841202,0.0690161388760493,0.191331257334288,0.360715441050317,0.718312180511076,-0.0743463774301646,0.217140535187561,-0.342388294133778,0.732058696684158,1.22745716352655,1.1815527517161,1.0388509203197,0.298874075197497,1.32911088478684,1.21242918907995,1.09623794672531,0.272974657288358,-0.101653721260295,1.7976594361981,-0.0565478194664526,0.954905402014838
0,"",157395.962008651,1,0.99604114250616,0.0584735283813927,0.837251185210659,0.0000000012923087149192,0.000229320686817372,0.000809777422420548,0.0358010535873296,0.190289415828961,118.804520163072,0.18814001520457,0.851087871513021,0.000557644728948603,0.112388095748479,19050.5844415984,0.00496177753733451,0.99604114250616,1.5015461235361,0.793515873352833,15610.7323907412,1.89226980071821,0.0584735283813927,-0.189990895735722,0.920358372585749,52.5816436165755,-0.206431430837036,0.837251185210659,-0.0302299092093236,0.188580124191953,-0.160302732532687,0.872642606462893,-0.0130656189830815,0.188386875910695,-0.0693552505710392,0.944706847974429,-0.0171642902262421,0.218373436232478,-0.078600632578631,0.937350284372286,1.69153701927183,1.19959117825104,1.41009458050369,0.158511757320767,1.31155522780039,1.23062380749175,1.06576454950403,0.286530089929411,0.379981791471445,1.8407167451715,0.206431430837036,0.836453921259494
0,"",157464.418852716,1,0.817366953987097,0.0315719759738711,0.642611671132529,0.00000279953493684258,0.000287380741500383,0.00422108610480065,0.0179413392031061,0.18623260294221,125.26506696532,0.096338336680358,0.923405823510955,0.0260008217430649,0.112588832813516,19050.0625677518,0.230936062603392,0.817366953987097,1.7105736130624,0.795624493769383,16079.9524685459,2.14997605837689,0.0315719759738711,-0.446447030921345,0.956388155272451,51.4055742301606,-0.466805269868868,0.642611671132529,-0.093417742480359,0.184791651525975,-0.505530102193105,0.613186561264602,-0.00370361432733997,0.184601124239804,-0.0200627939975536,0.983993280255995,-0.089714128153019,0.219813738780392,-0.408137037524524,0.683173069749121,2.15702064398375,1.22841270249111,1.755941337638,0.0790984256301405,1.26412658214106,1.25952193693519,1.00365586741354,0.315544516109543,0.892894061842693,1.91277631054491,0.466805269868868,0.640639205152386
0,"",157511.665096168,1,0.915682311926158,0.0251951821267115,0.577128378753078,0.000000588474587366235,0.000311640371593867,0.00622201300193611,-0.0167905175284433,0.188883469475751,121.14408876338,-0.0888935255956787,0.929313318528509,0.0119345966780378,0.112723017007241,19048.5673176225,0.105875419190307,0.915682311926158,1.78344382398145,0.796676005280827,16075.5675994129,2.23860617385205,0.0251951821267115,-0.539409476789007,0.961110442659333,50.3093852720806,-0.561235684107744,0.577128378753078,-0.112793985828157,0.187493300629679,-0.601589419191772,0.547447473713155,-0.0433595401271415,0.187305248250725,-0.231491325160846,0.816933123957408,-0.0694344457010152,0.220185758015077,-0.315344853940375,0.752499832415937,2.32285330077046,1.23269285704515,1.88437313276764,0.0595145213972818,1.24403434719244,1.26385133656928,0.984320157914595,0.324958121221922,1.07881895357802,1.92222088531867,0.561235684107744,0.574636879742018
0,"",157629.11016024,1,0.95092512907981,0.0230743393204203,0.608969066569003,0.000000198844498452601,0.000331968925456102,0.00515961255168188,-0.104077763632932,0.191853462981043,117.681896044943,-0.542485718087955,0.588509802722544,0.00695929321677779,0.113074899121511,19049.5265447776,0.0615458715492579,0.95092512907981,1.81430797935375,0.798401098224293,15550.2774075014,2.27242670806555,0.0230743393204203,-0.477324880307092,0.927349537177665,51.0831350742538,-0.514719489438473,0.608969066569003,-0.187715156423393,0.190149455396515,-0.987197970312116,0.323545596632002,-0.133475757031229,0.189955648703711,-0.702668006674662,0.482262670188332,-0.0542393993921646,0.219748769957801,-0.246824587016257,0.805043981397421,2.29163285966085,1.20797793646985,1.89708171852695,0.0578171536202687,1.33698309904666,1.23920630263925,1.07890275912829,0.280631078737692,0.954649760614186,1.85469907435534,0.514719489438473,0.606749052363435
0,"",157610.75408911,1,0.72553127931518,0.021248983588483,0.863880186614405,0.00000647125553533981,0.000340435930345499,0.000576055256733858,-0.121471761675709,0.200221152676158,107.001216950511,-0.606687955054276,0.545343119708439,-0.0396743860898376,0.113006281070825,19046.8825974089,-0.351081247112028,0.72553127931518,1.83844404350813,0.798017496814125,15584.495210198,2.30376407891761,0.021248983588483,-0.159791152097499,0.927422918838417,51.5033423666281,-0.172295884489932,0.863880186614405,-0.146983586384429,0.198598943619613,-0.74010255898417,0.459237766097584,-0.21283440481818,0.198412362679831,-1.07268721537085,0.283411478413366,0.0658508184337509,0.219631350435784,0.299824311525164,0.764311170040331,1.99823519560563,1.20777257442474,1.65447969089494,0.0980300864386705,1.67865289141063,1.23902211428366,1.35482076716697,0.175474668402245,0.319582304194999,1.85484583767684,0.172295884489932,0.863204919673651
0,"",157515.665773562,1,0.833297577848297,0.0286808390738569,0.98141139059084,0.00000232604591524422,0.000311899717277262,0.0000108727529870979,-0.0932268042517088,0.204536496081362,101.938067317739,-0.455795449896748,0.649506555089454,-0.0237250212064355,0.112720204169666,19045.4128620082,-0.210477095754056,0.833297577848297,1.74124878438865,0.795798613726301,15344.9273770561,2.18805204527224,0.0286808390738569,0.0214203120100928,0.914798625315058,50.4262107753765,0.0234153303441133,0.98141139059084,-0.150559931788553,0.202874520230854,-0.742133273400861,0.458006591898269,-0.19981940092462,0.202690182738303,-0.985836601581291,0.324213301565683,0.0492594691360671,0.218766514968862,0.225169145026964,0.821847691818181,1.71982847237856,1.19682147881305,1.43699666393371,0.150718941470574,1.76266909639875,1.22797486327116,1.43542766967008,0.151165265922839,-0.0428406240201857,1.82959725063012,-0.0234153303441133,0.98131897651268
0,"",157558.661036611,1,0.725658990661945,0.0718403352906763,0.920674488943887,0.00000646559715651236,0.00021408366452398,0.000196263282477955,-0.0457622038591475,0.21182713934369,96.8656120962481,-0.216035603374213,0.829414276184527,0.0395965915210086,0.112839409673199,19045.0687987338,0.35091101270103,0.725658990661945,1.43366072990372,0.796365502001398,15135.3123021602,1.80025468996421,0.0718403352906763,0.0903071000705566,0.902365754017222,51.0216243230818,0.100078155302903,0.920674488943887,-0.169733502914491,0.210117006555854,-0.807804687953102,0.419203026001386,-0.0981687839249589,0.20993521482547,-0.467614659153642,0.64006017992663,-0.0715647189895324,0.218599770310865,-0.327377832500749,0.743382130634751,1.34335362983317,1.18784771759428,1.13091401358571,0.258091284444507,1.52396782997428,1.2189920973526,1.25018680045918,0.211231317434237,-0.180614200141114,1.80473150803445,-0.100078155302903,0.920282277795301
0,"",157608.33457412,1,0.977352275289436,0.0924964139398688,0.977539445069595,0.0000000423153022614275,0.000186003924715518,0.0000154317087231674,-0.031417038935093,0.209672675787647,98.2858759384297,-0.149838498588684,0.881199086448455,0.00320764878062963,0.112989544482056,19045.8183312024,0.0283888991263173,0.977352275289436,1.34168884489357,0.797447364290453,15215.8657569205,1.6824795026909,0.0924964139398688,0.0256064638305282,0.905142054626976,51.8614923348656,0.0282899945921539,0.977539445069595,-0.115962754554982,0.207951946484954,-0.557642073157379,0.577088820558517,-0.11171049831262,0.20776838173412,-0.537668423752635,0.59080598256045,-0.00425225624236161,0.218937571438494,-0.0194222317093537,0.984504275413066,1.31608238106305,1.19062422563067,1.10537174763593,0.268998540563576,1.3672953087241,1.22181129028899,1.1190724128934,0.263109247814497,-0.0512129276610566,1.81028410925396,-0.0282899945921539,0.977430860566421
0,"",157664.395883192,1,0.622011029044625,0.0768457816146198,0.935152440773053,0.0000127614525663864,0.00019919320833629,0.000129684610999804,-0.0301964180953943,0.20160230694404,105.028932878671,-0.14978210593481,0.881223779845639,-0.0557896816371634,0.113161301807218,19046.1080394678,-0.493010249495072,0.622011029044625,1.41428400313267,0.799299413982294,15714.2343397803,1.76940452900669,0.0768457816146198,-0.076574493514463,0.936550408327534,51.5419899780002,-0.0817622765775177,0.935152440773053,-0.0870822571934793,0.200052915520419,-0.435296116364727,0.663347503491338,-0.192193183648819,0.199868475591723,-0.961598286472238,0.336251432585065,0.10511092645534,0.220169223502325,0.477409715959825,0.633070396940272,1.49085849664713,1.21550439245236,1.22653484915775,0.219997469382224,1.33770950961821,1.2468205616651,1.07289657449323,0.283317523174274,0.153148987028926,1.87310081665507,0.0817622765775177,0.934835754527004
0,"",157675.183919767,0,0.462721519967395,0.0718996812909001,0.824734948800819,0.0000283314574008455,0.0573955490642037,0.000990092497011232,-0.0738523096138225,0.197969535537436,108.248921754457,-0.373048860337691,0.70984157537955,-0.0831267634467665,0.113191931393131,19035.7320196797,-0.734387711417838,0.462721519967395,1.49185541077007,0.813038208118843,55.2946136572812,1.83491427078418,0.0718996812909001,-0.213176858954909,0.957564603721042,50.007826075215,-0.222623996466156,0.824734948800819,-0.089268406170636,0.196663309709068,-0.453914898018824,0.649890080250833,-0.23751435664893,0.196483137406882,-1.20882819657485,0.226728856480189,0.148245950478294,0.220861801075038,0.671215890465039,0.502083007116564,1.70503226972498,1.24028075897727,1.37471476307586,0.16921989248859,1.27867855181516,1.27185920416997,1.0053617158431,0.314722707468788,0.426353717909819,1.91512920744209,0.222623996466156,0.823828158620525
0,"",157734.139882,0,0.499989460887196,0.116843456058937,0.908368331868463,0.0000239070813644312,0.0446894717846468,0.000274710592918863,-0.0576011290690157,0.199839080213045,106.761184763001,-0.288237560979604,0.773723741570183,-0.0764570357740241,0.113350417473729,19030.5667646594,-0.674519225231299,0.499989460887196,1.32535290970817,0.831698051147352,54.2839006066263,1.59355057749601,0.116843456058937,-0.116054797781683,1.0030927694974,48.7134928629293,-0.115696973710449,0.908368331868463,-0.0511241982713664,0.199054117185863,-0.256835673605435,0.797305630002689,-0.194234834072898,0.19888639007079,-0.976611994434428,0.328761278741068,0.143110635801531,0.222558428642086,0.643025009992674,0.520207871665802,1.44140770748986,1.28703531141786,1.11994418078704,0.262737549533168,1.20929811192649,1.31885314275855,0.916931592093028,0.359178487984147,0.232109595563366,2.00618553899481,0.115696973710449,0.907892704775512
0,"",157747.098596326,0,0.729544818216789,0.11432344714612,0.935426965362853,0.00000628236475776665,0.046638805259527,0.00013554831879888,0.00435823705941055,0.202554888129017,104.266540901311,0.0215163262642893,0.982874902203046,-0.039198184815336,0.113376000968463,19026.7129929839,-0.345736174150643,0.729544818216789,1.36947706870073,0.852902659188765,52.7012172366454,1.60566631367207,0.11432344714612,0.0833330593521817,1.02328669979781,48.9200605690379,0.0814366681093847,0.935426965362853,-0.013342246438853,0.202111908467853,-0.0660141529511865,0.947366557608305,-0.0987779656572654,0.201953603336095,-0.489112172427432,0.624762284183384,0.0854357192184124,0.223250472138081,0.382689982243667,0.701949643075056,1.28614400934855,1.31601924643155,0.977298784068693,0.328421254889685,1.45281012805291,1.34803953024029,1.07772071624187,0.281158410581627,-0.166666118704364,2.04657339959562,-0.0814366681093847,0.93509468900464
0,"",157751.221049858,0,0.834903112171016,0.0721838208991868,0.850366793300053,0.00000228323554651219,0.0609579445479182,0.000737162545787148,0.110271100279168,0.200011130735002,106.493127872672,0.551324818143586,0.582565966471866,-0.0236309554025773,0.113381307490967,19025.1430382938,-0.208420205459882,0.834903112171016,1.61306573956564,0.878875086451316,51.8924953743546,1.83537542983362,0.0721838208991868,-0.199022655639725,1.04939289076823,48.7579315734814,-0.189655044731651,0.850366793300053,0.0597529942187879,0.199998807947683,0.298766751821933,0.765118021078089,0.029303019274618,0.199848051468694,0.146626494775749,0.883426839898262,0.0304499749441699,0.224117603007707,0.135866056639571,0.891927169478029,1.81208839520537,1.35265082231873,1.33965718669292,0.180356822601631,1.41404308392592,1.38478498924559,1.0211282581105,0.307193676542787,0.398045311279452,2.09878578153647,0.189655044731651,0.849579450451398
0,"",157744.388554568,0,0.60219146816264,0.0829837873441886,0.695699975132843,0.0000142817017444776,0.0550014309268241,0.00314467832239125,0.0816900783081559,0.193728542725754,113.059195200045,0.421672909726049,0.674064448897154,-0.0590899182293563,0.113359697190603,19024.9385220941,-0.521260374663867,0.60219146816264,1.57535775019304,0.891736636505165,53.6219163467378,1.76661772736744,0.0829837873441886,-0.428069510310724,1.08802138338192,49.0692742682868,-0.393438508515473,0.695699975132843,0.0834166500774772,0.194197830531881,0.429544706287451,0.667526866632297,0.00139690367612271,0.194051421249703,0.00719862635958326,0.994256376774714,0.0820197464013545,0.225390896377559,0.36389999649303,0.715932687273602,2.00342726050377,1.3906869251723,1.44060264337033,0.149696973217576,1.14728823988232,1.42265926887591,0.80643922616048,0.419989636851441,0.85613902062145,2.17604276676385,0.393438508515473,0.693995632443506
0,"",157791.671132528,0,0.413386436926797,0.0705190556221626,0.866131608448196,0.0000351638371516438,0.0597905419360048,0.000578363751103353,0.0402024834250148,0.189369181519362,119.570190712011,0.212296864265131,0.832236922536529,-0.0928440957717349,0.113505958246062,19026.5361686919,-0.817966714755752,0.413386436926797,1.58888602976747,0.86102178600454,53.548750096635,1.84534939254034,0.0705190556221626,-0.190667671652343,1.12521437463332,49.6170871190368,-0.169450085202188,0.866131608448196,0.0737076563706874,0.189960207611434,0.388016297189238,0.698003973217844,-0.095874365469243,0.18980839813533,-0.505111293341648,0.613480669766161,0.16958202183993,0.226936893776406,0.747265105368961,0.454903551447274,1.77955370141982,1.40104522279138,1.27016149976538,0.204027108592614,1.39821835811513,1.43248179513922,0.976081066342101,0.329024293189016,0.381335343304686,2.25042874926665,0.169450085202188,0.865442630753631
0,"",157787.48746526,0,0.540643844923649,0.0445744356274617,0.938325528904189,0.0000196740026215926,0.0771709587072747,0.000120570940227011,0.0896084274503321,0.187504752619173,123.332115200755,0.477899499605374,0.633567686441851,-0.0694430631677939,0.113496743381213,19027.8478117039,-0.611850711297931,0.540643844923649,1.69356000374541,0.822229559997588,50.7320442539787,2.05971675811605,0.0445744356274617,0.090096549197041,1.15859499553931,50.1485065515513,0.0777636271034491,0.938325528904189,0.0730199668564236,0.188157395861394,0.388079174470578,0.697957442949355,-0.0734768377787175,0.187998377639759,-0.390837616266632,0.69591726831107,0.146496804635141,0.228123962194603,0.642180695205403,0.520755865925886,1.60346345454838,1.40533033305081,1.14098686752704,0.253875387992993,1.78365655294246,1.43591583355447,1.24217346954605,0.214172566023373,-0.180193098394082,2.31718999107862,-0.0777636271034491,0.938016080166037
0,"",157778.047650085,0,0.453675933147518,0.0390586832553293,0.913983751692929,0.0000295067532899597,0.0840417734277665,0.000231845049727328,0.0702521194943161,0.186405245931854,124.826243785209,0.376878446435991,0.706903852478059,-0.0850285555551395,0.113474872291232,19028.1233159301,-0.749316159941686,0.453675933147518,1.74765845019827,0.824209841132587,49.0024721265361,2.12040473551824,0.0390586832553293,-0.123432130334767,1.13705718816968,50.8151608974509,-0.108554021397513,0.913983751692929,0.054558504321916,0.186845440472423,0.291998050281396,0.770288114694438,-0.105071989518572,0.186683926647085,-0.562833616185952,0.573548187233474,0.159630493840488,0.227314130377618,0.70224624212893,0.482525612023225,1.87109058053304,1.38887268478009,1.34720093572098,0.177915526685593,1.62422631986351,1.41967407817712,1.14408394492139,0.25258882530005,0.246864260669536,2.27411437633937,0.108554021397513,0.913556230765446
0,"",157816.801575032,0,0.453444800356945,0.088372690627885,0.778388381971277,0.0000295402724461441,0.0578294681316525,0.00156381778675981,0.0578341217320411,0.189065884426075,118.861274077578,0.30589401100892,0.760220456341959,-0.0851540185835156,0.113584156074666,19025.998535525,-0.749699795520233,0.453444800356945,1.51976661679465,0.874183094312284,49.2412776440907,1.73849920764053,0.088372690627885,-0.311938490178317,1.10260513211264,51.1013148637574,-0.282910428305943,0.778388381971277,0.0349043271138009,0.18951599383271,0.184176155309677,0.853875264793117,-0.109053494432836,0.189363850984777,-0.575893941033143,0.564686871245632,0.143957821546637,0.226271916140007,0.636216036008474,0.524635622509422,1.83170510697297,1.39112613202947,1.31670670602726,0.187936954910136,1.20782812661633,1.42289718682334,0.848851299869981,0.395964040539747,0.623876980356635,2.20521026422528,0.282910428305943,0.777245500394062
0,"",157797.924946873,0,0.661544529453095,0.136682739290231,0.755464996406961,0.0000100744618140462,0.044799864286247,0.00190026907336123,0.0613455364755851,0.19179045082565,113.629679760922,0.319857095134274,0.749664029716415,-0.0496985678980566,0.113521849582711,19024.033484779,-0.437788567405666,0.661544529453095,1.37449754222876,0.908353625900272,48.8197671968759,1.51317449838602,0.136682739290231,-0.337564692320654,1.07811697650206,51.4921587078521,-0.313105812892289,0.755464996406961,0.0155332749326942,0.192277354949683,0.0807857739501309,0.935612321831222,-0.0553489365801199,0.192131104114108,-0.288079001238903,0.773286266161758,0.0708822115128141,0.2253192851849,0.314585639904934,0.753076283684663,1.71206223454942,1.39358198629057,1.22853355697183,0.21924674034829,1.03693284990811,1.42576796741359,0.727280226241271,0.46705430882913,0.675129384641309,2.15623395300412,0.313105812892289,0.754200272940661
0,"",157809.948926047,0,0.770103138952435,0.12272955620394,0.63637527763029,0.00000448980878124043,0.047897496403964,0.00441493541842807,0.0806840836713884,0.19177316787975,113.686539842369,0.420726656202398,0.674748942500983,-0.033186040627415,0.113555873693126,19022.2497766092,-0.292244157418903,0.770103138952435,1.43102033131711,0.911184607022126,49.0286294297203,1.5705053841876,0.12272955620394,-0.515666121769944,1.08419668942384,51.0123186908245,-0.475620454111493,0.63637527763029,0.00194264671005883,0.192339080486468,0.0101001143664899,0.991941411697402,-0.020869842110368,0.192194028684077,-0.108587359624337,0.91352978702323,0.0228124888204268,0.225583246190257,0.101126698040274,0.919449884709718,1.94668645308706,1.40006370146888,1.39042705774365,0.164399234803562,0.91535420954717,1.43223647862099,0.639108291969012,0.52275248602472,1.03133224353989,2.16839337884768,0.475620454111493,0.634344800650148
0,"",157659.366101121,0,0.703893579309925,0.0481137468651289,0.455329989708511,0.00000759390453302351,0.0765025916878559,0.0113074502647753,0.110155874318153,0.191379244396772,114.242941151865,0.575589451538303,0.566024753543628,-0.0429934936220111,0.113118283541131,19022.6680718651,-0.380075548144065,0.703893579309925,1.8100418646719,0.893199075794755,49.5724339210206,2.02647082125712,0.0481137468651289,-0.790742089384058,1.05085852529359,49.5082737225526,-0.75247245024076,0.455329989708511,0.00330340062218749,0.191535269388167,0.0172469573501514,0.986239601201928,-0.0158876470009168,0.191384016587428,-0.0830144924545414,0.933840016077652,0.0191910476231043,0.22372838016058,0.0857783335727457,0.93164263028933,2.60078395405596,1.36300642053743,1.90812303953086,0.0563753155478877,1.01929977528784,1.3951451379478,0.73060482924894,0.465020561435609,1.58148417876812,2.10171705058718,0.75247245024076,0.45176699142465
0,"",157610.158212658,0,0.406581149709437,0.0300852905118283,0.46252986448013,0.0000361994859473304,0.0911175865144272,0.0111777951038507,0.0926476861161383,0.188417682005637,119.031862256239,0.491714392884668,0.623826803863778,-0.0937763210212619,0.112991212894698,19027.3766626623,-0.829943485150977,0.406581149709437,1.95614268328627,0.876045784752311,49.733948785676,2.23292288751705,0.0300852905118283,-0.743430580725528,1.00387716441451,48.5156393110959,-0.740559310519943,0.46252986448013,0.054908991656001,0.187999560950101,0.292069786644741,0.77023326676036,-0.0698442308929088,0.187836380196943,-0.371835481602012,0.710015344280922,0.12475322254891,0.221976197603062,0.562011710696989,0.574108040325391,2.6995732640118,1.31618568078448,2.05105807138305,0.0402612918505333,1.21271210256074,1.34837176258195,0.899390017066633,0.368444954716509,1.48686116145106,2.00775432882903,0.740559310519943,0.458960686933964
0,"",157609.575934656,0,0.411802769149102,0.0411946838900422,0.670664368024017,0.0000353988343227372,0.0818340294702609,0.00378055045073204,0.0200721561553881,0.191844019883667,115.055987584282,0.104627478967339,0.91685358363225,-0.092737373878359,0.112991932054405,19028.7553565521,-0.820743323812767,0.411802769149102,1.82395295071338,0.87001943916119,49.3124530106285,2.09645080168773,0.0411946838900422,-0.416895428757436,0.974395805510535,48.2373491067654,-0.42785018818816,0.670664368024017,0.0405236832153459,0.191116536730269,0.212036508763963,0.83207855195762,-0.109734876783858,0.190949291410629,-0.574680722683998,0.565507247227387,0.150258559999203,0.221039181675722,0.679782465986695,0.496642210545579,2.24084837947082,1.29007575234351,1.73698976622123,0.0823889772536778,1.40705752195595,1.32229594790467,1.06410181789152,0.287282577439468,0.833790857514875,1.94879161102107,0.42785018818816,0.668760194614569
0,"",157619.732134833,0,0.452872304473817,0.0476130424276033,0.763560688939566,0.000029607541911095,0.080517871544157,0.00187135835100738,-0.0205648642652298,0.191896611132682,116.440419473605,-0.107166375392689,0.914841417611859,-0.0848430022334056,0.113025972561753,19030.9443436181,-0.750650494841355,0.452872304473817,1.65190435429647,0.812237108824786,47.2340459551659,2.03377109510127,0.0476130424276033,-0.303744542345692,1.00413279030458,48.8049898009079,-0.302494396436906,0.763560688939566,0.0247966004242743,0.190989362787982,0.129832363762589,0.896699057038487,-0.119231351457389,0.190813209911564,-0.6248589996083,0.532063603825055,0.144027951881663,0.222053387959922,0.64861857414064,0.516584946807826,1.95564889664217,1.27571409938562,1.53298368151923,0.125279875685984,1.34815981195078,1.30712551029447,1.03139277853056,0.302356665945741,0.607489084691386,2.00826558060917,0.302494396436906,0.762275204500633
0,"",157599.627574451,0,0.586704059206213,0.10355739766678,0.775152470400864,0.0000155273958907336,0.0557890800272968,0.0016421202817984,-0.0402437215571403,0.19135175863597,116.326812528615,-0.210312786482932,0.833791491199851,-0.0614089386764058,0.112961385699106,19032.5855743119,-0.543627703363874,0.586704059206213,1.35060398270099,0.813460107455505,46.6555540890686,1.66031987349161,0.10355739766678,-0.29502171565988,1.0272801615456,50.143131298415,-0.28718720238499,0.775152470400864,0.0113304321419307,0.190678991897106,0.0594215022284404,0.952616387016062,-0.0865662313655081,0.190506685284369,-0.454399966259929,0.649540976646976,0.0978966635074388,0.222698229276561,0.439593362845576,0.660231648658208,1.64562569836088,1.2946004316509,1.27114564318687,0.203676840071759,1.05558226704112,1.32591608928418,0.796115437147303,0.425964942324585,0.590043431319762,2.0545603230912,0.28718720238499,0.773968984799013
0,"",157677.294969445,1,0.601805670051398,0.11914038526637,0.694822971050016,0.0000142965634397633,0.000145393247140754,0.00302856797868197,-0.0631036662457998,0.192651185401742,116.044016692975,-0.327553999287404,0.743839095853583,-0.0590674384379181,0.113196272149221,19045.5781497976,-0.521814343497569,0.601805670051398,1.24822328754657,0.800927715754224,16702.8481358968,1.55847183583993,0.11914038526637,-0.399303357849303,1.01208427473009,51.241042652948,-0.394535680297763,0.694822971050016,-0.016543218679291,0.191712374048822,-0.086291866977131,0.931234403573218,-0.100947953528531,0.191533950417648,-0.52704992148081,0.598158921678488,0.0844047348492398,0.222598535071485,0.37917920179544,0.704554794987699,1.64752664539587,1.27496569490434,1.29221252931005,0.196283553847153,0.848919929697266,1.30616310116904,0.649934092409643,0.515734795183572,0.798606715698609,2.02416854946018,0.394535680297763,0.693185589931288
0,"",157657.934187713,1,0.510171950172864,0.102496896582902,0.642259306138741,0.0000227709338640828,0.000161388843457528,0.00413237570442518,-0.0366185418990905,0.192806185935289,116.042967386017,-0.189924102909129,0.849700432789404,-0.0745143424985827,0.113143543390337,19047.126432424,-0.658582365955375,0.510171950172864,1.30666679190627,0.800183975754366,16519.8615169904,1.63295795904238,0.102496896582902,-0.462844193854312,0.990596988304408,52.6111079485889,-0.467237634798947,0.642259306138741,0.00624555887351565,0.191672464805472,0.0325845388374081,0.974005899504234,-0.103685532557248,0.191490879867388,-0.541464599405742,0.588187391619276,0.109931091430764,0.221820219962381,0.49558643233429,0.620186227196644,1.76951098576058,1.25769010008751,1.40695310047958,0.159441296224216,0.843822598051957,1.28894111142657,0.654663421448352,0.51268448093398,0.925688387708625,1.98119397660882,0.467237634798947,0.640329870378831
0,"",157645.588336522,1,0.712429560231433,0.0679359630205272,0.702870609924869,0.00000713358166199736,0.000200640003731345,0.00283994341522812,-0.0512108791273511,0.192688512181908,115.885565812871,-0.265770276325582,0.790888374420011,-0.0416903814323026,0.113104492274144,19045.8909235178,-0.368600579818289,0.712429560231433,1.46062724147751,0.800102391173755,16606.6863378812,1.82555040153643,0.0679359630205272,-0.383975920481407,1.00105589005773,51.659062016507,-0.383570911769235,0.702870609924869,-0.0373813805741224,0.191655462914655,-0.195044691164209,0.845357960934823,-0.0883267479479669,0.191475691445059,-0.461294837383109,0.644587088364559,0.0509453673738445,0.222088816277619,0.229391863254207,0.818564359756059,1.84460316195892,1.26581391625201,1.45724670765247,0.14504829171036,1.07665132099611,1.29702297288261,0.830094257007085,0.406485493869166,0.767951840962815,2.00211178011547,0.383570911769235,0.701296502893669
0,"",157777.72254689,0,0.944340815069658,0.216057244952398,0.787424745018641,0.000000256198922227813,0.0313094691383092,0.00150241947603774,-0.0864434152025273,0.196647651321705,111.679166781788,-0.439585291873689,0.661086950491631,-0.00792296362469004,0.113483431245047,19025.3649976098,-0.0698160386742437,0.944340815069658,1.03990199082836,0.829667295997719,48.6055908743294,1.25339638653325,0.216057244952398,-0.27518710915131,1.0149219447171,48.8592389697586,-0.271141155813729,0.787424745018641,-0.0919138334622587,0.195921840000002,-0.469135209542018,0.638972993173356,-0.0845140251246487,0.195752464796863,-0.431739264240432,0.66593092669947,-0.00739980833760997,0.223164947277018,-0.0331584705747918,0.973548215577047,1.31508909997967,1.29490737345875,1.01558545957385,0.309826831874695,0.764714881677048,1.32666636574354,0.57641838326734,0.564332421716133,0.550374218302622,2.02984388943419,0.271141155813729,0.786282468964884
0,"",157941.006586153,0,0.950834065730927,0.205050958236741,0.810452633305736,0.000000199792030877553,0.0326660369444777,0.00117083697733686,-0.15159445603849,0.205629886788427,103.442859375388,-0.737219955747318,0.462657502657885,0.0070278277927529,0.113976687141929,19029.6988239408,0.0616602216556931,0.950834065730927,1.06689388045572,0.830639650376382,48.8536615043644,1.28442445526443,0.205050958236741,-0.225649609524582,0.935821969097219,49.5995212032519,-0.241124505489292,0.810452633305736,-0.16960152537499,0.204208612337923,-0.830530717746293,0.40623878779171,-0.136484689291266,0.204029537871573,-0.668945735578624,0.503530093931161,-0.033116836083724,0.22152353138239,-0.149495793413289,0.881162428439902,1.2925434899803,1.23519445067369,1.04642915880599,0.295362936104688,0.841244270931138,1.26717979871434,0.66387127681853,0.506772701376829,0.451299219049166,1.87164393819444,0.241124505489292,0.809458620389678
0,"",158027.629663662,1,0.916330426769663,0.0908655687728825,0.689627405230506,0.000000579440411203346,0.000199561521334414,0.00312490000064502,-0.155605934900903,0.209409488393575,101.162581747854,-0.743070125879152,0.459161370194944,-0.0120030300452494,0.114250823731879,19048.2057929469,-0.105058586478272,0.916330426769663,1.36153397250103,0.80518245842827,14325.3377921256,1.69096328198551,0.0908655687728825,-0.350527230223259,0.872784696174724,51.4557486730255,-0.401619359000638,0.689627405230506,-0.17682706939657,0.207318312752377,-0.852925470253916,0.39370063608942,-0.171223227573641,0.207121324210621,-0.826680826931781,0.408417991369702,-0.00560384182292825,0.220159404984122,-0.0254535654442398,0.979693185881634,1.71206120272429,1.17178073105813,1.46107642611454,0.143994468830679,1.01100674227777,1.202943786216,0.840443879308783,0.400659555287435,0.70105446044652,1.74556939234945,0.401619359000638,0.687964180373646
0,"",158062.370650292,1,0.656597861277706,0.0810644401226777,0.61837981844508,0.0000103788647970143,0.000213832778590013,0.00514778029593009,-0.0783157151141481,0.205820304588409,103.925849112088,-0.3805052920836,0.704346987967155,-0.0508467630719586,0.114359481651855,19047.0579476306,-0.444622189061259,0.656597861277706,1.406315091372,0.806065059136999,14231.7375709631,1.74466697871466,0.0810644401226777,-0.4405385420042,0.878680816596873,48.5784999780967,-0.501363559648888,0.61837981844508,-0.108936001035193,0.203726384241377,-0.534717196502758,0.592845428402128,-0.173416147181441,0.203527264130429,-0.852053644617894,0.394184318667502,0.0644801461462481,0.220513078223874,0.29240962334572,0.76997345124279,1.84685363337621,1.17667989400231,1.56954635053243,0.116520688172211,0.965776549367803,1.20791810197732,0.799538104269535,0.423978461190123,0.881077084008402,1.75736163319375,0.501363559648888,0.616115280824918
0,"",158129.84913833,1,0.475822512006698,0.0546586172196645,0.598450393452564,0.0000266965557481873,0.000249296421614185,0.00565819504746128,-0.0512316884402408,0.213445602659393,97.7552700646335,-0.240022224875693,0.810815624947696,-0.081675821608328,0.114544041299543,19044.7462969611,-0.713051684589499,0.475822512006698,1.55294046465882,0.808094064544148,14810.2180554096,1.92173229924024,0.0546586172196645,-0.479497170756008,0.904619799327122,49.3739308831775,-0.530053809470751,0.598450393452564,-0.0655826046647983,0.211608401257315,-0.30992438993502,0.756618454908541,-0.188429936177031,0.211420313606487,-0.891257481188643,0.372791053380299,0.122847331512232,0.221570223893344,0.554439713755792,0.57927795331916,2.03243763541483,1.19712285453898,1.69776863561554,0.0895514377561525,1.07344329390281,1.22865897144517,0.873670659516049,0.382297633767183,0.958994341512018,1.80923959865425,0.530053809470751,0.596074623308537
0,"",158298.460282665,0,0.263733906935115,0.0574587792660609,0.737573474992499,0.0000656209982984954,0.0747700313806958,0.00222299257153963,-0.0475018998110728,0.214328216175425,98.170186154243,-0.221631573568424,0.825061075542264,-0.128586612939615,0.115051671217746,19034.1863920044,-1.1176422869708,0.263733906935115,1.58245161202954,0.812515146963234,46.9375130242094,1.94759644536343,0.0574587792660609,-0.304574228741561,0.904039391964735,50.9456464892528,-0.33690371398489,0.737573474992499,-0.0210790692900853,0.212453565320474,-0.0992173007701177,0.920965738607578,-0.252524156922676,0.21226384866297,-1.18967105568518,0.234175705953485,0.231445087632591,0.222418973125041,1.04058158519811,0.298069781377017,1.88702584077111,1.19957812416838,1.57307456909429,0.115701552689609,1.27787738328798,1.23123860260877,1.03787956337658,0.29932612911854,0.609148457483124,1.80807878392947,0.33690371398489,0.736189485478152
0,"",158329.184423338,1,0.12443563981593,0.182084732230232,0.836649304522872,0.000123915667167012,0.000117564520682955,0.00082609095660736,-0.0948497249131218,0.200392213378534,111.644054884185,-0.47332041157684,0.636908772159453,-0.176947416928759,0.115163642322411,19049.2390436549,-1.53648680573491,0.12443563981593,1.0843196363716,0.812574540377797,15144.7073419405,1.33442482195844,0.182084732230232,-0.190310116809451,0.918401653315903,51.9363775205991,-0.207218830804946,0.836649304522872,-0.00406369185592326,0.1984823794347,-0.0204738167060326,0.983665398939496,-0.341882559551636,0.198283701322843,-1.72420908663081,0.0846701043501408,0.337818867695712,0.223032476514713,1.51466222755872,0.129857964675555,1.27462975318106,1.21031107474338,1.05314227042937,0.292275792114668,0.894009519562154,1.242024582414,0.719800181269,0.471648033304568,0.380620233618903,1.83680330663181,0.207218830804946,0.835838961617418
0,"",158321.39341497,1,0.174990756299948,0.508106303105356,0.779152994470182,0.0000965610916578703,0.0000303578047315738,0.00152448631394569,-0.0889509917504945,0.199022740712457,113.322323813076,-0.446938834386812,0.655772240915504,-0.156190273852867,0.115151333995817,19051.3572415364,-1.35639135416826,0.174990756299948,0.537057993430995,0.811503993840383,14427.0487424996,0.661805730480029,0.508106303105356,-0.248754343342772,0.882481191669159,52.0408423723039,-0.281880617616641,0.779152994470182,0.0137001960982958,0.196805297814967,0.0696129436067139,0.944501734426714,-0.277667457110691,0.196597129883512,-1.41236780656571,0.157841690530546,0.291367653208987,0.221978237759619,1.31259557761022,0.189319260597295,0.785812336773769,1.18307819019926,0.664209976384926,0.506555929151932,0.288303650088225,1.21447501712151,0.237389527181505,0.812354613658415,0.497508686685545,1.76496238333832,0.281880617616641,0.778035052048662
0,"",158351.374699286,0,0.112925179206593,0.622835868912049,0.784604048275341,0.000132001028188894,0.00518787920792095,0.0015276261505462,-0.11361892753395,0.197519047327876,114.025158617312,-0.575230232582816,0.56626897358829,-0.182691868568274,0.115244518674586,19035.4537506957,-1.58525429816004,0.112925179206593,0.416067174146862,0.840369364596141,47.0043114266493,0.495100359050824,0.622835868912049,-0.237101548420367,0.862762627003472,49.3634041039105,-0.274816665672994,0.784604048275341,0.0336128295215232,0.195329672311169,0.172082557267472,0.863372625485454,-0.311742353520162,0.195121853168279,-1.59768036464529,0.110114130830453,0.345355183041685,0.221580336678745,1.55860031724021,0.119091007916092,0.653168722567231,1.18845428566981,0.549595159395727,0.5825970796803,0.178965625726495,1.22013788150536,0.146676558804726,0.883387321826596,0.474203096840736,1.72552525400695,0.274816665672994,0.783457093556165
0,"",158320.697745179,0,0.0667411732580834,0.513163479552473,0.904933851358072,0.000176571314416486,0.0094953645627537,0.00029245519239975,-0.116515818821899,0.193581648448258,118.261607382847,-0.601894961407162,0.548396246721285,-0.211138449614691,0.115154825418366,19035.9051972379,-1.8335180384114,0.0667411732580834,0.549061070476846,0.833039678083708,45.3163370749405,0.659105544335997,0.513163479552473,-0.105856358108964,0.881787879415789,49.262821275561,-0.120047417956229,0.904933851358072,0.0522291616043468,0.191455512847406,0.272800510299092,0.785006567274757,-0.361105789296163,0.191247919049114,-1.88815539061331,0.0590050925639028,0.413334950900509,0.221961763591461,1.86218988447616,0.0625763297641097,0.654917428585811,1.19706125460318,0.547104357498324,0.584307038765708,0.443204712367883,1.22884266357442,0.360668395967555,0.71834735305116,0.211712716217928,1.76357575883158,0.120047417956229,0.904445585437423
0,"",158177.248618752,0,0.0553306656226828,0.27853664005936,0.807135081892243,0.000192918679135562,0.0258693091907417,0.00122713514748095,-0.0665034449986937,0.199836944777989,108.408440833449,-0.332788539539455,0.739936597970678,-0.219817782173741,0.114704205405045,19033.0720099537,-1.91638816900842,0.0553306656226828,0.924564207425417,0.842984719872117,45.2967604310292,1.09677457447352,0.27853664005936,-0.220567255921233,0.898636385306668,49.0329950528866,-0.24544661169708,0.807135081892243,0.134881725617688,0.198053754334647,0.681035944361758,0.495848746732487,-0.286121977207989,0.197860835166649,-1.44607686997278,0.148155642448233,0.421003702825677,0.221666965662943,1.89926226294737,0.0575300019429389,1.14513146334665,1.21600344352648,0.941717286610391,0.346337402259031,0.703996951504185,1.24806923173419,0.564068830160956,0.57270729000016,0.441134511842468,1.79727277061334,0.24544661169708,0.806110641607656
0,"",158088.059807046,0,0.137433722505877,0.138336932345959,0.821461065393651,0.000115924198053685,0.0460281773789188,0.00107280876128576,-0.0156257101456391,0.204249245761348,104.278333854854,-0.0765031473550539,0.939165398490754,-0.169984154595103,0.114430585403569,19033.0413685379,-1.48547832728121,0.137433722505877,1.25842079961127,0.834722715176959,47.1063094483956,1.50759141536538,0.138336932345959,-0.202884637591098,0.894132268464013,47.9409144227147,-0.226906739357057,0.821461065393651,0.127668986059918,0.202450720804772,0.630617592036299,0.52829059341228,-0.195161156104042,0.202260169731218,-0.964901573865929,0.334594113060398,0.32283014216396,0.221069849070359,1.46030833024731,0.144205353652411,1.46130543720237,1.20715568834203,1.21053601562314,0.226073279502494,1.05553616202017,1.23904971392817,0.851891695833413,0.394274206273866,0.405769275182197,1.78826453692803,0.226906739357057,0.820496261481783
0,"",158122.821115192,0,0.335929002847516,0.107653253636417,0.84501355544735,0.0000486411296730851,0.0520717607899263,0.000783987766875027,-0.0666235663957888,0.200562800493684,108.504826545133,-0.33218306800561,0.740391875037732,-0.110215193578965,0.114537321966245,19035.4921065427,-0.962264453951929,0.335929002847516,1.36441061337046,0.832515393912251,48.8966189899883,1.63890136248252,0.107653253636417,-0.17926276850219,0.912193082910619,49.221715739404,-0.196518447531086,0.84501355544735,0.0213401794779432,0.198842069222764,0.107322256106859,0.914533328692175,-0.183947438347349,0.198651322071041,-0.92598144542711,0.354455622895427,0.205287617825292,0.221777937319327,0.925644905470055,0.354630548455761,1.54367338187265,1.21888658788168,1.26646186545988,0.205347774006141,1.18514784486827,1.25086837401218,0.947460076128464,0.343404390844224,0.35852553700438,1.82438616582124,0.196518447531086,0.844204395133508
0,"",158104.215258383,0,0.255074250432968,0.124467041678497,0.67328752713817,0.0000680440582597302,0.049174520884599,0.00364462565565743,-0.191274671168468,0.194748322286074,115.256898390127,-0.982163383607978,0.32807657045427,-0.13030356923364,0.114487666725181,19035.9894305182,-1.13814503309272,0.255074250432968,1.27786008112083,0.817008532046937,47.3014111047292,1.56407189276135,0.124467041678497,-0.397514600881597,0.937147192739816,49.1871764341039,-0.424175203171057,0.67328752713817,-0.0441264743836739,0.193075923965816,-0.228544675469152,0.819222828965196,-0.27115457154862,0.192882067929667,-1.4058049794836,0.159782043020143,0.227028097164946,0.222438416182666,1.02063349065798,0.307428116058819,1.67537468200243,1.22728568259644,1.36510570094651,0.172219830492749,0.88034548023923,1.25907325358337,0.699201160642346,0.48442632536633,0.795029201763197,1.87429438547964,0.424175203171057,0.671438043544072
1,Model failed to converge with 1 negative eigenvalue: -7.5e+01,158102.764911748,1,0.194214467171707,0.179836001223147,0.57726601947716,0.0000884797583757261,0.000115922000592182,0.00640688227251904,-0.253611147923284,0.192483392739633,120.559222703026,-1.31757417776991,0.190144643628048,-0.148633380100365,0.114486795648438,19047.5688614141,-1.29825784064027,0.194214467171707,1.08443875341817,0.808485848063012,15518.4734934489,1.34132063785197,0.179836001223147,-0.530240722534147,0.944929431948557,48.8325310982951,-0.561143197159949,0.57726601947716,-0.098690280708505,0.190794680467507,-0.517259079061757,0.604975315609232,-0.351166295908509,0.190598177139574,-1.84244309771836,0.0654103626217553,0.252476015200004,0.222674117328883,1.13383638039577,0.256863187472828,1.61467947595232,1.22768710173842,1.31522068910386,0.18843574388079,0.554198030884025,1.25931186605492,0.440080051512718,0.659879129452033,1.0604814450683,1.88985886389712,0.561143197159949,0.574699922259701
0,"",158202.223143772,1,0.177872448229439,0.177160539307764,0.447836825671857,0.0000952978233146198,0.000115782707717916,0.0116389391474666,-0.160455836840385,0.191661234681979,122.620568381518,-0.837184614335951,0.404117506174103,-0.154659539448265,0.114785004979374,19048.4104251029,-1.34738452532241,0.177872448229439,1.09425923621618,0.810796630804401,15729.777618114,1.34960999422327,0.177160539307764,-0.732504472894345,0.957412704707328,49.707785873387,-0.76508747930002,0.447836825671857,-0.0484702852823537,0.19004598688686,-0.255045034501095,0.798688316560613,-0.295912900031622,0.189849853795246,-1.55866804275112,0.11907496926783,0.247442614749269,0.2235588151447,1.10683452401154,0.268365478711627,1.82676370911053,1.23864450537345,1.47480871322298,0.140263978015925,0.361754763321833,1.27036227770889,0.284765038815747,0.775824158683158,1.46500894578869,1.91482540941466,0.76508747930002,0.444219455047208
0,"",158227.169840514,0,0.0782862930696557,0.154217347474929,0.278491015284738,0.000162841711913252,0.0400538683781768,0.0234720663285583,-0.132311710535735,0.19043480864285,121.892297913164,-0.694787426094346,0.488510796832955,-0.202239738004456,0.114855955946716,19036.6076911566,-1.76081193471829,0.0782862930696557,1.2024024572511,0.831166220433691,50.1563977050111,1.44664500035108,0.154217347474929,-1.06214698844876,0.969428915516536,49.9425430149762,-1.09564195109945,0.278491015284738,-0.00316183475387083,0.189060639350917,-0.0167239186576647,0.986656865498829,-0.317919128193461,0.18887084370862,-1.6832620744996,0.0923243687804377,0.314757293439591,0.224043272905929,1.40489508726178,0.160052477669689,2.26454944569986,1.26080724532412,1.79611074896521,0.0724769052632736,0.140255468802339,1.29291318602504,0.108480190563717,0.913614793414924,2.12429397689752,1.93885783103308,1.09564195109945,0.273235495358117
0,"",158219.477148035,0,0.0290509291274296,0.151746334947542,0.279154626503083,0.000250250651462473,0.0396869281343155,0.023145308873957,-0.154871090952641,0.184781882222357,130.16015762098,-0.838129199086072,0.403494605386461,-0.250681458995535,0.114835571801438,19037.4002201798,-2.18295999282337,0.0290509291274296,1.2108163143567,0.832128281313719,51.232000995733,1.45508371911736,0.151746334947542,-1.09226383297432,0.998433733078396,50.5107249115184,-1.09397729342199,0.279154626503083,0.0511179597716266,0.183648937802308,0.278346068228575,0.780746715442032,-0.357978731320738,0.183460286287864,-1.9512600713979,0.0510261162781388,0.409096691092365,0.224916820899967,1.81887992839056,0.0689297506704251,2.30308014733103,1.28360917561369,1.7942222532259,0.072777701620085,0.118552481382386,1.31566039542974,0.0901087254691305,0.928200815507872,2.18452766594864,1.9968674661568,1.09397729342199,0.273964937022318
0,"",158360.642276855,1,0.0616474767972132,0.15466558555243,0.450152835506617,0.000183318900110872,0.000124831229725724,0.0109764281086499,-0.136942073435895,0.186773521563024,128.942822582514,-0.733198540616936,0.464768241124538,-0.215423730655925,0.115265628396286,19050.2454721504,-1.86893294777601,0.0616474767972132,1.15949962066313,0.814650189417585,16226.3720814316,1.4233098276109,0.15466558555243,-0.751209847835101,0.987287023570235,52.1652499435674,-0.760882934649106,0.450152835506617,0.0457617575925289,0.185343405180211,0.246902540438567,0.804983650200246,-0.32162915029655,0.185146571582832,-1.7371596327543,0.0823589979452956,0.367390907889079,0.225295461434086,1.6307070970294,0.102952138364203,1.91070946849824,1.2639875643086,1.51165210991882,0.130622387648584,0.40828977282803,1.2958073287838,0.315085247442795,0.752696929297897,1.50241969567021,1.97457404714047,0.760882934649106,0.446726992373401
0,"",158394.2329217,1,0.309406253825108,0.166591510546012,0.613112559707191,0.0000542379261192406,0.000116171502309959,0.00477820103928948,-0.115635187660399,0.191337914189374,122.829204784376,-0.604350623086395,0.546725251400568,-0.117258852849873,0.115355963348811,19049.5425222188,-1.01649580520868,0.309406253825108,1.12822719092729,0.815605309127313,16469.5971017159,1.38330044974141,0.166591510546012,-0.509234168661086,1.00125671910103,53.8765338083471,-0.508595007600347,0.613112559707191,-0.0435655227638548,0.190065637840002,-0.229213040605101,0.81870333743908,-0.235066959013103,0.189874779670727,-1.23801043730372,0.215712190780319,0.191501436249248,0.225883976122235,0.847786724568809,0.396556757676401,1.63746135958838,1.27538043497665,1.28390032862497,0.19917683226608,0.618993022266209,1.30723326981913,0.473513822327865,0.635846641938224,1.01846833732217,2.00251343820206,0.508595007600347,0.611036129062925
0,"",158392.466464004,0,0.605183528479344,0.148863689753424,0.656848905133912,0.0000140376814935783,0.0384222242443328,0.00372289829845749,-0.0698261264815865,0.190486587660356,123.367110423234,-0.366567154880683,0.714569849669053,-0.0596324375516826,0.115350034386939,19038.3009021809,-0.516969395532617,0.605183528479344,1.24374352997544,0.849206801503932,53.6829849713991,1.46459440477018,0.148863689753424,-0.439519983685462,0.983777106988587,53.4149472727069,-0.446767850728773,0.656848905133912,-0.045093889590888,0.189306448560246,-0.238205776579962,0.811721496997773,-0.127231424836438,0.189120859931984,-0.672751936947597,0.501105119669481,0.0821375352455498,0.225319416386204,0.364538203422131,0.715456151199187,1.68326351366091,1.28327367055524,1.31169488806905,0.18962310226705,0.804223546289981,1.31573092324018,0.611237094214875,0.541042629371563,0.879039967370926,1.96755421397718,0.446767850728774,0.655042686110659
0,"",158365.765961089,0,0.368235320669929,0.164456074008042,0.815135773458352,0.0000425334951450047,0.0359937795221331,0.0010457833519388,-0.0798804909894638,0.19244611303669,119.541076122854,-0.415079783784641,0.678827526653273,-0.103709559103912,0.115257793019963,19034.7612054814,-0.899805179212041,0.368235320669929,1.22807740874001,0.871184596134951,53.2210567007499,1.40966382347487,0.164456074008042,-0.234603212983183,0.998405252490996,52.7421776907285,-0.234977943473207,0.815135773458352,0.0580878352855942,0.191600139776769,0.303172196811922,0.761758636240083,-0.129513769399579,0.191424488125734,-0.676578898905087,0.498673170975521,0.187601604685173,0.225616555344013,0.831506377708517,0.405687626854753,1.4626806217232,1.30860846903228,1.11773739536077,0.26367916644948,0.99347419575683,1.34130353472503,0.740678131412287,0.458888621979684,0.469206425966366,1.996810504982,0.234977943473207,0.81422585253468
0,"",158460.428489038,0,0.100129248328829,0.182726089694843,0.722705311876922,0.000142041799802806,0.0351929551804414,0.00239963544832374,-0.124045425682506,0.198632012214837,113.114564913527,-0.624498661113805,0.533557754458041,-0.1899724977876,0.115533448220596,19032.1624455199,-1.64430734746939,0.100129248328829,1.15326744328304,0.853549158841343,50.0481140007822,1.35114355317104,0.182726089694843,-0.363569149653264,1.01914308220122,52.9072340293257,-0.356740045635202,0.722705311876922,0.134387527950231,0.197824440709972,0.679327223006053,0.496930551182749,-0.214845882527502,0.1976508352456,-1.08699708888422,0.277038096241476,0.349233410477733,0.226740533109068,1.54023370100194,0.123503397868859,1.51683659293631,1.31300779164284,1.15523807443552,0.247992946973465,0.789698293629779,1.34551407134967,0.586911954653616,0.55726284047405,0.727138299306531,2.03828616440245,0.356740045635202,0.721286423340068
0,"",158622.602986486,0,0.0929517631406129,0.242216748700616,0.936680317793546,0.000148298099253025,0.0270083777872729,0.000121176262596005,-0.13632993793477,0.199932094842468,112.21519198905,-0.681881205927381,0.496719064937309,-0.194946097266969,0.116031545907123,19031.6717706017,-1.68011290156396,0.0929517631406129,0.990757440705077,0.837247514678933,50.4472564397958,1.18335070971815,0.242216748700616,-0.0804302599408288,1.00759529772822,52.5770842067224,-0.0798239730992904,0.936680317793546,0.113232120899597,0.198829946644945,0.569492286299297,0.56902210403055,-0.269865930690859,0.198648414728739,-1.35851036646515,0.174301795448585,0.383098051590456,0.227214999887366,1.6860596869941,0.0917843036430377,1.07118770064591,1.29375546815687,0.82796767009763,0.407688809441532,0.91032718076425,1.32614484815738,0.686446267184999,0.492431737036545,0.160860519881658,2.01519059545644,0.0798239730992904,0.936377257384487
0,"",158648.891110867,0,0.0688944701140146,0.264779536615939,0.752384386038072,0.000173883309698484,0.0246849466955914,0.00193025248477375,-0.134271394512776,0.198626182013652,112.613161382513,-0.676000480659428,0.500426274436215,-0.211243741577891,0.116118127094684,19029.800552064,-1.81921416460362,0.0688944701140146,0.956645199163674,0.848274135166001,50.2506953994682,1.12775476641931,0.264779536615939,0.311599498054106,0.982437504535532,52.0152157169407,0.317169791071261,0.752384386038072,0.104881905387197,0.197362066156519,0.531418764657744,0.595128621041563,-0.343927157885995,0.197177389846266,-1.74425251370934,0.0811150679924849,0.448809063273193,0.226573705905614,1.98085237419455,0.0476078313509068,0.64504570110957,1.28157308138624,0.503323384735767,0.614736927872607,1.26824469721778,1.31418239011389,0.965044659522395,0.334522443541552,-0.623198996108213,1.96487500907107,-0.317169791071261,0.751114770680372
0,"",158669.749328187,0,0.0275100597510649,0.173963269011232,0.998203455769947,0.000255304084198221,0.0365901619118977,0.0000000985524035087723,-0.0808639574767426,0.197033846622396,114.609380466813,-0.410406429468506,0.682274052004536,-0.256097407325607,0.116176993199544,19028.3637718027,-2.2043728303911,0.0275100597510649,1.20281040291331,0.872111694570176,50.0837543129483,1.379193067129,0.173963269011232,0.00225194286403195,0.995334223806706,51.9409151630328,0.00226249917883792,0.998203455769947,0.138782502690702,0.196048660188761,0.707898246063396,0.479008449003827,-0.373602539142794,0.195870428339583,-1.90739634517506,0.0564692823127311,0.512385041833497,0.2270696003364,2.25651095996296,0.0240386496983671,1.20055846004928,1.30679427153433,0.91870502205346,0.358249882310509,1.20506234577734,1.33971145462708,0.899493948204528,0.368389617855468,-0.00450388572806392,1.99066844761342,-0.00226249917883792,0.998194788376493
0,"",158770.243626489,0,0.0443230505373423,0.17195370205413,0.779259496395155,0.00021255923728403,0.037607118269377,0.00157303147308003,-0.0372973099127395,0.198435082030537,113.214461696266,-0.187957237858777,0.85124664312326,-0.234238143649565,0.116469400286945,19024.7627910319,-2.01115608968943,0.0443230505373423,1.24367689487069,0.897213458183412,49.1706466247252,1.38615497073435,0.17195370205413,-0.290179180253691,1.02977631700298,50.3994260791381,-0.281788554914737,0.779259496395155,0.0971012850216681,0.197921970794701,0.49060387096887,0.623706648036992,-0.346862849372372,0.197754408349155,-1.7540081774559,0.079429105952191,0.44396413439404,0.228647627652036,1.94169578295245,0.052173939530633,1.53385607512438,1.34912875745544,1.13692341568447,0.255570302437706,0.953497714617,1.3822858246463,0.689797795518147,0.490321355199419,0.580358360507384,2.05955263400597,0.281788554914737,0.778105647320234
0,"",158870.111948042,0,0.122318681338941,0.185284392457665,0.875164901602112,0.000125486023522616,0.0360895319603333,0.000492485685899896,0.0224198487176093,0.203053867230411,108.975818365112,0.110413305707539,0.912284686444358,-0.18041977490137,0.116762736587725,19024.3525074643,-1.54518282265352,0.122318681338941,1.20635747315407,0.897687457622859,48.2344321585406,1.34385020411068,0.185284392457665,-0.166390940587106,1.05378139511867,50.6000273303012,-0.157898916566436,0.875164901602112,0.122918162299604,0.202731942604491,0.606308807188837,0.544309711353023,-0.223865933303674,0.20256952886878,-1.10513133220885,0.269102685811327,0.346784095603278,0.229915423120368,1.50831158213221,0.131474800305174,1.37274841374118,1.36762716979549,1.00374461992186,0.315501724020564,1.03996653256697,1.400782611607,0.742418219607899,0.457833984020542,0.332781881174213,2.10756279023735,0.157898916566436,0.874536451809597
0,"",158946.168129374,0,0.153220573956857,0.148141494122714,0.923242209249179,0.000107220525822093,0.0433639151163896,0.000184905998863624,0.0865301022168248,0.208805387235331,103.838883321741,0.414405506306705,0.679431976734734,-0.167087138630277,0.116982833872712,19024.6759216435,-1.42830476146683,0.153220573956857,1.28915074320674,0.876994899789165,47.6685063911556,1.46996378601136,0.148141494122714,-0.105617664077388,1.09073983256335,50.69900746409,-0.0968312157713868,0.923242209249179,0.194647075078387,0.208643265494495,0.932918082052943,0.3508622655335,-0.13060541692838,0.208484001132094,-0.626452947080716,0.531017890237841,0.325252492006767,0.231509178676929,1.40492266382516,0.160044276388111,1.39476840728413,1.38307764762831,1.00845271389923,0.313237177459096,1.18353307912935,1.41589656890043,0.835889502895306,0.40321706830559,0.211235328154776,2.1814796651267,0.0968312157713868,0.922860433808563
0,"",158949.452590202,0,0.214888815458602,0.0680349814597915,0.943552522790552,0.0000808366421536859,0.0701478980052494,0.00010102326232456,0.053505809971161,0.206072256390675,106.891977294958,0.259645868436185,0.795636377057371,-0.145119735858276,0.117006051726715,19027.9909224962,-1.24027547051348,0.214888815458602,1.55983729986723,0.834822192465715,46.2774954360141,1.86846649974664,0.0680349814597915,-0.0773227530562543,1.08658336279763,50.1214065433783,-0.0711613629507184,0.943552522790552,0.161432607261745,0.205557081455706,0.785341989283552,0.432253083220039,-0.122275220302044,0.205385371385353,-0.595345323171172,0.55161266577599,0.283707827563789,0.231417782152684,1.22595517476961,0.220215543890584,1.63716005292349,1.35405564552909,1.20907885752641,0.226632550966871,1.48251454681098,1.38625982539153,1.06943483440578,0.284873777896917,0.154645506112509,2.17316672559527,0.0711613629507184,0.943269331324663
0,"",158995.559663166,1,0.359556568668792,0.0559929788624661,0.977940387295124,0.000044078326905868,0.000217907653139174,0.0000152235015535114,-0.0134468315779232,0.201397739186649,113.92803431991,-0.0667675398553562,0.946883794616028,-0.107349862338072,0.117164435111677,19044.3929041469,-0.916232491845757,0.359556568668792,1.58469001719778,0.829149753611748,16759.2879298942,1.9112229248033,0.0559929788624661,-0.0293114846522793,1.05483017767882,50.7211828800656,-0.0277878707611303,0.977940387295124,0.098873996093958,0.200504622432222,0.493125768845458,0.621923724078979,-0.113349714992776,0.200322602493815,-0.565835874642632,0.57150535669849,0.212223711086734,0.230637132486416,0.920162806391265,0.357487687440797,1.61400150185007,1.32546594592784,1.21768613279631,0.223343268740367,1.55537853254551,1.35773784711864,1.14556616054144,0.251974705659796,0.0586229693045587,2.10966035535765,0.0277878707611303,0.977831339958861
0,"",159003.273718172,1,0.457997486365746,0.153955112290518,0.844228641652379,0.0000289192158763797,0.000130779651457774,0.0007895512235639,0.0128103617565884,0.204983702301323,109.584940195119,0.0624945379206652,0.950282856410254,-0.0869842162839301,0.11720359020028,19045.8345095407,-0.742163410995258,0.457997486365746,1.18017161451677,0.827743908392497,15541.8018169602,1.42576901207126,0.153955112290518,0.190960666721476,0.966773378208032,49.3759125083762,0.197523712408623,0.844228641652379,0.100384704740161,0.203320053612595,0.493727514608241,0.621498630748601,-0.0897146475492406,0.203125358608774,-0.441671331259206,0.658727058167574,0.190099352289401,0.227937583830544,0.833997400054602,0.404282448945104,0.989210947795301,1.25640876781251,0.78733209536382,0.431087486040333,1.37113228123825,1.28882058237335,1.06386590964689,0.287389448252692,-0.381921333442953,1.93354675641607,-0.197523712408623,0.843417727137325
0,"",159002.239601295,1,0.461718997339275,0.17058112979116,0.792478587308522,0.0000284471843635387,0.000118781093026048,0.00142907631180022,0.0770786953378629,0.209574525046171,104.426637805857,0.367786568147449,0.713776781606108,-0.0862545231347726,0.117188212357116,19043.3897596392,-0.736034123226688,0.461718997339275,1.13481891662941,0.828092420022543,15808.7163846772,1.3704012851591,0.17058112979116,0.260753268826239,0.985699502343778,48.8983206478927,0.264536269122815,0.792478587308522,0.160575044505556,0.208109803879572,0.771588082407099,0.440358434991848,-0.0339604751670195,0.207922360637613,-0.163332481715178,0.870256660576111,0.194535519672575,0.228486287014167,0.851410043966943,0.394541614285901,0.874065647803169,1.27104794293,0.687673232677822,0.49165857984124,1.39557218545565,1.30350230410712,1.07063269551457,0.284334616284759,-0.521506537652479,1.97139900468756,-0.264536269122815,0.791366721145514
0,"",159053.522640342,1,0.872444374994613,0.099487324053776,0.826577804806328,0.00000135370102978811,0.000166546478387675,0.00098210479740437,0.0518879279712072,0.20707258012515,107.326449249247,0.250578458721321,0.802619102241006,-0.018839997270478,0.117341810320883,19042.885478881,-0.160556558816999,0.872444374994613,1.36709799457246,0.829832720814619,16293.3501797764,1.64743804417645,0.099487324053776,0.224922275284365,1.02116996125208,49.3496764044745,0.220259392480153,0.826577804806328,0.061374227809854,0.205884479353926,0.298100313352657,0.765626602416379,0.00469449249248797,0.205700603397426,0.0228219675341347,0.981792285028815,0.056679735317366,0.22985224466353,0.246592046122225,0.805223960769791,1.1421757192881,1.2995015698172,0.87893369720882,0.379437226563036,1.59202026985683,1.33195966104045,1.19524661025637,0.231990692585072,-0.449844550568731,2.04233992250417,-0.220259392480153,0.825669143656338
0,"",159125.686905279,0,0.758743568344121,0.116323741848179,0.847869040952426,0.00000495739000998046,0.0493821507032189,0.000793788281342984,0.0957314886579641,0.212035430103661,101.953831607394,0.451488171628499,0.652596687060621,0.0361062690118385,0.117558095165745,19028.5153985844,0.307135539759574,0.758743568344121,1.36529242074985,0.854079023846643,49.1916297436976,1.59855514844608,0.116323741848179,-0.192670499095464,0.998795548830629,46.8411652570571,-0.19290284114806,0.847869040952426,0.0140746910831311,0.21082587018776,0.0667597912466638,0.946772933898605,0.102562582597018,0.21064653574603,0.486894228921355,0.626333288877437,-0.088487891513887,0.22950982258467,-0.385551653159605,0.699828744943854,1.55796291984532,1.29757906512608,1.20066897017481,0.229879635359417,1.17262192165439,1.33055463037936,0.881303100888131,0.378153788186868,0.385340998190929,1.99759109766126,0.19290284114806,0.847035059912076
0,"",159261.653003684,0,0.597035041487884,0.198263255808171,0.716034486458668,0.000014689574856641,0.0350182193180957,0.00283857432711144,0.0990289780000368,0.212090116455922,102.804127772745,0.466919343790439,0.641545642099952,0.0623699366741417,0.117973402339633,19026.8454555078,0.52867795144693,0.597035041487884,1.130116751486,0.866004418725279,46.9279371793155,1.30497804289439,0.198263255808171,-0.371763953902669,1.0158561473909,47.0473677438258,-0.365961218876805,0.716034486458668,-0.00827140729949324,0.211050204715597,-0.0391916573150899,0.968737585026112,0.147872286525147,0.210874049249799,0.701235107170439,0.483156303839974,-0.15614369382464,0.230740867301175,-0.676705846046915,0.498592606565368,1.50188070538868,1.31818221151318,1.13935743652968,0.254554101132878,0.758352797583337,1.35138831878088,0.561165719019581,0.574684570227423,0.74352790780534,2.03171229478181,0.365961218876805,0.71439401402735
0,"",159338.744688962,0,0.492941207402873,0.135851880049523,0.845983751972006,0.0000247035820567463,0.0473628027019519,0.000779015094120594,0.0588924579669082,0.208816636160653,107.154196941036,0.282029531026443,0.778464853356551,0.0810540714730766,0.118214666653535,19029.8903660939,0.685651567335807,0.492941207402873,1.27090698100278,0.837320516646381,46.3376714943639,1.51782615585844,0.135851880049523,0.205622327644375,1.05296886730638,48.9130961572213,0.195278639310943,0.845983751972006,-0.0425180124129321,0.207844475020884,-0.204566478895626,0.83791084747189,0.102220704058472,0.207663489105674,0.492242061898779,0.622548232867199,-0.144738716471404,0.23233531041571,-0.622973392259778,0.533302007036307,1.06528465335841,1.32888287111456,0.801639238878088,0.422761672752795,1.47652930864716,1.361531667309,1.08446196596032,0.27816002186806,-0.411244655288751,2.10593773461277,-0.195278639310943,0.84517481851455
0,"",159272.035226567,0,0.425347352923767,0.0408750255439961,0.782371614386551,0.0000333702780884862,0.000280562266848831,0.00151736851610662,-0.0144936060171961,0.207747138912134,108.47135231298,-0.0697656106991015,0.944508673860797,0.0940745201055634,0.118006816158538,19043.8835928837,0.797195646556362,0.425347352923767,1.7079183739305,0.835178838005607,14901.2991290006,2.04497323951476,0.0408750255439961,0.295336501693721,1.0635126017315,50.7456030698483,0.277699108795593,0.782371614386551,-0.146888021645724,0.206880539104582,-0.710013722322473,0.477695626726998,0.0163132139653548,0.206701020462583,0.0789217872695882,0.937094833556491,-0.163201235611079,0.232329413415805,-0.70245619446813,0.48239471111931,1.41258187223678,1.33589212551075,1.05740714033831,0.290325814174042,2.00325487562423,1.36841430860197,1.46392423919539,0.143214649660768,-0.590673003387443,2.12702520346301,-0.277699108795593,0.781243344777399
0,"",159231.209611473,0,0.502767083971752,0.0466167822040859,0.967395310395079,0.0000236013546099894,0.0869591497183646,0.0000338401066946838,-0.098117718567534,0.209233808346943,106.134773804227,-0.468938167032925,0.640075647061079,0.079000194131001,0.117883456199376,19028.4501153316,0.670155055493012,0.502767083971752,1.72834524575242,0.844167343379466,44.0127827257707,2.04739647808848,0.0466167822040859,0.0424066098012104,1.03226678902363,49.8697025300561,0.0410810560333154,0.967395310395079,-0.220789138535294,0.208177339978214,-1.06058199493951,0.288879908646974,-0.0663709414653854,0.207997181726655,-0.319095388285638,0.749654180631636,-0.154418197069908,0.231113023758709,-0.668150130868985,0.504037764590947,1.68593863595122,1.31699074258553,1.2801446368874,0.200494272567554,1.77075185555364,1.34978584917869,1.31187614437586,0.189561927786541,-0.084813219602421,2.06453357804727,-0.0410810560333154,0.967231276948539
0,"",159354.4616515,1,0.705699721779146,0.0802198011364101,0.9862878321725,0.00000748776343010394,0.00019052490684552,0.00000579290325913891,-0.143419691428818,0.20881210258108,107.619547907023,-0.686836106030441,0.493663345073879,0.0446660597154149,0.118275756430937,19046.2047714379,0.377643407772209,0.705699721779146,1.46247236045247,0.835926473375743,16062.1865500478,1.74952272362728,0.0802198011364101,-0.0173253120295326,1.00319269036702,51.4866482185773,-0.0172701737122847,0.9862878321725,-0.200277362476583,0.207385833935845,-0.965723447333141,0.334182583450206,-0.109481731096946,0.207196067514327,-0.528396761629539,0.597223984697022,-0.0907956313796368,0.230864849854593,-0.393284778678188,0.694109159218675,1.47979767248201,1.28934523530415,1.1477125225758,0.251087259877713,1.44514704842295,1.32209158154454,1.09307635612856,0.274360276113088,0.0346506240590653,2.00638538073404,0.0172701737122847,0.986221079983577
0,"",159346.710426741,1,0.578670906394763,0.0984025609519847,0.974200631100328,0.0000161933513091167,0.000162059337077335,0.0000206786092069593,-0.131765722800305,0.204580376023012,111.934267913432,-0.644078016483277,0.520842445931843,0.0656641062343135,0.118241972368684,19044.473608328,0.555336695751062,0.578670906394763,1.38321127664347,0.836920426690964,16852.4970938749,1.65273929579236,0.0984025609519847,-0.0348539277155582,1.07245520973751,51.0757578484434,-0.0324991919467565,0.974200631100328,-0.219977431290379,0.203759820287535,-1.07959180067964,0.280323994260127,-0.0857050213615485,0.203578327964799,-0.420992854290306,0.673760299797108,-0.13427240992883,0.233016749904243,-0.576235013079568,0.56445634211421,1.41806520435903,1.3439987566268,1.05510901506942,0.291375469447773,1.34835734892791,1.37653888328555,0.979527251500246,0.32731953034436,0.0697078554311166,2.14491041947502,0.0324991919467565,0.974073960423696
0,"",159404.836966716,1,0.580371852838351,0.0912097635002619,0.925044124868375,0.0000160487656394846,0.000167335437947826,0.000173550544301451,-0.0884023755533215,0.204491200844518,113.016122416536,-0.432304056058319,0.66634417988564,0.0654675789199619,0.118418100535971,19044.4210496289,0.552851115020843,0.580371852838351,1.41629602534681,0.838468743853797,17048.0108683942,1.68914588138037,0.0912097635002619,0.103364866275019,1.09330141027559,51.4949592668241,0.0945437967092377,0.925044124868375,-0.197116721997506,0.203851076249006,-0.966964342914365,0.333561859150133,-0.0749130500103318,0.203671837124601,-0.367812511871742,0.713013038920343,-0.122203671987174,0.233999947200563,-0.522238032312172,0.601504608707935,1.3129311590718,1.36146165438182,0.964354122531599,0.334868414809465,1.51966089162184,1.39395042232809,1.09018288403958,0.275632591393752,-0.206729732550038,2.18660282055119,-0.0945437967092377,0.924677193485098
0,"",159402.932923887,1,0.903258398092871,0.0718292373337644,0.797794029382196,0.000000775780780925315,0.000186167872677555,0.00125905969060168,-0.0579891660720342,0.204552714720868,112.970509909404,-0.283492527347614,0.777318181444428,-0.0143915975869535,0.11840273125303,19043.8704961568,-0.121547851427499,0.903258398092871,1.51035849781623,0.838944243831647,17406.3733411628,1.80030855318594,0.0718292373337644,0.291827398954031,1.13329005105402,52.5988814908326,0.257504597947027,0.797794029382196,-0.0938327511217537,0.204304859780319,-0.459278116157631,0.646034460700609,-0.14726732831005,0.204131144100276,-0.72143488422182,0.470641990231238,0.0534345771882964,0.235326216546531,0.22706597663644,0.820372439778271,1.2185310988622,1.39381859146734,0.874239378296278,0.38198790529004,1.80218589677026,1.42604954410167,1.26376106932914,0.206315798305073,-0.583654797908063,2.26658010210804,-0.257504597947027,0.796789266307666
0,"",159363.6941322,1,0.852838957514088,0.113037975936257,0.641080085759169,0.00000180678737425412,0.00014512666949479,0.00407988332948538,-0.103581551735763,0.204883182469632,111.94279564132,-0.50556395350368,0.614156822770213,-0.0219417542243413,0.118284472131223,19044.9303300619,-0.185499870177376,0.852838957514088,1.32780920733732,0.837858656777909,17302.92671059,1.58476515889157,0.113037975936257,0.522366275200231,1.11415671153722,53.6579974133702,0.468844525901129,0.641080085759169,-0.118825170456123,0.204459442413528,-0.581167438654135,0.561127610653307,-0.206834249867466,0.204283914182296,-1.01248427070422,0.311306563665798,0.0880090794113428,0.234477307373427,0.375341564594054,0.707406457859047,0.805442932137092,1.37778659766907,0.584591934265971,0.558822132366682,1.85017548253756,1.41010946542662,1.31207932993896,0.189493369414934,-1.04473255040047,2.22831342307446,-0.468844525901129,0.639180770804686
0,"",159416.497780411,1,0.919398951903168,0.134754685004754,0.654322075203736,0.000000537631620811151,0.00013336702841055,0.00378845251756168,-0.113721463470136,0.206947610986617,110.226809877594,-0.549518126486084,0.583761558867239,-0.011987102160956,0.118458753818377,19046.2314178032,-0.101192202134212,0.919398951903168,1.2536756098016,0.838195180220836,16771.5667888104,1.49568458443211,0.134754685004754,0.476308861706494,1.05776645894846,53.3196712314691,0.450296809543382,0.654322075203736,-0.159995117810574,0.205979726789758,-0.776751772148334,0.437305235501062,-0.224204309487513,0.205796843679664,-1.0894448402547,0.275957766776664,0.0642091916769389,0.232900792576864,0.275693315452106,0.782783630234015,0.777366748095106,1.33316935968401,0.583096770450347,0.559828157694962,1.7299844715081,1.36584828661289,1.2666007553432,0.20529808223839,-0.952617723412991,2.11553291789693,-0.450296809543382,0.652496439184563
0,"",159418.739355788,1,0.696704610772263,0.104028602202073,0.792747345941224,0.00000797569729198529,0.000162432466146584,0.00132506910756065,-0.15124276668206,0.201513086389886,115.112060889573,-0.750535706596426,0.454463553736592,-0.046182854839834,0.118484832693773,19048.6370082894,-0.389778622207238,0.696704610772263,1.36164047937827,0.83756149684966,16268.5224711481,1.62572000324734,0.104028602202073,0.26849555085745,1.01670238917182,52.5620285804729,0.264084705334625,0.792747345941224,-0.166038811514894,0.200133373979945,-0.829640795100632,0.40674190441544,-0.281085004305723,0.199939315078205,-1.40585159149804,0.15976819848761,0.115046192790829,0.231640735071853,0.496657864408618,0.619430340541349,1.09314492852083,1.30078462923052,0.840373497623103,0.400699003879131,1.63013603023573,1.33354616217929,1.22240690008942,0.221553791203653,-0.536991101714901,2.03340477834365,-0.264084705334625,0.791714649042626
0,"",159484.81106672,1,0.686737861723533,0.0517273616484153,0.888332450785882,0.00000853826864092383,0.000240193103220487,0.0003791691301129,-0.192389916831028,0.205028277897966,110.031333509434,-0.938357961172421,0.350115718912556,-0.0478681603774911,0.118693516586424,19048.7269963459,-0.40329212373312,0.686737861723533,1.63094849162873,0.838299681740945,15754.9499588373,1.9455434937559,0.0517273616484153,0.138515310202574,0.981693748646816,52.4862847810774,0.14109829098281,0.888332450785882,-0.181102417405854,0.203344203465386,-0.890620014337815,0.373133058256449,-0.288539468931435,0.203145465182965,-1.42035889736234,0.15550322251078,0.107437051525581,0.230915637175696,0.465265379337805,0.641741424171925,1.49243318142617,1.27440446722876,1.17108282323548,0.241565487443063,1.76946380183131,1.30722270443326,1.35360546893075,0.175862281201656,-0.277030620405148,1.96338749729364,-0.14109829098281,0.88779229374378
0,"",159446.061034371,1,0.958221794974129,0.143756816716757,0.924638601677697,0.000000144062498034234,0.000138420981097091,0.000170223535983442,-0.225487714135689,0.205305499914249,108.456140264731,-1.09830332957407,0.274504325718095,-0.00621179858741589,0.118577786507153,19049.2135013184,-0.0523858537959904,0.958221794974129,1.22368210838688,0.836981951940773,15439.8469536597,1.46201731775629,0.143756816716757,-0.0911400279055198,0.958933152739475,53.0576616894123,-0.0950431504481324,0.924638601677697,-0.259491840957118,0.203440657067887,-1.27551613673037,0.202126616274279,-0.264216614605599,0.203238073968941,-1.30003502515959,0.193588965019944,0.00472477364848085,0.230037069473901,0.0205391837901886,0.983613254517222,1.3148221362924,1.25636391628488,1.04652968717884,0.295316545866159,1.13254208048136,1.28908218064336,0.878564685391992,0.379637350576741,0.18228005581104,1.91786630547895,0.0950431504481324,0.924280552926771
0,"",159413.476193671,1,0.699006340852099,0.368585765469666,0.958050863875004,0.00000784859667063271,0.0000530095896570308,0.000053263113282432,-0.283220933509354,0.205368680916637,108.328934505083,-1.37908532228591,0.170709145339809,0.0458118599416448,0.11847854481426,19049.3870207451,0.386667982911712,0.699006340852099,0.751748819038963,0.83606398957701,15250.6729552112,0.89915225199365,0.368585765469666,-0.0501640681504081,0.94914706488965,52.4407386076541,-0.0528517339472996,0.958050863875004,-0.362966662005765,0.203432011829301,-1.78421605696123,0.0743885641458809,-0.267105459241143,0.203227881941436,-1.3143150274927,0.188740212233665,-0.0958612027646223,0.229579109844155,-0.417551940286274,0.676274741279075,0.801912887189374,1.2484357171063,0.642334143601798,0.520656249638314,0.701584750888557,1.28108335059254,0.547649573748696,0.583932543046177,0.100328136300817,1.89829412977931,0.0528517339472996,0.957850041338537
1,Model failed to converge with 1 negative eigenvalue: -3.0e+02,159541.50754901,0,0.722161089592534,0.184933689171376,0.899230611426469,0.00000664363467781091,0.03648879144075,0.000316059015012242,-0.304907620342076,0.211741692593624,102.998162105909,-1.43999803065359,0.152900605422052,0.0422614900383723,0.118853173290058,19030.9040043775,0.355577296495352,0.722161089592534,1.13607262776131,0.844582344120867,47.7777273500446,1.34512950178216,0.184933689171376,0.127811440336063,1.00431069028576,51.2268699260347,0.127262849606526,0.899230611426469,-0.377226760784417,0.210322102328604,-1.7935668986184,0.0728823238745634,-0.303500329122339,0.210133375145958,-1.44432234485135,0.148648323173205,-0.0737264316620772,0.231873484610291,-0.31795973474927,0.750515480103421,1.00826118742525,1.2956280890449,0.778202630793925,0.436449566138543,1.26388406809737,1.32863330235389,0.951266286836402,0.341469216366122,-0.255622880672127,2.00862138057153,-0.127262849606526,0.898732362896386
0,"",159679.826853363,0,0.750365433233848,0.235429424160594,0.938790413859781,0.00000531956211015589,0.0291169354011015,0.000114889882649733,-0.309068470940302,0.211478504711849,103.5742471742,-1.46146517993129,0.1469151315526,-0.0379478074127488,0.119271910181145,19029.1255743538,-0.318162150292682,0.750365433233848,1.07542095351634,0.895053598712232,48.1371268002141,1.20151570259437,0.235429424160594,0.0794875356390963,1.03011439860443,51.819768130922,0.0771637943773851,0.938790413859781,-0.297004922975977,0.210582495200753,-1.41039701658409,0.158422485846867,-0.379615046492039,0.21040721418241,-1.80419216121999,0.0712011877766188,0.0826101235160624,0.233374350035229,0.353981161612628,0.723353001236812,0.995933417877251,1.34763834969692,0.739021279782693,0.459894075792868,1.15490848915544,1.3814427660913,0.836016169112226,0.403145806856975,-0.158975071278193,2.06022879720887,-0.0771637943773851,0.938493243640372
0,"",159753.184359652,0,0.97040644240493,0.255061934761837,0.893719500745824,0.0000000723314127155437,0.0268149956585572,0.000353456528252591,-0.342789501075896,0.208317121836775,107.764808721389,-1.64551765142226,0.102776816013254,-0.00443367479150064,0.119509215171495,19028.2085046393,-0.0370990202315224,0.97040644240493,1.03861156266909,0.90167516675462,48.153046194034,1.15186887802106,0.255061934761837,0.136770518505384,1.01864045375436,50.9863131404741,0.134267707512787,0.893719500745824,-0.370142427336712,0.207321819504681,-1.78535201080634,0.0742042374489158,-0.390563120821166,0.207142494962535,-1.88548043167968,0.0593650039325764,0.020420693484454,0.233416234312323,0.0874861748353374,0.930285074177765,0.901841044163711,1.34331265400795,0.671356025325119,0.501993751756687,1.17538208117448,1.37724510320999,0.853429849512612,0.393420974275066,-0.273541037010769,2.03728090750873,-0.134267707512787,0.893190887658466
0,"",159782.813803246,0,0.94574966158896,0.110341065728868,0.895967695825868,0.000000243331966512823,0.0529530816846608,0.000352343103711627,-0.278833127115958,0.201967006798349,116.777974544598,-1.38058751048558,0.17004261012427,0.00813978808555726,0.11962169122453,19028.6092852435,0.068046087647088,0.94574966158896,1.41293948541581,0.8683492399773,47.3520213119023,1.62715578060821,0.110341065728868,0.13265428988455,1.00926168631876,49.0135547583873,0.131436961972074,0.895967695825868,-0.377973001179366,0.200579724105214,-1.88440283715367,0.0595105063692813,-0.372899060899577,0.20038554768422,-1.86090796072387,0.0627571753916208,-0.00507394027978846,0.233325292434056,-0.021746207737948,0.982650404030896,1.28028519553126,1.31455076909768,0.973933624800253,0.33008949697471,1.54559377530037,1.34804873188806,1.14654147045236,0.251571178311294,-0.265308579769101,2.01852337263752,-0.131436961972074,0.895429650850252
0,"",159847.846874587,0,0.740000738802637,0.0479738907393161,0.805776855569273,0.00000578753888357143,0.0794033563195433,0.00127983764312735,-0.136053387279285,0.196554557255358,125.109300168543,-0.692191466731189,0.490099798044756,0.0397690737796935,0.1198379085928,19028.5666255015,0.33185720817964,0.740000738802637,1.74223103083006,0.858352572982042,47.7650888381452,2.02973822840338,0.0479738907393161,0.249672030667191,1.00980149780151,47.7042095355867,0.247248623824351,0.805776855569273,-0.318386288863768,0.195020359083623,-1.63257974890327,0.102557413261527,-0.259938555118661,0.194817871555087,-1.33426442370899,0.182117212593496,-0.0584477337451076,0.233712636682164,-0.25008375488311,0.802522578626481,1.49255900016287,1.30854715559036,1.1406230136884,0.254026836084746,1.99190306149725,1.34187955890628,1.48441270177838,0.137699467106992,-0.499344061334384,2.01960299560302,-0.247248623824351,0.804715816781229
0,"",159913.631696131,1,0.702795062933219,0.0560499965470345,0.640773302837138,0.00000764290557937075,0.000230580086347784,0.00443934488458176,-0.113568133959596,0.196590042105521,125.684260961663,-0.577690165500025,0.564506826926242,0.0458048674984821,0.120047596111418,19048.2250192193,0.381555891014842,0.702795062933219,1.62051875222206,0.848089667498403,15830.7914969049,1.91078704802769,0.0560499965470345,0.473872551730496,1.00930307325861,49.4343416718025,0.46950471497185,0.640773302837138,-0.308611197630099,0.194939747349881,-1.58311068843338,0.113396237867914,-0.257030648860032,0.194732888014955,-1.31991391634007,0.186863760722963,-0.0515805487700668,0.234054830339716,-0.220378057121064,0.825576733226657,1.14664620049156,1.30163012795908,0.880930900308424,0.378355221417211,2.09439130395256,1.33478708624368,1.56908268407551,0.116628674009708,-0.947745103460994,2.01860614651722,-0.46950471497185,0.638708915450442
0,"",160020.786390616,1,0.764624139843943,0.0973513537545583,0.464102728798918,0.00000470683942592995,0.000171199646065473,0.0107870644327224,-0.240056423806291,0.199792938566614,121.33284152618,-1.20152606758048,0.231887243278323,0.0360429484264922,0.120376556805686,19046.9464358383,0.299418336783576,0.764624139843943,1.41046850962477,0.850741245224846,16052.9403475954,1.65792891498048,0.0973513537545583,0.757139685708731,1.02624090286583,49.916013585347,0.737779680769285,0.464102728798918,-0.353069485739964,0.198292142959831,-1.78055207064602,0.0749856556533202,-0.344941050378116,0.198089703633561,-1.74133760640184,0.0816244179694304,-0.00812843536184865,0.235132635073625,-0.0345695754198624,0.972422962290319,0.653328823916045,1.31628032918807,0.496344744678395,0.619651202418009,2.16760819533351,1.34954370402583,1.6061785838186,0.108234677463095,-1.51427937141747,2.05248180573166,-0.737779680769285,0.460648342733729
0,"",160086.077929187,1,0.665116052086433,0.19325389510166,0.521855747989013,0.00000983717858560038,0.000104158569362777,0.00808829052041532,-0.346268634747965,0.199006559275656,122.655978648535,-1.73998603869296,0.0843697159858123,0.0521958785445383,0.120581698295026,19047.3605771165,0.432867336275454,0.665116052086433,1.10902468592746,0.852396149283663,16250.2192281779,1.30106721723164,0.19325389510166,0.670168584598813,1.03911644474901,51.010075981721,0.644940793676582,0.521855747989013,-0.430017331457491,0.197598586173322,-2.17621664094451,0.0295390651737399,-0.38223637188846,0.197396907946771,-1.93638479885172,0.0528205898558942,-0.0477809595690314,0.235881262026737,-0.202563608310759,0.839476136622335,0.438856101328651,1.32724794736708,0.330651181039103,0.740907981741892,1.77919327052628,1.36055034759202,1.30770116201521,0.190974689064268,-1.34033716919763,2.07823288949802,-0.644940793676582,0.518965554469741
0,"",160125.345495696,0,0.596090207318562,0.334021958444188,0.800184675904055,0.0000147609157926923,0.0185086695553314,0.00125547140676813,-0.354247482014282,0.200500441909212,120.322200677871,-1.76681646504644,0.0797945695066525,0.0639760760568594,0.120700411005665,19032.594174943,0.530040250267722,0.596090207318562,0.839040741060135,0.86021271663716,50.4505200677195,0.975387511521809,0.334021958444188,0.266511423354079,1.04752696595379,51.4930742840803,0.254419630249249,0.800184675904055,-0.466222422346624,0.199221555103175,-2.34022077633704,0.0192723434569214,-0.360783149187547,0.199023988690654,-1.81276212762632,0.0698685175516543,-0.105439273159077,0.236343766595334,-0.446126735974421,0.655505701135963,0.572529317706057,1.33862601478752,0.427699231436897,0.668870109514096,1.10555216441422,1.37209245937122,0.805741739095957,0.420391777409814,-0.53302284670816,2.09505393190758,-0.254419630249249,0.799171387055495
0,"",160074.981079535,1,0.596928816091901,0.386860036002554,0.923007638614138,0.000014680548964289,0.0000466761096000315,0.000182596266903718,-0.377958470692456,0.195128882608434,126.518098646886,-1.93696835465874,0.0549782550188258,0.0637547931620116,0.120557960641412,19049.5721054564,0.528831052074975,0.596928816091901,0.737111985714814,0.851808605165985,16042.3496336461,0.865349306457381,0.386860036002554,0.0991217281700848,1.02061913829595,51.6462880121155,0.0971192136721841,0.923007638614138,-0.475805991390634,0.193517167354202,-2.45872755319815,0.0139430384060496,-0.356669462551292,0.193308807683609,-1.84507610814639,0.0650264681415206,-0.119136528839341,0.235267381026949,-0.506387788733429,0.612584445279869,0.637990257544731,1.31262946108301,0.486039873749553,0.626938895433315,0.836233713884901,1.34591476270918,0.621312535573688,0.534394007375934,-0.19824345634017,2.04123827659191,-0.0971192136721841,0.922631722684787
0,"",160139.469966739,1,0.893600331083705,0.180506506769069,0.987765616080835,0.000000938803869735152,0.000113659090295673,0.0000046469204677985,-0.416960137865143,0.177456197855552,167.105171320022,-2.34965102883893,0.0199594594187696,0.0161571652404983,0.120799696531879,19055.6324652746,0.133751703889706,0.893600331083705,1.14213646145317,0.852813888308989,15778.7982600438,1.3392564041351,0.180506506769069,-0.0155128138197366,1.00671450249261,51.0976883032007,-0.0154093477160874,0.987765616080835,-0.471489285257415,0.175499601227005,-2.68655473836406,0.00721931181374346,-0.437864549033301,0.175270606414205,-2.49822008374026,0.012481867467357,-0.0336247362241142,0.235262974944263,-0.142924045877089,0.88635016766618,1.15764927527291,1.30268215081088,0.888665953204553,0.374182634110709,1.12662364763343,1.33587067083683,0.843362813652974,0.399025562600906,0.0310256276394732,2.01342900498522,0.0154093477160874,0.987705605913758
0,"",160101.931069293,1,0.8571244060222,0.103263777779148,0.965820512336945,0.00000170096565601324,0.000173535610811919,0.0000368123968372243,-0.40305187667412,0.178670586227594,165.0479880536,-2.25583788123191,0.0253940925500795,-0.0217279757931039,0.120685290025911,19056.080421754,-0.180038311118437,0.8571244060222,1.38720772177428,0.851397658143083,15295.1630772495,1.62932997114393,0.103263777779148,0.042094079728773,0.977470216496364,50.3761402250421,0.0430643092938981,0.965820512336945,-0.448549809420076,0.176446816812888,-2.54212468959266,0.0110180859514152,-0.495561552010341,0.176212900899396,-2.81228871144496,0.00491903290043024,0.0470117425902649,0.234187976500479,0.200743621823679,0.840899048658025,1.34511364204551,1.27961889331911,1.05118301165163,0.293174544046909,1.42930180150305,1.31271759366542,1.08881133946876,0.276237090076799,-0.0841881594575462,1.95494043299273,-0.0430643092938981,0.965650269948683
0,"",160054.811969543,0,0.919677340928755,0.167137888779726,0.981337769578895,0.000000534114020054452,0.0419069490602287,0.0000113487725271749,-0.369296885574629,0.190132465345201,135.027716044204,-1.94231366486592,0.054180757236307,-0.0121537571664059,0.120523362401088,19039.0125963628,-0.100841504288269,0.919677340928755,1.21631399159545,0.866249821089293,45.0740659072294,1.40411456601048,0.167137888779726,-0.0217828769808253,0.926450388414737,48.7115918584412,-0.0235121893770246,0.981337769578895,-0.444111883277841,0.187740222582486,-2.36556597818411,0.018002535256059,-0.466579344127836,0.187510896312179,-2.48827856569492,0.0128363145421536,0.0224674608499949,0.232418097461078,0.0966682934566116,0.922989820027862,1.23809686857628,1.2516646538582,0.989160207376551,0.322584764081681,1.19453111461463,1.28480883548649,0.929734511175217,0.352508561244246,0.0435657539616507,1.85290077682948,0.0235121893770246,0.981241715456665
0,"",160119.186620988,0,0.965180295324975,0.124019396701788,0.82085982559327,0.000000100120357216553,0.0513343605765881,0.00105518484963132,-0.426319891789978,0.189948670426441,134.479075235459,-2.24439524021345,0.0264407627282559,0.00526965584880826,0.120712876085084,19034.2109220111,0.0436544635478155,0.965180295324975,1.43219810843648,0.913870951687444,45.388043189746,1.56717762589123,0.124019396701788,-0.21635048942586,0.950340162600209,49.0648580944991,-0.227655841497751,0.82085982559327,-0.531708096659412,0.188127875635146,-2.82631212872782,0.00470873564607423,-0.502893124132988,0.187915687801569,-2.67616360303042,0.0074470282929975,-0.0288149725264242,0.233416926980805,-0.123448512921232,0.901751943071019,1.64854859786235,1.30132029384847,1.26682770233837,0.20521690436875,1.21584761901063,1.33535709635901,0.910503731418182,0.362556914770447,0.432700978851721,1.90068032520042,0.227655841497751,0.819913804357511
0,"",160234.058792885,0,0.854292447045404,0.0768847968249716,0.578290434225699,0.00000177203442316097,0.0675104509786882,0.00634080315788663,-0.444888440448969,0.188670776107074,136.784298973315,-2.35801457771333,0.0197894376852256,-0.0222338354164476,0.121068414061589,19032.4256767006,-0.183646870976083,0.854292447045404,1.70620940419572,0.942483552106032,45.2678707368665,1.81033334786915,0.0768847968249716,-0.546959090640222,0.977392372638309,49.0755283350122,-0.559610557593975,0.578290434225699,-0.544695458904777,0.187272462995701,-2.90857208898502,0.00363083455577385,-0.542960142842192,0.187070153384416,-2.90244131957516,0.00370266520356025,-0.00173531606258506,0.234811483569063,-0.00739025211292386,0.99410348561254,2.25316849483595,1.34043029744688,1.68092925020239,0.0927766576695026,1.15925031355551,1.37491410999028,0.843143804498231,0.399148022559332,1.09391818128045,1.95478474527662,0.559610557593974,0.575745102044334
0,"",160284.704826158,0,0.871003133524044,0.0754444857161809,0.541188975459235,0.00000138565761328492,0.0690623882530758,0.00748678515120361,-0.396773285998591,0.196879456241491,124.099158312983,-2.01531075701423,0.0460324805198339,-0.0196830309063594,0.121210918288357,19030.2253844233,-0.162386616521905,0.871003133524044,1.73345216378461,0.952374807988903,44.6567290283973,1.82013651478778,0.0754444857161809,-0.607580494737402,0.987580450007989,50.1768744924871,-0.615221266006721,0.541188975459235,-0.485599584592125,0.195694516147856,-2.48141641447547,0.0130861397577569,-0.473641819601923,0.195501773391115,-2.42269832844109,0.0154057139297133,-0.0119577649902017,0.235350703447801,-0.0508082823421594,0.959478291048581,2.34103265852201,1.3545540050694,1.72826823423853,0.083940145376598,1.12587166904721,1.38919015531001,0.810451805135317,0.417680553774058,1.21516098947481,1.97516090001598,0.615221266006721,0.538408605462849
0,"",160285.036952227,0,0.836612125427236,0.130090473004935,0.634827798430416,0.00000223511569665259,0.0503194202359994,0.0044409878506223,-0.343228092362808,0.200647367434727,119.88764440235,-1.71060351676164,0.0897407890041773,-0.024995706706815,0.121202053190015,19028.7345236659,-0.206231710180914,0.836612125427236,1.50318239683548,0.974811255585706,44.877041737323,1.54202404642149,0.130090473004935,-0.469711542670891,0.983073479011048,51.1773658181147,-0.477799017773739,0.634827798430416,-0.473621701884006,0.199639240551672,-2.37238781601867,0.0176735292478573,-0.483935419795261,0.199452708446954,-2.42631661190987,0.015252956981512,0.0103137179112544,0.235195944556983,0.0438515975718942,0.965022697697357,1.97289393950638,1.36697156142826,1.44325894932667,0.148947539069708,1.03347085416459,1.4017024108381,0.737296908511889,0.460941811818449,0.939423085341784,1.9661469580221,0.477799017773739,0.632793260322132
0,"",160359.308217285,0,0.793388963326974,0.192802299284055,0.742755206929718,0.0000036048591924193,0.0370118756216477,0.00215293921391046,-0.333154210064378,0.197655730623536,123.188446034018,-1.6855277052347,0.0944182724249274,-0.0318063202035907,0.121437057420673,19029.8126259124,-0.261916097764208,0.793388963326974,1.29470315671573,0.979399976722718,45.4673949881098,1.32193504950662,0.192802299284055,-0.333193297181135,1.00963420155604,50.4773583453459,-0.330013876974076,0.742755206929718,-0.480755460048694,0.196870851049295,-2.44198395794163,0.0146067956778482,-0.516222438729507,0.196687456645052,-2.62458240873539,0.00867552956655785,0.0354669786808128,0.236394901821997,0.150032756237354,0.880738772005821,1.62789645389687,1.38907992399909,1.17192425415684,0.241227468375053,0.961509859534598,1.42394804520918,0.675242234272215,0.499521877767712,0.666386594362272,2.01926840311209,0.330013876974077,0.741389476682313
0,"",160495.191080843,0,0.538572334399574,0.247282761000321,0.865282968768458,0.000019873616002433,0.0288969355145743,0.00059135494279103,-0.32463009459042,0.198651569017442,124.62284408004,-1.63416828870814,0.104747230533192,-0.0749537600523869,0.121879111652473,19030.1741558866,-0.61498446317947,0.538572334399574,1.09612061200273,0.935397658104695,46.1463832221179,1.1718231305215,0.247282761000321,-0.172590521345555,1.01200436054263,49.1545793970489,-0.170543258581429,0.865282968768458,-0.397677947327859,0.197446627476695,-2.01410351956909,0.0439986660941994,-0.53300631931631,0.197252418074979,-2.7021535376753,0.00688919412605603,0.135328371988451,0.237223245793473,0.570468427475562,0.568360030223524,1.26871113334829,1.36062128997486,0.932449861468597,0.351104086699505,0.923530090657174,1.39533254615423,0.661870959150619,0.50805392489669,0.345181042691112,2.02400872108526,0.170543258581429,0.864582917190787
0,"",160568.01876569,0,0.361331365347088,0.191999185691639,0.901868571877614,0.0000437857565426747,0.0371146265686674,0.000316941369359496,-0.343949434722759,0.202230144761488,122.134397346694,-1.7007822208129,0.0915287160313767,-0.111478188761298,0.122120621051855,19030.4879967374,-0.912853110319201,0.361331365347088,1.20586284738778,0.910528894256356,45.5027725764267,1.32435429012127,0.191999185691639,0.120953412712058,0.975834078184126,48.4582464483919,0.123948748476927,0.901868571877614,-0.336638490718026,0.200493845220292,-1.6790465081267,0.0931429800707972,-0.569812102103501,0.200287354936476,-2.84497292544617,0.00444151981139526,0.233173611385475,0.236556573229188,0.985699142503071,0.324280770398717,1.08490943467572,1.31735031666181,0.823554236829655,0.410192887730778,1.32681626009984,1.35174634234141,0.981557129869213,0.326318076266837,-0.241906825424117,1.95166815636826,-0.123948748476927,0.901355854812946
0,"",160589.091170871,0,0.212284493004284,0.200726584665652,0.988364595425037,0.0000817707291698962,0.0355421015548173,0.00000446953138153042,-0.324328549448275,0.209048662583367,113.057102565041,-1.55145000900896,0.123588764371347,-0.152389167228497,0.122170321043685,19025.8196961561,-1.24735014139815,0.212284493004284,1.23133944313129,0.948495215868711,45.7325548493076,1.29820311429144,0.200726584665652,0.0142536451521813,0.972323147912917,48.0802484736002,0.014659370377818,0.988364595425037,-0.276961424750219,0.207634049224286,-1.33389213274479,0.182239210262256,-0.582943799859336,0.207439985653634,-2.81018048676829,0.00495137246619855,0.305982375109118,0.236528545396309,1.29363825662749,0.195790401558118,1.21708579797911,1.3408375660668,0.907705622799112,0.364033772432863,1.24559308828347,1.37559644460514,0.905493099497661,0.365204213946594,-0.0285072903043627,1.94464629582584,-0.014659370377818,0.988303933614484
0,"",160632.067022696,0,0.246366383058713,0.124858012587113,0.677072342670185,0.0000706262749428329,0.049366749714183,0.00366071292922417,-0.34101802076673,0.21307127956945,108.891533481004,-1.60048797499044,0.112387734352726,-0.14178008916212,0.122302653013748,19026.6250559318,-1.15925603957408,0.246366383058713,1.45421125870494,0.930647972152327,47.0178320990361,1.56257930196932,0.124858012587113,-0.41229624650253,0.983932185563114,47.78922750059,-0.419029128787538,0.677072342670185,-0.313860710113961,0.211619815091601,-1.48313479046423,0.138038602257691,-0.562593204978522,0.211426676187482,-2.66093765991782,0.00779233829597168,0.248732494864561,0.237096959087481,1.0490750105858,0.294143596374098,1.86650750520748,1.33687234310935,1.39617482164848,0.162661856800647,1.04191501220242,1.37157891714105,0.75964641857736,0.447465964731563,0.824592493005062,1.96786437112623,0.419029128787538,0.675194844235548
0,"",160663.486110301,0,0.52930088705338,0.0884807050299201,0.597926559337414,0.0000207970547674033,0.0605895930220091,0.0058675655607978,-0.370280607675923,0.211046224426244,109.331247502256,-1.75450003278939,0.0821465253354498,-0.0770061897917718,0.122409810766301,19028.6487681979,-0.629085114254348,0.52930088705338,1.64377359392185,0.944898528163158,46.9214025951882,1.73962975380782,0.0884807050299201,-0.510839019606808,0.962155720822891,47.7599303735741,-0.530931748937593,0.597926559337414,-0.425227995839662,0.209498605419642,-2.0297414151655,0.0423828307653178,-0.536088540244881,0.20930151628136,-2.56132181825299,0.010427471470541,0.110860544405219,0.236641288718635,0.46847507045582,0.639444894567489,2.15461261352866,1.33107733903812,1.61869829072867,0.105512194834435,1.13293457431504,1.36579165203682,0.82950761386298,0.406817230226803,1.02167803921362,1.92431144164579,0.530931748937593,0.59546607580453
0,"",160728.644474001,0,0.784534280306252,0.0670591661623512,0.531071724029939,0.00000392878552689603,0.0739349263210934,0.00858515700550816,-0.396393706737015,0.219031122727891,101.31437288001,-1.80975973551241,0.0732979041638454,-0.033526138071616,0.122618267886142,19028.1548521412,-0.2734187870175,0.784534280306252,1.7798397035773,0.947962015783017,44.1541745571503,1.87754327066275,0.0670591661623512,-0.577301554667805,0.914694333214212,46.0002987027918,-0.631141501269809,0.531071724029939,-0.513651443505343,0.217176581897132,-2.36513273677288,0.0180236097817145,-0.531937629786469,0.216973286884555,-2.4516272828991,0.0142211880521896,0.0182861862811257,0.235653555810143,0.0775977524220264,0.938148030299379,2.35714125824511,1.30005690316492,1.81310622058679,0.0698154399325505,1.2025381489095,1.33433408923569,0.901227180367035,0.367467542180457,1.15460310933561,1.82938866642843,0.631141501269809,0.527948007457149
0,"",160692.494653088,0,0.963706474559836,0.0479930018060647,0.614867199113106,0.000000108814696601247,0.0871183647812465,0.00553222039362941,-0.386081518709471,0.223568691726867,97.8932475340719,-1.72690333215863,0.0873392131249198,0.00557417464478371,0.122499949878144,19028.3757265316,0.0455034851061456,0.963706474559836,1.94576273595467,0.95616852780068,43.3925956198665,2.03495793825195,0.0479930018060647,-0.449019519347511,0.886386299758041,46.1291672985181,-0.506573171844015,0.614867199113106,-0.514316722566866,0.221631354251483,-2.32059549653464,0.0203086854827253,-0.465238584151855,0.221426216302186,-2.10109982422737,0.0356322043368082,-0.0490781384150109,0.234676705225341,-0.209130848193412,0.834346093726922,2.39478225530219,1.286787728967,1.861054625711,0.0627364629627313,1.49674321660716,1.32062681802639,1.13335818732196,0.25706386551029,0.898039038695025,1.77277259951609,0.506573171844015,0.612454336358067
0,"",160682.266944788,0,0.858152537860377,0.096731397994651,0.788257394427478,0.00000167889296478425,0.0612370836814871,0.00151746237347385,-0.357311024030659,0.221157423400782,99.6216664445321,-1.61564110549045,0.10933462455879,0.0218863377187913,0.122455556790075,19026.7871432291,0.1787288245017,0.858152537860377,1.67458700577219,0.986775482951989,44.1489275241823,1.69702940000351,0.096731397994651,-0.249465047866067,0.923674335570581,47.9959067479438,-0.270079007567061,0.788257394427478,-0.462590488639121,0.219711892073395,-2.10544128619398,0.0352529131355909,-0.397744883736293,0.219520261352525,-1.81188233507776,0.0700043794512025,-0.0648456049028281,0.235616223163768,-0.275217062866492,0.783149478697526,1.92405205363826,1.33423563726564,1.44206315578662,0.149284557813958,1.42512195790613,1.3688007627643,1.0411463791327,0.297807617267242,0.498930095732135,1.84734867114117,0.270079007567061,0.787099471730271
0,"",160715.069696912,0,0.583849962287034,0.0870955223226588,0.923757586918608,0.0000157704283102996,0.0648189808177902,0.000183833412709737,-0.355911882125394,0.220473185772544,101.190236584786,-1.61430915454988,0.109574498101302,0.0671321399759193,0.122553288789879,19026.578825973,0.547779179480195,0.583849962287034,1.72845639678777,0.987797194936558,44.1748175859365,1.74980897460311,0.0870955223226588,0.0923216110950036,0.959857068707188,50.3140549346364,0.0961826652163427,0.923757586918608,-0.493867363840289,0.219289525628731,-2.25212473064689,0.0243143908741876,-0.367401718668612,0.219105511005677,-1.67682554848697,0.0935766002616027,-0.126465645171678,0.236809803988946,-0.534038891301903,0.593314626950137,1.63613478569277,1.35975411934093,1.20325782611771,0.228876563828361,1.82077800788278,1.39470660580596,1.30549177891834,0.191725444717337,-0.184643222190008,1.91971413741438,-0.0961826652163428,0.923375498132041
0,"",160764.921697179,0,0.473849719553183,0.02140719424634,0.591947454582769,0.0000269603312780067,0.117083480365802,0.00580589153736811,-0.335887192608809,0.223027859304681,101.41203879778,-1.50603244660098,0.13516740408108,0.0879011561804649,0.122725219440907,19027.6260253764,0.716243626052672,0.473849719553183,2.22025093598214,0.929776984280912,43.0002083459867,2.38793923007169,0.02140719424634,0.5095416651668,0.944478682957423,49.8399215865887,0.539495146223189,0.591947454582769,-0.533836888394138,0.221275723139212,-2.41254160565225,0.0158417292706224,-0.401076820473915,0.221078443404197,-1.81418330208082,0.0696495100276109,-0.132760067920223,0.236672767770985,-0.560943572725224,0.574836004795314,1.71070927081534,1.30797425900259,1.30790744469227,0.19090470412626,2.72979260114894,1.34248045941296,2.03339466284866,0.0420126661307307,-1.0190833303336,1.88895736591485,-0.539495146223189,0.589545245220193
0,"",160665.524409577,0,0.929995380305812,0.0347824471291717,0.623976305902661,0.000000405590424139887,0.0984029373976947,0.00482243012638353,-0.368946363963735,0.221163050824919,102.852202096799,-1.6682097782048,0.0983158217979143,-0.0107542016218792,0.122412972688509,19028.8959256958,-0.0878518132979606,0.929995380305812,1.97366640990629,0.905716583345553,43.5078162857749,2.17912142296868,0.0347824471291717,0.463555293771876,0.939770258451795,50.2104752849104,0.493264486296418,0.623976305902661,-0.468434484105247,0.219228083584293,-2.13674487523007,0.0326187479128836,-0.529100549283837,0.219025345004316,-2.41570467232188,0.0157047934030961,0.0606660651785897,0.236009895416786,0.257048820226184,0.7971410857947,1.51011111613442,1.28799094250234,1.1724547636962,0.241014523683261,2.43722170367817,1.32214245377242,1.8433881286575,0.0652723621057041,-0.927110587543754,1.87954051690359,-0.493264486296418,0.621825718239125
0,"",160516.439985768,0,0.721553577492127,0.0734016179268366,0.716705710332324,0.00000667556788122126,0.0700205578919684,0.00268663292824405,-0.390371617039653,0.221037015829576,101.475189339725,-1.76609160042514,0.0803878863051455,-0.043452640604156,0.121924916790183,19026.3856679793,-0.356388519656997,0.721553577492127,1.66911065706097,0.910347356081909,44.6481811146973,1.83348767468798,0.0734016179268366,0.354568674642513,0.971555737955162,49.4411532694715,0.364949390745996,0.716705710332324,-0.442632448815344,0.219447612343236,-2.01703014258832,0.0436923678139652,-0.559489022740777,0.219255740723328,-2.55176453257286,0.0107178926619624,0.116856573925433,0.236090532298607,0.49496509998814,0.62062475609426,1.31454198241846,1.31410288478884,1.0003341425049,0.317148829471232,2.02367933170349,1.34849520931574,1.50069449095807,0.133434598624376,-0.709137349285027,1.94311147591033,-0.364949390745995,0.715149184733608
0,"",160489.910764387,0,0.772914048057446,0.0915580059485671,0.784967391538981,0.00000437717859161612,0.0596053953812633,0.00152017106247955,-0.368522141665162,0.223157310674573,98.7789085583048,-1.65140071168259,0.101832557071307,-0.0351550662305889,0.12182533732643,19024.1134986919,-0.288569414229416,0.772914048057446,1.64354399465726,0.954095753477426,46.8169694462878,1.72261954700771,0.0915580059485671,0.269784820983556,0.983399740050483,49.4335361970112,0.274338918342308,0.784967391538981,-0.437859378928396,0.222012991166558,-1.97222413259549,0.0485840259384403,-0.530958902336367,0.22183400153357,-2.39349648235065,0.0166886413552145,0.0930995234079715,0.236261382480194,0.394053071351076,0.693541857235379,1.37375917367371,1.35265974175422,1.01559847703616,0.309820630401753,1.91332881564082,1.3874650028406,1.37901050601176,0.167891514691586,-0.539569641967114,1.96679948010097,-0.274338918342308,0.783824178821791
0,"",160513.717543829,0,0.575946185085881,0.159559811523117,0.932918851447014,0.0000164441651233685,0.040719107131934,0.000143097002589938,-0.449948820113745,0.22005593244405,100.385262877502,-2.04470206786244,0.0435014307767589,-0.0681824320993703,0.121901170375241,19024.3687785025,-0.559325492031688,0.575946185085881,1.42760160477081,0.999244397436696,48.0859453850501,1.42868111988714,0.159559811523117,-0.0820161532398414,0.969482146687914,50.0065015882552,-0.0845978995281521,0.932918851447014,-0.441697106101948,0.219129835624134,-2.01568674956511,0.0438327420521145,-0.571133863028675,0.218953217371052,-2.60847440328222,0.00909468133109745,0.129436756926728,0.235974925525772,0.548519113369066,0.583335508904147,1.50961775801065,1.37469719844091,1.09814565689285,0.27214089136965,1.34558545153097,1.40960193306806,0.954585418737505,0.339787393847593,0.164032306479683,1.93896429337583,0.0845978995281521,0.932581069016963
0,"",160577.58408341,0,0.505729057264444,0.23409687950957,0.874157002976482,0.0000232754820170891,0.0295695337826968,0.000508253470981624,-0.509236774582427,0.217041435796029,104.011577174081,-2.34626523140493,0.0208580691722718,-0.0812766357003179,0.122125879587853,19028.6174620627,-0.665515253397628,0.505729057264444,1.17067967084705,0.971402049390496,47.6648321729544,1.20514432884056,0.23409687950957,-0.148341464101166,0.931810259024359,49.838963982859,-0.159197071146743,0.874157002976482,-0.449858894287192,0.215553618342679,-2.08699300780014,0.0368887666050278,-0.599881395399505,0.215360478469715,-2.78547577374491,0.00534492338542965,0.150022501112313,0.235282674084743,0.637626640788171,0.523716749420758,1.31902113494822,1.32867831095392,0.992731742569975,0.32084070150731,1.02233820674589,1.36323092202563,0.749937659297508,0.453292251869607,0.296682928202333,1.86362051804872,0.159197071146743,0.873513611322661
0,"",160672.601662371,0,0.670614147134394,0.216874491877137,0.834210757311755,0.00000950452669256359,0.0320293241119291,0.000845210514369929,-0.44067549733243,0.214725636934937,107.186191150834,-2.05227239570819,0.0425796479560726,-0.0520725724155201,0.122433855100658,19031.8231689908,-0.42531187450325,0.670614147134394,1.19297767527104,0.953182036540369,47.3399027613901,1.25157381228146,0.216874491877137,0.200458296727578,0.952969069197215,52.3068233433379,0.210351314861084,0.834210757311755,-0.440909977944146,0.213194643567388,-2.06811001705481,0.0386296789774189,-0.561988330788886,0.212999618031197,-2.63844759903079,0.00832865710012608,0.121078352844739,0.236414999208295,0.512143278769137,0.608550737001232,0.992519378543462,1.33038509426028,0.746039160259324,0.455643759470758,1.39343597199862,1.36509618131097,1.02076028859771,0.307368023118393,-0.400916593455157,1.90593813839444,-0.210351314861084,0.833393487613033
0,"",160836.79445721,0,0.351521329793324,0.134816820936517,0.93579274603348,0.0000456013242795425,0.0477569012836834,0.00011905225870347,-0.420391178694235,0.214503415972057,109.252458432475,-1.95983442403079,0.0525620568726168,-0.114566630969647,0.122969727602663,19033.6729378262,-0.931665322865742,0.351521329793324,1.44369765600809,0.948529915138112,46.1915070674406,1.52203703116509,0.134816820936517,0.0757824946688385,0.936415683658007,55.0061300388837,0.0809282629406658,0.93579274603348,-0.390089660504885,0.212725890662608,-1.83376672811108,0.0666886286140063,-0.625624457162238,0.212522495826441,-2.94380345350905,0.00324205818978438,0.235534796657353,0.236863170835907,0.994391807836291,0.320032154884681,1.36791516133926,1.31547418705792,1.03986469274523,0.298402768025008,1.51948015067693,1.35007197149246,1.12548085047436,0.260385327413486,-0.151564989337677,1.87283136731602,-0.0809282629406658,0.935499003102647
0,"",160854.316384143,0,0.298937354854541,0.0998034827027229,0.908289930136382,0.0000566809356713178,0.0589799596506855,0.000242247355063624,-0.475191338972226,0.214932307254674,109.325106053755,-2.21088837244543,0.0291257590844582,-0.127808034102929,0.123041024906868,19035.0841733822,-1.03874325006371,0.298937354854541,1.55773609743705,0.927008714888882,45.0520476921804,1.68038991696402,0.0998034827027229,-0.103153566612593,0.891367998126163,55.2700882275853,-0.115725005642387,0.908289930136382,-0.454855177384123,0.212643397806003,-2.13905149220336,0.0324314983415201,-0.701757608742214,0.21242352531391,-3.30357764143679,0.000954595315883104,0.246902431358091,0.235751270601884,1.04730053300556,0.294960990345222,1.66088966404965,1.26906243452597,1.30875331178646,0.190617926605127,1.45458253082446,1.30278343112038,1.11651905917589,0.264200016582938,0.206307133225187,1.78273599625233,0.115725005642387,0.90787048776094
0,"",160894.680809587,0,0.558827092744356,0.0770805386172678,0.884538806359886,0.0000179518879365739,0.0681560654817513,0.000409253619696655,-0.442778620601701,0.214211707470684,111.092352908886,-2.06701410408344,0.0410568257634595,-0.0720117812136865,0.123182371554803,19036.7172572128,-0.584594859676402,0.558827092744356,1.59804971927557,0.883114583907515,44.7697976872957,1.80956101098985,0.0770805386172678,0.129327922185909,0.886217805158155,52.0155692277065,0.14593243493097,0.884538806359886,-0.48282798725828,0.211526952683151,-2.28258376123593,0.0224548983969454,-0.637776199072102,0.211293936281303,-3.01843114997398,0.00254087129740616,0.154948211813822,0.235867071760953,0.6569302389562,0.511225773604213,1.46872179708966,1.23451600407094,1.1897146673242,0.23415855852603,1.72737764146148,1.26748450431226,1.36283925806159,0.1729331755392,-0.25865584437182,1.77243561031632,-0.14593243493097,0.883974726303229
0,"",161000.395354448,0,0.534088699259208,0.043403539907469,0.896540694625745,0.0000203106198929018,0.0865530147530882,0.000334254685783969,-0.377813877444467,0.21207561858923,113.726605165617,-1.78150548355234,0.0774991176070458,-0.076804002952147,0.123521197197062,19034.9932548315,-0.621788038773754,0.534088699259208,1.87425108071775,0.902090222645311,45.5571697611995,2.07767586175765,0.043403539907469,0.118253566986685,0.904899544110027,51.0746109286315,0.130681430614476,0.896540694625745,-0.396204911677,0.209592543300238,-1.89035786024812,0.0587101152535526,-0.559802088799629,0.209365082698857,-2.67380826632312,0.00749953149543698,0.163597177122628,0.236950122892138,0.690428749839051,0.489924602190844,1.75599751373107,1.26079395104173,1.3927712076031,0.163688987751173,1.99250464770444,1.29445684457312,1.5392592314358,0.123741022535922,-0.236507133973371,1.80979908822006,-0.130681430614476,0.896027322578688
0,"",161015.43998313,0,0.518893353575176,0.00764173216012401,0.81318952119393,0.0000218630637320954,0.148792394080008,0.0011499702545024,-0.353812430168528,0.218194402981996,107.458790488393,-1.62154677357935,0.107831024296444,-0.0797022426071276,0.123557068827159,19032.0413781679,-0.645064206877725,0.518893353575176,2.53894543177078,0.908708670892953,44.6593248823667,2.79401475202812,0.00764173216012401,-0.216685836956659,0.912017725356984,49.0307090240923,-0.237589501752111,0.81318952119393,-0.381943746888578,0.215879012654091,-1.76924909092751,0.076852315098925,-0.523044243638859,0.215660063169171,-2.42531804893595,0.0152949805749629,0.141100496750281,0.237201943675312,0.594853880891561,0.551941147554681,2.75563126872745,1.27038811183544,2.16912551609613,0.0300731559910786,2.32225959481413,1.30428892702113,1.78047942193142,0.0749975341074683,0.433371673913319,1.82403545071397,0.237589501752111,0.812199493780711
0,"",161119.334659434,0,0.374273191829312,0.00573620051057981,0.70885108842121,0.0000414753934608197,0.160524346907868,0.00285486489546254,-0.384082611394499,0.22356145828664,103.36785814032,-1.71801800873049,0.0887874605697299,-0.110078555462667,0.123890012476917,19033.7483273396,-0.888518398391287,0.374273191829312,2.61120430109776,0.899165453120286,44.1031564821083,2.90403094562448,0.00573620051057981,-0.340327095718731,0.906168803193044,49.2660401375826,-0.375566996479606,0.70885108842121,-0.377534071459069,0.221145387413136,-1.70717588042555,0.0877893666719142,-0.568942911055254,0.220924955381919,-2.57527679510768,0.0100159896346123,0.191408839596185,0.237616201012533,0.805537832776349,0.420509383589822,2.9515313968165,1.25962537219529,2.34318191898005,0.0191200577837822,2.27087720537904,1.29329994419413,1.75587822111447,0.0791092044347424,0.680654191437464,1.81233760638609,0.375566996479606,0.707238830445359
1,Model failed to converge with 1 negative eigenvalue: -3.2e+01,161143.504123621,1,0.372794865523583,0.0360145256886628,0.773306272023004,0.0000416677422954437,0.0897501377560122,0.00000618366120165718,-0.405867659988056,0.220051521167401,106.558775249767,-1.84442106028115,0.0678995971890586,-0.110503048159398,0.12398362029159,19063.4641895967,-0.891271346162601,0.372794865523583,1.93295323047967,0.8955758624617,47.2458242542917,2.15833555983353,0.0360145256886628,-0.251070495973496,0.8715949759996,13418.796047429,-0.288058677352462,0.773306272023004,-0.369199272597475,0.217310319481976,-1.69894956428011,0.089328687024167,-0.568996823279473,0.217075336692216,-2.62119516638703,0.00876220843004008,0.199797550681998,0.236859916200686,0.843526223798517,0.398934205812723,2.18402372645317,1.23317834845962,1.77105260498715,0.0765519543585156,1.68188273450617,1.26599329228631,1.32850840897331,0.184010207474725,0.502140991946992,1.7431899519992,0.288058677352462,0.773301823208234
0,"",161173.079483825,0,0.40215314667461,0.0832049869101126,0.978970390206213,0.0000368727300643501,0.0606853894310186,0.0000137652683724005,-0.408670584901967,0.222928009365586,103.368456800328,-1.83319532644181,0.0696513586047861,-0.103940420115978,0.124063415281442,19035.3191555825,-0.837800731828844,0.40215314667461,1.62562101675762,0.918993352796577,48.4329369208057,1.76891488040769,0.0832049869101126,-0.0239442144062679,0.903915518087974,50.9747189166976,-0.0264894383679975,0.978970390206213,-0.367357393815531,0.220607136026941,-1.66521083783377,0.095870699493889,-0.573215607047832,0.22038872550477,-2.60092981496653,0.00929714726272743,0.205858213232301,0.237849763725144,0.865496816175894,0.38676616266738,1.64956523116389,1.27196074472953,1.29686803464572,0.194676596652977,1.60167680235136,1.3058866553098,1.22650522220965,0.220008611332675,0.0478884288125359,1.80783103617595,0.0264894383679975,0.978866957606036
0,"",161246.482381761,0,0.33856845963489,0.19629584702543,0.850021780355255,0.0000481248200223058,0.0340113132742631,0.00068908266542265,-0.420827489220003,0.225606334998095,100.932959932843,-1.86531769696785,0.0650414433735597,-0.118943168829645,0.124284714634371,19030.6468876445,-0.957021699567479,0.33856845963489,1.22745810146054,0.936906611974731,48.7494122674461,1.31011787703516,0.19629584702543,-0.18034550233148,0.949046314192457,52.3678959540492,-0.190028136282196,0.850021780355255,-0.315235272940517,0.223739825309385,-1.40893679748169,0.158853857539454,-0.537887380063248,0.223537194797186,-2.40625449626524,0.0161170326712751,0.222652107122731,0.239470911121581,0.929766818357698,0.352491829963409,1.40780360379202,1.31607368560467,1.06969968261709,0.284754509252852,1.04711259912906,1.35089446891586,0.775125387825009,0.438265571178105,0.360691004662961,1.89809262838492,0.190028136282196,0.849287082662603
0,"",161257.726941416,0,0.465608386707352,0.184764861952218,0.83426486016967,0.0000279760793757799,0.0357491076708097,0.000831469560531518,-0.361956750300815,0.21755900736712,108.064719952295,-1.66371760324329,0.0990662632635648,-0.0907109194452602,0.124319817134557,19030.0272913633,-0.729657761216617,0.465608386707352,1.25985263738115,0.936527165279615,48.8116607356621,1.34523875450532,0.184764861952218,-0.212056195324258,1.0085168480045,53.1285553703232,-0.210265396898271,0.83426486016967,-0.285221372599459,0.216086277244667,-1.3199420908923,0.186854353076171,-0.448730300302775,0.215890374397923,-2.07850999172241,0.0376624115846663,0.163508927703316,0.241256596506863,0.677738681846427,0.497937395692317,1.47190883270541,1.35857211190815,1.08342341183353,0.278620528630661,1.04779644205689,1.39379358040445,0.751758694248574,0.452196186217054,0.424112390648518,2.017033696009,0.210265396898271,0.833460540841921
0,"",161339.435484517,0,0.651249428847967,0.203455167189291,0.861735159772578,0.0000107361234792224,0.0322719526728688,0.000583414908611236,-0.259865388137918,0.22326922847685,104.032365985945,-1.16391044977729,0.247122716795681,-0.056315833406809,0.124583099548075,19032.2707519926,-0.452034293664988,0.651249428847967,1.14823573941667,0.890999347780158,49.8006983377676,1.28870547692026,0.203455167189291,0.179050614627287,1.0230120947017,52.4758068762183,0.17502296947867,0.861735159772578,-0.256169063404227,0.221585199514692,-1.15607479184205,0.247650565974763,-0.38392557838806,0.221384389439913,-1.73420347911325,0.0828819858855899,0.127756514983833,0.242145300725428,0.527602702183752,0.59777511711162,0.969185124789385,1.33917621561774,0.723717396923987,0.469239250461455,1.32728635404396,1.3738537880084,0.966104519730625,0.333991883145225,-0.358101229254574,2.04602418940341,-0.17502296947867,0.861061585122935
0,"",161400.626278168,1,0.811377805408498,0.330308761615765,0.833793666381146,0.00000299074562797345,0.0000599147890527562,0.000845819299185891,-0.242396681066211,0.236917217952141,94.2457961137335,-1.02312817599934,0.308866281352164,-0.0297744975844072,0.124761012041959,19043.6561097159,-0.238652260807195,0.811377805408498,0.858084762666159,0.88142297853153,15817.272167566,0.973522115449891,0.330308761615765,0.218513257263203,1.03617745219028,52.5342124750668,0.210884011036244,0.833793666381146,-0.26486566189475,0.235347449530097,-1.12542397388877,0.260409416787638,-0.34287301223964,0.235155710610608,-1.45806798120842,0.14482180586173,0.0780073503448899,0.242843730205829,0.32122447748094,0.748040283928992,0.639571505402958,1.34295487123724,0.476241993756449,0.633901985210693,1.07659801992937,1.37753859214254,0.781537465498435,0.434486450281251,-0.437026514526407,2.07235490438057,-0.210884011036244,0.83297778091039
0,"",161456.255071257,1,0.914628795377636,0.336814865842317,0.964218733831962,0.000000603433861771297,0.0000589290166352976,0.0000377079422961845,-0.206075221343932,0.238070120809242,94.2015344034641,-0.865607244804374,0.388904756192149,0.0133945739482269,0.124945491578755,19045.2504994072,0.107203339464106,0.914628795377636,0.84752326030354,0.88237058419771,15654.7603012383,0.960507155929439,0.336814865842317,0.0460485510615814,1.02172748058967,53.8657336936755,0.0450693085351932,0.964218733831962,-0.289622623515051,0.236378616268895,-1.22524883209228,0.220481480779465,-0.266723310594672,0.236184266470317,-1.12930177179348,0.258770553743296,-0.0228993129203795,0.242720516117676,-0.0943443648137163,0.924835609029074,0.80147470924196,1.33259237953288,0.601440261517109,0.547546789303464,0.893571811365123,1.36718957533692,0.65358296134237,0.513380524531313,-0.0920971021231631,2.04345496117934,-0.0450693085351932,0.96405206479488
0,"",161493.506012024,1,0.881717220116897,0.249327274185212,0.937558204767394,0.00000116224161638675,0.0000880505114878939,0.00010922376707547,-0.158559799601052,0.233894594754453,97.2718917339991,-0.677911346209224,0.499437304348541,0.0186120345971792,0.125085346005009,19049.2511179032,0.148794684522309,0.881717220116897,1.01631031680123,0.882191318468178,15071.5175821133,1.15202937903077,0.249327274185212,-0.0769171683446136,0.977499900803079,56.6824406883193,-0.0786876482354845,0.937558204767394,-0.269174858892141,0.231816500442077,-1.1611548719734,0.24557892323524,-0.225453406288534,0.231609510579251,-0.973420330299386,0.330344438695903,-0.0437214526036073,0.24166101581501,-0.180920586037244,0.856429910171051,1.09322748514585,1.29943487468594,0.841309946687455,0.40017431977933,0.939393148456617,1.3337931486371,0.704301974722626,0.48124473681555,0.153834336689228,1.95499980160616,0.0786876482354845,0.937281070295554
0,"",161445.864923381,1,0.829206509089338,0.149383376035447,0.979227169201651,0.00000244311614920647,0.000136881275939157,0.0000123706038570899,-0.183854033989876,0.234948149644629,96.7319834675736,-0.78253024877176,0.43581448675359,0.0269490487071198,0.124924710032326,19047.8079258377,0.215722323471043,0.829206509089338,1.27072863211042,0.881357309515146,15184.416724526,1.44178600255721,0.149383376035447,0.025819497465934,0.98713960916432,55.3021659749166,0.0261558722051402,0.979227169201651,-0.257858641704727,0.232967601792698,-1.10684335384187,0.26836166043862,-0.206141581087353,0.232764236149287,-0.88562394505976,0.375820203980404,-0.051717060617374,0.241665306323109,-0.214002834764489,0.830544846568529,1.24490913464449,1.30602837209923,0.953202213090903,0.340487625316877,1.29654812957636,1.34043296039212,0.967260704479449,0.333413722443198,-0.0516389949318681,1.97427921832865,-0.0261558722051402,0.979133012707765
0,"",161414.671437731,1,0.408568701752027,0.116375985591061,0.771941925866227,0.0000358576679868699,0.000161092093804245,0.00153826904037454,-0.241417400402956,0.236778199631703,95.3406123969782,-1.01959302325328,0.310501821441267,0.103153542129309,0.124817748996502,19046.6229330876,0.826433283396259,0.408568701752027,1.3831094330912,0.88081718521247,15303.7313953577,1.57025709342577,0.116375985591061,0.289551106235971,0.994110852670251,55.0655462137758,0.291266417078354,0.771941925866227,-0.381058775305286,0.234876111602547,-1.62238199834518,0.104721581185117,-0.199210788986394,0.234676052328855,-0.848875660765064,0.395950483536897,-0.181847986318893,0.241685801045489,-0.752414852392036,0.451801617538798,1.09355832685523,1.31086410263004,0.834227075606985,0.404153036480283,1.67266053932718,1.34529770190867,1.24333858368602,0.213743091792039,-0.579102212471944,1.98822170534051,-0.291266417078354,0.770847569779004
0,"",161379.28489078,0,0.310897145819663,0.0712363661956482,0.727466244741629,0.0000539574095707913,0.0686660320906609,0.00224858052266331,-0.315425301703791,0.241908665232446,91.9532370815981,-1.30390245178156,0.195521612568409,0.12636152549335,0.124694567845644,19030.9350068521,1.01336832611481,0.310897145819663,1.65336318058449,0.895439664762202,46.2410149973157,1.84642611406271,0.0712363661956482,0.343794801174602,0.981433900996771,54.4490628223478,0.350298477386439,0.727466244741629,-0.487017197590213,0.240067708204149,-2.02866600107692,0.0424923210715881,-0.263335343587388,0.239872870957854,-1.09781211412464,0.27228654056072,-0.223681854002825,0.241101938401556,-0.92774805331628,0.353538275685609,1.30956837940989,1.31111598482861,0.998819627373459,0.317882076234989,1.9971579817591,1.34574301589765,1.48405598852537,0.137794067828622,-0.687589602349207,1.96286780199355,-0.350298477386439,0.726114707836004
0,"",161379.160929816,0,0.535519331539208,0.0404553517071435,0.625127317347191,0.0000201735024080493,0.0895952617560839,0.00448624833933774,-0.376603239442232,0.240172845020307,92.8535807559874,-1.56805087357145,0.120270985657439,0.0772651774110412,0.124698878656561,19030.5986486704,0.619614051412929,0.535519331539208,1.94543801702988,0.922163796179833,45.2239120336418,2.10964475626681,0.0404553517071435,0.468821569068145,0.953989705115517,53.5909856801295,0.491432524433139,0.625127317347191,-0.500083750606475,0.238301064184558,-2.09853763061323,0.0358576793365646,-0.385155913015836,0.238104689188178,-1.61759062506929,0.105750850804011,-0.114927837590639,0.240319127815356,-0.4782300877812,0.632486449853086,1.47661644796174,1.30932982487793,1.12776507485378,0.259419146728209,2.41425958609803,1.34410574680251,1.79618277195921,0.0724654537431354,-0.937643138136292,1.90797941023104,-0.491432524433139,0.623120565140253
0,"",161412.724551636,0,0.941852542426816,0.0696000568230867,0.593576552618636,0.000000279582982559177,0.0683065627680425,0.0054062261709465,-0.33432726444128,0.237997316187089,94.0600614716984,-1.40475224593905,0.163388815021646,-0.00910351080282224,0.124803721103875,19030.5745488776,-0.0729426232030801,0.941852542426816,1.77194349896154,0.954267284010735,47.0294905459019,1.85686288176427,0.0696000568230867,0.518333537705936,0.965404556551636,53.033642514681,0.536908111929149,0.593576552618636,-0.394356948242816,0.236399092857676,-1.66818300136303,0.0952794042741477,-0.456348885502908,0.236209097215607,-1.93196998287649,0.0533632109167467,0.0619919372600918,0.240816830823115,0.257423607179791,0.796851780895102,1.25360996125561,1.33970591084054,0.935735187186778,0.349409548986026,2.29027703666748,1.37493712101561,1.66573220088475,0.0957667653350555,-1.03666707541187,1.93080911310328,-0.536908111929149,0.591331087397374
0,"",161568.248694291,0,0.432022969059204,0.167024429036462,0.69391478339778,0.0000324419632820646,0.0400501659386955,0.0029266798271334,-0.314228254506545,0.244488975401831,90.4569887512254,-1.28524508718683,0.201987634112011,-0.0984579491626432,0.125304209709928,19030.4487428323,-0.785751327833022,0.432022969059204,1.34394877379826,0.95759964976226,47.2108360874355,1.40345579087453,0.167024429036462,0.384371679965096,0.971405365170688,53.3400783884724,0.395686181841869,0.69391478339778,-0.268082765715142,0.242933329941489,-1.10352402356527,0.269799664803656,-0.497467490313402,0.242746614940198,-2.0493282282678,0.0404300301632714,0.22938472459826,0.241842202697457,0.948489229918317,0.342880453108765,0.959577093833171,1.34623541133473,0.712785509691648,0.475978493530292,1.72832045376337,1.38162989352534,1.25092867624152,0.210960500478734,-0.768743359930194,1.94281073034138,-0.395686181841869,0.692336550585875
0,"",161652.466620249,0,0.427098049989534,0.320628802279941,0.576400359675664,0.0000331442101515019,0.0224924314963776,0.00585719406067473,-0.335617341201541,0.244698948375938,90.0342133947716,-1.37155203742814,0.173611391393375,-0.0997359533052066,0.125582881889338,19029.1998663332,-0.79418430127358,0.427098049989534,0.976679091639555,0.972264387877381,43.8549627094705,1.00454064122601,0.320628802279941,0.538075597572656,0.957285551606931,53.6244370395354,0.56208473706662,0.576400359675664,-0.250145289255408,0.243112047336348,-1.02893004273593,0.303512549739183,-0.495069772134967,0.242923341138107,-2.03796707971965,0.0415532252464733,0.244924482879559,0.241916184361471,1.01243529252096,0.311329970925131,0.4386034940669,1.34662332650957,0.325706146204786,0.744646693603141,1.51475468921222,1.38202494586757,1.09604004887287,0.273061248583909,-1.07615119514532,1.91457110321387,-0.562084737066621,0.574058286858473
0,"",161692.961133346,0,0.414012541567006,0.292779500022217,0.645772222630925,0.0000350640428447724,0.0256905702373665,0.00397389538710236,-0.317331951416376,0.238194589535555,94.1761531633629,-1.33223828482052,0.185996775654724,-0.102702995216288,0.125727356161075,19029.5902028224,-0.81687071415636,0.414012541567006,1.00243429113583,0.941179191131925,43.0219763795344,1.06508335562565,0.292779500022217,0.451419481894539,0.976563226959376,53.5567424424749,0.462253205355763,0.645772222630925,-0.261484666320299,0.236460074677122,-1.10583009278563,0.268800067288997,-0.505023176649245,0.236264699653775,-2.13753124097384,0.0325548075252135,0.243538510328945,0.242717883606406,1.00338098993921,0.315677072677131,0.551014809241291,1.33849763127447,0.411666630083339,0.680583787015165,1.45385377303037,1.37383117711412,1.05824776526352,0.289942500071275,-0.90283896378908,1.95312645391876,-0.462253205355763,0.64389975267558
0,"",161732.348096706,0,0.303726853671007,0.133378481704565,0.717345704180605,0.0000555769381990316,0.0507355763965853,0.00254216021871867,-0.319129928167818,0.232428157481425,98.0965881921175,-1.3730261067587,0.172874705447298,-0.129463078116549,0.125875386584202,19032.3084598121,-1.02850193059743,0.303726853671007,1.37521718046752,0.899225285117379,43.7602872641624,1.52933553273917,0.133378481704565,0.35345502606405,0.971070892526414,51.9826098551124,0.363984780909737,0.717345704180605,-0.253486122912336,0.230293749816172,-1.1007077834925,0.271023857586073,-0.542269499213325,0.230083110469882,-2.35684183035377,0.0184310954869889,0.288783376300989,0.242824880186041,1.1892660096434,0.234335006348907,1.02176215440347,1.30602181684163,0.782346926542478,0.434010715514479,1.72867220653158,1.34070004003381,1.28938029008188,0.197265910181858,-0.706910052128102,1.94214178505283,-0.363984780909737,0.715869374102827
0,"",161721.059623062,0,0.600714676964482,0.130486978476533,0.604933978014445,0.0000143950031158188,0.0506217815144022,0.00540968951381499,-0.396320387712713,0.23270935967667,98.4332687055971,-1.70307025150757,0.0917105550520956,-0.0658590102377675,0.125833587327418,19029.1429488465,-0.523381806372592,0.600714676964482,1.42101015374699,0.922358261734367,44.5140302330847,1.5406271214777,0.130486978476533,0.505386376801476,0.970730973176023,49.8334749567359,0.520624550742376,0.604933978014445,-0.366429406572253,0.230741150273392,-1.58805399963592,0.112274128930376,-0.540838664005165,0.23053605041054,-2.34600472699188,0.0189758668092837,0.174409257432912,0.242738447508802,0.718506932967787,0.472444774649007,0.915623776945518,1.32141487315064,0.692911662756151,0.48836499013139,1.92639653054847,1.3564621275812,1.42016241469532,0.155560402997692,-1.01077275360296,1.94146194635205,-0.520624550742376,0.602628343285273
0,"",161746.694512946,0,0.669348683874649,0.128608729445289,0.615307481210502,0.00000958670461418253,0.0508268777393269,0.00516936984463779,-0.4385532494606,0.235883397831008,96.4655725756565,-1.85919506626231,0.0660476436416472,-0.0537635575013329,0.12589560971128,19023.1010783071,-0.42704870824829,0.669348683874649,1.45826450547756,0.941891604106159,44.7633683173953,1.54822964672397,0.128608729445289,0.520860071179927,1.0299282634873,49.2197861772796,0.505724611747536,0.615307481210502,-0.415497623854832,0.234514612454541,-1.77173447533199,0.076438643989591,-0.567023077042053,0.234327414531956,-2.41978975517919,0.0155294829338259,0.151525453187221,0.244568939164733,0.619561313487803,0.535546643336561,0.93740443429763,1.37773335363397,0.68039612442066,0.496253674327427,1.97912457665749,1.41339125861022,1.40026660317933,0.161433497728997,-1.04172014235986,2.0598565269746,-0.505724611747536,0.613049988107706
0,"",161835.698134666,0,0.688036894323495,0.122204930160094,0.643592831735063,0.00000847675207026555,0.0553119320903391,0.00447311165681412,-0.386953859289632,0.234383969632144,97.633605756596,-1.65093995078649,0.101964053390767,-0.0506674575660391,0.126187018998199,19019.3513248319,-0.401526701940412,0.688036894323495,1.51774154276015,0.96239712546801,42.4772712441289,1.57704288863298,0.122204930160094,0.484332559881907,1.04022068068008,48.2480338260165,0.465605586273537,0.643592831735063,-0.381991176634099,0.233193280295412,-1.63808826802466,0.101403281973211,-0.524238860746916,0.2330093263043,-2.24986213668668,0.0244576981346528,0.142247684112817,0.245370088031225,0.579727077795704,0.562098680149548,1.03340898287824,1.39905077395995,0.738650091985745,0.460119498578251,2.00207410264206,1.43498833275024,1.39518493422519,0.16296007897136,-0.968665119763816,2.08044136136017,-0.465605586273537,0.641497843639564
0,"",161895.217857572,0,0.724537144309954,0.134796279430129,0.75403095635946,0.00000652783375065953,0.0535993881001354,0.00208666970376015,-0.339772255750253,0.223318026857292,106.391601335121,-1.52147258567433,0.131107916329689,-0.0445503403983355,0.126417386766402,19024.6429991448,-0.352406749877349,0.724537144309954,1.44601233537004,0.947896143440298,41.0901440308655,1.52549659092596,0.134796279430129,0.312001589673347,0.990021134550812,47.4967392432563,0.31514639312716,0.75403095635946,-0.367232448223685,0.221517956506621,-1.65779990938436,0.0973578596283894,-0.482688674811127,0.221311807782599,-2.18103444026486,0.029180869225621,0.115456226587442,0.24428695273542,0.47262543207737,0.63648043487533,1.1340107456967,1.3527329680085,0.838310865866009,0.401856134878784,1.75801392504339,1.38831243186665,1.266295600825,0.20540727135801,-0.624003179346696,1.98004226910163,-0.31514639312716,0.752650505187625
1,Model failed to converge with 1 negative eigenvalue: -2.0e+02,161915.498317354,0,0.402909397369029,0.0916111406152727,0.876219753349359,0.000036762186910998,0.0682846245520094,0.000513529814318865,-0.285146448971235,0.217241014620777,113.038684430365,-1.31258109555875,0.191982935440991,-0.105818911371767,0.126508768264534,19031.2808959288,-0.836455155033175,0.402909397369029,1.56098427179161,0.90348286844556,40.7302941850731,1.72774086406008,0.0916111406152727,-0.151434877893384,0.967010324281059,47.7310357448029,-0.156601097310901,0.876219753349359,-0.28539430823895,0.214855975017376,-1.32830519707851,0.184077303552103,-0.484240052381803,0.214628528327169,-2.25617748095282,0.0240595182636021,0.198845744142853,0.2437988308318,0.8156140185924,0.414720929087695,1.712419149685,1.30593573949449,1.31125835513764,0.189770492984897,1.40954939389823,1.34063879027595,1.05140132011852,0.293074309782845,0.302869755786769,1.93402064856212,0.156601097310901,0.875559237687166
0,"",161912.098511233,1,0.192071742300826,0.0592321429281357,0.585747236845442,0.00008932922158238,0.000248846604423036,0.00599345446094846,-0.246269900509661,0.223587570800308,107.086041019615,-1.10144718522664,0.273171621724565,-0.165006380143959,0.126488091681485,19048.8975740945,-1.30452106558354,0.192071742300826,1.68187409149375,0.891476316736028,14299.7200658121,1.88661668282071,0.0592321429281357,-0.532341190341671,0.970418497834094,49.9084456574194,-0.548568675813394,0.585747236845442,-0.205336277637131,0.221216426728255,-0.928214421840237,0.353296354933239,-0.490380861214629,0.220992384626821,-2.21899438771481,0.0264871063531935,0.285044583577498,0.243860239512533,1.16888503081638,0.242449955338893,2.21421528183543,1.30036822864662,1.7027602128821,0.088612951437054,1.14953290115208,1.33488824940746,0.861145419223182,0.389157956644465,1.06468238068335,1.94083699566819,0.548568675813394,0.583301487433284
0,"",162016.445520263,1,0.371611552408559,0.0775657373229062,0.599060506031493,0.000041910262357984,0.000207635278337703,0.00542367005765693,-0.254827484412544,0.229083462476212,102.835902572301,-1.11237835179397,0.268569166884287,-0.113309323964294,0.126817997397315,19047.1908671881,-0.893479839531774,0.371611552408559,1.57928835592751,0.89472552379156,15002.0940862673,1.76510931445768,0.0775657373229062,-0.531800249092943,1.00522311701395,51.3235862496312,-0.52903702679727,0.599060506031493,-0.268293841971671,0.227011876686585,-1.18184936351185,0.23726547691794,-0.449990007834745,0.226798708306012,-1.98409422697236,0.0472453365879862,0.181696165863075,0.245421352414129,0.740343756057856,0.4590914370528,2.11108860502046,1.32816499514174,1.5894776723845,0.111952590976433,1.04748810683457,1.36308191297765,0.768470402887482,0.442207767831118,1.06360049818589,2.0104462340279,0.52903702679727,0.596779764546942
0,"",162110.508047804,1,0.322979023863872,0.120022745412051,0.614333741421861,0.0000512849315118104,0.000162308001120742,0.00494471190273483,-0.320536252563306,0.230136725802696,102.150190236301,-1.39280791210227,0.166701887612423,-0.125654469549279,0.127131711516022,19047.4148850066,-0.988380224342721,0.322979023863872,1.39422192483499,0.896739918893293,14890.8807362883,1.55476732490694,0.120022745412051,-0.50694040300325,0.999950409859202,51.7205464807146,-0.506965543495932,0.614333741421861,-0.289907912681399,0.228003207187369,-1.27150804700373,0.203547966509844,-0.498394342386554,0.227788221038698,-2.18797240750163,0.0286716122700546,0.208486429705155,0.245803019704763,0.848184981435828,0.396334959947895,1.90116232783824,1.32555882611234,1.43423459629782,0.151505327408887,0.88728152183174,1.36050740797114,0.65216956308595,0.514291792577925,1.0138808060065,1.99990081971841,0.506965543495932,0.612178995301785
0,"",162177.686940366,1,0.253788352679936,0.0697680514558847,0.419823400678735,0.0000683797223572104,0.000218431408356101,0.0122421023310337,-0.328666881279816,0.243651158095102,92.6934995112222,-1.34892394458281,0.180647560172344,-0.145317711658724,0.127334230989508,19045.3838477578,-1.14123052795362,0.253788352679936,1.62921010004321,0.898357692479973,15053.7828057961,1.81354277219542,0.0697680514558847,-0.817230680067329,1.00518364080651,53.3326306851902,-0.813016295620992,0.419823400678735,-0.26287411200626,0.241660703119045,-1.08778178915074,0.276691450765444,-0.484476038947337,0.241456342964621,-2.00647468191931,0.0448056273534118,0.221601926941077,0.246296557162338,0.899736194018396,0.368260657120336,2.44644078011055,1.33047435463255,1.83877334545558,0.0659485302616756,0.811979419975885,1.36554728311804,0.594618311657316,0.55209863692915,1.63446136013466,2.01036728161302,0.813016295620993,0.416208715291967
0,"",162177.090894871,0,0.395335170605835,0.0434307786803853,0.495598008439783,0.0000379743984935322,0.0887204184582392,0.00895377495235379,-0.248513163809896,0.258958885293193,85.2080259987303,-0.959662625704189,0.339940288655263,-0.108206576320941,0.127301689652867,19025.3029201763,-0.850001100660996,0.395335170605835,1.91312255832168,0.920233553440118,44.3933086530065,2.07895327351392,0.0434307786803853,-0.703136432638859,1.02460961161208,52.1254825570011,-0.686248132625429,0.495598008439783,-0.222068843590347,0.257363515501192,-0.862860624039457,0.388214102364226,-0.37908632306603,0.257178164988713,-1.47402219423514,0.140475615552213,0.157017479475683,0.246802023286108,0.636208234377638,0.524640706815218,2.61625899096054,1.35927389727769,1.92474746715898,0.0542609589825126,1.20998612568282,1.39487769010381,0.867449622477491,0.3856957029968,1.40627286527772,2.04921922322417,0.686248132625429,0.492556650199651
0,"",162126.317477303,0,0.753387986191596,0.0342986767427719,0.583074320089222,0.00000518832810303543,0.0953607099134883,0.00576744143345636,-0.210233461214045,0.262079719041527,84.0978790232857,-0.802173712574583,0.424713493063546,-0.0399420048318562,0.127131071007572,19025.0857368492,-0.314179724242842,0.753387986191596,2.01688239079731,0.924058667682079,45.1926729529508,2.18263456784241,0.0342986767427719,-0.556003015530237,1.00668210825953,52.5865140018837,-0.552312404251942,0.583074320089222,-0.282446979085261,0.260426194816702,-1.08455671782195,0.278118033615315,-0.315364039154403,0.260241260328878,-1.21181414029376,0.225583534268176,0.0329170600691424,0.245983954942797,0.133817915387193,0.893546560183618,2.57288540632755,1.34859886068355,1.90782113298203,0.0564143384007349,1.46087937526708,1.38414872386588,1.05543526506812,0.29122630148206,1.11200603106048,2.01336421651907,0.552312404251942,0.580734333491034
0,"",162118.893670997,0,0.631999721732855,0.0529575505300306,0.581651964145648,0.0000120544358495695,0.077451423061853,0.00579781903487248,-0.21603244240013,0.255265682391737,86.7162730762533,-0.846304291183967,0.399712424381645,-0.0608803514281663,0.127119591694627,19027.3013982756,-0.478921861033161,0.631999721732855,1.86023264597757,0.936954182633501,46.9523848711911,1.98540406826405,0.0529575505300306,-0.544489595846982,0.982128912616782,52.7050505749617,-0.554397278047996,0.581651964145648,-0.291264416212827,0.253482433504953,-1.14905168056601,0.250534671005305,-0.36703073650538,0.253290827398067,-1.44904866976711,0.147323991263566,0.0757663202925527,0.245255619020358,0.308927969092784,0.757376320485167,2.40472224182456,1.33949408132829,1.79524663478912,0.0726144133382748,1.31574305013059,1.37501865034296,0.956891057297601,0.338622245391481,1.08897919169397,1.96425782523357,0.554397278047996,0.579306988519124
0,"",162187.440544585,0,0.560752259512475,0.0421582414197034,0.642992755208567,0.0000177815831544083,0.0869531087508533,0.00406073250154327,-0.221680458067192,0.255192816349539,87.0951945965839,-0.86867828506409,0.387410587515398,-0.074089455594988,0.127359517682132,19031.4486842483,-0.581734737563178,0.560752259512475,1.88863985057527,0.903515151696163,45.8812653728655,2.09032449210148,0.0421582414197034,-0.449136892758327,0.963459511445695,53.2989922319363,-0.466171009183755,0.642992755208567,-0.256810253743393,0.253039376481514,-1.01490233383559,0.310152385599985,-0.367049460985675,0.25283568795608,-1.45173121703228,0.146576355749556,0.110239207242282,0.245147418366926,0.449685368814618,0.652937322684283,2.3377767433336,1.30331728988448,1.79371267570678,0.0728590410610884,1.43950295781695,1.33811500289311,1.07576923859656,0.282030472937926,0.898273785516656,1.92691902289139,0.466171009183755,0.641093098878534
0,"",162321.650380956,1,0.643018302110875,0.0394411897763083,0.52864368540189,0.0000112784600162475,0.000298878334917444,0.00704200187640736,-0.18429014678537,0.260850343064472,85.2881316716022,-0.70649762089759,0.481804387875783,-0.0592365315428181,0.127805347087793,19046.9960760755,-0.463490244286313,0.643018302110875,1.85407785428963,0.900149530101382,14190.6523064115,2.05974428946356,0.0394411897763083,-0.604136840130276,0.952925410401624,56.6744828085283,-0.633981247153074,0.52864368540189,-0.228161233695946,0.258599673140099,-0.882295135664527,0.377617226272704,-0.295601363998723,0.258394220375217,-1.14399371460196,0.252626243668973,0.0674401303027773,0.24562026673337,0.274570707049944,0.783646074022533,2.45821469441991,1.29343940765957,1.90052559081059,0.0573641799247299,1.24994101415936,1.32803860161328,0.941193285075409,0.346605817243418,1.20827368026056,1.90585082080325,0.633981247153074,0.526093060557413
0,"",162403.442912443,1,0.696647315685426,0.0785751512045346,0.402261960028603,0.00000797916276436639,0.000218815868549979,0.0120877820282142,-0.111642640658795,0.262363639081893,85.4616474795664,-0.42552634598862,0.671522679951402,-0.0499326201444926,0.128079617101494,19047.9341332844,-0.389856101029133,0.696647315685426,1.58650181808204,0.901861543704988,14139.2885111992,1.75914122201557,0.0785751512045346,-0.799919644063205,0.948047220341145,58.1841269818403,-0.84375506504345,0.402261960028603,-0.1723392956188,0.260070985843995,-0.662662522924332,0.507546717257825,-0.204633345549053,0.259864158183707,-0.787462753537522,0.431011023890352,0.0322940499302529,0.245956991976316,0.131299580755007,0.895538323429676,2.38642146214525,1.29109730429575,1.84836685368727,0.064549290399074,0.786582174018835,1.32565580105143,0.593353247045703,0.552944770749682,1.59983928812641,1.89609444068229,0.84375506504345,0.398806289993167
1,Model failed to converge with 1 negative eigenvalue: -4.3e+03,162441.539582154,1,0.801424462028543,0.274998147517089,0.398311724637296,0.00000332056164320647,0.0000895153792050792,0.0125698875789052,-0.0746543598529622,0.256628476441392,87.9905848363633,-0.290904426851521,0.771809006086448,-0.0322492652390034,0.128223860940546,19049.7359321379,-0.251507519758405,0.801424462028543,0.984394456743818,0.901733029715599,13312.0772690369,1.09166951226605,0.274998147517089,-0.780514801120093,0.917124615193591,56.8958461026551,-0.851045526627086,0.398311724637296,-0.109946142779562,0.254066401306371,-0.432745700392636,0.665199525139273,-0.108512657966135,0.253846789043956,-0.427473037475942,0.669034819548379,-0.00143348481342745,0.245372829512808,-0.00584206823662447,0.995338730465525,1.76490925786392,1.26910533097223,1.39067200711533,0.164324909891065,0.203879655623726,1.30301638218635,0.156467453833261,0.875664571322974,1.56102960224019,1.83424923038719,0.851045526627086,0.394744063365578
0,"",162362.764494467,1,0.61733132360436,0.287563069965472,0.397508928882025,0.0000130910291659145,0.0000592299802913672,0.0000375035741459987,-0.0637407953939824,0.252248141276907,90.012064092111,-0.252690842720663,0.801083285956704,-0.063939192179809,0.127969421796858,19069.635801196,-0.49964430003683,0.61733132360436,0.956409885277646,0.899293546465959,19094.9201543954,1.06351245267593,0.287563069965472,-0.760525071407886,0.898862150188243,19087.6269270232,-0.846097559284941,0.397508928882025,-0.0278807694024402,0.249543169482361,-0.111727239259943,0.911039680741925,-0.0915157203696031,0.249316320874998,-0.367066704852776,0.713569262076341,0.0636349509671629,0.244454251066016,0.260314356120475,0.794621299654278,1.71693495668554,1.25468401787541,1.36842020160014,0.171180584397242,0.19588481386976,1.2880730223092,0.152075860977654,0.879127102893455,1.52105014281578,1.79772430037649,0.846097559284941,0.39749832220977
0,"",162398.659219,1,0.72438369531116,0.17525107812934,0.481385425368784,0.00000651979259522794,0.0000962217955517795,0.0000259703233978199,-0.1169768511512,0.250396821991457,91.9059899421138,-0.467165877828876,0.641486894045434,-0.0451669560924861,0.128092731965089,19070.2355854532,-0.352611388636758,0.72438369531116,1.22021670315541,0.900148234716106,19095.4815793074,1.35557306685187,0.17525107812934,-0.63348435048808,0.899720927809179,19088.3108882177,-0.704089824864488,0.481385425368784,-0.116357383170258,0.247665903970617,-0.469815914523554,0.638486543242484,-0.153179305802533,0.247437124083712,-0.619063555518491,0.535874490865238,0.0368219226322744,0.244690071082476,0.150483926337424,0.880382831255643,1.85370105364349,1.25588174644068,1.47601560329792,0.139939703527249,0.58673235266733,1.2892983455189,0.455078806784002,0.649052544330326,1.26696870097616,1.79944185561836,0.704089824864488,0.481376836340678
0,"",162447.234511184,1,0.821436998042914,0.0666364533305535,0.703299410455934,0.00000267437873728578,0.000273694009015443,0.00296959262022016,-0.040875740228498,0.257699064367506,88.6370219087635,-0.158618116557089,0.874330593676551,-0.0289450161420995,0.128245397467939,19047.5860490781,-0.225700233408654,0.821436998042914,1.65322097783513,0.90129100525074,12289.8779492373,1.83428101268491,0.0666364533305535,-0.345405317040659,0.901625199147975,49.2739619025843,-0.383091907110696,0.703299410455934,-0.103860645551459,0.255046529604038,-0.407222343753134,0.683844692356355,-0.132573436594126,0.254823345863581,-0.520256243182283,0.602884989333169,0.0287127910426668,0.245001939339075,0.117194137810188,0.906706212258628,1.9986262948758,1.25799682434853,1.58873715433329,0.112119746976257,1.30781566079448,1.29149175053427,1.01263957764612,0.3112323482973,0.69081063408132,1.80325039829596,0.383091907110696,0.701651619952171
0,"",162427.970664887,1,0.653428962314331,0.0262823127436565,0.988312640897403,0.0000105857104435573,0.000381143933612926,0.0000043920701571761,-0.0231176780525636,0.262775686951435,86.2199328145382,-0.0879749505015512,0.93010059797569,-0.0575485207118282,0.128167336981154,19045.3518272505,-0.449010817165454,0.653428962314331,2.00379436254838,0.901688333263127,12952.0594104616,2.22226936806073,0.0262823127436565,-0.0136272289564968,0.925583122518906,49.3529452688567,-0.0147228580826013,0.988312640897403,-0.0681039772060254,0.260333829218884,-0.261602487123427,0.793627926333461,-0.182049892902597,0.260121361767041,-0.69986521547445,0.48401148241341,0.113945915696572,0.245499633606732,0.464138842174823,0.642548274617097,2.01742159150488,1.27501437659077,1.58227360298416,0.113587124104839,1.99016713359189,1.30913340556119,1.52021721020767,0.128456393365519,0.0272544579129937,1.85116624503782,0.0147228580826013,0.988253283221248
0,"",162479.01818137,0,0.687838548240262,0.0211074452185872,0.629462516239358,0.00000848484951267464,0.120531170802217,0.00497047354762084,-0.0196200536095984,0.254091272102221,90.050988410633,-0.0772165586297874,0.93862257606751,-0.0515711032253343,0.12835140319898,19026.7132596203,-0.401796177836754,0.687838548240262,2.18750609367202,0.912897293500672,41.8963105706351,2.39622365982007,0.0211074452185872,0.447219900326131,0.92087145882606,47.2152633810359,0.485648562608567,0.629462516239358,-0.114914303477404,0.25158062175538,-0.456769295964054,0.64783687705307,-0.25583428078472,0.251361583587647,-1.01779387738267,0.308775922302177,0.140919977307316,0.245690201961867,0.57356775395214,0.56626033783512,1.7402861933459,1.27945819026925,1.36017433518455,0.173774762137961,2.63472599399816,1.31368114992777,2.00560538920957,0.0448983664682272,-0.894439800652264,1.84174291765213,-0.485648562608567,0.627216358918844
1,Model failed to converge with 1 negative eigenvalue: -2.0e+00,162581.025158765,1,0.813134477237597,0.0289208386763488,0.506462101305947,0.00000293229525284237,0.102753346190729,0.0000313104724612441,-0.0664000273827553,0.254859693472382,89.496182980102,-0.26053561658996,0.795049164965793,-0.0304206547293309,0.128689736365782,19056.3763279487,-0.23638757517433,0.813134477237597,2.18346784563481,0.967134138741479,44.5077918024356,2.25766805055205,0.0289208386763488,0.601857687139542,0.905902492476474,14096.8310715289,0.664373585609901,0.506462101305947,-0.183195879942363,0.25257299455929,-0.72531855696615,0.468256623931595,-0.294877596494914,0.25235885489892,-1.16848523747274,0.24261109056902,0.111681716552551,0.245867232576905,0.454235871051332,0.649659067357271,1.58161015849527,1.30769612021254,1.20946306565337,0.226484992434901,2.78532553277436,1.34236596856808,2.07493753416999,0.0379923244724403,-1.20371537427909,1.81180498495295,-0.664373585609901,0.506451234538225
0,"",162625.711207778,1,0.86379202189421,0.0146368176062344,0.557339081308072,0.00000154434014262015,0.127499477307687,0.0000242994004340639,-0.125462368824203,0.255997285747932,89.0342200366872,-0.490092574449168,0.625273920910268,-0.0221023635266501,0.128838124491379,19056.5823514418,-0.171551422483871,0.86379202189421,2.47417752491234,0.973675684705665,44.1865767754698,2.54106943798259,0.0146368176062344,0.532297504252185,0.907100017924696,14170.7356884736,0.586812362180302,0.557339081308072,-0.241318527211751,0.253753139115561,-0.950997209543301,0.341605792404759,-0.330487740703468,0.25354037036818,-1.3034915908009,0.192406985437563,0.0891692134917161,0.246153472158387,0.362250480197737,0.717164859716432,1.94188002066016,1.31324260313135,1.4786910019747,0.139222918268624,3.00647502916453,1.34801462467322,2.23029852505744,0.0257276310385796,-1.06459500850437,1.8142000358494,-0.586812362180302,0.557329733294463
0,"",162673.571289288,1,0.825584087934852,0.0113994379621268,0.637542730368143,0.00000254817770040045,0.133307148868311,0.0000163069227797565,-0.151466096848806,0.256995173768333,89.3915284101254,-0.589373312455058,0.557097505268798,-0.0284289400482393,0.129004528622527,19058.1440596969,-0.220371643939909,0.825584087934852,2.48581360419106,0.942371715695232,45.2381055762611,2.63782705145937,0.0113994379621268,0.427482884283886,0.907322221766858,13612.4177956044,0.471147817201517,0.637542730368143,-0.236519091784912,0.254532968175674,-0.929227728259039,0.352771080335671,-0.329487508187665,0.254314176233879,-1.29559237737755,0.195115956664674,0.0929684164027529,0.246453350386755,0.377225208165598,0.706006248317165,2.05833071990718,1.29086387376402,1.59453739603488,0.110815721789637,2.91329648847496,1.32524208683531,2.19831268370893,0.0279268311564771,-0.854965768567775,1.81464444353372,-0.471147817201517,0.637535180159333
0,"",162794.694030755,1,0.578364941141402,0.0224501811300938,0.673723064811681,0.0000162073891919175,0.112247903741092,0.0000131701127024315,-0.220824606471809,0.256274716917475,90.0805502180018,-0.861671448233101,0.391156303942536,-0.0719277638387543,0.129416722101231,19058.6540185109,-0.55578415734013,0.578364941141402,2.23047507220573,0.942912889303686,44.2552776999738,2.36551551846202,0.0224501811300938,0.383217526512946,0.910140715935352,13461.0342391797,0.421053052350387,0.673723064811681,-0.196931801395049,0.253772792388494,-0.776016213328227,0.437739412853199,-0.373158661149462,0.253551621347665,-1.47172658240585,0.141094726257136,0.176226859754413,0.247239583439535,0.712777692401796,0.475983331609433,1.84725754569279,1.29317589795557,1.42846580160765,0.153157831174953,2.61369259871868,1.32762109661737,1.96870372531597,0.0489871232717343,-0.766435053025894,1.82028143187071,-0.421053052350387,0.673716342501387
0,"",162896.633999789,0,0.499247563311289,0.0155951033938619,0.816780490667172,0.0000239850126400264,0.132535952230807,0.00100784835895904,-0.220489726567227,0.252821495949608,92.2527248760899,-0.872116216776026,0.385409137805276,-0.0876808352513076,0.129765450199467,19034.4719229889,-0.675687057814929,0.499247563311289,2.35985639079671,0.935806841921836,41.6213822433946,2.52173449165038,0.0155951033938619,0.21689646762242,0.931578418698714,53.7319997061766,0.232826848785736,0.816780490667172,-0.177598330659356,0.250328520368305,-0.709461033037938,0.478038424619758,-0.371281782119126,0.250106764640572,-1.4844931629606,0.137678135641129,0.19368345145977,0.248409706465386,0.779693572427929,0.43557126307681,2.14295992317429,1.30290645965277,1.64475347197634,0.100020660796746,2.57675285841913,1.33775197571932,1.92618131401645,0.0540817381868426,-0.433792935244842,1.86315683739743,-0.232826848785736,0.815895863461098
0,"",162873.839018509,0,0.446622474776841,0.0258065582085225,0.97950270529402,0.0000304308567970306,0.11213950268197,0.0000123240828660481,-0.242541407860785,0.251882709796413,92.4530038007498,-0.962914080354389,0.338102452322636,-0.0986982283366818,0.129682878174633,19033.8234324222,-0.761073703220662,0.446622474776841,2.16917137350124,0.93881022517321,42.2686341682891,2.31055362983613,0.0258065582085225,-0.0246311051047017,0.954267176328989,54.0589817596316,-0.0258115396984062,0.97950270529402,-0.186675952262014,0.249560321029964,-0.748019362579681,0.454448478549956,-0.381991758579898,0.249344793128899,-1.53198209510005,0.125526853186976,0.195315806317883,0.248878142695037,0.784784891926866,0.432579699606368,2.19380247860594,1.32086148837014,1.66088760852052,0.0967360214067359,2.14454026839654,1.35621012161021,1.58127434254093,0.113815323481982,0.0492622102094036,1.90853435265798,0.0258115396984062,0.979407657568016
0,"",162792.522926061,0,0.407022547409727,0.0154943512217068,0.992011876973546,0.0000361225716125483,0.129736803650228,0.00000200887940019025,-0.159730525084144,0.246658207788701,94.5252799804194,-0.647578390016425,0.518827405869855,-0.10730815608665,0.129417435680381,19032.0484720357,-0.829163053050029,0.407022547409727,2.37319222789972,0.941088045782597,42.6572392436567,2.52175366431969,0.0154943512217068,-0.00941796443116317,0.936031648598486,50.3939368908104,-0.0100615876025823,0.992011876973546,-0.117115022349465,0.244213744100236,-0.479559505469093,0.631540646406617,-0.330935775778718,0.24399174994261,-1.35634002320389,0.174991006715184,0.213820753429253,0.247928745790679,0.862428246258213,0.388451902518815,2.38261019233089,1.30970143878425,1.8192010192358,0.0688807674095652,2.36377426346856,1.34472527135929,1.75781203329301,0.0787794971886288,0.0188359288623264,1.87206329719698,0.0100615876025823,0.99197215004559
0,"",162820.171731372,0,0.311157855736076,0.0099176873944122,0.831164505974934,0.0000538969072884949,0.1446273841752,0.000944322682174941,-0.107356449476941,0.241908790309718,96.9006380889683,-0.443788955909752,0.65818457292618,-0.13117904017385,0.129518299473444,19031.7786273893,-1.01282244059069,0.311157855736076,2.46225338361662,0.912565665542726,43.056829511004,2.69816570641222,0.0099176873944122,0.205315811155168,0.957817177104402,48.6125965506949,0.21435803832195,0.831164505974934,-0.0646036544443595,0.239357732847298,-0.269904187660294,0.787233965416395,-0.344305269061018,0.239130498256806,-1.43982165207243,0.149917863731566,0.279701614616659,0.248700634312029,1.12465179427622,0.260736616496634,2.25693757246146,1.30538611463956,1.72894253060494,0.0838193811471281,2.6675691947718,1.34027861621143,1.9903094494727,0.0465568577200775,-0.410631622310336,1.91563435420881,-0.21435803832195,0.830267861655506
0,"",162916.50338399,1,0.265496609277252,0.00791053688927562,0.68222910048046,0.0000650999242128318,0.000499354772652266,0.00332330892775176,-0.171245618638733,0.251362411834899,91.4684221866186,-0.681269794432156,0.497422005689675,-0.144564666872524,0.129826027612666,19045.4845096853,-1.11352607432333,0.265496609277252,2.4299363920223,0.914801893127246,14122.4346900609,2.65624329188429,0.00791053688927562,0.405117925415656,0.983814383764696,50.8534207418322,0.411782885167239,0.68222910048046,-0.096699723460745,0.249060264679587,-0.388258334123061,0.697824867955464,-0.420050370132862,0.24884517546312,-1.68799885049455,0.0914114496014908,0.323350646672117,0.249945828547036,1.29368290941998,0.195774971049287,2.02481846660665,1.32562026105262,1.52744984826863,0.12664918906975,2.83505431743796,1.36096929217003,2.08311409651097,0.0372408247638604,-0.810235850831313,1.9676287675294,-0.411782885167239,0.680498566960899
0,"",163040.218821742,1,0.146472057610314,0.00428737082056481,0.813550915164018,0.000110719988323054,0.000556715104182483,0.00110286228122975,-0.248604730538287,0.25608283581021,89.9158677264115,-0.970798100355835,0.334253092267352,-0.189122101439184,0.130234533809155,19043.9981776764,-1.45216553480601,0.146472057610314,2.62377780921805,0.918479943240211,14650.0769300483,2.85665226391542,0.00428737082056481,0.240372045575484,1.01391172103986,50.9057823553437,0.237073939069331,0.813550915164018,-0.107986614984474,0.254001205933183,-0.425142135005771,0.670733063762154,-0.506535638939614,0.253794288958648,-1.99585121090785,0.0459501206541717,0.39854902395514,0.251496232642334,1.58471170628603,0.113031850925437,2.38340576364258,1.35006933926402,1.76539507588689,0.0774973903896844,2.86414985479354,1.38584181910214,2.06672205681394,0.038760351566022,-0.480744091150969,2.02782344207972,-0.237073939069331,0.812599429709517
0,"",163108.150057094,1,0.0672056266079918,0.00403381282246134,0.73085992520771,0.000175907214645177,0.000549416907027288,0.00237814551998623,-0.23120093510166,0.25563153312372,90.452694523037,-0.904430420912759,0.368169813808501,-0.238796390301793,0.130461246998382,19042.8703375708,-1.83040094890978,0.0672056266079918,2.64800691096137,0.9207421904763,15046.0134786385,2.87594827124361,0.00403381282246134,-0.360113034007362,1.04107537638772,50.1927349554175,-0.345904861621901,0.73085992520771,-0.0635652535228941,0.253723749800091,-0.25052937918889,0.802177987634184,-0.510738395663832,0.253520953141307,-2.01458060698895,0.0439486111419632,0.447173142140938,0.252670586467256,1.76978709074587,0.0767626151895536,3.00811994496874,1.37169245699504,2.19299882391904,0.0283074638263962,2.28789387695401,1.40771731704586,1.62525092875552,0.104109102700281,0.720226068014727,2.08215075277545,0.345904861621901,0.729414214887535
0,"",163165.047063164,1,0.114663150465547,0.00406924253886218,0.630012277934119,0.000130690213948222,0.000530087690419574,0.00455032053995451,-0.152503541706635,0.258072700438546,90.0499834429102,-0.590932483162627,0.556045998770189,-0.206112536679316,0.130645467184033,19042.3390461486,-1.57764782140491,0.114663150465547,2.65121876436567,0.922750216758115,15564.8458358316,2.87317056795734,0.00406924253886218,-0.519261034443466,1.07150140719868,51.3763559422426,-0.484610688287397,0.630012277934119,-0.0738880908066816,0.256392536889043,-0.288183469391146,0.773206301796251,-0.442249900567953,0.256196272221477,-1.72621520498017,0.0843087035944305,0.368361809761272,0.253886246221504,1.45089312730983,0.14680962195903,3.17047979880915,1.39584526826992,2.27136909146012,0.0231246438736139,2.13195772992221,1.43205532133374,1.48873978411436,0.136555904346306,1.03852206888694,2.14300281439736,0.484610688287397,0.627952530497561
0,"",163200.90059368,1,0.146843570223521,0.0118736369272852,0.745749170088304,0.000110514180540852,0.00040974341248514,0.00195343945599823,-0.0860449079064221,0.260664608336885,89.3889440371504,-0.330098161217257,0.742098163461493,-0.18972421382392,0.130769397619527,19044.3989757817,-1.45083037222456,0.146843570223521,2.32291128708977,0.923191011210502,15445.1506288766,2.5161762396754,0.0118736369272852,-0.343384721674904,1.05363226856707,54.2668555231146,-0.325905661699128,0.745749170088304,-0.0353531758136319,0.258859302144899,-0.136572939510756,0.891368367183755,-0.38579504690697,0.258661015218062,-1.49150828385069,0.135828097960092,0.350441871093339,0.253563785440831,1.38206593849386,0.16695145578949,2.66629600876468,1.38266024216733,1.9283811940562,0.053807729231634,1.97952656541487,1.41883609195041,1.3951763538054,0.162962665785279,0.686769443349809,2.10726453713414,0.325905661699128,0.744495731957597
0,"",163204.427800916,1,0.256149224584921,0.0235930662636631,0.891237862217019,0.000067712950563545,0.000325302124905344,0.000351604152642868,-0.147113521138089,0.263974909013074,87.7953899256592,-0.557301152931937,0.578739782756809,-0.148500137089808,0.130771001054007,19042.749997882,-1.13557391082813,0.256149224584921,2.09133027242442,0.923768338750807,15750.3751199563,2.26391204882869,0.0235930662636631,-0.147972633993173,1.07703767845151,53.6653904508018,-0.137388539838196,0.891237862217019,-0.0859045472230775,0.262363469344054,-0.327425717604098,0.743345917671798,-0.370405207105627,0.262171557236658,-1.41283520992809,0.157704182851696,0.28450065988255,0.254264742023656,1.11891510249613,0.263176359356355,2.2393029064176,1.40067715272582,1.59872880203674,0.109880874982854,1.94335763843125,1.43694805848965,1.35242024020957,0.176240918159924,0.295945267986346,2.15407535690302,0.137388539838196,0.89072368903453
0,"",163192.225644378,1,0.298951185802398,0.02018144304964,0.930164243057249,0.0000566592159987399,0.000338445912485657,0.000146033356809699,-0.169003613197221,0.267789615810157,85.9879034984334,-0.631105925022245,0.5296452769887,-0.135780302031999,0.130719684305583,19041.2910679059,-1.03871350939455,0.298951185802398,2.14614296929737,0.923791256315907,15941.6519023188,2.32319039027953,0.02018144304964,-0.0962676475096721,1.09326650253688,53.0876059302383,-0.0880550600299994,0.930164243057249,-0.121099475198712,0.266324874101999,-0.454705838525364,0.649320879933753,-0.384528113028925,0.266138311547051,-1.44484313736598,0.148501951260555,0.263428637830214,0.254669740942041,1.03439315898219,0.300952401235594,2.24241061680705,1.41303760055353,1.58694334526458,0.112525476658728,2.04987532178771,1.44933384734223,1.41435689613318,0.157257139225538,0.192535295019345,2.18653300507376,0.0880550600299994,0.92983291447585
0,"",163240.399541355,1,0.54485229334143,0.00464489328447879,0.911655151506961,0.0000192546672523248,0.00050387364246118,0.000233889055199247,-0.0788207806409618,0.272084435067772,84.5215063081525,-0.289692354585917,0.77276106951388,-0.0792481713462359,0.130879978371981,19040.9095537235,-0.605502631739444,0.54485229334143,2.61837445830025,0.924866778881326,15898.8102499963,2.83108283061838,0.00464489328447879,0.121642163705947,1.09114795031229,53.1238452033737,0.11148090748934,0.911655151506961,-0.126531538671519,0.270614905086813,-0.467570471149504,0.640091785725,-0.295303295726453,0.270430012773174,-1.09197678430072,0.274843305570094,0.168771757054934,0.254875807762362,0.662172524480201,0.507860660549471,2.49673229459431,1.41209066747969,1.76811047059074,0.077042437343248,2.74001662200621,1.44843528095488,1.89170800934914,0.0585298956056134,-0.243284327411895,2.18229590062458,-0.11148090748934,0.91123500483575
0,"",163243.716158326,1,0.843876762639088,0.0012374793228067,0.92087838759319,0.00000203694780527655,0.000653174429321934,0.000186663982225553,-0.0362169752814276,0.273077707525693,84.2284281589162,-0.132625162301174,0.894806159900631,-0.0257772282079314,0.130888882717388,19040.8409925128,-0.196939783370212,0.843876762639088,2.98848218839311,0.92503309936055,15968.858055386,3.23067595144321,0.0012374793228067,0.109362093081377,1.09582884719414,53.3465782408136,0.0997985163115554,0.92087838759319,-0.16942700745823,0.271646760502161,-0.623703397548458,0.532822391395228,-0.230219550304993,0.271463184744816,-0.848069142493142,0.396399465396312,0.0607925428467635,0.255033648827093,0.238370674326114,0.811593610444471,2.87912009531174,1.41576704659384,2.03361146329726,0.0419907851316475,3.0978442814745,1.45212184898162,2.1333225470349,0.0328982758572152,-0.218724186162755,2.19165769438828,-0.0997985163115554,0.920504285983133
0,"",163309.108186788,1,0.95155896237308,0.00176789105956398,0.916077623395151,0.000000193818378885573,0.000610442608435321,0.000210012436284925,-0.0741650383127506,0.267901167262128,86.2776670448051,-0.276837309335736,0.782567184918095,0.00796554231623138,0.131120075704325,19041.3297779168,0.0607499825899552,0.95155896237308,2.89801510015039,0.926709043422738,16010.4837264931,3.12721141626801,0.00176789105956398,0.11655927154403,1.10090231949809,53.365409431642,0.105876124956455,0.916077623395151,-0.21423907494734,0.266459639792435,-0.804020733174551,0.421385001132681,-0.208154040207552,0.266272751826664,-0.781732410768993,0.434371849924894,-0.00608503473978813,0.255581154756506,-0.0238086205752744,0.981005263774941,2.78145582860637,1.42069878067654,1.95780827465892,0.05025251410836,3.01457437169443,1.45710881922378,2.06887387676394,0.03855792355645,-0.233118543088061,2.20180463899618,-0.105876124956455,0.915680637101979
0,"",163302.68073505,1,0.726067745496638,0.0012462657922535,0.672493916289929,0.00000644598621075788,0.000665932442836854,0.00340044635271048,-0.0997577975567316,0.254143447154703,92.4321411514855,-0.392525554656566,0.695573642895915,0.045941475541052,0.131124155981428,19043.74231333,0.350366225026905,0.726067745496638,2.99002846599039,0.926088568686697,15643.218756141,3.22866361500456,0.0012462657922535,0.456867851224296,1.0747575632812,52.959629517721,0.425089217171445,0.672493916289929,-0.270530585605412,0.252418526512874,-1.07175407979261,0.283830503419574,-0.217240391649575,0.252218071105493,-0.861319693301089,0.389061992261737,-0.0532901939558362,0.254797397582857,-0.209147324350151,0.834333232033927,2.5331606147661,1.40043173372953,1.80884262599504,0.070475455932742,3.44689631721469,1.43675978261085,2.39907628187578,0.0164364902040376,-0.913735702448595,2.14951512656241,-0.425089217171445,0.670771638106186
0,"",163351.472045742,1,0.685126842174144,0.00289604663903669,0.593218519324276,0.00000863304188595165,0.000586946392234644,0.00550716987085762,-0.0723788288492016,0.251268801519313,94.4459866337539,-0.288053385106143,0.773937049841789,0.0532417431810415,0.131304402507511,19044.8852157745,0.405483305694916,0.685126842174144,2.76028547744253,0.926566210167907,15111.2943184093,2.97904828295252,0.00289604663903669,0.561242176153866,1.04420185695265,52.1680809487395,0.537484368962691,0.593218519324276,-0.260771041438557,0.249274028808976,-1.04612198344333,0.295504716756923,-0.20169706952421,0.249064873438134,-0.809817405160147,0.418045127659169,-0.0590739719143473,0.254199481249371,-0.232392181227134,0.816233421192769,2.19904330128867,1.37779666392855,1.59605793718391,0.11047585863738,3.32152765359641,1.41401600862365,2.34900286371542,0.0188237620354791,-1.12248435230774,2.08840371390531,-0.537484368962691,0.590933079225633
0,"",163388.087162271,0,0.63844661943121,0.0114941426167705,0.743775577641087,0.0000115999450233615,0.133593171771644,0.00212072454667421,-0.00232912275152972,0.254025306912089,91.999286669932,-0.00916886108648917,0.99270426301044,0.0617551498680959,0.131427680566794,19033.1953100275,0.469879325281944,0.63844661943121,2.44724740494449,0.928715871987806,45.0326623117096,2.63508730577248,0.0114941426167705,0.341684727829789,1.03968204851439,50.8210676532341,0.328643481262398,0.743775577641087,-0.213661608355999,0.252017337824474,-0.847805195469571,0.396546469182082,-0.119014262490501,0.25180903944973,-0.472636974234838,0.636472198793544,-0.0946473458654977,0.254276878082896,-0.372221597886072,0.709727866779012,2.1055626771147,1.37583394379198,1.53039012201682,0.125920192565795,2.78893213277429,1.41208527535702,1.97504512046495,0.0482630278401603,-0.683369455659581,2.07936409702878,-0.328643481262397,0.742425178650467
0,"",163423.692889095,1,0.836809629837418,0.0244066235319054,0.90494194218268,0.0000022277412572024,0.000345855495044152,0.000279410502581462,-0.049441662423619,0.25485125553676,92.5412627184074,-0.194002035891432,0.846599506945744,0.0270974125597161,0.131554340948019,19044.9380874892,0.205978855311381,0.836809629837418,2.08814269049838,0.92769222708095,14644.2656910766,2.25090027655926,0.0244066235319054,-0.122590533199431,1.02150303532776,51.5312236409833,-0.120009954899544,0.90494194218268,-0.201362243453895,0.252696437714876,-0.796854301844558,0.425535653741512,-0.136811892855777,0.25248405760308,-0.541863490925252,0.587912549128502,-0.0645503505981173,0.253968890519308,-0.254166368432475,0.799367031701409,2.21073322369782,1.36171636544021,1.62349023614998,0.104484648900787,1.96555215729896,1.39781657553228,1.40615885639393,0.159676958475063,0.245181066398864,2.04300607065552,0.120009954899544,0.904475262086103
0,"",163489.924983313,1,0.716818089799897,0.0224645042521719,0.613261820360196,0.00000690788999781037,0.000358797912643552,0.0050220179923258,-0.083114535693979,0.253863834238543,93.7035704894297,-0.327398094901066,0.744097119255728,-0.0478014625479813,0.131786126382082,19045.5961112165,-0.362719990793208,0.716818089799897,2.12095315560879,0.929156573075337,14517.057143849,2.28266496419309,0.0224645042521719,-0.517447026596357,1.01752722740143,51.2359648724966,-0.508533838369923,0.613261820360196,-0.157659165264569,0.251650523473728,-0.626500446286685,0.530986744259957,-0.209552060491656,0.251435446949011,-0.833422904504599,0.404606261458373,0.0518928952270877,0.254251913913538,0.20410031306484,0.838275109694914,2.63840018220515,1.35976146450209,1.94034045756052,0.0523383276204661,1.60350612901243,1.39586387274686,1.14875537673811,0.250656864323127,1.03489405319272,2.03505445480287,0.508533838369923,0.611079014574926
0,"",163594.628041657,1,0.540501567218218,0.0118169482775256,0.678715471511401,0.0000196684130228689,0.00043690283325819,0.0033052012030956,-0.071074153025911,0.251991726040934,94.5479700759663,-0.282049550366449,0.77852197615539,-0.0808861491341401,0.132152713916301,19046.6361464851,-0.612065743767996,0.540501567218218,2.34564666028136,0.931594960709802,14504.2833719962,2.51788251247534,0.0118169482775256,-0.423118208039795,1.01578140169077,52.3223456351292,-0.416544551155901,0.678715471511401,-0.142996622580076,0.249715275673056,-0.572638666956428,0.566889373123314,-0.269027079537301,0.249496626754087,-1.07827942620829,0.28090907565797,0.126030456957225,0.254829814833675,0.494567156670754,0.62090569056952,2.76876486832117,1.36009723676897,2.03571097232622,0.0417793866504222,1.92252845224157,1.39624409048525,1.37692862254008,0.168534316873232,0.846236416079593,2.03156280338155,0.416544551155901,0.677011574252589
0,"",163660.125553043,1,0.541340403722923,0.00629541039843305,0.824487111256114,0.0000195842647931934,0.000531929826953821,0.000924130521198597,-0.110321785294977,0.249434261659652,97.1407986526152,-0.44228801833771,0.6592639813207,-0.0808643016563022,0.132391169244021,19049.337101951,-0.610798304132014,0.541340403722923,2.54765537679542,0.932388567154945,14028.203666385,2.73239662790937,0.00629541039843305,-0.220384525667181,0.988875328066721,53.6962883450126,-0.222863812466672,0.824487111256114,-0.153488569258014,0.246915335598997,-0.621624286258538,0.534188947721645,-0.296600746725225,0.246687137708232,-1.20233567700651,0.229233499504511,0.143112177467211,0.254486408496496,0.562356859498772,0.573872905589911,2.76803990246261,1.34109761621195,2.06401075432613,0.0390166967405364,2.32727085112825,1.37691789625644,1.69020306690444,0.0909891118498714,0.440769051334363,1.97775065613345,0.222863812466672,0.823641501531233
0,"",163678.066953713,1,0.626616994965016,0.00417858901846664,0.794185542559131,0.0000124234880529835,0.000572195425268525,0.001234082703383,-0.154842808403222,0.24241894480769,102.65441720851,-0.63874054284849,0.524414311236325,-0.0644431017414377,0.132462194348859,19051.0991964253,-0.486501843474804,0.626616994965016,2.67319310300617,0.933111863377338,14335.0855203416,2.86481525733765,0.00417858901846664,-0.261659151903622,0.998182846650667,55.612331424487,-0.262135492291418,0.794185542559131,-0.175145561511618,0.239887235151905,-0.730116220651382,0.465319147182095,-0.281928769407868,0.239655209571876,-1.17639324390866,0.239437770259208,0.10678320789625,0.254868209070341,0.418974215284649,0.675234976745152,2.9348522549098,1.34831337174556,2.17668408280359,0.0295041467158796,2.41153395110255,1.38426317635718,1.74210655335696,0.0814898010940347,0.523318303807245,1.99636569330134,0.262135492291418,0.793216984338683
0,"",163724.101346197,1,0.457641028634273,0.00366563578795498,0.796398216578572,0.0000289576091817945,0.000568423773601967,0.00118075281411832,-0.120290474778477,0.241014237493779,103.842048185239,-0.499101115474898,0.618763873482508,-0.0985027899510347,0.132618688859127,19050.7608068283,-0.742751951466421,0.457641028634273,2.71684278663683,0.934891915537307,14848.652406155,2.90605014492546,0.00366563578795498,-0.265118755772407,1.0227364888187,56.8435663217269,-0.259224891915833,0.796398216578572,-0.0933915438338823,0.238639270011584,-0.391350274535071,0.695538342331736,-0.268001886855693,0.238411178465371,-1.12411627919796,0.26096370003639,0.174610343021811,0.255827301590547,0.682532090735474,0.49490255817378,2.98196154240924,1.36738929409113,2.18076999380873,0.0292004330118272,2.45172403086443,1.40366383333098,1.74666039876965,0.0806962635467628,0.530237511544816,2.04547297763741,0.259224891915833,0.795461726381508
0,"",163770.932254721,0,0.403858641761798,0.00453603029609989,0.666837906551122,0.0000365953395904429,0.166684268338042,0.0032719208274993,-0.114510312843369,0.242608553710681,102.009391464652,-0.471996189301416,0.63793760585325,-0.110845377291963,0.132785798428584,19041.021275563,-0.834768315616062,0.403858641761798,2.81132365195231,0.940518374615642,44.6685742910998,2.98912145453958,0.00453603029609989,-0.430374256219601,0.994541210117514,57.0454368611987,-0.432736473704039,0.666837906551122,-0.120173113412974,0.240057213505831,-0.500601967580762,0.616651277433193,-0.305509090353491,0.239824047248344,-1.27388847723485,0.202702942635868,0.185335976940518,0.255320895693051,0.725894276837139,0.467903585291842,3.24169790817192,1.35067891851466,2.40005071800247,0.0163928003757561,2.38094939573271,1.38673736601542,1.71694327569322,0.0859895367912053,0.860748512439204,1.98908242023503,0.432736473704039,0.665206228952092
0,"",163666.633905726,1,0.688656864361101,0.00180363916518534,0.533365275127621,0.00000842700119860282,0.000687153623478507,0.00679537522284151,-0.136210037679062,0.246404070240253,99.5987265292785,-0.552791346126111,0.5816448632925,-0.0530585404480924,0.132419724126848,19051.4714885806,-0.400684571712795,0.688656864361101,2.91039373721467,0.932404350582222,14169.1090008053,3.12138584016401,0.00180363916518534,-0.616616166890298,0.983968873774212,57.3974216988884,-0.626662268822734,0.533365275127621,-0.221802203283179,0.243814754056757,-0.909716084005099,0.362972259631342,-0.275832191806465,0.243582690700614,-1.13239652215473,0.25746776636508,0.0540299885232865,0.254401104205459,0.21238110853344,0.831809722818153,3.52700990410497,1.33758520320445,2.63684877468391,0.00836801273478505,2.29377757032437,1.37332117847605,1.6702411688355,0.0948716577326617,1.2332323337806,1.96793774754843,0.626662268822734,0.530880641630708
0,"",163612.139538229,1,0.862445743453783,0.0029304609934799,0.53768010285566,0.000001575906142569,0.00062113791339348,0.00675397406038735,-0.20074882798084,0.252192015461439,94.9992039283975,-0.79601579619215,0.428007496198022,-0.0229089794166617,0.132220060517985,19049.5950538727,-0.173264021563094,0.862445743453783,2.77086749797079,0.931241879474162,14244.5469231887,2.97545413178303,0.0029304609934799,-0.613164492640111,0.988808707395826,56.5492538249385,-0.620104260868587,0.53768010285566,-0.315830815734972,0.249716669620399,-1.26475663885425,0.205958579530706,-0.309853253654539,0.249491531817356,-1.24193896040276,0.214259083930015,-0.00597756208043324,0.254190192014738,-0.0235161004169927,0.98123859576084,3.38403199061091,1.34027225732258,2.52488400929158,0.0115736481743277,2.15770300533068,1.3760735707324,1.56801427715981,0.116877800435808,1.22632898528023,1.97761741479166,0.620104260868587,0.535189147145263
0,"",163703.01455881,1,0.658110564299097,0.00422451210662293,0.707494076290623,0.000010281483140861,0.000558410021349646,0.00257768338904496,-0.247949921765581,0.256396105959964,91.5672873922093,-0.967058063683298,0.336062304933537,-0.0586454088976583,0.132522935470407,19046.9617657548,-0.442530258551013,0.658110564299097,2.67302589329511,0.934186692375582,14653.5615517885,2.86134015300278,0.00422451210662293,-0.383667615233557,1.01721488058052,55.0470923452147,-0.377174599544395,0.707494076290623,-0.309256071119858,0.254137082386406,-1.21688684003087,0.223647273317801,-0.394137536731071,0.253920317978082,-1.55220952726238,0.120612097203268,0.0848814656112125,0.255502853269139,0.332213376583317,0.739728143777119,3.05669350852867,1.36285776745792,2.24285584417969,0.0249061119584495,2.28935827806155,1.39909988372946,1.6363079610578,0.101775150778403,0.767335230467116,2.03442976116104,0.377174599544395,0.706043855336026
0,"",163800.208411724,1,0.602888845196701,0.0125992093006388,0.923719267245752,0.0000142115080972344,0.00042133783286145,0.000170118235331695,-0.302766268618486,0.261640235912159,89.0950657619465,-1.15718542892667,0.25028966247875,-0.0691172465470318,0.132851512485499,19045.5497095036,-0.520259387747477,0.602888845196701,2.3374548548523,0.936778073204122,14770.6480297036,2.49520662546824,0.0125992093006388,-0.0989368005428195,1.0285020348318,54.3851907961357,-0.096195045991328,0.923719267245752,-0.311896972167996,0.259478906123676,-1.20201282187977,0.229358560412789,-0.441774029071339,0.2592669099677,-1.70393525778657,0.0883931831731236,0.129877056903342,0.256384405579674,0.506571593579164,0.61245544399284,2.43639165539513,1.37283798669016,1.7747117132657,0.0759455002709752,2.23851805430949,1.40927465402557,1.5884185867639,0.112191717268758,0.19787360108564,2.05700406966361,0.096195045991328,0.923365665296362
0,"",163880.534048512,1,0.880073137369964,0.0491640326200215,0.947673596639383,0.00000119534860928488,0.000253820090440497,0.0000813872354915992,-0.335071398924071,0.261936951860592,90.0908851429724,-1.27920629962283,0.204109382023316,-0.0200854766712105,0.133123493735932,19044.0701426365,-0.150878527204617,0.880073137369964,1.84837969126647,0.939540294410454,15244.5747425508,1.96732349028873,0.0491640326200215,-0.0700549635681079,1.06244175776095,53.4165598934922,-0.0659376978138979,0.947673596639383,-0.360665432351883,0.259999484098751,-1.38717749230186,0.165387646919936,-0.394918669691244,0.259793339177926,-1.5201262316459,0.128479252973535,0.0342532373393612,0.257830031027052,0.132852007979502,0.894310422441006,1.91843465483458,1.39977925447578,1.37052656602847,0.170522588395239,1.77832472769837,1.43654270582164,1.23791984776481,0.215745782128601,0.140109927136216,2.1248835155219,0.0659376978138979,0.94742742736004
0,"",163925.210287314,1,0.923716871502853,0.061161826207022,0.760360922684556,0.000000481448442596716,0.000233416736370971,0.00176864144211192,-0.297580079719355,0.263818539823205,89.5274190779244,-1.12797258266525,0.262345314758018,0.012762119375119,0.133280119821452,19044.293282709,0.0957541109072807,0.923716871502853,1.7607277707092,0.940326532707367,15017.3627425633,1.87246420202538,0.061161826207022,-0.322205948172797,1.05095838266609,53.05025572454,-0.306582975584075,0.760360922684556,-0.366366977375688,0.261798368693962,-1.39942421797121,0.16168580873829,-0.313625205439104,0.261590583426189,-1.19891626575923,0.230560506314501,-0.0527417719365833,0.257761765950951,-0.204614411070645,0.837873395213459,2.082933718882,1.39174064277654,1.49663928382987,0.134487142578555,1.4385218225364,1.42846526162281,1.00704011583885,0.313915496754458,0.644411896345595,2.10191676533218,0.306582975584075,0.759160813515565
0,"",163997.864553703,1,0.960265919888805,0.0414887493480388,0.697502176166063,0.000000130339648125793,0.000271372591843883,0.00284672790396023,-0.263549598671258,0.268797717356297,87.3483359905896,-0.980475583138664,0.329559313144741,-0.00665219524703057,0.133523142648709,19043.2155582128,-0.0498205413314161,0.960265919888805,1.92154814259632,0.94249726339816,15312.9367838428,2.0387837898523,0.0414887493480388,-0.418080730428159,1.06982609126266,53.4945935108488,-0.390793170817811,0.697502176166063,-0.296723556824617,0.266929839968949,-1.11161628411096,0.266303167979659,-0.274711634198048,0.26672804994916,-1.02993155107012,0.303042138521306,-0.0220119226265688,0.258726064711469,-0.0850781023980574,0.932199298932276,2.33962887302448,1.40719744068435,1.66261592395071,0.0963893415074986,1.50346741216816,1.44410985629562,1.04110321359125,0.2978276482608,0.83616146085632,2.13965218252532,0.390793170817811,0.695950123276212
0,"",164062.965491303,0,0.916187854832241,0.0396641066617226,0.914572848827924,0.000000582076495810694,0.0959211415953737,0.000226112965825813,-0.217936917543391,0.2737570877621,85.1524891659735,-0.796095981751464,0.428190071585186,0.0140749663609383,0.133743804156828,19026.8577627194,0.105238268416787,0.916187854832241,2.06263022388532,0.971769276596865,42.4627777374164,2.12255138494258,0.0396641066617226,-0.113856991916567,1.05617086537189,51.3839359422283,-0.107801678354834,0.914572848827924,-0.275188071858678,0.271982963648366,-1.01178422415624,0.311641234548892,-0.237420357486399,0.271786568499653,-0.873554417339435,0.382360959068735,-0.0377677143722785,0.258695647213044,-0.145992848272301,0.883927034188987,2.1764872158019,1.41640397868845,1.53662884921945,0.124384223713953,1.94877323196876,1.45377598575281,1.34049072970456,0.180085856190729,0.227713983833135,2.1123417307438,0.107801678354834,0.914153011516131
0,"",164127.2053687,1,0.704609553420606,0.0149217342540943,0.908766524796217,0.00000754795082204245,0.000384013940160614,0.000250121504632181,-0.193279651118137,0.279404075738196,83.9663958998969,-0.691756734784506,0.490998502686007,0.0507857264436627,0.133959991267455,19041.4833349065,0.379111150748491,0.704609553420606,2.3027418664301,0.945860799769827,15428.4487732005,2.43454625351898,0.0149217342540943,0.124695904809193,1.08296027768469,52.9931401412685,0.115143562860667,0.908766524796217,-0.280317438552296,0.277664388697751,-1.00955487978486,0.31270859605233,-0.189279357089651,0.27747002056628,-0.682161469925137,0.495136855174722,-0.0910380814626444,0.259855439650651,-0.350341257373853,0.726082605877143,2.17804596162091,1.41919414336794,1.5347061371407,0.124856027664889,2.4274377712393,1.45629640341464,1.66685694309728,0.0955428542380645,-0.249391809618387,2.16592055536939,-0.115143562860667,0.908331331334622
0,"",164181.172626746,1,0.714682702037166,0.0114780022505643,0.995296039637711,0.00000701871127440462,0.000416360890890054,0.000000655091874602012,-0.221104406574834,0.287019988730375,81.9386564289389,-0.770344976852949,0.443310719316454,0.0490394286344734,0.134141511567477,19041.6240206435,0.365579812404343,0.714682702037166,2.39407481339938,0.946984513430234,15344.0106700158,2.52810344778226,0.0114780022505643,0.00637794134697432,1.07678042125134,53.5555204664573,0.00592315872493523,0.995296039637711,-0.295847873787839,0.285271074067255,-1.03707631331065,0.299700293226759,-0.198307776995713,0.28507957837966,-0.695622528007294,0.486665254116444,-0.0975400967921268,0.259980386197076,-0.37518252133908,0.707524728321345,2.38769687205241,1.41527386116581,1.68709176193332,0.0915857088662742,2.40045275474636,1.45240193694262,1.6527468696437,0.0983823911873339,-0.0127558826939487,2.15356084250269,-0.00592315872493523,0.995274030736373
0,"",164212.827810082,1,0.759515405288624,0.00947986164223252,0.983478006311938,0.00000492080947248039,0.000460538269635763,0.00000788250749332175,-0.157920761198167,0.293196986858033,80.2765388482066,-0.538616589789965,0.591641911429517,0.0410990005791052,0.134257105521949,19043.6098432992,0.306121604657908,0.759515405288624,2.45581407599628,0.946513631932515,14610.7140807471,2.59458923056629,0.00947986164223252,0.0214035080425679,1.02885276407081,54.9029458555509,0.020803276027448,0.983478006311938,-0.248158762698675,0.291165524667094,-0.852294456846869,0.394050681845456,-0.167768768790971,0.290968394821274,-0.576587601186109,0.564218076950897,-0.0803899939077037,0.258793172881112,-0.310634136954742,0.756078772618835,2.43441056795372,1.37950515161913,1.76469842471879,0.0776144634847717,2.47721758403886,1.41626892495626,1.74911525656426,0.0802710985385967,-0.042807016085136,2.05770552814163,-0.020803276027448,0.983402584413546
0,"",164286.237390404,1,0.383734458014168,0.0107871605357562,0.984686253603491,0.0000398418017636428,0.000445785801600691,0.00000685392171109936,-0.109038094167066,0.294751134576508,80.0233603587715,-0.369932737744096,0.712409856720479,0.117169153935102,0.134513888159111,19043.0304415826,0.871056182663513,0.383734458014168,2.41812157555773,0.948339856882647,14578.3502344699,2.54984703849368,0.0107871605357562,0.0198854289838154,1.03125226221459,54.2497803577836,0.0192827979267768,0.984686253603491,-0.303313846089696,0.292725541067206,-1.0361714423138,0.300122167148814,-0.0706553095780315,0.292528731345501,-0.241532888933845,0.809142129195435,-0.232658536511664,0.259300217900491,-0.897255460853293,0.369582616969332,2.39823614657392,1.38246884412825,1.7347487842203,0.0827853113132249,2.43800700454156,1.4193094517985,1.71774168166935,0.0858437429882868,-0.0397708579676309,2.06250452442919,-0.0192827979267768,0.984615506644247
0,"",164317.12190284,0,0.29152315732274,0.0312944964171053,0.901342625403566,0.00005846754771965,0.100795313446422,0.000302032705584163,-0.170332465349256,0.290683967702474,80.6800993030304,-0.58597130999532,0.559530516156375,0.142000277290259,0.134620976104227,19028.8543885095,1.05481538909893,0.29152315732274,2.18327169467376,0.981581516816521,44.1347881829248,2.22423879960024,0.0312944964171053,-0.129650331392082,1.04070290875803,51.369881222119,-0.124579580109761,0.901342625403566,-0.397658749264431,0.28887085029588,-1.37659701163037,0.168636875340378,-0.102706310594573,0.288678912098684,-0.355780440794593,0.722004997926571,-0.294952438669858,0.259744847918649,-1.13554683002697,0.256146272160233,2.31292202606585,1.41170518033098,1.63838884937971,0.101340603734606,2.05362136328168,1.44921293146769,1.41705978375578,0.156465449248935,0.259300662784165,2.08140581751606,0.124579580109761,0.900856395149599
0,"",164349.669194468,0,0.559144031791075,0.0487735813997761,0.88546813774361,0.000017930815882707,0.0859081801818434,0.000410056606570285,-0.22868905580531,0.281259080025147,83.882548318188,-0.813090392619017,0.418468089166663,0.0787100072130315,0.1347488734941,19028.3784154679,0.584123675189596,0.559144031791075,2.03215359845429,1.00248046349126,43.7236620399846,2.0271253879373,0.0487735813997761,0.148618450862509,1.02663738454747,51.0845268498303,0.144762360205709,0.88546813774361,-0.351289208100559,0.279407119270929,-1.25726648990618,0.20865715391492,-0.206423361719477,0.279209582646665,-0.739313313543045,0.45971676680359,-0.144865846381083,0.259562668287397,-0.558115106987118,0.576765785361014,1.88353514759178,1.41596503526249,1.33021303541059,0.183448090458171,2.1807720493168,1.45359754298718,1.50025848615241,0.133547458507434,-0.297236901725018,2.05327476909495,-0.144762360205709,0.884898501318495
0,"",164396.400255578,1,0.879411735217013,0.0163672880251927,0.85463634618594,0.00000120863491200813,0.000395116917129848,0.000658406434232012,-0.261970169127152,0.26823718625646,89.8964736307402,-0.976636285159521,0.331370103907326,0.0204722312498519,0.134936940513472,19044.6492889365,0.151717025537628,0.879411735217013,2.28445158018465,0.951498352803276,14583.1243054727,2.40089914339239,0.0163672880251927,0.192362753952968,1.04472023017239,51.4590613504851,0.184128485691548,0.85463634618594,-0.298916661163719,0.266063433875802,-1.12347892684589,0.261234145582876,-0.274221556161053,0.265849915698922,-1.03149010011954,0.302311048338248,-0.0246951050026663,0.260410569489514,-0.0948314235135557,0.924448726984547,2.09208882623169,1.39444920757371,1.5002976192097,0.133537325895822,2.47681433413763,1.43146440994343,1.73026609459016,0.083582744313197,-0.384725507905937,2.08944046034479,-0.184128485691548,0.85391266016189
0,"",164444.612727396,1,0.901718987852993,0.0080125541461207,0.983357966862048,0.000000800812130592152,0.000468298851203498,0.00000855940649959737,-0.216177139583637,0.268782015642326,89.5187123422819,-0.804284241514539,0.423363616799317,-0.0166838190505495,0.135100646443717,19043.4266176604,-0.123491778090788,0.901718987852993,2.52814941845676,0.953336910069894,15010.1883115039,2.65189503495822,0.0080125541461207,-0.022458233850448,1.07142512655393,51.3310532837321,-0.0209610856548431,0.983357966862048,-0.223346516948596,0.266788895490496,-0.837165716878769,0.402499425073431,-0.254817052502093,0.266580429417823,-0.955873066370927,0.339136367911963,0.0314705355534966,0.261460060000338,0.120364600059589,0.904194332545761,2.55060765230722,1.4153982080715,1.80204244838098,0.0715387273042455,2.50569118460632,1.45267134769481,1.72488511498662,0.0845481785876781,0.044916467700896,2.14285025310786,0.0209610856548431,0.983276697998784
0,"",164536.563334802,0,0.764413884812525,0.00917207142917347,0.719182067124647,0.0000047200201131661,0.152548652056198,0.00260586963983753,-0.131108006431679,0.276201009407696,86.130113013866,-0.474683299358085,0.636214103993064,-0.0405835775709094,0.135416738140897,19028.7412855587,-0.299693953111495,0.764413884812525,2.63089136440355,0.962501480493169,41.5058601827032,2.73338942092383,0.00917207142917347,-0.386465946587401,1.06880132804243,50.0429169923579,-0.361588198337325,0.719182067124647,-0.140569126859286,0.274260883898512,-0.512538007101672,0.608274527417772,-0.189090547847886,0.274057029368649,-0.68996788107752,0.490214385984471,0.0485214209885998,0.261919627815714,0.18525309230639,0.853030528050915,3.01735731099096,1.41945391052101,2.12571700188804,0.0335268304063566,2.24442541781615,1.45692874000764,1.5405183219904,0.123434060225443,0.772931893174804,2.13760265608486,0.361588198337325,0.717659785126133
0,"",164678.800207435,1,0.930654137110855,0.00342728582097104,0.676899198168518,0.00000039768612358311,0.00057234829012752,0.00338411319368258,-0.102852427117087,0.278045817896556,86.2853202220156,-0.369911793297868,0.712354602242095,0.0118283016447792,0.135921541205489,19042.6590605106,0.0870230100385408,0.930654137110855,2.80716643376202,0.959048704121027,14960.4952363309,2.92703219523643,0.00342728582097104,-0.449827228682402,1.07338983428416,51.7201111611234,-0.419071631121224,0.676899198168518,-0.206663011436451,0.276065426956901,-0.748601567804124,0.454097386875597,-0.145008389816644,0.275860003324407,-0.525659349195746,0.599124912802041,-0.061654621619807,0.262915069553769,-0.234503947318234,0.814593769101762,3.25699366244444,1.42055932818125,2.29275440865563,0.0218621481631956,2.35733920507963,1.4580437241588,1.61678224460633,0.105925293365429,0.899654457364806,2.14677966856832,0.419071631121224,0.675163782831487
0,"",164748.677518758,1,0.798391993350117,0.00250934203848176,0.915071888838944,0.00000342660820577784,0.00057934090775372,0.000221953087206099,-0.0847410522400131,0.274483005332906,87.8569940020804,-0.30872968669676,0.758258045679837,0.0347803045236408,0.136162521202149,19040.8202479043,0.25543228941836,0.798391993350117,2.90795529433713,0.962039484119112,15761.7264055712,3.02269848830559,0.00250934203848176,0.121078370504612,1.12982160830292,51.7315853790915,0.107165918597079,0.915071888838944,-0.180874019576363,0.272864795224075,-0.66287048656398,0.507413505212888,-0.121541199885691,0.272666150267486,-0.44575096603102,0.655777144907981,-0.0593328196906725,0.26500127719951,-0.223896353699469,0.822837953040022,2.78687692383253,1.46490710783764,1.90242569574684,0.0571155243703461,3.02903366484175,1.50269119801492,2.01573927420561,0.0438272464861602,-0.242156741009225,2.25964321660585,-0.107165918597079,0.914657352704376
0,"",164801.353865617,1,0.620620052500049,0.00341575351794964,0.764169633132287,0.0000128681867790129,0.000544662541565736,0.00178764839581613,-0.0815596106145554,0.281142211315677,85.3689330499187,-0.290100907412218,0.772442534855381,0.0674861361821539,0.136341177314011,19039.3493913962,0.494979855034734,0.620620052500049,2.82079314082626,0.963366578357412,15732.4083433883,2.9280579212493,0.00341575351794964,0.341717294480614,1.13292293382767,50.8012054460995,0.301624483252445,0.764169633132287,-0.178439581051249,0.279571115834714,-0.638261862347558,0.523303233484441,-0.072333013543161,0.2793764806072,-0.25890874344881,0.795705651862056,-0.106106567508088,0.265397050282961,-0.39980311535098,0.689301535963387,2.47907584634565,1.46809575073509,1.6886336229121,0.0912896631202148,3.16251043530688,1.50594619533737,2.10001555506995,0.0357274728121576,-0.683434588961229,2.26584586765534,-0.301624483252445,0.762938341818578
0,"",164867.780101206,1,0.449529953397965,0.00415017491614203,0.613071802545812,0.0000300365417844999,0.000531243467606969,0.0052113598718951,-0.0817630314334104,0.286232839564888,83.4757442433575,-0.285652168904523,0.775852166405843,0.10328042840585,0.136575571480811,19038.2503898357,0.756214506635698,0.449529953397965,2.76581614725436,0.964726605478107,15463.7109701232,2.86694295725746,0.00415017491614203,0.570392817823689,1.1207897505407,49.4401236273537,0.508920444310375,0.613071802545812,-0.226902397970185,0.284585038385615,-0.797309652177606,0.425271215987093,-0.0685240329355882,0.284390591065616,-0.240950422019335,0.809593542009145,-0.158378365034597,0.265427044095207,-0.596692645146542,0.550712603944022,2.19542332943067,1.45973868701704,1.50398379446735,0.132585539447096,3.33620896507805,1.49763050920266,2.22765825387349,0.0259033128346324,-1.14078563564738,2.24157950108141,-0.508920444310375,0.610807989072021
0,"",164872.701508452,1,0.425137239250201,0.00287221537538649,0.712085073347868,0.0000334115096436824,0.000552911204012132,0.00274999019640203,-0.075104958851889,0.281305406534665,85.2497521784897,-0.26698725693576,0.790123767229393,0.108937537357939,0.136588935803317,19037.6550946502,0.79755755264691,0.425137239250201,2.87947067917397,0.9657624735005,16069.0087011958,2.98155163219073,0.00287221537538649,0.432706132683535,1.16580960659386,49.9578506256468,0.371163636185646,0.712085073347868,-0.240950384885598,0.279956773701809,-0.860669958792433,0.38941984316517,-0.0596270671842531,0.279766422034903,-0.213131607254906,0.831224311950525,-0.181323317701345,0.266827341509876,-0.679552989867171,0.496787544394995,2.44676454649044,1.4947857236547,1.63686641354066,0.101658385074851,3.31217681185751,1.5327211189433,2.16097812636719,0.0306970291196674,-0.865412265367073,2.33161921318773,-0.371163636185646,0.71051565580317
0,"",164867.135165019,1,0.510059650800822,0.00410723181180824,0.897594516529536,0.0000227935338416453,0.000503552439599006,0.000327157691717641,-0.0104828578625027,0.277934046678313,86.7063306026213,-0.037717069886856,0.969999969958014,0.0899656230655902,0.136568709495971,19038.3458362009,0.658757217503356,0.510059650800822,2.77263116777415,0.966002326145638,16351.756375744,2.87021168865813,0.00410723181180824,0.153409662702826,1.18607643050863,51.1188219987881,0.129342139137728,0.897594516529536,-0.183028818824239,0.27672464096208,-0.661411351688483,0.508348547997507,-0.0160564662498006,0.276535324139113,-0.0580629845383631,0.953698458686102,-0.166972352574439,0.26742914281844,-0.624361095483889,0.532390468851504,2.61922150507133,1.51061962655758,1.73387228593081,0.0829407462060736,2.92604083047699,1.54851668706307,1.88957655730953,0.0588146148957864,-0.306819325405654,2.37215286101726,-0.129342139137728,0.897086929242313
0,"",164901.039602273,1,0.596287030610713,0.00517363078572187,0.877254681521975,0.0000147396700689985,0.000487719123433088,0.000465402754567846,-0.00575755047068264,0.281787931289756,85.4028275660583,-0.0204322110046732,0.983746250099641,0.0724137821912835,0.136692610447329,19039.6177123042,0.529756377863501,0.596287030610713,2.70207970515501,0.96626944061979,16025.7429245526,2.79640397550173,0.00517363078572187,0.179359017437165,1.1555419477358,51.7420799588747,0.155216362148172,0.877254681521975,-0.157508654733451,0.280356782657332,-0.561815031691127,0.574242049506832,-0.027831990069062,0.280164739883676,-0.0993415162829477,0.920867116198345,-0.129676664664389,0.26668431112798,-0.486255318567122,0.626786154427736,2.52272068771785,1.48720166443951,1.69628689103747,0.0898315618356586,2.88143872259218,1.52516846905312,1.88925930548583,0.058857091543248,-0.35871803487433,2.31108389547161,-0.155216362148172,0.876650749485799
0,"",164943.305218334,1,0.721476207012387,0.0047400454485107,0.921906147694481,0.00000667440948625941,0.000496837218255301,0.000182853195740415,0.0324164890877841,0.280527237631852,86.0488703606967,0.115555585124057,0.908274005729539,0.0487847984721902,0.136846884219215,19040.7239482924,0.356491846712724,0.721476207012387,2.73217247589729,0.967283239031775,16050.1446253504,2.82458370583586,0.0047400454485107,0.11362000343879,1.15349719548664,53.0511174220104,0.0985004591977839,0.921906147694481,-0.0904872649425692,0.279061269213476,-0.324255906946902,0.745744298877592,-0.00251543064585251,0.278867512125952,-0.00902016382860833,0.992803048140065,-0.0879718342967167,0.266882374172541,-0.329627741695083,0.741681258268673,2.6185524724585,1.48626536319658,1.76183374604563,0.0780973912999423,2.84579247933609,1.52427050065822,1.86698652116353,0.0619034701573763,-0.227240006877581,2.30699439097329,-0.0985004591977839,0.921534907346811
0,"",164946.249137946,1,0.944495794348266,0.00872372639177799,0.877211596360682,0.000000254548238481721,0.000429155627715659,0.000446375875425933,-0.0074484804299649,0.275493668183574,88.2559012971037,-0.0270368479939134,0.978491385993085,0.00952878910319602,0.136865954700788,19042.0789363705,0.0696213249235542,0.944495794348266,2.53716854625634,0.967270864127526,16025.1164093276,2.62301764722837,0.00872372639177799,0.178186309782102,1.14781440908896,53.9648166642125,0.155239652308888,0.877211596360682,-0.0601735397658328,0.273955522660838,-0.219647113448882,0.826145996065284,-0.056167799762148,0.27375760102424,-0.205173480305208,0.83743658832692,-0.00400574000368488,0.266741039971225,-0.0150173366802386,0.988018349271264,2.35898223647424,1.48191217280132,1.59185023226779,0.111418360220737,2.71535485603845,1.51990723292831,1.78652670190071,0.0740140177765666,-0.356372619564205,2.29562881817792,-0.155239652308888,0.876632389166707
0,"",164969.28227728,0,0.880719998925851,0.0467200630662667,0.972126336838024,0.00000118326493887454,0.0859657842352323,0.000023256381717508,-0.0402352261830612,0.271303411343775,89.849016792876,-0.148303428931375,0.882435638293144,-0.0205518187750032,0.13695865023593,19030.012727808,-0.150058566871094,0.880719998925851,2.00117772383209,0.978215191504093,44.4978817445556,2.04574386209961,0.0467200630662667,-0.0395160906504108,1.12559063023265,52.994983377505,-0.0351069825823293,0.972126336838024,-0.0400763472536185,0.269632869617621,-0.148633018335089,0.881843217527123,-0.0778419629118148,0.269430375042469,-0.2889130926665,0.772647884284492,0.0377656156581963,0.266221649401775,0.141857793094811,0.887192333310551,2.04069381448251,1.47205339399626,1.38629062152599,0.165658179433822,1.96166163318169,1.51022424187204,1.29892076871316,0.193971121392819,0.0790321813008217,2.25118126046531,0.0351069825823293,0.971994433550482
0,"",164994.953630718,1,0.541516742941482,0.0358707148063866,0.74490336236107,0.0000195709233290298,0.000293996680164177,0.00194681205384137,-0.0110468804522807,0.273671110981332,89.2908630686791,-0.0403655336972496,0.967891827604528,-0.0836812588700134,0.137062856660673,19045.7042633004,-0.610531991735611,0.541516742941482,2.02888001312666,0.966787432680993,14975.4750782811,2.09857921663336,0.0358707148063866,-0.350491652958699,1.07179716914613,54.8226226151432,-0.327013042251199,0.74490336236107,0.0309280229720046,0.271548094391869,0.113895194297967,0.909320875172622,-0.106827598154107,0.271334262193601,-0.393712158908573,0.693793563442712,0.137755621126112,0.264817323836627,0.52019112318761,0.602930371714206,2.37937166608536,1.42443507082279,1.67039671714274,0.0948408987428119,1.67838836016797,1.46213506645906,1.14790240564616,0.251008855001339,0.700983305917399,2.14359433829226,0.327013042251199,0.743658020775281
0,"",164972.103261467,1,0.464551974711242,0.00820591572208315,0.786544050689803,0.0000280852733684751,0.000490575062415632,0.00135534414372809,-0.0229699105972975,0.283741728940355,85.2235811900533,-0.080953586499524,0.935668674564572,-0.100182895205791,0.136976640335623,19045.9782401855,-0.731386716452683,0.464551974711242,2.55149091908767,0.965066997875859,14241.4612009042,2.64384848378774,0.00820591572208315,-0.280569981080423,1.03098943912431,54.5676651032726,-0.272136619865603,0.786544050689803,0.0238337369273674,0.281429465631854,0.084688136239952,0.932509327990831,-0.152831613394719,0.281214382929881,-0.543470116294965,0.586806160883051,0.176665350322087,0.263513271148617,0.670422971685741,0.502588194831379,2.8320609001681,1.3934525373572,2.03240571475749,0.04211260003701,2.27092093800726,1.4306911246257,1.58728945676613,0.112447102019035,0.561139962160847,2.06197887824862,0.272136619865603,0.785516973126475
0,"",165065.156156509,1,0.740728420129302,0.00997277360356248,0.733036765957934,0.00000574911000938244,0.000450756525744761,0.00216284370950871,-0.016174967340247,0.285409184991392,84.9110893357626,-0.056672903994785,0.954938907136807,-0.0454324701762351,0.137302311852855,19044.6889965113,-0.330893701374267,0.740728420129302,2.49511259763884,0.968183880481634,14727.4234622096,2.57710611376593,0.00997277360356248,-0.363822033794414,1.06116976541658,54.2303981640085,-0.342849980890278,0.733036765957934,-0.0352323025545105,0.283284075970133,-0.124370924958821,0.901021593106741,-0.0953642960607835,0.283075020449683,-0.33688700581666,0.736202081198747,0.060131993506273,0.264920044412559,0.226981667769275,0.820437997157928,2.85893463143326,1.41751620361326,2.0168620465472,0.0437099117500184,2.13129056384443,1.45518741315728,1.46461585949279,0.143025752568145,0.72764406758883,2.12233953083316,0.342849980890278,0.731711322913985
0,"",165097.824092343,1,0.802122342230235,0.0159750320612743,0.714908730461142,0.00000329775114026869,0.000389486155593991,0.00252867815844517,0.0233324981329328,0.283142918823446,85.74955813071,0.0824053740417991,0.934516416423509,0.0344380268468662,0.137419639395813,19044.0625834566,0.250604840751136,0.802122342230235,2.33600112456974,0.969391378615132,14903.4419159752,2.4097605735951,0.0159750320612743,-0.395237947189351,1.07628518028923,53.1948281284362,-0.36722418409881,0.714908730461142,-0.0839236082396295,0.281093765887206,-0.2985609018213,0.765275101255056,0.0183391721893899,0.280885695018245,0.0652905167997206,0.947942692732576,-0.102262780429019,0.265553982434476,-0.385092249385687,0.700169070147541,2.7312390717591,1.42944604573005,1.91069756002172,0.056043458562157,1.9407631773804,1.46727736670129,1.32269686797091,0.185936205530397,0.790475894378704,2.15257036057846,0.36722418409881,0.713451801302743
0,"",165148.861975913,1,0.781631913222063,0.0157676876494123,0.902879290455098,0.00000403476684448965,0.000388860340997033,0.000286392364360241,0.0136461800317215,0.280030861365942,87.1140114698937,0.048730986167588,0.961245234021321,0.0381440208108044,0.137606221681028,19043.9312472479,0.277196919912695,0.781631913222063,2.34425662574575,0.970898071731633,14986.508412029,2.41452392789768,0.0157676876494123,-0.133102049105863,1.08551678615735,52.4820226514506,-0.122616297419991,0.902879290455098,-0.0544339603066732,0.278006897925968,-0.195800754271819,0.844766119677484,0.0330975405348957,0.27779772186856,0.119142591639235,0.905162387788417,-0.0875315008415689,0.266139859554457,-0.328892864782092,0.74223666765426,2.47735867485162,1.43726968245106,1.72365611346288,0.0847699420980286,2.21115457663989,1.47520689306627,1.49887760627523,0.133905386830368,0.266204098211726,2.17103357231472,0.122616297419991,0.902410948357056
0,"",165196.643920462,1,0.847590299987278,0.0111348401640817,0.879222629888696,0.00000193998907259873,0.000421335382371708,0.000453108245659153,0.0468576294515893,0.289633880292917,83.703145466313,0.161782279767134,0.871867192402899,-0.0264769508945151,0.137759763527151,19041.0562715575,-0.192196547210948,0.847590299987278,2.46924022383932,0.972621478178999,15290.7230029964,2.53874737422248,0.0111348401640817,-0.169579886729925,1.11045414240306,51.4456468413185,-0.152712192475547,0.879222629888696,0.0156312085950212,0.287837120696559,0.0543057426269204,0.956691574352303,-0.0229978608283037,0.287638115748285,-0.0799541492214104,0.936273722786729,0.0386290694233249,0.267130377806862,0.144607549843149,0.885020735983248,2.63882011056925,1.45698265566289,1.8111541000937,0.0701170010310505,2.2996603371094,1.49512655835149,1.53810413189702,0.12402315589527,0.339159773459852,2.22090828480613,0.152712192475547,0.878625245344782
0,"",165275.785287414,1,0.783401634007556,0.0111951149039398,0.719575448779237,0.00000396894015068392,0.000408238427246427,0.00250591491424423,0.0398892219422447,0.294682043862468,82.037754385539,0.135363598743267,0.892655987836984,-0.0379438533895397,0.138031490070148,19039.2677262272,-0.274892731870507,0.783401634007556,2.47419024960703,0.975300957038994,15757.8755884647,2.53684796651759,0.0111951149039398,-0.4132179237524,1.14469003479778,51.8712252485775,-0.360986739808039,0.719575448779237,-0.00926870814094413,0.293131392403997,-0.0316196367264885,0.97477538337571,-0.0502508751039426,0.292940073114233,-0.171539777981645,0.863799355642311,0.0409821669629984,0.268616636128045,0.152567493784945,0.878739361036131,2.88740817335944,1.48454777113072,1.94497491391618,0.05177799763619,2.06097232585464,1.52288291748376,1.35333603272664,0.175948302829922,0.826435847504802,2.28938006959556,0.360986739808039,0.718109359771909
0,"",165344.010333951,1,0.836139037723821,0.00952989667824428,0.721780367171765,0.00000224681612199403,0.000434493719403342,0.00238934216997851,0.0689325555989114,0.296653643060833,81.5492568652955,0.232367129854447,0.816835040918542,0.0286021423326703,0.138283205443414,19040.9995867155,0.206837426431907,0.836139037723821,2.53166136998043,0.976435134901784,15465.0807158752,2.59275939536432,0.00952989667824428,-0.400416907970651,1.11860228089643,53.5002912604539,-0.357961819682474,0.721780367171765,-0.0476347869830833,0.294913729709162,-0.161521089676156,0.871683002277971,0.0433937040411676,0.294718271064595,0.147237916008461,0.882944234068753,-0.0910284910242509,0.268260909432494,-0.339328198121828,0.734362502418214,2.93207827795109,1.46553946944443,2.00068189160583,0.0454266821145549,2.13124446200978,1.50385748476884,1.41718512797599,0.156428808743481,0.800833815941305,2.23720456179286,0.357961819682474,0.720371886302676
0,"",165383.047953052,0,0.82110212338212,0.0136407246422415,0.74130152071909,0.0000026854250187004,0.00108387173422681,0.00197010848369701,0.0349783272449878,0.303661619542394,79.5764780774997,0.115188502576318,0.90858587877302,0.031300470435478,0.138417551045195,19041.6777177715,0.226130791934457,0.82110212338212,2.41120759530244,0.977239254217567,5610.71919013393,2.46736670154843,0.0136407246422415,-0.369140359871888,1.11261621974587,55.762944302171,-0.331776899635889,0.74130152071909,-0.080942090231959,0.301912636189341,-0.268097722750488,0.788624098673934,0.012841049640005,0.30171975562511,0.0425595255219552,0.966052660191023,-0.093783139871964,0.26831134636778,-0.349531024839381,0.726690683326697,2.78034795517434,1.46155807272009,1.90231781211393,0.0571296184197008,2.04206723543056,1.49989027095896,1.36147775271917,0.173362759433522,0.738280719743778,2.22523243949175,0.331776899635889,0.74005772862179
0,"",165416.923812914,0,0.801459833275676,0.0204898796736295,0.836111059897611,0.00000332267640981415,0.119455481407953,0.000793063312206393,-0.00694837656602542,0.307922855813883,77.7197306748776,-0.0225653160680778,0.982054845476959,0.034837530142742,0.138540067345039,19030.6856248952,0.251461767056731,0.801459833275676,2.39521945418909,0.995171377476353,42.7012022417009,2.40684118173003,0.0204898796736295,-0.225141052293545,1.08311848371828,54.4383595371742,-0.207863733910854,0.836111059897611,-0.116533627798996,0.306099906912975,-0.380704551576771,0.703422491097333,-0.0278403461021488,0.305907083358885,-0.0910091580634859,0.92748531417552,-0.0886932816968468,0.267655822516757,-0.331370641829748,0.740364537806783,2.62036050648264,1.45151971207291,1.80525313207115,0.0710350800550834,2.17007840189555,1.49000468660489,1.45642387665254,0.14527547905366,0.450282104587091,2.16623696743657,0.207863733910854,0.835335366795017
0,"",165469.398478614,0,0.453553867101606,0.0164071232669947,0.90496800037386,0.000029522309340116,0.130935931008846,0.000274566601809791,-0.0147313209403258,0.302466056095342,79.232524391581,-0.0487040467631258,0.96127771344667,0.103985736827859,0.138736671611293,19028.3817798955,0.749518751027866,0.453553867101606,2.47909679420359,0.991133735603956,41.5255510458041,2.50127374858543,0.0164071232669947,0.131187429475889,1.09352863639643,52.4031213540892,0.119967072749186,0.90496800037386,-0.159606396219169,0.300628983736979,-0.530908211960059,0.595482386863319,0.037283350871165,0.300433041753525,0.124098703170446,0.901237124943342,-0.196889747090334,0.268294016735631,-0.733858136256329,0.463035203952107,2.34790936472771,1.45647746055093,1.61204648085634,0.106951825532468,2.61028422367949,1.49498338714841,1.7460289165209,0.0808059272765309,-0.262374858951779,2.18705727279287,-0.119967072749186,0.904509231675312
0,"",165598.698111293,0,0.430584136533373,0.00884650714005284,0.899668514630393,0.0000326507371005031,0.154188073067425,0.00030757771767808,-0.0240425026360248,0.303135849761007,79.4903446437806,-0.0793126337745271,0.93698328570933,0.109719994160694,0.139201606167521,19027.2440471631,0.788209254055967,0.430584136533373,2.71668043270285,0.988692325062465,41.4169208082629,2.74775110905327,0.00884650714005284,0.142453589274079,1.12437846573353,52.1714952529321,0.126695408721782,0.899668514630393,-0.191623729465911,0.301433281548887,-0.635708600195937,0.524966369872728,0.0157828519132135,0.301240034967335,0.0523929427737749,0.958215597246427,-0.207406581379124,0.269991574286302,-0.768196496232834,0.442370454792679,2.57422684342877,1.47777799675531,1.7419577562265,0.0815158364243191,2.85913402197693,1.51646005156459,1.88540015876254,0.0593758326149343,-0.284907178548158,2.24875693146706,-0.126695408721782,0.899181479863937
1,Model failed to converge with 1 negative eigenvalue: -4.4e+03,165663.591330889,1,0.486343398804241,0.00181865526787924,0.976493569616799,0.0000254536121209356,0.000601393087695533,0.0000164117754019462,-0.0276919645188878,0.297092296007438,81.8564538289394,-0.0932099717530017,0.925964515029462,0.0970666144008534,0.139433477486251,19039.0454308553,0.696149993178106,0.486343398804241,3.0745589082407,0.985792848244312,16164.9594100427,3.11886915564102,0.00181865526787924,-0.0350507969689938,1.18400487771339,53.3981386634946,-0.0296035916986134,0.976493569616799,-0.198143625835866,0.295719339236861,-0.670039458180851,0.502832636947809,-0.00104956954130385,0.295529993764886,-0.00355148229772865,0.997166333063532,-0.197094056294562,0.272193814847457,-0.724094544194613,0.469007693831172,3.1096097052097,1.5211715477314,2.04422026552312,0.040931792025577,3.03950811127171,1.55991900513133,1.9485038013341,0.0513547104174086,0.0701015939379878,2.36800975542678,0.0296035916986134,0.976383200809186
0,"",165652.161468425,1,0.820848325891835,0.00114714705658739,0.83098144363141,0.00000269361713096162,0.00063773841333899,0.000857182216517952,0.0164080642952237,0.292126530776637,83.4945689784112,0.0561676621825542,0.955342435159964,0.0315656178562095,0.139388930657448,19038.5987545438,0.226457134776239,0.820848325891835,3.20741583462053,0.986207292751078,16575.0362501262,3.25227349077219,0.00114714705658739,-0.262179730447263,1.22236131539282,53.6232891693377,-0.214486279257789,0.83098144363141,-0.101563293418381,0.291017590860805,-0.348993657455432,0.727094071193342,-0.016285087562479,0.290831031073689,-0.0559950136763528,0.955345779440593,-0.0852782058559018,0.273324375844664,-0.31200366082375,0.755037741182963,3.46959556506781,1.55114121526913,2.23680186620908,0.0252992925323679,2.94523610417328,1.58981286621476,1.85256778754451,0.0639443330826724,0.524359460894528,2.44472263078565,0.214486279257789,0.830167865571884
0,"",165788.010785226,1,0.836210846910604,0.00155435606857713,0.985450032889775,0.00000224516429079668,0.000592659339377014,0.00000612590120489537,0.0219516118117454,0.297642756172306,82.1252560924159,0.0737515405852428,0.941387426151107,0.0289178919695889,0.139871942164437,19038.0713551102,0.206745481060041,0.836210846910604,3.13379108356674,0.990184748611259,16890.5976960439,3.16485493031669,0.00155435606857713,0.0230367528325542,1.25745651378963,54.7878081817707,0.0183201188907342,0.985450032889775,-0.104244163663612,0.296778973296523,-0.351251850849479,0.725399413787629,-0.0483543512010048,0.296598348703177,-0.163029738406924,0.870495020039658,-0.0558898124626071,0.275264497080425,-0.2030403958934,0.839103458395559,3.11075433073419,1.58104672394041,1.96752839978145,0.0491223251199527,3.1568278363993,1.61975822196584,1.94895003068296,0.0513013924470695,-0.0460735056651085,2.51491302757927,-0.0183201188907342,0.985383477605583
0,"",165847.592493569,1,0.414650682942225,0.00230951873037562,0.78781578104153,0.0000349532337918585,0.000541669428191176,0.00132302601332561,-0.0723876255447049,0.295819234047406,82.6858477910925,-0.244702227621564,0.807293242630598,0.114275867230197,0.140086075659957,19037.7917131855,0.81575464721839,0.414650682942225,3.02387700060685,0.992183602931481,17138.5675323837,3.04769902634208,0.00230951873037562,0.348820504551464,1.28973658456034,55.2151971060799,0.270458719033991,0.78781578104153,-0.249689821662709,0.295182011529918,-0.8458842744806,0.397617305934079,-0.0506038177778907,0.295003571381488,-0.171536288665644,0.863802099052464,-0.199086003884818,0.276684281540683,-0.719542153881065,0.47180693902695,2.6750564960554,1.60779536176711,1.66380408829845,0.0961515867244466,3.37269750515833,1.64641780652395,2.04850645552665,0.0405104002046109,-0.69764100910293,2.57947316912069,-0.270458719033991,0.786807371300909
0,"",165965.210000059,0,0.270676240588551,0.00504311960372226,0.89925479040131,0.0000637798603165441,0.165786771997899,0.000304038592220615,-0.103751642166349,0.296531846592286,81.8274020054735,-0.349883641027608,0.72732497533729,0.154783573105346,0.140515792831555,19023.4024466537,1.1015386241381,0.270676240588551,3.02054268857318,1.02294198927866,43.8727786404686,2.95279959199168,0.00504311960372226,0.163445298451471,1.28485982111037,53.2074680207483,0.127208661805786,0.89925479040131,-0.319333443550997,0.295989931280181,-1.07886589982927,0.28064751222043,-0.0235729258646469,0.295815247687454,-0.079688001375619,0.936485402619004,-0.29576051768635,0.277234678819358,-1.06682367063849,0.286051467607726,2.85709739012172,1.62259391084823,1.76082097376302,0.0782687087702505,3.18398798702466,1.6618481119358,1.91593200615416,0.0553737509132492,-0.326890596902943,2.56971964222074,-0.127208661805786,0.898775249949278
0,"",165992.091978224,0,0.414466239405684,0.00418018755937641,0.945011253416114,0.0000350095983920812,0.176025332210035,0.0000912883603220489,-0.04599975631035,0.310179183683442,78.2321523597634,-0.148300591174731,0.882487136039485,0.11475006679519,0.140611790128803,19022.1711938757,0.816077134713075,0.414466239405684,3.06699386901475,1.0135662606855,42.8607939992863,3.02594313561746,0.00418018755937641,0.085283375855292,1.23058829380785,52.6075592416008,0.0693029311951253,0.945011253416114,-0.248206228046722,0.309207098117109,-0.802718403161355,0.422137513587526,-0.0259101921018028,0.309030601573127,-0.0838434510042254,0.933180900715364,-0.222296035944919,0.275636630784926,-0.806482198363441,0.419964868351776,2.98171049315947,1.57445335889153,1.89380681004021,0.0582506574068849,3.15227724487005,1.6138230534941,1.95329793935279,0.0507843015379477,-0.170566751710585,2.46117658761571,-0.0693029311951253,0.944748492593431
0,"",165920.885858755,0,0.704703614092325,0.00271550065182678,0.995694001266573,0.00000755093277094524,0.194021953758937,0.000000546283401968003,0.0279031079725385,0.314592182870784,77.1163104976854,0.0886961262607073,0.929553350809621,0.0531895742839688,0.14034762941528,19021.2469015271,0.378984486632006,0.704703614092325,3.24421520185684,1.01830125879933,42.1637362092336,3.18590905571703,0.00271550065182678,-0.00654617088986591,1.20735184069616,53.8131899923969,-0.00542192480204558,0.995694001266573,-0.146050721420889,0.313532064054872,-0.465823876295244,0.641341573199924,-0.039118601610649,0.313356892469879,-0.124837214532976,0.900652424895852,-0.10693211981024,0.274456279331659,-0.389614404416745,0.696821699085349,3.25076137274671,1.55959395678051,2.08436391960463,0.0371270771553844,3.23766903096698,1.59904300498241,2.02475419415164,0.0428926107152732,0.0130923417797318,2.41470368139233,0.00542192480204558,0.995673951106294
0,"",165972.213325217,0,0.49375397482189,0.00181404056982139,0.986421818730396,0.0000246201804219507,0.204763946439204,0.00000539459303837877,0.0606822585054743,0.312023652788783,77.9531581082977,0.19447967473976,0.846306254494456,0.0961829291907944,0.140543621313611,19022.6840752434,0.684363532772295,0.49375397482189,3.41000327998567,1.02540580665994,42.9497478826277,3.32551586682847,0.00181404056982139,-0.0203513886519542,1.19032999004014,54.1866515167157,-0.0170972661549658,0.986421818730396,-0.151462280558614,0.31085698887928,-0.48724103358485,0.626087529504887,0.0426227099468969,0.31067846285612,0.137192354935257,0.890878753650794,-0.194084990505511,0.274256517285477,-0.707676858243941,0.479145951633194,3.43035466863763,1.55117124812175,2.2114609671829,0.0270039319738293,3.38965189133372,1.59077115451664,2.13082308018319,0.0331037201791758,0.0407027773039084,2.38065998008029,0.0170972661549658,0.986359019886869
0,"",166057.382222123,0,0.307370946420461,0.00123707662972306,0.950371434820694,0.0000547697358743604,0.223651915732308,0.0000720220823647779,0.126424489809094,0.311385863466611,78.5324269927387,0.406005874517326,0.685842447689481,0.143798275752292,0.140870768278935,19023.9702190558,1.02078151137474,0.307370946420461,3.58420085106946,1.03407257294786,41.702923527025,3.46610184317323,0.00123707662972306,-0.0712881539847482,1.14008581811833,54.2828569561894,-0.0625287613018525,0.950371434820694,-0.115163404512991,0.309896576401129,-0.371618834420176,0.710176664002783,0.178455033638555,0.309709983212821,0.57620045626985,0.564479696851299,-0.293618438151546,0.273287215689159,-1.0743950733704,0.282645649645573,3.65548900505422,1.51921767076282,2.40616540697472,0.0161209637922257,3.51291269708473,1.55890384130552,2.25345053620678,0.0242307561823155,0.142576307969497,2.28017163623666,0.0625287613018525,0.950141758540356
0,"",166132.667580343,0,0.256891625003789,0.00589525450186063,0.77065739880769,0.0000675777236307806,0.162244037440899,0.00158664687352297,0.0958788000919576,0.314469895686309,77.430491749723,0.304890234032446,0.761267776132866,0.16001774047541,0.141133679080336,19021.3805156853,1.13380265800572,0.256891625003789,3.16321206379532,1.09209970712701,43.3192388940622,2.89644987829619,0.00589525450186063,-0.337248375219882,1.15108319830271,54.0152515449264,-0.292983492172555,0.77065739880769,-0.119862478098543,0.313382410060779,-0.382479916710374,0.702105422734497,0.228661207047892,0.313206936652134,0.730064313045074,0.465350873865826,-0.348523685146435,0.274050856396937,-1.27174820662349,0.203462596626294,3.50046043901521,1.56642045074925,2.23468765192696,0.0254378618380993,2.82596368857544,1.60675933820779,1.75879711502258,0.0786119749926018,0.674496750439766,2.30216639660543,0.292983492172555,0.76953476965258
0,"",166208.185202865,0,0.229848023779008,0.0228286264745195,0.705965048795601,0.0000758124241686784,0.111255766665276,0.00273670052805506,0.0671949494053981,0.309897159837593,78.5378998283357,0.216829832969791,0.828903221628434,0.169797791782112,0.14140518842037,19017.7912606769,1.20078897867125,0.229848023779008,2.66728170334543,1.13107125833715,44.4234315700534,2.35819068311112,0.0228286264745195,-0.449343921076841,1.18453205762558,52.4380658654869,-0.379342980364382,0.705965048795601,-0.138851997697466,0.309230926717853,-0.449023644469288,0.653414600129957,0.238700778008452,0.309062558810066,0.772338062971726,0.439914227206734,-0.377552775705917,0.275518028123186,-1.37033782608632,0.170581470460332,3.11662562442228,1.61735499043533,1.92698921563497,0.0539809739376883,2.21793778226859,1.65802280107124,1.3377004108964,0.180994116996077,0.898687842153685,2.36906411525116,0.379342980364382,0.704433186777551
0,"",166196.729790611,0,0.640280489144737,0.0152187429454955,0.927137459174483,0.0000114830421797557,0.128347041507535,0.000162054129488867,0.11147949169133,0.298315544551116,82.2004744071955,0.373696556306097,0.70959219349533,0.0660684086859662,0.141379003475341,19017.6089818463,0.467314148932234,0.640280489144737,2.8380238117842,1.12295959517383,43.3772040604948,2.52727152782812,0.0152187429454955,-0.108870354530576,1.18478325655624,52.0967907703388,-0.0918905242187717,0.927137459174483,-0.00541263476246384,0.297572930220435,-0.0181892713105802,0.985487861475961,0.135920730669022,0.297397945820537,0.457033185935463,0.647647192676605,-0.141333365431486,0.275484181568234,-0.513036228167168,0.607925978979642,2.94689416631479,1.61196889961351,1.82813338831868,0.0675295350990298,2.72915345725364,1.65259054260176,1.65143959553162,0.0986488453319851,0.217740709061153,2.36956651311249,0.0918905242187717,0.926785020186357
