convergence_false,convergence_false_message,bic,singular,p_anova_condition,p_anova_pe,p_anova_interaction,effectsize_condition,effectsize_pe,effectsize_interaction,coef_intercept,se_intercept,df_intercept,t_intercept,p_intercept,coef_condition,se_condition,df_condition,t_condition,p_condition,coef_pe,se_pe,df_pe,t_pe,p_pe,coef_interaction,se_interaction,df_interaction,t_interaction,p_interaction,emmean_amc,emmean_se_amc,emmean_z_ratio_amc,emmean_p_amc,emmean_avc,emmean_se_avc,emmean_z_ratio_avc,emmean_p_avc,emmean_diff,emmean_se_diff,emmean_z_ratio_diff,emmean_p_diff,coef_amc,se_amc,z_ratio_amc,p_amc,coef_avc,se_avc,z_ratio_avc,p_avc,coeff_diff,se_diff,z_diff,p_diff
0,"",156632.891847101,0,0.514703296990805,0.181500745952102,0.663198882080075,2.23111317274932e-05,0.0367487163475827,0.00417522074071217,0.157255613920439,0.164992768590193,50.5446072423817,0.953106098310457,0.34507227826761,-0.0693977628377964,0.106512791263154,19026.3779240226,-0.651543932093002,0.514703296990805,2.55310002278599,1.88316782849736,48.1786946936729,1.3557474719729,0.181500745952102,-0.906242559398604,2.06743950793401,45.8275640179831,-0.438340544388749,0.663198882080075,0.226653376758235,0.196825079081874,1.15154724090802,0.249507172105641,0.0878578510826426,0.19594658717075,0.448376531335462,0.653881476218425,0.138795525675593,0.213025582526308,0.651543932093002,0.51469542747831,3.4593425821846,2.78257082243851,1.24321816152482,0.213787451947671,1.64685746338739,2.81043662028193,0.585979221699077,0.557889478051519,1.81248511879721,4.13487901586803,0.438340544388749,0.661139439188943
0,"",156617.032215133,0,0.64973367261266,0.440585106894147,0.813700896112913,1.08406698827688e-05,0.0125943719835976,0.00122458003283208,0.0896835587798852,0.173584610788473,50.4708544066299,0.516656161928846,0.607652810614843,-0.0483476586461308,0.10645995025565,19024.6882469223,-0.454139406697356,0.64973367261266,1.50881626445373,1.94000029164287,47.4229105925081,0.777740225583163,0.440585106894147,-0.469175729097847,1.97951039446683,45.8180048486942,-0.237016047205055,0.813700896112913,0.138031217426016,0.204053916080446,0.676444834176075,0.498758259929767,0.0413359001337544,0.203205992909355,0.203418706023071,0.83880778015896,0.0966953172922616,0.2129199005113,0.454139406697356,0.649728491799058,1.97799199355158,2.75777246718219,0.717242635891796,0.473224395792006,1.03964053535588,2.78546514715319,0.373237675013962,0.708971558206271,0.938351458195696,3.95902078893366,0.237016047205055,0.812644341050418
0,"",156692.873577754,0,0.753444159447566,0.398332789179153,0.82113056144206,5.18555669953949e-06,0.0151270251145871,0.00111865338392173,0.0646256665225306,0.176717023370767,49.9152972077287,0.365701420779031,0.716133168547441,-0.0335072212113177,0.106674966136695,19026.2920594979,-0.314105759062355,0.753444159447566,1.64615366636118,1.93138330085965,47.296662485705,0.852318473307956,0.398332789179153,-0.435764038868297,1.91643907300886,46.1669414708115,-0.227382151097627,0.82113056144206,0.0981328877338482,0.206837648639182,0.474444030762679,0.635183300868098,0.0311184453112129,0.205997807279574,0.151062022077642,0.879926790635712,0.0670144424226353,0.213349932273391,0.314105759062355,0.75344071564117,2.08191770522948,2.70750362938479,0.768943643374743,0.441926767151235,1.21038962749289,2.73411492948951,0.442698883809862,0.657983549914192,0.871528077736594,3.83287814601773,0.227382151097627,0.820126598182374
0,"",156693.36385522,0,0.847484252700474,0.323514609781273,0.706771277872223,1.94403616048707e-06,0.0205432993802315,0.00308001725302533,0.082135166473825,0.172450425849722,49.8318251369594,0.476282769782198,0.635954669999019,-0.020518225054904,0.106681318580488,19028.1972679316,-0.192331940848889,0.847484252700474,1.93938141426453,1.94397067986704,47.4528263157323,0.997639231059379,0.323514609781273,-0.721826380823211,1.90696751588007,46.3752284889209,-0.378520543644441,0.706771277872223,0.102653391528729,0.203207482286257,0.505165412089118,0.613442661376,0.061616941418921,0.202353219303585,0.304501908252217,0.760745539155101,0.041036450109808,0.213362637160977,0.192331940848889,0.847482200246064,2.66120779508775,2.70980195611067,0.982067264763261,0.326066711223013,1.21755503344132,2.73643336850503,0.444942328015279,0.656361432420642,1.44365276164642,3.81393503176014,0.378520543644441,0.705043935443914
0,"",156751.406047641,0,0.821661373215942,0.456957730397606,0.679101176954271,2.67051171908175e-06,0.0118239993324157,0.00370981290420887,0.132792114102708,0.169036189145491,50.0050239576286,0.785583931902376,0.435817899432714,-0.0240829921634384,0.106839991694972,19026.440600275,-0.225411774948423,0.821661373215942,1.49858531852674,1.9979632626577,47.0173184116061,0.750056493297738,0.456957730397606,-0.811400262468432,1.94905748428897,46.5430496995878,-0.416303915615108,0.679101176954271,0.156875106266147,0.200403921697972,0.782794592725447,0.43374774340615,0.10870912193927,0.199535215690105,0.544811709368158,0.585883024508075,0.0481659843268768,0.213679983389944,0.225411774948423,0.821658952258274,2.30998558099517,2.77718333783245,0.831772807191794,0.405537195623272,0.687185056058308,2.80510557021499,0.244976539690676,0.806474596583904,1.62280052493687,3.89811496857795,0.416303915615108,0.677187627692403
0,"",156788.36935541,0,0.511702906734789,0.564313928998554,0.536453031553476,2.2633068635292e-05,0.00715093461967666,0.00831817636771418,0.137136611632065,0.170868411294538,50.0808927044878,0.802586098817723,0.426006445725118,-0.0701746392976873,0.10694081042065,19024.8029018663,-0.656200743398672,0.511702906734789,1.14769109955367,1.97682615164987,46.7986683843564,0.580572600476677,0.564313928998554,-1.23381268055545,1.98096593035237,46.2475440689852,-0.6228338719263,0.536453031553476,0.207311250929753,0.202006111619768,1.02626227131172,0.304767976024243,0.066961972334378,0.201142319494808,0.332908422765336,0.739203411310265,0.140349278595375,0.213881620841301,0.656200743398672,0.511694970636088,2.38150378010912,2.78450762268766,0.855269262222544,0.392402099997112,-0.086121581001785,2.81258823885078,-0.0306200459107993,0.975572555319623,2.46762536111091,3.96193186070475,0.6228338719263,0.533393697147041
0,"",156777.315740321,0,0.380658898201759,0.490600706395529,0.375979501974505,4.03925461160148e-05,0.0102842523790501,0.0169029746658404,0.172369081487765,0.17975729757842,49.7770627335223,0.958898936565107,0.342244268201678,-0.093731598699937,0.106913709460093,19027.7081197208,-0.876703270078977,0.380658898201759,1.32828238505087,1.91157151745256,46.4662344657206,0.694864080639261,0.490600706395529,-1.67735274532066,1.87643609031889,46.4744752152327,-0.893903476902111,0.375979501974505,0.266100680187702,0.209564674170768,1.26977832137331,0.204163604894331,0.0786374827878276,0.208732129644977,0.37673875565577,0.706367758501068,0.187463197399874,0.213827418920186,0.876703270078977,0.380647830140831,3.00563513037154,2.66583138137247,1.12746633240701,0.259545367417979,-0.34907036026979,2.69138982328166,-0.12969892256045,0.896804635040252,3.35470549064133,3.75287218063779,0.893903476902111,0.371373537332224
0,"",156740.094642158,0,0.920800148184752,0.33754841673094,0.500524378514523,5.1951987533026e-07,0.0197132666655201,0.0097663425380129,0.258275434615019,0.183535280929979,49.3708886950663,1.40722499405198,0.165625349634067,-0.0106197104681928,0.106808924404299,19028.6455713375,-0.0994271829570575,0.920800148184752,1.82206724343649,1.88039835935478,46.6899708086601,0.968979383741692,0.33754841673094,-1.26119633768119,1.85759651655587,46.7378098379563,-0.678939870117515,0.500524378514523,0.268895145083212,0.212760866244997,1.26383742381259,0.20628838574975,0.247655724146826,0.211942221257535,1.16850584408047,0.242602783311598,0.0212394209363856,0.213617848808598,0.0994271829570575,0.92079910081497,3.08326358111768,2.63081356908806,1.17198102417666,0.241204674758533,0.560870905755302,2.65554995830835,0.211207062401714,0.832725700060055,2.52239267536238,3.71519303311173,0.678939870117515,0.497175961995043
0,"",156754.059974202,0,0.860778071663615,0.290797468701304,0.579603509487075,1.61642217299257e-06,0.024011893665386,0.00667998271457782,0.241422953381514,0.176544691819495,49.296214785281,1.36748916602008,0.17767480237918,0.0187415436959244,0.106858730798011,19029.8425610995,0.17538617159276,0.860778071663615,2.00382107818367,1.87526489676741,46.4099122070102,1.06855361161928,0.290797468701304,-1.02665701661193,1.84022701363757,46.2830323119411,-0.557896938260099,0.579603509487075,0.222681409685589,0.206786219895979,1.07686774194918,0.281539356201027,0.260164497077438,0.205944391465114,1.26327546589929,0.206490200090639,-0.0374830873918489,0.213717461596022,-0.17538617159276,0.860776205647121,3.0304780947956,2.61520166155833,1.15879327370487,0.24654045990661,0.977164061571742,2.63947495894954,0.370211529478058,0.711224886664576,2.05331403322386,3.68045402727515,0.557896938260099,0.576914762375064
0,"",156736.9626158,0,0.877822500111622,0.324109421256764,0.490607132125881,1.24175125285042e-06,0.0210610977121611,0.0102059742251116,0.243694227836112,0.167818688567311,49.6360890170343,1.45212806700231,0.152758207046004,0.0164224126245527,0.106824785665463,19032.4506953218,0.153732230982253,0.877822500111622,1.83709170281191,1.84319141421121,46.1737745624751,0.99669067935524,0.324109421256764,-1.27753663771711,1.83867987543235,46.8192921367111,-0.694811889109684,0.490607132125881,0.22727181521156,0.199368713857318,1.13995727220376,0.254304102624759,0.260116640460665,0.198497884282749,1.31042525415608,0.190052014932431,-0.0328448252491053,0.213649571330927,-0.153732230982253,0.877820870215419,3.11462834052903,2.59162770043009,1.20180392423346,0.229439504706084,0.559555065094805,2.61527482491748,0.213956506506906,0.830580974528769,2.55507327543422,3.6773597508647,0.694811889109684,0.487173196411597
0,"",156747.808246893,0,0.918077091980972,0.233213513769011,0.469084605133302,5.55950544301278e-07,0.0307022550106185,0.011013334461397,0.259075162225012,0.166659110046609,49.7774916842533,1.55452145491811,0.126395724905967,0.0109900186356444,0.106846953038971,19029.8853921203,0.1028575764031,0.918077091980972,2.27751016994151,1.88536257423592,46.069957764278,1.20799585239699,0.233213513769011,-1.39220478661426,1.9077064455406,47.8249757787795,-0.729779358804727,0.469084605133302,0.248085143589367,0.198406086283055,1.2503907931304,0.211156826183523,0.270065180860656,0.197529961262388,1.36721122777884,0.17155910707387,-0.0219800372712889,0.213693906077942,-0.1028575764031,0.918076008177534,3.66971495655578,2.66927976333138,1.37479593071047,0.169194720064963,0.885305383327243,2.69496148069743,0.328503909858532,0.742530688534484,2.78440957322853,3.8154128910812,0.729779358804727,0.465525063456862
0,"",156746.92646062,0,0.754723712367014,0.163248247000477,0.470375820053498,5.12965776653327e-06,0.041629292118116,0.0108164139303607,0.291631961064882,0.170521536539714,49.7555778071853,1.71023535784855,0.0934520448404833,0.0333771191319986,0.106833651985253,19027.90302927,0.312421400109076,0.754723712367014,2.72019574022311,1.91995899412865,46.2115899477534,1.41679887359138,0.163248247000477,-1.41069211939161,1.93888610692185,48.4120513802944,-0.72757864134227,0.470375820053498,0.258254841932883,0.201654830608439,1.28067768648869,0.20030690041424,0.325009080196881,0.200791873672777,1.61863662234925,0.105525470567546,-0.0667542382639972,0.213667303970506,-0.312421400109076,0.754720288801539,4.13088785961472,2.71524818052603,1.52136658786544,0.128167868685798,1.3095036208315,2.74198305385906,0.4775753879983,0.632952451842842,2.82138423878322,3.87777221384371,0.72757864134227,0.466871559152594
0,"",156769.739466444,0,0.541803090442083,0.114638274242142,0.541967994273014,1.95587894049745e-05,0.0529894562239423,0.00760633884551227,0.319591487906705,0.174883171967781,49.8659832877692,1.82745706353945,0.0736179121859105,0.065218878861481,0.106898733676079,19030.5382409086,0.610099639338153,0.541803090442083,3.04185020645579,1.89165204602038,46.2123964107436,1.6080389693523,0.114638274242142,-1.16356106197809,1.89469347102333,49.2049454636884,-0.614115728888667,0.541967994273014,0.254372609045224,0.205390778516409,1.23848115715138,0.215537704618101,0.384810366768186,0.204542304422696,1.88132409994247,0.0599278446123611,-0.130437757722962,0.213797467352158,-0.610099639338153,0.541795805548901,4.20541126843388,2.66454151675214,1.57828701185333,0.114499688365295,1.8782891444777,2.69010039407589,0.698222694072698,0.485037936127847,2.32712212395618,3.78938694204666,0.614115728888667,0.539138855148159
0,"",156829.216137088,0,0.50589622494791,0.140261887116276,0.938921458077934,2.32545921251822e-05,0.0461841621368056,0.000121462505564034,0.256573780936072,0.177588924162931,50.1047002678884,1.44476229103497,0.154749805498296,0.0712229699483042,0.107061347037165,19030.7509698474,0.665253818668841,0.50589622494791,2.8578588433437,1.90468432391862,46.4950793996687,1.50043700546874,0.140261887116276,-0.146101353614868,1.8969002590105,48.8342473148505,-0.0770211047844342,0.938921458077934,0.185350810987768,0.20778473613873,0.892032853000409,0.372375323483999,0.327796750884377,0.206943034328962,1.58399509288775,0.113194835788847,-0.142445939896608,0.214122694074331,-0.665253818668841,0.505888162985365,3.00396019695857,2.67522344022593,1.12288198129158,0.261487621139666,2.71175748972884,2.70097861481661,1.0039907294538,0.315383082064884,0.292202707229736,3.793800518021,0.0770211047844342,0.938606755646919
0,"",156844.891662852,0,0.623798697819192,0.122485314170804,0.973170275160298,1.2642817134359e-05,0.0500194057726653,2.38838296967726e-05,0.166661327973267,0.182028490603615,50.1957539155256,0.915578256022505,0.364265851951725,0.0525282892513276,0.107095298537255,19028.1407423396,0.490481748207224,0.623798697819192,2.99603511864744,1.90495126991076,46.9788373063707,1.57276207846923,0.122485314170804,0.0659717595503883,1.95132182128216,47.8568372710004,0.0338087540614085,0.973170275160298,0.114133038721939,0.211609665353698,0.539356453927423,0.589640922066579,0.219189617224594,0.210781636413906,1.03988953190485,0.298391226425377,-0.105056578502655,0.214190597074511,-0.490481748207224,0.623793042129928,2.93006335909705,2.71364631496685,1.07975138209301,0.280252906334814,3.06200687819783,2.74027663916619,1.11740794138563,0.263819941182864,-0.131943519100777,3.90264364256433,-0.0338087540614085,0.973029655206129
0,"",156801.518410033,0,0.725646131591114,0.159553008886892,0.837644439611064,6.47292653956782e-06,0.0414280747027022,0.000879594669545743,0.163290721138936,0.184793727719973,49.6331574832395,0.883637789840891,0.381152059946424,0.0375371145380689,0.106965239607128,19025.3627002416,0.350928158305807,0.725646131591114,2.72600399086443,1.90749714521862,47.2558017423354,1.42909990596709,0.159553008886892,-0.41217227037929,2.00066216349071,48.2109026992477,-0.206017926414993,0.837644439611064,0.125753606600868,0.213927336829116,0.587833273039428,0.556644208217868,0.200827835677005,0.213109509724249,0.942369188202181,0.346003656490028,-0.0750742290761378,0.213930479214257,-0.350928158305807,0.725642245988605,3.13817626124373,2.7505401805716,1.14093089183361,0.2538986828502,2.31383172048515,2.77793405572239,0.832932558538884,0.404882766007284,0.824344540758582,4.00132432698142,0.206017926414993,0.836776908409795
0,"",156929.615331835,0,0.521506054251436,0.203156995140977,0.807789437628633,2.16009483511407e-05,0.0338128445852469,0.00125804986447374,0.0628326899001065,0.189870755923998,49.389567340069,0.330923472623964,0.742102197663306,0.0687936252360267,0.107316073302646,19023.2469490076,0.641037480396989,0.521506054251436,2.47876388899399,1.92096623278918,47.5784633025248,1.29037348324176,0.203156995140977,-0.497521399360116,2.03369621939838,47.5123820777845,-0.244638995054677,0.807789437628633,-0.00596093533592018,0.218503067694594,-0.0272807855688868,0.97823578205966,0.131626315136133,0.217696340108304,0.6046326505565,0.545423107153754,-0.137587250472053,0.214632146605292,-0.641037480396989,0.521498331930465,2.97628528835411,2.78350778689426,1.06925703688256,0.284953864106586,1.98124248963387,2.81143158567341,0.704709479586826,0.480991050797393,0.995042798720232,4.06739243879677,0.244638995054677,0.806735967616273
0,"",157026.642408473,0,0.393168045384652,0.0932313799792549,0.935201191642478,3.83290065362816e-05,0.0575951452337495,0.000142053922633936,-0.0321721567509177,0.186345502607606,49.9722465053965,-0.172647884176006,0.863625573274416,0.0918706810325051,0.107588801777656,19022.8472608821,0.85390560648092,0.393168045384652,3.3195574098533,1.93825779431012,47.9942187541486,1.71265010237445,0.0932313799792549,-0.170180292529574,2.08199684556808,47.0265879179318,-0.0817389771227727,0.935201191642478,-0.124042837783423,0.215584730531605,-0.575378587702146,0.56503528225022,0.0596985242815874,0.214763165327953,0.277973758630467,0.781032502772494,-0.18374136206501,0.215177603555313,-0.85390560648092,0.393157292889099,3.48973770238288,2.83020712529749,1.23303261842225,0.21756359481245,3.14937711732373,2.858852201887,1.10162292238996,0.270625638651159,0.340360585059149,4.16399369113617,0.0817389771227727,0.934854282784957
0,"",157058.382938203,0,0.397707053250145,0.0417087466246458,0.745650863460051,3.75989070130382e-05,0.0844830313437999,0.0022824483765229,-0.101879153479074,0.181309975086325,50.048843703325,-0.561905948255563,0.57668800285979,0.0910736156799473,0.107684806017472,19023.2514133316,0.845742487247182,0.397707053250145,4.0620406534285,1.94068231284977,47.4762650016398,2.09309922934458,0.0417087466246458,-0.67873652017321,2.0800217006506,46.5450339952392,-0.326312230281497,0.745650863460051,-0.192952769159021,0.211296580981777,-0.913184530778859,0.361145498346523,-0.0108055377991268,0.210457605923522,-0.0513430614764927,0.959052155237006,-0.182147231359895,0.215369612034945,-0.845742487247182,0.397696415680785,4.74077717360171,2.83042134963392,1.6749369044347,0.0939466118745414,3.38330413325529,2.85905425144526,1.18336478978845,0.236664605487447,1.35747304034642,4.16004340130121,0.326312230281497,0.7441881357994
0,"",157076.821561282,0,0.86377484470249,0.0661791053502978,0.485305545976803,1.54750066325355e-06,0.0697414528504942,0.0104803993448855,-0.100794735431427,0.183827972213835,49.7858480291147,-0.548310108725886,0.585929398890847,0.0184839932725817,0.107732357055456,19022.50750307,0.171573274527605,0.86377484470249,3.68266824511039,1.95803691139632,47.184148667218,1.88079612987694,0.0661791053502978,-1.46318183789461,2.08019305926483,46.7127986440209,-0.703387520392801,0.485305545976803,-0.119278728704009,0.213485738629267,-0.558719891407569,0.576352901787101,-0.0823107421588456,0.212654197353041,-0.387063802094611,0.698708974715527,-0.0369679865451634,0.215464714110912,-0.171573274527605,0.863773019686298,5.145850083005,2.84229643679439,1.8104551011606,0.0702252410608141,2.21948640721578,2.87116254952484,0.77302708186379,0.439506353268925,2.92636367578922,4.16038611852967,0.703387520392801,0.481814281613663
0,"",157192.511717153,0,0.677490424220947,0.0687170044468939,0.382948354548681,9.09333109006835e-06,0.0679055851464271,0.0163315940382012,-0.0832308814008093,0.188609621864439,49.9392162912134,-0.441286507963155,0.660910352517371,-0.0449377684429974,0.108050361579569,19021.4491982321,-0.415896511460584,0.677490424220947,3.75959595852362,2.01863365727193,47.6125824484879,1.86244589006036,0.0687170044468939,-1.82261628967221,2.06933519449463,46.7249616316277,-0.880773832350215,0.382948354548681,-0.0382931129578118,0.217777110592712,-0.175836261458294,0.860422580921576,-0.128168649843807,0.216956378787382,-0.590757693137073,0.554682785600046,0.0898755368859949,0.216100723159138,0.415896511460584,0.677485732357256,5.58221224819584,2.87608801283038,1.9409045284057,0.0522698586463858,1.93697966885141,2.90554258639308,0.666649897999247,0.504995788588454,3.64523257934443,4.13867038898926,0.880773832350215,0.378440245689156
0,"",157229.626879008,0,0.703267592493925,0.0693776752025919,0.424110019879011,7.6288393307751e-06,0.067435697307782,0.0137843218286769,-0.0480895522885776,0.186679775184204,49.8449525062104,-0.257604511474936,0.797772705737357,-0.0411975054883396,0.108152922894338,19019.6945034828,-0.380919020825617,0.703267592493925,3.81962421414349,2.05603474315423,47.7275687610795,1.85776248522127,0.0693776752025919,-1.6861185691135,2.09089767771523,46.5261546755688,-0.806408934824566,0.424110019879011,-0.00689204680023801,0.216159928796341,-0.0318840167954139,0.974564544909341,-0.0892870577769173,0.215331538724794,-0.414649234876044,0.678398700087441,0.0823950109766792,0.216305845788676,0.380919020825617,0.703263338065528,5.50574278325699,2.917355396507,1.88723759534033,0.0591283757535778,2.13350564503,2.94742284342372,0.723854620924265,0.469154991900081,3.37223713822699,4.18179535543046,0.806408934824566,0.420007096815234
0,"",157242.669555383,0,0.321220010557411,0.0767636437547409,0.503639813060035,5.17418502139159e-05,0.0640942438659037,0.00955372528299109,-0.0500753221631995,0.180091375243502,49.8662431055742,-0.278055082290824,0.78211975491525,-0.107312905747661,0.108180537490039,19016.9652623123,-0.991979779704296,0.321220010557411,3.86502959626968,2.13669266010394,47.7787321666091,1.80888420147503,0.0767636437547409,-1.48639972970268,2.20551274916733,47.0880020864041,-0.673947466530789,0.503639813060035,0.0572375835844612,0.210510472569492,0.271898983864408,0.785699692573316,-0.15738822791086,0.209659736706951,-0.750684086429278,0.452842802399837,0.214625811495322,0.216361074980077,0.991979779704296,0.32120738923611,5.35142932597236,3.0548824386979,1.75176277102609,0.079814608253026,2.378629866567,3.08661259420398,0.770627927532459,0.440927502717798,2.97279945940536,4.41102549833467,0.673947466530789,0.500344713110378
0,"",157136.01276516,0,0.154125007219055,0.122723063082552,0.578579158229387,0.000106778800772633,0.0487199116337926,0.00659283008910062,-0.0473778742546655,0.167933407391415,50.1825903825961,-0.282122985477441,0.779009498044236,-0.153766024906745,0.107893250248619,19019.574953108,-1.4251681597544,0.154125007219055,3.37085447173682,2.14565679906991,48.1904971777518,1.57101288202195,0.122723063082552,-1.22378914049267,2.18792540508536,47.1415192825355,-0.559337689323519,0.578579158229387,0.10638815065208,0.200049785960785,0.531808370307053,0.594858724900519,-0.201143899161411,0.199161363400758,-1.00995441950587,0.312517128259979,0.307532049813491,0.215786500497239,1.4251681597544,0.154108597835835,4.59464361222949,3.04857918806615,1.50714261588333,0.131774105360907,2.14706533124415,3.08024127128309,0.697044530654502,0.4857749261612,2.44757828098534,4.37585081017072,0.559337689323519,0.575931277986223
0,"",156979.699974022,0,0.502492969142389,0.185359954349709,0.725143984168602,2.36411200357466e-05,0.0364468896662762,0.0026630157570632,0.0204661733531757,0.165138574188529,50.2297177947166,0.123933329652045,0.901862683381628,-0.0720624449173545,0.10746203055616,19020.8352897676,-0.670585178266237,0.502492969142389,2.79170168274068,2.07744336597791,47.7413632382139,1.34381602331987,0.185359954349709,-0.766584679208329,2.1672778462705,46.85535960122,-0.353708538352609,0.725143984168602,0.0925286182705302,0.197470568042033,0.468569160396778,0.639377625312014,-0.0515962715641788,0.196578351172513,-0.262471789270931,0.792957732048704,0.144124889834709,0.21492406111232,0.670585178266237,0.502484827238216,3.55828636194901,2.98662516312648,1.19140707909395,0.233493815210766,2.02511700353235,3.01758157114944,0.671105968731427,0.502153024864391,1.53316935841666,4.334555692541,0.353708538352609,0.723557323076846
0,"",156993.213996596,0,0.977554294468722,0.206388277333044,0.817654178581816,4.16186097294517e-08,0.0338591484369378,0.00113806048451547,0.0133296384270049,0.165344223515086,49.7208610104183,0.0806175029500726,0.93606977535309,-0.00302461091365569,0.107501199053879,19020.6268902559,-0.0281356016516596,0.977554294468722,2.66368762735677,2.07886518403623,46.8466294633758,1.28131811904468,0.206388277333044,-0.498978043371133,2.15212272233158,47.1811939441378,-0.231853898568827,0.817654178581816,0.0163542493406606,0.197664192224145,0.0827375416692337,0.934060233258948,0.0103050275133492,0.196772221637184,0.0523703367660808,0.958233609502648,0.00604922182731138,0.215002398107757,0.0281356016516596,0.97755399929319,3.16266567072791,2.97674239873841,1.06245863668563,0.288027526352397,2.16470958398564,3.00759538872849,0.719747607041253,0.471680408658455,0.997956086742267,4.30424544466316,0.231853898568827,0.816651492451107
0,"",157046.708997324,0,0.840013500429044,0.233300921009329,0.937880347571956,2.1426791367828e-06,0.0303977064519894,0.000129719914421541,0.00468251429007885,0.158615621763965,49.4084389180799,0.0295211419783535,0.976567882305977,-0.0217338355927574,0.107657748457289,19020.5949807763,-0.201878972059125,0.840013500429044,2.52968934034196,2.09478642227808,46.5165715704101,1.20761205698046,0.233300921009329,-0.170487654975026,2.17598553178792,47.3163105756148,-0.0783496270928525,0.937880347571956,0.0264163498828363,0.192159422793148,0.137471009742116,0.890658506040875,-0.0170513213026786,0.191240604403795,-0.0891616158390483,0.928953469962228,0.0434676711855148,0.215315496914579,0.201878972059125,0.840011341477914,2.70017699531699,3.00481913450052,0.89861548214809,0.368857509256326,2.35920168536694,3.03597568303198,0.777081878011237,0.437110464956978,0.340975309950052,4.35197106357584,0.0783496270928525,0.937549942045546
0,"",157130.090346473,0,0.876783767696219,0.383572086163056,0.990609153082206,1.26393604671656e-06,0.0164242041095001,2.91616682058254e-06,0.0226168443371972,0.155513624054389,49.9080742528127,0.145433202233697,0.884954636278854,-0.0167279946194478,0.107887940143362,19020.2538428408,-0.155049717301299,0.876783767696219,1.86681856425023,2.12215810486845,46.3417306159559,0.879679303802836,0.383572086163056,-0.0267885198542273,2.26418539839082,48.0020555202779,-0.0118314162229234,0.990609153082206,0.0393448389566449,0.189739502450911,0.207362401863703,0.83572684337589,0.00588884971774939,0.188805484558833,0.0311900352445237,0.97511798677252,0.0334559892388955,0.215775880286725,0.155049717301299,0.876782122458625,1.89360708410446,3.087233179371,0.613367042294572,0.539633673065976,1.840030044396,3.11916212737988,0.58991163948943,0.555249890269943,0.0535770397084547,4.52837079678164,0.0118314162229234,0.990560115900098
0,"",157154.105175066,0,0.865679753852003,0.329193942386473,0.921187228566015,1.50423545978824e-06,0.0203117497245507,0.00020582018001639,0.0127250144043992,0.158658431750166,50.1039970179146,0.0802038332537967,0.936394644044897,0.0182607269883323,0.107955250562258,19020.9459735154,0.169150892552478,0.865679753852003,2.11090240292727,2.14087601858474,46.8914688083834,0.98599936876434,0.329193942386473,-0.219609952563095,2.20803409352076,48.0524059067401,-0.099459493495828,0.921187228566015,-0.00553571258393305,0.192364148561938,-0.02877725722447,0.97704223947248,0.0309857413927315,0.191441120261046,0.161855203053972,0.871419880356525,-0.0365214539766645,0.215910501124515,-0.169150892552478,0.865677955155401,2.33051235549037,3.05959515477784,0.761706120448994,0.446235421616127,1.89129245036418,3.09134385972551,0.611802677471186,0.540668318049025,0.43921990512619,4.41606818704153,0.099459493495828,0.920773447889635
0,"",157187.289429426,0,0.371928073855838,0.234530947179143,0.950621322741363,4.19118622524034e-05,0.0295784449608416,8.03988668090737e-05,0.0392466650865738,0.167463150340567,49.1706612496087,0.234360007003084,0.815678641747674,0.0964712612603332,0.108043993653657,19021.2693305973,0.892888702074261,0.371928073855838,2.59944963099288,2.15893433409683,47.5629785414246,1.20404293448802,0.234530947179143,-0.132196566273135,2.12364476688348,48.1938653764739,-0.062249849096531,0.950621322741363,-0.0572245961737594,0.199737767958457,-0.286498626467386,0.774496245322183,0.135717926346907,0.198845786035841,0.682528551660856,0.494904795206062,-0.192942522520666,0.216087987307313,-0.892888702074261,0.371916777964276,2.73164619726601,3.01267565753684,0.906717651610531,0.364556126526798,2.46725306471974,3.04393076337036,0.810548352285091,0.417625086957275,0.264393132546269,4.24728953376697,0.062249849096531,0.9503638655936
0,"",157187.603162375,0,0.261491020864243,0.247244894465051,0.71118136469789,6.62782341209863e-05,0.0278681129044601,0.00291651272166061,0.0534247034148219,0.175254333326048,49.2368994031229,0.3048409839626,0.761772147180377,0.121328116113865,0.108048199277479,19023.3994737707,1.12290734066082,0.261491020864243,2.45058202907996,2.09204933802523,47.8643616259237,1.17137869769035,0.247244894465051,-0.761591943085294,2.04455410304625,47.4367706656461,-0.372497818448812,0.71118136469789,-0.0679034126990426,0.2063164340083,-0.329122655814761,0.7420629804622,0.174752819528686,0.205451985854178,0.850577417405541,0.395004138407574,-0.242656232227729,0.216096398554958,-1.12290734066082,0.261476849564941,3.21217397216526,2.91021143853279,1.10375965458534,0.269697410477808,1.68899008599467,2.9401382976083,0.574459401235855,0.565656966111397,1.52318388617059,4.0891082060925,0.372497818448812,0.709522235952772
0,"",157171.470715942,0,0.417173943234132,0.202025428650743,0.643223600445003,3.459894002261e-05,0.0338929197052609,0.00452050783986348,0.0215991259949051,0.171221883738989,49.6544178072339,0.126146994316631,0.900124977126135,0.0876379116757116,0.108014716644374,19025.687483915,0.811351586138485,0.417173943234132,2.62178851569413,2.02670486703573,47.7013395273667,1.29362126589688,0.202025428650743,-0.946491956529562,2.03044725121806,47.8514963513178,-0.466149492906926,0.643223600445003,-0.0660387856808065,0.202883601446696,-0.325500854726088,0.744802035836887,0.109237037670617,0.202006111862494,0.540761052541691,0.588672291082659,-0.175275823351423,0.216029433288747,-0.811351586138485,0.417163793407355,3.5682804722237,2.8542590242503,1.25016000366713,0.211241104131688,1.67529655916457,2.88334922244538,0.581024506543728,0.561223937026595,1.89298391305913,4.06089450243613,0.466149492906926,0.641108498850176
0,"",157146.393402093,0,0.686414329218844,0.211544221137466,0.589243865197576,8.56703374094852e-06,0.0327527456841068,0.00610904793958387,0.0273743207676705,0.166679607199909,49.9117527982841,0.164233173017014,0.870210877412223,0.0435833409575162,0.107951163044973,19026.2057186687,0.403732018518033,0.686414329218844,2.49110320231691,1.96699427687327,47.3660359161067,1.26645167787512,0.211544221137466,-1.12623412217724,2.0718897162069,48.0716796382013,-0.543578219133734,0.589243865197576,-0.0162090201898457,0.199029601558151,-0.0814402483999843,0.935091841803355,0.0709576617251868,0.198137093502857,0.358124066880811,0.720250469125665,-0.0871666819150325,0.215902326089946,-0.403732018518033,0.686409791867009,3.61733732449415,2.84243369409762,1.27261977368395,0.20315299839623,1.36486908013967,2.87126412184785,0.475354764389032,0.634534131039898,2.25246824435448,4.1437794324138,0.543578219133734,0.586731751476093
0,"",157082.981513869,0,0.930141693437048,0.302524257569151,0.433491427553017,4.0397072616354e-07,0.0225979731518859,0.012748015366761,0.023524770097483,0.168665005381053,50.1224244846794,0.139476295301063,0.889632727342822,0.00944788693625847,0.107769269661646,19025.2084985059,0.087667727228005,0.930141693437048,2.023252144295,1.94081788084983,47.0039327470628,1.0424739818499,0.302524257569151,-1.6527571218793,2.09256919164288,48.3107586605506,-0.789821970274601,0.433491427553017,0.0140768831612245,0.200596189859132,0.0701752270125865,0.944054191684553,0.0329726570337415,0.199713213536784,0.16510002743343,0.8688652514185,-0.0188957738725169,0.215538539323291,-0.087667727228005,0.930140770772834,3.67600926617431,2.83965371359508,1.29452730400721,0.19548334434934,0.370495022415696,2.86838047053462,0.129165229725135,0.897226908352273,3.30551424375861,4.18513838328576,0.789821970274601,0.429631746343839
0,"",157081.396755378,0,0.846968530282972,0.304226435284868,0.600086251462316,1.95777314832904e-06,0.0224076993876014,0.00574641511834955,0.0536737686862728,0.172497430634724,50.3467238624389,0.311156916881452,0.756966060176479,-0.020796771193603,0.107760639641852,19024.2825869973,-0.192990420831968,0.846968530282972,2.03707058821582,1.96107554538486,47.0743152593489,1.03875171612323,0.304226435284868,-1.08880818873703,2.0630669185472,48.1921493532725,-0.527761934888551,0.600086251462316,0.0744705398798758,0.203824846612854,0.365365366967874,0.714838690048159,0.0328769974926698,0.202955339832318,0.161991290891054,0.871312712150848,0.041593542387206,0.215521279283703,0.192990420831968,0.846966470135232,3.12587877695285,2.83202532307561,1.10376088500441,0.269696876595518,0.948262399478789,2.86072672229964,0.331476051902124,0.740284927296377,2.17761637747406,4.1261338370944,0.527761934888551,0.597664580033152
0,"",157078.577243432,0,0.869236741395436,0.306104837144354,0.690017113429296,1.4247236344606e-06,0.022433835121847,0.00332444085810732,0.10385056821,0.170940895145529,50.4622481516867,0.60752325019468,0.546228049005274,0.0177391596244749,0.107751496591879,19023.4032517137,0.164630285291201,0.869236741395436,2.06692984274894,1.997456775014,46.6594192932928,1.03478076151833,0.306104837144354,-0.826612127084867,2.06016297491015,48.2653640764167,-0.401236279436057,0.690017113429296,0.0861114085855248,0.202504245672264,0.42523260833202,0.67066711543152,0.121589727834475,0.20162931281586,0.6030359680168,0.546484761831121,-0.0354783192489498,0.215502993183758,-0.164630285291201,0.869234992244201,2.89354196983381,2.85491091302222,1.01353144038064,0.31080638645951,1.24031771566407,2.88404122390555,0.430062408742008,0.66715024398358,1.65322425416974,4.12032594982031,0.401236279436057,0.688246172515062
0,"",156927.354936956,0,0.611309046523549,0.349723871834834,0.688228782532742,1.35768483320132e-05,0.0185749845418462,0.00333726834264327,0.142828583025009,0.166766287621277,50.2982129591916,0.856459570230222,0.395805681684618,0.0545428026685502,0.107322474956062,19023.4236189401,0.508214171271023,0.611309046523549,1.93225471477409,2.04576693051512,47.135173035892,0.944513612940037,0.349723871834834,-0.840559042066161,2.08232757291244,48.6626145628455,-0.403663214664404,0.688228782532742,0.0882857803564587,0.198757228835782,0.444189028361844,0.656905923958997,0.197371385693559,0.197873142747759,0.99746424882512,0.318539218839208,-0.1090856053371,0.214644949912124,-0.508214171271023,0.611303153647333,2.77281375684025,2.90410821284567,0.954790095140164,0.339683857317425,1.09169567270793,2.93405119210345,0.372077922718614,0.709834833299675,1.68111808413232,4.16465514582488,0.403663214664404,0.686460393432774
0,"",157103.135683958,0,0.925668947267559,0.426780312286658,0.703053692826752,4.57550166014059e-07,0.0132518907707173,0.00300764940939807,0.135347863710341,0.164064948256227,50.0316848182943,0.824965144285195,0.413307481185583,0.0100587408424825,0.107814702158345,19023.5842874096,0.0932965601269248,0.925668947267559,1.68600689512847,2.10344908712615,47.8391152307436,0.801543952476635,0.426780312286658,-0.813336004680156,2.12110076176842,48.7396057206669,-0.383449961142843,0.703053692826752,0.125289122867858,0.196769328636593,0.63673095667898,0.524300105640211,0.145406604552824,0.19586849109422,0.742368533808114,0.457864078864442,-0.0201174816849651,0.21562940431669,-0.0932965601269248,0.925667964786401,2.49934289980862,2.97179606609206,0.841021000170878,0.400336169875851,0.872670890448311,3.00259240473506,0.290639145383875,0.771327318103869,1.62667200936031,4.24220152353685,0.383449961142843,0.701386165242491
0,"",157176.076251216,0,0.899570815530123,0.387502227406737,0.70460291814855,8.37300179972711e-07,0.0157081486595129,0.00298790105053478,0.136559530826232,0.166043874267957,49.6183488860308,0.822430405387047,0.414766895656767,-0.0136324394557209,0.108018034196228,19022.7398323973,-0.126205217093248,0.899570815530123,1.82090883099151,2.08785344514731,47.6623301097377,0.872143988469956,0.387502227406737,-0.82056795969637,2.15170494762606,48.5286143791083,-0.381357100378326,0.70460291814855,0.150191970281953,0.198534783356661,0.756502048369722,0.449348244751466,0.122927091370511,0.197638223996739,0.621980348156435,0.533954790173961,0.0272648789114417,0.216036068392456,0.126205217093248,0.89956948174588,2.64147679068788,2.98266728751656,0.885608931892379,0.375828296806893,1.00034087129514,3.01357399645048,0.331945016937825,0.739930777167962,1.64113591939274,4.30340989525212,0.381357100378326,0.70293828902952
0,"",157123.008145076,0,0.995230308745492,0.255299993378885,0.623148739460669,1.87845105603532e-09,0.0270094374572224,0.0050998855175459,0.115048679891044,0.159501849746646,49.9035511066274,0.721299972845382,0.47409089136084,0.000644908109329114,0.107879602571156,19024.6692708341,0.00597803564305626,0.995230308745492,2.35971168469778,2.04943002820168,47.7578519249551,1.15139899983234,0.255299993378885,-1.06268688606703,2.14855944941295,47.7237922511826,-0.494604366826987,0.623148739460669,0.114403771781715,0.193017313943508,0.592712484928676,0.553373584605376,0.115693588000373,0.192098969193116,0.60226032698836,0.547000864676043,-0.00128981621865823,0.215759205142312,-0.00597803564305626,0.995230246065871,3.42239857076482,2.95396068195067,1.15857959507599,0.246627590204352,1.29702479863076,2.98446956523306,0.434591397325732,0.663859040426299,2.12537377213406,4.2971188988259,0.494604366826987,0.620879419118147
0,"",157243.092540396,0,0.848853134571472,0.195800146702265,0.656181530677284,1.90908031402665e-06,0.034490198121259,0.00424541801529647,0.0698877747926281,0.154689163026704,50.4825142788436,0.451794899042562,0.653351943151889,0.0206263098401789,0.108226561942408,19026.1239365854,0.190584542925377,0.848853134571472,2.70278097581582,2.06033812882949,48.173223207398,1.31181427844143,0.195800146702265,-0.961384688143314,2.14577133626931,47.0824850991358,-0.448036876946451,0.656181530677284,0.0492614649524492,0.189260242296737,0.26028427499957,0.794644501423677,0.090514084632807,0.188318911480851,0.480642564897211,0.630770558073303,-0.0412526196803577,0.216453123884816,-0.190584542925377,0.848851101174907,3.66416566395914,2.95946254471433,1.23811861397044,0.215672082915049,1.74139628767251,2.99002292830008,0.582402319122866,0.560295719804733,1.92276937628663,4.29154267253862,0.448036876946451,0.654126582670981
0,"",157361.136117739,0,0.959103133209056,0.176674021932202,0.704439674697541,1.38213560661111e-07,0.0380330641403914,0.00306439459110089,0.0191472108232547,0.151638693879954,50.8983369443273,0.126268634563766,0.900016761652937,-0.00556713850313527,0.108564048300055,19025.7277387901,-0.0512797614892597,0.959103133209056,2.80348614058339,2.04419967964547,47.5717386477441,1.37143458562209,0.176674021932202,-0.83931620844826,2.1992751582043,47.3821215680937,-0.381633105488064,0.704439674697541,0.02471434932639,0.186973534667679,0.132181002890685,0.894841126765092,0.0135800723201195,0.186015562423428,0.0730050332520409,0.941802112245089,0.0111342770062705,0.217128096600109,0.0512797614892597,0.959102594875508,3.64280234903166,2.98716363290496,1.21948537030397,0.222660025218704,1.96416993213513,3.0179430965087,0.650830671528359,0.515155798616389,1.67863241689652,4.39855031640861,0.381633105488063,0.702733524892228
0,"",157431.76961669,0,0.80893753093697,0.135190680386515,0.542004924984382,3.07290925687087e-06,0.0467532739640172,0.00784434469396106,-0.00381945788986856,0.147473953797328,50.9704175286887,-0.0258992031577155,0.979438870502863,0.0263014960504158,0.108773639506909,19026.6580963191,0.241800275964336,0.80893753093697,3.05691016605729,2.01110190919745,47.1075469734137,1.52001753470424,0.135190680386515,-1.3580168493166,2.21105556086005,47.7127169873808,-0.6141939050995,0.542004924984382,-0.0301209539402843,0.183737176193222,-0.163934999788004,0.869782313968865,0.0224820381605472,0.1827599340253,0.123014041783551,0.902095978685244,-0.0526029921008316,0.217547279013818,-0.241800275964336,0.808934925066552,4.41492701537389,2.97359119736533,1.48471216194264,0.137620088631178,1.69889331674069,3.00405568452501,0.565533230789399,0.57171112809985,2.71603369863321,4.42211112172011,0.6141939050995,0.53908720045947
0,"",157479.765402837,0,0.930548609616,0.0986282782910578,0.377683681662792,3.99241078196283e-07,0.0565667753228262,0.0164737736576371,-0.0314997166199599,0.150669615088511,50.6477198688338,-0.209064824393793,0.8352362360988,0.00949199342121565,0.108908371080798,19026.4138513441,0.0871557744094219,0.930548609616,3.37748407859937,2.00479049109903,47.3367435621015,1.68470675294745,0.0986282782910578,-1.95903935111468,2.19985469428877,47.3468596189447,-0.890531250177892,0.377683681662792,-0.0409917100411756,0.186392160490962,-0.219921856869958,0.825932013683766,-0.0220077231987443,0.185425712651447,-0.118687548150957,0.905522901948492,-0.0189839868424313,0.217816742161596,-0.0871557744094219,0.930547692438397,5.33652342971406,2.96114133053747,1.80218464234716,0.0715163601373817,1.41844472748468,2.99144333039317,0.474167340251188,0.635380581116342,3.91807870222937,4.39970938857755,0.890531250177891,0.373180696178842
0,"",157600.140205475,0,0.995590531550723,0.0736369924365157,0.337211398340598,1.60512427036867e-09,0.0655063894471927,0.0194113577820479,-0.113053900040594,0.154174237516771,50.5592686753491,-0.733286584461273,0.466770223365736,0.000603820549368996,0.1092581378189,19028.2797311695,0.00552654988839234,0.995590531550723,3.61145276007735,1.97444860992347,47.7270818213389,1.82909433141303,0.0736369924365157,-2.06546893551215,2.13045977970773,47.4811905612256,-0.969494451472588,0.337211398340598,-0.113657720589963,0.189441083512897,-0.599963421251364,0.548530613645634,-0.112450079491225,0.188483814330362,-0.596603373561455,0.55077221836245,-0.00120764109873799,0.2185162756378,-0.00552654988839234,0.995590473616069,5.67692169558951,2.89003175928085,1.96431118009656,0.0494940159424176,1.54598382456519,2.91930279394072,0.52957296097343,0.596408045581946,4.13093787102431,4.26091955941546,0.969494451472588,0.332298547258338
0,"",157581.58521202,0,0.649387528604194,0.0692792644886911,0.568362185578677,1.08644955777476e-05,0.0683364296149839,0.00690427001227855,-0.131724003271566,0.164580576724799,50.0229406436209,-0.800361779578804,0.427286076234723,-0.0496382920754139,0.109186235012387,19023.2008284409,-0.454620420511637,0.649387528604194,3.72394572731351,2.00320019102597,47.1156090841327,1.85899828883614,0.0692792644886911,-1.23832174014169,2.15558866146822,47.4688336809273,-0.574470334844977,0.568362185578677,-0.082085711196152,0.197963662100556,-0.414650397578806,0.678397848805011,-0.18136229534698,0.197046159034456,-0.92040512860373,0.357361089574765,0.0992765841508277,0.218372470024774,0.454620420511637,0.649382341152017,4.9622674674552,2.92768434223167,1.69494620573496,0.0900856260964368,2.48562398717182,2.95760229878956,0.840418601307248,0.400673723215532,2.47664348028338,4.31117732293645,0.574470334844977,0.565649569328544
0,"",157485.934674216,0,0.716276657483108,0.0972647632666089,0.699507726889071,6.94443312768042e-06,0.0570229594754596,0.00322143879023485,-0.132613238030898,0.169393815723288,49.6405868304377,-0.782869418606917,0.437422765492079,-0.0395801935032404,0.10890289320717,19021.1677018139,-0.363444829954568,0.716276657483108,3.44186965944563,2.03447850571077,47.3297263566254,1.69176997927691,0.0972647632666089,-0.836286054570928,2.15331887778943,46.670431766058,-0.388370743969629,0.699507726889071,-0.0930330445276575,0.201828243201372,-0.460951564815607,0.644833355319252,-0.172193431534138,0.200931754968255,-0.856974705473222,0.391458863997163,0.0791603870064808,0.21780578641434,0.363444829954568,0.716272618458027,4.27815571401656,2.94721681833719,1.45159178225316,0.146615145073484,2.6055836048747,2.97752967827315,0.875082328779956,0.381529111406335,1.67257210914186,4.30663775557887,0.388370743969629,0.697741691352589
0,"",157528.004379743,0,0.883383721346563,0.175857500109226,0.617836921009965,1.13107477909671e-06,0.0378074389746294,0.00533997122486551,-0.0997384320722366,0.176968826189754,49.8251843304814,-0.563593228364935,0.575558913804013,0.0159907066404758,0.109015338510753,19022.5303984773,0.146683089360848,0.883383721346563,2.82594951759575,2.05691744437452,48.0374351470225,1.37387600330021,0.175857500109226,-1.0616621870649,2.1138092444501,46.9869074848448,-0.502250706799744,0.617836921009965,-0.115729138712712,0.208287044568881,-0.555623317582005,0.578468387750755,-0.0837477254317608,0.207415346616271,-0.403768220616281,0.686383167718368,-0.0319814132809516,0.218030677021505,-0.146683089360848,0.883382166949549,3.88761170466065,2.93428848509423,1.32489076122173,0.185207385557265,1.76428733053086,2.96448121532811,0.595142017230014,0.551748544544013,2.1233243741298,4.2276184889002,0.502250706799744,0.615491178529975
0,"",157578.408186938,0,0.849435811402469,0.201236579457497,0.537601612266678,1.89450233625507e-06,0.034311249142127,0.00806661819355934,-0.0794857502424367,0.174476146155357,49.5997418938575,-0.455568007397761,0.650688857374687,-0.0207240774898442,0.10916548972391,19023.2060622961,-0.189840924474002,0.849435811402469,2.65966297799709,2.05206976128761,47.2791453742405,1.29608799280207,0.201236579457497,-1.29931079291177,2.09243228298787,47.4148381655469,-0.620957152819509,0.537601612266678,-0.0587616727525925,0.206253675045892,-0.284900003549114,0.775720753263614,-0.100209827732281,0.205371568085353,-0.487944016138754,0.625589495941369,0.0414481549796884,0.21833097944782,0.189840924474002,0.849433785895598,3.95897377090887,2.91575697065329,1.35778592343444,0.174531622850354,1.36035218508532,2.94565571923272,0.461816422130847,0.644212973225816,2.59862158582355,4.18486456597574,0.620957152819509,0.534627815263822
0,"",157630.436613625,0,0.48670096860996,0.214193519267301,0.565287127384632,2.54332833235207e-05,0.0324962644041987,0.00697263734776302,-0.104512121569011,0.16415457919835,49.3353428353541,-0.636668937774363,0.527283693189688,-0.0760395532058651,0.109318344203175,19023.0236474983,-0.695579079248957,0.48670096860996,2.63830484573979,2.09542473227462,47.1981558444713,1.25907879443413,0.214193519267301,-1.25006661003649,2.15887864522151,47.7500671833746,-0.57903514530722,0.565287127384632,-0.0284725683631456,0.197683905011045,-0.144030786732763,0.885476158798116,-0.180551674774876,0.196762613831506,-0.917611690854483,0.358822195122682,0.15207910641173,0.21863668840635,0.695579079248957,0.486692471630979,3.88837145577629,2.9930656974942,1.29912666435342,0.193900463714788,1.3882382357033,3.02401742014276,0.459070846105695,0.646183291574339,2.50013322007299,4.31775729044303,0.57903514530722,0.562565459091902
0,"",157634.263724479,0,0.387127647304392,0.197195817594514,0.658519454974337,3.93205472516645e-05,0.0348410956886395,0.00412005500635238,-0.127953792215003,0.158730872572885,49.6196936920849,-0.80610526573052,0.424028751381344,-0.0945486158604864,0.109322706814593,19021.8594204197,-0.864857984360349,0.387127647304392,2.79177197852558,2.13444659279174,47.3910487943236,1.30796056830548,0.197195817594514,-1.01083865523053,2.2729096556866,47.8083007444171,-0.44473331911874,0.658519454974337,-0.0334051763545163,0.193205846719146,-0.172899407144111,0.862730497666151,-0.222502408075489,0.192263852711776,-1.15727634153386,0.24715947622695,0.189097231720973,0.218645413629186,0.864857984360349,0.387116740904175,3.80261063375612,3.10191434168654,1.22589156723412,0.220239482593967,1.78093332329505,3.13402114505098,0.568258234666785,0.569859634059579,2.02167731046107,4.5458193113732,0.44473331911874,0.656512487588401
0,"",157696.938001695,0,0.433818153907246,0.2106991634904,0.783331831244709,3.22044722238979e-05,0.0327770030602497,0.00159990140672155,-0.0889036556832777,0.162038635412406,49.8558446633778,-0.548657148691779,0.585689537935738,-0.0857061356096154,0.109501837099851,19021.7664053444,-0.782691303447841,0.433818153907246,2.6451971405368,2.08482418020144,47.5044823994144,1.26878667546978,0.2106991634904,-0.633571355610203,2.29111202207675,47.7210306658504,-0.276534429353615,0.783331831244709,-0.00319752007366231,0.196034295171755,-0.0163110238994703,0.986986262911994,-0.174609791292893,0.195102277038551,-0.894965419898157,0.370805573539754,0.171412271219231,0.219003674199702,0.782691303447841,0.43380841034943,3.27876849614701,3.08176720748937,1.06392477932106,0.287362776685903,2.0116257849266,3.11353227042176,0.646091194890395,0.518220297408253,1.26714271122041,4.58222404415352,0.276534429353615,0.782137619402004
0,"",157715.448474808,0,0.636486520768302,0.228296865991948,0.806212170865098,1.17424712848108e-05,0.0303260855730147,0.00127401098326592,-0.0224873546589485,0.166776577800707,50.0388207052053,-0.13483520860957,0.89328307957267,-0.0517789613171833,0.109556235646203,19022.5116625586,-0.472624502035614,0.636486520768302,2.51597001641258,2.06148442622198,47.6277606534164,1.22046520672655,0.228296865991948,-0.551179965761586,2.2343667411097,47.7035950645281,-0.246682854528993,0.806212170865098,0.0292916066582348,0.199999024150535,0.146458747899628,0.883559253110617,-0.0742663159761317,0.199083855906493,-0.37304037355502,0.709118395494036,0.103557922634367,0.219112471292407,0.472624502035614,0.636481098522709,3.06714998217417,3.02445413567223,1.01411687682691,0.310526985867258,1.964790050651,3.05563458677262,0.643005567208944,0.520220487469647,1.10235993152317,4.46873348221941,0.246682854528993,0.805153676676941
0,"",157719.22514383,0,0.838232550453486,0.209061626723087,0.716917297887971,2.19112568025022e-06,0.0325555104421272,0.00279441296006573,0.079777108645987,0.164167847456493,50.1800137524016,0.485948435591989,0.629119088198395,-0.0223686030559093,0.109565385891366,19022.2874343921,-0.204157571060697,0.838232550453486,2.67154784504235,2.09831465737561,48.171063031439,1.27318742956487,0.209061626723087,-0.821946308884498,2.25344723492055,47.4773235571682,-0.36475063455989,0.716917297887971,0.102145711701896,0.197833821097236,0.516320774351779,0.605630389115909,0.0574085055900777,0.196908839512378,0.291548646227581,0.77063174458426,0.0447372061118187,0.219130771782733,0.204157571060697,0.838230366398484,3.49349415392685,3.06323782695488,1.14045802228803,0.254095531720063,1.84960153615785,3.09491061250071,0.597626803400102,0.550088975582757,1.643892617769,4.5068944698411,0.36475063455989,0.715297557790686
0,"",157712.592499538,0,0.638636897098575,0.193419302841167,0.598114885525756,1.15927461572101e-05,0.0346745811519729,0.00586254819319382,0.0774351582955572,0.156862708326044,50.2390762722574,0.493649249856159,0.623705202472279,-0.0514474070330717,0.109552767657852,19023.4338960103,-0.469613028798585,0.638636897098575,2.76411288128959,2.09583535254205,48.4238978273721,1.31885974627586,0.193419302841167,-1.21551295492769,2.29057475484606,47.7518556745154,-0.530658496238155,0.598114885525756,0.128882565328629,0.191806959413161,0.671938941751379,0.50162256798056,0.0259877512624855,0.190854726560366,0.136165091275671,0.891690771216397,0.102894814066143,0.219105535315705,0.469613028798585,0.638631514528151,3.97962583621729,3.08874610567939,1.28842763375721,0.197597144546384,1.5485999263619,3.12060323650041,0.496250182736649,0.619717909301531,2.43102590985539,4.58114950969213,0.530658496238155,0.595655451702887
0,"",157764.562917099,0,0.408941313492741,0.181488440460094,0.726543516781428,3.58394392930119e-05,0.0365582811220099,0.00256159906538002,0.0267711947906508,0.152230373579345,50.3435109082496,0.17585974573397,0.861109611963374,-0.0906000782591315,0.109715028467754,19026.0280940849,-0.825776372885503,0.408941313492741,2.76161261999279,2.03706617402797,48.4345113851789,1.35568134958137,0.181488440460094,-0.802987704927741,2.28269756488762,48.1832364783102,-0.351771394195741,0.726543516781428,0.117371273049782,0.188132666278836,0.623875031228355,0.532709659251855,-0.0638288834684807,0.187160487556508,-0.341038241040108,0.733074793384347,0.181200156518263,0.219430056935508,0.825776372885503,0.408930959277219,3.56460032492053,3.04383844393289,1.17108722771593,0.241563717210579,1.95862491506505,3.07501887270011,0.636947282650406,0.524159182729109,1.60597540985548,4.56539512977524,0.351771394195741,0.725009713218568
0,"",157765.367891595,0,0.523500250325649,0.12292450046071,0.962501648734586,2.13910389939816e-05,0.0488595957868946,4.65508698763804e-05,0.0441631169290303,0.15007152565191,50.4366678800652,0.294280455517367,0.769751373936388,-0.0700011310357616,0.109724632468723,19026.577530423,-0.6379709775352,0.523500250325649,3.09391929585863,1.97032534162054,47.9995136424852,1.57025808403498,0.12292450046071,0.108873543251266,2.30368162608711,47.9790648778391,0.0472606726634322,0.962501648734586,0.114164247964792,0.186395414511421,0.612484208713175,0.540217442692097,-0.0258380141067313,0.185414845718707,-0.139352455875783,0.889171640411276,0.140002262071523,0.219449264937445,0.6379709775352,0.523492572609096,2.98504575260737,3.0160900902315,0.989707092064433,0.322317307525744,3.2027928391099,3.04654928402846,1.05128541852271,0.293127522037819,-0.217747086502533,4.60736325217423,-0.0472606726634322,0.962305471706094
0,"",157758.209325517,0,0.447220735496231,0.127888069724198,0.876310340437603,3.03604493833573e-05,0.0482834497618748,0.000508893275985303,0.0185716822976738,0.148222928082082,50.3092044172298,0.125295610726225,0.900788877969678,-0.083388990555574,0.10971190665871,19027.7977637774,-0.760072384987153,0.447220735496231,3.01824847207588,1.94770508265269,47.3339680606711,1.54964347475294,0.127888069724198,-0.354601339345477,2.26612382466836,48.0912085742912,-0.156479242433883,0.876310340437603,0.101960672853248,0.184902236588182,0.551430175938523,0.58133881951249,-0.0648173082579001,0.183914764628942,-0.352431238398246,0.724514878050487,0.166777981111148,0.219423813317421,0.760072384987153,0.447211318314845,3.37284981142136,2.97313213826611,1.13444329231474,0.256608648046885,2.66364713273041,3.00303677031277,0.88698452148922,0.375087233984345,0.709202678690954,4.53224764933672,0.156479242433882,0.875655279825717
0,"",157791.083988433,0,0.439508101497183,0.233411001630313,0.659269084109389,3.14077854086066e-05,0.0298485162333537,0.00398771710657477,-4.27877316432054e-05,0.150848032274516,49.71999218866,-0.000283647926976862,0.999774816733285,-0.0848759896011056,0.109795030798336,19026.2577854731,-0.773040355141393,0.439508101497183,2.4865802884494,2.06006152489821,47.3545153453481,1.20704175986796,0.233411001630313,-0.994028957829888,2.24075706972491,49.1528693048524,-0.443612996366412,0.659269084109389,0.0848332018694624,0.187063297260077,0.453499981621287,0.650188756578058,-0.0849187773327488,0.186084599245585,-0.456345004782891,0.648141905912494,0.169751979202211,0.219590061596671,0.773040355141393,0.439498498106937,3.48060924627929,3.02820088427195,1.14939839835497,0.250391740188579,1.49255133061951,3.05936118630521,0.487863720472334,0.625646373405796,1.98805791565978,4.48151413944982,0.443612996366412,0.657322407852019
0,"",157763.866785241,0,0.631227788267746,0.270250365985878,0.622092486181789,1.21122212626894e-05,0.0254767298337848,0.00497566932292252,0.0148555469771057,0.154344445941742,49.2544307929606,0.0962493135821223,0.923713125589406,-0.0526562795542626,0.109698935543907,19022.4503085453,-0.480007206024227,0.631227788267746,2.40831684518743,2.15901884818129,47.5951731981204,1.11546818927317,0.270250365985878,-1.13163591899937,2.2814552628527,49.2007501010826,-0.496014950380569,0.622092486181789,0.0675118265313683,0.189838429627282,0.355627818160512,0.72211930796171,-0.037800732577157,0.188874295608764,-0.200136987700316,0.841373446511002,0.105312559108525,0.219397871087814,0.480007206024227,0.631222269089279,3.5399527641868,3.12486460447866,1.13283396634633,0.257283984573329,1.27668092618806,3.15721747905924,0.404369016279636,0.685941380750444,2.26327183799875,4.56291052570541,0.496014950380569,0.619883862972482
0,"",157770.288641618,0,0.765913738974389,0.279709923229284,0.485595227704276,4.66068097246309e-06,0.0247788599246412,0.00998091432569749,0.026447728891071,0.154276418890714,49.0750063538282,0.171430793385254,0.864589976683559,-0.0326624228054903,0.109705442461717,19019.0598762309,-0.297728372198929,0.765913738974389,2.45736072872498,2.2471036814193,47.0666611306944,1.09356802226984,0.279709923229284,-1.63461275145354,2.32632556023619,48.9735988299761,-0.70265863875372,0.485595227704276,0.0591101516965613,0.189787082029242,0.311455084637708,0.755454683216605,-0.00621469391441935,0.188822293593087,-0.0329129246137219,0.973744026029117,0.0653248456109806,0.219410884923434,0.297728372198929,0.765910487016262,4.09197348017853,3.21774670409795,1.2716891217594,0.203483597189397,0.82274797727144,3.25094406023536,0.253079709163582,0.800206618325319,3.26922550290709,4.65265112047238,0.70265863875372,0.482268509611165
0,"",157618.80618765,0,0.720513194880497,0.197039810167699,0.267714656636096,6.73024845185491e-06,0.0349964629325921,0.0254501703612566,0.0348271646703108,0.154058363191347,49.3477003673337,0.226064745521501,0.822084801076196,-0.0390955470012485,0.109273105868717,19019.2765639506,-0.357778308673854,0.720513194880497,2.93171369153832,2.24052306278149,47.2116333377412,1.30849520821212,0.197039810167699,-2.56724642321832,2.28949261718575,48.147082525314,-1.12131675112104,0.267714656636096,0.0739227116715593,0.189356289062586,0.390389524623216,0.696248532738961,-0.00426838233093767,0.188396862137435,-0.0226563345191168,0.981924406891631,0.078191094002497,0.218546211737434,0.357778308673854,0.720509224683405,5.49896011475665,3.18687891638836,1.72550017086577,0.0844373730253027,0.364467268319997,3.21982031335399,0.113194909296147,0.909876031522425,5.13449284643665,4.57898523437151,1.12131675112104,0.262153057725956
0,"",157568.31236166,0,0.383169096682131,0.118963359639412,0.248424815872072,3.99800767639769e-05,0.0501387831974631,0.0276799977984139,0.041005820280483,0.149965314536086,49.8785216073825,0.273435363419424,0.785647643079579,-0.0951799261383132,0.109139753650949,19022.3339363474,-0.872092184143261,0.383169096682131,3.55761823515783,2.24079344104115,47.7530814581038,1.58766005379989,0.118963359639412,-2.59091953694864,2.21750950649174,47.953470085225,-1.16839162554377,0.248424815872072,0.136185746418796,0.185961324913564,0.732333706925867,0.463964910686368,-0.0541741058578302,0.184987968306552,-0.292852050615832,0.769635240795743,0.190359852276626,0.218279507301897,0.872092184143261,0.38315808964611,6.14853777210648,3.13624925878136,1.9604748426455,0.0499403156122151,0.966698698209197,3.1687454773746,0.305073002900232,0.760310552265079,5.18183907389728,4.43501901298348,1.16839162554377,0.242648831389691
0,"",157568.287951684,0,0.346564534064944,0.107960071724328,0.411554722567396,4.65773110349134e-05,0.0530630108731773,0.0142515724330963,0.0153921750490286,0.154624305486806,50.2210254839473,0.0995456374117198,0.921101360798584,-0.102730692705458,0.109137362172499,19022.1186494481,-0.941297193376226,0.346564534064944,3.64187001287137,2.22325325068498,47.8850782948769,1.63808149690069,0.107960071724328,-1.81618867607295,2.19224119242951,47.4732066434646,-0.828462069933186,0.411554722567396,0.118122867754487,0.1897376962045,0.622558775179676,0.533574508842194,-0.0873385176564299,0.188782642150981,-0.462640614949016,0.643621991244432,0.205461385410917,0.218274724344999,0.941297193376226,0.346552580643169,5.45805868894432,3.10615256283447,1.75717662881429,0.0788877075681814,1.82568133679842,3.13837046591524,0.581729071384821,0.560749186473911,3.6323773521459,4.38448238485903,0.828462069933186,0.407408867205435
0,"",157578.720525576,0,0.378989276295528,0.128250373185118,0.500326177810896,4.06909529819179e-05,0.0475429327917397,0.00979883404132912,0.00039862886574374,0.154305653465608,50.2844889967608,0.00258337174815559,0.997948991643831,-0.0960411085485178,0.109164836797961,19020.996052025,-0.879780626853933,0.378989276295528,3.38959693536714,2.19000474469288,47.9916238628541,1.5477578044437,0.128250373185118,-1.5351903157075,2.26006481019275,46.6263789265169,-0.679268270884928,0.500326177810896,0.0964397374142616,0.189494169404745,0.508932479121686,0.610799553066067,-0.0956424796827741,0.188537403002041,-0.507286502093905,0.611953808029068,0.192082217097036,0.218329673595923,0.879780626853933,0.378978161587497,4.92478725107465,3.13079906157789,1.57301288080513,0.115715835681873,1.85440661965964,3.16324591078862,0.586235364545947,0.557717359576064,3.07038063141501,4.52012962038551,0.679268270884928,0.496967896649828
0,"",157561.594492272,0,0.497453871681649,0.186724537777803,0.440141376941751,2.41993363113851e-05,0.0356718735507374,0.0126993141336331,0.00416324900878667,0.152516407032773,50.24626640101,0.0272970566890686,0.978330934043312,-0.0740417563010051,0.109123343642359,19024.1004003149,-0.678514365759078,0.497453871681649,2.92349933633727,2.18289229930069,48.4886726484758,1.33927786417765,0.186724537777803,-1.71844416554484,2.20725857921293,47.1230722787935,-0.778542297548845,0.440141376941751,0.0782050053097918,0.188015278481434,0.415950267134883,0.677446395507037,-0.0698785072922184,0.187052324608113,-0.373577326230073,0.708718805562323,0.14808351260201,0.218246687284718,0.678514365759078,0.497445618402609,4.64194350188211,3.08828664877107,1.50308051998,0.132818281482546,1.20505517079244,3.12033716555327,0.386193897279933,0.699353073099177,3.43688833108968,4.41451715842587,0.778542297548845,0.436249381165698
0,"",157637.979231962,0,0.523774126886091,0.146184990105877,0.402756325932378,2.1363773577962e-05,0.0431924334898762,0.0144971849046906,-0.0175042463186482,0.15319699464993,50.0755926027286,-0.114259723949853,0.909488811403053,-0.0697127179820393,0.109344655024717,19025.7448709862,-0.637550303362161,0.523774126886091,3.15799500364488,2.13822876764212,48.3205054581809,1.47692101585897,0.146184990105877,-1.87744639331784,2.22416579144791,48.4367469888579,-0.844112610910916,0.402756325932378,0.0522084716633911,0.188697885443825,0.276677566050063,0.782027699350123,-0.0872169643006875,0.187734529411932,-0.464576040294184,0.642235093654344,0.139425435964079,0.218689310049434,0.637550303362161,0.523766454764469,5.03544139696272,3.06932616205899,1.6405690145308,0.100886911392498,1.28054861032704,3.10114629969939,0.412927506983845,0.679659727142612,3.75489278663568,4.44833158289582,0.844112610910916,0.3986064813471
0,"",157624.329643867,0,0.446334808552128,0.110852733066779,0.380479314850713,3.04789211553646e-05,0.0523074800149753,0.0156485773021611,-0.00854856238935911,0.15444233078373,50.3535893676517,-0.0553511614722384,0.956077747633449,-0.0832518357458233,0.109318153179387,19027.8727188275,-0.761555453733381,0.446334808552128,3.26796680817643,2.0117232454992,47.8104091510589,1.62446142404916,0.110852733066779,-1.9422580962631,2.19475007268563,49.2627952215009,-0.884956387715907,0.380479314850713,0.0747032733564642,0.189694696326028,0.393807917687229,0.693722858359397,-0.0918003981351824,0.188737135960844,-0.486392874766455,0.626688641433896,0.166503671491647,0.218636306358774,0.761555453733381,0.44632537019265,5.21022490443953,2.96204471490276,1.75899603345812,0.0785781822879524,1.32570871191333,2.99235821769178,0.443031420528234,0.657743008047244,3.88451619252621,4.38950014537127,0.884956387715907,0.376180153788209
0,"",157612.332055257,0,0.675105510027657,0.11989304415039,0.495327316556975,9.23512206269429e-06,0.0509714083689156,0.00953269380936061,-0.0218031438515605,0.155369193854281,50.3546439797234,-0.140331189926939,0.888958166518038,-0.0458044893593934,0.109277423378469,19024.2939738091,-0.419157845630704,0.675105510027657,3.20025558192033,2.02010533212998,46.7276521988524,1.58420233391791,0.11989304415039,-1.54045685682831,2.24233850760376,49.0366993369701,-0.686986755837547,0.495327316556975,0.024001345507833,0.190426588356854,0.126039886104849,0.899700351770489,-0.0676076332109539,0.189472947317294,-0.356819451896409,0.721226973081396,0.0916089787187869,0.218554846756938,0.419157845630704,0.675100777550247,4.74071243874865,3.00267446340371,1.57882997192269,0.114375061899526,1.65979872509202,3.03344047872849,0.547167065492494,0.584263960489313,3.08091371365663,4.48467701520752,0.686986755837547,0.492091074451812
0,"",157742.17780975,0,0.91255101537473,0.205984590463497,0.597711739169798,6.34061230952645e-07,0.033817640586915,0.00574104669246546,-0.0524865324510819,0.160112029833047,50.4803347462434,-0.32781129878755,0.744410092989945,-0.0120406745423024,0.109637228196042,19021.9075114394,-0.109822865284158,0.91255101537473,2.66350274341415,2.0769274066091,46.987188780125,1.28242457340515,0.205984590463497,-1.20675753937978,2.27191248718597,48.8613290643748,-0.531163742523589,0.597711739169798,-0.0404458579087795,0.194521943801858,-0.207924397208256,0.835287999238367,-0.0645272069933844,0.193580942210451,-0.333334502129005,0.738881798195933,0.0240813490846049,0.219274456392085,0.109822865284158,0.912549856854593,3.87026028279393,3.06235933654643,1.26381650794731,0.206295894637281,1.45674520403438,3.09392677634395,0.470840232927488,0.637754831191608,2.41351507875955,4.54382497437195,0.531163742523589,0.595305315813089
0,"",157909.719660907,0,0.962912435265429,0.163235134510268,0.485866754872253,1.13649640078307e-07,0.0407273224096285,0.0100125042848875,-0.116058880117716,0.17018249694992,50.3561429609336,-0.681967195203797,0.498384606476502,-0.00512076146536365,0.11012453577049,19025.3562095351,-0.0464997325939769,0.962912435265429,2.8743055932638,2.02938879669289,47.2488866271992,1.41634052476676,0.163235134510268,-1.50390874538389,2.14157968725358,48.7597517625531,-0.702242720331619,0.485866754872253,-0.110938118652352,0.203160032548502,-0.546062713520521,0.585022829122967,-0.121179641583079,0.202249826868759,-0.59915819686567,0.549067396168293,0.0102415229307273,0.220249071540981,0.0464997325939769,0.962911947216483,4.37821433864769,2.93535365143581,1.49154577558521,0.135818262416682,1.3703968478799,2.96534379642598,0.462137594140549,0.643982652199732,3.00781749076779,4.28315937450717,0.702242720331619,0.482527807954989
0,"",157996.846451187,0,0.819379688430797,0.143698893404024,0.347877458417732,2.74050245303124e-06,0.0448926587788823,0.0182077043212494,-0.134124332091527,0.174934940753342,50.2421447286869,-0.76670979230297,0.446841862805829,-0.0252040195037422,0.110376424376065,19026.3545998728,-0.228346040798254,0.819379688430797,3.00658744050643,2.02197401123074,47.0406587868325,1.48695652061144,0.143698893404024,-1.98140905891768,2.09028399463955,48.4509309081131,-0.947913806927159,0.347877458417732,-0.108920312587785,0.207293628988889,-0.525439749977184,0.599277526767668,-0.159328351595269,0.206397016668017,-0.771950845837778,0.440143540857612,0.0504080390074845,0.220752848752129,0.228346040798254,0.819377234474329,4.98799649942412,2.89351373839586,1.72385443802642,0.0847341242103763,1.02517838158875,2.92282575710425,0.350749058200592,0.725776617666804,3.96281811783537,4.1805679892791,0.94791380692716,0.343173335458997
0,"",158029.086086796,0,0.589084035523824,0.198788854465557,0.399482700298481,1.533723021236e-05,0.0347461933630317,0.014871721358691,-0.104198070342215,0.170338573722018,49.9026050606265,-0.611711534653682,0.543505601234104,-0.0596709747755353,0.110466409483695,19024.4535478892,-0.540173026845256,0.589084035523824,2.7058225957784,2.07609927469356,47.1885568545327,1.30332042824773,0.198788854465557,-1.82056929495469,2.14151038475177,47.8746491514554,-0.850133302139327,0.399482700298481,-0.0445270955666796,0.20347905165024,-0.21882889273151,0.826783339143966,-0.16386904511775,0.202564533379515,-0.808972046506943,0.418531225394386,0.119341949551071,0.220932818967391,0.540173026845256,0.589077712464426,4.5263918907331,2.96737612439782,1.52538529022897,0.127163025529845,0.885253300823719,2.99786403779749,0.295294679699387,0.767768780399991,3.64113858990938,4.28302076950355,0.850133302139327,0.395250978484097
0,"",158094.999025105,0,0.417688515366369,0.105625928720696,0.39203425664571,3.45245135031674e-05,0.0541598171668366,0.015277797519072,-0.0809011730146965,0.178252531844102,49.8158769813119,-0.453857076686304,0.651902869432579,-0.0896752240530564,0.110647918105741,19024.6153855357,-0.810455592732964,0.417688515366369,3.37416857821129,2.04547932098271,47.5208212915559,1.64957354669821,0.105625928720696,-1.87919286818149,2.17571686251695,48.0829313031189,-0.863712048454488,0.39203425664571,0.00877405103835993,0.210246314350535,0.041732246605433,0.966712147271588,-0.170576397067753,0.209356970464206,-0.814763399993489,0.415207754795535,0.179350448106113,0.221295836211481,0.810455592732964,0.417678377698612,5.25336144639278,2.97099310363547,1.76821731425915,0.0770245807359523,1.4949757100298,3.00144282220526,0.498085686980168,0.618423648399996,3.75838573636298,4.35143372503391,0.863712048454488,0.38774609327376
0,"",158259.747653119,0,0.217469973753026,0.119800603503202,0.487601915735069,7.99486285870088e-05,0.0499973707892006,0.0099595998479383,-0.0889787227054422,0.179572821360718,50.1715099088615,-0.495502170268326,0.622409146213378,-0.137047040787201,0.111120021733063,19024.3115016925,-1.23332445989275,0.217469973753026,3.30155786268381,2.08428912813167,47.6759702663237,1.58402105452773,0.119800603503202,-1.54821420427072,2.21346820542003,48.6324944830841,-0.699451747479215,0.487601915735069,0.0480683180817586,0.211618316878543,0.227146301845634,0.820309981202008,-0.226025763492643,0.210726843957532,-1.072600714972,0.28345030383133,0.274094081574402,0.222240043466126,1.23332445989275,0.217454735673849,4.84977206695454,3.02471988646604,1.60337890746664,0.108851024916038,1.75334365841309,3.0558918404491,0.573758414877477,0.566131292913996,3.09642840854145,4.42693641084007,0.699451747479215,0.484269758149863
0,"",158290.167073987,0,0.0923103228534219,0.312885747431072,0.57360425298198,0.000148935430168928,0.021212903644047,0.00658576132195142,-0.139328264087895,0.16327705361312,50.4654762573448,-0.85332421797633,0.397511734936018,-0.187235539011882,0.111223341601659,19024.8824459029,-1.6834194721685,0.0923103228534219,2.15656877569956,2.11447427001769,47.9965401512463,1.0199077880865,0.312885747431072,-1.27816535574452,2.25585964194286,48.4255239045313,-0.566597908832528,0.57360425298198,0.0479072749239875,0.198035270017041,0.24191284168656,0.808847699402692,-0.326563803099777,0.197083961134638,-1.65697807786948,0.0975239073061811,0.374471078023764,0.222446683203318,1.6834194721685,0.0922939163412544,3.43473413144408,3.07597918330247,1.11663113654639,0.264152072848998,0.87840341995504,3.10775809697549,0.282648582207835,0.777446234954365,2.55633071148904,4.51171928388572,0.566597908832528,0.570987396050635
0,"",158280.221557922,0,0.126479232383377,0.567740518599206,0.473506844020009,0.000122742926723574,0.00678143371040204,0.0107257251135615,-0.109836811032127,0.159794081331163,50.3645797927848,-0.687364701603042,0.495006200218806,-0.169925771382455,0.111193328888148,19024.4123786362,-1.52820113474061,0.126479232383377,1.26616947264413,2.20083541260467,48.4765667700885,0.575313113099005,0.567740518599206,-1.60887608999416,2.22694139188473,48.1412844566341,-0.722460005394445,0.473506844020009,0.0600889603503275,0.195155865088426,0.307902405716072,0.758156595171912,-0.279762582414582,0.194191652644971,-1.44065194669338,0.149683036921999,0.33985154276491,0.222386657776297,1.52820113474061,0.126462607158409,2.87504556263828,3.11476018088334,0.923039141274409,0.355986807907786,-0.34270661735003,3.14708721965441,-0.108896447232137,0.913284624586051,3.21775217998831,4.45388278376946,0.722460005394445,0.470011706130279
0,"",158308.304699817,0,0.0688704898768094,0.678965569789216,0.346256520073955,0.000173962893065101,0.00356382748976216,0.0184329885150599,-0.122392757899191,0.157693384441263,50.2128582607007,-0.776143896795997,0.44130464299506,-0.202451521167348,0.111275529194288,19024.3826529379,-1.81937145240501,0.0688704898768094,0.939136647591839,2.25544796516929,48.4757752943435,0.416385863072371,0.678965569789216,-2.093446479053,2.20087552536439,48.1789093366074,-0.9511880408168,0.346256520073955,0.0800587632681564,0.193487284144484,0.413767569389076,0.679044336836659,-0.324844279066539,0.192513803823023,-1.68738174933766,0.0915299708625282,0.404903042334695,0.222551058388575,1.81937145240501,0.0688547789988556,3.03258312664484,3.13503688455617,0.96731975996326,0.33338420855744,-1.15430983146116,3.16754493826701,-0.364417823253582,0.715546028133853,4.18689295810601,4.40175105072879,0.9511880408168,0.341508928232695
0,"",158284.822101701,0,0.0391771945787341,0.586464193505504,0.435644841099684,0.000223486281168355,0.00613388872040892,0.0126198953428446,-0.135122402365998,0.152295680425128,50.051492913344,-0.887237261022827,0.37919480501503,-0.229403316215944,0.11122783282766,19029.3736547379,-2.06246323769869,0.0391771945787341,1.19115085062699,2.17516721536672,48.5892529854049,0.547613462639546,0.586464193505504,-1.67303579608831,2.1282735455455,48.348632125894,-0.786099982114608,0.435644841099684,0.0942809138499457,0.189084466332269,0.498617975758359,0.618048539072756,-0.364525718581942,0.188091134121793,-1.9380271179922,0.0526199141651722,0.458806632431888,0.22245566565532,2.06246323769869,0.0391636540702676,2.8641866467153,3.0275246438802,0.946048995011462,0.344123596971477,-0.481884945461323,3.05874090593631,-0.1575435645844,0.874816476966249,3.34607159217662,4.256547091091,0.786099982114608,0.431808914792236
0,"",158142.737657082,0,0.0389387373619838,0.382224232009774,0.520695826985991,0.000224049149619921,0.0156234526135381,0.00865837638209735,-0.0486840495965359,0.160506469473761,49.4673600706772,-0.303315185712776,0.762921698140017,-0.228809718748656,0.110804998239362,19027.8455734182,-2.06497651174886,0.0389387373619838,1.89037535986192,2.14391725206661,48.9851340915547,0.881738956127951,0.382224232009774,-1.37602844849532,2.12666719052297,47.9338865988527,-0.647035161226587,0.520695826985991,0.18012566915212,0.19551581843586,0.921284377873554,0.356901975111822,-0.277493768345192,0.194560308122876,-1.42626094203108,0.15379303432028,0.457619437497312,0.221609996478724,2.06497651174886,0.038925222767769,3.26640380835724,3.00425790237299,1.08725812313823,0.276922750153218,0.514346911366598,3.03523038696256,0.169458935827708,0.865435669640678,2.75205689699065,4.25333438104594,0.647035161226587,0.517609187296338
0,"",158046.142432797,0,0.109029963436951,0.291753370874047,0.542722016253505,0.000134996336630716,0.0226632114370364,0.00774795811218702,-0.00284656954811247,0.165715804404736,49.6728119124698,-0.0171774174366625,0.986363889360064,-0.177097608710977,0.110503425907773,19023.6257575646,-1.60264360363618,0.109029963436951,2.35641991901059,2.21100477584531,48.9833862821825,1.06576880554665,0.291753370874047,-1.35450485834229,2.20941228792529,48.1329346446773,-0.613061159180127,0.542722016253505,0.174251039162864,0.199645847985119,0.872800716475972,0.382771709031611,-0.179944178259089,0.198713374778925,-0.905546385386905,0.365175997720684,0.354195217421954,0.221006851815547,1.60264360363618,0.109013361186684,3.71092477735289,3.10952193627692,1.19340684947733,0.232710073764487,1.0019150606683,3.1418088550236,0.318897522701385,0.749804222924882,2.70900971668459,4.41882457585058,0.613061159180127,0.539835901097227
0,"",158077.495186328,0,0.289605643762642,0.344821405866894,0.51737266041055,5.89510300398776e-05,0.0184168840619786,0.00864245034261654,-0.0514230809075809,0.160816324894465,49.9687704667518,-0.319762816003456,0.750481298705191,-0.117119878862502,0.110593047793066,19023.4190529566,-1.05901664887334,0.289605643762642,2.16869450012357,2.27330036359535,48.5058409943682,0.953985023208137,0.344821405866894,-1.45708711864518,2.23432031128317,48.7835719167699,-0.652138868042775,0.51737266041055,0.0656967979549208,0.195649038204278,0.335789015667568,0.737029973954879,-0.168542959770083,0.194696890050109,-0.865668474348537,0.386671993094849,0.234239757725003,0.221186095586132,1.05901664887334,0.289592197531377,3.62578161876876,3.17101089723742,1.1434150610859,0.25286630217503,0.711607381478389,3.20388100320098,0.222107931214495,0.824229863842136,2.91417423729037,4.46864062256634,0.652138868042775,0.514311592089479
0,"",158058.228281198,0,0.226272783670528,0.408716646576561,0.439768465402377,7.69657356827993e-05,0.0143293847483913,0.0122965339473283,-0.128714731414769,0.15359039137752,49.9531430636281,-0.838038957127154,0.406000906542531,-0.133762261180526,0.110542288848023,19023.0191869002,-1.21005510718551,0.226272783670528,1.91792724040089,2.30108656345795,47.7862122592875,0.833487653553863,0.408716646576561,-1.75501220197383,2.25301644995999,48.7388659682597,-0.778961113224448,0.439768465402377,0.00504752976575762,0.189723267956944,0.0266046954604594,0.978775028150689,-0.262476992595295,0.18874398928246,-1.39065086837013,0.164331323015939,0.267524522361053,0.221084577696047,1.21005510718551,0.226257747846671,3.67293944237472,3.20380435041532,1.14643063079011,0.251617014695384,0.162915038427064,3.23694341576957,0.0503299000017681,0.959859497200295,3.51002440394765,4.50603289991998,0.778961113224449,0.43600262209378
0,"",158057.155560871,0,0.177402289991678,0.463809551602252,0.389980988531154,9.56357837028392e-05,0.0114489101854756,0.0152222077655588,-0.197906656408356,0.151991630953401,50.1964188970074,-1.30208916877162,0.198829286933201,-0.149102571250232,0.110540789340027,19022.3069654927,-1.34884663064589,0.177402289991678,1.69789269527722,2.2987740337793,47.1045527857892,0.738607914622123,0.463809551602252,-1.96130237899656,2.26113656609701,48.6738976650543,-0.867396692620824,0.389980988531154,-0.0488040851581244,0.188430209435697,-0.259003507475159,0.795632534242018,-0.347009227658588,0.187444658893235,-1.85126228566607,0.0641318289858574,0.298205142500464,0.221081578680054,1.34884663064589,0.177386233396312,3.65919507427378,3.20782237683843,1.14071000336378,0.253990622365077,-0.263409683719343,3.24099936076708,-0.0812742164987653,0.935223878394853,3.92260475799312,4.52227313219403,0.867396692620825,0.385724693397304
0,"",158164.390073498,0,0.161037231528175,0.608401082902489,0.24618637738772,0.00010325088205322,0.00563362640258238,0.0273696523416992,-0.151955693830769,0.151893289377546,50.5530860478102,-1.00041084404372,0.321876394052796,-0.155397271956487,0.110867685504131,19025.5931007995,-1.40164621683833,0.161037231528175,1.12552121013587,2.18200916981022,46.962651674427,0.515818735186049,0.608401082902489,-2.60674358687821,2.22092742251118,48.9560567727768,-1.17371849275957,0.24618637738772,0.00344157812571805,0.18854553669157,0.0182532993679289,0.98543678295768,-0.307352965787255,0.187555353662954,-1.63873203182237,0.101269079902851,0.310794543912974,0.221735371008262,1.40164621683833,0.161020918575744,3.73226479701409,3.09736433816033,1.20498087713855,0.228210684247786,-1.48122237674235,3.12948868396879,-0.47331130619839,0.635991096997849,5.21348717375644,4.44185484502236,1.17371849275957,0.24050780055473
0,"",158189.231980321,0,0.0698885897211055,0.727673219279458,0.123843288594549,0.000172681682856371,0.0025872349742688,0.04777923163449,-0.144080174949158,0.150333095161761,50.5317902169821,-0.958406229806715,0.342421249579927,-0.20111016576671,0.110943001172682,19025.9764287578,-1.81273413952164,0.0698885897211055,0.764263664806136,2.18177890405951,47.3046678429564,0.350293819132688,0.727673219279458,-3.46496286004595,2.21286589753221,48.8636004235068,-1.56582595624528,0.123843288594549,0.057029990817552,0.187335913826592,0.304426362530474,0.76080308589591,-0.345190340715867,0.186338491490591,-1.85249079755107,0.0639553777941742,0.402220331533419,0.221886002345363,1.81273413952164,0.0698728362771586,4.22922652485209,3.09149222252892,1.36802107863382,0.171305478268756,-2.70069919523982,3.12354688957339,-0.864625789436662,0.387244212885804,6.92992572009191,4.42573179506443,1.56582595624528,0.117389367881177
0,"",158183.854918456,0,0.0269014011045525,0.534134671097296,0.14726049621203,0.000257342862670462,0.00818040421097421,0.0426337106068175,-0.130112996309842,0.142980828769428,50.3695191048127,-0.910003092230384,0.367155081188628,-0.24552253751175,0.110939700382284,19027.6364901459,-2.21311700559594,0.0269014011045525,1.33809980924321,2.13662828114122,47.5528984680438,0.626267011933634,0.534134671097296,-3.2885432512056,2.23297502200672,48.7039723531137,-1.47271833262616,0.14726049621203,0.115409541201907,0.181485579668584,0.635915764837404,0.524831326780782,-0.375635533821592,0.180458453405111,-2.08156241358408,0.037382457601416,0.4910450750235,0.221879400764567,2.21311700559594,0.0268895799814712,4.62664306044882,3.07458840844761,1.50480078820854,0.13237530106632,-1.95044344196239,3.10638404579931,-0.627882262207705,0.530081071635031,6.57708650241121,4.46595004401345,1.47271833262616,0.140827001214236
0,"",158327.928810865,0,0.0541375822475383,0.462536366774358,0.256828743944419,0.000194880834609807,0.0113977417018946,0.026305723834287,-0.111621976408266,0.145765416772784,49.817295082714,-0.76576446512179,0.447429585942025,-0.214466990781113,0.111362062957066,19027.9765025478,-1.92585324917874,0.0541375822475383,1.55630507652517,2.10122809042629,47.582346972029,0.740664511204696,0.462536366774358,-2.54250614829544,2.21593198969224,48.7285546649962,-1.14737553323943,0.256828743944419,0.102845014372847,0.183946886534159,0.559101685875767,0.576092324258686,-0.326088967189379,0.182925324983675,-1.78263434665747,0.074645844962684,0.428933981562226,0.222724125914132,1.92585324917874,0.0541227003438142,4.09881122482061,3.03808747521175,1.34914193823038,0.177291379921261,-0.986201071770269,3.06937332933572,-0.32130372097281,0.747980236866822,5.08501229659088,4.43186397938449,1.14737553323943,0.251226448678133
0,"",158356.611460112,0,0.277021812024618,0.496170585978604,0.344081532852034,6.21128356781916e-05,0.0097377362200417,0.018360323193764,-0.114254055449279,0.15165079067699,50.120771832573,-0.7534023063067,0.454732849795401,-0.121126581037035,0.111425323839403,19024.0410686368,-1.08706510210923,0.277021812024618,1.49527081898427,2.18043279159992,47.8240696090175,0.685767901099626,0.496170585978604,-2.17580917894657,2.27736756213931,48.8030686181893,-0.95540536148792,0.344081532852034,0.006872525587756,0.188683886135931,0.0364234897239976,0.97094468451282,-0.235380636486314,0.187684632626082,-1.2541284451096,0.209795322821541,0.24225316207407,0.222850647678806,1.08706510210923,0.277008039333483,3.67107999793085,3.13659291992904,1.17040371245048,0.2418385423852,-0.680538359962293,3.16909532803734,-0.214742154942924,0.82996835430003,4.35161835789314,4.55473512427862,0.95540536148792,0.339372743732453
0,"",158350.318297882,0,0.55033720079498,0.420182135755026,0.333246494424471,1.87512752110036e-05,0.0136342644902196,0.0192259526978403,-0.0577112995727515,0.15023190800718,50.507355457414,-0.384148083707978,0.70248127774971,-0.0665369813978769,0.111402674975325,19023.7442391636,-0.597265563081088,0.55033720079498,1.82369893451884,2.24285913651936,47.8309001973337,0.813113451854578,0.420182135755026,-2.22881406468045,2.2805748812266,48.7236822078807,-0.977303610167665,0.333246494424471,0.00882568182512538,0.187531607736981,0.0470623695473441,0.962463518837819,-0.124248280970628,0.186526835736455,-0.666114773673529,0.50533774218197,0.133073962795754,0.22280534995065,0.597265563081088,0.550330092298372,4.05251299919929,3.18212228471209,1.27352522518347,0.202831727208539,-0.405115130161613,3.21511672500999,-0.126003241813983,0.899729358433766,4.4576281293609,4.56114976245321,0.977303610167665,0.328418866335338
0,"",158321.41627415,0,0.304092773065722,0.336773565606048,0.4065178268191,5.55211806286486e-05,0.0192991965572938,0.0142449685129681,-0.00279170985077916,0.153209746275323,50.3998642734251,-0.0182214899420456,0.985534104107093,-0.114397065734109,0.111311084438082,19022.6114198649,-1.02772393523615,0.304092773065722,2.17396478058597,2.24049154284901,47.8427011973198,0.970307068341602,0.336773565606048,-1.93932069277836,2.31610121950158,48.5167500313713,-0.837321217418853,0.4065178268191,0.11160535588333,0.18987151434899,0.587794099952221,0.556670504725546,-0.117188775584888,0.188879791888605,-0.620441045667828,0.534967456324764,0.228794131468218,0.222622168876164,1.02772393523615,0.30407970549265,4.11328547336433,3.20580073331939,1.28307584143114,0.199465506675882,0.234644087807616,3.2389961536498,0.0724434598488829,0.942248999670781,3.87864138555672,4.63220243900317,0.837321217418853,0.402412036062629
0,"",158417.09348845,0,0.0832655809876092,0.277129684128716,0.430899722362159,0.000157703664746253,0.0244928603417125,0.0128226862269884,-0.00320999193706791,0.161153988408451,50.4452099156005,-0.0199187867999399,0.984186737110229,-0.193276177679505,0.111582572075874,19021.8888401335,-1.73213588899959,0.0832655809876092,2.45196453054525,2.23058869174134,48.1260614047462,1.09924547704538,0.277129684128716,-1.83531060808409,2.31067608805136,48.5687762100542,-0.794274289492408,0.430899722362159,0.190066185742437,0.196495282775718,0.967281163484112,0.333403497550284,-0.196486169616572,0.195530459491425,-1.00488778130852,0.314950888649771,0.386552355359009,0.223165144151747,1.73213588899959,0.0832493705529845,4.28727513862934,3.19505635927792,1.34184648298294,0.17964577704075,0.616653922461158,3.22817512726171,0.191022450192853,0.848508004306534,3.67062121616818,4.62135217610272,0.794274289492408,0.427035768270498
0,"",158581.810808334,0,0.0667840924554408,0.327725600507811,0.599760511579715,0.000176646052886773,0.0198546064957973,0.00574068027815849,-0.0444592339723934,0.162242588064465,50.1315341018319,-0.274029368631177,0.785188037840676,-0.205446758947896,0.112068226175311,19021.8578566204,-1.83322932787846,0.0667840924554408,2.17165744114772,2.19640563014204,48.2599384056104,0.988732414152155,0.327725600507811,-1.22538551751802,2.31981646171723,48.3252984943394,-0.528225201320855,0.599760511579715,0.160987524975503,0.197668178307852,0.814433189771081,0.415396831531689,-0.24990599292029,0.196700738901326,-1.27048832818902,0.203910737833731,0.410893517895793,0.224136452350622,1.83322932787846,0.0667684741761327,3.39704295866575,3.17814009710796,1.06887766267981,0.285124798395854,0.946271923629706,3.21106177759047,0.294691285678027,0.768229720740777,2.45077103503604,4.63963292343447,0.528225201320855,0.597343039897941
0,"",158608.457472773,0,0.0343207063668606,0.372503240293552,0.629077491477799,0.00023541883012576,0.0165108271755745,0.00491173799208838,-0.0897635471851203,0.159614434845658,49.7172867858867,-0.562377376907787,0.576385961596065,-0.237360678854515,0.112151133109781,19022.4639111341,-2.11643585109543,0.0343207063668606,1.96178977425551,2.17937285307816,48.2661447249263,0.900162526795111,0.372503240293552,-1.1319023672854,2.32829218260845,47.8816808668416,-0.486151341202073,0.629077491477799,0.147597131669395,0.195564674526783,0.754722866113436,0.450415283567327,-0.327124226039636,0.194586091525183,-1.68112850962578,0.0927379558268105,0.474721357709031,0.224302266219561,2.11643585109543,0.0343077556511799,3.09369214154091,3.17268549975044,0.97510205212091,0.32950964080533,0.829887406970109,3.20550897055875,0.258894114660815,0.795716939239265,2.2638047345708,4.6565843652169,0.486151341202073,0.626859867860086
0,"",158626.844804152,0,0.0137670881120912,0.289468684377894,0.423271615657431,0.000318925808039479,0.023349202382727,0.0133724002484154,-0.084290520752422,0.157378727170638,49.8752611384937,-0.535590306693928,0.594622138148906,-0.276418372451918,0.112204973446679,19023.1048707379,-2.46351265867262,0.0137670881120912,2.36370046161204,2.20673635687979,47.9900540556793,1.07112952312717,0.289468684377894,-1.88818999365815,2.33790919752339,48.1260256034802,-0.807640431740619,0.423271615657431,0.192127851699496,0.193775633094896,0.991496446848954,0.321443226489376,-0.36070889320434,0.192787561016556,-1.87101746244595,0.0613426606386241,0.552836744903836,0.224409946893357,2.46351265867262,0.0137583037081258,4.2518904552702,3.19829395823547,1.32942453407754,0.183707948051799,0.475510467953888,3.23139680107436,0.147153227296565,0.883011077811654,3.77637998731631,4.67581839504678,0.807640431740619,0.419297604320042
0,"",158727.857412839,0,0.0313190755713205,0.248644221575035,0.430426792537895,0.000243649852933874,0.0278787074341834,0.0129357655908955,-0.0901138545549693,0.15860649518198,49.9269673268965,-0.568159925932261,0.572472951338591,-0.242229567815477,0.112499859079778,19022.9720359229,-2.15315441100866,0.0313190755713205,2.56809844489476,2.19879131321675,47.566711971489,1.16795915531326,0.248644221575035,-1.88482055144094,2.37042611512314,48.2436823728292,-0.795139970579939,0.430426792537895,0.152115713260508,0.194946838139663,0.780293308227597,0.435218250747918,-0.332343422370446,0.193959293443523,-1.71346995789721,0.0866261156518592,0.484459135630954,0.224999718159556,2.15315441100866,0.0313065452117228,4.4529189963357,3.2165497114381,1.38437748389246,0.166242899657094,0.683277893453828,3.24977143296541,0.210254138651942,0.833469327240674,3.76964110288188,4.74085223024629,0.795139970579939,0.426532086074281
0,"",158832.448872367,0,0.0948004122828088,0.319523215711059,0.515869139963511,0.000146707387462396,0.0209846116556576,0.00873127185847461,-0.0209738821867249,0.164207336642199,50.0545426310835,-0.127728045625794,0.898875974841783,-0.188462379484926,0.112805470373605,19022.7507054655,-1.67068475368039,0.0948004122828088,2.1953515342155,2.18216728305821,47.2194197328088,1.00604181506141,0.319523215711059,-1.5411558839027,2.3546845745052,48.6341751764577,-0.654506298036348,0.515869139963511,0.167488497298202,0.199705896567862,0.838675773608352,0.401651276750375,-0.209436261671651,0.198735507604192,-1.05384419823342,0.291954254283452,0.376924758969853,0.225610940747209,1.67068475368039,0.0947839618894397,3.7365074181182,3.19381045569133,1.16992146840142,0.242032573536268,0.654195650312802,3.22681914064634,0.202737005638861,0.839340597445284,3.08231176780539,4.70936914901041,0.654506298036348,0.512785670893504
0,"",158910.199351503,0,0.121717279212268,0.311795244818493,0.520025990563368,0.000125912303441783,0.0218785756938669,0.00850092652896187,0.0620150068110937,0.171438543730779,49.8625187446555,0.36173316374222,0.719079889062415,-0.174927589566095,0.113026072273011,19021.1379978688,-1.54767467406603,0.121717279212268,2.21454071952986,2.16575594900597,46.7435867915986,1.02252551611195,0.311795244818493,-1.54448800483667,2.38355119360614,48.9718106123878,-0.6479776935271,0.520025990563368,0.236942596377189,0.205816615696153,1.15123162226604,0.249636959085856,-0.112912582755002,0.204869849620119,-0.551142996221114,0.581535653054633,0.349855179132191,0.226052144546022,1.54767467406603,0.121700642596133,3.75902872436653,3.20397363393872,1.17323959365591,0.240699738487742,0.670052714693183,3.23700219329823,0.206997918036767,0.836011484454313,3.08897600967335,4.76710238721229,0.6479776935271,0.516999377847784
0,"",158912.433444634,0,0.167459124766717,0.278512815976442,0.469964216356389,0.000100172997263544,0.0250453160517489,0.0107612870140877,0.0525502223039476,0.166533336812932,49.9396249920765,0.315553770251885,0.753656181972645,-0.156045115199374,0.113037917839951,19022.0746951581,-1.38046699887303,0.167459124766717,2.34096801232717,2.13513410907522,46.7949034299101,1.09640326683793,0.278512815976442,-1.76885402529673,2.42901897483786,48.7482537142024,-0.728217458826068,0.469964216356389,0.208595337503321,0.201755163191627,1.03390334206812,0.301181352468138,-0.103494892895426,0.20079019001137,-0.515437994702658,0.606246987857955,0.312090230398747,0.226075835679902,1.38046699887303,0.167442903804941,4.1098220376239,3.21751649314367,1.27732741895238,0.201486677351076,0.572113987030443,3.2504537074178,0.176010501464713,0.860285692271239,3.53770805059346,4.85803794967572,0.728217458826068,0.46648048013155
0,"",158957.208812614,0,0.266194441956482,0.326511297823694,0.41148750802423,6.49869833915696e-05,0.0203148363955819,0.0141206751960075,0.0220141727796564,0.160349540996765,50.3569707960055,0.137288654790103,0.891350097080373,-0.125843009263473,0.113178172141819,19022.9661918591,-1.11190176411211,0.266194441956482,2.12368683727195,2.14205099277538,47.4017681841287,0.991426835511681,0.326511297823694,-2.01731241762809,2.43486055353261,47.9254756062205,-0.828512505449759,0.41148750802423,0.147857182043129,0.196762939120682,0.751448330177883,0.452382885788624,-0.103828836483816,0.195772556000742,-0.530354400048918,0.595866235755518,0.251686018526946,0.226356344283638,1.11190176411211,0.266180390137323,4.14099925490004,3.22642989105962,1.28346171921314,0.199330362799422,0.106374419643855,3.25944886440565,0.0326357074674502,0.973965094546506,4.03462483525619,4.86972110706523,0.828512505449759,0.407380315728246
0,"",158967.074251144,0,0.313824450488271,0.501560853526242,0.469800310375991,5.333068905736e-05,0.00954357557662731,0.0110071625202248,0.0273245848166992,0.165869193327729,50.0766950514733,0.164735743078647,0.869815168352764,-0.114031647536144,0.113210164085522,19023.0260050641,-1.00725626941059,0.313824450488271,1.44733697583351,2.13725315820174,47.5939375036182,0.677194917354239,0.501560853526242,-1.69628901563081,2.32810498725096,47.6993372369944,-0.728613625639709,0.469800310375991,0.141356232352844,0.201305337832709,0.702198132820079,0.482555609891948,-0.0867070627194452,0.200335773278224,-0.432808685641118,0.665153762814668,0.228063295072289,0.226420328171045,1.00725626941059,0.313811638810515,3.14362599146433,3.14412113708997,0.999842517001079,0.317386726414702,-0.248952039797299,3.17653113680888,-0.0783722964061339,0.937531909997906,3.39257803126163,4.65620997450193,0.728613625639709,0.46623804130611
0,"",158964.83465482,0,0.278025821044472,0.454680605640844,0.406482472525064,6.18661594852082e-05,0.0119669464347233,0.0144505039187285,0.0885734907534193,0.172316783946557,49.707498213219,0.514015458766279,0.609518839143104,-0.122791445215802,0.113193134029141,19020.2414985437,-1.08479587802728,0.278025821044472,1.6073561792596,2.13207789383488,46.9252116757149,0.753891864789475,0.454680605640844,-1.97306581802856,2.35592953948313,47.8359054301019,-0.837489315771911,0.406482472525064,0.211364935969221,0.206641554845627,1.02285784738274,0.306375062271745,-0.0342179544623827,0.20569586056367,-0.166352178252955,0.867879805724035,0.245582890431604,0.226386268058283,1.08479587802728,0.278012071571295,3.58042199728816,3.16113335451157,1.13263870762623,0.257366006637977,-0.365709638768966,3.1936744035314,-0.114510620858715,0.908833027553193,3.94613163605713,4.71185907896627,0.837489315771911,0.402317580064319
0,"",159011.64022859,0,0.623722128960818,0.306236157488549,0.406137871343015,1.26543154462781e-05,0.022223751457289,0.0143387292017175,0.065881503428162,0.169301607362685,49.8547324206973,0.389136904571896,0.698832068037873,-0.0555970161583655,0.113326846315758,19019.2422173307,-0.490589987860934,0.623722128960818,2.25980173363911,2.18465973215065,47.0755257945708,1.03439528837495,0.306236157488549,-2.02001341251935,2.41040031394625,48.2777682039163,-0.838040636168119,0.406137871343015,0.121478519586527,0.204209092057142,0.594873217263682,0.551928221238924,0.0102844872697964,0.203250248275681,0.050600121559738,0.959644165960396,0.111194032316731,0.226653692631516,0.490589987860934,0.623716469192837,4.27981514615846,3.23640667066174,1.32239720828513,0.186035918002567,0.239788321119764,3.26974119764879,0.0733355659133487,0.941539090377672,4.0400268250387,4.8208006278925,0.838040636168119,0.40200788142681
0,"",159079.756435982,0,0.871286454397156,0.282379665155057,0.405761221103137,1.38037045596004e-06,0.0240852225764016,0.014325191815851,0.0926029091180773,0.175669222854224,49.8671150357329,0.527143614649689,0.600431291568439,0.0183929256108146,0.11351778393878,19018.557109263,0.162026820579354,0.871286454397156,2.41079281275202,2.21738662684112,47.8958801395408,1.08722258156054,0.282379665155057,-2.03258364600131,2.42349470672827,48.4000615599656,-0.838699436957018,0.405761221103137,0.0742099835072628,0.209624108700873,0.354014545212249,0.723327982721648,0.110995834728892,0.20868555126918,0.531880784528874,0.59480856669934,-0.0367858512216291,0.22703556787756,-0.162026820579354,0.87128473316236,4.44337645875334,3.26794305189761,1.35968601294113,0.173929306183395,0.378209166750714,3.30163721544657,0.114552006192951,0.908800222698644,4.06516729200263,4.84698941345654,0.838699436957018,0.401637994380547
0,"",159218.137128996,0,0.671906261323558,0.395734865445907,0.322489024311931,9.43219836880123e-06,0.0151613968028782,0.0203787599589906,0.0953869163236579,0.175240619546563,50.0356595833732,0.544319670693202,0.588639167325257,0.0482541750259494,0.113930676155071,19018.2879394801,0.423539793271049,0.671906261323558,1.9425714086195,2.26673672095218,47.7065129611665,0.856990311518618,0.395734865445907,-2.3916879751996,2.39252532340349,48.0370570308395,-0.999650014904463,0.322489024311931,0.0471327412977085,0.209492629547226,0.224985200670668,0.821990787295295,0.143641091349607,0.208546842656076,0.688771354771801,0.490967164669531,-0.0965083500518987,0.227861352310141,-0.423539793271049,0.671901471689351,4.33425938381911,3.27878236917323,1.32191127553001,0.186197697290381,-0.449116566580103,3.31272270890258,-0.135573244743109,0.892158657734282,4.78337595039921,4.78505064680698,0.999650014904463,0.317479909796079
0,"",159297.387964723,0,0.662783904793877,0.397185865770651,0.428487860752889,9.99902610180432e-06,0.0151859720853482,0.0131499240629115,0.0570162870550275,0.170528637123892,50.1909388321486,0.334350218336667,0.739508446999233,0.0497874546001297,0.114170557494943,19018.2065028199,0.436079631146017,0.662783904793877,1.9565946405061,2.29001876421877,47.3407644135784,0.854401139011446,0.397185865770651,-1.92788130735459,2.41418159941747,47.8573501272197,-0.798565156747023,0.428487860752889,0.00722883245489784,0.20570180657111,0.0351422895860609,0.971966280009751,0.106803741655157,0.204735515554721,0.521666899686543,0.601902274884435,-0.0995749092002593,0.228341114989885,-0.436079631146017,0.662778955008097,3.8844759478607,3.31037612705124,1.17342434780088,0.240625678109241,0.0287133331515135,3.34459674225895,0.00858499106595447,0.993150252314047,3.85576261470918,4.82836319883494,0.798565156747023,0.424542598131577
0,"",159233.729609633,0,0.57813728155573,0.242487909723149,0.4873750609787,1.62600487509262e-05,0.0288636837210899,0.0100932115326832,-0.0286516957980802,0.169365611467346,50.2628020027372,-0.169170680812051,0.866341389140555,0.063389548062549,0.113985951854795,19019.7036332913,0.556117197172684,0.57813728155573,2.6536900370353,2.241961887309,47.1381327483535,1.18364636439939,0.242487909723149,-1.68522274779012,2.40785955433394,48.0415763606711,-0.699884154271732,0.4873750609787,-0.0920412438606292,0.204634070577542,-0.449784552498318,0.652865797372247,0.0347378522644689,0.203666178573587,0.170562694836038,0.864567633220207,-0.126779096125098,0.22797190370959,-0.556117197172684,0.578130739554914,4.33891278482542,3.27305736124618,1.32564520139465,0.184957246489182,0.968467289245184,3.30688024958252,0.292864336217633,0.769625849777954,3.37044549558024,4.81571910866788,0.699884154271732,0.483999653948059
0,"",159189.484855917,0,0.613224349537753,0.187652701739386,0.477546950065226,1.34351277735667e-05,0.036750204559345,0.0104976175440802,-0.10320628000973,0.172182559897259,50.1028275918456,-0.599400311339968,0.551606987414196,0.0575482711757608,0.113847717264038,19018.1501844305,0.505484629457206,0.613224349537753,3.03375336587781,2.26894544130617,46.8588472934192,1.33707638387786,0.187652701739386,-1.71913678341989,2.40162095023895,48.2989886148034,-0.715823528791602,0.477546950065226,-0.160754551185491,0.206894682789441,-0.776987349399851,0.437166234048829,-0.045658008833969,0.205938980165164,-0.221706491880999,0.824542376088895,-0.115096542351522,0.227695434528075,-0.505484629457206,0.613218491479411,4.7528901492977,3.2868800399842,1.44601874466966,0.148171944363403,1.31461658245792,3.3208753079956,0.395864481660226,0.692205004652252,3.43827356683977,4.80324190047791,0.715823528791602,0.47410032206804
0,"",159311.691603484,0,0.823919109902634,0.160072557599026,0.564311217547207,2.60342449540306e-06,0.0420727948055065,0.00692219163162791,-0.114457014288082,0.171450234992112,50.1207485794871,-0.667581553873913,0.507463067810926,0.0254139573526282,0.114214788266721,19017.5163440158,0.22251021726959,0.823919109902634,3.24134149819172,2.27032144694767,46.4094071328407,1.42770157175299,0.160072557599026,-1.39725011135765,2.40720607255099,48.3349667654176,-0.580444743510031,0.564311217547207,-0.13987097164071,0.206491364442614,-0.6773695937274,0.49817148536533,-0.0890430569354536,0.205527901478004,-0.433240724471578,0.66483989594534,-0.0508279147052564,0.228429576533441,-0.22251021726959,0.823916720391558,4.63859160954937,3.29185938285361,1.40910988899177,0.158802677189299,1.84409138683407,3.32590783094068,0.554462564981092,0.579262318422929,2.7945002227153,4.81441214510198,0.580444743510031,0.561614739302237
0,"",159303.898544772,0,0.656389076598859,0.106055749181277,0.743066934566118,1.0409108794494e-05,0.0557921651232951,0.00224074201026268,-0.109154685005603,0.166630037162134,50.1547983708075,-0.655072079827919,0.515414697521889,0.05080563629806,0.114192786413947,19016.4033665028,0.444911083208798,0.656389076598859,3.70002178887508,2.24441435701258,45.9935435984083,1.64854665864817,0.106055749181277,-0.82074129464667,2.48953347260104,48.3961194393077,-0.329676746137167,0.743066934566118,-0.159960321303663,0.202493842980937,-0.789951531112585,0.429556075065827,-0.0583490487075426,0.201512697024487,-0.289555197112231,0.77215654671056,-0.10161127259612,0.228385572827893,-0.444911083208798,0.656384012812897,4.52076308352175,3.33474663272395,1.3556541415049,0.175209236765383,2.87928049422841,3.3689479559451,0.854652708168856,0.392743438785046,1.64148258929334,4.97906694520208,0.329676746137167,0.741644226198633
0,"",159366.965487627,0,0.713629197266302,0.0991154308647095,0.715824955399118,7.08205422936513e-06,0.0584368442402191,0.00277192102180746,-0.0923631757135218,0.166684368478862,50.4236176478519,-0.554120200690773,0.581945885349505,0.0419792183236302,0.114387338259076,19017.370291362,0.366991827614272,0.713629197266302,3.75972843567805,2.2333586949249,45.6623959586478,1.68344137653377,0.0991154308647095,-0.895378559505155,2.44512537474155,48.2419398008974,-0.366189222341941,0.715824955399118,-0.134342394037152,0.202649877150253,-0.662928573786131,0.507376300462012,-0.0503839573898916,0.201666335786055,-0.249838215156263,0.802712465245546,-0.0839584366472603,0.228774676518152,-0.366991827614272,0.713625113965949,4.65510699518321,3.29456184035106,1.41296695001092,0.157665441992775,2.86434987617289,3.32850125385375,0.860552440188071,0.3894845896548,1.79075711901031,4.8902507494831,0.366189222341941,0.714223883842246
0,"",159369.440244046,0,0.706801898404553,0.150374240815742,0.729773309173893,7.43969613917245e-06,0.0440469856616643,0.00247472779360287,-0.080617183921618,0.166218540095128,50.4637321023248,-0.485007171134341,0.629770102685671,-0.0430315043797073,0.114396709420189,19018.9950295156,-0.376160333612823,0.706801898404553,3.27043203632637,2.23636730812194,46.4135022817032,1.46238590791815,0.150374240815742,-0.843215519019694,2.4270690914391,48.6529719492691,-0.34742130827422,0.729773309173893,-0.0375856795419107,0.202272197709175,-0.185817329161327,0.85258801449614,-0.123648688301325,0.201286806395615,-0.614291073098465,0.539023000462859,0.0860630087594146,0.228793418840377,0.376160333612823,0.706797702637895,4.11364755534607,3.28332040962857,1.25289251188599,0.210244827397611,2.42721651730668,3.31719961874887,0.731706498333114,0.464347729227338,1.68643103803939,4.85413818287821,0.347421308274219,0.728274827446932
0,"",159324.268212368,0,0.641442567970098,0.242916519132702,0.899751908861153,1.14030223547265e-05,0.0288371642686634,0.000327508313141725,-0.126938835074093,0.16654982194645,50.3095934806602,-0.762167341823443,0.449518723254419,-0.0532064292865458,0.114252831669257,19018.1975911123,-0.465690246002565,0.641442567970098,2.69311271094037,2.27734404004708,47.0967862412562,1.18256735196,0.242916519132702,-0.312713556358776,2.46950306177559,48.945153272678,-0.126630155353577,0.899751908861153,-0.0737324057875475,0.202462224671108,-0.364178581497476,0.715724659920197,-0.180145264360639,0.201479907313114,-0.894110319798197,0.371262868302954,0.106412858573092,0.228505663338513,0.465690246002565,0.641437235167242,3.00582626729915,3.34204462847211,0.899397405316318,0.368441020762689,2.3803991545816,3.37642121172918,0.705006575101606,0.480806144367672,0.625427112717553,4.93900612355118,0.126630155353577,0.899233128541007
0,"",159376.543033976,0,0.720444420789852,0.300485127109019,0.910485970661107,6.73395260672553e-06,0.0226672190692422,0.000261926636083497,-0.160743335093738,0.169402705079274,50.3153525323287,-0.948882929694165,0.347215652038751,-0.0409444119631558,0.114411346473654,19018.580668107,-0.35787020453067,0.720444420789852,2.34176903184658,2.23692455537444,47.2530305482466,1.04686992067758,0.300485127109019,-0.277537581099469,2.45584594657055,48.7470033738085,-0.113010989751631,0.910485970661107,-0.119798923130582,0.204905558400093,-0.58465433571434,0.558780164467183,-0.201687747056894,0.203931796238168,-0.988996079950898,0.322665059613195,0.0818888239263115,0.228822692947307,0.35787020453067,0.72044044932676,2.61930661294606,3.30484390050681,0.79256590985867,0.428030776982265,2.06423145074712,3.33886632747273,0.618243214399536,0.536415027750264,0.555075162198939,4.91169189314111,0.113010989751631,0.910021842471208
0,"",159382.231998833,0,0.561158146903216,0.304059252200817,0.849407096462663,1.77546692469023e-05,0.0222981662190636,0.000748602409038574,-0.195312140748936,0.162831064967824,49.7756484972987,-1.19947714391926,0.236021093290382,-0.0665089829936219,0.114447223008525,19020.8446442677,-0.581132344195611,0.561158146903216,2.24421494206662,2.15986976205248,47.3381249388799,1.03905104904751,0.304059252200817,-0.462402002010883,2.42236014420353,48.6391000598746,-0.19088903981407,0.849407096462663,-0.128803157755314,0.19952668551547,-0.645543514255027,0.518575028830903,-0.261821123742558,0.198527949954277,-1.31881240804057,0.18723183501888,0.133017965987244,0.22889444601705,0.581132344195611,0.561151261154111,2.70661694407751,3.22882487263046,0.838266877531972,0.401880834032842,1.78181294005574,3.26196598026277,0.546238970865111,0.584901681068593,0.924804004021768,4.84472028840706,0.19088903981407,0.848612527242557
0,"",159447.187920264,0,0.602402837558346,0.175405127034436,0.901121161607756,1.42694988733855e-05,0.0383367699051843,0.000321629649224579,-0.198720037883152,0.168066472333334,49.0797514285546,-1.18238953388051,0.242747878445174,-0.0597208329649068,0.114636794465553,19019.0459225393,-0.520956933969855,0.602402837558346,2.97248969715639,2.16088077418729,47.4664330956406,1.37559171827716,0.175405127034436,-0.301451075922037,2.41358903522966,48.4854294446927,-0.124897433457785,0.901121161607756,-0.138999204918245,0.203930424611908,-0.681601115590129,0.495491209352927,-0.258440870848059,0.202948883843751,-1.27342839218091,0.202866067691797,0.119441665929814,0.229273588931106,0.520956933969855,0.602396772464456,3.27394077307843,3.22297114817507,1.0158144837667,0.309717737527894,2.67103862123435,3.25608545350047,0.820322027593852,0.412032552265492,0.602902151844076,4.82717807045933,0.124897433457785,0.900604750265812
0,"",159405.416264051,0,0.922156154130555,0.231019452139158,0.833253508538783,5.02085712233977e-07,0.0296980093816534,0.000915766749742918,-0.23224127533699,0.168426642333273,48.51869965528,-1.37888680864067,0.174253752341012,-0.0111896887819198,0.11450838637774,19018.8102244318,-0.0977193822730789,0.922156154130555,2.64289622008205,2.17863720826156,48.0806099838846,1.2130960630159,0.231019452139158,-0.511682876536499,2.41749114192782,48.8752755344003,-0.21165863554249,0.833253508538783,-0.22105158655507,0.204154320847733,-1.08276712262161,0.278911802086041,-0.24343096411891,0.203175840286657,-1.19812948121911,0.230866613266348,0.0223793775638396,0.22901677275548,0.0977193822730789,0.92215512438851,3.15457909661855,3.23763827874617,0.974345749902678,0.329884896017556,2.13121334354556,3.27095481305383,0.651556950600553,0.51468702672265,1.023365753073,4.83498228385565,0.21165863554249,0.83237336095826
0,"",159368.506233155,0,0.740775927249175,0.552669002352295,0.848975231666496,5.75494915289851e-06,0.00735192717718877,0.000745002340955525,-0.303131386729013,0.166831026429818,48.390839027298,-1.81699647371368,0.0754131658148248,0.037843835279453,0.114390296965268,19018.1348239974,0.330830815929636,0.740775927249175,1.34371414811149,2.24720552911773,48.2750016735152,0.597948932886009,0.552669002352295,-0.468514072417095,2.44740928415049,49.153083254085,-0.191432661243548,0.848975231666496,-0.340975222008466,0.202772255798373,-1.68156743468651,0.0926527498267757,-0.26528755144956,0.201789184837287,-1.31467675863538,0.188618560762696,-0.075687670558906,0.228780593930536,-0.330830815929636,0.740772282599475,1.81222822052858,3.30553614188285,0.548240328570823,0.583526894197271,0.875200075694392,3.33959886860577,0.262067424899978,0.793269460464766,0.937028144834192,4.89481856830099,0.191432661243548,0.848186633236596
0,"",159494.654300894,0,0.820747962966269,0.50692680164122,0.807620237817939,2.69989087757419e-06,0.00913357254997116,0.00121952048511875,-0.326999328317835,0.174122709954508,48.5058947333644,-1.87798207599266,0.0664022237508639,0.0260011841554054,0.114751845720898,19016.014991184,0.226586195560167,0.820747962966269,1.55306235371445,2.32288953421587,48.4947920697186,0.66859070603145,0.50692680164122,-0.605752317139846,2.47432671567351,49.0859302013806,-0.244815008989208,0.807620237817939,-0.353000512473241,0.209014802061299,-1.68887805548678,0.0912428014529347,-0.30099814416243,0.208053408902101,-1.44673497901716,0.147971163702718,-0.0520023683108108,0.229503691441795,-0.226586195560167,0.820745527477413,2.1588146708543,3.37641119292881,0.639381446008557,0.522574816090337,0.947310036574609,3.41116760426626,0.277708440766685,0.781236180585929,1.21150463427969,4.94865343134702,0.244815008989208,0.806599672002328
0,"",159631.636437946,0,0.625150949156824,0.406879266559165,0.724282083192405,1.25520632395192e-05,0.0141517233791211,0.00256272357610565,-0.320360729534461,0.173412172424613,48.8030101073377,-1.84739470739132,0.0707562512281652,-0.0562654439293006,0.115163246073407,19016.6990740781,-0.488571187837446,0.625150949156824,1.97156379870383,2.35653961680869,48.761036693544,0.83663511728854,0.406879266559165,-0.88134166769883,2.48423744839229,48.9876073299491,-0.354773521455931,0.724282083192405,-0.26409528560516,0.208653358735081,-1.26571308128556,0.205615823249241,-0.376626173463762,0.207683618687043,-1.81346114751254,0.0697607258172633,0.112530887858601,0.230326492146814,0.488571187837446,0.625145315341282,2.85290546640266,3.40657245115648,0.837470949849942,0.402327899396444,1.090222131005,3.44161204469487,0.316776590983153,0.751413127828336,1.76268333539766,4.96847489678459,0.354773521455931,0.722759266522548
0,"",159704.072508103,0,0.800316105837904,0.300379533785421,0.632471663068963,3.36425906805344e-06,0.0220886812150168,0.00468174985080263,-0.353388266136624,0.169303254193477,49.1663611130699,-2.08730935397602,0.0420651449763804,-0.0291865589034153,0.115388545510953,19017.3280641664,-0.25294156169639,0.800316105837904,2.4640436078323,2.35388213311495,48.5128779938293,1.04679991116274,0.300379533785421,-1.1957397193677,2.48466069610975,49.2371484588688,-0.4812486957434,0.632471663068963,-0.324201707233208,0.205379027301896,-1.57855313413599,0.114438591558631,-0.382574825040039,0.204390977726013,-1.87177941656937,0.0612371270796821,0.0583731178068307,0.230777091021905,0.25294156169639,0.800313371903759,3.6597833272,3.4050513995278,1.07481000953687,0.282459798133987,1.26830388846459,3.44009079957994,0.36868325935451,0.712363828175902,2.39147943873541,4.9693213922195,0.4812486957434,0.630339755393198
0,"",159731.456863037,0,0.895492943805571,0.151016300465871,0.59523931005275,9.07358923673361e-07,0.0429949365462617,0.00579431827229402,-0.335453301537377,0.161730940231463,49.6524605919964,-2.07414426118645,0.0432715046641319,-0.0151691001053013,0.115478453552652,19016.8336394096,-0.131358704923989,0.895492943805571,3.42066773471651,2.34369535817859,47.4150688929408,1.459518927142,0.151016300465871,-1.3541103004428,2.53224007395535,49.0650473908135,-0.53474799422461,0.59523931005275,-0.320284201432076,0.199234839615535,-1.60757125636325,0.107929111661607,-0.350622401642678,0.198216596705478,-1.7688851865601,0.0769130367603403,0.0303382002106027,0.230956907105304,0.131358704923989,0.895491554234346,4.77477803515932,3.43276380693506,1.39094278071595,0.16424277859844,2.06655743427371,3.4679140839968,0.595907910121,0.551236748614015,2.70822060088561,5.06448014791071,0.53474799422461,0.592824128981018
0,"",159797.701473467,0,0.899056223100057,0.0848862043939965,0.655641312101769,8.46185985719787e-07,0.0618291386904305,0.00413949865510484,-0.239893916134018,0.154603809475634,49.7158671160131,-1.55166885568771,0.127084691755506,0.0146757484057455,0.115688835586752,19017.4122016655,0.126855355845817,0.899056223100057,4.16920428453121,2.36865225133716,47.0102416347088,1.76015887607714,0.0848862043939965,-1.12766870984886,2.51313015742894,48.4377384743814,-0.448710826423141,0.655641312101769,-0.254569664539763,0.193620483580446,-1.31478684399625,0.188581550143904,-0.225218167728272,0.192571019381597,-1.16953302969219,0.242188941680479,-0.0293514968114911,0.231377671173503,-0.126855355845817,0.899054881962486,5.29687299438007,3.43578728862271,1.54167663752648,0.123152191878296,3.04153557468236,3.47102853045397,0.87626349020086,0.380886808120494,2.25533741969772,5.02626031485788,0.448710826423141,0.6536402736709
0,"",159870.160637524,0,0.925504804244189,0.0934043298330399,0.68327160934285,4.59649668406881e-07,0.0578674738512235,0.00347324392714995,-0.233725327360215,0.154571348067637,49.7023975566621,-1.51208700889341,0.136844547318123,0.01083921743145,0.115923510164511,19020.6633684637,0.0935031851267074,0.925504804244189,3.88529833070828,2.26955235580778,47.7139976549691,1.71192275902594,0.0934043298330399,-1.01012047664686,2.46086067052873,48.3421518029964,-0.410474468849076,0.68327160934285,-0.244564544791666,0.19373679608299,-1.26235464680082,0.206821201069765,-0.222886109928765,0.192684139326811,-1.15674341804921,0.247377205098064,-0.0216784348629001,0.231847020329023,-0.0935031851267074,0.925503819417232,4.89541880735515,3.33042967411471,1.46990607410332,0.141587194265297,2.87517785406142,3.36476514140167,0.854495851340073,0.392830307114527,2.02024095329373,4.92172134105747,0.410474468849076,0.681457928462787
0,"",159976.067017213,0,0.987645259574139,0.139723338519384,0.867978882338387,1.26067313232713e-08,0.044606834692538,0.000572239618150263,-0.302121642895334,0.158929650717,49.6472083390438,-1.90097720300985,0.0631178430057331,-0.00180000896529041,0.116240652456395,19020.8865738087,-0.0154851932370703,0.987645259574139,3.33415080232597,2.2204664529253,48.290618608973,1.50155423331592,0.139723338519384,-0.42085880842589,2.51853855309964,48.7695919581621,-0.167104374045784,0.867978882338387,-0.300321633930043,0.197421518339544,-1.52122036369674,0.128204546885867,-0.303921651860624,0.196381746650602,-1.54760641986424,0.121717084809492,0.00360001793058082,0.23248130491279,0.0154851932370703,0.987645097163248,3.75500961075187,3.3404748317528,1.12409456735274,0.260972909762583,2.91329199390009,3.37464714043675,0.863287885418161,0.387979203274878,0.841717616851782,5.03707710619929,0.167104374045784,0.867287924417971
0,"",160041.225403456,0,0.91390734576976,0.238025957227167,0.830395689415813,6.14551639525173e-07,0.0286882310257137,0.000952470632629697,-0.369026982108751,0.158705813737682,49.5927076589638,-2.3252266153192,0.0241930994352759,0.0125881024690902,0.116434881809595,19019.3502869928,0.108112811843408,0.91390734576976,2.73599393223443,2.29006578086787,48.3269321329455,1.19472285691181,0.238025957227167,-0.540050109805406,2.507791053835,48.6429579221052,-0.215348925892189,0.830395689415813,-0.381615084577841,0.19735762744431,-1.93362217371368,0.0531595989447179,-0.35643887963966,0.196314036487108,-1.81565661843578,0.0694230626054338,-0.0251762049381805,0.232869763619191,-0.108112811843408,0.913906205343153,3.27604404203984,3.37867337456381,0.969624369938626,0.332233761034139,2.19594382242903,3.4134148193279,0.643327558664964,0.520011577781995,1.08010021961081,5.01558210767,0.215348925892188,0.829495286976447
0,"",160077.430209843,0,0.79146608605412,0.30927844402146,0.655070043588763,3.67620851034366e-06,0.0214338933473603,0.0041601544000247,-0.382449802855535,0.160318764977067,49.3536537388058,-2.38555856459002,0.0209347007011466,0.0308135495315104,0.116536555536317,19017.6727878011,0.264411020127567,0.79146608605412,2.44127889329821,2.37576796029121,48.2076381648844,1.02757463443482,0.30927844402146,-1.12318097481951,2.49866541359698,48.3685776167047,-0.449512355158677,0.655070043588763,-0.413263352387045,0.198717809893694,-2.07964929066059,0.0375577124204123,-0.351636253324024,0.197678988238851,-1.77882463106879,0.0752685176633803,-0.0616270990630208,0.233073111072634,-0.264411020127567,0.791463220779009,3.56445986811772,3.43013775797029,1.03915939231167,0.298730612673872,1.31809791847871,3.46545227378053,0.38035379348646,0.70368280916014,2.24636194963902,4.99733082719396,0.449512355158677,0.653062097371112
0,"",160025.490133311,0,0.770155608212278,0.349040327194233,0.584960579045196,4.48857629414509e-06,0.0182628785476193,0.00621216539306136,-0.388481638053626,0.153572478735048,48.6255728572294,-2.52963057738917,0.0147109197491933,0.0340054061586633,0.116386907369173,19018.5374211188,0.292175528393413,0.770155608212278,2.25602443646508,2.38560789496583,48.0745750543205,0.945681157924486,0.349040327194233,-1.36507218058958,2.48267883910253,48.3638441641566,-0.549838408049203,0.584960579045196,-0.422487044212289,0.193223651155582,-2.18651827395657,0.0287777092298457,-0.354476231894962,0.192159978917776,-1.84469333256245,0.0650821613228178,-0.0680108123173265,0.232773814738345,-0.292175528393413,0.770152421204924,3.62109661705467,3.42539885511871,1.05713137950155,0.290451631801876,0.890952255875503,3.46067640449856,0.257450322346622,0.796831160034745,2.73014436117917,4.96535767820507,0.549838408049203,0.582430212434664
0,"",160089.461387616,0,0.963066972052412,0.232305932183959,0.580647781965363,1.12703296744721e-07,0.0292725873313669,0.0062683558630558,-0.41946647248942,0.129377087089523,48.6581796200152,-3.24220062397269,0.00214441661067554,-0.00540015681617941,0.116619351235921,19025.4453695989,-0.0463058382588226,0.963066972052412,2.83126391882255,2.34072452174365,48.5172618378721,1.20956733375591,0.232305932183959,-1.38727193048667,2.4944875765316,49.0315906986331,-0.55613503291749,0.580647781965363,-0.41406631567324,0.174763800891246,-2.36929108637841,0.0178222205740596,-0.424866629305599,0.173593264244207,-2.44748338108272,0.0143857759323605,0.0108003136323588,0.233238702471843,0.0463058382588226,0.963066486045162,4.21853584930923,3.40320122313495,1.23957872976527,0.215131251992672,1.44399198833588,3.43818855608268,0.419986270322854,0.674495483602555,2.77454386097334,4.9889751530632,0.55613503291749,0.578118547614662
0,"",160051.808809536,0,0.72713118928561,0.131946993904589,0.698028558108866,6.39989822388102e-06,0.0461381806660401,0.0030929543144276,-0.43036294603906,0.129955886749365,49.4108797730259,-3.31160793715382,0.00173917681311799,-0.0406541753037981,0.116504513290456,19026.0644812416,-0.34894935960501,0.72713118928561,3.56001077782494,2.32335056746604,48.5398171397118,1.5322744779354,0.131946993904589,-0.97443468740244,2.49685073234983,49.0909538906398,-0.390265495160531,0.698028558108866,-0.389708770735262,0.175115318038642,-2.22544078439367,0.0260516621940036,-0.471017121342858,0.17394911216774,-2.7077868663604,0.00677335053942308,0.0813083506075962,0.233009026580913,0.34894935960501,0.727127327826579,4.53444546522738,3.3931258759414,1.33636228982202,0.181430885805931,2.5855760904225,3.42799353382971,0.754253491118442,0.450697023508045,1.94886937480488,4.99370146469967,0.390265495160531,0.696340235272185
0,"",160004.689497397,0,0.815552074817955,0.137937394097549,0.721473383937915,2.86060996861802e-06,0.0450759436467662,0.00261175573867396,-0.416163072290421,0.14489707831753,49.4641041907381,-2.87212880427054,0.00598914096111337,-0.0271387291234209,0.116339012012304,19022.5344742723,-0.233272817552815,0.815552074817955,3.57096493996416,2.36713598972368,48.211291154879,1.50855926971099,0.137937394097549,-0.880775674531705,2.45653287081249,49.0927263558053,-0.358544225072956,0.721473383937915,-0.389024343167,0.18637091320265,-2.08736619079607,0.0368550456912412,-0.443301801413842,0.185272072244905,-2.39270709310066,0.0167245867232794,0.0542774582468419,0.232678024024608,0.233272817552815,0.815549564847564,4.45174061449587,3.39388084835669,1.31169620072295,0.189622659190614,2.69018926543245,3.42889863740711,0.784563660203948,0.432709443500082,1.76155134906341,4.91306574162498,0.358544225072956,0.719936077869438
0,"",160067.683851051,0,0.946328554085955,0.119136206878263,0.490178132981759,2.38263989718698e-07,0.0498251756713964,0.00975988627872336,-0.473913417339025,0.14721130264511,49.3846283079442,-3.21927330866375,0.00227330708531906,-0.00784426907284793,0.116524057027978,19020.2077961161,-0.0673188805206504,0.946328554085955,3.80976486760442,2.40100146571883,48.0138106500572,1.58673991748848,0.119136206878263,-1.72088539256761,2.47519377800127,49.0434761482631,-0.695252795099231,0.490178132981759,-0.466069148266177,0.188292397194667,-2.47524146067528,0.013314612367925,-0.481757686411873,0.187200481153617,-2.57348530005402,0.010067992368219,0.0156885381456959,0.233048114055957,0.0673188805206504,0.946327846501206,5.53065026017204,3.43067945300709,1.61211513227337,0.106936888430879,2.08887947503682,3.46600967176888,0.602675604759854,0.546724513497469,3.44177078513522,4.95038755600255,0.695252795099231,0.486896891407747
0,"",160184.654820381,0,0.781664821782272,0.0824439886703824,0.291196257139344,4.0383716974047e-06,0.0618708395633056,0.0227034880254309,-0.495326423703713,0.145712774664936,49.3862012481072,-3.39933423711619,0.00134442380102268,-0.0323959238279093,0.116887782030594,19021.0487720603,-0.277154064052904,0.781664821782272,4.21560161538895,2.37632618465222,47.7181550336531,1.77399956395545,0.0824439886703824,-2.63891305384503,2.47318881500797,49.0082708328555,-1.06700832456924,0.291196257139344,-0.462930499875804,0.187352865302648,-2.47090162794143,0.0134772886646086,-0.527722347531622,0.18624939312669,-2.83341780970345,0.00460531491878298,0.0647918476558186,0.233775564061189,0.277154064052904,0.781661809992514,6.85451466923398,3.41216597829155,2.00884561678503,0.0445535088234235,1.57668856154392,3.44736151827427,0.457360956541976,0.647411622689101,5.27782610769006,4.94637763001595,1.06700832456924,0.285968076873464
0,"",160240.146365293,0,0.814408207387322,0.0713695221733761,0.291360265686222,2.8970756755756e-06,0.0667510193112381,0.0226439562039992,-0.429691528308538,0.155346669277737,49.6477028450953,-2.766017001242,0.00794766984105196,-0.0274777390431671,0.117052936467091,19021.1278720526,-0.234746259876123,0.814408207387322,4.34164632670036,2.35405537661896,47.5570774420175,1.84432633566,0.0713695221733761,-2.57311686725145,2.412405322624,49.1042366410378,-1.06661879872352,0.291360265686222,-0.40221378926537,0.19504177729858,-2.06219300724296,0.0391893642021155,-0.457169267351705,0.193975927090765,-2.35683506818754,0.0184314311015881,0.0549554780863343,0.234105872934183,0.234746259876123,0.814405680595553,6.91476319395182,3.35323123079488,2.06211940603711,0.0391963692144972,1.76852945944892,3.38797766026407,0.522001511459516,0.601669278217594,5.1462337345029,4.82481064524801,1.06661879872352,0.286144008121017
0,"",160239.485378299,0,0.767098633028904,0.112523797652905,0.397967432011944,4.61192189507713e-06,0.0518770690793396,0.0145475266878564,-0.433210266369589,0.159609671162861,50.1896775985425,-2.71418557041919,0.00908269866788811,-0.0346648458488769,0.117041230303905,19020.2772540355,-0.296176362456782,0.767098633028904,3.86380961619764,2.38990312875929,47.7705301677185,1.61672227200419,0.112523797652905,-2.06299578985817,2.41944064404363,49.2507967294138,-0.852674685339777,0.397967432011944,-0.398545420520712,0.198447619826691,-2.00831544801985,0.0446097813360816,-0.467875112218466,0.197398925084859,-2.37020091176957,0.0177784214657146,0.0693296916977539,0.234082460607809,0.296176362456782,0.767095399478713,5.92680540605581,3.38322356862266,1.75182197860742,0.0798044237222125,1.80081382633947,3.41825368785344,0.526822755355623,0.598316679214519,4.12599157971634,4.83888128808726,0.852674685339777,0.393839732920391
0,"",160311.52010235,0,0.69237556545042,0.140997338681718,0.45552539323995,8.22944973963678e-06,0.044611599028994,0.0114263054756712,-0.455301338187293,0.155038677968366,49.9764793902051,-2.93669517925193,0.00500456429053089,-0.0463937269259496,0.117262680805471,19020.6132646375,-0.395639316850627,0.69237556545042,3.61048345595601,2.41214779969274,47.9794276797525,1.49679196955341,0.140997338681718,-1.85992194787817,2.47260364822591,48.9534886057328,-0.752211924144277,0.45552539323995,-0.408907611261344,0.194924595249252,-2.09777329914919,0.0359251762656159,-0.501695065113243,0.193854218728002,-2.58800179023792,0.00965344789662314,0.0927874538518992,0.234525361610942,0.395639316850627,0.692371128151624,5.47040540383418,3.43653117879246,1.59183930516714,0.111420816062957,1.75056150807784,3.47198863401835,0.504195633282303,0.614123908697648,3.71984389575635,4.94520729645183,0.752211924144277,0.451923623924694
0,"",160447.425178903,0,0.424040576209101,0.130201873415179,0.493700772578259,3.36017118102002e-05,0.047381834326575,0.00974565848937619,-0.422007399162834,0.155108980789517,49.8641591054825,-2.72071544158684,0.00894505824239238,-0.0940808619802661,0.117682254204729,19019.7420304321,-0.799448163327973,0.424040576209101,3.67837937755148,2.38874682025121,47.6738014418053,1.53987829365887,0.130201873415179,-1.72580184601431,2.50236294074538,48.3300033898696,-0.689668879727031,0.493700772578259,-0.327926537182568,0.195236868370748,-1.67963428177842,0.0930284933866901,-0.5160882611431,0.194160714309876,-2.65804677829643,0.00785949831558045,0.188161723960532,0.235364508409458,0.799448163327973,0.424030592580085,5.4041812235658,3.44167965818172,1.57021622007113,0.116364817284009,1.95257753153718,3.47716902773083,0.561542310990678,0.574427894949805,3.45160369202862,5.00472588149077,0.689668879727031,0.490402440526231
0,"",160520.470767799,0,0.227411157391554,0.124419108646603,0.505495412869492,7.6610789698952e-05,0.0489981942499284,0.00925430955538368,-0.408594909740244,0.160339353228515,50.1315101462926,-2.54831332117148,0.0139343330263477,-0.14231783416987,0.117901252965692,19017.7265678951,-1.20709348365689,0.227411157391554,3.7892176621183,2.42251635994972,47.4861472717537,1.5641659741761,0.124419108646603,-1.65801548543504,2.4713760250272,48.1856448983713,-0.670887581915742,0.505495412869492,-0.266277075570375,0.199549567861688,-1.33439063999846,0.182075865973155,-0.550912743910114,0.19849130271992,-2.77550067111745,0.00551167855838127,0.28463566833974,0.235802505931384,1.20709348365689,0.227396144137207,5.44723314755335,3.44284740372177,1.58218837746477,0.113606572841346,2.13120217668326,3.47841511284852,0.612693455939477,0.540079050370573,3.31603097087008,4.94275205005442,0.670887581915742,0.502292147829664
0,"",160537.698375748,0,0.117990020939368,0.132202701781846,0.379134571302156,0.000128515876648226,0.046914017928843,0.0160351192858757,-0.385660681567624,0.170094554649414,50.0698728174679,-2.26733114627049,0.0277193786000074,-0.184373856540256,0.11793610170225,19014.8341899922,-1.56333687377373,0.117990020939368,3.78485135564216,2.47098250921745,47.6637014724347,1.53171920137986,0.132202701781846,-2.20622244725338,2.48552108345409,48.3471745098976,-0.887629745706048,0.379134571302156,-0.201286825027368,0.207490726983363,-0.970100341127568,0.331996478993752,-0.57003453810788,0.206469759112871,-2.76086212604268,0.00576490077013641,0.368747713080513,0.2358722034045,1.56333687377373,0.117973379545196,5.99107380289555,3.48678687529718,1.71822196686023,0.0857561362455387,1.57862890838879,3.52270585212024,0.448129640866451,0.654059637287523,4.41244489450676,4.97104216690819,0.887629745706048,0.374739947671645
0,"",160576.272322937,0,0.150804095189652,0.12682522913471,0.180734908314119,0.00010855391147436,0.0480400719687872,0.0365179941198962,-0.391577118930477,0.174855321774419,49.7790292003859,-2.23943495088844,0.0296261223760755,-0.169603757673017,0.118046407514112,19013.9683566998,-1.43675492752917,0.150804095189652,3.85506171823057,2.48106750715524,47.8410305882997,1.55379154622469,0.12682522913471,-3.4116330917683,2.51228754703248,48.6544580099584,-1.35797874562493,0.180734908314119,-0.22197336125746,0.211474124611059,-1.04964785486504,0.293880046439198,-0.561180876603494,0.210469404854085,-2.66632994468983,0.00766843913953955,0.339207515346034,0.236092815028225,1.43675492752917,0.150787641561233,7.26669480999888,3.51280095103907,2.0686326698498,0.0385805697941557,0.443428626462278,3.54891516754783,0.124947654572614,0.900564991061129,6.8232661835366,5.02457509406496,1.35797874562493,0.174470428498032
0,"",160611.143429541,0,0.406275122685874,0.0969733313920722,0.225439889327603,3.62706807895086e-05,0.0566339665978361,0.0300652395953915,-0.429426056494493,0.172137516942364,49.1999823460393,-2.49466858894146,0.0160130217796449,-0.0981320699071224,0.118162380595785,19014.8102245421,-0.830484875239752,0.406275122685874,4.15208170818786,2.45251057460205,47.7433908275579,1.69299237735665,0.0969733313920722,-3.06460129661814,2.4960542273048,48.6315133115803,-1.22777833233505,0.225439889327603,-0.33129398658737,0.209298568815711,-1.58287745808275,0.11344939754329,-0.527558126401615,0.208282152250226,-2.53290126255186,0.0113122812472825,0.196264139814245,0.23632476119157,0.830484875239752,0.406264695713911,7.216683004806,3.48130295793505,2.07298333181741,0.0381738308187919,1.08748041156972,3.51720334405546,0.309188950763312,0.757177798419509,6.12920259323629,4.99210845460962,1.22777833233505,0.21953019166453
0,"",160678.940422629,0,0.70314126105864,0.0534434964065978,0.304914210151462,7.63757762494267e-06,0.0757556067132915,0.0217029987010219,-0.467252324224949,0.181876801123693,48.8963767164526,-2.569059502576,0.0133002169640138,-0.0451086552618862,0.11836768421119,19014.9200965197,-0.381089277554878,0.70314126105864,4.75352341216419,2.40047812007696,47.8418334524094,1.98024025814149,0.0534434964065978,-2.5637557078516,2.47244752980662,48.4674410642451,-1.0369302793868,0.304914210151462,-0.422143668963063,0.217493611958799,-1.94094743823111,0.0522646531626137,-0.512360979486836,0.21651024839977,-2.36645139559768,0.0179595322753591,0.0902173105237725,0.236735368422379,0.381089277554878,0.703137003453812,7.31727912001579,3.42825783875557,2.13440163026708,0.0328099182574769,2.1897677043126,3.46375983235576,0.632193861669475,0.527260207861864,5.1275114157032,4.94489505961325,1.0369302793868,0.299768351185662
0,"",160645.42678939,0,0.930542102214866,0.0303481945147855,0.322184621966155,3.99531912881723e-07,0.0946050494147036,0.0202274487988166,-0.428441167124207,0.186870737800224,49.1206535828014,-2.29271405554269,0.0261856178363904,-0.0103084441384054,0.118264979035771,19016.1361103254,-0.0871639619983151,0.930542102214866,5.30741411901239,2.3778461743922,47.6784567428734,2.23202584598182,0.0303481945147855,-2.40594548125285,2.40547547980244,48.4567020925132,-1.00019538816935,0.322184621966155,-0.418132722985801,0.221631423582155,-1.88661299118898,0.0592123981383759,-0.438749611262612,0.220667324055036,-1.98828536640606,0.0467801382882649,0.0206168882768109,0.236529958071541,0.0871639619983151,0.930541184454701,7.71335960026525,3.36485817577719,2.29232829359403,0.0218867063473068,2.90146863775954,3.39980277117809,0.853422634500097,0.393424973915233,4.81189096250571,4.81095095960489,1.00019538816935,0.317215960666719
0,"",160632.669393019,0,0.98460628781202,0.0358410224037362,0.325202351003935,1.95775917691901e-08,0.0889742449340774,0.0200693028347684,-0.369134346700446,0.184074724077349,49.4256710858466,-2.00535053658608,0.0504168358500124,-0.00228107369371922,0.118223376301584,19015.7140987548,-0.0192946079284716,0.98460628781202,5.18616700433923,2.40126190791607,47.761754956695,2.15976732369025,0.0358410224037362,-2.42796305282454,2.44271791474808,48.2392546123114,-0.993959653779728,0.325202351003935,-0.366853273006727,0.219256111232873,-1.67317239617139,0.0942933627976202,-0.371415420394165,0.218282613104282,-1.70153460741614,0.0888426450083616,0.00456214738743843,0.236446752603168,0.0192946079284716,0.984606085379005,7.61413005716378,3.4076247379637,2.23443913067545,0.0254541934113553,2.75820395151468,3.44295698028566,0.80111484613608,0.423065162240301,4.85592610564909,4.88543582949617,0.993959653779728,0.320242510202912
0,"",160662.857042441,0,0.771334012684325,0.0231292197104692,0.418850553826355,4.44193627598709e-06,0.102877503996664,0.0135418535127147,-0.364622922643859,0.183022403078993,49.9186312375721,-1.99223109581009,0.0518290525126064,0.034386332015853,0.11831467936571,19016.0446795614,0.290634536645829,0.771334012684325,5.65369995634254,2.40949063772032,48.0116194459608,2.34642951827015,0.0231292197104692,-2.02168018342871,2.47945281636095,48.4299213935972,-0.815373525194117,0.418850553826355,-0.399009254659712,0.218423508783874,-1.82676881660446,0.0677345363248718,-0.330236590628006,0.217444929982241,-1.51871368375881,0.128834580728523,-0.0687726640317059,0.23662935873142,-0.290634536645829,0.771330843270962,7.67538013977125,3.43951574473504,2.23152929348271,0.0256460893462004,3.63201977291384,3.47511068102356,1.04515225737905,0.295952605016572,4.04336036685742,4.9589056327219,0.815373525194117,0.414858533947022
0,"",160712.889136163,0,0.695881188249393,0.0111710531364991,0.601870753008973,8.03489586183368e-06,0.126128900852071,0.00566506617093823,-0.393194055343394,0.185306192643547,50.3032498564707,-2.12186138916435,0.0387968549901191,0.0463090850088654,0.118470174906322,19016.5004972368,0.390892349449838,0.695881188249393,6.24421874655284,2.36634725041873,48.242747288981,2.63875842628249,0.0111710531364991,-1.31083432819097,2.49607723834304,48.4069013338819,-0.52515775876436,0.601870753008973,-0.439503140352259,0.220425662792334,-1.99388371927602,0.0461647635619731,-0.346884970334529,0.219453097338189,-1.58067930934673,0.113951381581923,-0.0926181700177308,0.236940349812644,-0.390892349449838,0.695876809230976,7.55505307474382,3.42172778163809,2.20796438433421,0.0272467560008234,4.93338441836188,3.45713476263845,1.4270153630334,0.153575466409891,2.62166865638194,4.99215447668609,0.52515775876436,0.599473526866708
0,"",160614.188227197,0,0.676407951567087,0.0283969743587567,0.66262150487004,9.16036671942374e-06,0.0956453068815151,0.00393595782882974,-0.434835121106822,0.182959222833633,50.2673518051795,-2.37667778848308,0.0213173815643766,-0.0493197280385046,0.118166116593372,19016.8500230602,-0.417376228146868,0.676407951567087,5.29290827308923,2.34242223102088,48.2762474654777,2.25958761959942,0.0283969743587567,-1.10517243904465,2.51764366525701,48.7650184707073,-0.43897095299697,0.66262150487004,-0.385515393068318,0.21828888457973,-1.76607889957635,0.0773826129146495,-0.484154849145327,0.217312170690526,-2.22792330317666,0.0258856299245534,0.0986394560770092,0.236332233186744,0.417376228146868,0.676403239826471,6.39808071213389,3.4211131669521,1.87017511549727,0.0614595041424741,4.18773583404458,3.4564328094274,1.21157738771098,0.225674194697179,2.21034487808931,5.03528733051402,0.43897095299697,0.660682583576401
0,"",160463.255250741,0,0.500882262536083,0.0700965958196158,0.660751884513967,2.38276045656974e-05,0.0665124493384785,0.00397336936109651,-0.447149916094769,0.183298224534323,49.8786204229954,-2.43946670640577,0.0183085704992039,-0.0792195044121928,0.117690877796598,19014.6311751516,-0.673115078206023,0.500882262536083,4.40639440936331,2.37869872362938,48.1607726029899,1.85243905232357,0.0700965958196158,-1.12676073751446,2.55174726728455,48.876500768071,-0.441564394703361,0.660751884513967,-0.367930411682577,0.218312825916529,-1.68533575678808,0.0919238107115041,-0.526369420506962,0.2173436764856,-2.42182992861003,0.0154425758589182,0.158439008824386,0.235381755593197,0.673115078206023,0.500874081994638,5.53315514687777,3.47060997051999,1.59428895608479,0.110871330126307,3.27963367184885,3.50629575197355,0.935355686981876,0.349605025678248,2.25352147502892,5.10349453456911,0.441564394703362,0.65880445386584
0,"",160435.697233025,0,0.580024925345597,0.0907668288404511,0.674730678592285,1.61049585736209e-05,0.0586977662183847,0.00363314570176697,-0.431640427742235,0.186363526593437,49.6496446722742,-2.31612073259315,0.0247208883127708,-0.0650731607660774,0.117596894658331,19012.7741977917,-0.553357815741159,0.580024925345597,4.15739982947576,2.40836838915565,47.7865047818955,1.72623085745338,0.0907668288404511,-1.08719155290616,2.57506687924971,48.8845441384449,-0.422199346225496,0.674730678592285,-0.366567266976157,0.220842312129287,-1.65985975894673,0.0969426684940705,-0.496713588508312,0.219885107564476,-2.25896875877627,0.0238853282818553,0.130146321532155,0.235193789316662,0.553357815741159,0.580018418707267,5.24459138238192,3.50777121766283,1.49513496090441,0.134879223329218,3.07020827656961,3.54372072058766,0.866379864172951,0.386281882503294,2.17438310581232,5.15013375849943,0.422199346225496,0.672879518666482
0,"",160461.651205028,0,0.449302882805997,0.117620343278613,0.521766064321108,3.01058304987516e-05,0.0508634647898707,0.00847908573449021,-0.457649976300485,0.182555039855341,49.4850162201314,-2.50691504689836,0.0155105079659313,-0.0890380950495145,0.117682889308097,19013.4701603537,-0.756593380507596,0.449302882805997,3.92653458436476,2.46358024686574,47.4032565107324,1.59383263011637,0.117620343278613,-1.61863346133708,2.50836739075014,48.693118403764,-0.645293615004703,0.521766064321108,-0.36861188125097,0.217684780084185,-1.69332867970107,0.0903929219989458,-0.546688071349999,0.216713051163686,-2.52263566229373,0.0116479011966468,0.178076190099029,0.235365778616194,0.756593380507596,0.449293508339547,5.54516804570185,3.49780275586893,1.58532897156584,0.112891609862986,2.30790112302769,3.53378622450302,0.653095851419895,0.513694486626557,3.23726692267415,5.01673478150029,0.645293615004703,0.518736929650329
0,"",160525.974017419,0,0.401061049488329,0.170439844741403,0.525151826769943,3.70839804397176e-05,0.0391524423682292,0.00836448167413985,-0.483476495484951,0.178593529212537,49.7269893609556,-2.70713333017561,0.00927678115819643,-0.0989970423954616,0.117889188103963,19014.8996327665,-0.839746578864883,0.401061049488329,3.44352820189597,2.47403303952685,47.5435853522684,1.3918683165826,0.170439844741403,-1.58523893585136,2.47676358953329,48.5661181675692,-0.640044509112831,0.525151826769943,-0.38447945308949,0.214487986145716,-1.79254540078663,0.0730456434484427,-0.582473537880413,0.213499233010231,-2.72822309320661,0.00636765268083004,0.197994084790923,0.235778376207926,0.839746578864883,0.40105049173761,5.02876713774734,3.48274825370082,1.44390773361344,0.148764930934709,1.85828926604461,3.51864452872984,0.528126456330447,0.597411569408696,3.17047787170273,4.95352717906658,0.640044509112831,0.52214366333189
0,"",160622.34610163,0,0.534601438146395,0.180208824215196,0.710354337716436,2.02799411968855e-05,0.037231107820592,0.00283699112971567,-0.460642372157332,0.175177456669868,49.9103308601729,-2.6295756366953,0.0113355655321261,-0.0733989745308957,0.118193177905928,19016.0217767543,-0.621008554227344,0.534601438146395,3.36657035688222,2.47543394137993,47.8287243519025,1.35999200003112,0.180208824215196,-0.923858251755046,2.47323230031832,49.0443571553078,-0.373542853874316,0.710354337716436,-0.387243397626436,0.211823631057783,-1.82814068332537,0.0675284405348931,-0.534041346688228,0.210818136276622,-2.53318502914519,0.011303127101003,0.146797949061791,0.236386355811856,0.621008554227344,0.534593994857523,4.29042860863727,3.48123601602957,1.23244404828679,0.217783255241993,2.44271210512717,3.51714347441868,0.694515911248377,0.487358725992851,1.84771650351009,4.94646460063665,0.373542853874316,0.708744456824992
0,"",160787.731485404,0,0.263952329033651,0.103033600380075,0.639733654809603,6.56218735058083e-05,0.0546405907852129,0.00448466098023412,-0.459452697226966,0.175005673063728,50.2561773455297,-2.62535887656428,0.0114389331595895,-0.132615657713802,0.118710902576694,19016.5297669651,-1.11713123929898,0.263952329033651,4.12177308074044,2.47982440005969,47.7977951929001,1.6621229634813,0.103033600380075,-1.15242122280111,2.44684888917729,49.240962643175,-0.47098177083939,0.639733654809603,-0.326837039513163,0.211975341890283,-1.5418634856234,0.123106770759946,-0.592068354940768,0.210962040236204,-2.80651606458611,0.00500804152860909,0.265231315427604,0.237421805153388,1.11713123929898,0.263938215234995,5.27419430354156,3.46580633462684,1.5217798671689,0.128064247712186,2.96935185793934,3.50162584152842,0.847992330512173,0.396442241995813,2.30484244560223,4.89369777835458,0.47098177083939,0.637653752668561
0,"",160805.034434491,0,0.237591415395936,0.0643911967334582,0.577959037466292,7.33503290467267e-05,0.0696664282329592,0.00635075188140271,-0.52582320254117,0.176528242527379,50.1291344431762,-2.97869165303459,0.00445272222235886,-0.140269461293753,0.118765168703538,19015.7804689058,-1.18106565102344,0.237591415395936,4.71021810314188,2.48801895577459,47.8618865412035,1.89316005499462,0.0643911967334582,-1.35195001591195,2.41376744537407,49.0838230627378,-0.560099531751882,0.577959037466292,-0.385553741247416,0.213264914299759,-1.80786296945916,0.0706278303638437,-0.666092663834923,0.212256561129889,-3.13814875869638,0.00170018566670714,0.280538922587507,0.237530337407076,1.18106565102344,0.237576643986493,6.06216811905384,3.44861082944844,1.75785799525063,0.0787716744811082,3.35826808722993,3.4842655691399,0.963838151997965,0.335127075628418,2.70390003182391,4.82753489074815,0.560099531751882,0.575411549820515
0,"",160845.590741262,0,0.431922789165886,0.0619540554503407,0.598664504722976,3.2482219240443e-05,0.0706494381933877,0.00574696174023078,-0.507497324339643,0.176038585175702,49.9766562413876,-2.88287550046551,0.00579632195022911,-0.0934398762063153,0.118891999306445,19015.1365216416,-0.785922322371526,0.431922789165886,4.7131367562371,2.46606131309355,48.0488718984606,1.91120015192352,0.0619540554503407,-1.29471247263385,2.44377458899662,48.5604827328556,-0.529800284553019,0.598664504722976,-0.414057448133328,0.212931576333762,-1.94455634651532,0.0518283975729257,-0.600937200545958,0.211919620940376,-2.83568457644152,0.00457275833317463,0.186879752412631,0.23778399861289,0.785922322371526,0.431912996063284,6.00784922887096,3.45389704897839,1.7394407371372,0.0819572679126963,3.41842428360326,3.48963901551192,0.979592521864839,0.327287297757339,2.5894249452677,4.88754917799325,0.529800284553019,0.59625040791539
0,"",160949.777367118,0,0.395714681004102,0.0565292114978913,0.511468297597947,3.79286391887683e-05,0.0728466158983896,0.00886223218437126,-0.421985838456669,0.171639356977363,50.0465289542259,-2.45856105434095,0.0174525878774837,-0.1012576021314,0.119222153805019,19017.6835695824,-0.84931867861573,0.395714681004102,4.81737940821396,2.46598551931366,48.5716510493299,1.95353110165657,0.0565292114978913,-1.63145889556701,2.46672950355824,48.9215397366524,-0.661385406552944,0.511468297597947,-0.320728236325269,0.209499159470361,-1.53092851129383,0.125787061839033,-0.523243440588069,0.208466025587462,-2.50996985774328,0.0120741467437012,0.2025152042628,0.238444307610038,0.84931867861573,0.395703990016312,6.44883830378097,3.469962983095,1.8584746682309,0.0631016374385821,3.18592051264695,3.50585723416245,0.908742227607586,0.363486208441096,3.26291779113402,4.93345900711649,0.661385406552944,0.508365182331568
0,"",160967.169617807,0,0.422822919873455,0.0419048777260031,0.394248805305817,3.37813940304584e-05,0.0824393259137784,0.0147713438065578,-0.390024938590948,0.177952534278265,50.0821657102544,-2.19173579164129,0.0330756308450755,-0.0956016392052014,0.119270857433063,19018.2151541007,-0.801550699498033,0.422822919873455,5.12871174276327,2.45432736064843,48.6017562271098,2.08966082723711,0.0419048777260031,-2.10767634943463,2.45232295478182,49.2685233997569,-0.85946116734945,0.394248805305817,-0.294423299385746,0.214730156808908,-1.37113158096261,0.17033394175653,-0.485626577796149,0.213720012012381,-2.27225599148861,0.0230710532060425,0.191203278410403,0.238541714866125,0.801550699498033,0.422812905495077,7.23638809219791,3.45160319406814,2.09652955027804,0.0360352413864428,3.02103539332864,3.48735669616018,0.866282303916603,0.386335368189716,4.21535269886927,4.90464590956364,0.85946116734945,0.390086135541107
0,"",161077.760991187,0,0.317230147142454,0.0418808534528135,0.404674386388437,5.25933095044029e-05,0.0825791527284427,0.0140697884835275,-0.410411580129614,0.184692418111915,50.1605099071396,-2.22213550683452,0.0308129243468708,-0.119644793772593,0.119621782636184,19020.1408587242,-1.00019236577069,0.317230147142454,5.01243902429215,2.39829306181755,48.5279432405445,2.09000272072399,0.0418808534528135,-1.9965672549492,2.37547610954183,49.5022752150976,-0.840491405882538,0.404674386388437,-0.290766786357022,0.220541500021879,-1.31842209438213,0.187362388582632,-0.530056373902207,0.219551285913496,-2.4142713247922,0.0157667165135725,0.239289587545186,0.239243565272369,1.00019236577069,0.317217423047127,7.00900627924136,3.3581258531851,2.08717796344455,0.0368720506813901,3.01587176934296,3.39299034317846,0.888853625948659,0.374081751114854,3.9931345098984,4.75095221908367,0.840491405882538,0.400632918194377
0,"",161106.174642791,0,0.326346009393694,0.0754708339803029,0.49224875594237,5.06381028781193e-05,0.0630241480675899,0.00955467361246809,-0.416786660444025,0.180701445636307,50.2176628906877,-2.3064932268604,0.0252465468829625,-0.117516720537947,0.119728613205242,19024.0948785013,-0.981525780612667,0.326346009393694,4.25978460179765,2.34556399709187,49.0345415701676,1.81610248412711,0.0754708339803029,-1.58586351432913,2.29216687969512,49.619661807454,-0.691862153832389,0.49224875594237,-0.299269939906078,0.217269258327204,-1.37741502046913,0.168383971578103,-0.534303380981973,0.216263672252532,-2.47061087706892,0.0134882498148822,0.235033441075895,0.239457226410484,0.981525780612667,0.326333527477886,5.84564811612678,3.2627067513694,1.79165599656583,0.0731880873269202,2.67392108746852,3.29638341098518,0.811168105796704,0.417269138853203,3.17172702865826,4.58433375939024,0.691862153832389,0.489023899799005
0,"",161135.078094191,0,0.313152301386748,0.0941934029353797,0.516587251752972,5.34767043314402e-05,0.0557189836039309,0.00854232019944049,-0.421903662626362,0.184243402734645,49.9565945332922,-2.28992548098998,0.0262850554371295,-0.120852312348509,0.119815150491782,19023.8579250317,-1.00865634982279,0.313152301386748,3.99500656078321,2.34100002974485,49.3548945643869,1.70653844939021,0.0941934029353797,-1.5005916568825,2.29695935684023,49.5355247793487,-0.653294823181704,0.516587251752972,-0.301051350277853,0.220272003751894,-1.36672543559801,0.171711382115023,-0.542755974974872,0.219278014949843,-2.47519558720477,0.0133163227935495,0.241704624697018,0.239630300983565,1.00865634982279,0.31313947260549,5.49559821766572,3.26279517376296,1.68432216090588,0.0921194248391505,2.49441490390072,3.29647910755577,0.75669064553855,0.449235220434587,3.001183313765,4.59391871368046,0.653294823181704,0.513566229187557
0,"",161206.633840189,0,0.26664673230419,0.163080649524181,0.417641338661798,6.48704662315801e-05,0.0392294298279183,0.0132896381984321,-0.386229884155165,0.187822513966687,49.7537612179314,-2.05635563063366,0.0450123862708171,-0.133335444268077,0.120030049261767,19021.1190114536,-1.11085053358008,0.26664673230419,3.32364595064538,2.34717000788294,49.107532246575,1.41602267389365,0.163080649524181,-1.93086125694218,2.36236362986696,49.6003992796548,-0.8173429494641,0.417641338661798,-0.252894439887088,0.223391924094073,-1.13206616986114,0.257606616388098,-0.519565328423242,0.222407435142454,-2.3360969388926,0.0194861898179931,0.266670888536154,0.240060098523534,1.11085053358008,0.266632690680909,5.25450720758756,3.31294262983153,1.58605439172811,0.112726971612276,1.3927846937032,3.3472898085902,0.416093249568317,0.677341769372297,3.86172251388436,4.72472725973393,0.8173429494641,0.413732468716852
0,"",161215.001975145,0,0.401276335777524,0.141478744539416,0.468765280441313,3.7038438469279e-05,0.0435920528442875,0.0106393076112987,-0.323494406817,0.177853300963311,49.8907383899394,-1.81888334410917,0.0749337115338401,-0.1007748533598,0.12006114726421,19020.8805035835,-0.83936273853882,0.401276335777524,3.51029208279567,2.34893381162278,48.9982766164571,1.49441932566442,0.141478744539416,-1.79077266152981,2.45277520113944,49.5686058465431,-0.730100606324585,0.468765280441313,-0.2227195534572,0.215094427564208,-1.03545013220166,0.300458743766838,-0.4242692601768,0.214073208792493,-1.9818886378634,0.0474917058937101,0.2015497067196,0.24012229452842,0.83936273853882,0.401265786759342,5.30106474432549,3.37855087341306,1.56903505169667,0.116639771828011,1.71951942126586,3.4135885037858,0.503727798285837,0.614452671194879,3.58154532305962,4.90555040227888,0.730100606324585,0.465328690759229
0,"",161296.463527593,0,0.532656838343642,0.143961706377028,0.677461740678235,2.04703158665348e-05,0.04330232106881,0.00354700839669852,-0.276223614991447,0.184578921141381,49.7955136244582,-1.49650682365766,0.140833500946948,-0.0750674491833087,0.120306790267347,19019.0842674202,-0.623966851883363,0.532656838343642,3.49446147702914,2.35303306400576,48.7268121269724,1.48508813177501,0.143961706377028,-1.04016044336464,2.48592601619887,49.1834362133433,-0.418419710235426,0.677461740678235,-0.201156165808138,0.220824520487471,-0.91093219794652,0.362331099413231,-0.351291064174756,0.219824327543095,-1.59805362809941,0.110031042549461,0.150134898366617,0.240613580534694,0.623966851883363,0.532649354720432,4.53462192039378,3.40525892684762,1.33165260492883,0.18297437017374,2.4543010336645,3.4405518681982,0.713345163126347,0.47563219705281,2.08032088672928,4.97185203239775,0.418419710235426,0.675640278140398
0,"",161353.9758255,0,0.670841264737492,0.193898244984597,0.717652332865241,9.49983905881245e-06,0.0349562478423285,0.00268805813120502,-0.265072653727012,0.200823885858107,49.455131784271,-1.31992592710959,0.192937006075481,-0.051194241973828,0.120456954605603,19013.3263188814,-0.425000301073914,0.670841264737492,3.1523876825343,2.39250521983048,47.9286999854384,1.31760953180184,0.193898244984597,-0.937006295207627,2.57639347170277,49.0741742001075,-0.363689128038486,0.717652332865241,-0.213878411753184,0.234652488609491,-0.911468755437414,0.362048440983539,-0.31626689570084,0.233705865731662,-1.35326896785712,0.175969719191114,0.102388483947656,0.240913909211206,0.425000301073914,0.670836455262366,4.08939397774193,3.49784882734156,1.16911684283679,0.242356558841873,2.21538138732668,3.53395284022902,0.626884819205201,0.530734738980139,1.87401259041526,5.15278694340554,0.363689128038486,0.716090162775846
0,"",161407.395619763,0,0.954209764474577,0.206361828552424,0.644727999904176,1.73437432544681e-07,0.0335180028453071,0.004384622342973,-0.240752297318935,0.201587254385731,49.6227271639058,-1.19428332933322,0.238044798567525,-0.00692612740671729,0.120618333814526,19011.2814436805,-0.0574218461462712,0.954209764474577,3.1207908803033,2.43581648377559,47.3321074117163,1.28120936084067,0.206361828552424,-1.21221059754116,2.61268453415703,48.8811716579732,-0.463971283824464,0.644727999904176,-0.233826169912217,0.2353901626306,-0.99335574307395,0.320536621184714,-0.247678424725652,0.234443764051595,-1.05645132310341,0.29076206862196,0.0138522548134346,0.241236667629052,0.0574218461462712,0.954209161003298,4.33300147784446,3.55368853713867,1.21929691715,0.222731518303105,1.90858028276214,3.59025662262764,0.531599961610903,0.595003091374259,2.42442119508232,5.22536906831406,0.463971283824464,0.642668319625999
0,"",161443.951134722,0,0.995207936547011,0.172450872703889,0.573154270064537,1.89734662456046e-09,0.0387827791988165,0.00657768591983958,-0.207184634477163,0.196019338696864,49.7580454007013,-1.0569601747181,0.295634485581484,0.000725181916076048,0.120741382733539,19012.3132422216,0.00600607595886517,0.995207936547011,3.40067617304138,2.4549849111203,47.5571168695509,1.38521265757578,0.172450872703889,-1.47048908275865,2.59230403783104,48.5973418273959,-0.567251781156424,0.573154270064537,-0.207909816393239,0.230704580819763,-0.901195007287989,0.367484645079399,-0.206459452561087,0.229737941324246,-0.898673729602616,0.368826473872235,-0.0014503638321521,0.241482765467078,-0.00600607595886517,0.995207873532451,4.87116525580004,3.55194107445226,1.37140936566669,0.170247379519141,1.93018709028274,3.58855080504456,0.537873697529766,0.590664248232453,2.9409781655173,5.18460807566209,0.567251781156424,0.570543132106611
0,"",161390.432416907,0,0.966768047832877,0.139767039650476,0.589914004581376,9.13019293033644e-08,0.0449705431068789,0.00599171905999482,-0.188590668151329,0.196522505121639,49.9122828149205,-0.959639039989841,0.341862718606859,0.0050228896400765,0.120560905376753,19011.407750744,0.0416626735207401,0.966768047832877,3.78028989946307,2.51751137198078,47.8846110766733,1.50159794372199,0.139767039650476,-1.43220883773088,2.6398200412722,48.8317867969013,-0.542540330529749,0.589914004581376,-0.193613557791405,0.23103674195367,-0.838020637558292,0.402019112942591,-0.183567778511252,0.23007407006555,-0.797863829065796,0.424949515719248,-0.010045779280153,0.241121810753506,-0.0416626735207401,0.966767610324537,5.21249873719396,3.62920013411889,1.43626654484831,0.150926509915251,2.3480810617322,3.66632419505168,0.640445562588635,0.521882969524998,2.86441767546176,5.27964008254442,0.542540330529749,0.587446331983615
0,"",161354.365904655,0,0.541102198426273,0.136877716437099,0.652265038012132,1.96479378900116e-05,0.0454631784136265,0.00414375688107463,-0.244098822190511,0.199052687674105,49.810197873493,-1.22630256864533,0.225850615600976,0.0736053723509666,0.120435885887475,19009.9815498297,0.611158142845703,0.541102198426273,3.8753421339164,2.56168363382644,48.0509528716979,1.51281059173093,0.136877716437099,-1.21481847931421,2.67950806162263,49.3986438818173,-0.453373698222262,0.652265038012132,-0.317704194541478,0.233127429396485,-1.36279199476417,0.172948074768293,-0.170493449839545,0.232174830295101,-0.734332182445629,0.462746308300943,-0.147210744701933,0.240871771774951,-0.611158142845703,0.541094890845601,5.09016061323062,3.68825183055473,1.38010115552902,0.167555501563069,2.66052365460219,3.72569073040684,0.714102121490814,0.475164034220322,2.42963695862843,5.35901612324526,0.453373698222262,0.650279672463462
0,"",161316.00871418,0,0.424801938722009,0.0943643361409574,0.690890932027442,3.35115922170324e-05,0.0572103247664723,0.00322129586134577,-0.320654835496195,0.206288625339452,49.8012779937217,-1.55439901239611,0.126421886048992,0.0960183842420144,0.120303389706992,19008.3071766166,0.798135318347009,0.424801938722009,4.39576457366336,2.57578019034795,47.9945204047673,1.70657596876291,0.0943643361409574,-1.07556533753315,2.68903841617417,49.5048464971372,-0.39998139523176,0.690890932027442,-0.41667321973821,0.239268325528996,-1.74144746830568,0.0816051737866622,-0.224636451254181,0.238341086339341,-0.942499905091279,0.345936759696107,-0.192036768484029,0.240606779413984,-0.798135318347009,0.424791967802528,5.47132991119651,3.70484826525773,1.4768026972937,0.139728533343779,3.32019923613022,3.74235777508186,0.887194500279332,0.374974192906551,2.15113067506629,5.37807683234834,0.39998139523176,0.68917021999156
0,"",161317.54897036,0,0.693424965887599,0.061328115020093,0.847312511174678,8.1755137585565e-06,0.0715718379321804,0.00075797798180229,-0.384011262092566,0.204608369759246,50.0577266531531,-1.87681111258751,0.066378638894722,0.0474296682274662,0.12031348375076,19008.7239895288,0.39421739566382,0.693424965887599,4.87676121411177,2.54478917835285,47.6393140662355,1.91637140537839,0.061328115020093,-0.519668658968807,2.68476286888833,49.3918490393014,-0.19356221921528,0.847312511174678,-0.431440930320032,0.237826230574898,-1.81410153655931,0.0696620950567824,-0.336581593865099,0.236893483967155,-1.42081406473707,0.155370820757073,-0.0948593364549323,0.240626967501521,-0.39421739566382,0.693420543584581,5.39642987308059,3.68044524455287,1.46624375979167,0.142581890962972,4.35709255514297,3.71781253571165,1.17195057935027,0.241216898411002,1.03933731793762,5.36952573777666,0.19356221921528,0.846518683338575
0,"",161348.463136609,0,0.744699761056315,0.0738081992766715,0.943438033286593,5.57843184251333e-06,0.065248386429042,0.00010299777571378,-0.370702124387351,0.201299497858317,50.2700626934708,-1.84154520170868,0.0714454396262104,-0.0392103961432102,0.120409979651245,19009.1606104742,-0.32564075051569,0.744699761056315,4.7170085112771,2.58062644246175,47.8640541470912,1.82785405654349,0.0738081992766715,-0.193301337530719,2.71066529155393,49.3679789991382,-0.0713114002429663,0.943438033286593,-0.331491728244141,0.235035487800116,-1.4103901131988,0.15842452312681,-0.409912520530561,0.234090626787595,-1.75108472370618,0.0799313171990227,0.0784207922864204,0.240819959302489,0.32564075051569,0.744696176811653,4.91030984880783,3.72379168879741,1.31863172249402,0.187292263039456,4.52370717374639,3.76138987279694,1.2026690470091,0.229104416495755,0.386602675061439,5.42133058310787,0.0713114002429663,0.943149922248412
0,"",161510.375210755,0,0.282292949632458,0.148611698772789,0.795618689138477,6.08128380189289e-05,0.0429234512343019,0.00138452601775363,-0.341137586646604,0.208306338207244,49.9926314041665,-1.63767261996227,0.107769975339048,-0.130015909898282,0.120921054750811,19009.3585736316,-1.07521316421043,0.282292949632458,3.76793071228515,2.56665751386972,48.0531667701737,1.46803018787041,0.148611698772789,-0.69395084487765,2.66454856024164,48.9223498225183,-0.260438430446438,0.795618689138477,-0.211121676748322,0.241323770155381,-0.874848244797383,0.381656482709914,-0.471153496544885,0.240394887625988,-1.95991479352056,0.0500057502223271,0.260031819796563,0.241842109501621,1.07521316421043,0.282279302969814,4.46188155716281,3.68087332029128,1.21218014555571,0.225443429873224,3.07397986740751,3.71836943387116,0.826701037128314,0.408406533383696,1.3879016897553,5.3290971204833,0.260438430446438,0.794525602218604
0,"",161598.484461572,0,0.262271300479601,0.194668474104229,0.814918359325218,6.611134996356e-05,0.035135953269768,0.0011380777774145,-0.337388151982347,0.208495603896987,49.8044735042875,-1.61820271351641,0.111935421122685,-0.135879095004128,0.121204590683939,19009.1376152726,-1.12107218247579,0.262271300479601,3.36001929537873,2.55426081277882,47.5190166331164,1.31545662000088,0.194668474104229,-0.622175485741177,2.64351223725454,48.6179513988523,-0.235359411987193,0.814918359325218,-0.201509056978219,0.241631386155194,-0.833952327901621,0.404307848107977,-0.473267246986476,0.240699423595447,-1.96621678571991,0.0492735743068092,0.271758190008256,0.242409181367877,1.12107218247579,0.262257138384238,3.98219478111991,3.65717076058251,1.08887307752773,0.27620986004295,2.73784380963755,3.69457880202392,0.741043554988661,0.458667032071243,1.24435097148236,5.28702447450908,0.235359411987193,0.813929785823865
0,"",161639.824040943,0,0.261696057741271,0.199600624365366,0.762623836591248,6.6265710012946e-05,0.034280676555217,0.00189937750023539,-0.348186427471811,0.199823386172779,49.8359243559027,-1.74247085959573,0.0875945268289963,-0.136204462661356,0.121348412485298,19010.6445063474,-1.12242475918552,0.261696057741271,3.30416886850919,2.54021862456015,47.663267899645,1.3007419269203,0.199600624365366,-0.803078007092471,2.64394317397497,48.4813013949376,-0.303742536903736,0.762623836591248,-0.211981964810456,0.2342642996217,-0.904883779358497,0.365526961160969,-0.484390890133167,0.233302129590087,-2.07623861378481,0.0378718876131862,0.272408925322711,0.242696824970597,1.12242475918552,0.261681882143706,4.10724687560167,3.64776565675191,1.12596237315828,0.260181446224477,2.50109086141672,3.68511845792825,0.678700261598327,0.4973278003843,1.60615601418494,5.28788634794994,0.303742536903736,0.761324048314979
0,"",161681.480010529,0,0.183355163117478,0.162872953746665,0.652718895275793,9.3109005543344e-05,0.0402488803790951,0.00422024680691284,-0.356560858762451,0.19328492233387,49.5660558985104,-1.84474223057371,0.0710546024802944,-0.161653234066328,0.121494120458429,19011.9273360772,-1.33054367945023,0.183355163117478,3.56779271347384,2.51734935894793,47.8979657669037,1.41728151509527,0.162872953746665,-1.18515818542346,2.61741381654457,48.3763726759148,-0.4527974055658,0.652718895275793,-0.194907624696122,0.228790417717574,-0.851904667339358,0.394267006148103,-0.518214092828779,0.227804103948488,-2.27482334096123,0.0229165294573954,0.323306468132656,0.242988240916859,1.33054367945023,0.183339204862321,4.7529508988973,3.6128968111359,1.31555124526321,0.18832470670119,2.38263452805038,3.65003868419939,0.652769664706444,0.513904783036112,2.37031637084692,5.23482763308914,0.4527974055658,0.650694631991838
0,"",161668.632032254,0,0.384229644157687,0.156837580220621,0.715002426093656,3.98278412518613e-05,0.0416016553469976,0.00278242249998693,-0.408600097508198,0.195170783842966,49.913945389164,-2.09355155245447,0.0414011336604446,-0.105676455869556,0.121446308063971,19010.0728324398,-0.870149595769443,0.384229644157687,3.6701508331334,2.55144662589992,47.6683691243835,1.43845879270114,0.156837580220621,-0.966619957949008,2.63173238861903,48.349825768133,-0.367294167951564,0.715002426093656,-0.302923641638642,0.230360451693537,-1.31499847049111,0.188510416515181,-0.514276553377753,0.229381218743041,-2.24201683204874,0.0249602844674334,0.211352911739111,0.242892616127942,0.870149595769443,0.384218657105672,4.63677079108241,3.64676923469723,1.27147359557764,0.203560215145868,2.70353087518439,3.68413689337283,0.733830189656528,0.463052238449714,1.93323991589802,5.26346477723807,0.367294167951564,0.713399603858309
0,"",161693.858993811,0,0.420210544756313,0.115363564175488,0.67264766871315,3.41794338279364e-05,0.0512755308064511,0.00373951139076483,-0.438384502568403,0.198008916570153,50.0645570184369,-2.21396344246491,0.0314143557200107,-0.0979553391589351,0.121521594813205,19009.4519314722,-0.806073515653789,0.420210544756313,4.12707407015883,2.5732303058209,47.5945416305033,1.60384947310118,0.115363564175488,-1.11812251888015,2.6301716687229,48.1469348234444,-0.425113893582111,0.67264766871315,-0.340429163409468,0.232810063031313,-1.46226137726564,0.143669598033944,-0.536339841727338,0.231839454463249,-2.31341055804787,0.0207000771506035,0.19591067831787,0.243043189626409,0.806073515653789,0.420200461351201,5.24519658903899,3.66079655251288,1.43280199098705,0.151914432205526,3.00895155127868,3.69827027522399,0.81361050635934,0.415868117143179,2.2362450377603,5.2603433374458,0.425113893582111,0.670753650180552
0,"",161777.070762457,0,0.413898281300693,0.0931617826044472,0.563608385116873,3.51189959083096e-05,0.0578492395414906,0.00695211560354937,-0.396982990531727,0.195812520281658,50.1144135381437,-2.0273626526062,0.0479603201516297,-0.0995041023750889,0.121781512483146,19009.1152086219,-0.817070673094654,0.413898281300693,4.5337713616689,2.64642708297454,47.7993635114574,1.71316693017403,0.0931617826044472,-1.54708258241661,2.66050828814449,48.3004265800156,-0.581498877229805,0.563608385116873,-0.297478888156638,0.231083644500763,-1.28732125892906,0.197982336740466,-0.496487092906816,0.230101953506961,-2.15768308499735,0.030952479957141,0.199008204750178,0.243563024966291,0.817070673094654,0.413888041359016,6.08085394408552,3.73358138266327,1.62869195039425,0.103378247671078,2.98668877925229,3.77148927780573,0.791912308177093,0.428411809741674,3.09416516483323,5.32101657628899,0.581498877229805,0.560904274729133
0,"",161834.251970695,0,0.448703549005273,0.140307369136193,0.443366429165938,3.01875737538678e-05,0.0445059941330096,0.0121761283834002,-0.378193430150242,0.181643849087704,50.0566247098478,-2.08206020765194,0.0424689758504529,-0.0924122302574336,0.121981229855199,19012.1647028387,-0.757593855768907,0.448703549005273,4.0213412200733,2.68213120560746,48.2604396095432,1.49930816645583,0.140307369136193,-2.04297946616892,2.64344565772432,48.4571120969253,-0.77284715885844,0.443366429165938,-0.285781199892808,0.219317880431257,-1.30304560362731,0.192559192877634,-0.470605660407675,0.218283036491404,-2.15594243131306,0.0310881606764845,0.184824460514867,0.243962459710398,0.757593855768907,0.448694159568824,6.06432068624223,3.74681537219163,1.61852669102695,0.105549139449473,1.97836175390438,3.78479062374372,0.522713658582118,0.601173531854299,4.08595893233785,5.28689131544865,0.77284715885844,0.439612840146481
0,"",161857.296286185,0,0.255955817019205,0.137175155698606,0.306906110988976,6.78632248742942e-05,0.0450281039763377,0.0212596446030673,-0.339059178764596,0.173723246833498,50.0281753916805,-1.95172025013763,0.0565808100575011,-0.138682395104791,0.122075705127267,19016.0458909573,-1.13603599471501,0.255955817019205,3.95909606702942,2.6194410397981,48.4486584184166,1.51142782253063,0.137175155698606,-2.6767841977097,2.59256365350587,49.077152727061,-1.03248542965953,0.306906110988976,-0.200376783659805,0.212858055021722,-0.94136340595312,0.346518659866458,-0.477741573869386,0.211792202306301,-2.25570898582216,0.0240888624502511,0.277364790209581,0.244151410254533,1.13603599471501,0.255941500234541,6.63588026473912,3.66667270425779,1.80978254673057,0.070329515541195,1.28231186931972,3.7042174067902,0.346176190136443,0.729210307289711,5.3535683954194,5.18512730701175,1.03248542965953,0.301844769810366
0,"",161851.629124229,0,0.122770170747957,0.128960903929548,0.195956519930906,0.00012524989554276,0.0471435550339825,0.0336066359106221,-0.302623294562171,0.182064630555917,49.8545612236217,-1.66217509484483,0.102753577178835,-0.188355120178438,0.122045531246238,19014.2555031441,-1.54331845054133,0.122770170747957,4.03359412319391,2.61128003303481,48.2261554907639,1.54468079722039,0.128960903929548,-3.42611613962514,2.61359195907084,49.4148508683962,-1.31088409869579,0.195956519930906,-0.114268174383734,0.219702751091245,-0.520103520853395,0.602991424551396,-0.490978414740609,0.218668662492404,-2.24530762270366,0.0247483910272116,0.376710240356876,0.244091062492477,1.54331845054133,0.122753529107853,7.45971026281906,3.67568776641085,2.02947332224117,0.0424101035491065,0.607477983568763,3.71330205110624,0.163595090086406,0.870049910173854,6.85223227925029,5.22718391814169,1.31088409869579,0.189896923896594
0,"",161957.371412738,0,0.247676306576215,0.130337790698952,0.152971467938308,7.02864599957196e-05,0.0472052098102331,0.0410241155707149,-0.315051774192109,0.188774845478267,49.7914664575554,-1.66892878865251,0.101408410566626,-0.141475217403826,0.122378390985904,19012.9307200375,-1.15604737293957,0.247676306576215,3.9586685788392,2.57183788007791,47.8212090618098,1.53923721611849,0.130337790698952,-3.83120534003009,2.63941735017267,49.2519220411149,-1.45153449861935,0.152971467938308,-0.173576556788283,0.225478629992839,-0.769813781438157,0.441410363502033,-0.456526991595935,0.224464280338404,-2.03385140347352,0.0419665799552745,0.282950434807653,0.244756781971809,1.15604737293957,0.247661780419783,7.7898739188693,3.66637616734851,2.12467940094179,0.0336133734281795,0.127463238809102,3.70397541286268,0.0344125499231081,0.972548176008337,7.6624106800602,5.27883470034536,1.45153449861935,0.146631083067703
0,"",162049.764930316,0,0.195161103436781,0.154185351009214,0.138925537776147,8.82675774601358e-05,0.0421739802331522,0.0438624193638247,-0.349800382360557,0.189623832460493,49.6431000703166,-1.84470684840439,0.0710505402822024,-0.158924545025451,0.122673625268713,19012.534311103,-1.29550703892,0.195161103436781,3.7266400194588,2.57374389109602,47.6152720232939,1.4479451636005,0.154185351009214,-3.99539616168034,2.65628363160475,49.3172224838996,-1.50413009896333,0.138925537776147,-0.190875837335106,0.226352246433235,-0.843269021371992,0.399078004209806,-0.508724927386009,0.225336843152147,-2.2576198382371,0.023969370758034,0.317849090050903,0.245347250537426,1.29550703892,0.195145374741044,7.72203618113915,3.67974452454886,2.09852508227752,0.0358587865868979,-0.268756142221538,3.71745624466833,-0.072295710973598,0.942366577914032,7.99079232336069,5.31256726320951,1.50413009896333,0.132547871668954
0,"",162119.215163988,0,0.169155658362449,0.142886287646542,0.12743317995708,9.94382525139107e-05,0.0448271724912096,0.0464370364037387,-0.32628704758442,0.205715598632186,49.2301492689852,-1.58610746950605,0.119118054198294,-0.168956501538382,0.122879764399841,19010.4503568717,-1.37497416571057,0.169155658362449,3.81264576717601,2.55897633585928,47.299983276677,1.48991052154289,0.142886287646542,-4.10999725112148,2.650919861321,49.359953755652,-1.55040418652014,0.12743317995708,-0.157330546046038,0.240102311869832,-0.655264602913663,0.512297406682837,-0.495243549122802,0.239139222784302,-2.07094237137962,0.0383641818630091,0.337913003076764,0.245759528799681,1.37497416571057,0.169139454108388,7.92264301829749,3.66564881793067,2.16132079525556,0.0306705676470871,-0.297351483945473,3.70330808073964,-0.0802934774700367,0.936003845691155,8.21999450224297,5.30183972264201,1.55040418652014,0.121044534348152
0,"",162124.223239508,0,0.292968763734179,0.128001312232141,0.178096857487704,5.81795516099232e-05,0.0483613444498884,0.0364825014641846,-0.253689086171064,0.224345708181657,49.4271826875794,-1.13079536144122,0.263598407993115,-0.129225911471463,0.122877988006664,19008.830022831,-1.05166037927358,0.292968763734179,3.91091373860217,2.52441880985863,47.2288496863775,1.54923332187546,0.128001312232141,-3.6024536069711,2.63696433560005,49.2905062586174,-1.3661366436916,0.178096857487704,-0.124463174699601,0.256244838164017,-0.485719734264208,0.627165889946148,-0.382914997642526,0.255340118952128,-1.49962723920528,0.133710987699117,0.258451822942925,0.245755976013328,1.05166037927358,0.292955395072394,7.51336734557328,3.63175272378871,2.06879925947579,0.038564927956291,0.308460131631076,3.66918446290762,0.0840677634905931,0.933002554894126,7.2049072139422,5.2739286712001,1.3661366436916,0.171896078735234
0,"",162077.02702769,0,0.629958385976968,0.126144016303041,0.240792128610112,1.22112380449673e-05,0.0485578188023629,0.0278512093150979,-0.255700029450585,0.228585507480912,49.6566893879983,-1.11861872726965,0.268685146782019,-0.0591281944461688,0.122725249750123,19008.8736969883,-0.481793229727036,0.629958385976968,3.85884768862932,2.47861417762181,47.4920204679867,1.55685694186249,0.126144016303041,-3.12291370378864,2.63016834946667,49.2086618522072,-1.18734365593818,0.240792128610112,-0.196571835004417,0.259891882200422,-0.756360042261056,0.449433358174812,-0.314828223896754,0.259001644549594,-1.21554526977712,0.224158193804738,0.118256388892338,0.245450499500246,0.481793229727036,0.629952839332506,6.98176139241797,3.59543891673296,1.9418384108614,0.0521566652604086,0.735933984840678,3.63255372597988,0.202594108815874,0.839452295002285,6.24582740757729,5.26033669893335,1.18734365593818,0.23509209482612
0,"",162068.083891724,0,0.524126836262729,0.111213012114177,0.246300769944441,2.13455006511149e-05,0.0522199872560148,0.0272780145568062,-0.285489301556392,0.221337176253348,49.6068440604829,-1.28983890726795,0.203087508594491,-0.0781645505555378,0.122705621464067,19009.6944170634,-0.637008717472879,0.524126836262729,3.97931930327318,2.45214920194682,47.7963330493504,1.6227884094956,0.111213012114177,-3.1080457653054,2.64877622324775,49.0975981056176,-1.17338933278951,0.246300769944441,-0.207324751000854,0.253530035158625,-0.817752227546287,0.413498681482258,-0.36365385211193,0.252618589050457,-1.43953718322485,0.149998382796424,0.156329101111076,0.245411242928134,0.637008717472879,0.524119165304414,7.08736506857859,3.59102638303867,1.97363213538447,0.0484235869569164,0.871273537967784,3.62803416400981,0.240150312422865,0.810213731521555,6.2160915306108,5.2975524464955,1.17338933278951,0.240639712961829
0,"",162133.1132013,0,0.462960028205466,0.0707701173546491,0.33054107109991,2.83419966510052e-05,0.0664577582144796,0.019385126319147,-0.262776653378902,0.220878841974393,49.4968981355663,-1.18968684836443,0.2398449950708,-0.0902146306687863,0.122908830748069,19008.3764923833,-0.733996329797513,0.462960028205466,4.57164231918442,2.47381336782335,47.9732246013036,1.84801423528845,0.0707701173546491,-2.66568661685737,2.71230291778634,48.8620452715527,-0.982813018183449,0.33054107109991,-0.172562022710115,0.253230086799245,-0.681443602895886,0.495590840848689,-0.352991284047688,0.252314506430487,-1.3990130375042,0.161809073488215,0.180429261337573,0.245817661496138,0.733996329797513,0.462950974956297,7.2373289360418,3.65226407231728,1.98160067090928,0.0475239520370832,1.90595570232705,3.68966753778278,0.516565702142471,0.605459363170661,5.33137323371475,5.42460583557269,0.982813018183449,0.32569947351638
0,"",162271.256872821,0,0.554907909584983,0.0636423684451332,0.283399576237391,1.83392502437799e-05,0.0702596556624183,0.023544663364312,-0.21323676548783,0.226343396992212,49.5634985621909,-0.942094040831096,0.350713987014732,-0.0728328005561939,0.123355050111241,19008.6209265985,-0.590432256243371,0.554907909584983,4.67237039644643,2.46065041840966,47.7122997498412,1.89883551173686,0.0636423684451332,-2.89643684255895,2.67034631002013,48.7924750853216,-1.08466712039949,0.283399576237391,-0.140403964931636,0.258226722411543,-0.5437236069932,0.586631684917228,-0.286069566044024,0.2573219060485,-1.11171866568603,0.266259131731108,0.145665601112388,0.246710100222481,0.590432256243371,0.554900890469642,7.56880723900539,3.61254039966187,2.09514812338537,0.0361578271537497,1.77593355388748,3.64974679326203,0.486590893693259,0.626548278130523,5.79287368511791,5.34069262004027,1.08466712039949,0.278069115361238
0,"",162355.688391266,0,0.635161284227405,0.0862506979575896,0.22279649185501,1.18432423898956e-05,0.0608239163557843,0.0302843364535453,-0.144684078096872,0.22809240732371,49.8733604812773,-0.634322202104413,0.528769575105647,-0.0586614431057463,0.123632454465703,19009.2394497811,-0.474482556859855,0.635161284227405,4.25476536612005,2.42858542513671,47.3933171169911,1.75195211256798,0.0862506979575896,-3.26869897988482,2.64704443517462,48.8262915164776,-1.23484854898901,0.22279649185501,-0.0860226349911262,0.259895027139205,-0.330989922885484,0.740652097329997,-0.203345521202619,0.258991959373627,-0.785142217134502,0.432370189690946,0.117322886211493,0.247264908931406,0.474482556859855,0.635155833826485,7.52346434600487,3.57384427848867,2.10514610031818,0.035278592382123,0.986066386235236,3.61073121279674,0.273093267851269,0.784781521586294,6.53739795976964,5.29408887034925,1.23484854898901,0.21688687497258
0,"",162395.155449281,0,0.751104094722965,0.199926256584066,0.224466267832967,5.29250732274381e-06,0.0346583571145661,0.0300758760833522,-0.076128741585433,0.22221254814607,49.8399170895588,-0.342594251407397,0.733344421304229,-0.0392580113262853,0.123768727981096,19009.512117217,-0.317188452742937,0.751104094722965,3.15484288601902,2.42677752109358,47.072646273592,1.30001323096044,0.199926256584066,-3.24719439556044,2.63926901203269,48.8167355971556,-1.230338544785,0.224466267832967,-0.0368707302591477,0.254817028009348,-0.144694923048059,0.884951747794483,-0.115386752911718,0.253894685639025,-0.454466987449157,0.649492747546591,0.0785160226525706,0.247537455962192,0.317188452742937,0.75110061127453,6.40203728157947,3.56691976609362,1.79483635781098,0.0726797761954654,-0.0923515095414174,3.60375685802649,-0.0256264540532825,0.979555285712843,6.49438879112089,5.2785380240654,1.230338544785,0.21857035609659
0,"",162318.862206409,0,0.575659562710817,0.21688140572364,0.265087427284389,1.64808553745311e-05,0.0324664393744924,0.0254023752212429,-0.0281378486311463,0.216945964069147,49.9372469740065,-0.129699802215164,0.897324964499918,-0.0691454808890909,0.123530188976112,19010.5413980031,-0.559745609249103,0.575659562710817,3.0532937217001,2.43914696067763,46.6973902913968,1.25178751872001,0.21688140572364,-2.91650276595897,2.58691294327932,48.7654436511458,-1.12740661549354,0.265087427284389,0.0410076322579446,0.250117519802023,0.163953457920115,0.869767783106442,-0.0972833295202372,0.24918215047795,-0.390410506264757,0.696233020172974,0.138290961778182,0.247060377952225,0.559745609249103,0.575652967844859,5.96979648765908,3.53712145785541,1.68775558283447,0.0914581571701626,0.136790955741124,3.57377737641237,0.038276294613081,0.969467391091079,5.83300553191795,5.17382588655865,1.12740661549354,0.259570603314196
0,"",162357.820726153,0,0.66520613016136,0.219481736927978,0.287374057620979,9.85009109519293e-06,0.0322395055840649,0.0232523131492091,-0.10441265233886,0.215096201918371,50.3499745212016,-0.485423040516935,0.62948192724391,-0.0535143569861589,0.123663032675169,19011.4968732577,-0.432743365810276,0.66520613016136,3.02096765685713,2.42708335286643,46.5052822861127,1.2446905267136,0.219481736927978,-2.7489500494989,2.55550971251214,48.606556335656,-1.07569540277607,0.287374057620979,-0.0508982953527014,0.248581645261496,-0.204754841408982,0.837763670754824,-0.157927009325019,0.247638868313004,-0.637731105786702,0.523648733381597,0.107028713972318,0.247326065350338,0.432743365810276,0.665201221368602,5.76991770635604,3.5061582814695,1.64565237594971,0.0998353492235015,0.272017607358225,3.54253879164271,0.0767860631476919,0.938793737999379,5.49790009899781,5.11101942502429,1.07569540277607,0.282063504139626
0,"",162402.009120146,0,0.692478370173182,0.175264028810525,0.320545256317334,8.229093149168e-06,0.0389363605515226,0.0203222780871677,-0.0787127809046983,0.224939926637736,50.3470027286406,-0.349928010030272,0.727852373284722,-0.0489566458317353,0.123784190947713,19008.0424635822,-0.395499986362676,0.692478370173182,3.44640099809753,2.50398524091947,46.7589636613233,1.37636633865781,0.175264028810525,-2.60989856347503,2.60052778242778,48.5551279916813,-1.00360341508773,0.320545256317334,-0.029756135072963,0.257206659305196,-0.115689598213921,0.907898550318012,-0.127669426736434,0.25629226960211,-0.498139982663693,0.618385381121646,0.0979132916634706,0.247568381895425,0.395499986362676,0.692473931681966,6.05629956157257,3.59143135054037,1.6863191776341,0.0917343391864545,0.836502434622495,3.62863535260825,0.230528105840456,0.81768142622644,5.21979712695007,5.20105556485557,1.00360341508773,0.31556980783022
0,"",162378.80529565,0,0.495427302933423,0.102420629443159,0.441598235919179,2.44506814332775e-05,0.0554526231924864,0.0121840638037809,-0.0730741917808365,0.231216220842159,50.2322470000469,-0.316042669993819,0.753279622234873,-0.0843250091426473,0.123695346445628,19006.6021940217,-0.681715291364768,0.495427302933423,4.20795841209218,2.52646919676727,47.2515994332577,1.6655490664507,0.102420629443159,-2.05183709025542,2.64472808650144,48.7986223162088,-0.77582156771726,0.441598235919179,0.0112508173618108,0.262671179086917,0.0428323251942608,0.965835195847779,-0.157399200923484,0.261776260770065,-0.601273776546674,0.547657652674562,0.168650018285295,0.247390692891256,0.681715291364768,0.495418996443013,6.2597955023476,3.63871822454607,1.72032982936691,0.0853725041972882,2.15612132183676,3.67627477072148,0.586496237715554,0.557542089063213,4.10367418051084,5.28945617300289,0.77582156771726,0.437854347549621
0,"",162427.552400792,0,0.466920020456136,0.0618339297285843,0.576273592768586,2.78441163371874e-05,0.0716843922120555,0.00641038778096416,-0.123550163872816,0.220212282087397,50.1878887844292,-0.561050286122469,0.577259808444626,-0.0901127907850233,0.123863972566983,19008.0400502817,-0.727514134396848,0.466920020456136,4.90187436055288,2.56272453639381,47.3796166342542,1.91275897621469,0.0618339297285843,-1.4867171847386,2.64261260476748,49.0582959653604,-0.56259369309616,0.576273592768586,-0.0334373730877927,0.253121873163671,-0.132099895871787,0.894905278273303,-0.213662954657839,0.25219195683158,-0.847223509195928,0.396870552166696,0.180225581570047,0.247727945133965,0.727514134396848,0.466911059903144,6.38859154529149,3.66223516489919,1.74445147775412,0.0810803953547806,3.41515717581428,3.69999330453415,0.923017123201057,0.355998281887211,2.9734343694772,5.28522520953497,0.56259369309616,0.573711587649738
0,"",162530.715801605,0,0.553433072080651,0.0780772482446147,0.639899012068091,1.84769201836571e-05,0.0645238350184725,0.00452610460420238,-0.180780775100771,0.219261537280286,50.2048819136905,-0.824498347239424,0.41355661876685,-0.0736036083898506,0.12419738026563,19007.9698426476,-0.59263414600557,0.553433072080651,4.72158329675725,2.62129706258617,47.0387079802617,1.80123930406382,0.0780772482446147,-1.23995721576565,2.63384551620517,48.7458999124479,-0.470778262482216,0.639899012068091,-0.107177166710921,0.252461449377138,-0.42452884183048,0.671180175762427,-0.254384383490622,0.251524230580504,-1.01137128181852,0.311838760868135,0.147207216779701,0.24839476053126,0.59263414600557,0.553426022127151,5.9615405125229,3.69688889411138,1.61258308899107,0.106835114942392,3.48162608099161,3.73492884694072,0.932180029036806,0.351243494605576,2.47991443153129,5.26769103241035,0.470778262482216,0.637799089165475
0,"",162576.776807756,0,0.600949112272499,0.083219927648881,0.626821511731193,1.43927045688012e-05,0.0624986185750987,0.00491923151959373,-0.228266091465754,0.219673260878848,50.2707261802318,-1.03911641568268,0.303722826063102,-0.0650376809559618,0.124344358009208,19007.6866581282,-0.523044889187054,0.600949112272499,4.65883689350608,2.63215629558469,46.9929990979894,1.76996970176924,0.083219927648881,-1.30118869000639,2.65915864296415,48.4343118988948,-0.489323453284441,0.626821511731193,-0.163228410509793,0.252892484910995,-0.645445872253738,0.518638284495948,-0.293303772421716,0.251954585001503,-1.16411365333942,0.244377956260971,0.130075361911924,0.248688716018417,0.523044889187054,0.600943015433236,5.96002558351247,3.72241359826804,1.60111858238578,0.109350657193952,3.3576482034997,3.76063557249348,0.892840621957264,0.371942528970901,2.60237738001278,5.31831728592831,0.489323453284441,0.624612719354631
0,"",162628.836913364,0,0.580727281318078,0.117767069481211,0.584880185068164,1.60492920023899e-05,0.0513877430553092,0.00624902353022729,-0.231492714781909,0.220351836419269,50.4962067316841,-1.05055949858953,0.298462823342783,-0.0687754836833014,0.124518335538174,19008.0621962255,-0.552332179723174,0.580727281318078,4.1443087130016,2.60073950478133,46.8748268541174,1.59351165519749,0.117767069481211,-1.45364514472631,2.64310273769086,48.101002016368,-0.549976784480303,0.584880185068164,-0.162717231098608,0.25356883323126,-0.641708324422532,0.521062583232859,-0.300268198465211,0.252630841764859,-1.18856508717448,0.234610853205811,0.137550967366603,0.249036671076349,0.552332179723174,0.580720787088271,5.59795385772792,3.68901834176177,1.51746436019467,0.129149485137124,2.6906635682753,3.72703900993586,0.721930615993635,0.470337136941275,2.90729028945262,5.28620547538173,0.549976784480303,0.582335296917992
0,"",162748.964281333,0,0.374949467387682,0.158071570242078,0.58780926859851,4.14130317604293e-05,0.0418738803390567,0.00618813771905312,-0.238210097578029,0.218913633189802,50.4985240833248,-1.08814647177088,0.281696640438951,-0.110829877830266,0.124912333203451,19008.50917359,-0.887261289481732,0.374949467387682,3.74651975220765,2.61193074265068,47.0773719823655,1.43438709573346,0.158071570242078,-1.44900061029781,2.6553106358736,47.8245257915166,-0.545699094758113,0.58780926859851,-0.127380219747763,0.252517536590353,-0.504441083450001,0.613951454085145,-0.349039975408294,0.251569937154101,-1.38744708273504,0.165305476543612,0.221659755660531,0.249824666406902,0.887261289481732,0.374938241672683,5.19552036250546,3.70549352493773,1.40211292437565,0.160881528222501,2.29751914190984,3.74366548871811,0.613708449334917,0.539408003959965,2.89800122059563,5.3106212717472,0.545699094758113,0.585272794302299
0,"",162850.888279679,0,0.326519629001925,0.118936534204592,0.533384007915791,5.0639773466759e-05,0.0506696697840834,0.00817059092015127,-0.221806871577326,0.214520615296447,50.5836599528441,-1.03396529639266,0.306070530466656,-0.122896144065943,0.125254230750106,19009.8179679134,-0.981173596532104,0.326519629001925,4.13351404224183,2.60282633891518,47.2517319206024,1.58808675801422,0.118936534204592,-1.66464027964751,2.65323696223571,47.7828704112868,-0.627399777457055,0.533384007915791,-0.0989107275113828,0.248892881928194,-0.39740279732033,0.691070453022586,-0.344703015643269,0.247926938313311,-1.3903411141538,0.164425318640379,0.245792288131887,0.250508461500211,0.981173596532104,0.326507142275201,5.79815432188935,3.69764738109194,1.56806577921368,0.116865781834359,2.46887376259432,3.7357926202819,0.66087013213491,0.508695601906723,3.32928055929503,5.30647392447142,0.627399777457055,0.530397213588324
0,"",162826.344085012,0,0.322633884109028,0.143488715952749,0.550283422574382,5.14591661292373e-05,0.0445566860638129,0.00748223830732374,-0.235209633618581,0.214037653716918,50.4876748368356,-1.0989170808687,0.2770170808972,-0.123806516005141,0.125172709460044,19010.0213900455,-0.98908553261493,0.322633884109028,3.88785723603027,2.61361914553359,47.4491083505548,1.48753778555465,0.143488715952749,-1.59769575727572,2.65582686128574,48.0059863020503,-0.601581293029862,0.550283422574382,-0.11140311761344,0.248435011807893,-0.448419555692834,0.653850431004661,-0.359016149623722,0.247468571160936,-1.4507545258757,0.146848226356508,0.247613032010282,0.250345418920087,0.98908553261493,0.322621295358516,5.485552993306,3.70702933779779,1.47977059080001,0.138934479633278,2.29016147875456,3.74523379760995,0.611486919779492,0.54087727517372,3.19539151455144,5.31165372257149,0.601581293029862,0.547452884231493
0,"",162743.849165339,0,0.302547711375464,0.106737569918139,0.617640985623923,5.59122461186806e-05,0.0539675311931601,0.00520630813487708,-0.169706015580382,0.208781023074184,50.0923313622326,-0.812842149547672,0.420155127546605,-0.128781783422197,0.124907978059621,19010.6642304338,-1.0310132741139,0.302547711375464,4.28622774657215,2.60675930140331,47.3938635481288,1.64427446149889,0.106737569918139,-1.3358452815804,2.65869169610402,48.2369142392501,-0.502444598423319,0.617640985623923,-0.040924232158185,0.243782587867337,-0.167871842350183,0.866684102285613,-0.298487799002578,0.242802567964994,-1.22934366594349,0.218942982030647,0.257563566844393,0.249815956119242,1.0310132741139,0.302534595025372,5.62207302815255,3.70429220880544,1.51771855762037,0.129085363749765,2.95038246499175,3.74244444348259,0.78835705099906,0.430487885478675,2.6716905631608,5.31738339220805,0.502444598423319,0.615354814032957
0,"",162769.536138066,0,0.201150561473337,0.052541698584428,0.665410256215078,8.59471196800974e-05,0.0770682309091545,0.00391089281433424,-0.138408756968308,0.2032673860188,49.5396667658278,-0.680919648150081,0.499092857540747,-0.159791810992913,0.12500095522547,19011.3833540229,-1.27832471923666,0.201150561473337,5.08153789099252,2.5553405634856,47.3573033050381,1.98859516559354,0.052541698584428,-1.17183191408655,2.69306946258161,48.2233980813018,-0.435128737066892,0.665410256215078,0.0213830540246056,0.239126352368017,0.089421570700401,0.928746881201102,-0.298200567961221,0.238126700845492,-1.25227690511997,0.210468981287228,0.319583621985827,0.25000191045094,1.27832471923666,0.20113495543416,6.25336980507908,3.69340313922579,1.69311866843485,0.0904328815062308,3.90970597690598,3.73142738138184,1.04777758677917,0.294741091240833,2.3436638281731,5.38613892516323,0.435128737066892,0.663468985503016
0,"",162869.412726291,0,0.16693080519042,0.0360400385032025,0.825081837874143,0.00010047848676406,0.0901113970690102,0.00101761637246839,-0.189420301088982,0.214802365505213,49.423179627348,-0.881835265842942,0.382134661949169,-0.173221734982046,0.125324466090259,19011.4970652713,-1.38218609969813,0.16693080519042,5.3892512447066,2.4969812057168,47.0364803221111,2.15830669144324,0.0360400385032025,-0.590062961408246,2.65539616398478,48.4743290039321,-0.222212779174456,0.825081837874143,-0.0161985661069361,0.249171543698838,-0.0650096951942255,0.948166280937201,-0.362642036071028,0.248205757116199,-1.46105408788425,0.144000598570944,0.346443469964092,0.250648932180518,1.38218609969813,0.166914567037083,5.97931420611485,3.62619997007512,1.64892015207617,0.0991639940337289,4.79918828329836,3.66370872693822,1.30992626351851,0.19022078136926,1.18012592281649,5.31079232796956,0.222212779174456,0.824148246453473
0,"",162998.544158856,0,0.0845525097390367,0.0251280962317436,0.734378158889051,0.000156479905546959,0.102903122477727,0.00240993753207835,-0.237959972375129,0.219422080318148,49.7155171078988,-1.08448508021664,0.28338100616209,-0.21691546474058,0.125751649132663,19011.9697202637,-1.7249512530189,0.0845525097390367,5.68254520005566,2.45586390110758,46.6753946617825,2.31386812497748,0.0251280962317436,-0.897277309218634,2.6291777733987,48.2125158885298,-0.341276774167589,0.734378158889051,-0.0210445076345497,0.253380040178768,-0.0830551120747399,0.93380771784655,-0.454875437115709,0.252423470423141,-1.80203305323865,0.0715402053657016,0.433830929481159,0.251503298265325,1.7249512530189,0.0845362578298795,6.5798225092743,3.57917059665428,1.83836515516331,0.066008616070529,4.78526789083703,3.61624451189901,1.32327000430735,0.185745603109166,1.79455461843727,5.25835554679741,0.341276774167589,0.732895231012555
0,"",163063.804330872,0,0.0401033843569758,0.031573702691717,0.436570436919993,0.000221619845492277,0.0952554919775194,0.0125869680280359,-0.220646224045483,0.218330060390789,49.754570641517,-1.01060854217943,0.317093482112277,-0.258576372126541,0.125961345356939,19010.7034822963,-2.05282320059228,0.0401033843569758,5.52622048828218,2.49327795104227,46.6606683931818,2.21644782362594,0.031573702691717,-2.10144823130986,2.67865944041827,48.2814287901114,-0.784514895623208,0.436570436919993,0.0379301480810583,0.252541071194622,0.150193977960232,0.880611576895015,-0.479222596172024,0.251578136865317,-1.90486582873685,0.0567975141489016,0.517152744253082,0.251922690713878,2.05282320059228,0.0400897275630699,7.62766871959205,3.6405978011382,2.09516929258358,0.0361559459519038,3.42477225697232,3.67822651941649,0.931093351345753,0.351805277524708,4.20289646261973,5.35731888083655,0.784514895623208,0.432738045079847
0,"",163119.848001872,0,0.0785572810152283,0.0491232637981893,0.347251293086088,0.000162766229209472,0.0796454946244714,0.0181128733891834,-0.19841159235924,0.221766739270206,50.1497767402067,-0.894685979566533,0.375229015785065,-0.221907818643713,0.126140333491627,19010.8818325014,-1.75921382559563,0.0785572810152283,5.0029696990712,2.47712536813465,47.1361058210891,2.01966754021763,0.0491232637981893,-2.58862378804947,2.72749458921047,48.8297268495106,-0.949084848156861,0.347251293086088,0.023496226284473,0.255607915223731,0.0919229213379679,0.926759279966859,-0.420319411002953,0.254653361326362,-1.65055512644216,0.0988294481287281,0.443815637287426,0.252280666983254,1.75921382559563,0.0785411968345072,7.59159348712068,3.66556345357218,2.07105771957719,0.0383534023928516,2.41434591102173,3.70329558840409,0.651945234558546,0.514436502447442,5.17724757609895,5.45498917842094,0.949084848156861,0.342577459974629
0,"",163156.177965148,0,0.0923825760424686,0.0823012903633993,0.315864721366969,0.000148964651904593,0.0618051731022304,0.0204027664819698,-0.159606510334552,0.224523656975814,50.4199667907036,-0.710867231027439,0.480442151702835,-0.212505997044314,0.126262727260835,19012.714385539,-1.68304615031257,0.0923825760424686,4.37138619647493,2.46306413133653,47.8140047502819,1.77477563042701,0.0823012903633993,-2.72098128628494,2.68526858661999,49.2985491472434,-1.01329948886413,0.315864721366969,0.0528994867097624,0.258064362311965,0.204985633180199,0.837583349750697,-0.372112507378866,0.257116865605493,-1.44725048083705,0.147826782720884,0.425011994088628,0.25252545452167,1.68304615031257,0.0923661577378548,7.09236748275988,3.62504169971766,1.95649266139815,0.0504071461033541,1.65040491018998,3.66248239177168,0.450624667547309,0.652260084918914,5.44196257256989,5.37053717323999,1.01329948886413,0.310917131603868
0,"",163154.326380699,0,0.154841677857896,0.0933101600655514,0.308876946965729,0.000106455245300394,0.0573953544909644,0.0208451584016949,-0.176335889976854,0.228466602737172,50.2846049134165,-0.771823486952756,0.443831219705985,-0.179604327713658,0.126242535091119,19011.1715043285,-1.42269265730463,0.154841677857896,4.36998122087554,2.55238103158045,48.1416485127285,1.71211945505238,0.0933101600655514,-2.77463716251499,2.69875333654525,49.6514789306047,-1.02811810362294,0.308876946965729,0.00326843773680369,0.2614925324917,0.0124991628084348,0.990027370641968,-0.355940217690511,0.260557072281816,-1.3660739068542,0.171915767253357,0.359208655427315,0.252485070182239,1.42269265730463,0.154825270119412,7.14461838339054,3.6954258784688,1.93336806591583,0.0531908722711478,1.59534405836056,3.73358602157695,0.427295380136102,0.669164197328574,5.54927432502998,5.39750667309051,1.02811810362294,0.303894275755973
0,"",163140.268583594,0,0.173984476271276,0.0765708763014764,0.265056175722559,9.72280071295235e-05,0.0637175642412536,0.0250578231625154,-0.198099221081096,0.232974531209997,50.1606605144581,-0.85030419442087,0.399196619614492,-0.171557006904561,0.12618543265534,19009.2449615134,-1.35956269511036,0.173984476271276,4.70322110814388,2.59873002863733,48.1300345974633,1.80981520062323,0.0765708763014764,-3.05376060099191,2.70891247887407,49.4442218435383,-1.12730131549365,0.265056175722559,-0.0265422141765354,0.265412940280398,-0.100003466856193,0.920341573091624,-0.369656227985657,0.264491516585279,-1.3976109054767,0.162229941711048,0.343114013809122,0.252370865310681,1.35956269511036,0.173968349998062,7.7569817091358,3.73458863448103,2.0770645627517,0.0377956007446692,1.64946050715198,3.77306995576378,0.437166690914979,0.661990464328441,6.10752120198382,5.41782495774815,1.12730131549365,0.259615106402365
0,"",163193.870356508,0,0.336523583539578,0.0471613339773394,0.284770088658995,4.85907006102288e-05,0.0797044098682905,0.0233332878782544,-0.149025403449524,0.237926899600398,50.1839033673733,-0.626349537189002,0.533924542059553,-0.12144456904398,0.126362448156696,19008.4134288649,-0.961081166244761,0.336523583539578,5.23368773667724,2.56891876969961,47.9247505590056,2.03731149400618,0.0471613339773394,-2.90686738600079,2.6877932149058,48.9586212225711,-1.08150707795528,0.284770088658995,-0.0275808344055433,0.269854807809723,-0.102206199805752,0.918593006795499,-0.270469972493504,0.268945604941223,-1.00566794000078,0.314575330165422,0.242889138087961,0.252724896313391,0.961081166244761,0.336511358593496,8.14055512267805,3.69884241224191,2.20083859094282,0.0277474525390304,2.32682035067645,3.73707329767797,0.622631713464711,0.533526565981423,5.81373477200159,5.3755864298116,1.08150707795528,0.279471613941873
0,"",163198.077116819,0,0.629957736752468,0.029363356280639,0.374240326053699,1.22124369566753e-05,0.0955210660995651,0.0162676934433644,-0.130694522027725,0.238581926672898,50.1856555229554,-0.547797244536927,0.586259448726192,-0.0608851845708089,0.126371781996824,19007.0797078332,-0.481794144299866,0.629957736752468,5.81159823783551,2.58748705848753,47.7676734756106,2.24603953815814,0.029363356280639,-2.43301900888672,2.71298269040893,48.6348871869649,-0.896805946270151,0.374240326053699,-0.0698093374569158,0.270437011713741,-0.258135293740079,0.796302493883182,-0.191579706598534,0.269529495112041,-0.710793104550193,0.47721245423314,0.121770369141618,0.252743563993647,0.481794144299866,0.629952189572434,8.24461724672224,3.72977077917845,2.21048899110585,0.0270712437238629,3.3785792289488,3.76822752065006,0.896596399881384,0.369934319816054,4.86603801777344,5.42596538081786,0.896805946270151,0.3698224744462
0,"",163259.115493572,0,0.856564560426633,0.0316511341271529,0.499332413581791,1.71897013552248e-06,0.0929858760204102,0.00941615681299227,-0.142508180132669,0.232189329897684,50.0969816730686,-0.613758522820436,0.542151963109453,-0.0228781608725244,0.1265724536243,19006.1758358373,-0.180751500167901,0.856564560426633,5.82649602950524,2.63195573578685,47.8029623413686,2.21375152715604,0.0316511341271529,-1.89239833810183,2.78039936172596,48.7335796971512,-0.680621051835917,0.499332413581791,-0.119630019260145,0.264911472543127,-0.451584894046706,0.651568054405876,-0.165386341005194,0.263982676675297,-0.626504523282117,0.530984070952994,0.0457563217450487,0.2531449072486,0.180751500167901,0.856562633203947,7.71889436760708,3.80901522366791,2.02648031429345,0.042715588031976,3.93409769140341,3.84798989571451,1.02237734454157,0.306602339016619,3.78479667620367,5.56079872345193,0.680621051835916,0.496111302743461
0,"",163251.150601791,0,0.992890866346433,0.032243779406835,0.54758063103306,4.17666691259508e-09,0.0920590078184125,0.00749534526944154,-0.173873821553411,0.215361801111672,50.0183353368328,-0.807356832343965,0.42328372180803,0.0011277153382177,0.12656435522719,19008.432682359,0.00891021280196457,0.992890866346433,5.83032405150602,2.64353643351403,47.9740210305699,2.20550168236411,0.032243779406835,-1.68788201760079,2.78698747118758,48.5685400452694,-0.605629567786163,0.54758063103306,-0.175001536891628,0.250288287767957,-0.699199864493351,0.484427135274446,-0.172746106215193,0.249307552614155,-0.692903622067745,0.488370036469477,-0.00225543067643539,0.253128710454379,-0.00891021280196457,0.992890772841135,7.51820606910681,3.82173086033944,1.96722541273853,0.0491572295150282,4.14244203390524,3.86076952314879,1.07295760833885,0.283290136653984,3.37576403520158,5.57397494237517,0.605629567786162,0.544760763498073
0,"",163296.87872495,0,0.973677909186049,0.0501297930177613,0.551178098607799,5.72745212863094e-08,0.0777509681250415,0.00736346246737746,-0.164849572729474,0.210556885876025,50.1770487372832,-0.782921784028177,0.437352700085627,0.00418121820208717,0.126717907870473,19009.3901285776,0.0329962692120917,0.973677909186049,5.43861715295241,2.7063751555241,47.9008679527437,2.00955774436941,0.0501297930177613,-1.66632211369439,2.77637761833546,48.5589207520046,-0.600178485336376,0.551178098607799,-0.169030790931562,0.246245841114781,-0.686431048607122,0.492441330927548,-0.160668354527387,0.245247316934217,-0.655127878811753,0.512385423916336,-0.00836243640417433,0.253435815740946,-0.0329962692120917,0.973677562760408,7.10493926664681,3.8575064971012,1.8418476474339,0.0654974382295018,3.77229503925803,3.89680920098565,0.968047149525277,0.333020822715798,3.33264422738878,5.55275523667092,0.600178485336376,0.548387290459204
0,"",163335.11071318,0,0.887868207195927,0.0646045712796327,0.468036415296964,1.0458827010462e-06,0.0699280371507769,0.0108417941894979,-0.105351170268839,0.21340554633187,50.0483511874351,-0.493666505297882,0.623701272684046,0.0178859070975708,0.126846727637732,19009.9060917569,0.141004087615504,0.887868207195927,5.10043613845552,2.69602440972986,47.6027676150959,1.89183603829707,0.0646045712796327,-1.99908086760453,2.73325123883067,48.8052135704676,-0.731393016201385,0.468036415296964,-0.12323707736641,0.248752876722876,-0.495419707261126,0.620303886499899,-0.0874652631712686,0.247762074089848,-0.353021193790743,0.724072551827456,-0.0357718141951415,0.253693455275464,-0.141004087615504,0.887866713158272,7.09951700606006,3.81955957843626,1.85872660453869,0.0630659004302503,3.10135527085099,3.85867652591314,0.803735490659473,0.421549752650348,3.99816173520907,5.46650247766134,0.731393016201385,0.464539129802519
0,"",163371.957528053,0,0.949407080702158,0.0690099595562918,0.308774239253491,2.1177629039273e-07,0.06806189627929,0.0211566734302947,-0.112451213182924,0.215091506110702,50.058524357149,-0.522806386994418,0.603415403371207,-0.00805704237352663,0.12697812113433,19011.4864118789,-0.0634522097314946,0.949407080702158,4.85041284051531,2.60690491574868,47.4012781029891,1.86060213060065,0.0690099595562918,-2.78479717692453,2.70764704600527,48.9405492411226,-1.02849342237316,0.308774239253491,-0.104394170809397,0.250268459720814,-0.417128754162045,0.676584233900257,-0.120508255556451,0.249281560819328,-0.483422260195937,0.628795945736817,0.0161140847470533,0.25395624226866,0.0634522097314946,0.949406413621039,7.63521001743985,3.73929209364505,2.041886492477,0.0411627919498962,2.06561566359078,3.7778705866394,0.546767184375219,0.584538690660674,5.56959435384907,5.41529409201054,1.02849342237316,0.303717783333711
0,"",163436.970399919,0,0.578172091607891,0.0693243935141055,0.238023952366948,1.62635523578817e-05,0.0679261109390861,0.0283770878503983,-0.126278590671965,0.214334127331529,50.3526322064099,-0.589166980751691,0.55838346771829,-0.0707300355410304,0.127197131857723,19012.1240810702,-0.556066276872859,0.578172091607891,4.80318424695257,2.58453432888111,47.3922659733059,1.85843313949401,0.0693243935141055,-3.25400852301761,2.72401167648386,48.8595390395665,-1.19456482184315,0.238023952366948,-0.0555485551309348,0.249730918089558,-0.222433631990309,0.823976332973028,-0.197008626212996,0.248738669156495,-0.792030555124691,0.428342860232422,0.141460071082061,0.254394263715447,0.556066276872859,0.578165547696015,8.05719276997019,3.73568702359462,2.15681686369359,0.0310199366266573,1.54917572393497,3.77422271246909,0.410462191014027,0.681466933302068,6.50801704603523,5.44802335296773,1.19456482184315,0.232257100376591
0,"",163545.063600746,0,0.399729581362374,0.0724207503391483,0.274402876080266,3.72988975174563e-05,0.0667069495984696,0.0244625582218067,-0.149846680534594,0.211971021595465,50.0459420055742,-0.706920594177107,0.48289453993235,-0.107425392805971,0.127564934755563,19012.4937427013,-0.842123213654425,0.399729581362374,4.70004107758598,2.55776015029782,47.2422554955603,1.8375613041898,0.0724207503391483,-3.01088016735938,2.72372790980936,48.7305788490016,-1.10542619052214,0.274402876080266,-0.0424212877286227,0.24789739730306,-0.171124377222734,0.86412596833352,-0.257272073340566,0.246892554689688,-1.04204063044316,0.297392841945949,0.214850785611943,0.255129869511125,0.842123213654425,0.399718988761136,7.71092124494537,3.71717853458174,2.07440163909507,0.038042025227543,1.6891609102266,3.75556189781194,0.449775814162653,0.652872098806615,6.02176033471876,5.44745581961872,1.10542619052214,0.268974960363038
0,"",163615.080012607,0,0.386696847453672,0.0612515537246356,0.338345211497634,3.94054622798017e-05,0.0722077203485808,0.0187573518067478,-0.168477085696853,0.20848939731925,50.5806299330447,-0.808084669355494,0.422826183353526,-0.110640973012872,0.127813617751334,19015.3435791685,-0.865643074340697,0.386696847453672,4.74296330336582,2.47370144499363,47.2358879381804,1.91735478546322,0.0612515537246356,-2.61913082822149,2.70875802498475,48.907881895806,-0.966912069687818,0.338345211497634,-0.0578361126839812,0.245058125957771,-0.236009773019923,0.813425086597341,-0.279118058709724,0.244038550758937,-1.14374576410855,0.252729088232942,0.221281946025743,0.255627235502668,0.865643074340697,0.386685926346246,7.36209413158732,3.64943929832252,2.01732198559141,0.0436619227152793,2.12383247514434,3.68710327515042,0.576016541076596,0.564604001188438,5.23826165644299,5.4175160499695,0.966912069687818,0.333587992394105
0,"",163630.886546562,0,0.473903326844329,0.0545586742384816,0.32349296843513,2.69685888892121e-05,0.0752561557991128,0.019752340011979,-0.168102973383337,0.200526337697788,51.0763444146888,-0.83830869956187,0.405763433760441,-0.0915784701561705,0.127874886994625,19017.1883233684,-0.716156802234513,0.473903326844329,4.89159029942705,2.48200364302017,47.7281652636923,1.97082317472944,0.0545586742384816,-2.71462778142629,2.72203212861169,49.3572945211976,-0.997279845778613,0.32349296843513,-0.0765245032271666,0.238352707358357,-0.321055733225274,0.74816815563332,-0.259681443539508,0.237304834682508,-1.09429478706971,0.273825710867808,0.183156940312341,0.25574977398925,0.716156802234513,0.473894533146769,7.60621808085335,3.6647778928105,2.07549224081904,0.037940937242911,2.17696251800076,3.70256735018916,0.587960275155978,0.5565589571118,5.42925556285259,5.44406425722338,0.997279845778614,0.318628693635429
0,"",163674.697541552,0,0.320373201764075,0.0322087375280311,0.308254064504903,5.19213271313515e-05,0.0921560000856524,0.0208999254791832,-0.111065149424002,0.19916658340344,51.0332519040333,-0.557649518940757,0.579521783075953,-0.127218065056021,0.128022402117433,19017.6694157862,-0.993717216298801,0.320373201764075,5.58249015745129,2.53057388398715,47.940824594099,2.20601745429206,0.0322087375280311,-2.77016940232978,2.69090214581664,49.6477066326677,-1.02945750243515,0.308254064504903,0.0161529156320185,0.237290503596409,0.0680723222682854,0.945728062865743,-0.238283214480023,0.236235779847161,-1.00866691165151,0.313134405569939,0.254436130112042,0.256044804234865,0.993717216298801,0.320360558648539,8.35265955978108,3.67481689587757,2.27294578109487,0.0230294474731216,2.81232075512151,3.71284767572406,0.757456540301796,0.448776393449643,5.54033880465957,5.38180429163328,1.02945750243515,0.303264740017568
0,"",163720.025011999,0,0.29657412280652,0.0272179630485818,0.272698874182882,5.72937987814367e-05,0.0985862705329381,0.0242207798655828,-0.140388058865156,0.200150735817562,51.0224088903134,-0.701411655029438,0.486233193536399,-0.133786851760675,0.128168348087695,19016.5965588355,-1.043836904796,0.29657412280652,5.98185677359251,2.62500259535986,47.4810459194686,2.2788003273469,0.0272179630485818,-2.94600285697554,2.65598247727753,49.5654848914651,-1.1091951404722,0.272698874182882,-0.00660120710448062,0.238196966974001,-0.0277132290488029,0.977890872501494,-0.274174910625831,0.237143606120989,-1.15615561014093,0.247617513022826,0.267573703521351,0.25633669617539,1.043836904796,0.296560853946028,8.92785963056807,3.71499285099838,2.40319698816345,0.016252429925329,3.03585391661697,3.75347721553409,0.808811068321616,0.418623828690119,5.89200571395109,5.31196495455507,1.1091951404722,0.2673460085295
0,"",163616.168354601,0,0.590497682572372,0.027405508941607,0.247824207046632,1.52294710946761e-05,0.0993413237245631,0.0269671839032242,-0.179144522912932,0.205437126428028,50.8188991378858,-0.872016300207024,0.387300858947435,-0.0687771141459816,0.127809023471776,19013.9973850244,-0.538124087624923,0.590497682572372,6.06154539311987,2.66249843268,46.9913905207825,2.27663810754565,0.027405508941607,-3.09791689450873,2.64894868491206,49.3496783203815,-1.16948920609671,0.247824207046632,-0.11036740876695,0.242464027684617,-0.455190857880616,0.648971936985184,-0.247921637058913,0.241433871009397,-1.02687181389418,0.304480828095893,0.137554228291963,0.255618046943551,0.538124087624923,0.590491383858118,9.15946228762861,3.73640611769488,2.45140972343751,0.0142297875978473,2.96362849861114,3.77503952327575,0.785058932585555,0.432419016534579,6.19583378901747,5.29789736982413,1.16948920609671,0.242206587570598
0,"",163562.008128243,0,0.829727890779909,0.0262096827685292,0.458195222594095,2.43266621225586e-06,0.100702002853199,0.0112103667482518,-0.246007368015051,0.213890039026227,50.324048267264,-1.15015813328682,0.255515122959122,-0.0274442184052902,0.127615754209534,19011.2017651292,-0.215053529834798,0.829727890779909,5.9865172818789,2.60798115101597,47.0549268423743,2.29546033319558,0.0262096827685292,-2.0290753177539,2.71377407639022,49.3097772547458,-0.747695003577053,0.458195222594095,-0.21856314960976,0.249566851042623,-0.875769953808618,0.381155107272196,-0.273451586420341,0.248567588182546,-1.10010958556479,0.271284377862826,0.0548884368105803,0.255231508419068,0.215053529834798,0.829725584000104,8.0155925996328,3.74441053742886,2.14068209655686,0.0322996832538993,3.957441964125,3.78307554387645,1.04609118116364,0.295518936450278,4.0581506355078,5.42754815278044,0.747695003577053,0.454644145581796
0,"",163646.491194145,0,0.637837548632334,0.0294226799259571,0.744139838005783,1.16576865244326e-05,0.0957636428212382,0.00219531615243694,-0.286065254956769,0.218907651937463,49.456438546149,-1.30678508688445,0.197329751845782,-0.0601967142538528,0.127878957340885,19007.7173011216,-0.470731975811995,0.637837548632334,6.00255854536286,2.67325747199193,47.6071888083935,2.24540980741752,0.0294226799259571,-0.923669660333057,2.81412218909328,48.9661458241863,-0.328226565254676,0.744139838005783,-0.225868540702916,0.254015237555508,-0.889192880224591,0.37389942856384,-0.346261969210622,0.253028525475587,-1.36847009071327,0.171164977851991,0.120393428507706,0.255757914681771,0.470731975811995,0.637832146963198,6.92622820569592,3.86166617081621,1.79358543678362,0.0728793627103551,5.07888888502981,3.90111686553856,1.30190636683955,0.192948395727136,1.84733932066612,5.62824437818656,0.328226565254676,0.742740363294876
0,"",163743.480764722,0,0.539875694421592,0.0483302786401878,0.827361636249126,1.97709123165769e-05,0.079131640304843,0.000983467758665507,-0.317253805872074,0.226438758477256,49.3263871628571,-1.40105787545174,0.167457038139929,-0.0785850527812801,0.12819495203695,19006.5264117636,-0.613012068982476,0.539875694421592,5.46358064178172,2.69626289191511,47.7834638568544,2.02635308973934,0.0483302786401878,-0.616433326761762,2.81143044593961,48.8348751419223,-0.2192596753201,0.827361636249126,-0.238668753090794,0.260691607278621,-0.915521430023293,0.359917957489246,-0.395838858653354,0.259724469450692,-1.52407225815319,0.127490661822241,0.15717010556256,0.256389904073901,0.613012068982476,0.539868359555884,6.08001396854349,3.8755278846335,1.56882214488787,0.116689386903529,4.84714731501996,3.91512874434259,1.23805566343742,0.215695421966693,1.23286665352353,5.62286089187923,0.2192596753201,0.826447772033092
0,"",163827.593341967,0,0.79637007023497,0.117369301699232,0.772115556339883,3.50338637427588e-06,0.0501520382565446,0.00173754924127573,-0.332083533780478,0.226205208117923,49.8527092567713,-1.46806316505038,0.1483686204131,-0.0331543313894621,0.128479588443547,19007.4001008321,-0.258051351122048,0.79637007023497,4.332900493662,2.71741600876488,48.1515951370949,1.59449288577327,0.117369301699232,-0.811773559919279,2.78744688266614,48.7263878525204,-0.291224763767636,0.772115556339883,-0.298929202391016,0.260631047802024,-1.1469439459035,0.251404788493704,-0.36523786516994,0.259659505071953,-1.40660310150684,0.159545112894625,0.0663086627789242,0.256959176887095,0.258051351122048,0.796367276416034,5.14467405358128,3.87296676542964,1.32835481561654,0.184060918935885,3.52112693374272,3.91261398691861,0.899942326412783,0.368150943671808,1.62354711983856,5.57489376533228,0.291224763767636,0.770879424242227
0,"",163872.799299,0,0.979933478052883,0.117542502589908,0.611352055884877,3.32836659306499e-08,0.0500010582423391,0.00534230343138293,-0.297541292423899,0.227475546563057,49.9279354697147,-1.30801440822748,0.196858820571985,0.0032354417602368,0.128632300912039,19007.9783338156,0.0251526384686942,0.979933478052883,4.33224645687788,2.71842779297981,48.2541458368758,1.59365883032305,0.117542502589908,-1.41784500340653,2.77224440181514,48.7011907544045,-0.511443003538285,0.611352055884877,-0.300776734184136,0.261810553704655,-1.14883349784073,0.250624643770214,-0.294305850663662,0.260840986451584,-1.12829603455855,0.259194917623692,-0.00647088352047359,0.257264601824078,-0.0251526384686942,0.979933214017503,5.75009146028442,3.8628217023514,1.48857283699742,0.136599888830533,2.91440145347136,3.90243332728747,0.746816462716384,0.455174356818096,2.83569000681306,5.54448880363028,0.511443003538285,0.609040889207205
0,"",163942.56353623,0,0.904057306719794,0.0919393665260514,0.547640848836678,7.64446523901365e-07,0.0578153756417266,0.00743477604514815,-0.238642630841635,0.233687386176019,49.7847568332148,-1.02120458766175,0.312094459407227,-0.0155321747363149,0.128855802433166,19006.8056358566,-0.120539195309975,0.904057306719794,4.73729687083401,2.75502166438201,48.1841083865288,1.71951347318957,0.0919393665260514,-1.69438590776559,2.7983012474584,48.947091810657,-0.605505182583376,0.547640848836678,-0.22311045610532,0.267335160453234,-0.834572062002855,0.403958697819821,-0.25417480557795,0.266381561941501,-0.954175670888843,0.339994727532926,0.0310643494726299,0.257711604866332,0.120539195309975,0.904056032612447,6.43168277859961,3.90690889241179,1.64623311055233,0.0997157748233903,3.04291096306842,3.94681281439552,0.770979295488698,0.440719203930936,3.38877181553118,5.59660249491681,0.605505182583376,0.544843382189928
0,"",164005.22645307,0,0.990579542531224,0.117042071767019,0.670471406548348,7.33527917935926e-09,0.0501394437251553,0.00372580261580464,-0.209135238998539,0.239049952208938,49.7528505650447,-0.874859990834667,0.385853954418249,-0.00152378063642122,0.12905496420463,19005.4790405193,-0.0118072221848445,0.990579542531224,4.49085633110338,2.81400394516512,48.2491049696786,1.59589553483723,0.117042071767019,-1.20772477142637,2.82128493699313,49.000564958396,-0.428076142040987,0.670471406548348,-0.207611458362118,0.272131421567168,-0.76290880768752,0.445517783098595,-0.21065901963496,0.271191106546177,-0.77679176989932,0.437281633188848,0.00304756127284244,0.258109928409259,0.0118072221848445,0.990579418601239,5.69858110252975,3.96458556797293,1.43737119676885,0.150612548521657,3.28313155967702,4.00482147822337,0.819794734304483,0.412333133392076,2.41544954285274,5.64256987398626,0.428076142040987,0.668595685957125
0,"",164066.825576886,0,0.792199122881371,0.109935087237383,0.834406206625621,3.65230035036543e-06,0.0523246126608373,0.000897186128208137,-0.184624436434275,0.244407975881217,49.98692922124,-0.755394482396119,0.453557152425135,0.0340528104110731,0.129252435718076,19004.6719697857,0.263459719129384,0.792199122881371,4.49027375775278,2.75710494131818,48.0388524973155,1.62861909623431,0.109935087237383,-0.61925285270994,2.94649268244472,49.1872939133616,-0.210166092181211,0.834406206625621,-0.218677246845348,0.276943788250843,-0.7896087802745,0.429756278908721,-0.150571626023202,0.276016375920143,-0.545517002464974,0.585397990018037,-0.0681056208221463,0.258504871436152,-0.263459719129384,0.792196266585766,5.10952661046272,4.01501725995102,1.2726038967327,0.203158635140584,3.87102090504284,4.05543215608131,0.954527349012131,0.339816772378094,1.23850570541988,5.89298536488944,0.210166092181211,0.833538043047139
0,"",164122.466045641,0,0.758809820694641,0.0700250204807976,0.8738687383675,4.96083640540233e-06,0.0673140186679779,0.000519035913006534,-0.193486581264285,0.252347115542503,50.2664011592989,-0.766747742879175,0.446817774128316,0.0397434330962304,0.12943698833593,19004.5197757586,0.307048499869942,0.758809820694641,5.00119359842521,2.69834867245498,47.597169745473,1.8534274867729,0.0700250204807976,-0.472410790644409,2.96036932755112,49.0371187947577,-0.159578329044233,0.8738687383675,-0.233230014360515,0.284060495362732,-0.821057549951433,0.411613488240436,-0.153743148168054,0.283153026327591,-0.54296840885671,0.587151553646345,-0.0794868661924609,0.258873976671859,-0.307048499869942,0.758806456487888,5.47360438906962,3.98544856365264,1.37339732319945,0.16962886148571,4.5287828077808,4.02566068785848,1.12497876968115,0.260598030798547,0.944821581288819,5.92073865510226,0.159578329044233,0.87321325110965
0,"",164156.329206942,0,0.838524736941775,0.0683183471044481,0.787071160090506,2.18516300606889e-06,0.0680541383189816,0.00150472213338914,-0.153982418468046,0.258106674719249,50.333564474901,-0.596584410827566,0.553458824512925,0.0263998524303562,0.129548420182177,19004.3914599915,0.203783669405088,0.838524736941775,5.10403174044248,2.73645101088934,47.6417298813432,1.86520121139814,0.0683183471044481,-0.785737391505968,2.89298566234195,48.9499198546903,-0.271600859186386,0.787071160090506,-0.180382270898402,0.289240035564568,-0.623642126672795,0.532862638151402,-0.127582566037689,0.28834683844159,-0.44246216371654,0.658154803991815,-0.0527997048607124,0.259096840364355,-0.203783669405088,0.838522554986958,5.88976913194845,3.96197314020629,1.48657472514864,0.137127167350628,4.31829434893651,4.00222802840003,1.07897259183976,0.280599946061805,1.57147478301194,5.78597132468391,0.271600859186386,0.785928938745904
0,"",164227.490233237,0,0.447177517227135,0.0789221400909649,0.686406554646683,3.04052228260382e-05,0.0635299833624813,0.00336606746640219,-0.131842008431499,0.258999616314662,50.3598719432409,-0.509043257698584,0.612945121570922,0.0986550776861426,0.129784599857069,19003.3936766371,0.760144715126378,0.447177517227135,4.99664491786021,2.78275981529711,47.524840106693,1.79557175232772,0.0789221400909649,-1.18247521031609,2.9114257634341,48.8411072873429,-0.406149875146167,0.686406554646683,-0.230497086117642,0.290144372803178,-0.794422045448394,0.426949774392457,-0.0331869307453565,0.289250635527485,-0.114734167082592,0.908655831332573,-0.197310155372285,0.259569199714138,-0.760144715126378,0.447168086916317,6.17912012817631,4.00710581133001,1.54204066952886,0.123063711007131,3.81416970754412,4.04764219614899,0.942318891519859,0.346029398946193,2.36495042063219,5.8228515268682,0.406149875146167,0.684632481280352
0,"",164258.487081636,0,0.348402116061089,0.08786365375102,0.569851807963203,4.62661646999364e-05,0.0603043412222665,0.00665514847506219,-0.192615148963325,0.254589879266064,50.46638907193,-0.756570329969908,0.45282491219884,0.121808955558331,0.129899575369333,19004.6284273746,0.937716349048882,0.348402116061089,4.79601670791501,2.75190916383097,47.3294904549507,1.74279615437539,0.08786365375102,-1.65709339964731,2.89631814470858,48.8589063053468,-0.572137906422584,0.569851807963203,-0.314424104521656,0.286267599212207,-1.09835729012621,0.272048504465067,-0.0708061934049935,0.285360603890871,-0.248128832219851,0.804034728143029,-0.243617911116662,0.259799150738666,-0.937716349048882,0.348390199651279,6.45311010756233,3.97496190997955,1.62343948286929,0.104495490232416,3.1389233082677,4.01534599964957,0.781731713416887,0.434372259838572,3.31418679929463,5.79263628941717,0.572137906422584,0.567228550252338
0,"",164293.39031662,0,0.704147326325542,0.116422214162704,0.642197965944627,7.58632553298129e-06,0.0509679785088172,0.00443564869559737,-0.224222219022065,0.244249508754666,50.560081846649,-0.918004790123377,0.362974991278492,0.0493793083416312,0.130036668355089,19007.4373485855,0.379733724081518,0.704147326325542,4.35672231303991,2.72454478348338,47.6118783819238,1.59906430588003,0.116422214162704,-1.33569991351529,2.85698933045371,49.0583292147522,-0.467520091614473,0.642197965944627,-0.273601527363696,0.277176471543525,-0.987102281229281,0.323592499563413,-0.174842910680434,0.276238880156751,-0.632940991439076,0.526772177925052,-0.0987586166832624,0.260073336710178,-0.379733724081518,0.704143083829957,5.69242222655521,3.92772576822834,1.44929217630254,0.147256005047869,3.02102239952462,3.96787536506136,0.761370285499859,0.446435930437881,2.67139982703059,5.71397866090743,0.467520091614473,0.640127820858526
0,"",164341.945146695,0,0.943698878364467,0.109078157355667,0.655686749424074,2.62379430938301e-07,0.052686077531912,0.00409590477813709,-0.231670057243136,0.228986771258098,50.5435533039546,-1.01171808297176,0.316491788583093,-0.00919655542835288,0.130221167797307,19008.9143689839,-0.070622584514582,0.943698878364467,4.40436700322495,2.69754275050379,47.9323124809465,1.63273297611406,0.109078157355667,-1.29300621424963,2.88219165393868,48.9354040337399,-0.448619095986437,0.655686749424074,-0.222473501814783,0.263916897500679,-0.842968009709234,0.399246335371777,-0.240866612671489,0.262931282127142,-0.916081991929042,0.359623892162607,0.0183931108567058,0.260442335594614,0.070622584514582,0.943698135446013,5.69737321747459,3.92752410215516,1.45062718121787,0.146883702268248,3.11136078897533,3.96762972927781,0.784186277770851,0.432930815752318,2.58601242849925,5.76438330787737,0.448619095986437,0.653706455951577
0,"",164390.642318117,0,0.744175407618197,0.0944800861850684,0.53039718555029,5.6024974867569e-06,0.0573127182006276,0.00807839658261085,-0.180428572448933,0.229934788103996,50.4116642628429,-0.784694538554678,0.4363047727926,-0.0425492247458908,0.130385587424191,19008.1575813012,-0.32633380411489,0.744175407618197,4.59060145370185,2.69078473996614,47.873800876467,1.7060455953677,0.0944800861850684,-1.83643356036143,2.90627455715845,49.0263251442059,-0.631885778251099,0.53039718555029,-0.137879347703042,0.264822068603795,-0.520649009465013,0.602611301569193,-0.222977797194823,0.263837238382242,-0.845133911202397,0.398036076539049,0.0850984494917815,0.260771174848382,0.32633380411489,0.744171814900056,6.42703501406329,3.94051855211867,1.63101249976547,0.102887682019748,2.75416789334042,3.98068111976468,0.691883577326895,0.489010444771745,3.67286712072287,5.8125491143169,0.631885778251099,0.527461517067627
0,"",164479.119466423,0,0.621998238570896,0.0572334996015679,0.361425167228099,1.27880969697103e-05,0.0733260736128019,0.0169762164083976,-0.0998134578087007,0.238161818410122,50.3476263019202,-0.41909932698288,0.676926256666983,-0.064428513346568,0.130679120137557,19007.8214012808,-0.493028368103094,0.621998238570896,5.20987245365793,2.67396807160925,47.9744783196323,1.9483674876202,0.0572334996015679,-2.70155745162621,2.93252011286585,49.1438910099593,-0.921240894401259,0.361425167228099,-0.0353849444621327,0.272139403428675,-0.130025068094951,0.896546593577415,-0.164241971155269,0.271175798105526,-0.605666037687314,0.544736540771399,0.128857026693136,0.261358240275115,0.493028368103094,0.621992543086697,7.91142990528415,3.94845610347912,2.00367680377987,0.0451046926302529,2.50831500203172,3.98864053526955,0.628864641938011,0.529437675923323,5.40311490325243,5.8650402257317,0.921240894401259,0.356924671984412
0,"",164622.306600791,0,0.93416213101253,0.0365640565499417,0.341153723066257,3.59024385946636e-07,0.0882777094754616,0.0184471039409175,-0.106026477586643,0.240218635845309,50.3346388704315,-0.441374905046582,0.660831876457294,-0.0108362157441246,0.131172396412595,19008.4312532113,-0.0826104884905807,0.93416213101253,5.71881971979805,2.65870275534199,47.7842482105852,2.15098122883708,0.0365640565499417,-2.81017910710701,2.92360330114092,49.1605381049796,-0.961203972512395,0.341153723066257,-0.0951902618425181,0.274180535043711,-0.347180961724153,0.728455372698308,-0.116862693330767,0.273216791905536,-0.427728810208606,0.668848572006866,0.0216724314882492,0.262344792825191,0.0826104884905807,0.93416126117535,8.52899882690506,3.93161257824641,2.16933857473546,0.0300569886657445,2.90864061269104,3.97174215451924,0.732333696280221,0.463964917182476,5.62035821421402,5.84720660228186,0.961203972512395,0.336449619386068
0,"",164695.332227749,0,0.997816546127525,0.0488014419592053,0.492761953098375,3.93996337259984e-10,0.0795115627411867,0.00963122014755252,-0.0829660670960446,0.236060007440782,50.3611436125899,-0.351461765995485,0.726708198631533,-0.00035965982139205,0.131426127070885,19007.64200356,-0.00273659301546691,0.997816546127525,5.37268369361288,2.65656042222116,47.3512227179226,2.02242104063297,0.0488014419592053,-2.05036462443636,2.96685023758766,49.1118827127425,-0.69109137982762,0.492761953098375,-0.0826064072746525,0.270669170794107,-0.305193262432868,0.760218963582464,-0.0833257269174366,0.269689651194145,-0.308968944668373,0.757345150355784,0.0007193196427841,0.262852254141769,0.00273659301546691,0.997816517409087,7.42304831804924,3.9622222404878,1.873455820372,0.0610054680125165,3.32231906917652,4.00247699997834,0.830065749083506,0.40650161086425,4.10072924887272,5.93370047517533,0.69109137982762,0.489508117105286
0,"",164751.377547965,0,0.84899102506544,0.0679069069439121,0.552944301028577,1.90755037543415e-06,0.0692009686492876,0.00727377717106772,-0.0628539211749687,0.243437733866966,50.3055969855564,-0.258193009672515,0.797311365838407,0.0250599310651689,0.131611368919,19006.2346642582,0.190408558705836,0.84899102506544,4.97044373512953,2.65982994110571,46.9706242541869,1.86870734038857,0.0679069069439121,-1.77162246096804,2.96508663928901,48.7233432966788,-0.59749433203505,0.552944301028577,-0.0879138522401375,0.27721673436224,-0.317130394174762,0.751144663060444,-0.0377939901097998,0.276256850752283,-0.13680743122526,0.891183009608943,-0.0501198621303377,0.263222737838,-0.190408558705836,0.848988991484008,6.74206619609757,3.96306785186842,1.70122401334082,0.0889009302963662,3.19882127416149,4.00336875514513,0.799032382428017,0.424271635395872,3.54324492193608,5.93017327857802,0.59749433203505,0.550177390070092
0,"",164814.686192574,0,0.645351313239907,0.0764656743633576,0.756558745460614,1.11458011653712e-05,0.0656396000260807,0.00198968648832544,-0.0858267951154663,0.249528398462578,50.1164643802672,-0.343956021215508,0.73231834979214,0.060666485813184,0.131815723828576,19004.091281451,0.460237095022745,0.645351313239907,4.88866026515345,2.69840796569626,46.7210927601583,1.81168315810691,0.0764656743633576,-0.94095754509517,3.01829251591421,48.7492325338888,-0.311751607948497,0.756558745460614,-0.14649328092865,0.282677342906893,-0.518234957999097,0.604294347027347,-0.0251603093022823,0.281732378654991,-0.089305707148036,0.928838958547251,-0.121332971626368,0.263631447657151,-0.460237095022745,0.645346047578873,5.82961781024863,4.0282478562041,1.44718448773457,0.14784525995993,3.94770272005828,4.06893225931579,0.970206056151475,0.33194379260981,1.88191509019034,6.03658503182843,0.311751607948497,0.755229303602
0,"",164816.666655155,0,0.558577706351346,0.0787269322024535,0.820717209690615,1.80061838846062e-05,0.064415492667951,0.00106273675056975,-0.0864829672944224,0.244181178016411,50.1539619406881,-0.354175403677552,0.724692189317811,0.0771105206365603,0.131820578357987,19003.4015060969,0.584965728394473,0.558577706351346,4.8844072560812,2.71764516794162,46.9170741004894,1.79729396379613,0.0787269322024535,-0.704718997286475,3.09294833468855,48.7976762923097,-0.22784699937687,0.820717209690615,-0.163593487930983,0.277970603281033,-0.588528016991734,0.556177934069505,-0.00937244665786206,0.277010051918357,-0.0338343197041254,0.973009268438029,-0.154221041273121,0.263641156715973,-0.584965728394473,0.558570761177008,5.58912625336768,4.09676920771518,1.3642765725836,0.172480536328727,4.17968825879473,4.13767221738203,1.01015451181372,0.312421268869537,1.40943799457295,6.18589666937711,0.22784699937687,0.819765187291645
0,"",164810.027871155,0,0.625140920699534,0.0793323364954711,0.69077502159511,1.25615861261991e-05,0.0634195810204173,0.00328735401330518,-0.0378846160545478,0.239649958771419,50.2169759106487,-0.158083131951141,0.875025279293263,0.0643942563942601,0.131797352554923,19003.3845150554,0.4885853558206,0.625140920699534,4.98465177455733,2.7799491586474,47.4807583433464,1.79307299885393,0.0793323364954711,-1.23700915979027,3.09108845613895,48.5563974384812,-0.400185623071882,0.69077502159511,-0.102278872448808,0.273987132659123,-0.373298086870585,0.708926600167673,0.0265096403397123,0.273013444534315,0.0971001277425379,0.922646879418445,-0.12878851278852,0.263594705109846,-0.4885853558206,0.625135282749265,6.2216609343476,4.13662177726479,1.504043944395,0.132570052151832,3.74764261476707,4.17782845609276,0.897031233846301,0.369702250662449,2.47401831958053,6.1821769122779,0.400185623071882,0.689019802986195
0,"",164842.448130399,0,0.748941721863522,0.0565220097653354,0.61811877681801,5.38971683023228e-06,0.0742221085092485,0.00517156794362268,-0.0264900343250618,0.243147024086596,50.170329817033,-0.108946570185566,0.913679453923308,0.0422156285593181,0.131907456920792,19003.7599418537,0.320039742595202,0.748941721863522,5.47246308407235,2.79990873158497,47.6487430769783,1.95451481055045,0.0565220097653354,-1.53086931891974,3.05107580311035,48.4279624536455,-0.501747389350057,0.61811877681801,-0.0687056628843799,0.277104507591958,-0.247941339826742,0.804179793766911,0.0157255942342563,0.276139814042044,0.0569479424356461,0.954586663710809,-0.0844312571186362,0.263814913841585,-0.320039742595202,0.748938203431401,7.0033324029921,4.12039814338616,1.69967371095763,0.0891923169078456,3.94159376515261,4.16166121435208,0.947120287340897,0.343577488083649,3.06173863783949,6.1021516062207,0.501747389350057,0.61584522500895
0,"",164886.538764175,0,0.901209137286904,0.0521108458576679,0.573885275928276,8.10857918609211e-07,0.0772361415269682,0.0066094403362464,0.0215844802961014,0.241890125129278,50.1816350548133,0.0892325814646859,0.929252260425274,0.0163940407586257,0.132065469108812,19004.145632692,0.124135709881273,0.901209137286904,5.58336684851847,2.80245589200927,47.4225345899766,1.99231212324822,0.0521108458576679,-1.70421559848624,3.00991508769839,48.1832318030568,-0.566200556770328,0.573885275928276,0.00519043953747569,0.276078887941986,0.0188005666647223,0.985000201770459,0.037978521054727,0.275108504348181,0.138049244041765,0.890201498972966,-0.0327880815172513,0.264130938217624,-0.124135709881273,0.901207824420019,7.28758244700471,4.09191978745626,1.78096903789383,0.0749175089854042,3.87915125003223,4.13314507084469,0.938547083042371,0.347963332550629,3.40843119697248,6.01983017539678,0.566200556770328,0.571257451496152
0,"",164888.416672471,0,0.817570348182377,0.0725095396039327,0.529107673950775,2.79991298594467e-06,0.0666584710372577,0.00825406729339255,0.00659564492640552,0.236965753728669,50.300397820009,0.0278337473775121,0.977904888722529,-0.0304666175794526,0.132076359299958,19004.3295885301,-0.230674268589279,0.817570348182377,5.22656468818905,2.84521777824376,47.2483748024968,1.83696472310643,0.0725095396039327,-1.89041915677293,2.98198656236171,48.2877842736452,-0.633946235919901,0.529107673950775,0.0370622625058581,0.271779751181951,0.136368741029002,0.891529783843565,-0.0238709726530471,0.270794448059284,-0.0881516324434432,0.929756159311475,0.0609332351589052,0.264152718599916,0.230674268589279,0.817567865138533,7.11698384496199,4.10087232459038,1.7354804738216,0.0826557371136994,3.33614553141612,4.14220500517407,0.805403288163891,0.420586994892556,3.78083831354587,5.96397312472343,0.633946235919901,0.526115909905626
0,"",164908.288557267,0,0.659658869126723,0.150583002776498,0.378681248351312,1.02047084341422e-05,0.0428249642596474,0.0159616563325631,-0.00519682509584858,0.232540672098791,50.3570985052375,-0.0223480264718629,0.982258659151798,-0.0581975326074138,0.132149652714642,19005.1831748099,-0.440391112741575,0.659658869126723,4.17213528291909,2.85575639023339,47.7055386284575,1.46095629766869,0.150583002776498,-2.65063282076949,2.98350861493377,48.6607295046854,-0.888428076762342,0.378681248351312,0.0530007075115652,0.267966646233476,0.197788449631849,0.843210583509909,-0.0633943577032624,0.266966788743281,-0.237461588393391,0.81229871507031,0.116395065214828,0.264299305429284,0.440391112741575,0.659653860567658,6.82276810368858,4.10922784325292,1.66035283609087,0.0968434923158645,1.5215024621496,4.15061236008866,0.366573009028745,0.713937544397668,5.30126564153898,5.96701722986754,0.888428076762342,0.37431052815427
0,"",164936.764507656,0,0.377909237077197,0.153952818302469,0.264625726383495,4.09070168275726e-05,0.0420622259489092,0.0254437977555178,0.0127484112574167,0.236040321051117,50.3564868865909,0.054009464148525,0.957141330568221,-0.116619531274548,0.132255316446276,19006.4378403295,-0.881775753203241,0.377909237077197,4.0512100761418,2.79646110541109,47.7966004890612,1.44869172980908,0.153952818302469,-3.29738170831133,2.92189755319697,48.7790608213906,-1.12850695422347,0.264625726383495,0.129367942531965,0.271061716393609,0.477263791630793,0.633174290992515,-0.103871120017131,0.270071378872677,-0.384606175044193,0.700529218400026,0.233239062549096,0.264510632892552,0.881775753203241,0.377898086157299,7.34859178445315,4.02391338016561,1.8262301123765,0.0678156073161875,0.753828367830473,4.06490850571513,0.185447806948327,0.852877814131504,6.59476341662267,5.84379510639395,1.12850695422347,0.259105881603633
0,"",164915.567747626,0,0.305724849880834,0.0578075614986051,0.265939008802818,5.5195900695508e-05,0.0737359005649552,0.025239250753431,-0.000692107556964473,0.247835906794253,50.3282891983246,-0.00279260404965873,0.997782867321298,-0.135380591438412,0.132173865384488,19006.0048430679,-1.0242614229719,0.305724849880834,5.39084670370228,2.77276644991336,47.48355501798,1.94421232407466,0.0578075614986051,-3.23700127078331,2.87647619773299,48.9086578566799,-1.12533567054525,0.265939008802818,0.134688483881448,0.281354902175952,0.478713833808436,0.632142222977141,-0.136072698995376,0.280400702203067,-0.485279451607195,0.627478129482129,0.270761182876824,0.264347730768975,1.0242614229719,0.305711813766156,8.6278479744856,3.97487492194371,2.17059609268575,0.029961717714204,2.15384543291898,4.01560301308311,0.536369114651424,0.591703472543748,6.47400254156663,5.75295239546598,1.12533567054525,0.260446819631763
0,"",165003.495888627,0,0.559870716719362,0.0472703707207055,0.249651987878575,1.78866112746156e-05,0.0805151427658821,0.0268891596235249,0.0046158353966704,0.249434353029029,50.3731863789048,0.0185052112534524,0.985308924629129,-0.0772354016237788,0.132469290301553,19004.9426073258,-0.583043824330609,0.559870716719362,5.77510970859609,2.83526939902971,47.3804117477656,2.03688217795898,0.0472703707207055,-3.39625254076379,2.9152754114099,49.1163239032283,-1.16498514256026,0.249651987878575,0.0818512370204492,0.28290436718764,0.289324756044364,0.772332869448519,-0.0726195662271084,0.281950949127991,-0.257560992263739,0.796745737826519,0.154470803247558,0.264938580603105,0.583043824330609,0.55986379874089,9.17136224935989,4.04600141491624,2.26677188385258,0.0234041645365278,2.3788571678323,4.08717985038423,0.582028991850865,0.560547152803749,6.79250508152759,5.83055082281981,1.16498514256026,0.244025006931213
0,"",165034.579753015,0,0.950237902881878,0.0627936006751535,0.288098371990217,2.04935812930058e-07,0.070877100394713,0.0229241467199395,0.0356448144079786,0.246374950144279,50.336670863507,0.144677104499076,0.885543546811796,0.00827398105849464,0.13257704511213,19005.286743637,0.0624088510307101,0.950237902881878,5.46663376540086,2.86917729320337,47.5874474937054,1.90529660831711,0.0627936006751535,-3.1452628629816,2.9287459021267,49.1570268365364,-1.07392821640747,0.288098371990217,0.027370833349484,0.280262200641715,0.0976615229838812,0.922201069660533,0.0439187954664733,0.27929854419596,0.157246775463531,0.875050365319787,-0.0165479621169893,0.26515409022426,-0.0624088510307101,0.950237246598446,8.61189662838247,4.07923306170261,2.11115582221429,0.0347589206407075,2.32137090241927,4.12059697452056,0.563357910704035,0.573191191509528,6.2905257259632,5.8574918042534,1.07392821640747,0.282854855758155
0,"",165090.431052368,0,0.930197816516365,0.068170565427854,0.443687257164251,4.03720691318146e-07,0.0683013560493624,0.0120073255675409,0.053751344547645,0.242289494722939,50.3765378419164,0.221847606761119,0.825329410186201,0.0116311761156223,0.132780353007646,19006.3377258409,0.0875971169842615,0.930197816516365,5.30485536105843,2.8423671176022,47.515236031075,1.86635122824443,0.068170565427854,-2.25236647921113,2.91673841127613,49.0671221558769,-0.772220940521598,0.443687257164251,0.0421201684320227,0.276776259997343,0.152181290521185,0.879043950084145,0.0653825206632673,0.275798014310741,0.237066683843492,0.812605058133639,-0.0232623522312446,0.265560706015292,-0.0875971169842615,0.930196893685577,7.55722184026957,4.05196319722255,1.86507662395595,0.0621706646449949,3.05248888184731,4.0932165628554,0.745743313351082,0.455822489043344,4.50473295842226,5.83347682255227,0.772220940521598,0.439983580997214
0,"",165141.035239239,0,0.710114724842508,0.0540965159878234,0.472945908077979,7.26958929466875e-06,0.0760402107782999,0.0105631197502159,0.0620860638194305,0.252742535100521,50.4177364817048,0.245649446361443,0.806950856427625,-0.0494182502061501,0.132949266926359,19005.9595731002,-0.371707579504918,0.710114724842508,5.48922064348776,2.77921265977818,47.4010078873257,1.97509917932148,0.0540965159878234,-2.12366862770208,2.93616042808696,49.001551542542,-0.723280855973439,0.472945908077979,0.111504314025581,0.286051722764198,0.389804728138265,0.696680947251948,0.0126678136132804,0.285101745266884,0.0444326063364573,0.964559571207607,0.0988365004123002,0.265898533852718,0.371707579504918,0.710110581108959,7.61288927118985,4.02231544,1.89266341358594,0.0584026448112838,3.36555201578568,4.06338536649035,0.828263064473405,0.407521535565392,4.24733725540416,5.87232085617394,0.723280855973439,0.46950735188022
0,"",165219.405620122,0,0.699585840566681,0.0581896217437102,0.468879343705639,7.83541287560909e-06,0.0740861641470007,0.0107704780167859,0.0346262011711453,0.257381117560486,50.2948954172658,0.134532795176818,0.893518217210308,-0.0514046383501789,0.13321217709853,19004.2823946978,-0.38588543082032,0.699585840566681,5.4325357185457,2.79808532177012,47.1103942429407,1.94151896522905,0.0581896217437102,-2.18255259580994,2.98986141920336,48.9428672523674,-0.729984534330515,0.468879343705639,0.0860308395213242,0.290280961870896,0.296370933067208,0.766946820785052,-0.0167784371790336,0.289340648342635,-0.057988524167419,0.953757769532901,0.102809276700358,0.266424354197059,0.38588543082032,0.699581521061739,7.61508831435565,4.07421197911328,1.8690947730248,0.0616096301107699,3.24998312273576,4.11556828362041,0.789680281984484,0.429714509644231,4.36510519161989,5.97972283840674,0.729984534330515,0.465399638120177
0,"",165285.394654947,0,0.889819441818679,0.0666740970788375,0.547856505776092,1.0099285535247e-06,0.0696972839689022,0.00744194012989518,0.0610308858534702,0.258857006839745,50.2074672799909,0.235770654225534,0.814569757786869,0.0184852554905868,0.133434272119321,19003.1258022323,0.138534539867364,0.889819441818679,5.42137720357998,2.88773642037042,47.0449037678632,1.87737951612791,0.0666740970788375,-1.80807890573227,2.98763942711905,48.8481525495824,-0.605186452327611,0.547856505776092,0.0425456303628835,0.291693540782391,0.145857293407204,0.884034045875718,0.079516141344057,0.290754515352593,0.273482051508742,0.784482687475055,-0.0369705109811735,0.266868544238643,-0.138534539867364,0.889817973911222,7.22945610931226,4.13418828391076,1.74870025573037,0.0803428458241535,3.61329829784771,4.1759441080066,0.865265004605754,0.38689335386288,3.61615781146455,5.9752788542381,0.605186452327611,0.545055116454024
0,"",165324.468850276,0,0.872181785052522,0.0605651362393867,0.616046108278092,1.36222056437062e-06,0.0725719354552556,0.00520052369133873,0.0264012037388207,0.266789697424661,50.1495735044133,0.0989588578332422,0.921565444123552,0.0214889633660431,0.133563114583983,19002.4601919941,0.160889954033912,0.872181785052522,5.53478070515234,2.87872820023685,47.2401252359725,1.92264789176587,0.0605651362393867,-1.51036968845286,2.99262173925423,48.7249428390552,-0.504697826872451,0.616046108278092,0.00491224037277768,0.298814432868223,0.0164391000984346,0.986884086590137,0.0478901671048638,0.297895335929039,0.160761721748714,0.872281074644245,-0.0429779267320861,0.267126229167966,-0.160889954033912,0.872180074745025,7.04515039360521,4.13151799887407,1.70522079185548,0.0881532536597243,4.02441101669948,4.17328178717559,0.964327649541043,0.334881682833918,3.02073937690573,5.98524347850846,0.504697826872451,0.613771087618367
0,"",165358.63817356,0,0.868955928543726,0.0574599539297768,0.653408177549717,1.43247563913608e-06,0.0739213668889384,0.00417625291757284,-0.00884877218783878,0.271863894384185,50.0951458702228,-0.0325485375977662,0.974163949146048,0.0220555780016381,0.133680660180401,19002.5488144896,0.164987051768553,0.868955928543726,5.6081960464972,2.88040602646554,47.4916028403657,1.94701580088653,0.0574599539297768,-1.3361957029397,2.95738686603069,48.6765229703257,-0.451816337689057,0.653408177549717,-0.0309043501894769,0.303406191740661,-0.101858007617368,0.918869381607809,0.0132068058137993,0.302499049197572,0.0436589994210975,0.965176221754805,-0.0441111560032762,0.267361320360802,-0.164987051768553,0.868954173580457,6.94439174943691,4.10740408907131,1.69070089011063,0.090893944232805,4.2720003435575,4.14909430531772,1.02962237760714,0.303187306397228,2.67239140587941,5.91477373206139,0.451816337689057,0.651401298963748
0,"",165409.534441328,0,0.56000772093101,0.0651145790359592,0.635392813558522,1.78757775813813e-05,0.0695766481912599,0.00464067881226649,0.00565495768277991,0.266051533308766,50.0303783819559,0.0212551215640507,0.983126689759054,0.0780213742806234,0.133864066636797,19003.1876692324,0.582840311375811,0.56000772093101,5.46325218848507,2.89360311751913,47.6696176129671,1.88804475479314,0.0651145790359592,-1.41702488247871,2.96984542789989,48.8298777551008,-0.47713758742008,0.635392813558522,-0.0723664165978435,0.298292501026585,-0.242602198676774,0.808313577796204,0.0836763319634033,0.297367781133528,0.281390040455761,0.778411256212945,-0.156042748561247,0.267728133273595,-0.582840311375811,0.560000805132903,6.88027707096379,4.12548034694697,1.66775175066716,0.0953650175753878,4.04622730600637,4.16728372463683,0.970950761544077,0.331572798525897,2.83404976495742,5.93969085579979,0.47713758742008,0.633264150705782
0,"",165541.412293289,0,0.544856647102991,0.0618842708695108,0.598142782103286,1.92924508054902e-05,0.0712385772263721,0.00575096908193766,-0.0219037449082557,0.266730905878734,50.0787173957378,-0.0821192611185972,0.934879224359081,0.0813353809463146,0.134328497114755,19003.2078414591,0.605496098693271,0.544856647102991,5.45811376203721,2.85451667305074,47.6660242441375,1.91209734858683,0.0618842708695108,-1.59956683691712,3.01491545354101,48.6640949645266,-0.530551142002484,0.598142782103286,-0.10323912585457,0.29911008006098,-0.345154285116445,0.729978384461203,0.0594316360380589,0.298181492688448,0.199313631111759,0.842017417003784,-0.162670761892629,0.26865699422951,-0.605496098693271,0.544849416102558,7.05768059895434,4.1308845711841,1.70851556787298,0.0875407202488831,3.85854692512009,4.17273937803493,0.924703552163184,0.355120131203576,3.19913367383424,6.02983090708202,0.530551142002484,0.595729860329942
0,"",165607.65111473,0,0.583371368505539,0.0459659257264529,0.555875817377465,1.58289490963352e-05,0.0804570424069785,0.0071700966359655,-0.0284361715687611,0.259207179359237,50.0933886680172,-0.109704413431201,0.913082113989381,0.0738088111160207,0.134570657822691,19004.5115599745,0.548476260057154,0.583371368505539,5.77863092186786,2.820400959276,47.9773399907509,2.04886858475301,0.0459659257264529,-1.81428028589705,3.05911344860146,48.704314688836,-0.593073881168574,0.555875817377465,-0.102244982684782,0.292533261793503,-0.349515750988193,0.726702147968137,0.0453726395472596,0.291581100726471,0.155608986433669,0.876341241086677,-0.147617622232041,0.269141315645383,-0.548476260057154,0.583364925727219,7.59291120776492,4.13989709327111,1.83408211283953,0.0666418061765484,3.96435063597082,4.18173712494271,0.94801526674758,0.343121682208438,3.6285605717941,6.11822689720293,0.593073881168574,0.553131709269018
0,"",165600.920501342,0,0.897653735287135,0.0378406899723426,0.494499230899958,8.70517167240993e-07,0.0866219207904144,0.00963267703376447,0.0150544052298173,0.253237450521264,50.1292969248271,0.0594477838835815,0.95283181491272,0.0173080901927317,0.134559755387673,19005.9771660365,0.128627539065201,0.897653735287135,5.92100243164794,2.7726511888156,48.0864570226818,2.13550209832822,0.0378406899723426,-2.09150219720683,3.0384409341385,48.7151850668708,-0.688347163082121,0.494499230899958,-0.00225368496291443,0.287251401947532,-0.00784568829824574,0.993740110659089,0.032362495422549,0.286282553279409,0.113043896848871,0.909995753585155,-0.0346161803854634,0.269119510775345,-0.128627539065201,0.897652374297383,8.01250462885478,4.09253558433522,1.95783383277688,0.0502495140492179,3.82950023444112,4.13407647983538,0.926325444901691,0.354276876382256,4.18300439441366,6.076881868277,0.688347163082121,0.491234188302707
0,"",165741.580505988,0,0.940017669632211,0.0380493618630873,0.637088768908045,2.97930083266208e-07,0.0874898813353069,0.00459099327739879,-0.00671029211531976,0.259352314142274,50.1718312912173,-0.0258732687136876,0.979461058861468,0.0101626660226722,0.135054464664032,19005.6587918045,0.0752486491131806,0.940017669632211,5.84783358894674,2.7405254646499,47.4900020934306,2.1338366179691,0.0380493618630873,-1.44472975435669,3.04321609711093,48.8655238320744,-0.474737812976291,0.637088768908045,-0.0168729581379919,0.292887971416433,-0.05760891461808,0.954060148629868,0.0034523739073524,0.291930297764463,0.0118260212584645,0.990564420157813,-0.0203253320453443,0.270108929328063,-0.0752486491131806,0.940016877649663,7.29256334330343,4.07454994712235,1.78978376457351,0.073488680179901,4.40310383459006,4.11598479110706,1.06975707104247,0.284728670074474,2.88945950871338,6.08643219422187,0.474737812976291,0.634973862586828
0,"",165799.522790926,0,0.501881319322883,0.0605969929244652,0.841410124610854,2.37293632351892e-05,0.0724659209102114,0.000822810226169859,-0.0875182020003116,0.256914194421613,50.0642295421945,-0.34065148559557,0.734791345299707,0.0908282612192816,0.135252602636997,19004.4081428662,0.671545385807137,0.501881319322883,5.39572556818877,2.80685034079793,47.2995764115839,1.92234174004976,0.0605969929244652,-0.623258260867478,3.0984443212538,49.1350638431599,-0.201151996371932,0.841410124610854,-0.178346463219593,0.290824634870553,-0.613244002864392,0.539715013374177,0.00331005921897005,0.289857501857697,0.0114196085930358,0.990888668644566,-0.181656522438563,0.270505205273994,-0.671545385807137,0.501873156719522,6.01898382905625,4.15972962322587,1.44696515741053,0.147906682372918,4.77246730732129,4.20168794138166,1.13584525407471,0.256021333693182,1.24651652173496,6.19688864250761,0.201151996371932,0.840579725573816
0,"",165910.955295278,0,0.31411925145797,0.0825929962040054,0.779166803167079,5.33236059896196e-05,0.0619424892493714,0.00161438721078025,-0.111962606266798,0.258015147649585,49.763048389089,-0.433938112884969,0.666208969467531,0.136534938907214,0.135633942615695,19002.3870203786,1.00664285262335,0.31411925145797,5.20837577123825,2.93728755312522,47.6159552016059,1.7731923337559,0.0825929962040054,-0.883461601359,3.13341881328529,49.1619463581406,-0.281948138440108,0.779166803167079,-0.248497545174012,0.291977400156537,-0.851084861502245,0.39472221416795,0.0245723326404166,0.291008528071015,0.0844385310743202,0.932707773291347,-0.273069877814428,0.271267885231389,-1.00664285262335,0.314106433621162,6.09183737259726,4.27349558640987,1.42549284290123,0.1540147875125,4.32491416987926,4.31615323306813,1.00202980208024,0.316329199444988,1.766923202718,6.26683762657058,0.281948138440108,0.77798327707829
0,"",165935.273146307,0,0.483287870987584,0.0926524778355262,0.666868183088603,2.58667966432075e-05,0.0584706913328101,0.00381355196439617,-0.0761858937865024,0.275860970876752,49.7120650049671,-0.276174964310338,0.783558613488708,0.0951291049618218,0.135697496512708,18998.9354700518,0.701038025067125,0.483287870987584,5.11782593264114,2.98207798746199,47.4273262971123,1.71619453084688,0.0926524778355262,-1.35372474095584,3.12591490675475,48.9911224935688,-0.433065128558234,0.666868183088603,-0.171314998748324,0.307890071430504,-0.556416119403815,0.577926421925431,0.0189432111753194,0.306968851091248,0.0617105322184252,0.950793352459697,-0.190258209923644,0.271394993025416,-0.701038025067125,0.483279285201842,6.47155067359699,4.29873973671455,1.5054530094774,0.132207649292602,3.7641011916853,4.34155535852594,0.866993710973503,0.385945455553888,2.70744948191169,6.2518298135095,0.433065128558234,0.664967455496801
0,"",165865.422605288,0,0.802801442968593,0.0831736566100852,0.590858070044547,3.28256248394748e-06,0.0618839127512652,0.00594156521884572,-0.0290885228574164,0.282350553484872,49.7773880637224,-0.103022722988836,0.918358873776972,0.0338241863719252,0.135444837855823,18998.3277074756,0.249726655569775,0.802801442968593,5.27642967542989,2.98129323345152,47.4842669659622,1.7698459233147,0.0831736566100852,-1.66862120734805,3.08348629329292,48.9939573213774,-0.541147600032332,0.590858070044547,-0.0629127092293416,0.313607195109284,-0.200609903760079,0.841003613423582,0.00473566351450871,0.312705621129034,0.0151441585776758,0.987917171543422,-0.0676483727438503,0.270889675711647,-0.249726655569775,0.80279874300652,6.94505088277795,4.26766177948152,1.62736675061015,0.103659228795048,3.60780846808184,4.31034303338504,0.837011913005104,0.402585871774217,3.33724241469611,6.16697258658584,0.541147600032332,0.588405851480212
0,"",165918.207682336,0,0.582164102034274,0.0713807658547249,0.57786392677367,1.59351589221101e-05,0.0665469484125116,0.0063671672434731,0.00911735854848069,0.278695751900738,49.8515807109436,0.0327143793412681,0.974032990201561,0.0746329396883003,0.135638095636597,18999.1604083631,0.550235826727158,0.582164102034274,5.58552014091798,3.0288237437784,47.7027676127526,1.8441218814371,0.0713807658547249,-1.69445035991645,3.02446564955701,48.9824004136013,-0.560247844165343,0.57786392677367,-0.0655155811398196,0.310406249258492,-0.211063988873694,0.832837339927521,0.083750298236781,0.309493118909219,0.270604718230736,0.786695066561822,-0.149265879376601,0.271276191273194,-0.550235826727158,0.582157633413793,7.27997050083443,4.25892172936177,1.70934592449657,0.0873868912128069,3.89106978100154,4.301617971836,0.9045595881544,0.365698752648887,3.38890071983289,6.04893129911402,0.560247844165342,0.575310397013212
0,"",165999.554132713,0,0.380172169347401,0.0438475382289148,0.5395829694746,4.05359300454477e-05,0.082739601421032,0.007728833470681,0.102349042638009,0.277816199760384,50.0579167364729,0.368405595952592,0.714124280224626,0.119289332045082,0.135926837815325,18999.18797361,0.877599552541291,0.380172169347401,6.37568133156448,3.0790891863023,47.532196800309,2.07063873301477,0.0438475382289148,-1.85859349841108,3.00851688050374,48.9982245744809,-0.617777320930263,0.5395829694746,-0.016940289407073,0.309745276481839,-0.0546910338697811,0.956384612608348,0.221638374683091,0.30882641705777,0.717679454998276,0.472954953932326,-0.238578664090164,0.27185367563065,-0.877599552541291,0.380161072203035,8.23427482997556,4.28341621431631,1.92236159597436,0.0545602743873238,4.51708783315341,4.32623087801514,1.04411622045142,0.296431622152665,3.71718699682216,6.0170337610075,0.617777320930263,0.536722135080868
0,"",166070.219887402,0,0.305948786872206,0.0489177089712034,0.456554955756841,5.51665195577296e-05,0.0790408843306957,0.0113801192574053,0.124602886373367,0.281673358157709,50.0314496669909,0.442366602181815,0.660130463234,0.139410284198098,0.136171140787057,18998.526937674,1.02378729731072,0.305948786872206,6.28057036122484,3.10755525825326,47.5936498460366,2.02106474037572,0.0489177089712034,-2.27634799184701,3.03315776061432,48.9293939896815,-0.750487831989975,0.456554955756841,-0.0148073978247308,0.313317358077137,-0.047260062179783,0.962305958257902,0.264013170571465,0.312405431588093,0.845097888437378,0.398056187184625,-0.278820568396196,0.272342281574114,-1.02378729731072,0.305935751512983,8.55691835307186,4.3209080821201,1.98035185901786,0.0476640053627399,4.00422236937784,4.36390246380622,0.917578337872687,0.358839663033317,4.55269598369402,6.06631552122865,0.750487831989975,0.45296094956179
0,"",166144.610768253,0,0.265037725699914,0.0828677455353252,0.434328139977207,6.53858887473194e-05,0.0618518409046115,0.0125903807546601,0.112228769530453,0.27644844712466,50.0123645317771,0.405966359000183,0.686499093484809,0.152074591369813,0.136439216044685,18998.6375180067,1.11459590415712,0.265037725699914,5.55510272462468,3.13570010236307,47.6029589474697,1.77156696854981,0.0828677455353252,-2.41051137445345,3.05778851905104,48.7373563892165,-0.788318537869822,0.434328139977207,-0.0398458218393604,0.308748576950233,-0.129055888234209,0.897313426120659,0.264303360900266,0.307819952920947,0.858629722967124,0.390544834214463,-0.304149182739627,0.272878432089369,-1.11459590415712,0.265023626316095,7.96561409907813,4.35816808212012,1.82774366407711,0.0675880316883632,3.14459135017123,4.40133417117921,0.714463212260188,0.474940796291955,4.8210227489069,6.1155770381021,0.788318537869821,0.430510406960705
0,"",166128.442701593,0,0.758792657602245,0.0797980303284618,0.529224223390702,4.96284236444731e-06,0.0631387098017646,0.00814818593547251,0.132273337155823,0.262709850005764,50.2300696565622,0.503495918226595,0.616816676348981,0.0418812341580098,0.136389392925604,18999.6286704536,0.307071050465448,0.758792657602245,5.71438429184309,3.19212571243284,47.5508741849981,1.79015014026122,0.0797980303284618,-1.95316195761729,3.08210692310381,48.8840267248151,-0.633709993308855,0.529224223390702,0.0903921029978133,0.296486435017599,0.304877702052196,0.760459298962683,0.174154571313833,0.295521331608881,0.589313029843559,0.555651305747421,-0.0837624683160197,0.272778785851207,-0.307071050465448,0.758789292263016,7.66754624946039,4.41553889230507,1.73649161211615,0.082476946214524,3.7612223342258,4.45882446272334,0.843545729523637,0.398923301698237,3.90632391523459,6.16421384620763,0.633709993308855,0.526270101954552
