convergence_false,bic,singular,p_anova_condition,p_anova_pe,p_anova_interaction,effectsize_condition,effectsize_pe,effectsize_interaction,coef_intercept,se_intercept,df_intercept,t_intercept,p_intercept,coef_condition,se_condition,df_condition,t_condition,p_condition,coef_pe,se_pe,df_pe,t_pe,p_pe,coef_interaction,se_interaction,df_interaction,t_interaction,p_interaction,emmean_amc,emmean_se_amc,emmean_z_ratio_amc,emmean_p_amc,emmean_avc,emmean_se_avc,emmean_z_ratio_avc,emmean_p_avc,emmean_diff,emmean_se_diff,emmean_z_ratio_diff,emmean_p_diff,coef_amc,se_amc,z_ratio_amc,p_amc,coef_avc,se_avc,z_ratio_avc,p_avc,coeff_diff,se_diff,z_diff,p_diff
0,626176.031489868,1,0.01040128458157,0.183852875547491,0.664386523647064,0.0000763911952232516,0.0365026000975364,0.00389281030332066,0.0726033004420606,0.0898668515216825,50.1411837878165,0.807898565630102,0.422965345116209,0.0838326897930114,0.0327183679807646,85934.4009584609,2.56225157203126,0.01040128458157,-0.790834519244005,0.5864899590294,47.9928807807808,-1.34841953739972,0.183852875547491,0.261704978335253,0.599525886234745,48.7585657895274,0.436519897379014,0.664386523647064,0.0166424144790909,0.0964992804028242,0.172461539709096,0.863074695149251,0.170447620961337,0.0964929636114556,1.76642539084685,0.0773245084234137,-0.153805206482246,0.0680795289312181,-2.25919904113376,0.0238710064536673,-1.05253949757926,0.836830139366054,-1.25776958556561,0.208475098125445,-0.529129540908751,0.840546749719675,-0.62950637913384,0.529017593767502,-0.523409956670505,1.19905177246949,-0.436519897379014,0.662459566096895
0,626019.616935055,1,0.0199032640833361,0.222607713241189,0.578757025217836,0.0000630690171377289,0.0306048061973959,0.00645079438178904,0.0774337942875163,0.0893067099424002,50.3274173313686,0.8670546069546,0.390027387695042,0.0761070126467232,0.0326890671725548,85941.0867428804,2.32820998669003,0.0199032640833361,-0.746813375336858,0.604454164933668,48.3513556056156,-1.23551696499405,0.222607713241189,0.340466030240541,0.60906796624223,48.1273820555607,0.558995135372355,0.578757025217836,0.0301185166496882,0.0960887382164501,0.313444813707961,0.753942741851978,0.164301100030537,0.0960832151101696,1.70998753364101,0.0872681783301333,-0.134182583380849,0.0682640091912253,-1.96564170447371,0.0493400130997572,-1.0872794055774,0.856168468749239,-1.26993628621454,0.204107326407447,-0.406347345096316,0.860019071379108,-0.472486435033012,0.636579621855844,-0.680932060481079,1.21813593248446,-0.558995135372355,0.576165040165948
0,625900.488797825,1,0.116972629789301,0.176772493990504,0.673148418692161,0.0000285936708545053,0.0370552259824964,0.00372482377866262,0.061622671874478,0.0872773083144168,50.335313861811,0.70605605356758,0.483408578669436,0.0512088753689622,0.0326665584489082,85941.1933489452,1.56762382694996,0.116972629789301,-0.824191049773758,0.601340459548935,48.8165240100677,-1.37058971616841,0.176772493990504,0.258575743259421,0.609244219184725,48.1799458422061,0.424420511704551,0.673148418692161,0.0390860351421772,0.0941871664705242,0.414982599082744,0.678154641544364,0.127809340383454,0.0941815380766261,1.35705301690304,0.174764365430323,-0.0887233052412771,0.068232300663661,-1.30031237959603,0.193493926805922,-1.08276679303318,0.854109403929629,-1.26771440292254,0.204899959427466,-0.565615306514336,0.857948051993841,-0.659265214484567,0.509725475806335,-0.51715148651884,1.21848843836945,-0.424420511704551,0.671259164284979
0,625986.737087199,0,0.188074396073831,0.230997435560399,0.766017799827318,0.0000201638595461966,0.0291692584140802,0.00183968577435173,0.0571980662486224,0.0872568223333082,45.5743174750959,0.65551397265115,0.515432462656103,0.0430203437538547,0.0326825963624573,85927.5108090232,1.31630740950778,0.188074396073831,-0.712649183692577,0.587570429752611,48.9609519823819,-1.21287448722127,0.230997435560399,0.184432266079094,0.616293953469728,48.5908660545857,0.29926022321125,0.766017799827318,0.0379329148130709,0.094143915358007,0.402924763313922,0.687003573473248,0.114205873980116,0.0941380653384572,1.21317421990253,0.225063218367675,-0.0762729591670453,0.068436516769534,-1.11450673949262,0.265061854809801,-0.897081449771669,0.849601145557488,-1.05588540512504,0.291020572835914,-0.528216917613482,0.853400484809698,-0.618955492779302,0.535945679574527,-0.368864532158188,1.23258790693945,-0.29926022321125,0.764741501898627
0,625869.946972514,1,0.38699878758127,0.264219822510955,0.681654578737536,0.00000870894193677565,0.0255233870928462,0.00344953615711664,0.0625919419250086,0.08770567080819,50.3213262306303,0.71365900686052,0.478735089136487,0.0282534808062959,0.0326600656107744,85929.1740368686,0.865077282544563,0.38699878758127,-0.651599816072299,0.576893414757809,48.7083991867612,-1.12949775366365,0.264219822510955,0.261373072685258,0.63339829372088,49.1933618222381,0.412651999975923,0.681654578737536,0.0585144671651566,0.0945873940829078,0.618628599851979,0.53616105647616,0.101178833749071,0.0945817005388908,1.06975063011758,0.284731570026354,-0.0426643665839141,0.0688353133906616,-0.619803477058072,0.535387179220637,-0.912972888757555,0.854833164473505,-1.06801294884231,0.285514670830341,-0.39022674338704,0.858637922453406,-0.454471824715167,0.649489266659704,-0.522746145370515,1.26679658744176,-0.412651999975923,0.679861597161577
0,625634.82341458,1,0.435849124128357,0.255311593338605,0.462533384804088,0.00000706567072160437,0.0265614375853107,0.0109095588141174,0.0751655878686205,0.0879910159244809,50.4242192600218,0.854241618634476,0.397011432750599,0.0254150072838019,0.0326157345986732,85934.9215950126,0.779225352319239,0.435849124128357,-0.678636531831712,0.589535192697152,48.5637223712661,-1.15113828697302,0.255311593338605,0.469103237358871,0.633570313245422,49.7022486536446,0.740412275562473,0.462533384804088,0.0801433380712505,0.0948954560611022,0.844543473395048,0.398365781020754,0.106129147860269,0.0948902094524215,1.11844149646949,0.263378479823065,-0.025985809789019,0.0687660021163395,-0.377887458762773,0.705514199334842,-1.14773976919058,0.863486764442957,-1.32919208082014,0.183784607090672,-0.20953329447284,0.86736196489157,-0.241575377932365,0.809109202635279,-0.93820647471774,1.26714062649084,-0.740412275562473,0.459049872517461
0,625467.273694966,0,0.697991344336324,0.280045780226473,0.4290085601014,0.00000175242366554422,0.023625757672733,0.012541406024117,0.11334092815754,0.0891994794384935,46.2000312126611,1.27064562339395,0.210216097911497,0.0126435255010973,0.0325834951046499,85921.3658230968,0.388034661735628,0.697991344336324,-0.628242783297405,0.575198703484312,49.30032573513,-1.09221870545218,0.280045780226473,0.495294777295916,0.621169075307322,50.0588086866831,0.797359039567239,0.4290085601014,0.13044927283002,0.0958937013308703,1.36035288052883,0.173718281792732,0.129504987331142,0.0958877942152541,1.35058886682097,0.176827169106107,0.000944285498878452,0.0684004672068548,0.0138052492539674,0.988985354634196,-1.12353756059332,0.844704346078638,-1.33009563145863,0.183486764705759,-0.132948006001489,0.848459607130609,-0.156693382789434,0.875486502427575,-0.990589554591829,1.24233815061464,-0.797359039567239,0.425242540784195
0,625284.158381616,0,0.605699694783129,0.335738401374671,0.563867440635914,0.00000310159756302812,0.0185023719182715,0.00665265927772795,0.124636659559638,0.0887724646510069,46.2203214814283,1.40400134264183,0.167002347870177,-0.0168023658513977,0.0325486306933195,85918.8853646439,-0.516223432245535,0.605699694783129,-0.556176103995611,0.572220942240148,50.1139923901415,-0.971960414133528,0.335738401374671,0.374184825765985,0.644097835689643,50.3934992237311,0.580944081833997,0.563867440635914,0.166075476000386,0.0955808061004179,1.73754002268934,0.0822918959809116,0.11265351922639,0.0955754106371142,1.17868726354856,0.238522729082044,0.0534219567739953,0.0689330916627234,0.774982747551479,0.43834985417392,-0.930360929761594,0.859657481981996,-1.08224606806956,0.279143203315419,-0.181991278229626,0.863473607604157,-0.210766463070701,0.833069509258776,-0.748369651531968,1.28819567137928,-0.580944081833997,0.561278141245016
0,625390.210482258,0,0.442993395928931,0.449649233124878,0.573648605511465,0.00000685017791925024,0.0113899178889191,0.00625240621982801,0.136795186162571,0.0850212693078147,45.3513396172795,1.60895252771764,0.114566818516141,-0.0249851354880148,0.0325686997531452,85912.7756191701,-0.767151764651027,0.442993395928931,-0.427662446028701,0.561283107374846,50.3898110388758,-0.761937140828812,0.449649233124878,0.377857222892129,0.667193175976227,50.9778093680137,0.566338560551454,0.573648605511465,0.183110909476541,0.092179920980381,1.9864511439049,0.0469832525600078,0.113128919384154,0.0921745665326998,1.22733334844619,0.219697326361768,0.0699819900923865,0.0695768240739181,1.00582328992249,0.314500581851318,-0.805519668920828,0.869980187018701,-0.925905763074019,0.354494956053701,-0.0498052231365714,0.873787958020774,-0.0569992097961452,0.954545824610837,-0.755714445784257,1.33438635195245,-0.566338560551454,0.571163652033764
0,625790.392414977,0,0.466227099457812,0.655155524320172,0.720403963936345,0.0000061789424824612,0.00402471058810089,0.00251774929046855,0.142989736725211,0.0843568124292981,44.8247534773901,1.69505855671176,0.0970014552582328,-0.0237861071819795,0.0326447607045269,85921.7132446574,-0.72863475389731,0.466227099457812,-0.259496063378727,0.577550959758975,49.9568257122931,-0.449304185187435,0.655155524320172,0.242850055778597,0.674783538861539,51.31450575681,0.359893272127416,0.720403963936345,0.180078235428019,0.0916941983880089,1.96389999142594,0.0495416908614534,0.119644424648262,0.0916895161101567,1.30488664052409,0.191931450945925,0.0604338107797573,0.0698985710003677,0.864592936806096,0.387262250617907,-0.502346119157323,0.88623741244669,-0.566830188053634,0.570829558486876,-0.0166460076001309,0.890156794982669,-0.0187000848546631,0.985080360563172,-0.485700111557192,1.34956707772307,-0.359893272127416,0.718926948464078
0,626118.357860374,0,0.275905715693267,0.760651806884829,0.887996275164546,0.0000138174155098838,0.00190695528373059,0.000393409027622793,0.157711995083023,0.0873669009082972,45.1738720033597,1.80516870168672,0.077715738103897,-0.0356360476375001,0.0327065280475629,85916.6539172539,-1.08956987380859,0.275905715693267,-0.175901726137365,0.574231690438745,49.1129939087426,-0.306325354497532,0.760651806884829,0.0972781071799549,0.687248156006189,50.9082122562804,0.141547280017844,0.887996275164546,0.200581989514972,0.0945340908172622,2.12179529925034,0.0338549315705181,0.124157942552623,0.094529561778214,1.31342979081954,0.189038164517956,0.0764240469623492,0.070334640926293,1.08657762314359,0.277223518763824,-0.27317983331732,0.893610482627245,-0.305703478896266,0.759830424268997,-0.0786236189574103,0.897532411567841,-0.0875997545537858,0.930194797268439,-0.194556214359909,1.37449631201237,-0.141547280017844,0.887437611946844
0,626430.436333732,0,0.186152905084306,0.638305329691868,0.987262526590049,0.0000203453360067187,0.00451681590334608,0.00000507187206868053,0.161980451740216,0.0881557327217547,45.9609849409184,1.83743526075013,0.0726155567090104,-0.0433178099951979,0.0327654791354777,85906.5414985467,-1.32205635742693,0.186152905084306,-0.26652513858544,0.563486307930162,49.3072928336968,-0.472993105306248,0.638305329691868,0.011405828659333,0.710927568475795,50.7495834432438,0.0160435875117162,0.987262526590049,0.21265802107476,0.0953543100941311,2.23018782124091,0.0257349764414603,0.125418336306476,0.0953497892595318,1.31534990565213,0.188392332978827,0.0872396847682842,0.0710827215575287,1.22729803891483,0.219710592432182,-0.277930967244772,0.905210754078815,-0.307034539738326,0.758817082202023,-0.255119309926106,0.909100183911211,-0.280628377863163,0.778995447925006,-0.0228116573186659,1.42185513695159,-0.0160435875117162,0.9871996183562
0,626634.105047026,0,0.271027376082911,0.321278123709446,0.904848165952977,0.0000141041505359443,0.0196341189296382,0.00028183542267224,0.161788883208539,0.0868968542047213,45.0108595312299,1.86184971469024,0.0691609929459195,-0.0361074048056868,0.0328038359087823,85899.4193689451,-1.1007067864286,0.271027376082911,-0.551502488518918,0.550539562947238,50.1065679143801,-1.00174905789972,0.321278123709446,0.0860047057751009,0.715913358879352,51.192401404346,0.1201328410881,0.904848165952977,0.214777816451372,0.0941750314130426,2.28062378348861,0.0225707186946564,0.138008106442745,0.0941701307082966,1.46551890078864,0.142779399496793,0.0767697100086265,0.0712849774988233,1.0769409306455,0.281506655773245,-0.637507194294017,0.901214109644661,-0.707387054276568,0.479325979675775,-0.465497782743816,0.905021891537147,-0.514349748991358,0.607007485492249,-0.172009411550201,1.4318267177587,-0.1201328410881,0.904377917345262
0,626479.365278843,0,0.177739006536381,0.231361122625759,0.820812980139151,0.000021149927060304,0.0283512022083009,0.00100132707573649,0.152275347710764,0.0803271108561255,43.3695366288324,1.89569058425997,0.0646771382683593,-0.0441714490951141,0.0327739621899309,85883.0260079785,-1.34776042149352,0.177739006536381,-0.637803220780681,0.526453666543606,50.3026592613073,-1.21150874485904,0.231361122625759,0.16549967209654,0.72697866278406,51.7058757793668,0.227654098488582,0.820812980139151,0.217718683227121,0.0881044763225485,2.47114212937443,0.0134682278398832,0.120610746945268,0.088098728026724,1.36904073017583,0.170986543533735,0.0971079362818531,0.0715559930781406,1.35709019055622,0.174752554950701,-0.803302892877219,0.895762788377279,-0.896780825571515,0.369835881508588,-0.472303548684139,0.899395299787344,-0.525134552955539,0.599489657530314,-0.33099934419308,1.45395732556812,-0.227654098488582,0.81991515950227
0,626227.304089172,1,0.201462974808533,0.19080645823334,0.69605420285863,0.000018999925584601,0.0344532902072889,0.00297332348311034,0.154633273627633,0.0751920155446538,50.8492784890124,2.0565118850392,0.0448821430202141,-0.0418044990906105,0.0327261280484219,85880.9116032991,-1.27740437331163,0.201462974808533,-0.683624674367307,0.515384591523048,49.3077498937759,-1.32643599675163,0.19080645823334,0.28724300765286,0.73120324469708,51.7472563936175,0.392836068132956,0.69605420285863,0.222146863579374,0.0834150163865276,2.66315195036337,0.00774124486640394,0.123325171187124,0.083408710998575,1.47856464523508,0.139256707687453,0.0988216923922499,0.0716045204823664,1.38010410134073,0.167554594686192,-0.970867682020165,0.892811588547451,-1.08742728530183,0.276848018079118,-0.396381666714445,0.896351712122648,-0.44221666713368,0.658332426328833,-0.574486015305719,1.46240648939416,-0.392836068132956,0.694440563295415
0,626121.055264623,0,0.0437059644807222,0.17522602889264,0.84053254518118,0.0000473652965754987,0.0373415871208613,0.000787640520600496,0.161944130532755,0.0764168028752031,42.3568146495811,2.11922148584556,0.0399752409803824,-0.065965862777039,0.0327060806811931,85881.7043525202,-2.01692961685168,0.0437059644807222,-0.720815061181948,0.5239965706444,48.7831964500216,-1.3756102645777,0.17522602889264,0.146148263713274,0.722704834242183,51.8794242298426,0.202224001817455,0.84053254518118,0.250867641716239,0.0845004009831661,2.96883374276787,0.00298932286527432,0.11119574917425,0.084494452483038,1.31601242337859,0.188169872933968,0.139671892541989,0.0713298723220754,1.95811219051857,0.0502168496222198,-0.86696332489522,0.890871012864355,-0.973163693033107,0.33047195237551,-0.574666797468672,0.894482087806264,-0.642457579981344,0.520576123805965,-0.292296527426548,1.44540966848436,-0.202224001817455,0.839741610007454
0,626101.946240199,0,0.0169635526750823,0.304636716497755,0.887826425200306,0.0000663586056729969,0.0218851561857023,0.000385704303151455,0.170887663302449,0.0762020797347527,42.5887721149578,2.24255904690897,0.0301859981973147,-0.0780806919944511,0.0327033615139808,85896.693138283,-2.38754330991545,0.0169635526750823,-0.56382200588533,0.543383934849882,48.1183420878287,-1.03761257873974,0.304636716497755,0.102298045977098,0.721691937100614,52.0725618074375,0.141747525111724,0.887826425200306,0.266607567369669,0.0843829150669482,3.15949700431831,0.00158041725162398,0.105028370412745,0.0843777448858327,1.24474019250993,0.213227266715853,0.161579196956924,0.0712927028696641,2.26641985018187,0.0234256893650319,-0.666120051862427,0.90150011780196,-0.738901791257179,0.459966634567467,-0.461523959908231,0.90526694574639,-0.509820845748108,0.610176980087405,-0.204596091954195,1.44338387420122,-0.141747525111724,0.887279434301656
0,626227.384480171,1,0.510011430774801,0.362369186436359,0.761314532356945,0.00000505176143013553,0.0171058343626188,0.001776031446484,0.17625386824102,0.0760693771062036,50.2863419050718,2.31701474293585,0.0246139947815748,-0.0215620163623166,0.03272810458337,85919.5526633323,-0.658822643009788,0.510011430774801,-0.517905685063974,0.563237625830988,48.5825753597633,-0.91951542530538,0.362369186436359,0.216837651875977,0.710144482443245,52.4026560119736,0.305343007284869,0.761314532356945,0.217272277641051,0.0842907001338027,2.5776542049853,0.00994734866191776,0.162664292988811,0.0842860152112582,1.92990845018716,0.0536181822220571,0.0546079846522405,0.0710029158744759,0.769094958702547,0.441836940723517,-0.734743336939949,0.904442287668975,-0.812371720072496,0.416578368356419,-0.301068033187996,0.908332409676505,-0.331451382754491,0.740303558316286,-0.433675303751953,1.42028896488649,-0.305343007284869,0.760104923819154
0,626205.565029748,0,0.67075476586963,0.517360769098574,0.604152701607483,0.0000021033464719165,0.00863129918748651,0.00510197159120502,0.205837438928499,0.0780686804233228,42.9724704375036,2.63661993276123,0.0116066157187237,0.0139115735478647,0.0327243499941917,85920.8814289913,0.425113823508607,0.67075476586963,-0.375072835996268,0.575131820306167,48.8489759870359,-0.65215107694198,0.517360769098574,0.353222897867893,0.677252423004785,53.0441015243359,0.521552800506403,0.604152701607483,0.211211522471132,0.0859682720807642,2.45685434124704,0.0140159502483431,0.220327610420302,0.0859633266271988,2.56304192805156,0.0103759517446169,-0.00911608794916954,0.0700921331331573,-0.130058646265641,0.896520027652429,-0.728295733864159,0.886551340497822,-0.821493015232712,0.411365501030628,-0.0218499381283752,0.890461470840025,-0.0245377692846865,0.980423657243834,-0.706445795735784,1.35450484600957,-0.521552800506403,0.601981733656796
0,626204.655487978,0,0.702589988265396,0.789516334557412,0.549835025503674,0.0000016967535378838,0.00147650585459499,0.00669681524028824,0.205128075443641,0.0782180279297025,42.5068406220259,2.62251658438637,0.0120659051697752,0.012494972984628,0.0327240988056756,85924.2504068935,0.381827871221955,0.702589988265396,-0.154156404712511,0.57433003008185,48.7217872062664,-0.268410838086495,0.789516334557412,0.38829989925667,0.645224592300308,53.7187925845416,0.601805795827359,0.549835025503674,0.206997632935419,0.0859299400168523,2.40891164237777,0.0160001711241299,0.211422804577065,0.085924250598571,2.46057199340393,0.0138715738248982,-0.00442517164164578,0.0692445881079492,-0.0639063898357968,0.949044764328507,-0.54245630396918,0.861895443657407,-0.629375996776704,0.529102928528378,0.234143494544158,0.865722680844408,0.270460159731266,0.786806263073612,-0.776599798513338,1.29044918460061,-0.601805795827359,0.547303416690309
0,626537.962777472,0,0.895050343036351,0.978641284844156,0.734993945298335,0.000000202539901438285,0.0000147606888960514,0.00214248998879599,0.178773184317931,0.076639030556772,41.4430217221518,2.33266500135986,0.0245986614340742,-0.0043251947465452,0.0327872720168046,85919.1721399397,-0.131916883610457,0.895050343036351,0.0150620828198154,0.559736174854007,49.055789989798,0.0269092538529316,0.978641284844156,0.213001073560962,0.626022309436835,53.917989892381,0.340245180323647,0.734993945298335,0.188339908463555,0.0843455850795123,2.23295514858315,0.0255519022394419,0.168408756297837,0.0843387334575277,1.99681391211128,0.0458454017139524,0.0199311521657185,0.0688571624031814,0.289456484555884,0.772232075506498,-0.197938990741146,0.837932024000793,-0.236223207935252,0.813259471718334,0.228063156380777,0.841597859942369,0.270988279837587,0.786400046452469,-0.426002147121923,1.25204461887367,-0.340245180323647,0.733671896619048
0,626746.339866861,0,0.895017227823621,0.824603842134059,0.73658796836998,0.000000202709070216473,0.00101967703238252,0.00215118401782606,0.147452864661517,0.0763982491532302,41.6173118926634,1.93005554833821,0.0604342441550919,0.00433170976842428,0.0328262411960564,85901.9690517169,0.131958750395847,0.895017227823621,0.120003449706702,0.538551897843557,48.6437039857171,0.222826156935319,0.824603842134059,0.219404323666636,0.64884480728445,53.0390675592778,0.33814607314943,0.73658796836998,0.145753342726345,0.0841625395768602,1.73180780260603,0.0833077884552034,0.142796876676451,0.0841553874679283,1.69682394642733,0.08972995002637,0.0029564660498944,0.0695100438628569,0.042532933164702,0.966073858627115,-0.0994008739599332,0.841438102523726,-0.118132128390431,0.905962966904335,0.339407773373337,0.845019160044936,0.401656896578875,0.687936550582719,-0.43880864733327,1.2976896145689,-0.33814607314943,0.735253111948913
0,626898.15952984,0,0.674440665662775,0.859343205428798,0.746249733804716,0.00000205437682373226,0.000662968331086334,0.00200372600941491,0.123093175428463,0.0755932035351788,41.4687555821663,1.62836299656462,0.111022806926731,0.0138010852455373,0.0328548182228871,85890.9369369285,0.420062748541498,0.674440665662775,-0.0939821383126523,0.527491645797767,47.8496394846659,-0.178168012823247,0.859343205428798,0.214114721098792,0.658227822338034,52.7024941343873,0.325289685170484,0.746249733804716,0.117450658337297,0.083443123937585,1.40755346630058,0.159263334778208,0.133713086201487,0.0834356503571036,1.60258936832393,0.109025342534128,-0.0162624278641899,0.069803729810532,-0.232973623448646,0.815781887689972,-0.308096859411444,0.841754075632815,-0.366017662795184,0.714351895738452,0.12013258278614,0.845264858566918,0.142124189321931,0.886981911802595,-0.428229442197583,1.31645564467606,-0.325289685170484,0.744961836789833
0,626855.442620676,0,0.923540925382099,0.467635135773694,0.844985576022005,0.000000107233594237426,0.0110995553608928,0.000734890872170662,0.100862488464052,0.0764258806638761,42.0039594828968,1.31974257395409,0.194069006995348,-0.00315247913416151,0.0328469960434202,85897.8345683409,-0.0959746556426126,0.923540925382099,-0.391449247785125,0.534633623182781,47.7623162595612,-0.732182247451534,0.467635135773694,0.127082307977018,0.646763187206833,52.4973610187506,0.196489705182273,0.844985576022005,0.117745958059975,0.0841652232709321,1.39898586950747,0.161817220478767,0.104710586032643,0.0841577853598928,1.24421746110425,0.213419539025355,0.0130353720273329,0.0694901416563237,0.187585918183931,0.851201265938655,-0.518531555762142,0.837356348595612,-0.619248372131897,0.535752749888369,-0.264366939808107,0.840895836708445,-0.314387262092924,0.753226929446989,-0.254164615954035,1.29352637441366,-0.196489705182273,0.844226889689519
0,626572.876718135,0,0.444903305065784,0.28934735376873,0.799844131533508,0.00000679405760087296,0.023567758755567,0.00124178063239496,0.100731945529733,0.0759128629004958,42.3561681284591,1.32694172872612,0.191637269015067,-0.0250521967031529,0.0327932796873362,85899.3237318698,-0.76394300728717,0.444903305065784,-0.5739164945409,0.535615424433842,47.5680217252602,-1.07150852712568,0.28934735376873,0.163346882202663,0.64096765347365,52.2354038512639,0.254844189589636,0.799844131533508,0.145307267260432,0.0836582843228881,1.7369142630227,0.0824023054593557,0.0865518497975996,0.0836507620392763,1.03468094835718,0.300817936218986,0.0587554174628329,0.0692535530018663,0.848410152490652,0.396209590542448,-0.737263376743561,0.833529598858321,-0.884507734042541,0.376422189309376,-0.410569612338237,0.837063461876698,-0.490488034703771,0.623788594706779,-0.326693764405324,1.2819353069473,-0.254844189589636,0.798843443429897
0,626563.150664428,0,0.399604555214857,0.173420705237149,0.679673048857099,0.00000826016509066997,0.0384847396256583,0.00330004981775773,0.103590568194216,0.0729114035424824,41.3366323182799,1.42077320091443,0.162882549867244,-0.0276212701911958,0.0327914338493634,85896.2419082601,-0.842331882103168,0.399604555214857,-0.730551416609089,0.528635236103526,47.7152263148701,-1.38195747599772,0.173420705237149,0.262618956898515,0.632452920142424,52.0762472468455,0.415238745105921,0.679673048857099,0.157511516339425,0.080866593124539,1.94779463624551,0.0514395408508316,0.0883603975795755,0.0808583891515983,1.09277959289929,0.274490583670475,0.0691511187598495,0.0690339087717316,1.00169786109759,0.316489540039572,-0.993170373507601,0.822565140883224,-1.20740634892598,0.22727569168149,-0.467932459710573,0.826008720957337,-0.566498207389678,0.571055151198815,-0.525237913797029,1.26490584028484,-0.415238745105921,0.677967137972543
0,626517.406872364,0,0.87742677480626,0.172462490728676,0.518889190944249,0.000000276953266620796,0.0380194585700151,0.00804837292923525,0.105918562497588,0.0725515689431727,40.5438507098767,1.45990726376366,0.152021333621719,-0.00505608707908464,0.0327822402514648,85890.5176664602,-0.154232506390673,0.87742677480626,-0.719502598075866,0.519588273353303,48.5183933132048,-1.38475526676605,0.172462490728676,0.409333964248183,0.630251329839512,51.9888755105226,0.649477351126599,0.518889190944249,0.140866840124995,0.0804877867500724,1.75016416543306,0.0800899902896519,0.10907590525763,0.080479134889327,1.35533148321772,0.175311968605333,0.0317909348673645,0.0689650952833474,0.460971375980117,0.644819141544439,-1.12883656232405,0.815138741101595,-1.38483978911187,0.166101461377064,-0.310168633827682,0.818490230788848,-0.378952151363794,0.704723396060844,-0.818667928496364,1.26050265967902,-0.649477351126599,0.516029881228112
0,626516.879117592,0,0.655143023149079,0.272744042239945,0.546452030342369,0.00000232228191380317,0.0241598327466723,0.00711821819242255,0.11042882541658,0.0723003390188496,41.3488606663192,1.52736248425875,0.134285030007662,-0.0146417323074489,0.0327826548759628,85897.541359151,-0.446630462445696,0.655143023149079,-0.585186440780903,0.527641691357096,49.6815422067378,-1.10906027777259,0.272744042239945,0.388324796714834,0.639631622915356,51.4110695951738,0.607106939061113,0.546452030342369,0.150849651335458,0.080348362166222,1.87744525549115,0.0604570938225623,0.10100009379717,0.0803402889559955,1.25715372834283,0.208697974869775,0.049849557538288,0.0692039773377559,0.720327927035074,0.471323113893763,-0.973511237495734,0.827444412235194,-1.17652765926108,0.239384086329213,-0.196861644066068,0.830905818756715,-0.236924137034727,0.812715644372925,-0.776649593429666,1.27926324583071,-0.607106939061113,0.543779945434297
0,626406.407327694,1,0.730835034865915,0.331671812809962,0.472928673781151,0.00000137741290455876,0.0186985533470297,0.0100709250251919,0.111640820963622,0.0737597778211281,50.7398783308349,1.51357317309655,0.136338699235042,-0.0112707196931863,0.0327621885654597,85919.6978032594,-0.344016080325864,0.730835034865915,-0.530571780075741,0.541294358144654,50.4214957174897,-0.980190855663699,0.331671812809962,0.440633746367767,0.60941156957965,51.3888426860708,0.723047884817316,0.472928673781151,0.148629577817354,0.0815596440947385,1.82234215790236,0.068403085210373,0.102751708077718,0.0815513365168359,1.25996350846445,0.207682526586669,0.0458778697396363,0.0684040215790339,0.67068965655227,0.502418253469627,-0.971205526443505,0.813364863553483,-1.19405886578434,0.232454942248914,-0.0899380337079737,0.81682414590299,-0.110106972423726,0.912324538587898,-0.881267492735532,1.2188231391593,-0.723047884817316,0.469650465655524
0,626443.198749351,0,0.918638406255719,0.396239477666357,0.51446610384043,0.000000121449656332276,0.0142732188954564,0.00843391855608731,0.1154855574933,0.0755582146424157,42.3363121767093,1.52843152845582,0.133843233833611,0.00334734579956696,0.032769149820917,85916.0829316002,0.10214930255622,0.918638406255719,-0.46642372691288,0.545123418808159,50.5599015353852,-0.855629589227067,0.396239477666357,0.383114057413041,0.583561100943117,50.6729006215445,0.656510615244701,0.51446610384043,0.134634422548906,0.0830810807061391,1.62051843096641,0.105120958395278,0.12103898750233,0.0830721514656675,1.45703446181183,0.145106867679883,0.0135954350465762,0.0677849864908342,0.200567054010028,0.841037121637162,-0.849537784325918,0.796885139413569,-1.06607306662927,0.286390613649781,-0.0833096694998388,0.800237636652942,-0.104106162574767,0.917085100407987,-0.766228114826079,1.16712220188623,-0.656510615244701,0.511495639773874
0,626526.077444944,0,0.431317886189653,0.560159432553711,0.653181660066999,0.0000072089374947963,0.00680281679238508,0.00409662395506155,0.119447588582002,0.0824410374088177,43.9679334882708,1.44888507394287,0.154464640792124,0.0257989093450078,0.032783742002584,85903.5784580401,0.786942178320413,0.431317886189653,-0.312210723908738,0.532318801827439,50.2225459349188,-0.586510795479936,0.560159432553711,0.265693881068753,0.587719185850942,49.6837620565658,0.452076242302797,0.653181660066999,0.108951899514671,0.0893562067553122,1.21929861921084,0.22273087252227,0.146478288583238,0.0893472893030056,1.63942621791784,0.101124525118509,-0.0375263890685671,0.0679109985565291,-0.552581906704407,0.580549734250892,-0.577904604977489,0.791321320097893,-0.730303342396989,0.465204785630477,-0.0465168428399846,0.794584712130248,-0.0585423330324025,0.953316643412133,-0.531387762137505,1.17543837170188,-0.452076242302797,0.651214058140333
0,626466.570137,0,0.0981364443037737,0.699323660502962,0.64477913364227,0.0000318522135983844,0.00301910901504267,0.00431853950318114,0.134472551116644,0.0887789931075353,45.911536949938,1.51468885160435,0.136706052875132,0.0542023473054158,0.0327709784841464,85882.3498418269,1.65397402862527,0.0981364443037737,-0.199217615072695,0.512827451295146,49.833453299028,-0.388469093395002,0.699323660502962,0.276474870798383,0.596034532994639,49.6080329129302,0.463857134936962,0.64477913364227,0.0928667929939773,0.0951946416742129,0.975546431613218,0.329289281621599,0.186629085337623,0.0951855494008963,1.96068716850696,0.0499155268134139,-0.0937622923436456,0.0680951955066405,-1.37692962985182,0.168534005409733,-0.475692485871077,0.784726969850006,-0.606188526898727,0.544389570521866,0.0772572557256884,0.787846369185038,0.0980613210232912,0.921883600802074,-0.552949741596765,1.19206906598928,-0.463857134936962,0.642750105462205
0,626721.217774219,0,0.252686765548354,0.978134544555725,0.708870882919445,0.0000152399391899795,0.0000156195072166232,0.00283947995981252,0.159627785637137,0.0916024103391601,46.4660206247905,1.74261556050885,0.0880162004433433,0.0375396303961119,0.0328185081140147,85852.4043893947,1.14385548135508,0.252686765548354,-0.0135598973395019,0.492206708385535,48.5896347517263,-0.0275491924601741,0.978134544555725,0.226974376989715,0.604412564605742,49.5236864234496,0.375528885865849,0.708870882919445,0.128457630328586,0.0978079517779466,1.31336591753014,0.189059676346606,0.191516087484552,0.0977982200531385,1.9582778437122,0.0501974191766333,-0.0630584571559652,0.068382715961742,-0.922140284560276,0.356455406438839,-0.240534274329216,0.778016656678348,-0.309163399349507,0.757197234017715,0.213414479650212,0.7809315373303,0.273281932472331,0.784636502717932,-0.453948753979428,1.20882512921148,-0.375528885865849,0.707267167869501
0,626921.592570945,0,0.5429086874834,0.818783851344798,0.87479475844343,0.00000431188783952219,0.00112161551920726,0.000510993863676999,0.187350437372711,0.0951647372632504,47.0341293185445,1.96869599770397,0.0548966652118932,0.0199906693669161,0.0328565408644849,85850.2702070348,0.608422823612705,0.5429086874834,-0.11428247708257,0.496041859708044,47.2706138143994,-0.230388776362208,0.818783851344798,0.0965893319928883,0.609796362803024,49.0739484452535,0.158396044786001,0.87479475844343,0.172943765289844,0.101195531840552,1.70900594269658,0.0874498486915131,0.207809630600451,0.10118629971551,2.05373287870707,0.0400015524973807,-0.0348658653106074,0.0685765108927014,-0.508422852908929,0.611156829460463,-0.210871809075458,0.784578840440266,-0.268770706277431,0.788106137120479,-0.0176931450896817,0.787562254348333,-0.0224657098432452,0.982076464673578,-0.193178663985776,1.21959272560605,-0.158396044786001,0.874144730240553
0,626924.58769428,0,0.145140705976523,0.396064287388318,0.842541640318916,0.0000247202853172973,0.0152098444550392,0.000814658374884151,0.167703041063719,0.0996716633450574,48.2808654406313,1.68255485496556,0.0989185264317511,0.0478701473079883,0.0328569714538514,85863.8290933071,1.45692512699241,0.145140705976523,-0.439000954040804,0.512597704577192,47.4893843847699,-0.856423956098101,0.396064287388318,0.127812151416597,0.640014734518114,48.9141907832275,0.199701888914839,0.842541640318916,0.134842405246691,0.10562204333489,1.27665022365789,0.201725762111763,0.223813632821341,0.105614534495607,2.11915560571496,0.0340773187010767,-0.0889712275746502,0.0693356401951376,-1.2831961646889,0.199423359335556,-0.566813105457399,0.818332196113477,-0.692644268610446,0.488532821843205,-0.311188802624207,0.821634317126714,-0.378743677251025,0.704878215673344,-0.255624302833192,1.28002946903622,-0.199701888914839,0.841713736392579
0,627046.471127593,0,0.140705542472396,0.393981369303507,0.714847704373101,0.0000252745814961294,0.015093420289669,0.002723588454481,0.163908865600922,0.105571573441127,48.4631818614979,1.55258522970037,0.127028922162284,0.0484375333714201,0.0328795236031902,85865.3719489297,1.47318233548616,0.140705542472396,-0.443596680300565,0.515745642231248,48.2739475063358,-0.860107471546347,0.393981369303507,0.236998562701707,0.644972383538751,49.4405448280693,0.367455365145053,0.714847704373101,0.133493855036719,0.111241026762492,1.20004155770459,0.230123200992438,0.217817226640677,0.111234033294076,1.95818869630323,0.0502078750217008,-0.0843233716039575,0.0694989959133797,-1.21330345130531,0.225013823870291,-0.68059524300227,0.824146543047398,-0.825818234322349,0.408907208788795,-0.206598117598858,0.827495233581061,-0.249666836997702,0.802845006380865,-0.473997125403412,1.2899447670775,-0.367455365145053,0.713279380064218
0,627248.209195096,0,0.249093977775233,0.494553416727825,0.700669203559978,0.000015471957447296,0.00975459447571336,0.00296898387664069,0.1767850203464,0.114324658640333,47.6198518840148,1.54634199173573,0.128642617849237,0.0379386106387035,0.0329168023880311,85856.9749381896,1.1525606342765,0.249093977775233,-0.350867360720369,0.50973917515951,48.0976140496197,-0.688327242281456,0.494553416727825,0.244665869320273,0.63282746353683,50.1969086798788,0.38662334272418,0.700669203559978,0.154616445321694,0.11952473476799,1.29359371197787,0.195805795584523,0.217535902773069,0.119517662227616,1.82011510866722,0.068741477226381,-0.0629194574513748,0.0692488166597415,-0.90859974922797,0.36356143899353,-0.595533230040641,0.810972095833674,-0.734344909153054,0.462738553711691,-0.106201491400096,0.814207289562456,-0.130435446552152,0.896221923837504,-0.489331738640545,1.26565492707366,-0.38662334272418,0.699035074320598
0,627271.970961954,0,0.185623260729517,0.430823727166004,0.686394976844852,0.0000204117240649957,0.0130317142853234,0.00326696526550103,0.174623597751146,0.117507176736483,49.2111713013699,1.48606751179761,0.143640142574902,0.0435746198626969,0.032920078483729,85833.5227039732,1.32364872350575,0.185623260729517,-0.390926004982999,0.49203265463497,47.8082578029317,-0.79451231803511,0.430823727166004,0.253876579509673,0.62516579722856,50.3140402120911,0.40609480018763,0.686394976844852,0.148123692125223,0.122496851647141,1.20920407450064,0.226584452748723,0.221827359048058,0.122489112773774,1.81099653695551,0.0701413877334558,-0.0737036669228344,0.0690643105863791,-1.06717443925908,0.285893072600008,-0.64480258449267,0.794069539251602,-0.812022817422748,0.416778538833062,-0.137049425473326,0.797063599304255,-0.171942898399769,0.863482420733202,-0.507753159019344,1.25033159445712,-0.40609480018763,0.684672946228054
0,627160.079594792,0,0.0734408119858148,0.626907477207512,0.617516076956148,0.0000373355870849646,0.00507174927209665,0.00504557203144048,0.173074744741528,0.116253357145525,50.100657298091,1.48877201477179,0.142815567461585,0.0588919462772887,0.0328986280005294,85825.6382124113,1.79010341331988,0.0734408119858148,-0.239216460465959,0.488896224485764,46.9659098931976,-0.489299054656383,0.626907477207512,0.31810467720678,0.633017351826704,49.7968255830563,0.502521259944649,0.617516076956148,0.128940957616723,0.121310073229007,1.06290396324558,0.287825505538457,0.229877689222153,0.121302321124504,1.89508071313993,0.058081709400534,-0.10093673160543,0.0692292908748805,-1.45800614638471,0.144838848857331,-0.557321137672738,0.79833415560478,-0.698105090155561,0.485111475032473,0.0788882167408208,0.801326118415624,0.0984470803183077,0.921577291530136,-0.636209354413559,1.2660347036534,-0.502521259944649,0.615300901444375
0,626978.853874851,0,0.0640252791044324,0.771758702049505,0.566496373739182,0.0000399696740973465,0.00187646696660446,0.00671781155711817,0.140768984719174,0.112635615357708,50.0201928030463,1.24977330014241,0.217198431922559,0.0608650816120822,0.0328640235615023,85811.7946296415,1.85202768912876,0.0640252791044324,-0.141534237928145,0.485009855955787,45.2965645968711,-0.291817240804788,0.771758702049505,0.383942345959183,0.665288089383552,49.2444580435287,0.577106898629342,0.566496373739182,0.0938188015950554,0.117952947057769,0.795391755231908,0.42638565440234,0.195214971133981,0.117945509419568,1.65512847495993,0.0978984399329812,-0.101396169538926,0.0700134414091838,-1.44823861672975,0.147550328073333,-0.525476583887327,0.821779392261543,-0.639437528898372,0.522538341452234,0.242408108031037,0.824841945438023,0.293884312469474,0.768846305894262,-0.767884691918363,1.3305761787671,-0.577106898629342,0.563867244383973
0,627257.588473767,0,0.074611292507478,0.767813030857192,0.452869470737026,0.0000370322507348273,0.00199651886107823,0.0115233222051834,0.119605617669192,0.111304447165989,49.5822208428386,1.07458076217586,0.287764147828998,0.0586889459282117,0.0329182749808181,85830.6279770298,1.7828682080823,0.074611292507478,-0.148486093279443,0.499847635613052,44.1118138913466,-0.29706271011431,0.767813030857192,0.506660379769975,0.66960291032952,49.112036713103,0.75665797139478,0.452869470737026,0.0782652976298646,0.116752509070502,0.6703521684712,0.502633318337149,0.168809918628745,0.116745597272281,1.44596389562372,0.148187328670821,-0.0905446209988805,0.0702108543644961,-1.28961001569391,0.197186096465033,-0.655146473049417,0.833967730162119,-0.785577726037504,0.432114917921263,0.358174286490531,0.837215180074799,0.427816283095262,0.668784881033329,-1.01332075953995,1.33920582065904,-0.75665797139478,0.44925480055325
0,627524.267367554,0,0.0588993428281249,0.844606945153428,0.29553696026824,0.0000415537934158046,0.000871025160113631,0.0218732461731595,0.114687111165801,0.104975659161529,48.9595947740451,1.09251146486566,0.279955176321496,0.0622821788337138,0.0329715189722159,85865.9463308582,1.88896904889936,0.0588993428281249,-0.103486662731591,0.52491587093057,44.5841210935426,-0.197149045137709,0.844606945153428,0.692088434859325,0.654687679858977,49.973152195294,1.05712762917488,0.29553696026824,0.0734721826377701,0.110763549576228,0.663324558655521,0.507122711112575,0.161382803065304,0.110756902067648,1.45709025850809,0.145091467057123,-0.0879106204275343,0.069897190158777,-1.25771322463519,0.208495487789773,-0.795575097590913,0.837406647995518,-0.950046312022079,0.342088721157361,0.588601772127733,0.840865842641239,0.699994865148618,0.483930511206992,-1.38417686971865,1.30937535971795,-1.05712762917488,0.290453343164997
0,627577.172203104,0,0.161384018672433,0.985356946033825,0.200847736583019,0.0000228378896009447,0.00000761795437537971,0.0321739847206085,0.122157430374965,0.100011750366853,48.2240463391011,1.22143078115201,0.227860697876514,0.0461903996621801,0.0329826826943922,85874.7723623714,1.40044398723314,0.161384018672433,0.0097939164910936,0.530654235933915,44.71444523265,0.018456305119014,0.985356946033825,0.833671460220067,0.643241066206729,50.528311148841,1.2960482531632,0.200847736583019,0.0977837447948718,0.106044329023847,0.922102536693708,0.356475093933762,0.146012419754496,0.10603739203492,1.37698991791887,0.168515364963858,-0.0482286749596242,0.069617245687532,-0.692769075870831,0.488454481868093,-0.823877543728971,0.832139459809617,-0.990071476621796,0.32213918386438,0.843465376711158,0.835613483715112,1.00939656090892,0.312784487138348,-1.66734292044013,1.28648213241345,-1.2960482531632,0.194958861167762
0,627378.73575606,0,0.315251352911464,0.825954903599191,0.179001842497027,0.0000117454534964437,0.00105985683267331,0.0353872766198201,0.152660908023092,0.100309429230452,48.3489324614828,1.5218998771528,0.134548173544603,0.0330847946703501,0.0329441255275392,85866.9483167296,1.00426993099857,0.315251352911464,0.115112290130767,0.520524481884661,46.0949479857891,0.221146735911404,0.825954903599191,0.879202911316168,0.645180934521608,50.6198704817075,1.36272301965662,0.179001842497027,0.139809638033796,0.106290804983747,1.31535026059098,0.188392213745628,0.159415709088741,0.106283615267725,1.49990860479462,0.133638078735078,-0.0196060710549448,0.0696074001565365,-0.281666475272079,0.778199262925342,-0.764090621185399,0.827281317325946,-0.923616435162828,0.355686053798392,0.994315201446932,0.830670795818886,1.19700271931039,0.231305494842583,-1.75840582263233,1.29036186904321,-1.36272301965662,0.172969820126415
0,627334.074626823,0,0.392084427171458,0.504756837951247,0.229916320599572,0.00000852938497948033,0.00956501763685798,0.0281179731720567,0.192916648315897,0.0956502289055928,47.417374156875,2.01689688067873,0.0493881543647972,0.0281884400274836,0.0329362814966409,85875.9455039119,0.855847677594039,0.392084427171458,0.353526386427728,0.525917535525827,46.789516902913,0.672208782835627,0.504756837951247,0.785395976737077,0.646358365959815,51.0340616885325,1.21510916868972,0.229916320599572,0.176164343966881,0.101927678811102,1.72832684921,0.0839296420439585,0.190945820442475,0.101920532143855,1.87347746745441,0.0610024813973397,-0.0147814764755943,0.0696241863885113,-0.2123037588276,0.831870063152006,-0.431869590309348,0.83156250826369,-0.519347115842315,0.603518702796408,1.1389223631648,0.835009327905859,1.36396364100642,0.172579009228523,-1.57079195347415,1.29271673191963,-1.21510916868972,0.224324457091136
0,627456.796242184,0,0.726967246734095,0.399103860050917,0.416156707288806,0.00000141922733103915,0.0151073060380099,0.0128908563888965,0.21022049931047,0.0892122174686073,46.0324008668059,2.35640930441443,0.0227644927895669,0.0115089991473904,0.0329616109173126,85902.4748656327,0.349163734025678,0.726967246734095,0.4712354935282,0.553788434742486,47.2052295137042,0.850930543082442,0.399103860050917,0.528641773526846,0.644905153246401,51.4534697642037,0.819720188101623,0.416156707288806,0.200231648887583,0.0960182215281321,2.08535052723214,0.0370374940826331,0.195252218407495,0.0960117565127418,2.03362822949274,0.0419890933731937,0.00497943048008771,0.0696217950505284,0.0715211447288002,0.942982996589128,-0.0574062799986462,0.848211015570136,-0.0676792436609184,0.946040972578287,0.999877267055043,0.851884174839553,1.17372442943122,0.240505421873422,-1.05728354705369,1.2898103064928,-0.819720188101623,0.4123756385999
0,627284.289382505,0,0.400573513996611,0.404543034878913,0.350352364513955,0.00000822568649590319,0.014944620260472,0.0170443476334476,0.221145599594524,0.0868154151681437,45.2030592223965,2.54730797711686,0.0143271867681347,-0.027679902725577,0.032928682794797,85902.2771260483,-0.840601578206785,0.400573513996611,0.463322780678262,0.550805229152612,46.6387564366199,0.84117353313995,0.404543034878913,0.602950287731034,0.639724559899055,51.2307254898246,0.942515459819419,0.350352364513955,0.252522912721139,0.0937509148199182,2.69355145180395,0.00706952330612581,0.165230220803383,0.093744191305317,1.76256489605038,0.0779739020491392,0.0872926919177564,0.0694361362814422,1.25716516777283,0.208693833403626,-0.139627507052771,0.842356155859537,-0.165758279418396,0.868347180033686,1.06627306840929,0.845992867987276,1.26038068257726,0.207532066857546,-1.20590057546206,1.27944911979811,-0.942515459819419,0.345928799823986
0,627136.836015355,0,0.227684692215524,0.44586647894981,0.341148318717142,0.0000169395893569827,0.012685426706754,0.0177574382558619,0.205683415183168,0.0892106610480709,43.3706211132784,2.30559232233843,0.025978256925243,-0.039689406582123,0.0329003228566928,85908.9985900367,-1.20635310343312,0.227684692215524,0.429370925852958,0.558404084677066,46.017027455594,0.768925116479529,0.44586647894981,0.602127816085494,0.626652890427751,51.069513655733,0.960863382716521,0.341148318717142,0.249947515794279,0.0959368864892265,2.60533278638709,0.00917850628442917,0.138679375133736,0.0959303191048941,1.44562612141525,0.148282095997936,0.111268140660543,0.0690559701616018,1.61127474424236,0.107119852928915,-0.172756890232536,0.837524812108614,-0.206270772799663,0.836579407532276,1.03149874193845,0.841171874727987,1.22626394548915,0.220099364517538,-1.20425563217099,1.2533057808555,-0.960863382716521,0.336620864268099
0,627294.961465162,0,0.769595087461354,0.545058831518457,0.314000916752848,0.000000998646906459162,0.00802921698352118,0.0199232998279215,0.179165255279033,0.0889461296311597,43.1218725060377,2.01431198886328,0.0502412111305986,-0.00964556831477251,0.0329306486616013,85909.7938550222,-0.292905506171207,0.769595087461354,0.341295820249021,0.559767505656361,45.9274419791201,0.609709954222568,0.545058831518457,0.638066538945619,0.627446504692323,50.8718259034906,1.01692580032541,0.314000916752848,0.196669469538243,0.0957073269885613,2.05490504986884,0.0398881766219292,0.143585652548659,0.0957007791117793,1.50036033020118,0.133521089557017,0.0530838169895841,0.0691249365945598,0.767940190686001,0.442522718575677,-0.296770718696598,0.839019359366568,-0.353711407708935,0.72355517248947,0.979362359194638,0.842676727984595,1.16220411300185,0.245152564372055,-1.27613307789124,1.25489300938464,-1.01692580032541,0.309188728659264
0,627604.648486497,0,0.767912486604903,0.642883142555668,0.207201960269489,0.0000010137351870581,0.00463728354026268,0.0313564134627545,0.172267300829223,0.0878434074892342,45.3816995725677,1.96107261492941,0.0560240995919683,-0.00973569272723988,0.0329903282163231,85908.3707668026,-0.295107483120547,0.767912486604903,0.260504108792781,0.558184865764099,46.7509843083042,0.466698624005467,0.642883142555668,0.794875783151433,0.622109507150195,50.4315690145115,1.27771039345253,0.207201960269489,0.196153438755251,0.0946672865830924,2.07202979862617,0.0382626623150844,0.13458458912351,0.094660303442803,1.42176376187966,0.155094842872364,0.0615688496317407,0.0690876677032589,0.891169895851564,0.372838031940278,-0.53437167435865,0.834005978564052,-0.640728829400844,0.521698880049303,1.05537989194421,0.837624733534593,1.25996744089771,0.207681107929833,-1.58975156630286,1.24421901430039,-1.27771039345253,0.201351559174024
0,627396.898687659,0,0.34556894998866,0.731228325012376,0.13960896999547,0.0000103555849217362,0.00248232665293851,0.0427444480804261,0.167748675807115,0.0850553192036544,44.9176217303297,1.97223027763216,0.0547591740815217,-0.0310800682098613,0.0329508849218096,85911.3670684807,-0.943224082861881,0.34556894998866,0.193233315305483,0.559284315644484,47.9689705465682,0.345501044639189,0.731228325012376,0.93920368816228,0.625751396243597,50.4503407730634,1.50092144228578,0.13960896999547,0.218582434917039,0.0920977048087332,2.37337548607738,0.01762633491287,0.10668107545891,0.0920907875504696,1.15843374018758,0.246687076859886,0.111901359458128,0.0691150380122728,1.61905950826878,0.105434459913322,-0.745970372856795,0.837439120595624,-0.890775645071641,0.373049543491194,1.13243700346776,0.841084556123509,1.34640090015096,0.178173260803292,-1.87840737632456,1.25150279248719,-1.50092144228578,0.133375881468204
0,627118.393264162,0,0.39411859386769,0.707228966498124,0.133908425542265,0.00000845272435429301,0.00295286839416026,0.0444452246126518,0.165626376176924,0.0861851436312688,45.1609582063788,1.92175088650468,0.0609606815546211,-0.0280344443979376,0.0328974680553514,85912.9400454807,-0.852176354446744,0.39411859386769,0.212807147203827,0.56326183601137,48.1973725597226,0.377812117914431,0.707228966498124,0.969139127479884,0.636065272434219,49.911355882501,1.52364728822719,0.133908425542265,0.213688892331906,0.0931934158778809,2.29296126039549,0.0218502353753225,0.106293367894782,0.0931870486006711,1.14064528806223,0.254017562941712,0.107395524437124,0.0692895751315488,1.54995212819865,0.121153006524497,-0.756331980276055,0.847753574566575,-0.892160178342792,0.372307083128521,1.18194627468371,0.851469159874285,1.38812576001956,0.165098753731601,-1.93827825495976,1.27213054486843,-1.52364728822719,0.127596843626259
0,627241.594186465,0,0.61211043664911,0.533372166537922,0.136606330086316,0.00000299277287732325,0.00810335635605359,0.0445135435034057,0.159745985136821,0.091710259750633,44.9701964846149,1.74185511600536,0.0883706328402548,-0.0166927386196455,0.0329203061185648,85911.7166937994,-0.507065109283172,0.61211043664911,0.355494068953378,0.566632507631303,48.1796043010798,0.627380293515901,0.533372166537922,0.985204943424699,0.651029841497969,49.1568155154339,1.51330227990444,0.136606330086316,0.193113801512004,0.0984116806158921,1.96230569687902,0.0497269043567406,0.107550825986568,0.0984060051886583,1.09292949937738,0.274424755047832,0.0855629755254356,0.069711588921095,1.22738524325249,0.219677830115642,-0.62971087447132,0.861188840677684,-0.731211140608592,0.46465019642003,1.34069901237807,0.864972997927124,1.54998943965998,0.121144050696569,-1.97040988684939,1.30205968299593,-1.51330227990444,0.130202893849524
0,627422.094697953,0,0.83754055079648,0.449655842836696,0.120991825186655,0.000000489298708401527,0.0120048532348708,0.048157207509448,0.141281212413069,0.0942792208381191,42.7790185870862,1.49854030566983,0.14133657633878,-0.00675715024538425,0.0329551119335211,85922.5756510214,-0.205041034575005,0.83754055079648,0.448993847562264,0.589039277598559,47.817869961899,0.762247722075101,0.449655842836696,1.03712770408216,0.657276476363323,49.212136767477,1.57791696702815,0.120991825186655,0.163612458939333,0.100933955127664,1.62098531393516,0.105020788372489,0.0951707757111716,0.100929190850919,0.942945989250488,0.345708529899584,0.0684416832281614,0.0699264733377294,0.978766409362634,0.327695410472421,-0.588133856519897,0.880629689639624,-0.667856039194609,0.504225491091797,1.48612155164442,0.884562391012667,1.68006413876932,0.0929448372696949,-2.07425540816432,1.31455295272664,-1.57791696702815,0.114584686546508
0,627852.640535222,0,0.439138882853884,0.395723914413258,0.12072774719429,0.00000696701917202159,0.0151254282857863,0.0476413011187251,0.111282303650013,0.0969341503907915,43.4445870992253,1.14801959063319,0.257242801825749,0.0255590221366093,0.0330368564228251,85909.463129196,0.773651760612144,0.439138882853884,0.485246244401264,0.56622058345342,47.8218423660076,0.85699153047689,0.395723914413258,1.01841553809299,0.645087180766753,49.8230315708148,1.57872543193696,0.12072774719429,0.0998418870347689,0.103296051908556,0.966560533437962,0.333763772170948,0.0970235647194135,0.103290303118349,0.939328879771459,0.347561915406051,0.00281832231535532,0.0697452166592253,0.040408825871538,0.967767193969785,-0.533169293691722,0.856457604881694,-0.622528529903556,0.533594389918872,1.50366178249425,0.860213235699243,1.74801051656914,0.0804622063937942,-2.03683107618597,1.2901743615335,-1.57872543193696,0.114399048821612
0,628421.314941301,0,0.0574269640161564,0.645949499585449,0.118916723034681,0.0000420329814238367,0.00442172896658912,0.047927793362428,0.127087778701973,0.0957227804805741,46.1023759197694,1.3276649305832,0.19082557906359,0.0629789298372185,0.0331455420533988,85887.8736431046,1.90007240598922,0.0574269640161564,0.249569741518912,0.539843278731965,48.120679575827,0.462300358921066,0.645949499585449,1.03183560787991,0.650360334994789,50.0029218917697,1.58655986898121,0.118916723034681,0.0848236636724612,0.102110509478693,0.830704538695511,0.406140561730748,0.156134415634885,0.102103739645691,1.52917431013483,0.126221237417863,-0.0713107519624242,0.0700616434521064,-1.01782870696106,0.308759367011756,-0.782265866360997,0.843437791861567,-0.927473103421704,0.353680950331414,1.28140534939882,0.847001389085579,1.51287278381234,0.130311976336839,-2.06367121575982,1.30072066998957,-1.58655986898121,0.112612362588092
0,628603.467089756,0,0.00228203768864481,0.930221558731902,0.162610760077287,0.000108371320187896,0.0001581677214667,0.0388997983797624,0.132372237272284,0.0962421408551393,46.7948316512325,1.37540827849545,0.175553760999249,0.101230938585751,0.0331803608264665,85882.1456881561,3.05092940716315,0.00228203768864481,0.0467597962569344,0.531254544755589,48.9726210642252,0.0880176870363471,0.930221558731902,0.905009264341979,0.638496430458749,49.6375594989235,1.41740692848,0.162610760077287,0.0538681995455696,0.102523462246127,0.525423140863591,0.599289070251436,0.208399826616009,0.102516051300071,2.03285069970175,0.0420676091298046,-0.15453162707044,0.0698151246022596,-2.21344053957956,0.0268672883495019,-0.858249468085042,0.828885509292919,-1.03542583199117,0.300470087072413,0.951769060598911,0.832326245259799,1.1435048047798,0.252829060959201,-1.81001852868395,1.27699286091749,-1.41740692848,0.156363988174153
0,628423.949681499,0,0.000474235658296968,0.802584967102421,0.20075832832868,0.000142211572834631,0.00126344811796898,0.0328616023024371,0.123108612913815,0.0961180639624093,47.2174410264266,1.2808062068537,0.206517314442688,0.115845744097994,0.033145789045964,85882.9071913489,3.49503654709646,0.000474235658296968,-0.133754892101773,0.532173352268948,49.9351816562197,-0.251337071898663,0.802584967102421,0.842955581642186,0.650091666812957,49.4834617137856,1.29667187671353,0.20075832832868,0.0331266798989665,0.102452713508965,0.323336286218205,0.746440576172602,0.220174346816977,0.102445632005462,2.14918237612354,0.0316199457699613,-0.187047666918011,0.0700566730196799,-2.66994789868863,0.00758630175362613,-0.976710473743957,0.838386415337464,-1.16498843000792,0.244023676207397,0.709200689540411,0.841880943380492,0.842400217176415,0.399563971500654,-1.68591116328437,1.30018333362591,-1.29667187671353,0.194744109816952
0,628676.805542181,0,0.000523462800740684,0.823178797942357,0.150270823084341,0.000140049368207916,0.00100440286059461,0.0417650197213712,0.12970450677223,0.0995940765302294,47.4157364020223,1.30233153708555,0.199093714937982,0.115138693636584,0.033194713943244,85893.9852863654,3.46858520406131,0.000523462800740684,-0.123041574206236,0.547750945568054,50.1872176299072,-0.224630509909269,0.823178797942357,0.950168991266395,0.650148027276837,49.0045649386311,1.46146562229252,0.150270823084341,0.0429849978009028,0.105785805793067,0.406339938318263,0.684492844072656,0.222940427958211,0.105779374508578,2.10759828174379,0.0350657523437414,-0.179955430157308,0.0701334808925085,-2.56589902379322,0.0102908781206375,-1.07321056547263,0.848317911742237,-1.26510421460808,0.205833972280062,0.827127417060157,0.851941213994607,0.970873815555768,0.331611118720693,-1.90033798253279,1.30029605455367,-1.46146562229252,0.143887703240904
0,628683.78064052,0,0.00018268743947935,0.963184464654589,0.0745232888297018,0.000162981377421009,0.0000431770902147101,0.0644750404059585,0.138976158339717,0.102753109308584,48.207618350678,1.35252508926372,0.182517831413542,0.124219684557873,0.0331961550457596,85900.6606431971,3.74199013068354,0.00018268743947935,0.0259865450804016,0.56017064570658,49.8407157446898,0.0463904084935101,0.963184464654589,1.18412179970898,0.649584012600266,48.2154088495291,1.8228924615447,0.0745232888297018,0.0454245092331521,0.108806252707922,0.417480687944369,0.676326847085922,0.23115153246873,0.108800311962003,2.1245484346539,0.0336243104818737,-0.185727023235577,0.0701186055831383,-2.64875522967102,0.00807888205873215,-1.15813525462858,0.855899200704943,-1.35312108443927,0.176016950854629,1.21010834478938,0.859614821712033,1.40773322449151,0.159210079798343,-2.36824359941795,1.29916802520053,-1.8228924615447,0.068319679902519
0,628693.435453367,0,0.000301284676893447,0.843119456941704,0.102055797866476,0.000152050347857386,0.000813635210230754,0.0547862823467331,0.134935979111373,0.104548560214097,48.8323289443684,1.29065363344123,0.202901319741612,0.119989752194558,0.0331982394036407,85902.2917293615,3.61434083102008,0.000301284676893447,0.112578481513797,0.565818844576418,48.6152722654433,0.198965592243706,0.843119456941704,1.06308935671518,0.637764531523019,47.9376785769897,1.66689946550721,0.102055797866476,0.0401162587425699,0.11047593747737,0.363122139160731,0.716513647098993,0.223793423747146,0.110469922034982,2.02583128171555,0.0427820771273896,-0.183677165004576,0.0698178978991806,-2.63080342621904,0.00851832909343531,-0.95051087520138,0.850722085548227,-1.11729892916656,0.26386653320256,1.17566783822897,0.854436105424861,1.37595758274328,0.168834765965017,-2.12617871343035,1.27552906304604,-1.66689946550721,0.0955343972050645
0,628774.156296337,0,0.000624650428155609,0.677153102152684,0.11679379740849,0.000136192477385387,0.00364592800179455,0.0496822885038691,0.11012708049632,0.103652315713268,48.1965947083123,1.06246618552124,0.293318887301048,0.113620459278601,0.033214535502791,85910.1431521224,3.42080530582924,0.000624650428155609,0.241965657523866,0.577609274056919,47.9561994219058,0.418908885974746,0.677153102152684,0.985422908076998,0.617163027623152,48.7655062819517,1.59669789661916,0.11679379740849,0.0161937633070142,0.109592463312502,0.147763475859081,0.88252943489477,0.191245639939008,0.109586231264983,1.74516120986559,0.0809568112799127,-0.175051876631993,0.0693250510177497,-2.52508832034143,0.0115669215416243,-0.74345725055313,0.843439008918421,-0.881459409265998,0.378069214513733,1.22738856560086,0.847145790592019,1.44885163714632,0.147379019678023,-1.97084581615399,1.2343260552463,-1.59669789661916,0.110333064750659
0,629007.636611782,1,0.00238083282409248,0.887341054512628,0.145694748598736,0.00010742090882611,0.000432363940590822,0.0422141980685902,0.0838164623427924,0.100040654326493,50.3614925223896,0.837824011718762,0.40608826979618,0.101050647478613,0.0332602583613657,85919.449765906,3.03817987162695,0.00238083282409248,0.0824566518324352,0.578879187375312,46.9070629882917,0.142441900884882,0.887341054512628,0.90465840205935,0.612022363696887,49.572921008712,1.4781459889714,0.145694748598736,0.0045381530460211,0.106177403807565,0.0427412319691487,0.965907811226442,0.158727779940646,0.106170867093494,1.49502198000201,0.134908705851734,-0.154189626894625,0.0692727346454031,-2.22583427208265,0.0260252842752128,-0.822201750226913,0.840574880805728,-0.978142184594901,0.3280040064018,0.987115053891783,0.844262307722713,1.16920422108432,0.242321360927141,-1.8093168041187,1.22404472739377,-1.4781459889714,0.139368706878039
0,629110.988650394,1,0.00936561352852258,0.837222912838494,0.171605580107771,0.0000785905836999611,0.000922646545772836,0.0372433310739528,0.0634037606269742,0.0981817838283938,50.4519392556977,0.645779269378461,0.521348808168361,0.086476727138008,0.0332798598183051,85907.4574253473,2.5984702943503,0.00936561352852258,-0.116037589050562,0.561629824978777,46.2232867083896,-0.206608666224139,0.837222912838494,0.878911989618387,0.633646544519474,49.7352899336099,1.38706980606185,0.171605580107771,0.00327382573877948,0.104456597421769,0.0313414932094772,0.974997199852725,0.12967916925058,0.104449975361464,1.24154332063561,0.214405105191714,-0.126405343511801,0.069846663101685,-1.8097549388691,0.0703337986442684,-0.994949578668946,0.844887541856992,-1.17761184699461,0.238951384697908,0.762874400567823,0.84854996846925,0.899032972618004,0.36863509806817,-1.75782397923677,1.26729308903895,-1.38706980606185,0.165420477961355
0,629067.116865638,0,0.00125061230624059,0.876713602889364,0.169727435243094,0.000121237024096956,0.000532715639572708,0.0375185103041275,0.0440151416534778,0.097575619507155,47.4728057329121,0.451087493738641,0.653980328052642,0.107371635050377,0.0332709831908777,85893.4288481034,3.22718551581057,0.00125061230624059,-0.0867292616648627,0.555924808893078,45.6638288145806,-0.156008978691835,0.876713602889364,0.913946950967554,0.655974363891532,49.7983602211423,1.39326626355581,0.169727435243094,-0.0368580568441378,0.10395974878099,-0.354541611309448,0.722933025238633,0.129481613796419,0.10395346442848,1.24557285808884,0.212921251944654,-0.166339670640557,0.0704053263264625,-2.36260066275748,0.0181472123100574,-1.00067621263241,0.85800585771797,-1.16628132970316,0.243500719263038,0.827217689302689,0.861704976527961,0.959977848376564,0.337066363713585,-1.8278939019351,1.31194872778306,-1.39326626355581,0.16353928841604
0,629001.202744259,0,0.0000421942015501095,0.743725323617704,0.160200279012338,0.000195276665426488,0.00240226799210868,0.039475704718414,0.0253912667850976,0.0970695605731638,47.5857026163601,0.261578054285716,0.794775675619295,0.136199026068531,0.0332571055506776,85870.4898283673,4.0953361338373,0.0000421942015501095,-0.174827616444512,0.531479352820796,44.9346410165383,-0.32894526479086,0.743725323617704,0.953393710580063,0.668662683748332,49.4662346839572,1.42582161940847,0.160200279012338,-0.0809318604919673,0.103450488198183,-0.782324587361287,0.434023840611097,0.140973449975641,0.103443640382556,1.36280441653341,0.172944158850664,-0.221905310467608,0.0707202820354998,-3.13778882211212,0.00170227472312941,-1.12822132702457,0.852386140125481,-1.32360355701993,0.185634743224216,0.778566094135549,0.85591941346522,0.909625464602441,0.363020064454437,-1.90678742116012,1.33732536749666,-1.42582161940847,0.153919838732123
0,629095.795785169,0,0.0000352998879592403,0.736578966182251,0.121229027412377,0.000199257586604525,0.00259214260339894,0.0484888766433768,0.00470788727040998,0.0964592026361265,47.1426025639267,0.0488070307627316,0.961279274840433,0.137640257232807,0.0332746759554202,85854.2642199669,4.13648678103465,0.0000352998879592403,-0.175761420097599,0.519207271394497,44.0939970670092,-0.338518795442784,0.736578966182251,1.07893859415801,0.684121568730652,48.808857010496,1.57711530153905,0.121229027412377,-0.0997072484887493,0.102909875678316,-0.968879301734092,0.332605413746468,0.118431534174503,0.102902853075206,1.15090622499988,0.249770816560063,-0.218138782663253,0.0711622833993377,-3.06537075882086,0.00217400313387497,-1.25470001425561,0.857107260149967,-1.46387747787374,0.143227428136682,0.903177174060411,0.860560379950775,1.04952214289958,0.293937869496661,-2.15787718831602,1.3682431374613,-1.57711530153905,0.114768996991185
0,629236.372154124,0,0.000602764752819222,0.80705310376568,0.057664687771081,0.000137015509927307,0.0013448287949474,0.0722556230682909,-0.0000316575816641841,0.0954570621365661,46.9266367910679,-0.000331642111705607,0.999736793741507,0.114245774659135,0.0333030019800507,85878.4676704299,3.43049478625295,0.000602764752819222,-0.132216270916434,0.538169147524928,44.8209203804268,-0.245677909119288,0.80705310376568,1.2860500737421,0.66144047654855,48.5390086332188,1.94431716736298,0.057664687771081,-0.0767209876342195,0.101940828462246,-0.752603140385831,0.451688429960831,0.0836599863500337,0.10193397591238,0.820727197200138,0.411801675499933,-0.160380973984253,0.070602995243644,-2.27158881051426,0.0231113573528226,-1.41826634465853,0.850932697794577,-1.66671976330719,0.0955701412092813,1.15383380282566,0.854501383587526,1.35030068410354,0.176919553015146,-2.57210014748419,1.3228809530971,-1.94431716736298,0.0518572156932033
0,629155.307929948,0,0.0550528124888407,0.986244432874335,0.0457664705376825,0.0000428500422305072,0.00000660226840091078,0.0799410059521405,0.0168128341867894,0.0967555079869379,47.3108832182375,0.173766171421054,0.862790615804625,0.0638622855800543,0.0332878676897328,85890.8889653947,1.9184853224994,0.0550528124888407,0.00958654007118516,0.552988616316791,45.519277341356,0.0173358723639499,0.986244432874335,1.34636225207284,0.656643025580884,48.3850560122866,2.05037166256629,0.0457664705376825,-0.0116509219363038,0.10318641990912,-0.112911388403292,0.910100807433111,0.0447688769843734,0.103180028728297,0.433890914125086,0.664367657958378,-0.0564197989206772,0.0704505124832479,-0.800842987963969,0.423222548893619,-1.33677571200165,0.856632514929058,-1.56050078499805,0.118641584607096,1.35594879214402,0.860310223120859,1.57611609824324,0.114999049695956,-2.69272450414567,1.31328605116176,-2.05037166256629,0.0403281762916272
0,629317.989850899,0,0.259836743761172,0.795925678723214,0.0554948719122399,0.0000147802824517526,0.00146250702348854,0.0734785130400014,0.0535690209773752,0.0971044892445906,47.0915685232342,0.551663691288706,0.583787288355369,0.0375444336547945,0.0333199763740083,85899.8870751773,1.12678452209473,0.259836743761172,0.147274343215514,0.566174501140053,46.1976615689409,0.260121822722432,0.795925678723214,1.28841861525547,0.656646415158934,48.5451629286846,1.96211931644159,0.0554948719122399,0.0462426925482977,0.103569634133536,0.446488905123245,0.655244125188273,0.0530955440542703,0.103563615988168,0.512685305043197,0.608171470581925,-0.00685285150597261,0.0704995221047629,-0.0972042263746017,0.922564211780308,-1.14114427203995,0.865140166531507,-1.31902819472016,0.187159686728234,1.43569295847098,0.868912338972327,1.65228745648725,0.0984759651439632,-2.57683723051093,1.31329283031786,-1.96211931644159,0.049748594537058
0,629431.426683132,0,0.446645545659408,0.919683543443512,0.0295242755984025,0.0000067405127875617,0.000216148414552935,0.0943018869273894,0.0873265959637343,0.0932032169464205,46.3582845717914,0.93694830312494,0.353640885555039,0.0253750763794688,0.0333433858030464,85921.02651752,0.76102278662866,0.446645545659408,0.0603276509849333,0.595126020806216,47.5301314210926,0.101369540023149,0.919683543443512,1.42719707588935,0.63631352668756,48.315743114444,2.24291487770011,0.0295242755984025,0.0981469465110818,0.0999510984550127,0.981949653662457,0.326124652021062,0.0733112290628031,0.0999453183562309,0.73351338780575,0.463245365449149,0.0248357174482786,0.0700110767689951,0.354739829673314,0.722784509208948,-1.36686942490442,0.869303247615908,-1.5723735401347,0.115863947001133,1.48752472687428,0.873184764787401,1.70356239236086,0.088462872431556,-2.8543941517787,1.27262705337512,-2.24291487770011,0.024902304177079
0,629364.7069971,1,0.691152220321863,0.970619317236282,0.0178385789164135,0.00000183670414462231,0.0000283837003753497,0.11021772206711,0.105293124123177,0.0898283929423635,50.4637272687241,1.17215860903508,0.246637491785484,0.0132422368644733,0.0333311408691549,85937.4260642861,0.397293237469945,0.691152220321863,-0.0225631904364719,0.60943759620441,48.2904433275914,-0.0370229709768415,0.970619317236282,1.56233851693055,0.637092124547377,48.5487583187338,2.4522960757685,0.0178385789164135,0.134019924600512,0.0968735594864276,1.38345205142677,0.166526299790126,0.0777612941321216,0.0968681333130802,0.802754130512613,0.422116859103759,0.0562586304683902,0.0700086929910319,0.803594926070065,0.421630954405144,-1.58490170736702,0.879665066471005,-1.80171040976453,0.071590979431427,1.53977532649407,0.883623499283464,1.74256946283421,0.0814088480470461,-3.12467703386109,1.27418424909475,-2.4522960757685,0.0141947811584588
0,629331.967049814,0,0.963847121846035,0.924323786353946,0.0156210031007062,0.0000000239073730676073,0.000186894536445662,0.113049702442952,0.108149683795074,0.0891280684902727,45.8441879351115,1.21341891086619,0.231184639180851,0.00151050802027058,0.0333250082291936,85935.7103956539,0.0453265610583506,0.963847121846035,0.0596744630136472,0.624985834018227,48.7706912819772,0.0954813049601167,0.924323786353946,1.60621890586724,0.641315664677512,49.2147893890341,2.50456833402772,0.0156210031007062,0.147592492419731,0.0963109994716746,1.53245728140469,0.125409631486113,0.0655464523442814,0.0963061317504905,0.680605182171566,0.496121346999414,0.0820460400754499,0.0701036592588318,1.17035317332759,0.241858871692305,-1.54654444285359,0.893461383169395,-1.7309583514035,0.0834591930250736,1.66589336888088,0.897503707932987,1.85614093196066,0.063433472778837,-3.21243781173447,1.28263132935502,-2.50456833402772,0.0122600919939054
0,629325.974235656,0,0.626542751354468,0.947848833674689,0.0170721788457045,0.00000275505518239365,0.0000885590285204211,0.108714642027695,0.105901659165689,0.0882758174587933,45.576683961014,1.19966783898799,0.236467776585585,-0.0162156424334346,0.03332434795655,85943.5916156961,-0.486600441652374,0.626542751354468,0.0427742218131128,0.650600636817596,48.8049598906211,0.0657457423072045,0.947848833674689,1.57015159586369,0.636292345667433,49.9227503959902,2.46765752653633,0.0170721788457045,0.162563064101994,0.0956174590884273,1.70013997079399,0.0891046004012626,0.0469748860943157,0.0956131058339488,0.491301748694337,0.623213043230478,0.115588178007679,0.0699713778867261,1.65193514117729,0.0985477733906634,-1.52737737405058,0.907966486099087,-1.6821957610051,0.0925308858510116,1.6129258176768,0.912082855713076,1.7683983506255,0.0769943321243714,-3.14030319172738,1.27258469133486,-2.46765752653633,0.0136000366975121
0,629337.711892844,0,0.526625769261032,0.897567846533007,0.02933914189377,0.0000046649120763615,0.000345366351689172,0.0904902676239938,0.102277669638856,0.0863394709310481,44.8885769103806,1.1845992167422,0.242410233085041,-0.0211011803200566,0.0333263646962873,85939.3617182109,-0.633167779094952,0.526625769261032,-0.0812779843733732,0.628060320168659,48.4744731777907,-0.129411111900123,0.897567846533007,1.40277915257937,0.625521005846538,50.5475705465136,2.24257721078598,0.02933914189377,0.162677469620077,0.0936773524955355,1.73657202393534,0.0824627411516617,0.0461824378783354,0.093672125869825,0.493022203238075,0.621996899015773,0.116495031741741,0.0697073045585524,1.67120264482309,0.0946816580385568,-1.48405713695274,0.884417331697473,-1.6780054887712,0.0933460275069371,1.32150116820599,0.888413514330101,1.48748431545693,0.136886942688076,-2.80555830515873,1.25104201169307,-2.24257721078598,0.0249240911823912
0,629578.969026957,0,0.495463630299232,0.720639673176587,0.0743435560835027,0.00000540688820027733,0.00269926066059541,0.0622768172066583,0.0904651679020587,0.0845055521299336,44.3834281905689,1.07052336351772,0.2901710485446,-0.0227486852817046,0.0333730867305737,85935.0062502665,-0.681647624187669,0.495463630299232,-0.221458452800325,0.615638910249363,47.8094466395103,-0.359721338455726,0.720639673176587,1.15286905999437,0.632539382312441,50.0187773588434,1.82260439781585,0.0743435560835027,0.149606774231326,0.0919769946998147,1.62656732500988,0.103829023703906,0.043052236016176,0.0919715151657329,0.468104020452374,0.639710204295222,0.10655453821515,0.0699610878716457,1.52305433572789,0.127745112021382,-1.3743275127947,0.880688937364868,-1.56051410945033,0.118638438336651,0.931410607194046,0.884659070818576,1.05284695304397,0.292411141636374,-2.30573811998874,1.26507876462488,-1.82260439781585,0.0683633290814937
0,629722.741549723,0,0.707553382669491,0.526869869141306,0.121114966777106,0.00000163759963505152,0.00847970127040483,0.0474693449683928,0.0624901225914508,0.0828672496142475,42.8267325718621,0.754099151140486,0.454916161308688,-0.0125302676784201,0.0334011111186013,85939.0255303911,-0.375145234957227,0.707553382669491,-0.397967474208414,0.624278916943736,47.5180792775504,-0.637483444350055,0.526869869141306,1.00882937656473,0.639715288814736,49.9031203766996,1.57699744590111,0.121114966777106,0.112273116598573,0.0905569107217617,1.23980727372132,0.215046687215119,0.0337839079306333,0.0905518916051484,0.373088925385988,0.709082260854905,0.0784892086679395,0.0701866268575983,1.11829293103352,0.263441905041066,-1.40679685077314,0.891826117219444,-1.57743401276393,0.114695694365948,0.610861902356311,0.895860374395928,0.681871773565396,0.495320035059762,-2.01765875312945,1.27943057762947,-1.57699744590111,0.114796112767587
0,629811.367466193,0,0.401362902915927,0.410342816260451,0.13942109898298,0.0000081942135639188,0.0142619205822902,0.0429522667125326,0.0667931186597758,0.080205841703843,42.3623146524683,0.83277124509717,0.409644309722534,0.0280448573315424,0.033418809217654,85943.6295282015,0.839193794993966,0.401362902915927,-0.52726533644506,0.634805313211304,47.6827018153685,-0.830593767052407,0.410342816260451,0.952462836498832,0.634237133840197,50.2504850281155,1.50174561797073,0.13942109898298,0.0779322477277296,0.0881573164812695,0.884013384689263,0.37668898755458,0.0835785207995851,0.0881523706032342,0.948114273361568,0.343071282675947,-0.00564627307185545,0.0700753478961447,-0.080574313811806,0.935780494378626,-1.47972817294389,0.89531834576798,-1.65273969860923,0.0983838512485835,0.425197500053772,0.899374290814197,0.472770352006441,0.636377028318257,-1.90492567299766,1.26847426768039,-1.50174561797073,0.133162817761057
0,629779.91041741,0,0.0583763608714976,0.267342079152653,0.194203519126012,0.000041688571454214,0.0254022645031371,0.0335695178713304,0.089436599780407,0.0777600312547595,41.9812849177862,1.15016157191851,0.256587118631295,0.0632468895821286,0.0334129381034292,85943.6696114679,1.89288620433046,0.0583763608714976,-0.710706184131767,0.633339593435396,48.3125404725723,-1.12215656734283,0.267342079152653,0.843523784519937,0.640990784112417,49.8559056958279,1.31596866199561,0.194203519126012,0.0673465436403129,0.0859636144017537,0.783430805102804,0.433374172314522,0.149166408899798,0.085958775906283,1.73532495463206,0.082683264090228,-0.0818198652594848,0.0702369738678694,-1.16491159504402,0.244054779515309,-1.5542299686517,0.899063782462295,-1.72872047453083,0.0838591351050046,0.13281760038817,0.903139395068397,0.147062126968907,0.883082983092824,-1.68704756903987,1.28198156822483,-1.31596866199561,0.188184561139904
0,629818.126426723,0,0.00611322766056081,0.226902760763711,0.221478214211372,0.0000874601665604515,0.0300966890527471,0.0301244567874536,0.0740734122268702,0.0780605472366167,41.5487004816576,0.948922533201558,0.348147096327274,0.0916282096728578,0.0334200534547179,85940.0963562439,2.74171343852003,0.00611322766056081,-0.763470520245227,0.623764948513041,48.2783403504717,-1.22397150090787,0.226902760763711,0.805738522399435,0.650705121260786,49.3647099705417,1.23825446592192,0.221478214211372,0.023998689815545,0.0862395933821713,0.278279255204679,0.780797999385399,0.164582342797101,0.086234769114767,1.90853810460215,0.0563217031049017,-0.140583652981556,0.0704981851918185,-1.99414570175164,0.0461361340252464,-1.56920904264466,0.899350454809395,-1.74482487249893,0.081015357880231,0.0422680021542083,0.903420439823623,0.0467866347616182,0.962683281283851,-1.61147704479887,1.30141024252157,-1.23825446592192,0.215621721697053
0,629765.424901273,0,0.000432697166290941,0.262701256876972,0.187965253819681,0.000144119937266432,0.0259549481637074,0.0353097832168781,0.0587903779661996,0.0831372083323406,41.7399607891627,0.707148810327927,0.483403577139374,0.11758037042815,0.0334089157486498,85932.6542178392,3.5194309002052,0.000432697166290941,-0.6910276965483,0.60975740191018,48.1987333639352,-1.1332829980965,0.262701256876972,0.881928880198271,0.660443860272007,48.7178526671513,1.33535783016447,0.187965253819681,-0.0171372685108926,0.0908405446163839,-0.188652199117285,0.850365418320713,0.171315583857673,0.09083567982018,1.88599440436635,0.0592957087078958,-0.188452852368566,0.0707341465756813,-2.66424155081778,0.00771621336440072,-1.57295657674657,0.896862356729884,-1.7538439036307,0.0794572578585349,0.190901183649971,0.900898593955721,0.21190085646793,0.832184382403952,-1.76385776039654,1.32088772054401,-1.33535783016447,0.181759259625134
0,629682.275091167,0,0.00000118918709407124,0.299312687285361,0.137612831298859,0.000274583933011651,0.0225596199372494,0.0452807255127104,0.0598601218147783,0.0869312495793683,43.2716002485192,0.688591526113126,0.494755837454564,0.162209792744774,0.0333917646616147,85917.3768236832,4.8577783890302,0.00000118918709407124,-0.613307614855758,0.584474917056128,47.7071481251492,-1.04933094125725,0.299312687285361,1.01114036742506,0.669670131219976,48.0688081258178,1.50990811787141,0.137612831298859,-0.0593334272656306,0.0942559768041026,-0.629492465914883,0.529026699583028,0.211535092386818,0.0942506017572383,2.24438983351713,0.024807330062119,-0.270868519652448,0.0709521796078159,-3.81762084194818,0.000134744793253412,-1.62444798228081,0.886893039957043,-1.83161656377356,0.067008567284088,0.397832752569296,0.890819152414024,0.446592051249922,0.655169635840214,-2.02228073485011,1.33934026243995,-1.50990811787141,0.131066870990432
0,629943.569199443,0,0.000000237253885092394,0.283104174503536,0.14852136506709,0.00031074927967205,0.0239942916272324,0.0435752551494602,0.048445680506353,0.0879455104903769,44.5358469608261,0.550860188726222,0.584482483353299,0.172828414700172,0.0334426109439059,85918.1330276875,5.16791033421587,0.000000237253885092394,-0.631855973184072,0.582056694349022,47.9347027459358,-1.08555743679015,0.283104174503536,0.93697624509887,0.637953471208664,47.3467328825748,1.46872191685654,0.14852136506709,-0.0828392254411333,0.0950440480208707,-0.871587723441058,0.383433330386556,0.213194348666906,0.0950377140265082,2.24326048717293,0.0248800217813349,-0.296033574108039,0.0702160354099444,-4.21603943286882,0.0000248630303436846,-1.56883221828294,0.861676708613465,-1.82067381258032,0.0686564552012855,0.305120271914797,0.865483970712598,0.352542949655758,0.724431114114591,-1.87395249019774,1.27590694241732,-1.46872191685654,0.141908230347624
0,630185.447236611,0,0.00000135225919261399,0.372097560503266,0.216253274887788,0.000271686909712286,0.0165424485924232,0.0323925694105649,0.051870069872952,0.0859361552080008,44.8489939429075,0.603588440132155,0.549158101782826,0.161833199962281,0.0334901860332813,85923.7852747927,4.83225742017249,0.00000135225919261399,-0.526279185360851,0.584147827813781,48.2550401204626,-0.900934935135326,0.372097560503266,0.744626359794617,0.594065014123948,46.9313077533398,1.25344253926937,0.216253274887788,-0.0763088775671635,0.0930091630195814,-0.820444729204778,0.411962625416308,0.207921320913925,0.0930013932898173,2.23567963402426,0.0253727640278234,-0.284230198481089,0.069215025668694,-4.10648115398513,0.0000401732222270828,-1.27090554515546,0.831347173065148,-1.5287302180504,0.126331337862666,0.218347174433766,0.834952531182385,0.261508488541932,0.793700404306973,-1.48925271958923,1.18813002824789,-1.25344253926937,0.210044698370134
0,630057.923068623,0,0.00000515243052491253,0.390161154321656,0.205647564543409,0.000241798710120096,0.0152850742428778,0.0339286213058831,0.0392266769164776,0.085492478115622,44.9123992181993,0.458831908737357,0.64856773478324,0.152562253201796,0.0334656438118767,85928.4178284971,4.55877239533796,0.00000515243052491253,-0.51204355571046,0.590522465814879,48.4377463447569,-0.867102583478981,0.390161154321656,0.73094385856734,0.569524820056826,46.9013923010019,1.2834275747533,0.205647564543409,-0.0804206106677428,0.0925152590290654,-0.869268610516208,0.384700227570323,0.185992334063118,0.0925068314985751,2.01057944640535,0.0443698968496828,-0.266412944730861,0.0685982894320605,-3.88366746367218,0.000102892607225158,-1.2429874142778,0.818667151794946,-1.5183062024078,0.128937224821857,0.218900302856879,0.822152480478915,0.266252681898334,0.790044612478839,-1.46188771713468,1.13904964011365,-1.2834275747533,0.19934231832914
0,629989.182994618,0,0.0000418878258082274,0.364384316343256,0.126668895132816,0.000195297833092156,0.0170608073455922,0.0494439561413344,0.0401478187375252,0.087693234139708,45.4680499656499,0.457821166380566,0.649261364765821,0.137054658593215,0.033452244690213,85931.9812318968,4.09702427632048,0.0000418878258082274,-0.551390265578388,0.602166083032983,48.3072908191704,-0.915678051479008,0.364384316343256,0.895355048263949,0.5757014392257,46.5008035734092,1.5552419835326,0.126668895132816,-0.0585962570488827,0.0946253263175468,-0.619244966746465,0.535754992931664,0.168094107555066,0.0946176413613316,1.77656201461562,0.0756403300828527,-0.226690364603948,0.0687168982404436,-3.29890275039406,0.000970635312318726,-1.44674531384233,0.831287259649726,-1.74036748073336,0.0817945118555682,0.34396478268556,0.834885482750597,0.411990374479073,0.680346478371348,-1.79071009652789,1.1514028784514,-1.5552419835326,0.119888448869159
0,629845.05129199,0,0.000133455059549518,0.474583767652092,0.138461654446076,0.000169800490822674,0.0104609391651869,0.0462342569177738,0.039716854650091,0.090550703099698,45.5419109436243,0.438614536282087,0.663014642035055,0.127684350813873,0.0334237612205851,85931.4251346711,3.8201670353974,0.000133455059549518,-0.433890367306606,0.602140623710828,49.1163885809594,-0.720579795185812,0.474583767652092,0.884242910908572,0.586664504490737,46.8642192374672,1.50723778946905,0.138461654446076,-0.0530626282355393,0.0973171977349772,-0.54525437919045,0.58557857589883,0.155475631384794,0.0973101023865734,1.59773371491433,0.110102252048545,-0.208538259620333,0.0689266514859891,-3.02550980099074,0.00248214359880098,-1.31813327821517,0.838845202840569,-1.57136653312387,0.116097534996109,0.450352543601965,0.842517577725125,0.534531926108839,0.592973567103576,-1.76848582181714,1.17332900898147,-1.50723778946905,0.131749717148032
0,629971.779775619,0,0.000385461281846723,0.56474290385511,0.196526028802145,0.000146637379895695,0.00667801608515162,0.034129246620207,0.0364861649485717,0.094875721226608,42.8176716765679,0.384567985116292,0.702461014950067,0.118739001129084,0.0334477637197123,85929.8845973856,3.54998325520654,0.000385461281846723,-0.349010311049671,0.602087231435739,49.9804621751069,-0.579667351884244,0.56474290385511,0.800506979653588,0.611300599497505,48.5302933600657,1.30951446851453,0.196526028802145,-0.0518130089821891,0.101459095041205,-0.510678800763468,0.609575987348925,0.143269294961951,0.101452976890719,1.41217438218964,0.157898621555221,-0.19508230394414,0.0695581298904945,-2.80459385913995,0.00503800169938764,-1.14951729070326,0.856114276863808,-1.34271477741764,0.179364347843877,0.451496668603916,0.859920495951733,0.525044664860806,0.599552141785204,-1.60101395930717,1.22260119899501,-1.30951446851453,0.190360139987248
0,630069.870362898,0,0.000236347130037236,0.439388659864289,0.156419823672263,0.00015729743117868,0.0119668118999378,0.0399388489393972,0.0121735901636431,0.0946516929249275,41.2246270947888,0.128614605692246,0.898288031258749,0.123049871168948,0.0334668150984071,85929.762039943,3.67677267188788,0.000236347130037236,-0.468530011457125,0.601118777582135,50.1588196873647,-0.779430004402261,0.439388659864289,0.88875158710554,0.617632836352066,49.7740954731512,1.43896427585487,0.156419823672263,-0.0749347448023696,0.101276550042562,-0.739902225844758,0.459359323737645,0.124095771256769,0.101270583717043,1.22538813051083,0.220429016922939,-0.199030516059138,0.069744813751342,-2.85369628727854,0.0043213822606127,-1.35728159856266,0.85994938920583,-1.57832730111725,0.114490437038888,0.420221575648413,0.86377963544459,0.486491644865098,0.626618627762781,-1.77750317421108,1.23526567270413,-1.43896427585487,0.150160644644489
0,630205.578021154,0,0.000281369991250375,0.309826768599863,0.0861918033206605,0.000153478539383698,0.0205820071681977,0.0570989831303092,-0.0198104076580328,0.0918482260119259,41.8070141171017,-0.215686339499475,0.830281108966627,0.121650591335503,0.0334938804908525,85937.5955639733,3.63202440424085,0.000281369991250375,-0.63261175973008,0.616588284790906,50.0915346105782,-1.02598731655209,0.309826768599863,1.04146460143626,0.595137599041569,50.5698865525821,1.74995598179895,0.0861918033206605,-0.0971305695490819,0.0986386893709442,-0.984710666458768,0.32476621185796,0.0910135437028201,0.0986323539003964,0.922755466170156,0.356134653511995,-0.188144113251902,0.069241278102331,-2.71722473080069,0.00658318909890763,-1.67407636116633,0.855056593310505,-1.95785445579087,0.0502470933911378,0.408852841706177,0.858846884901456,0.47604858199269,0.634039767232716,-2.08292920287251,1.19027519808313,-1.74995598179895,0.0801259095649212
0,630288.346708985,0,0.0238630537299772,0.265164308644461,0.10655115734658,0.000059397451399442,0.0249787231961533,0.0499849184444294,-0.0252227175412589,0.0889401908678717,42.4459355008715,-0.283591898051235,0.778101851361893,0.0757121977659408,0.0335103570035164,85936.9605197828,2.25936708934482,0.0238630537299772,-0.696313892734751,0.617842963958106,49.5790005287701,-1.12700788607178,0.265164308644461,1.01783106181696,0.619587821762533,51.2905276445709,1.64275511245774,0.10655115734658,-0.0555434482701888,0.0960525681071106,-0.578260939449853,0.563087961533157,0.0419755351563404,0.0960468537224111,0.437031860279938,0.662088242386237,-0.0975189834265291,0.0698614769330731,-1.39589066403437,0.162747422458084,-1.7141449545517,0.873034328578951,-1.96343362275552,0.0495958101938812,0.321517169082207,0.876954420195626,0.366629281611335,0.713895563366553,-2.03566212363391,1.23917564352506,-1.64275511245774,0.100433610881795
0,630354.586049283,0,0.274030113627882,0.203274939272216,0.11584464477533,0.0000139240638126243,0.0331539637038322,0.0476178765471496,-0.0514852998231528,0.0914933040629625,44.5149509706125,-0.562722052181243,0.57644740838873,0.0366683789987386,0.0335227486911848,85927.4904574718,1.09383569159354,0.274030113627882,-0.781497746755161,0.605959282941285,48.5054388074657,-1.28968689605979,0.203274939272216,1.03932348343579,0.649741385173344,51.1754453514918,1.59959563474398,0.11584464477533,-0.039937367458587,0.0985073546648629,-0.405425235450288,0.685164964518368,-0.021644283000965,0.0985020973360245,-0.219734234968916,0.826078140556273,-0.018293084457622,0.0706413788941152,-0.258957069411705,0.795668364499173,-1.82082123019095,0.886462187172439,-2.05403147087283,0.0399726458577558,0.257825736680628,0.890441368700284,0.289548246233167,0.772161865026407,-2.07864696687157,1.29948277034669,-1.59959563474398,0.109688317485244
0,630524.678174275,0,0.783560793669973,0.136184916704548,0.124618958575953,0.000000878186110938623,0.0453094022191732,0.0459872860238953,-0.0758997498367647,0.092127842136596,46.2470107769768,-0.82385246497177,0.41425201928957,0.00921716536491757,0.0335556995646036,85916.2312276752,0.274682557196345,0.783560793669973,-0.898045402699693,0.592624519228904,48.3851028922609,-1.51536997468176,0.136184916704548,1.05274341437275,0.674147785264818,50.5884327277085,1.56159144535231,0.124618958575953,-0.0334589932440429,0.0991619864465978,-0.337417537133161,0.735802166289243,-0.0707790698238604,0.0991567763177878,-0.713809710765712,0.47534485412376,0.0373200765798175,0.0713305026788552,0.523199405278836,0.600835495258598,-1.95078881707244,0.895605381581514,-2.17817898059926,0.0293927143216226,0.154698011673055,0.899582744843251,0.17196640615868,0.86346393951509,-2.10548682874549,1.34829557052963,-1.56159144535231,0.118384266046396
0,630606.20942849,1,0.717372891648288,0.159783419274155,0.104134450900986,0.0000015251233682123,0.0400777111542668,0.0516973228346583,-0.0604868984825723,0.0953879959378311,50.1988091816021,-0.634114365103073,0.528885363566899,-0.0121517708931153,0.0335709062524257,85910.7236697089,-0.361973275363612,0.717372891648288,-0.823454517960628,0.576824022829945,48.8119008296408,-1.42756626868745,0.159783419274155,1.15387020351777,0.697153974615396,50.2499258199776,1.65511529092886,0.104134450900986,0.00402547918310524,0.102246330685291,0.0393704024009962,0.968595077069199,-0.0813882518772449,0.102241129719422,-0.796042180877662,0.426007518794395,0.0854137310603502,0.0719713168770377,1.18677460364215,0.235316538841779,-1.97732472147839,0.902879781475672,-2.19001993626066,0.0285227910007593,0.330415685557142,0.906811631748273,0.364370806448658,0.715581132381133,-2.30774040703554,1.39430794923079,-1.65511529092886,0.0979011137331741
0,630828.576397585,0,0.226384380335539,0.147979213235313,0.144848701223922,0.0000170359421081628,0.0415768202871327,0.0422234056006745,-0.0440997246608005,0.0978934041016368,47.2357742677039,-0.450487191302638,0.654420184496896,-0.0406637798507148,0.0336138243507597,85902.555551612,-1.20973381149342,0.226384380335539,-0.85213033987794,0.579863287705575,49.7813725154158,-1.4695366268999,0.147979213235313,1.06478586184307,0.718851676330753,49.7687729030386,1.48123166002488,0.144848701223922,0.0473250123377228,0.104710456627617,0.451960710151665,0.651297287249089,-0.0903947354584003,0.104705790324784,-0.863321265977817,0.387960855011404,0.137719747796123,0.0726313341339795,1.8961478463562,0.0579404972862816,-1.916916201721,0.921578866653539,-2.08003489563705,0.0375223322830874,0.212655521965126,0.925565082812696,0.229757502647883,0.818280209275465,-2.12957172368613,1.4377033526615,-1.48123166002488,0.138544852289063
0,631332.623471054,0,0.0153943911668698,0.133994069567285,0.185735730840316,0.000068337242609363,0.0443329472782901,0.034739174977483,-0.0465858430980079,0.0954185361352881,46.6354758290402,-0.488226344532855,0.627677336934211,-0.081687089265142,0.0337130091145388,85906.2330567354,-2.42301388723898,0.0153943911668698,-0.89038716089069,0.584530937539556,50.0175924002844,-1.52325070190222,0.133994069567285,0.95735869874151,0.713513936738288,50.0229886407608,1.34175192585294,0.185735730840316,0.0840305359903528,0.102415661207051,0.820485216811429,0.411939553337426,-0.130046374185967,0.102410870472465,-1.26984931956938,0.20413830881169,0.21407691017632,0.0726399362443206,2.94709661440621,0.00320772964196179,-1.8477458596322,0.920371655222726,-2.0076083929215,0.0446849219919661,0.0669715378508194,0.924377155702073,0.0724504467010047,0.942243439579746,-1.91471739748302,1.42702787347657,-1.34175192585294,0.179676444443698
0,631602.674482441,0,0.000193597408320334,0.146060961155265,0.18184747953189,0.000161697613015495,0.0416055013478319,0.0349032506867867,-0.0523509483128718,0.0957361316288416,46.6323812284913,-0.546825398333731,0.58710600381566,-0.125859572824962,0.0337661454097564,85908.4127573344,-3.72738941024036,0.000193597408320334,-0.869286814743601,0.58875916599246,50.2162611630288,-1.47647266480898,0.146060961155265,0.960870253333444,0.709822545374957,50.6681322087218,1.35367671764479,0.18184747953189,0.121972153811395,0.102722669516219,1.18739275746856,0.23507273544293,-0.180635699138591,0.10271788006747,-1.7585614015782,0.0786520338230148,0.302607852949986,0.0726221292285493,4.16688213585212,0.0000308794051882703,-1.83015706807704,0.920203525759389,-1.9888611778212,0.0467165278830036,0.0915834385898432,0.924227393072409,0.0990918893730172,0.921065311736663,-1.92174050666688,1.41964509074991,-1.35367671764479,0.175839539204429
0,631435.048236986,0,0.00000182235757527271,0.113377981992391,0.340503164882103,0.000265039113415217,0.0489172094891964,0.0179662666504973,-0.041080034101107,0.0977561998413129,47.2020727848305,-0.420229450078787,0.676224733423795,-0.160992819853389,0.0337333107370998,85915.1970370533,-4.77251761939659,0.00000182235757527271,-0.974100710235308,0.604589279609562,50.4711830296585,-1.61117760947461,0.113377981992391,0.693678320143745,0.720897966355096,50.6101013988812,0.96224202663662,0.340503164882103,0.164076458539375,0.104714786612911,1.56688910751355,0.117140614136886,-0.194647120417503,0.104710744939134,-1.85890302404635,0.0630408853933834,0.358723578956879,0.0728713549202168,4.92269670777532,0.0000008535969190417,-1.66777903037905,0.938795694121278,-1.77650903260704,0.0756490544663779,-0.280422390091563,0.942924596416267,-0.297396410229781,0.766163884000452,-1.38735664028749,1.44179593271019,-0.96224202663662,0.335928042714325
0,631657.547968176,0,0.0000000127180230737768,0.0868230670297576,0.599358492052626,0.000376676742840589,0.0576764839435849,0.00550274928236238,-0.0370009509502673,0.0938806027705283,46.3603036615387,-0.394127752254728,0.695293852897165,-0.192210577309482,0.033778261267993,85930.5436312474,-5.69036327194299,0.0000000127180230737768,-1.12377188908187,0.643316052371159,49.8550095403806,-1.74684260549667,0.0868230670297576,0.387639808572149,0.733253139840347,50.5094615996635,0.528657550183217,0.599358492052626,0.195232609287958,0.101342496189711,1.92646339520281,0.0540465382364321,-0.209718360556157,0.101339598788801,-2.06946112933823,0.0385028352965862,0.404950969844115,0.0732788448578859,5.5261647564104,0.0000000327306782091377,-1.51141169765401,0.973297305555291,-1.5528777168367,0.120452351251549,-0.736132080509716,0.977611259983783,-0.752990591088248,0.451455568030265,-0.775279617144297,1.46650627968069,-0.528657550183217,0.597043029746551
0,631695.29481826,0,0.000000000149493737618838,0.0837559060032474,0.676326172379962,0.000477390026115362,0.0604802333421804,0.00348874177305354,-0.0498692793100175,0.0909329863427548,45.9009861809681,-0.548417920885658,0.586062626936668,-0.216458088829843,0.0337863413090151,85937.8710521312,-6.40667442651111,0.000000000149493737618838,-1.16373148985508,0.659089565280393,48.429408437494,-1.7656651708027,0.0837559060032474,0.299514880155853,0.713258037001192,50.3682478003424,0.419924998553298,0.676326172379962,0.20533634904092,0.0985903144958944,2.08272333941557,0.0372764487651189,-0.243442454207795,0.0985874252005625,-2.46930532684615,0.0135375655082573,0.448778803248715,0.0727366284207972,6.16991484197525,0.000000000683267822277052,-1.46324637001093,0.968978880850172,-1.51009108550136,0.131020183862092,-0.864216609699226,0.973320139154082,-0.887905813240771,0.374591417463656,-0.599029760311705,1.42651607400238,-0.419924998553298,0.674540245017169
0,631623.739722836,0,8.35842729234339e-11,0.0801969688541266,0.622234501169263,0.000490579576774813,0.062382746221862,0.00484473691996289,-0.048275611314936,0.091982757490196,46.099100245026,-0.524833269105696,0.602214114273938,-0.219345622869663,0.0337723940103232,85943.2311118717,-6.49482008301265,8.35842729234339e-11,-1.2042750230222,0.673784056692055,48.0143438777091,-1.78733083851019,0.0801969688541266,0.339590889664964,0.685028311551126,50.4795721339943,0.495732634606035,0.622234501169263,0.211952399301002,0.099486780467803,2.13045791917647,0.033133826422456,-0.244723939978243,0.0994836908850983,-2.45994029575053,0.0138960130509387,0.456676339279245,0.0719517829869978,6.34697738292002,0.000000000219586398222981,-1.54386591268716,0.958691325796982,-1.61038894495443,0.107312972487438,-0.864684133357238,0.963020470810248,-0.897887593842867,0.369245479381572,-0.679181779329925,1.37005662310225,-0.495732634606035,0.620083059009034
0,631559.674182239,0,0.00000000261428547227964,0.091248830228772,0.68988732085445,0.00041241298717256,0.0580130587290566,0.00315767194258882,-0.040505439522412,0.0916752928820178,45.1725886179679,-0.44183594345906,0.66071595909153,-0.201031455841254,0.0337596758514004,85944.8822245582,-5.9547803932162,0.00000000261428547227964,-1.15493516038231,0.670202641121137,48.2194279905937,-1.72326262166067,0.091248830228772,0.267967764731163,0.667763194673221,50.8369647979559,0.401291605869797,0.68988732085445,0.198205240033645,0.0991014490552053,2.00002363157408,0.0454977121736112,-0.21804952855977,0.0990979670220326,-2.20034310604264,0.0277825611183208,0.416254768593415,0.0714783091394347,5.82351168634132,0.0000000057623783069527,-1.42290292511347,0.94394576622009,-1.50739902230962,0.131708409246777,-0.886967395651148,0.948221977749423,-0.935400588115812,0.349581893941348,-0.535935529462324,1.33552638934644,-0.401291605869797,0.688205442997701
0,631625.120337466,0,0.000000278011647950807,0.106799349813218,0.672052033711002,0.00030707743056455,0.0532927539746129,0.00355729577520674,-0.0366685487411873,0.0908629522403819,43.9028168475543,-0.403558852503263,0.688496043914219,-0.173530191096945,0.0337726719895231,85948.433467796,-5.13818365188213,0.000000278011647950807,-1.11888527219776,0.680759960336091,47.9877782804124,-1.64358266847153,0.106799349813218,0.282746637761648,0.664034756371194,50.7861897262129,0.425800961544237,0.672052033711002,0.173977598313861,0.098386319735075,1.76831086661571,0.0770089482537163,-0.188057345574715,0.0983830140327853,-1.91148184901152,0.0559426871860784,0.362034943888575,0.0714010973648431,5.07043949252853,0.000000396898088977652,-1.40163190995941,0.948837810615787,-1.47720916502027,0.13961957780177,-0.836138634436113,0.953131350694816,-0.87725436145457,0.380348495138868,-0.565493275523294,1.32806951274239,-0.425800961544237,0.670252886230142
0,631926.515825254,0,0.000000771818570017871,0.173808202401783,0.7433425789656,0.00028416507608422,0.0383094619413644,0.00215427197043224,-0.02399583797341,0.0933076126258785,44.6914534121511,-0.257169134415886,0.798228572987225,-0.167221315333066,0.033831791002681,85948.6700572595,-4.94272725082202,0.000000771818570017871,-0.956139103357427,0.692538427479811,47.8501934320204,-1.38062967399062,0.173808202401783,0.22267262477387,0.676319871688207,50.21023248339,0.329241582415791,0.7433425789656,0.174441036789581,0.100774248195973,1.73100806914828,0.0834503252926543,-0.171794572154881,0.100771406983686,-1.70479481528617,0.0882326988377965,0.346235608944462,0.0718145810573418,4.82124387341344,0.00000142665813656231,-1.17881172813129,0.965816982303718,-1.22053323738368,0.222262797647581,-0.733466478583555,0.970171964883986,-0.756016979599347,0.449639015482966,-0.445345249547739,1.35263974337641,-0.329241582415791,0.741973095134811
0,632033.257553966,0,0.00000449256938022098,0.21819681434302,0.759473386061484,0.000244809954094958,0.0314789008580119,0.00188662357324512,-0.0144469260753639,0.0946122781823793,44.8804367161316,-0.152696101953229,0.879322372086532,-0.155297114440385,0.0338523667089689,85943.5510011675,-4.58748174907488,0.00000449256938022098,-0.836712888110077,0.670589994894377,47.8992049141675,-1.24772647143634,0.21819681434302,0.209243559594795,0.679697996482964,50.1379806956516,0.307847839301436,0.759473386061484,0.168547669544821,0.101902271956771,1.65401287241487,0.0981248972808222,-0.153128320085334,0.101899025342944,-1.50274567955852,0.132904638392588,0.321675989630155,0.0719391038017447,4.47150398921641,0.00000776714107674035,-1.04595644770487,0.952661958632753,-1.09793031854238,0.27223491775619,-0.62746932851528,0.956972208543587,-0.655681871336915,0.512028835557829,-0.418487119189589,1.35939599296593,-0.307847839301435,0.758198117598404
0,632113.94074041,0,0.0000231135725159086,0.179919112217087,0.8940225462401,0.000208445049090558,0.0370246540171259,0.00035401596784348,-0.0213115026730131,0.0958363552523273,45.1921079517266,-0.222373885326733,0.825024789557745,-0.143350949559663,0.0338674490084117,85931.8292063306,-4.23270585050732,0.0000231135725159086,-0.860126818086701,0.632086080961411,48.1611316941077,-1.36077481215602,0.179919112217087,0.0914693988051395,0.68318162305724,50.617730844334,0.133887381800192,0.8940225462401,0.14723821913569,0.102891208072851,1.4310087508297,0.152427707172072,-0.144307996317249,0.10288711561409,-1.40258569263932,0.160740420695239,0.291546215452939,0.0720606681132511,4.04584391300318,0.0000521349637963764,-0.951596216891838,0.928640458009261,-1.02471974883777,0.305495441885693,-0.768657419281559,0.932827308457948,-0.824008272819781,0.40993485734947,-0.182938797610279,1.36636324611448,-0.133887381800192,0.893491628310275
0,632273.903167884,0,0.000108522795852597,0.127887258749223,0.917498352514447,0.000174351155658221,0.0475638106067381,0.000212223729885606,-0.0308267465332311,0.0942604472070002,46.6617996579994,-0.327037983020961,0.74510175888444,-0.131219242395166,0.0338990631677819,85924.9133398209,-3.8708810844035,0.000108522795852597,-0.951433010833106,0.614133272458129,48.0607367927668,-1.54922889460931,0.127887258749223,0.0696694420050475,0.669258754052715,51.0517251937771,0.104099410852921,0.917498352514447,0.127431830082964,0.101292277707799,1.25806066332688,0.208369818082913,-0.138696422217242,0.101287237491956,-1.36933759525485,0.170893771343089,0.266128252300206,0.0717492928176849,3.70914111971024,0.000207963499879711,-1.02110245283815,0.906295821253577,-1.12667677472657,0.259879165545433,-0.881763568828056,0.910363552000485,-0.968583997997743,0.332752790548129,-0.139338884010095,1.33851750810543,-0.104099410852921,0.91709045839053
0,632338.12402777,0,0.00371419355715462,0.142296388455461,0.704868844657232,0.0000979697937605717,0.0449812588425611,0.0028206609200417,-0.0373150944836801,0.0896172769415053,45.6459288659519,-0.416382819889029,0.679081346471468,-0.0983977865135677,0.0339121811927819,85925.9745107543,-2.90154696786391,0.00371419355715462,-0.908390057995171,0.608767890206349,47.2739138052109,-1.4921780084151,0.142296388455461,0.247344552786365,0.649410491072573,51.2847792493012,0.380875511231499,0.704868844657232,0.0916871571595841,0.0968732202017791,0.946465462473603,0.343911230034867,-0.118208045609801,0.0968674066444064,-1.22030773512638,0.222348238618241,0.209895202769385,0.0712618733603493,2.94540674938491,0.00322530352726147,-1.15573461078153,0.888140270127347,-1.30129738472034,0.193156682082824,-0.661045505208804,0.892116315679147,-0.740985781327815,0.458702061560439,-0.494689105572729,1.29882098214514,-0.380875511231499,0.703295624551504
0,632385.692001051,0,0.0368081421422374,0.158398084109428,0.423470927901503,0.0000507359611425797,0.0422389451040971,0.0126144916762598,-0.0419482898423076,0.088238750101919,44.3087716223457,-0.475395331346554,0.636840540321933,-0.0708243072891172,0.0339210145702604,85918.9729941158,-2.08791830628825,0.0368081421422374,-0.84546396434624,0.589799121276129,46.5935789863284,-1.43347782973453,0.158398084109428,0.516471866994982,0.640065158532846,50.9638183746908,0.806905140999764,0.423470927901503,0.0649408002008543,0.0954765722938487,0.68017523713551,0.496393509849833,-0.10406071200018,0.095469926498929,-1.08998420566866,0.275720101551134,0.169001512201035,0.0710440420278442,2.37882737773842,0.0173678070913546,-1.36193583134122,0.868453929544691,-1.56823037470191,0.116827378075923,-0.328992097351257,0.872284697509889,-0.377161376658825,0.706053681315899,-1.03294373398996,1.28013031706569,-0.806905140999764,0.419721136692093
0,632324.469038288,0,0.00251636149756504,0.223700687112788,0.297790733768917,0.000106230303176121,0.0309670806471755,0.0212825666749664,-0.0359310645283955,0.0902986652045315,44.2244864206368,-0.397913573218493,0.692608275675279,-0.102455042566312,0.0339091619681994,85928.6530258115,-3.02145604961856,0.00251636149756504,-0.748162355345746,0.606868732654183,47.5598467092795,-1.23282402781505,0.223700687112788,0.656173548878047,0.623766956664935,50.8892477326192,1.05195304410862,0.297790733768917,0.103711537197483,0.097379730801551,1.0650218104303,0.286866060020093,-0.135950194737666,0.0973732769922583,-1.39617561344346,0.162661618422439,0.239661731935149,0.070617189892039,3.39381575932927,0.000689260469849453,-1.40433590422379,0.868340815431649,-1.61726349754238,0.105821415050368,-0.091988806467699,0.872200652405253,-0.105467481839211,0.916004871782635,-1.31234709775609,1.24753391332987,-1.05195304410862,0.292821093472688
0,632296.01954969,0,0.0000496988677786141,0.330449407739543,0.179277648191185,0.000191517511774203,0.0195114202644337,0.0352780943903938,-0.00818507831603393,0.0926662429301078,43.7717561524394,-0.0883285871663903,0.930018406858526,-0.137555113352514,0.0339035783672416,85935.1279126907,-4.05724469147548,0.0000496988677786141,-0.610440611036921,0.620958513157517,48.5640974479732,-0.983061827968002,0.330449407739543,0.822819445117288,0.604211206718149,50.7140813347437,1.36180765263613,0.179277648191185,0.167323521071389,0.0995546379879727,1.68072050135528,0.0928172165338682,-0.151364095773577,0.099548129763554,-1.52051169753862,0.128382421072891,0.318687616844966,0.0701315400068468,4.54414114981437,0.00000551596884633099,-1.4332600561542,0.864488952461548,-1.6579275560123,0.0973320894409727,0.212378834080366,0.868320312929001,0.244585818065195,0.80677714613815,-1.64563889023457,1.20842241343629,-1.36180765263613,0.173258595853021
0,632333.216319956,0,0.00000442832343726809,0.327579352503533,0.110004807596241,0.00024515675843678,0.0196187933619195,0.0498842714677646,0.0220355680192512,0.0991379629415442,44.4771056696874,0.222271745004931,0.825119865548204,-0.155664769379053,0.0339102758679972,85934.5220397823,-4.59048961987247,0.00000442832343726809,-0.618600773992258,0.625539206063166,48.8691216760909,-0.988908078017084,0.327579352503533,0.955802354118731,0.587517355064703,50.4089516127443,1.62684956602426,0.110004807596241,0.219391366796286,0.105560565665893,2.07834588051258,0.0376775135005423,-0.142558477946648,0.105553897661025,-1.35057521423282,0.176831544960694,0.361949844742934,0.0697468467282315,5.18947969294255,0.000000210882499321141,-1.57440312811098,0.856304714840177,-1.83860149410112,0.0659738213684079,0.337201580126472,0.860054717440231,0.392069915191071,0.695006555759727,-1.91160470823746,1.1750347101294,-1.62684956602426,0.103769051580985
0,632102.74474099,0,0.00000287949345522101,0.272371109882303,0.112319933679795,0.000254767518407217,0.0246557150750708,0.0488153981243729,0.0550849928107077,0.10612045956256,46.7855916731393,0.519079855456469,0.606151966072683,-0.158468158781932,0.0338640084956203,85931.5370471461,-4.67954521102921,0.00000287949345522101,-0.694657615147751,0.625721595292016,48.7550555020299,-1.11017043422253,0.272371109882303,0.910851321425813,0.563710461619228,50.8734009177789,1.61581411636293,0.112319933679795,0.256067879287396,0.112051156826506,2.28527653385924,0.0222966180009248,-0.10910808991425,0.112044049267712,-0.973796383006059,0.330157649377556,0.365175969201646,0.0691225977391371,5.28301859516029,0.000000127072487584333,-1.60550893657356,0.840405348746283,-1.9103982845524,0.0560819515629396,0.216193706278061,0.843986284548586,0.2561578431262,0.797828959124421,-1.82170264285162,1.12742092323845,-1.61581411636293,0.106134508561299
0,631969.165456741,0,0.00000286219925202283,0.225924049830152,0.119642615796215,0.000254915900500931,0.0301981961040315,0.0470850572276825,0.0621068908035996,0.107952985739937,47.8971627228439,0.575314247937683,0.567771831253995,-0.158384855344669,0.0338372741412681,85926.8549725669,-4.68078057007263,0.00000286219925202283,-0.753649704729988,0.614431193988859,48.3163969645437,-1.22658112430349,0.225924049830152,0.885710507752336,0.559520151525033,50.7134508424423,1.58298232036547,0.119642615796215,0.263902873573101,0.113726110230337,2.32051261613187,0.0203131632373576,-0.099775004608394,0.113718685628102,-0.877384433853654,0.38027786512386,0.363677878181495,0.0689852442869776,5.27182127048214,0.000000135076586569401,-1.63936021248232,0.829268637164223,-1.97687472914482,0.0480557919672775,0.132060803022348,0.832760776954659,0.158581920134717,0.873998274166449,-1.77142101550467,1.11904030305006,-1.58298232036547,0.113425494087863
0,631839.144041795,0,0.0000295054714113294,0.210087256413561,0.106955404404487,0.000203060035890354,0.0321671571768214,0.0503357912565868,0.0425850754436834,0.106320019619211,48.3057014299032,0.400536753061214,0.690527245165498,-0.141248084780526,0.0338118388221742,85924.0818397192,-4.17747421320057,0.0000295054714113294,-0.770403040315153,0.606546387272162,48.5395348050949,-1.27014694420967,0.210087256413561,0.941177255842099,0.573507744751563,50.8109650675294,1.64108900787348,0.106955404404487,0.229156713747452,0.112190486655634,2.04256814083392,0.0410952076016454,-0.103185201088643,0.112183241410225,-0.919791581982566,0.357681683216192,0.332341914836094,0.0692617428372583,4.79834756132235,0.00000159979996255291,-1.71158029615725,0.832967961806433,-2.05479727268909,0.0398985897564798,0.170774215526946,0.836530741222281,0.204145773862921,0.838239585077204,-1.88235451168419,1.14701548950312,-1.64108900787348,0.100778940167829
0,631693.513536045,0,0.0000709555089062511,0.247455119423132,0.179247960827822,0.000183687425622959,0.0270207292003008,0.0351387281437952,0.0334326169458444,0.104091272310762,47.9961361004822,0.321185592256305,0.749464231603596,-0.134231374514203,0.033783748076124,85927.7035995709,-3.97325288513705,0.0000709555089062511,-0.720159117617354,0.615299082931458,49.3277054516138,-1.17042124325346,0.247455119423132,0.811632932213235,0.595989735379972,50.9237757922525,1.36182367586546,0.179247960827822,0.208226656917722,0.110189667380705,1.88971127572515,0.0587965852322884,-0.103221032667645,0.110183254562793,-0.936812341196732,0.348855095994652,0.311447689585367,0.06973866282271,4.46592574304344,0.00000797232606281527,-1.53179204983058,0.854735861651408,-1.79212329627899,0.0731132179277763,0.0914738145958811,0.858498723980521,0.106550903386033,0.915145270174369,-1.62326586442647,1.19197947075994,-1.36182367586546,0.173253537822422
0,631451.719984568,0,0.0000255422749532175,0.394242314051371,0.324520177689276,0.000206241785996237,0.0146482854326935,0.0192449412309099,0.0497385885227761,0.101569869776611,47.3713006159825,0.489698260243607,0.626607606057213,-0.142036933349949,0.0337365201125509,85928.2104678026,-4.21018329324095,0.0000255422749532175,-0.527523997066437,0.613821243072506,49.6826891771164,-0.859409808669857,0.394242314051371,0.607491712226855,0.610589005178169,50.4459985469243,0.994927368614491,0.324520177689276,0.221831339508258,0.1078508579111,2.05683425987312,0.0397021713526606,-0.0944159323142114,0.107844793107267,-0.875479748199815,0.38131292470468,0.31624727182247,0.0700114546265383,4.51707900527744,0.00000626985170345319,-1.13501570929329,0.86386926205927,-1.31387440107276,0.188888474620832,0.0799677151604186,0.867710090670985,0.0921594850862929,0.92657132722201,-1.21498342445371,1.22117801035633,-0.994927368614491,0.3197715907106
0,631522.526865073,0,0.0000275608178534387,0.582795473086742,0.354565994489405,0.000204553080047116,0.00614528909380843,0.0171999694280741,0.0621734517682409,0.0966446083107204,45.1293058739299,0.643320438201251,0.523271888321669,-0.141516183872343,0.0337508683477214,85930.5214676343,-4.19296423470825,0.0000275608178534387,-0.339050856713212,0.613177776705807,49.4467169619538,-0.552940549370046,0.582795473086742,0.576750738506065,0.617200616866941,49.8954681753839,0.934462349428279,0.354565994489405,0.227940547333585,0.103253484080383,2.20758213985431,0.0272734152909147,-0.0856371509748345,0.103247448818184,-0.829436000163448,0.406857737571082,0.31357769830842,0.0701962165715173,4.46715953685254,0.00000792650184841747,-0.915801595219275,0.868075945053127,-1.05497865761414,0.291435085819644,0.237699881792852,0.871946860900211,0.272608220124157,0.785154392456246,-1.15350147701213,1.23440123373388,-0.934462349428279,0.350065448716853
0,631808.306406061,0,0.0000821916859951026,0.623037444006592,0.305902438164928,0.000180437578420676,0.00495568953381663,0.020800973384392,0.0725919099224708,0.0969642000867873,42.5803667949903,0.748646509304442,0.458185930393898,-0.13313604367253,0.0338071162731988,85934.9205119584,-3.93810707179649,0.0000821916859951026,-0.308289958617436,0.623222704653675,49.1326914978008,-0.494670615039214,0.623037444006592,0.636044864554037,0.614907986292127,50.3665899935118,1.03437405064352,0.305902438164928,0.230734440289179,0.103597487018472,2.22722043680498,0.025932544917421,-0.0692232573968288,0.103591663636644,-0.668231930704721,0.50398555614634,0.299957697686008,0.0702308642925977,4.27102386831403,0.0000194577579694539,-0.94433482317147,0.873555712333356,-1.08102415202467,0.279686370322657,0.3277549059366,0.877460631511817,0.373526622353297,0.708756534994385,-1.27208972910807,1.22981597258425,-1.03437405064352,0.300961330720803
0,632236.047420887,0,0.000235584478056765,0.776030431023594,0.253048148330367,0.000157351655136842,0.00168746732006396,0.0255868119706346,0.0981112394263283,0.0977661018117857,42.2455976110152,1.00353023806971,0.321318768043192,-0.124639344046815,0.0338915128667714,85938.6922364553,-3.67759753118063,0.000235584478056765,-0.182587420073492,0.638219027610693,48.4209561186801,-0.286088963466111,0.776030431023594,0.714950126058723,0.618428640032017,50.8978317483415,1.15607538166685,0.253048148330367,0.246517853464843,0.10444433994272,2.3602796819822,0.0182611617629069,-0.0406253512718251,0.104438924368879,-0.388986687840023,0.697285993994065,0.287143204736668,0.0704525009827008,4.07569924036018,0.0000458762824797541,-0.897537546132213,0.88670080097525,-1.0122214225419,0.311432195545394,0.532362705985229,0.890683282419861,0.597701468628529,0.550039145347258,-1.42990025211744,1.23685728006403,-1.15607538166685,0.247650324737875
0,632538.624975402,0,0.00577779986732689,0.971993416423096,0.298134227562329,0.0000886420995156992,0.0000261580593183478,0.0212585025952058,0.148653378461846,0.0978694347154102,38.716508690904,1.5188948305884,0.136913683784874,-0.0937124597682324,0.033951313914248,85941.5080574536,-2.76020126952746,0.00577779986732689,-0.0228385670225036,0.64710802233108,47.6175727301242,-0.0352932837090044,0.971993416423096,0.662273540527493,0.630016465070721,50.8752247811941,1.05120036895092,0.298134227562329,0.260507970004835,0.104639930283582,2.48956559220595,0.0127899315773106,0.0380083416410764,0.104635052124972,0.363246740639845,0.716420574701751,0.222499628363759,0.070833630626916,3.14115804024892,0.00168281197836594,-0.685112107549995,0.901107739717195,-0.760299881304995,0.447075352808891,0.639434973504988,0.905176181233607,0.706420459090674,0.479926701484201,-1.32454708105498,1.26003293014144,-1.05120036895092,0.293166573765597
0,632724.243457869,0,0.094449457995602,0.994187521781012,0.388246909428767,0.0000325417711974136,0.00000112344872481467,0.0147505091107249,0.177088328913656,0.0988567736407289,35.7299140085624,1.79136261878464,0.0817091295964463,-0.0568417169844699,0.0339881467749199,85945.6866406109,-1.67239824403765,0.094449457995602,0.0048749690782748,0.665690452026772,47.7359237664852,0.00732317710646501,0.994187521781012,0.567090735860267,0.651603230014186,50.5915350821564,0.870300682591645,0.388246909428767,0.248817817423987,0.105742107192276,2.35306278672459,0.0186194898446598,0.105100656872656,0.105738240907109,0.993970166053611,0.320237392175764,0.143717160551331,0.0714318659662987,2.01194744960374,0.044225476810497,-0.562215766781991,0.929410594727836,-0.604916459927624,0.54523450584712,0.57196570493854,0.933625749953747,0.612628459494477,0.540122035941467,-1.13418147172053,1.30320646002837,-0.870300682591645,0.38413610601325
0,633011.631834481,0,0.0883978395157311,0.990324327136513,0.433153828324161,0.0000337801406004207,0.00000310023866291201,0.0122645720203741,0.184709765331599,0.100082300187268,31.4169184826981,1.84557873855797,0.0743964632454262,-0.0580101010183714,0.034044891396589,85946.3056655537,-1.70392968338808,0.0883978395157311,-0.00817399821141844,0.670528914740201,47.9333278362689,-0.0121903739447023,0.990324327136513,0.537284052241293,0.679981452848722,50.2807791878195,0.790145157622152,0.433153828324161,0.257163884664438,0.107044156452422,2.40240937186272,0.0162874698547933,0.112688549609845,0.107041097153193,1.05275966527669,0.292451155323497,0.144475335054592,0.0722549812126018,1.99952076147513,0.0455520378047616,-0.54545805045271,0.952817766874618,-0.572468387362143,0.567004696670769,0.529110054029874,0.957134215546554,0.552806540018773,0.580395889720053,-1.07456810448258,1.35996290569744,-0.790145157622152,0.429443000039455
0,633323.041698623,0,0.276470929501908,0.976393518003665,0.433853381130027,0.0000137803510421801,0.0000182954074633798,0.0124423487325254,0.191303019388395,0.101922754149645,26.5317243079966,1.87694122852607,0.0715644670602424,-0.037117503335349,0.0341063164725001,85945.1970387129,-1.08828824611643,0.276470929501908,-0.0198302323590894,0.66669333579945,48.3563315042581,-0.0297441586622587,0.976393518003665,0.557432376625711,0.706461808038721,49.4159434123453,0.789048141432095,0.433853381130027,0.243706742607222,0.108880775178971,2.23828992957326,0.0252021544017645,0.139949526298675,0.108878263920015,1.28537617390268,0.19866086302039,0.103757216308547,0.0730578053559568,1.42020713328323,0.155547387568648,-0.577262608984798,0.969188823608323,-0.595614182627107,0.551432999815496,0.53760214426662,0.973555136921468,0.552205133410935,0.580807817706958,-1.11486475325142,1.41292361607744,-0.789048141432095,0.430083869901291
0,633529.800171819,0,0.814980618993946,0.902733665359913,0.497117666983981,0.000000637162583596372,0.000308572314601092,0.00945054424184651,0.19690935938391,0.102069491341126,23.7800081327043,1.92916959609234,0.0657269196152115,-0.00799062196758526,0.0341470328676903,85941.847063895,-0.234006333684879,0.814980618993946,0.0804605115808517,0.654977356676752,48.8902228253579,0.122844722432994,0.902733665359913,0.498699348158028,0.728963020537143,49.0553015842181,0.68412160028441,0.497117666983981,0.215975167445693,0.109080737143341,1.97995698508971,0.0477083623144692,0.173582277327177,0.109078452239651,1.59135258855533,0.111530247902031,0.0423928901185168,0.0737377479291754,0.57491435945718,0.565349217968735,-0.418238836577175,0.977805168727099,-0.427732282415357,0.668846043769718,0.579159859738878,0.982172030832869,0.589672523303029,0.555410219736741,-0.997398696316053,1.45792604107428,-0.68412160028441,0.493898383171439
0,633347.913216722,0,0.944965069834471,0.924562056659713,0.580168722750529,0.0000000554484014553303,0.000185122962071858,0.00624848399595588,0.20314618801927,0.102108591143741,22.1890242868247,1.98951122274614,0.0591100916735259,-0.00235470501857054,0.0341108130000174,85940.8853583476,-0.0690310435746383,0.944965069834471,0.0616153052727962,0.647367892701861,48.9253792757938,0.0951781915158596,0.924562056659713,0.404789936016133,0.726966720810558,49.3098288359562,0.556820449173791,0.580168722750529,0.214588339171239,0.109068907630431,1.96745657248489,0.0491305978112526,0.188440824977503,0.109066521854613,1.72776046923635,0.0840311773330978,0.0261475141937354,0.0736269864045655,0.355134923627867,0.722488514385079,-0.343174630743336,0.97125926811361,-0.353329581513135,0.723841371037042,0.466405241288928,0.975595734635005,0.478072243175009,0.632598787093474,-0.809579872032263,1.45393344162111,-0.556820449173791,0.577650110801138
0,633440.103534314,0,0.849664950419621,0.897314266529793,0.460656961569927,0.000000418041934318332,0.000343922372567202,0.0110309662580814,0.19839335385658,0.10881690547592,24.2120054505773,1.823185037186,0.0806467161057885,-0.00646902800522359,0.0341289737564311,85943.2105665936,-0.189546514096534,0.849664950419621,0.0857020450329532,0.660632930967989,48.9161328935719,0.129727176796014,0.897314266529793,0.526292723542546,0.707807789478835,49.5670637253598,0.743553167068224,0.460656961569927,0.216529456578722,0.115346156151914,1.87721432427749,0.0604887250541153,0.175718379970961,0.115343599547738,1.52343416244987,0.127650120533338,0.0408110766077605,0.0731308166965995,0.558055802618408,0.576806279689805,-0.440590678509592,0.966031172377051,-0.456083293280753,0.648330083424548,0.611994768575498,0.970380980155914,0.630674736099184,0.528253221221962,-1.05258544708509,1.41561557895767,-0.743553167068224,0.457146845164348
0,633359.939042072,0,0.95168080712211,0.811477222844218,0.458765298814789,0.0000000427234936532665,0.00116920094812578,0.0110443864096617,0.198733213877453,0.109100202579404,26.1669178129878,1.82156594744005,0.0799727478971183,-0.00206713852965141,0.0341132414731142,85946.1464538643,-0.0605963678731789,0.95168080712211,0.162528515274267,0.677745622245056,49.127929429469,0.23980754716775,0.811477222844218,0.529761717151675,0.709499710040817,49.9219918134024,0.746669392044146,0.458765298814789,0.210524882257192,0.115685684666547,1.81980063362213,0.0687893712177596,0.178333863021321,0.115683446014223,1.54156769326698,0.123178681302543,0.0321910192358702,0.0731490611425928,0.440074263880418,0.659883321116798,-0.367233201877407,0.97898371131647,-0.375116764081372,0.707573629919025,0.69229023242594,0.983386407785719,0.703985968226633,0.481441512033039,-1.05952343430335,1.41899942008163,-0.746669392044146,0.455263149956957
0,633459.930751981,0,0.96832148706026,0.910289698352996,0.371901651696569,0.0000000183517988996586,0.00025896504559325,0.0159144801417937,0.18562303134483,0.109103702799856,26.3683208034636,1.70134492763591,0.100643169217769,0.00135553684193675,0.0341327427856301,85941.24202059,0.0397136805105341,0.96832148706026,-0.0747966531593715,0.660451708205563,49.5140630647781,-0.113250752825809,0.910289698352996,0.649861758283466,0.72128329673766,50.196171830163,0.900979907926287,0.371901651696569,0.203456833367588,0.115674429448648,1.75887475163999,0.0785987845052118,0.171750539370381,0.115672023732236,1.48480621181106,0.137595165934961,0.0317062939972074,0.0735029735478329,0.431360698306636,0.666206122048241,-0.724658411442835,0.975792432028489,-0.742635818497185,0.457702196771842,0.575065105124093,0.980163882034378,0.586703015347308,0.55740318228353,-1.29972351656693,1.44256659347532,-0.900979907926287,0.367599002568679
0,633802.764000454,0,0.73718839864165,0.545714220936891,0.389981905226807,0.00000131050370684882,0.00736880545636838,0.0147019572381912,0.170754407094506,0.113792403448315,24.5015254387473,1.50057826287203,0.146242120330833,-0.0114768184608446,0.0341999438776686,85931.7021631238,-0.335580037847332,0.73718839864165,-0.387588994073697,0.637110436331776,49.8544882638702,-0.608354489223685,0.545714220936891,0.646802338854553,0.74591266324793,50.391776348291,0.867128781589763,0.389981905226807,0.209622456365385,0.120137713368854,1.74485139168406,0.0810107404097878,0.152413481859068,0.120135205491073,1.26868290802893,0.204554180887733,0.0572089745063176,0.0742943656960229,0.770031131840998,0.441281425825136,-1.03439133292825,0.978804864317656,-1.05679014340549,0.290607373713389,0.259213344780856,0.983123520286772,0.263663048876345,0.792039570938006,-1.2936046777091,1.49182532649586,-0.867128781589763,0.385871452321746
0,634346.136353007,0,0.574931165629937,0.480906241227185,0.342089929795601,0.00000366002339191229,0.00991657299922751,0.0179171971919569,0.163286317615617,0.113584392026513,22.9706820377957,1.43757707113054,0.164038085157395,-0.0192401759483903,0.0343080696140355,85929.0603445188,-0.560806135840389,0.574931165629937,-0.44627205578536,0.62844620368174,50.3469713530441,-0.710119741627659,0.480906241227185,0.716152659321353,0.746699730428696,50.4193522134375,0.959090555597489,0.342089929795601,0.21330811620255,0.119934350876209,1.77854063197221,0.0753151047671585,0.136899560226256,0.11993162397481,1.1414800841437,0.253670195159235,0.0764085559762942,0.0744871162434506,1.0257955983497,0.304987941295764,-1.16242471510671,0.973818875404465,-1.19367650850258,0.232604533126773,0.269880603535992,0.978103795409531,0.275922253653043,0.782607781214968,-1.4323053186427,1.49339946085739,-0.959090555597489,0.337513127810576
0,634551.123982988,0,0.54111058486474,0.477835374545643,0.272772976821117,0.00000434654026324564,0.01004957037518,0.0236788080149978,0.153711643173884,0.118213926833133,22.1227337272031,1.30028370845728,0.206887757085928,-0.0209917453829979,0.03434868059887,85927.3436270923,-0.611136876788463,0.54111058486474,-0.445875566625006,0.623496390767665,50.3762010439679,-0.715121327448314,0.477835374545643,0.811507042282108,0.731914300560626,50.6870481891488,1.10874598523422,0.272772976821117,0.207999546558901,0.124257378369472,1.67394121208985,0.0941421536342188,0.123037782500162,0.124254330139413,0.990209213329733,0.322071870173589,0.0849617640587395,0.074141082588799,1.145947173849,0.251817010503075,-1.25738260890711,0.959357258439241,-1.3106510612665,0.189975679695036,0.365631475657102,0.963600662105858,0.379442947722814,0.704358963126001,-1.62301408456421,1.46382860112125,-1.10874598523422,0.267539778040332
0,634958.656643607,0,0.736472689178819,0.560913901103216,0.294764379444538,0.00000131806966069545,0.0067778328654015,0.0213602467218606,0.145657705254907,0.122326500802479,21.2627886377336,1.19072894507218,0.246884008768471,-0.01158658494609,0.0344296613268552,85922.4125051448,-0.336529158277036,0.736472689178819,-0.360906851766278,0.616534372019523,50.2147396498668,-0.585379936862384,0.560913901103216,0.787737652186465,0.744173162680306,51.3371540659669,1.05854079627012,0.294764379444538,0.187661005543516,0.128217234068046,1.46361764007422,0.143298450001211,0.122768414457595,0.128214199923736,0.957525878807653,0.338301890796009,0.064892591085921,0.0746089958539061,0.869768991570251,0.38442666042699,-1.14864450395274,0.964274564132047,-1.19120066698705,0.233574817780436,0.426830800420185,0.968499468682443,0.440713510148695,0.659420414648082,-1.57547530437293,1.48834632536061,-1.05854079627012,0.289808961835252
0,635111.615675923,0,0.631496659591575,0.537990822793246,0.233490354810796,0.00000267729785209555,0.00761167702875137,0.0272501580573347,0.12710089198369,0.120543442243143,23.5952186946823,1.05439905828573,0.302378121107925,-0.0165280080419176,0.0344604108195031,85921.5845286297,-0.479623070325193,0.631496659591575,-0.3798032991687,0.612472673446363,50.1354971207972,-0.620114685332097,0.537990822793246,0.857205995421014,0.711094231933031,51.8738200765429,1.20547454461949,0.233490354810796,0.176385561864939,0.126377610362062,1.39570261978848,0.162804065083532,0.0979310074815732,0.126373835073204,0.774931040312616,0.438380409143476,0.0784545543833654,0.0737528298017294,1.06374975162683,0.287442079847604,-1.23700929458971,0.93642032996805,-1.32099790553663,0.186502062584227,0.477402696252313,0.940570321898604,0.507567254821143,0.611756859595859,-1.71441199084202,1.42218846386606,-1.20547454461949,0.228020159154447
0,635130.27785249,0,0.806914882732115,0.387459994806757,0.164931291913053,0.000000695285837149424,0.0149176311459894,0.0367291194935187,0.103644073588463,0.121539809037473,28.3368457733569,0.852758239537037,0.400943968105261,-0.00842321625309403,0.03446365049489,85915.1320101661,-0.244408706916958,0.806914882732115,-0.525764715086772,0.603068185561752,50.1906382302417,-0.871816367824191,0.387459994806757,0.974313892159867,0.691739114016688,52.0296659948819,1.40849906043677,0.164931291913053,0.151790166528826,0.127224282534236,1.19309115764107,0.23283367414121,0.0833430373578184,0.127219827479633,0.655110441579252,0.512396649841041,0.0684471291710073,0.0732444179370408,0.934503011954341,0.350044483040528,-1.50007860724664,0.915683873352294,-1.63820577264825,0.101378775838055,0.448549177073095,0.91973448379258,0.487694204117992,0.625766457693816,-1.94862778431973,1.38347822803337,-1.40849906043677,0.158983344984834
0,635232.511662998,0,0.979205095356065,0.251025233110304,0.120159028789643,0.00000000790956790535968,0.0260888902031672,0.0456825431398833,0.0905364692839147,0.122044049937533,30.2066594159839,0.74183435677737,0.463917040456074,-0.000898822187472604,0.0344831135895889,85897.7644338377,-0.0260655751151188,0.979205095356065,-0.670036733020192,0.577005871054348,50.3385238070278,-1.16123035593356,0.251025233110304,1.10856930006916,0.701635966261241,52.1488341572679,1.57997787082712,0.120159028789643,0.138533722037849,0.127664749103355,1.08513683699558,0.277861054212029,0.078025072261973,0.12765973246114,0.611195642962234,0.541070067511783,0.060508649775876,0.0735423327140068,0.822773055230428,0.410637062046923,-1.77860603308935,0.906468806094346,-1.96212602257406,0.0497478139676664,0.438532567048971,0.910369107748582,0.481708532634086,0.630013013790153,-2.21713860013832,1.40327193252248,-1.57997787082712,0.114111934357146
0,635536.907918224,0,0.851938942981471,0.149133967067476,0.113692762523168,0.000000405557257656288,0.0406152701146187,0.0475674122793451,0.0855287356067186,0.118342105453742,30.836635423685,0.722724471385632,0.475295288030277,-0.00644757820935107,0.0345444939933924,85898.0317809713,-0.186645611615685,0.851938942981471,-0.842254798014664,0.574971902823904,50.6870712678914,-1.46486253306993,0.149133967067476,1.11894264819895,0.695431744326831,51.835984683535,1.60898989343961,0.113692762523168,0.143909861790813,0.124111968777763,1.15951638837106,0.246245760315862,0.0717543164567389,0.12410661255248,0.578166746968434,0.563151546901487,0.0721555453340741,0.0734764837794738,0.982022296421203,0.326088863967738,-1.96119744621361,0.900405317654681,-2.17812734749503,0.0293965571016356,0.276687850184286,0.904271123086413,0.305978863109008,0.75962073925038,-2.2378852963979,1.39086348865366,-1.60898989343961,0.107618551555556
0,635571.311238323,0,0.74549823360336,0.102597614104244,0.0630601508923644,0.00000122638450541695,0.0521574368239769,0.0656936547294052,0.0696358314550389,0.116309080058151,33.5058361534611,0.598713629410731,0.553390383881717,-0.0112149483894116,0.0345519714101995,85905.6459590622,-0.324582011725706,0.74549823360336,-0.973423644802704,0.585443767496944,50.2404331148217,-1.66271074840298,0.102597614104244,1.28379237293007,0.675690477220867,51.3404724138376,1.89997109062472,0.0630601508923644,0.140623056507672,0.122133850188327,1.15138478227646,0.249573971569482,0.050202154623378,0.122128304825543,0.411060766749286,0.68102797729452,0.0904209018842942,0.072971270926164,1.23913014994335,0.215297303093785,-2.25721601773277,0.89209271221374,-2.53024824306821,0.0113981850903812,0.310368728127362,0.895976921929958,0.346402591998485,0.729040177426757,-2.56758474586013,1.35138095444173,-1.89997109062472,0.0574369135606255
0,635699.589908283,0,0.49546736839493,0.146616028305523,0.0415168978603757,0.00000540785073523896,0.0425150822085206,0.0785256199674371,0.0605323609563843,0.115755213106758,34.2123124859915,0.522934210319813,0.604390524388586,-0.0235701706899702,0.0345785332518137,85918.2209324932,-0.681641714480006,0.49546736839493,-0.897623185285159,0.608567423845643,48.9958887235918,-1.47497738149197,0.146616028305523,1.38556558235504,0.662690873459103,51.2984314234194,2.09081735971809,0.0415168978603757,0.144562580494859,0.121640163623709,1.18844447580702,0.234658342788595,0.0240412169416408,0.121634918231679,0.197650619502611,0.843318427335236,0.120521363553218,0.072677171094676,1.65831115517988,0.0972546785924645,-2.28318876764019,0.897733904510905,-2.54328009242794,0.0109817159039517,0.487942397069876,0.90172104497778,0.541123443649804,0.588422500368636,-2.77113116471006,1.3253817469182,-2.09081735971809,0.036544439338118
0,635898.924239363,0,0.31383553612859,0.204533534422143,0.0442222891328453,0.0000118063592410155,0.032820181129224,0.0770533159443208,0.0769605387287482,0.111474233493291,32.6014470313516,0.690388588618373,0.494835962158186,-0.0348690590257301,0.0346193691626557,85925.2955278451,-1.00721243249411,0.31383553612859,-0.794644316726464,0.617938270890435,48.7328296496611,-1.28596067626852,0.204533534422143,1.34866511813933,0.653734906705319,50.9788671886586,2.06301530529601,0.0442222891328453,0.168585567723347,0.117581140756151,1.43378067808488,0.151634860546689,0.0274207152041503,0.117575815484519,0.233217308263201,0.815592666330557,0.141164852519197,0.0725159169234225,1.94667403389891,0.0515738265541808,-2.14330943486579,0.897560440425777,-2.38792769637783,0.0169436748641921,0.554020801412868,0.901564931402515,0.614510150201837,0.538878267801147,-2.69733023627866,1.30746981341063,-2.06301530529601,0.0391111740497652
0,635980.926755783,0,0.579161586809416,0.265521926169118,0.0457488021366194,0.00000357956040352192,0.0255302333563911,0.0769819474911665,0.0863071286554026,0.11066308798464,30.7604582791141,0.779908912964568,0.441404506355556,-0.0192096630148491,0.034636225430594,85930.4581955185,-0.554611906350548,0.579161586809416,-0.705318685304395,0.626138109192411,48.4333031382567,-1.12645864378725,0.265521926169118,1.31503312330937,0.641958354000351,50.3130882993779,2.04847108089608,0.0457488021366194,0.15901677851812,0.116800983981092,1.36143355216821,0.17337671900157,0.0509519041224319,0.116795592581431,0.436248517570623,0.662656429952843,0.108064874395689,0.07224884771745,1.49573145883665,0.134723648909871,-2.02035180861376,0.894748433975091,-2.25801100275522,0.0239449734775401,0.60971443800497,0.898745881774648,0.678405821232848,0.497514419181547,-2.63006624661873,1.2839167080007,-2.04847108089608,0.0405138629108847
0,636185.393857016,0,0.971707614185499,0.241733150181263,0.0514603536997999,0.0000000146379227382975,0.0284267663544804,0.0732411451567494,0.0831981461983921,0.112908112963444,29.1049593516052,0.736865970165747,0.467102574670837,-0.00122989918862938,0.0346774934602656,85933.8315307745,-0.0354667845309705,0.971707614185499,-0.753442984073895,0.635657791953477,48.0177844886566,-1.18529654416482,0.241733150181263,1.27702069371028,0.640090026043439,50.364597551863,1.99506419683474,0.0514603536997999,0.138195799890661,0.118966445837803,1.16163678688926,0.245383032684283,0.0681036317185261,0.118961291067341,0.572485647284833,0.566993006704545,0.070092168172135,0.0722685441626552,0.969884878466324,0.332103878270144,-2.03046367778417,0.900076325399812,-2.25587944098213,0.0240781824040822,0.523577709636387,0.904109920461933,0.579108466555569,0.562515987578462,-2.55404138742056,1.28018005208687,-1.99506419683474,0.0460358786331098
0,636310.852425466,0,0.859993687823877,0.249091853582369,0.0586068255383311,0.000000362052361014856,0.0273249166118694,0.0693220706293457,0.0916839738984589,0.11110628449636,32.3481818750612,0.825191611024151,0.415306977773447,0.00612094521923602,0.0347026335951116,85929.1616309897,0.176382729064639,0.859993687823877,-0.729321786790432,0.625180683166537,48.4435787225887,-1.16657760936634,0.249091853582369,1.24340822187585,0.642538048281449,50.275645859049,1.93515111704514,0.0586068255383311,0.137801965020938,0.117233430887492,1.17544939167723,0.239814972996696,0.0841916378077389,0.117227928601299,0.718187541247796,0.472641658817886,0.0536103272131986,0.0723715737517909,0.740764977656328,0.458835953683621,-1.97273000866628,0.89449898690781,-2.20540217209837,0.0274258857644301,0.514086435085418,0.898489634113113,0.57216735237337,0.567208603113074,-2.48681644375169,1.28507609656289,-1.93515111704514,0.0529717543099661
0,636108.264078579,0,0.924343784394472,0.30137785298919,0.0686990923854258,0.000000104968141085632,0.0219160769256236,0.064332585316061,0.102385519478447,0.113256170797839,37.0224646405103,0.904017138820665,0.371831416509471,0.00329151207564075,0.0346606950771337,85912.9869088967,0.0949638219405536,0.924343784394472,-0.624196977017093,0.597561397947542,48.6958058443872,-1.04457379469463,0.30137785298919,1.21612058460625,0.6537424922499,50.3303964103842,1.86024405484319,0.0686990923854258,0.14782659195713,0.119209075365889,1.24006155993916,0.214952625562681,0.0900025806560078,0.119203125400315,0.755035409967281,0.45022773606094,0.0578240113011217,0.0725866749275429,0.796620197286107,0.425671643743827,-1.84031756162334,0.883755620859415,-2.08238286488487,0.0373075123203627,0.591923607589152,0.887633789115559,0.666855650210147,0.504864341868173,-2.43224116921249,1.3074849844998,-1.86024405484319,0.0628510047264954
0,636110.306153578,0,0.885072102387558,0.417389168172256,0.129290678992765,0.000000243190653366499,0.0134698116011695,0.044610496215721,0.119579012117107,0.115581614481522,36.9213754863153,1.03458506487833,0.307591906710635,0.00500997533517569,0.0346608133654605,85910.5878500318,0.144542924666855,0.885072102387558,-0.488560935824039,0.597354642764065,48.9916254594168,-0.817874175319677,0.417389168172256,1.03041176508191,0.668274105369087,50.9161740928029,1.54189988330135,0.129290678992765,0.154792239084752,0.121474402289198,1.27427866420971,0.202564675134346,0.110240490267185,0.12146883480487,0.907561930961773,0.364109715208059,0.0445517488175671,0.0729542898209759,0.610680316769494,0.541411239296155,-1.51897270090594,0.8943703204274,-1.69837109552122,0.0894377439233625,0.541850829257867,0.898302525998817,0.603194150718196,0.546379538457092,-2.06082353016381,1.33654821073817,-1.54189988330135,0.123097924329281
0,636195.698484327,0,0.958896074504745,0.36491740550583,0.106294256234034,0.0000000309173891909082,0.0168512591614128,0.0505598822483577,0.105912497171283,0.114059305537888,35.3073983455765,0.928573926272954,0.359415006141644,0.00178729411601173,0.0346784188431345,85915.3274238991,0.0515390890252648,0.958896074504745,-0.551300514454679,0.602801235507524,48.7995028335616,-0.914564340583203,0.36491740550583,1.08393557032818,0.659210424922741,50.7715389563305,1.64429373284746,0.106294256234034,0.147427121392489,0.120014541597123,1.22841048618414,0.219292913412083,0.0935953326665473,0.120008890772317,0.779903322697301,0.435447782549896,0.0538317887259422,0.0727519879114736,0.739935639854212,0.459339047616599,-1.63523608478285,0.891299508076931,-1.834665081675,0.0665553291176987,0.532635055873496,0.895232156825395,0.594968636696749,0.551864435767037,-2.16787114065635,1.31842084984548,-1.64429373284746,0.100115543264146
0,636302.551849911,0,0.88619300376396,0.106333432534382,0.0633235606049438,0.000000238415772857013,0.0530080290390331,0.0671931702740428,0.1115612665002,0.115877725107542,31.4146474717185,0.962749884817503,0.343025750798917,-0.00496639245985653,0.0347000558682899,85918.4901551648,-0.143123471579047,0.88619300376396,-0.999208505301028,0.60720830524364,48.3772835447973,-1.64557779706274,0.106333432534382,1.24177506395041,0.653882711750058,50.0671354107728,1.89907921043961,0.0633235606049438,0.175870091782935,0.121743615154595,1.44459396543801,0.148571968811315,0.100171582986704,0.121738065750295,0.822845199398618,0.410596029414197,0.0756985087962314,0.0726525015293632,1.04192570390212,0.297446126011985,-2.24098356925144,0.890365619567204,-2.51692509234661,0.0118383995316011,0.242566558649384,0.894303145950872,0.271235273796866,0.786210084894122,-2.48355012790082,1.30776542350011,-1.89907921043961,0.0575540620929823
0,636143.582977236,0,0.234432500918429,0.138892044735023,0.0535662288787129,0.0000164533628188306,0.0444660852841103,0.0729564373890583,0.132635273682089,0.118205519529701,26.9235600693047,1.12207343793927,0.271738913292973,-0.0412215010352696,0.0346682760365328,85925.3465133016,-1.18902656110823,0.234432500918429,-0.932783092428381,0.6199537371461,48.6474382854006,-1.50460112833961,0.138892044735023,1.30957189467959,0.662292858116807,49.6815426239424,1.97733053985104,0.0535662288787129,0.233235523412044,0.124029123417238,1.88048997675677,0.0600413311448727,0.0814362054335646,0.124024273871083,0.656615055196479,0.511428465956385,0.151799317978479,0.0728106207501118,2.08485130897948,0.0370827996145761,-2.24235498710797,0.905154151026833,-2.4773183491057,0.0132373772235264,0.376788802251212,0.909200140291879,0.414417888376317,0.678568090501688,-2.61914378935918,1.32458571623361,-1.97733053985104,0.0480042797574165
0,636244.838645399,0,0.137718513531127,0.139465513792302,0.062862169871399,0.0000256404191713261,0.0438157428965379,0.067599822084934,0.138472657291165,0.121897287246326,25.8845438506832,1.13597816997637,0.26637442585553,-0.0514902846289883,0.0346886661152914,85928.8754483578,-1.48435470126914,0.137718513531127,-0.948624311277534,0.631544235912711,49.2370879281711,-1.50207104638771,0.139465513792302,1.28221486035367,0.673913341067256,49.9310039829996,1.90264056551109,0.062862169871399,0.249036745716667,0.127637336965644,1.95112771573806,0.0510418549763879,0.0781487180916928,0.127633071086165,0.612292076235746,0.540344531249848,0.170888027624974,0.0731377742096664,2.33652212514813,0.0194640458554601,-2.2308391716312,0.92150934452493,-2.42085355388477,0.0154841138052587,0.333590549076139,0.925653906338231,0.36038366693204,0.718560239114815,-2.56442972070734,1.34782668213451,-1.90264056551109,0.0570874621389805
0,636347.377284661,0,0.251431259578856,0.0773004348444374,0.0966999907149356,0.0000153082736605726,0.0618620245292391,0.0539800339080202,0.147136292239486,0.123968847387225,24.762122296621,1.18688118297894,0.246536769002298,-0.0398072022858606,0.0347088949785541,85922.8890335219,-1.14688762953867,0.251431259578856,-1.11451657306723,0.617729401879397,49.3649957234326,-1.80421487090689,0.0773004348444374,1.14746482200854,0.677871840735655,50.2169952497333,1.69274596325357,0.0966999907149356,0.24684196090666,0.129589516530423,1.90479884110619,0.0568062245994835,0.106456602856326,0.129585057011313,0.821519126599852,0.411350634041249,0.140385358050334,0.0732745160321331,1.91588243296989,0.0553800620035978,-2.26198139507577,0.915070037613203,-2.47192160391979,0.0134388983372384,0.0329482489413142,0.919155329136381,0.0358462252210099,0.971404974336112,-2.29492964401708,1.35574368147131,-1.69274596325357,0.0905038322902296
0,636721.100502645,0,0.265595084282512,0.083579473990939,0.127574814007704,0.0000144231345277062,0.0594116249988221,0.0454350600958264,0.162108306703094,0.123452636665994,24.154523479639,1.31312146164755,0.201480607927012,-0.0387249170655644,0.0347848008145374,85928.2629912227,-1.11327120347863,0.265595084282512,-1.11272799440567,0.630086247577037,49.3748970343565,-1.76599314567587,0.083579473990939,1.04799398211625,0.676451225612154,50.4265172188737,1.54925283957889,0.127574814007704,0.258050287070689,0.129146000716577,1.99812836354881,0.0457027454355717,0.125097580597406,0.129141734716787,0.968684375130544,0.332702690750236,0.132952706473283,0.073358264922474,1.81237528741703,0.0699282286385771,-2.16072197652192,0.922369336130939,-2.34257785019773,0.0191510381516185,-0.0647340122894218,0.926512108825975,-0.0698685010943345,0.944298324325282,-2.0959879642325,1.3529024512243,-1.54925283957889,0.121320951820556
0,637141.184672765,0,0.258263203298011,0.120567657586412,0.148629955120619,0.0000148734134895937,0.048115774962641,0.0408864624308134,0.162332433651686,0.122447048728058,23.4912147416045,1.32573577997954,0.197675654691211,-0.0394209421687091,0.0348699536275718,85927.8902163254,-1.13051318019359,0.258263203298011,-0.992274075354893,0.628149893632475,49.3666154531107,-1.57967721624015,0.120567657586412,0.993580340080232,0.677372311085104,50.4709621251313,1.46681569916636,0.148629955120619,0.254339853410384,0.128198182118103,1.98395834643016,0.0472604836203625,0.12287690090062,0.128193811971149,0.958524432741527,0.337798377202067,0.131462952509764,0.0735196505286209,1.78813353388542,0.0737544665166724,-1.98585441543512,0.921730550416111,-2.15448475103556,0.0312021765589294,0.00130626472533946,0.925863848424882,0.00141086049267582,0.998874296568905,-1.98716068016046,1.3547446221702,-1.46681569916636,0.14242619783574
0,637323.279504933,0,0.45251607440616,0.100802717848032,0.210615070468599,0.00000656743684245488,0.053108661401753,0.0310298275152544,0.160578928653179,0.122729644788929,23.2851773695026,1.30839561158466,0.203507581927469,-0.0262232306429164,0.0349070420831667,85930.5384569161,-0.751230384414668,0.45251607440616,-1.06292461114793,0.635741328223707,49.8400907844177,-1.67194511975145,0.100802717848032,0.866432521612749,0.683259601222191,50.2144894153335,1.26808685902533,0.210615070468599,0.23789255889257,0.128522365112083,1.85098180137836,0.0641721712619404,0.139558912698429,0.12851825749224,1.08590728991836,0.277520011361773,0.0983336461941414,0.0737296609368514,1.33370538999716,0.182300427638158,-1.92935713276067,0.93118287324081,-2.07194224486314,0.0382708276574019,-0.196492089535181,0.935371527646037,-0.210068495488284,0.833614213803732,-1.73286504322549,1.36651920244438,-1.26808685902533,0.204766933795411
0,637561.462296865,0,0.993679462617483,0.0550036034729229,0.351406579791639,0.000000000730281323721532,0.0709776602467221,0.0173636900657465,0.176867075832835,0.123257277246735,23.4219594674283,1.43494225885572,0.164522976890246,0.000276907084116398,0.0349554033527769,85930.8885972889,0.00792172475659332,0.993679462617483,-1.25412035875601,0.638439777542589,50.5060075537302,-1.9643518509815,0.0550036034729229,0.649705043932127,0.690707085713068,50.0720574531889,0.940637583385132,0.351406579791639,0.227004474598916,0.129072024645802,1.75874264947697,0.0786212297821754,0.193149220844258,0.129068074337688,1.49649107136216,0.134525732912145,0.0338552537546577,0.073999906801673,0.4575040053144,0.64730882405691,-1.90382540268813,0.938461592808481,-2.02866629521903,0.0424922910916488,-0.604415314823877,0.942683984391959,-0.641164297719273,0.521415942997787,-1.29941008786425,1.38141417142613,-0.940637583385132,0.346890615010921
0,637731.083097364,0,0.868608606012234,0.0506475567940394,0.493454673397245,0.000000318465742906004,0.0733138383655304,0.00934714997080771,0.184346907864811,0.124449977775919,21.9142416797053,1.48129321643384,0.15276493976824,0.00578825088130976,0.0349898433270947,85930.5984970522,0.165426601862706,0.868608606012234,-1.27251512369024,0.635607568763234,50.6634201989925,-2.00204526539276,0.0506475567940394,0.476324002893705,0.690481279645738,50.4363209385269,0.689843471408942,0.493454673397245,0.224868844086745,0.130207640020668,1.72700191825189,0.0841673189731395,0.211218721672833,0.130203662198166,1.62221797841112,0.104756683532058,0.0136501224139119,0.0740499099533007,0.184336786128711,0.853749257207902,-1.74883912658394,0.936382682902834,-1.8676542812202,0.0618102750834326,-0.79619112079653,0.940590362049458,-0.846480203201002,0.397284913096299,-0.952648005787407,1.38096255929147,-0.689843471408943,0.490292627752652
0,637892.402770169,0,0.929575058115028,0.0377493375287622,0.604592051462416,0.0000000909033638004898,0.0821907852319129,0.00532943724440429,0.183724314320112,0.123528956374231,22.8558770033888,1.48729755121964,0.150603103703368,0.00309527461481454,0.035022439741473,85926.1958050015,0.0883797541708428,0.929575058115028,-1.32935143004301,0.623140006658945,50.8203473473035,-2.13331099887249,0.0377493375287622,0.352857932059897,0.677187526770962,50.6733692624284,0.521063838464999,0.604592051462416,0.225174835325724,0.1292436020932,1.74225131208697,0.0814644788465144,0.212677654384909,0.129239000415886,1.64561512933806,0.0998430222751306,0.0124971809408143,0.0737619177615777,0.169425922211096,0.865461635261317,-1.6822093621029,0.918212215332402,-1.83204855480377,0.066944186949196,-0.976493497983106,0.922311854114713,-1.05874547055497,0.289715713531617,-0.705715864119792,1.35437505354192,-0.521063838464999,0.602322300807991
0,637770.061155183,0,0.841730964824846,0.0618083610322739,0.580278756057056,0.000000464049824671162,0.0668327096551521,0.00604298764481519,0.183374307992577,0.122214717088132,23.4180503023123,1.50042738191949,0.146866716576379,-0.00698828461316963,0.0349973373330029,85922.3896161737,-0.19968046559301,0.841730964824846,-1.16767150717278,0.611431813507323,50.9232062577421,-1.90973299291499,0.0618083610322739,0.369350898175056,0.663656355194326,50.9457194260922,0.556539382594936,0.580278756057056,0.231063760650044,0.12789559931526,1.80665919615011,0.0708154335087065,0.197525976282494,0.127890414135949,1.5444939921183,0.122468705589716,0.03353778436755,0.0733801027416707,0.457041937998061,0.647640902077088,-1.53702240534783,0.90038561779046,-1.70707125366982,0.0878088093883084,-0.798320608997724,0.904368829622862,-0.882737864075477,0.377377919218377,-0.73870179635011,1.32731271038865,-0.556539382594936,0.577842179661875
0,637624.925227934,0,0.326576349095891,0.118638725598318,0.644805798802611,0.0000112021986319267,0.0470910016884005,0.00421364880099053,0.184095659459966,0.120143703721556,24.4887697170609,1.53229552408859,0.138267604883888,-0.0343044335690336,0.0349674569757884,85914.0659472591,-0.981038843996751,0.326576349095891,-0.951747179861411,0.599618640393988,50.9807764995551,-1.58725415746924,0.118638725598318,0.320889911420652,0.691943514901845,50.8251505922231,0.463751598952656,0.644805798802611,0.252100197810462,0.125978387305826,2.00113847463742,0.0453774690826832,0.166496660766466,0.125973406730841,1.32168102052053,0.186274391296031,0.085603537043996,0.0740583596642173,1.15589296646759,0.24772493994579,-1.27263709128206,0.913597232867919,-1.39299578139818,0.163621066375476,-0.630857268440757,0.91760382493829,-0.687505055336036,0.491764516171929,-0.641779822841302,1.38388702980369,-0.463751598952656,0.642825724145018
0,637485.426051207,0,0.148363401805137,0.144204094615849,0.596944322120461,0.0000243160751286979,0.0417204143783945,0.00549694169803403,0.189395606324799,0.122932306689978,26.9371847231724,1.54064957718912,0.13506854296896,-0.050498506203968,0.0349386137469171,85909.597985136,-1.44534945117632,0.148363401805137,-0.887236729893215,0.598149342367328,50.5362938155233,-1.4833030266016,0.144204094615849,0.374716306063512,0.70419707872619,51.2273320710952,0.532118518215568,0.596944322120461,0.273311297861769,0.128676281952799,2.12402234284346,0.0336682753218708,0.152468912622619,0.128671505631404,1.18494698476122,0.236038408816976,0.120842385239151,0.074333506337019,1.62567852902386,0.104018059904968,-1.26195303595672,0.921928289036739,-1.36881908383054,0.171055833989719,-0.512520423829701,0.925959260872592,-0.553502130694951,0.579919621990864,-0.749432612127022,1.40839415745238,-0.532118518215568,0.59464391243386
0,637303.958408091,0,0.51438934840244,0.15064383525219,0.353664931753576,0.00000494833253938041,0.0403610917111361,0.0167518645706386,0.201402593612665,0.131476854915092,28.179369520649,1.53184827658626,0.136710673985411,-0.022756392284313,0.0349013162738923,85913.6527685421,-0.652021032838115,0.51438934840244,-0.892006254271373,0.611233656062945,50.6367965434171,-1.45935395641812,0.15064383525219,0.655434008547378,0.700273956420826,51.4188041479736,0.935967991580567,0.353664931753576,0.265136024329443,0.136881580183157,1.9369737255712,0.0527485552122123,0.18491075979824,0.136877241022027,1.35092407194621,0.176719756259445,0.0802252645312029,0.0741676981978545,1.08167391574144,0.279397447510076,-1.54744026281875,0.927456731357937,-1.66847704102925,0.0952210658588235,-0.236572245723994,0.931560198886548,-0.253952719326951,0.799532085338622,-1.31086801709475,1.40054791284165,-0.935967991580568,0.349289668159415
0,637495.462794885,0,0.794238171749086,0.145251067799392,0.249366483378793,0.000000791900037131936,0.041379385822879,0.025832084907593,0.215952111760021,0.136198001700805,31.7850847678764,1.58557474458705,0.122735864003969,0.00911246216802577,0.0349388246310934,85898.2245769556,0.260811926681593,0.794238171749086,-0.87630439767288,0.592382811988418,50.6953128993158,-1.47928734584894,0.145251067799392,0.835277895602804,0.716896444152212,51.1945213476608,1.16513047653708,0.249366483378793,0.252163255999992,0.141431595574541,1.78293439295245,0.0745969836769428,0.226150977450346,0.141427071150168,1.5990642782259,0.109806320918047,0.0260122785496451,0.0746721381884488,0.348353203493361,0.727574942313347,-1.71158229327568,0.927965354501795,-1.84444633085962,0.0651181205224465,-0.0410265020700759,0.93198504065201,-0.0440205585718136,0.964888016380048,-1.6705557912056,1.43379288830442,-1.16513047653708,0.243966182152066
0,638091.635102758,0,0.539654457087051,0.149060843420655,0.264940083839955,0.00000438053849538419,0.0408842339115199,0.0240415861960578,0.203079215169312,0.135907865083792,36.7574381133623,1.49424181627831,0.143648246056254,0.0215029519598332,0.0350588906401401,85875.7269144989,0.613338059682176,0.539654457087051,-0.830667172563292,0.566901934408214,50.367846568873,-1.46527489526107,0.149060843420655,0.818128953808662,0.725904889293323,51.5646740704631,1.12704703587976,0.264940083839955,0.225237258635935,0.14113367062432,1.59591440964847,0.110507903908233,0.224914185808075,0.141128428524789,1.5936844770334,0.11100672274708,0.000323072827859872,0.0751101577909182,0.00430132005259794,0.996568053721573,-1.64879612637195,0.919121616483981,-1.79388243819058,0.0728319350878481,-0.0125382187546303,0.922955512028244,-0.0135848571152438,0.989161185628931,-1.63625790761732,1.45180977858664,-1.12704703587976,0.259722594738494
0,638736.988963454,0,0.266273864397812,0.152223313357702,0.258300698369011,0.0000143933884883202,0.040357069819471,0.0247906370760094,0.185400470049439,0.131889001391886,39.8223268818502,1.40573109275847,0.167558622504746,0.0391208395400489,0.0351903691786416,85861.6812297106,1.11169164896948,0.266273864397812,-0.803996407105343,0.553037536554944,50.2561296242923,-1.45378270725294,0.152223313357702,0.831399011742382,0.72733082945544,51.4002450765916,1.1430823197263,0.258300698369011,0.189585768097106,0.137258393115447,1.38123260657472,0.167207452179451,0.223795674093022,0.137252473304842,1.63054019140308,0.102987377964391,-0.0342099059959162,0.0753605302858168,-0.453949910731383,0.649864879027332,-1.63539541884772,0.911856033897366,-1.79347984556057,0.0728962304724811,0.0274026046370384,0.915554410221018,0.0299300667782522,0.976122826764417,-1.66279802348476,1.45466165891088,-1.1430823197263,0.253004414230937
0,639090.530251073,0,0.184204030867549,0.17792071474977,0.218121733213978,0.0000205377443953158,0.0366798281187216,0.0294168882128312,0.192056726739787,0.125948211233271,38.9255598200255,1.5248864978644,0.135371976507841,0.0468274498023442,0.0352634338046872,85859.854932685,1.32793221617912,0.184204030867549,-0.751316900381997,0.549692930595433,49.062466260724,-1.36679381990262,0.17792071474977,0.884321844405265,0.709253305972155,51.2925119860811,1.24683499810149,0.218121733213978,0.188541857925021,0.131496252356622,1.43381924994858,0.151623850143504,0.235362135120628,0.131489648725026,1.78996702328122,0.0734592128984227,-0.0468202771956073,0.0749962620713489,-0.624301477199811,0.53242961398758,-1.63563874478726,0.895523311329235,-1.82646138195941,0.0677807931870493,0.133004944023268,0.899134661118103,0.147925499677514,0.882401563759411,-1.76864368881053,1.41850661194431,-1.24683499810149,0.212458004869749
0,639222.81260133,0,0.409623041997017,0.246180708532552,0.178417765775125,0.00000791783454066993,0.0282578292170817,0.0346995570250813,0.188966713661397,0.121623422540044,37.4865575799485,1.55370330578537,0.1286581793768,0.0291000619810093,0.0352915728279856,85868.9079191267,0.824561209636241,0.409623041997017,-0.65667079240548,0.559251357122212,47.4125769946157,-1.17419615355887,0.246180708532552,0.956327340559455,0.701035875130785,51.7691736013341,1.36416319689922,0.178417765775125,0.202579697265488,0.127362273858842,1.5905785216273,0.111704461361695,0.210131711404205,0.127355664553886,1.64995967898464,0.0989511831928191,-0.00755201413871676,0.0748236617779026,-0.100930828019795,0.91960537083773,-1.61299813296493,0.894937853583406,-1.80235770171789,0.0714891455622438,0.299656548153974,0.898617268669127,0.333464043705472,0.738784026708738,-1.91265468111891,1.40207175026157,-1.36416319689922,0.172516208385029
0,639145.952154989,0,0.599913701315893,0.409667428925411,0.157833736995064,0.00000320332300218076,0.0147111334540871,0.0378444868269253,0.199195277640618,0.121592968847023,35.085093694917,1.63821378431204,0.110315820925726,0.0185036331354351,0.0352768274298304,85888.0719993231,0.524526565554709,0.599913701315893,-0.48427263279103,0.582050324059501,46.3635010273087,-0.832011619568353,0.409667428925411,1.00282853480643,0.699834747828308,52.204148224791,1.4329504756921,0.157833736995064,0.22007087171141,0.127395253530364,1.72746523604946,0.0840841433797146,0.203967275612599,0.127389388405042,1.60113238760573,0.109347600132893,0.0161035960988118,0.0747637550202681,0.215393088461731,0.829460858160063,-1.48710116759746,0.908306835038115,-1.63722335914719,0.101583807930531,0.518555902015402,0.912184850474068,0.568476775015399,0.569711271575649,-2.00565706961286,1.39966949565661,-1.4329504756921,0.151871990841433
0,639192.957869422,0,0.365797528701679,0.358267932326009,0.113360952421686,0.00000952365448862947,0.0185841731872336,0.0472524133037257,0.216968930015066,0.12510739680746,31.9552986318446,1.73426140701321,0.0925104460528649,0.0319118004488188,0.0352859091285475,85880.0374661179,0.904378014820682,0.365797528701679,-0.530668706231743,0.571795534042848,45.4857385769425,-0.928074240943577,0.358267932326009,1.10941892124078,0.688964678113934,52.2818668136384,1.61026966473499,0.113360952421686,0.228487519325612,0.130684826162107,1.74838599121054,0.080397211999275,0.233555117984329,0.130678600536747,1.78724838669092,0.0738973519561902,-0.00506759865871732,0.0744987325685923,-0.068022615741167,0.945767631220364,-1.64008762747251,0.893453504654254,-1.8356720511239,0.0664061739038581,0.578750215009032,0.897209984285165,0.645055477698613,0.51889123462082,-2.21883784248155,1.37792935622786,-1.61026966473499,0.107338998692655
0,639100.882594401,0,0.797158795453027,0.241102215840039,0.176085183648709,0.00000076915232318704,0.0301295925513956,0.034981550892808,0.253810998711235,0.13236003657605,29.948224120945,1.91758030049654,0.0647457403790027,0.00906454885868684,0.0352669574243684,85890.2192096814,0.257026676546345,0.797158795453027,-0.693766449619976,0.584095216911401,45.4129523981003,-1.18776259338075,0.241102215840039,0.925749525898703,0.6749353974181,51.899018158393,1.37161205270915,0.176085183648709,0.287632091363475,0.137627651718792,2.08992951468197,0.0366241318337315,0.256732512739589,0.137621794088097,1.86549313966395,0.0621123129156747,0.030899578623886,0.0741067864630089,0.416960174616529,0.676707537958396,-1.61951597551868,0.890676294063481,-1.81829918042396,0.0690184180061977,0.231983076278727,0.894486313705664,0.259347820893615,0.795366885485222,-1.8514990517974,1.3498707948362,-1.37161205270915,0.170184239741412
0,639329.840042157,0,0.631409352374951,0.179670194959579,0.219636022478398,0.00000267963674897963,0.0388820576257007,0.0293175130415074,0.290975385719268,0.1344234912065,29.2850443714085,2.16461708521075,0.0387042029160563,-0.016941662666196,0.0353138294785835,85890.5413477736,-0.479745836584233,0.631409352374951,-0.800349305153437,0.587385612123121,45.892316595328,-1.36256198421434,0.179670194959579,0.858118768398491,0.690510869051957,51.1333010442658,1.24273028399488,0.219636022478398,0.351834162100188,0.139683575784675,2.5187940681197,0.0117757505869219,0.272503957043686,0.139678113661604,1.95094241968271,0.0510638957609052,0.0793302050565017,0.0745801719594796,1.06369029424608,0.287469022706059,-1.65846807355192,0.90460111435371,-1.83336947880814,0.0667476433230443,0.0577694632450535,0.908488337363944,0.063588557903425,0.949297842773888,-1.71623753679698,1.38102173810391,-1.24273028399488,0.213967240347819
0,639705.581578907,0,0.993316134135628,0.172616266401669,0.231288965100103,0.000000000817349481858392,0.0406436442402265,0.0281713698807498,0.26850318100163,0.130633964185984,29.5534916643902,2.05538569295317,0.0487721379425311,-0.000296465000741591,0.0353899070272665,85857.8926201984,-0.00837710595038232,0.993316134135628,-0.769555631115001,0.555350821853621,45.32444750641,-1.38571079907007,0.172616266401669,0.874010069803667,0.721368615667128,50.6407476305216,1.21159979907828,0.231288965100103,0.31232213699026,0.136073817156178,2.29524050634807,0.0217193450078562,0.265440707094806,0.136067755833027,1.95079800846084,0.0510810788600169,0.0468814298954542,0.0755182802289725,0.620795782866201,0.534733998307088,-1.64356570091866,0.908531531717885,-1.80903539782593,0.0704455042429734,0.104454438688666,0.912219757449018,0.114505784199159,0.908836861431452,-1.74802013960733,1.44273723133425,-1.21159979907828,0.225665611525659
0,639897.027546947,0,0.808721230019146,0.240015318948303,0.243827227847819,0.000000682748906176359,0.0304399047192225,0.0269239481977228,0.252291311882777,0.127114734970108,29.3531057187592,1.98475268773605,0.0565883190775981,0.0085764087920771,0.0354284617923145,85831.1721462086,0.242076803739122,0.808721230019146,-0.636508220432145,0.534591630618787,45.1538896353062,-1.19064381852628,0.240015318948303,0.874464471880063,0.741505962651323,50.2646984745894,1.17930875262733,0.243827227847819,0.283726260925283,0.132725479288368,2.13769249466292,0.0325417090577489,0.254566512999758,0.132718879736878,1.91808816880046,0.0550998323916144,0.0291597479255251,0.0761266960779776,0.383042341620295,0.701688369770049,-1.5109726923122,0.912365999807328,-1.65610368276688,0.0977008236867562,0.237956251447918,0.915874931825193,0.259813041256309,0.795007990857092,-1.74892894376012,1.48301192530264,-1.17930875262733,0.238275254261782
0,640098.559494955,0,0.339921129966609,0.384305258527963,0.200890291315987,0.000010607838205659,0.0167996936846438,0.0324691831940925,0.278562165952507,0.127049144031594,30.1673140080046,2.19255444871975,0.0361876449626857,0.0338509345412533,0.0354710234846215,85854.367341982,0.954326411131875,0.339921129966609,-0.486265669100992,0.553498794413318,45.170458769511,-0.878530674337621,0.384305258527963,0.945669747297781,0.729635440084067,50.0565131078076,1.29608527128126,0.200890291315987,0.282629640283269,0.132677442392736,2.13020114939104,0.0331550102195552,0.300247836980447,0.132671240044928,2.26309663555394,0.0236297329153375,-0.0176181966971782,0.0758689970645032,-0.232218658198412,0.816368186670144,-1.43193541639877,0.913978543705853,-1.56670572439566,0.117183492145847,0.459404078196788,0.917660505488088,0.500625313445781,0.616634843939998,-1.89133949459556,1.45927088016813,-1.29608527128126,0.194946108740954
0,640415.831437693,0,0.175456468255821,0.453298582779853,0.126351465548512,0.0000213800638225894,0.0123464548360585,0.0461869456641433,0.303865997262739,0.134259824062208,28.5028642215642,2.26326825158021,0.0314179181083591,0.0481476492522445,0.0355362298092119,85859.6658694063,1.35488906703781,0.175456468255821,-0.422627298682128,0.558751270154241,45.7657306188367,-0.756378233494599,0.453298582779853,1.12155573767429,0.721426570290857,49.9115980114148,1.55463602792188,0.126351465548512,0.296609133359634,0.13959398023165,2.12479888364401,0.0336033980283252,0.333505650959824,0.139587995020463,2.38921442285157,0.0168844447692378,-0.0368965176001905,0.0757524296479644,-0.487067118132784,0.626210767619244,-1.54418303635641,0.910646432902127,-1.69569986831802,0.0899427334881601,0.698928438992155,0.91435312143823,0.764396623804135,0.444630920110283,-2.24311147534856,1.44285314058171,-1.55463602792188,0.120032778205624
0,640587.249231675,0,0.236263470481717,0.429001489875953,0.0897208763640888,0.0000163364372335576,0.0133598345848415,0.0568185437928779,0.332711907426323,0.144054168407511,24.4980664040601,2.30963054456795,0.0296352435545785,0.0421301726171096,0.0355713111782344,85866.2083828678,1.18438627145373,0.236263470481717,-0.450498657863003,0.564679626799702,47.0046123353665,-0.797795132819268,0.429001489875953,1.26122126915047,0.728764454141714,49.7179672118652,1.73062950859183,0.0897208763640888,0.335908985831544,0.149083935656536,2.25315346252611,0.0242494745243999,0.353373715545613,0.149078555289437,2.37038596771705,0.0177695244015171,-0.0174647297140688,0.0760025149091418,-0.22979147117628,0.818253812418454,-1.71171992701347,0.920041840204669,-1.86048052622551,0.06281757110843,0.810722611287465,0.923820563399104,0.877575844712196,0.380173942651903,-2.52244253830093,1.45752890828342,-1.73062950859183,0.0835178651477841
0,640715.935427375,0,0.323902829377678,0.373173264017734,0.103429467938584,0.0000113316881400903,0.0166433737865276,0.0527275383300491,0.353343857484922,0.149358390194177,23.1019293275075,2.36574495095688,0.0267588404789449,0.0351165872869432,0.0355980489262732,85876.1727000144,0.986475055407469,0.323902829377678,-0.518254281031005,0.57648999261855,47.7498413252457,-0.898982267978279,0.373173264017734,1.2266328355674,0.739344524762054,49.4507480963328,1.65908151678296,0.103429467938584,0.364432805981908,0.154284138299352,2.36208861130503,0.0181722980039297,0.369702205147741,0.154279357909653,2.39631672154249,0.0165607733681224,-0.00526939916583237,0.0763267769430824,-0.0690373598476693,0.944959881569147,-1.7448871165984,0.935579436008778,-1.86503363524338,0.0621766897259274,0.708378554536396,0.939485601107017,0.754006824268193,0.45084512401446,-2.4532656711348,1.4786890495241,-1.65908151678296,0.0970993672222242
0,640881.95913492,0,0.5654959641421,0.292481104520975,0.130738402092041,0.00000384568111755609,0.0231751572502337,0.0455696534752779,0.37637175528385,0.150724613161897,23.0919733148349,2.49708224415597,0.0200905074275801,0.0204780921421497,0.0356326872829993,85882.9379483489,0.574699628448174,0.5654959641421,-0.623324800578261,0.585588470469802,47.7570822237084,-1.06444172317495,0.292481104520975,1.13357350182556,0.737664189678204,49.459586630707,1.53670669891142,0.130738402092041,0.402417261492692,0.155630279815904,2.58572600376169,0.0097174143282762,0.383338191342397,0.155625702918942,2.46320616808433,0.0137700710248016,0.0190790701502951,0.0763344184943857,0.249940597264108,0.802633287263276,-1.75689830240382,0.939849971896591,-1.86933910191905,0.0615756512727791,0.510248701247298,0.94382554388377,0.540617600947379,0.588771183624942,-2.26714700365112,1.4753283793564,-1.53670669891142,0.124365149933033
0,640914.082982313,0,0.979837950897287,0.158302651721686,0.141140471800531,0.0000000074369915576316,0.040757831999601,0.04345169013134,0.39698347551477,0.149598670456671,22.2549824141585,2.65365644161758,0.0144240403169334,0.000900680460634223,0.035639257094554,85878.9855662061,0.0252721446534264,0.979837950897287,-0.829495389786488,0.578862410828195,48.3275125554701,-1.43297504600395,0.158302651721686,1.10884136426991,0.741403426714715,49.2413435312472,1.49559784095331,0.141140471800531,0.447410979782473,0.154536315777862,2.8951834235883,0.00378937037852741,0.390486926494306,0.15453161298793,2.52690642997952,0.0115072156562112,0.0569240532881677,0.0764473445074182,0.744617797451996,0.456502805712903,-1.9383367540564,0.938651230763237,-2.06502339796678,0.0389207864708014,0.279345974483425,0.942579084541427,0.296363434182639,0.76695254695095,-2.21768272853982,1.48280685342943,-1.49559784095331,0.13475848613091
0,641221.743351277,0,0.506281505940045,0.131155113275206,0.170393922873061,0.00000514434228256964,0.0467629148047963,0.0380291149651212,0.382680445588738,0.148657245515855,22.8646827855033,2.57424684724111,0.0170029916145869,0.023729498850213,0.0357026959532896,85870.3076032283,0.664641652867297,0.506281505940045,-0.877064082298096,0.57109805880138,48.0773631782417,-1.53575041760582,0.131155113275206,1.04090800195366,0.748102971361783,48.9719778579688,1.39139669510854,0.170393922873061,0.409739864215454,0.153638264570958,2.6669128641857,0.0076551516498541,0.402071270595463,0.153633354190379,2.61708320250057,0.00886847213279309,0.00766859361999097,0.0767313124066087,0.09994086350764,0.920391274347316,-1.91797208425175,0.939238967499015,-2.04204909572575,0.0411466615514868,0.163843919655567,0.943107766368957,0.173727675137677,0.862079486630699,-2.08181600390732,1.49620594272356,-1.39139669510854,0.164105166251351
0,641723.89036784,0,0.40545434743406,0.162116726636249,0.217555194150578,0.00000806117980430345,0.0411314493836262,0.0307682257773437,0.386735203032666,0.151398884374351,23.4787750360267,2.55441250198661,0.0175666945993762,0.0297880872786758,0.0358062747314712,85854.8526227609,0.83192366427592,0.40545434743406,-0.797031358215431,0.561171241810883,47.0267607149312,-1.42029972106809,0.162116726636249,0.940711029780414,0.753127721114853,49.1473827012181,1.24907237299389,0.217555194150578,0.402963455337219,0.156301539365542,2.57811571768855,0.00993407246349025,0.412718576446034,0.156296372405391,2.64061519851243,0.00827556530401073,-0.0097551211088146,0.0770342557021226,-0.126633547892458,0.89923044330289,-1.73774238799584,0.937319550299415,-1.85394872798795,0.0637464956230402,0.143679671564982,0.941095698917455,0.152672753398254,0.878656348469454,-1.88142205956082,1.5062554422297,-1.24907237299389,0.211638604269586
0,641901.909439123,0,0.642149505392287,0.171935867088584,0.241826786334211,0.00000251533007501181,0.0390467288859652,0.0277849722495095,0.396150824443951,0.156117794973264,23.7117595996611,2.53751229647968,0.01816632293252,0.0166560670731716,0.0358428407340526,85850.7317406952,0.464697181698198,0.642149505392287,-0.774172927632662,0.558161623439645,47.3449461195923,-1.38700493749796,0.171935867088584,0.879132795800813,0.742054859572489,49.1121897724019,1.18472749616827,0.241826786334211,0.423275169317889,0.160839651261027,2.63165933275343,0.00849690147387924,0.410027498570504,0.160834326071032,2.54937803755535,0.0107915249821546,0.0132476707473848,0.0767924841451578,0.17251259540378,0.86303456010627,-1.65330572343347,0.926680471307158,-1.78411628886638,0.074404770973693,0.104959868168151,0.930399338504594,0.112811632408134,0.910179895890709,-1.75826559160162,1.48410971914497,-1.18472749616827,0.236125207310672
0,641914.560553884,0,0.479398816391774,0.254164733650067,0.221188957677383,0.00000582721119308621,0.0270398905130834,0.0302444412168776,0.407492757968441,0.163528846935615,24.6946871815547,2.49187079591456,0.0197920671235329,0.0253518148228619,0.0358444589565783,85844.1609244475,0.707272910816506,0.479398816391774,-0.639252798733509,0.553877495591484,47.930056694269,-1.15414113016246,0.254164733650067,0.918156996432986,0.740995482986746,49.2288269526343,1.23908582105272,0.221188957677383,0.423381980079299,0.168029957665462,2.5196815256136,0.0117461056926635,0.425459041793622,0.16802466271279,2.53212257608202,0.0113374350468278,-0.00207706171432234,0.0767673382727333,-0.0270565811067085,0.978414605327873,-1.55740979516649,0.923286639363793,-1.68681071377752,0.0916397546990449,0.278904197699476,0.926957902728713,0.300881190913263,0.763505093590407,-1.83631399286597,1.48199096597349,-1.23908582105272,0.215313717362018
0,642117.69151595,0,0.309462464334669,0.387372645685151,0.223608078570066,0.0000120312137732401,0.0153405596271942,0.0298626673319846,0.425726000426883,0.166203272675315,25.6294772107739,2.56147784321044,0.0166667995990378,0.0364740809579687,0.0358870898532096,85857.3663938768,1.01635660921964,0.309462464334669,-0.494453696942976,0.566909516924026,48.8279630550871,-0.872191561760709,0.387372645685151,0.910763976719692,0.738966019450377,49.3477520472904,1.23248424521211,0.223608078570066,0.426462828350635,0.170663027352993,2.49885892079341,0.0124593901129117,0.451175964497027,0.170658054337588,2.6437425778014,0.00819949886992111,-0.0247131361463921,0.0767773775487095,-0.321880441028523,0.7475432710899,-1.40521767366266,0.929475381931891,-1.51183958282139,0.130574676971428,0.416310279776716,0.933268380984426,0.446077771688338,0.655541068738331,-1.82152795343938,1.47793203890075,-1.23248424521211,0.217768248265105
0,642360.601190297,0,0.126296835667159,0.46185028166739,0.192102674971662,0.0000272138580865716,0.0108735450420656,0.0341172631546549,0.445989452209229,0.167750468205529,25.5413282746419,2.65864803228328,0.0133537962106665,0.0549471711313877,0.0359393936012689,85890.919463721,1.52888420269416,0.126296835667159,-0.451023852007385,0.608248340421357,50.0170201121663,-0.741512671773084,0.46185028166739,0.964929761044233,0.729665848744007,49.5100746907494,1.32242692008293,0.192102674971662,0.428537483325529,0.172246385824928,2.48793309231519,0.0128487903195583,0.487328122456121,0.172242222908288,2.82931858534828,0.00466472379688575,-0.0587906391305921,0.0766035595602768,-0.767466152592187,0.44280441000478,-1.41595361305161,0.947879705738719,-1.49381150844253,0.135224892690632,0.513905909036847,0.951987737497687,0.53982408469636,0.589318355720035,-1.92985952208846,1.45933169748801,-1.32242692008293,0.186026029566377
0,642365.450262191,0,0.00732032929612604,0.482885831993787,0.11541516326292,0.0000837240077775082,0.009882657828741,0.0489825285540921,0.455467982198049,0.169798250163501,24.2195795394345,2.6824068078409,0.0129631535387295,0.0963934328519036,0.0359412351658018,85905.8078210516,2.68197329355064,0.00732032929612604,-0.446145452501314,0.631100683377419,50.0689574955444,-0.706932291870939,0.482885831993787,1.1330013110891,0.70712275585643,49.8446433847324,1.60226962250263,0.11541516326292,0.400891192726146,0.174232969661283,2.30089169406627,0.0213977537153974,0.53367310782338,0.174229000414496,3.06305555650183,0.00219089380965675,-0.132781915097234,0.0760107462849577,-1.74688345512943,0.0806575562920324,-1.57914676359041,0.945693227935729,-1.6698298316436,0.0949530363596088,0.686855858587787,0.949887176171657,0.723092042737151,0.469623337670393,-2.2660026221782,1.41424551171286,-1.60226962250263,0.109096000078023
0,642405.888343636,0,0.00066377428527169,0.385506261515907,0.0909858580966026,0.000134868078837282,0.0150101765999642,0.0558303197644776,0.476143202019708,0.168427873260602,23.9158096847736,2.82698577617844,0.00934372044089679,0.122384050199183,0.0359504201244906,85915.9815104867,3.40424534053807,0.00066377428527169,-0.569326214502115,0.650344634105552,50.2899474221374,-0.875422329400988,0.385506261515907,1.19351759074566,0.692575279498002,50.2231110447669,1.72330377083449,0.0909858580966026,0.40044019023844,0.172907395668714,2.31592285968885,0.0205624809370722,0.581998333702222,0.172903534521677,3.36602912897223,0.000762586550461337,-0.181558143463782,0.0756483487583606,-2.40002784520418,0.0163938247303275,-1.76284380524777,0.94792911630646,-1.85967893054764,0.0629309646859055,0.624191376243542,0.952180504012598,0.655538916847307,0.512120838676729,-2.38703518149131,1.385150558996,-1.72330377083449,0.0848336062206869
0,642439.692960516,0,0.0123878573534028,0.416147391912725,0.0803462383536432,0.000072788038148456,0.0132393701947522,0.0587264535980562,0.513519686391322,0.168129014022281,23.0766764728605,3.05431926415312,0.00560964358539478,0.0899295999451552,0.0359581531240207,85924.8813886522,2.50095158210672,0.0123878573534028,-0.551094766990441,0.672135620652225,50.1052505176199,-0.819916025958677,0.416147391912725,1.21519369501322,0.681104525025807,51.0206000563173,1.78415155143357,0.0803462383536432,0.470362341200934,0.172643396857985,2.72447339290856,0.00644041194497239,0.585863594694346,0.172639724721749,3.39356191420375,0.000689899611645739,-0.115501253493412,0.0753670243063846,-1.53251709957226,0.125394881242877,-1.76628846200366,0.954749154704443,-1.8500026455121,0.0643131682951671,0.664098928022777,0.959058592950142,0.692448754335181,0.488655557352268,-2.43038739002643,1.36220905005161,-1.78415155143357,0.0743990424164618
0,642536.390977696,0,0.0375593100011941,0.268105249470934,0.0859790138377582,0.0000503305974738978,0.0245968197328794,0.0563477405681919,0.522224395920872,0.166334087260579,22.7665624341784,3.13961139608597,0.00463218843221853,0.0748236844226708,0.0359787353387015,85927.5535397957,2.07966410487432,0.0375593100011941,-0.76165997811485,0.680071680929005,49.7414108829619,-1.11997014355074,0.268105249470934,1.19788500529604,0.684246015958594,51.326444426721,1.75066420170216,0.0859790138377582,0.499290501381984,0.170929213747626,2.9210366702978,0.00348868761830223,0.585496610387962,0.170925682482626,3.42544550288677,0.000613792056613543,-0.0862061090059777,0.0754783712889421,-1.14212995767978,0.253400004708376,-1.95954498341088,0.962543905317477,-2.0357980270672,0.0417706406405279,0.436225027181185,0.966896805998341,0.451159859537206,0.651874337707072,-2.39577001059206,1.36849203191718,-1.75066420170216,0.0800037692354762
0,642621.384772142,0,0.0637205734076664,0.1707566931482,0.113402922554279,0.0000400053784460266,0.0374504106424766,0.0484987229930473,0.50643069155148,0.163388000440111,23.4541489356062,3.0995586590651,0.004978117951286,0.0667439490567999,0.0359969849987866,85932.1714868023,1.85415387036024,0.0637205734076664,-0.969436341074889,0.697481495014429,49.6523423840574,-1.3899097653549,0.1707566931482,1.10613016755576,0.686687651775338,50.9064802589084,1.61081994804481,0.113402922554279,0.494648843867415,0.168122501536155,2.94219298040268,0.00325896765424585,0.569554915623883,0.168119209783708,3.3878039062677,0.000704546159970728,-0.0749060717564681,0.0755671071739053,-0.991252339249723,0.321562379224938,-2.07556650863064,0.976570695361965,-2.12536226868997,0.0335563961164605,0.136693826480871,0.98099460290912,0.139342078004821,0.889179840750843,-2.21226033511152,1.37337530355067,-1.61081994804481,0.107218971942592
0,642881.052123838,0,0.112531513781353,0.153950821851824,0.130340590513143,0.0000293041935475743,0.0406064366054617,0.0448508187727809,0.496088392581216,0.16059888295926,24.2503287863147,3.08899030578601,0.00498005212427541,0.0572117947691927,0.0360518037660615,85935.9032792025,1.58693293518509,0.112531513781353,-1.03775716685915,0.716741580747574,49.5299857315171,-1.44788190713973,0.153950821851824,1.07074970263143,0.69625673199808,50.3660557994498,1.53786621144567,0.130340590513143,0.494710977401481,0.165506010721237,2.98908163664657,0.00279817357383148,0.55242652751435,0.165503064598149,3.3378628296441,0.00084425416380887,-0.0577155501128693,0.0758963134066331,-0.760452616501201,0.44698408224679,-2.10850686949057,0.996985772136676,-2.11488160455064,0.0344400394017521,0.0329925357722842,1.00150048976892,0.0329431049803049,0.973719958631708,-2.14149940526285,1.39251346399616,-1.53786621144567,0.124081330320912
0,643121.976941639,0,0.262658482582862,0.128637899171662,0.13206016060448,0.000014600425063556,0.0458211748134044,0.0446930194480144,0.491639585363289,0.158868323052769,26.034262561836,3.09463570783704,0.00466737207127366,0.0404395239421877,0.0361022991838253,85935.0841064039,1.12013707870178,0.262658482582862,-1.10670622355317,0.716218702306108,49.7206668091278,-1.5452070994373,0.128637899171662,1.06459905841283,0.695362822848797,50.1017014621784,1.53099795305611,0.13206016060448,0.508697376261329,0.163830882651914,3.10501517190835,0.00190269264625445,0.533194129358719,0.163827828111964,3.25460048822916,0.00113551980075826,-0.0244967530973904,0.0759551041762996,-0.322516220115122,0.747061651820198,-2.17130528196599,0.995990042849036,-2.18004717773579,0.0292539646434324,-0.0421071651403435,1.00050047696748,-0.0420861020156338,0.966430059339954,-2.12919811682565,1.39072564569759,-1.53099795305611,0.125769898547551
0,643251.76257105,0,0.323495315650647,0.134738823157364,0.147165986351947,0.0000113429197070671,0.044191156162213,0.0414115215283839,0.483785107321792,0.156113106920392,28.0736988653873,3.09893971662798,0.00438359311411194,0.0356710607128925,0.0361296824796174,85935.770186064,0.987306233123315,0.323495315650647,-1.09597829941645,0.720901661101913,49.9905066533995,-1.52028821481869,0.134738823157364,1.01889638159718,0.692011832962348,50.1815435514595,1.47236843803018,0.147165986351947,0.504117049222961,0.161169316179971,3.12787235915325,0.00176076629005865,0.521497338078416,0.16116619122433,3.23577379422298,0.00121313479613553,-0.0173802888554546,0.0759135399108425,-0.228948470534599,0.818908966892931,-2.11487468101362,0.997031195687596,-2.12117202567079,0.0339073284896229,-0.0770819178192763,1.00154278925294,-0.0769631798525275,0.938652836275022,-2.03779276319435,1.38402366592469,-1.47236843803018,0.140921411365057
0,643418.735691505,0,0.231470621573728,0.137453563982147,0.176745884105085,0.0000166609371604306,0.0434003792013787,0.0362995332885275,0.466951981608647,0.155214487966267,29.2898761450498,3.00843038383201,0.00535252630643231,0.043274499266159,0.0361649225084292,85937.4301891399,1.19658763975155,0.231470621573728,-1.11137600124782,0.73628481491848,50.2188799084201,-1.50943762349746,0.137453563982147,0.968554852032146,0.706840572431637,49.8478613647057,1.37025927742118,0.176745884105085,0.478755153875004,0.160397532837708,2.98480372737037,0.00283760334236107,0.514008460613215,0.16039481234603,3.20464516959757,0.00135229077119766,-0.0352533067382108,0.0763476468451203,-0.461747129020571,0.644262669647167,-2.07993085327996,1.01835460225715,-2.04244263115211,0.0411076446206044,-0.14282114921567,1.02295246766002,-0.139616603635915,0.888962921312799,-1.93710970406429,1.41368114486327,-1.37025927742118,0.170605980135833
0,643555.846592724,0,0.185481307757631,0.153535189219508,0.188980036796476,0.0000204008851833158,0.0398692909887022,0.0343475483540542,0.455422241274989,0.154122385003203,29.0040421528159,2.95493896792165,0.00615112835285379,0.0479231648436165,0.0361936646618407,85934.5869671417,1.32407605837555,0.185481307757631,-1.05299469192925,0.726745831191897,50.5567459861257,-1.44891741615125,0.153535189219508,0.98403043578262,0.738869949583292,49.8661866975349,1.33180465160018,0.188980036796476,0.461440581607215,0.159415583028345,2.89457638231746,0.00379670525605643,0.505171616178203,0.159413185443534,3.16894499518761,0.00152993346182247,-0.043731034570988,0.0772348536774531,-0.566208550787405,0.571252017861661,-2.03702512771187,1.03405032368359,-1.96994776855288,0.0488443569880686,-0.0689642561466338,1.03870907341463,-0.0663941982521844,0.947063989136873,-1.96806087156523,1.47773989916658,-1.33180465160018,0.182924389040426
0,643631.884634916,0,0.189336499028248,0.194169127172197,0.137039009839841,0.0000200483805355838,0.0331546444601772,0.0438129757659779,0.460473257490394,0.152981788858847,29.8005235281379,3.00998740389461,0.00527695847388339,0.0475268593763789,0.0362094273809711,85930.41622985,1.31255484590611,0.189336499028248,-0.93471394211302,0.71035233997282,50.4919857244845,-1.31584551709759,0.194169127172197,1.13168170789718,0.748837748211362,49.8440392731218,1.51125088258472,0.137039009839841,0.467665650289156,0.158296648499882,2.95436229838754,0.00313315942763847,0.502784306019385,0.15829411677776,3.17626653633172,0.00149183814538774,-0.0351186557302293,0.077529242455971,-0.452973028211559,0.650568163427812,-2.06639565001019,1.02984208325173,-2.00651700257339,0.0448011165688081,0.196967765784156,1.03447673906472,0.190403281529787,0.848993126422922,-2.26336341579435,1.49767549642272,-1.51125088258472,0.130724542930545
0,643956.586756521,0,0.0453116442975394,0.210493907576286,0.0830142909802675,0.0000466342727074558,0.0310680608875305,0.0591365600206673,0.459830987584561,0.153462218160837,31.4575750143324,2.99637912898295,0.00529337755796227,0.0726189686453958,0.0362772158869168,85922.4778368315,2.00177899185437,0.0453116442975394,-0.875648075395355,0.690334239233714,50.1787098616548,-1.26844074309185,0.210493907576286,1.36319616528681,0.770590664317275,49.7897287274737,1.76902761532229,0.0830142909802675,0.446497801207505,0.158783000359085,2.81200002643708,0.00492344992745548,0.519539424368284,0.158780372500794,3.27206326692353,0.00106765681615766,-0.0730416231607788,0.0782311381712218,-0.933664329424878,0.350477070591107,-2.23884424068215,1.03228158649031,-2.16883093720007,0.0300955215505592,0.487548089891449,1.03688832271161,0.470203086689646,0.638209929073105,-2.7263923305736,1.54118132863455,-1.76902761532229,0.0768892662147224
0,644300.952957862,0,0.00978607953507282,0.234545477081979,0.0485497557904319,0.000077667481762714,0.0281971716126201,0.0757705594427586,0.431706386701293,0.154069531429992,32.7974783924188,2.8020231040779,0.00845550082131538,0.0939042891590776,0.0363497350038373,85920.2248242098,2.58335553613154,0.00978607953507282,-0.822042556190179,0.683167790254112,49.9006782831635,-1.20328061117227,0.234545477081979,1.53068598552161,0.756989877129001,49.8736752113118,2.02206929282459,0.0485497557904319,0.400103596470044,0.159315176203889,2.51139662901918,0.0120254499473611,0.506845422211268,0.159312185395579,3.18146048246561,0.00146534512550661,-0.106741825741224,0.0779757405459416,-1.3689107021476,0.17102718998048,-2.35272854171178,1.01740025899307,-2.31249060624408,0.0207506623931509,0.70864342933143,1.02195915790884,0.693416585043843,0.48804815709939,-3.06137197104321,1.513979754258,-2.02206929282459,0.0431691938078485
0,644284.714690279,0,0.00632050618151723,0.259053381041893,0.0308598158653971,0.0000867800843901293,0.0255687707610712,0.0894294964782695,0.409283995833475,0.154655144249565,32.0267919907856,2.64642988643829,0.0125080721156816,0.0992526423219312,0.0363464184141006,85921.7578227264,2.73074065210855,0.00632050618151723,-0.776905736138978,0.680482888951095,49.6756527204331,-1.14169768079916,0.259053381041893,1.61002404487955,0.724786242439997,50.2432395936188,2.22137776713227,0.0308598158653971,0.373238519385738,0.159769912253494,2.33610017131105,0.0194860213886559,0.486475223717432,0.159766432887478,3.04491509840527,0.00232746002658579,-0.113236704331694,0.0771131409910298,-1.46844886456987,0.141982336638745,-2.38692978101852,0.991927922958844,-2.40635405634968,0.0161126405169569,0.833118308740568,0.996405095543766,0.836124094975561,0.4030850945423,-3.22004808975909,1.44957248487999,-2.22137776713227,0.0263253855921025
0,644429.597824927,0,0.0283367420291516,0.242087691162442,0.0374412549689679,0.0000559516956300353,0.0276558696591663,0.083400592748209,0.401898638060855,0.154909469502345,31.0231011132624,2.59440975010744,0.0143387224599856,0.0797612445005214,0.0363769791626888,85919.7545892498,2.19262968878766,0.0283367420291516,-0.797769119196826,0.673785642770271,49.2882744722823,-1.18401026759311,0.242087691162442,1.54636765415529,0.723415244592798,50.2181414419737,2.13759340256331,0.0374412549689679,0.384211377907641,0.159997191775151,2.4013632592226,0.0163341125465466,0.461836596535716,0.159993565951694,2.88659480641337,0.00389435399909039,-0.0776252186280752,0.0771273279758254,-1.00645543759024,0.314196537538611,-2.34413677335211,0.986368207660147,-2.37653318015272,0.0174761895590631,0.748598534958459,0.990813391079526,0.755539379764372,0.449925413219356,-3.09273530831057,1.44683048918559,-2.13759340256331,0.0325497576699381
0,644504.24448774,0,0.143582070288664,0.179448419281398,0.0478841180770582,0.0000248988086152315,0.0363646933283572,0.0761495210781459,0.390721024376984,0.155133590224742,31.3285060140789,2.51861008187167,0.0170958153409749,0.0532272144547078,0.0363923289696349,85912.9037113492,1.46259434231647,0.143582070288664,-0.898011187797836,0.659394923487201,49.1479118175575,-1.36187155195056,0.179448419281398,1.49516945671352,0.737157482337065,49.9108296671678,2.02829041628022,0.0478841180770582,0.400866501975242,0.160218771988338,2.50199459776423,0.0123495809277402,0.428135171326876,0.160215074043675,2.6722527445212,0.00753438764423345,-0.0272686693516345,0.0775159318034474,-0.351781481783358,0.725002147396297,-2.39318064451135,0.986832323726349,-2.42511375739552,0.0153035905434705,0.597158268915687,0.991245480504838,0.60243227400296,0.546886432249405,-2.99033891342704,1.47431496467413,-2.02829041628022,0.0425306165186434
0,644777.289014828,0,0.479804193176535,0.097980041644003,0.0678953047549997,0.00000581245449516129,0.0542520409990567,0.0657750486444297,0.391717895962265,0.157327546904829,29.9968377493113,2.48982396070298,0.0185495416574331,0.0257559547508994,0.0364494812806116,85903.4314611865,0.706620611487264,0.479804193176535,-1.08175564539279,0.64141548699793,49.5836837101338,-1.68651313746074,0.097980041644003,1.40786579951437,0.754260215531486,49.4846383411809,1.86655184845235,0.0678953047549997,0.431888436780519,0.162357959950288,2.66010016948204,0.00781174150024057,0.408838280966313,0.162354155340181,2.51818797067235,0.0117960349642314,0.0230501558142051,0.0780671597535221,0.295260592123247,0.767794818144261,-2.48962144490715,0.987933089123205,-2.52003042748239,0.0117344690111579,0.326110154121576,0.99228665757646,0.328645106362773,0.742423950174076,-2.81573159902872,1.50852043106297,-1.86655184845235,0.0619641971587328
0,645168.3432622,0,0.569188533469655,0.067375121351038,0.119133934895453,0.00000377227046136685,0.0657427039087621,0.0483356219085825,0.394479930736782,0.156825196433131,29.7396843326004,2.51541167942987,0.017529448195902,-0.020796044396637,0.0365324094968591,85901.426625356,-0.56924918676456,0.569188533469655,-1.19521044122828,0.639137825582371,49.6956815792266,-1.87003552815737,0.067375121351038,1.21231554473213,0.764445974820129,49.516991903331,1.58587471798433,0.119133934895453,0.479028539432189,0.161911262440392,2.95858689637816,0.00309053093946419,0.373230934132225,0.161907476255196,2.30521124017735,0.0211547456649499,0.105797605299964,0.0784746755038997,1.34817512300138,0.177602063873216,-2.4075259859604,0.994249770026162,-2.42144987963845,0.0154587326244611,0.017105103503843,0.998607536432923,0.0171289549495523,0.986333739588966,-2.42463108946425,1.52889194964025,-1.58587471798433,0.112767731951731
0,645252.351104582,0,0.259281868606525,0.06193731043242,0.162389905810283,0.0000148149461417161,0.0688081437257727,0.0386841987453202,0.401148120929764,0.15786035052381,27.276237366352,2.54115817935713,0.0170391114194036,-0.0412322090271101,0.0365502154617856,85898.7436221155,-1.12809756402721,0.259281868606525,-1.20534732884155,0.63103813812758,49.3756165731585,-1.91010218878065,0.06193731043242,1.07102824635071,0.755295726618309,49.9689552577445,1.41802503126296,0.162389905810283,0.502659961857794,0.162865740186091,3.08634560763642,0.00202633147653999,0.363472752407382,0.162861699966698,2.23178778363301,0.0256289921184243,0.139187209450412,0.0782569771018325,1.77859169373862,0.0753067268791449,-2.27637557519226,0.982068080303128,-2.31794070171757,0.0204525440038584,-0.134319082490844,0.986358869017014,-0.136176686508334,0.891681604937361,-2.14205649270141,1.51059145323661,-1.41802503126296,0.156183456882674
0,645131.216321039,0,0.155730441429126,0.0515630242357881,0.244650070175264,0.0000234641851787381,0.0751409514496418,0.0266377749147025,0.419259340410099,0.157399037704217,25.9188769377261,2.6636715606735,0.0131115400764836,-0.0518488638701551,0.0365238064917587,85883.7016562854,-1.41959091481482,0.155730441429126,-1.20563787448001,0.604180485030346,49.0116403932743,-1.99549291039986,0.0515630242357881,0.878610697343266,0.746404524145059,50.63152285847,1.17712402446869,0.244650070175264,0.52630021128855,0.162316248894567,3.24243700105717,0.00118512146602681,0.376070329542335,0.162311518833173,2.31696636348322,0.0205055641463788,0.150229881746215,0.0779819933429134,1.92646885910703,0.0540458566032545,-2.08424857182327,0.958244273505617,-2.17507020855789,0.0296248555489195,-0.327027177136738,0.962328143932783,-0.339829172822758,0.733985177224303,-1.75722139468653,1.49280904829011,-1.17712402446869,0.239146007373379
0,645013.203435227,0,0.0879169749726209,0.0512583555664617,0.341306189698764,0.000033909944589411,0.0771143523240382,0.0178146725754487,0.448927151909829,0.159806842000044,25.5026011307716,2.80918605418474,0.00940075757651118,-0.0622846463338159,0.0364982826322351,85876.698235517,-1.70650895992587,0.0879169749726209,-1.18959539301771,0.594967325508577,47.8437257741722,-1.99942978717502,0.0512583555664617,0.707427729273784,0.736457851640797,50.8726032607929,0.96058142050854,0.341306189698764,0.56144597610316,0.164594316487826,3.41108969060111,0.000647038037645486,0.399410560901222,0.164589305410544,2.4267102890127,0.0152364174071796,0.162035415201938,0.0776789580724362,2.0859627783735,0.0369819948373016,-1.89702312229149,0.944765761170439,-2.00792958451556,0.0446507748696774,-0.482167663743921,0.948751931672577,-0.50821257659407,0.611304271868757,-1.41485545854756,1.47291570328159,-0.96058142050854,0.336762674239007
0,645216.328814936,0,0.0515841539820933,0.0726111975180894,0.551646165540557,0.0000441231621921512,0.0672926531279964,0.00695621435608884,0.473395216786245,0.162927139778,24.7676287169232,2.90556390685603,0.00760987455628564,-0.0711318348929551,0.0365412942338744,85876.5087942288,-1.94661509353478,0.0515841539820933,-1.09899693894127,0.598345104798058,46.7592166802848,-1.83672755092094,0.0726111975180894,0.446689039008255,0.745414798412444,51.2637075378986,0.599248955024231,0.551646165540557,0.58545763571841,0.167667684800778,3.49177384070191,0.000479824333944081,0.41953684086137,0.16766292119197,2.50226369598446,0.0123401973606894,0.165920794857039,0.0779846311636956,2.12760889397244,0.0333695242045644,-1.54568597794952,0.953836840651593,-1.62049305717068,0.105126404530325,-0.652307899933013,0.957870269750505,-0.680998169097491,0.495872648945169,-0.893378078016507,1.49082959682488,-0.599248955024231,0.549006881574539
0,645618.374483154,0,0.0757454977778785,0.0881108761667286,0.615968584433365,0.0000367221145113271,0.0604554540371671,0.00492402576192239,0.498578053034714,0.163194717401614,23.9694777615661,3.05511147035316,0.0054470617263673,-0.0650480952295824,0.0366273109196237,85884.6338567169,-1.77594515121043,0.0757454977778785,-1.05929036938761,0.608246363641346,47.1360183221037,-1.74154821583484,0.0881108761667286,0.374079835930803,0.74128645683659,51.462679001807,0.504636004719651,0.615968584433365,0.601582551107462,0.167952480965834,3.58186165305792,0.00034115445236771,0.451674695950076,0.167947835220927,2.68937492022996,0.00715859686733315,0.149907855157387,0.0780101344458112,1.92164590180931,0.0546503286521731,-1.43337020531841,0.956839382568549,-1.49802592935782,0.134126513805525,-0.685210533456809,0.960935427544619,-0.713066158053573,0.475804819608548,-0.748159671861604,1.48257291367318,-0.504636004719651,0.613814516559231
0,646029.980116021,0,0.0865999456552229,0.117987625020575,0.553191850802491,0.0000341841333650758,0.0495488688734468,0.00688114254422767,0.535189954972314,0.16450411756798,24.1726923820158,3.25335294267726,0.00335368815583797,-0.0629173424920345,0.0367157846618371,85900.5001804129,-1.71363197250232,0.0865999456552229,-1.0051229731964,0.6315642385224,48.5846842502637,-1.59148177158981,0.117987625020575,0.437263971749721,0.73255546429219,51.4217721949232,0.596902204766453,0.553191850802491,0.636302468352484,0.169270584558902,3.75908472231373,0.000170536086663216,0.487309819851449,0.169266266851755,2.87895414080491,0.00398996349041173,0.148992648501035,0.0779170206325355,1.91219642757774,0.0558510041645708,-1.44238694494612,0.965099289253148,-1.49454772271392,0.135032518281761,-0.567859001446679,0.969332323391988,-0.585824889713332,0.557993195884862,-0.874527943499439,1.46511092858438,-0.596902204766453,0.550572675196925
0,646277.137419606,0,0.0743717960335494,0.14122931651318,0.582366154812617,0.0000370593410126428,0.0428822669922593,0.00594409701236731,0.566964525202252,0.165649717108575,25.6120218842458,3.42267125533717,0.00209299663135255,-0.0656082166971772,0.0367688776081244,85909.6467512357,-1.78434102330827,0.0743717960335494,-0.972109083481907,0.650264949097437,49.8812052492844,-1.49494307640476,0.14122931651318,0.402505616284919,0.727272410862698,51.2241290783798,0.553445463175845,0.582366154812617,0.668973267810247,0.170424704560614,3.92533036530697,0.0000866107880880274,0.516439710254025,0.170420632026693,3.0303825546964,0.00244244157357967,0.152533557556222,0.077860751501604,1.95905580943538,0.0501062512352174,-1.37461469976682,0.973419931141937,-1.41214973701457,0.157905876541173,-0.569603467196986,0.977748927337221,-0.582566189817494,0.56018537143459,-0.805011232569837,1.45454482172539,-0.553445463175845,0.579958415122708
0,646599.077818989,0,0.236879219105462,0.199725638003595,0.700179275494149,0.0000162841574675333,0.0322384428400197,0.00292919490614363,0.595466739886064,0.165765422531899,25.5189124068899,3.59222527105418,0.00136859134282368,-0.0435733258305348,0.0368381523132656,85915.8666806355,-1.18283146939603,0.236879219105462,-0.860318627368915,0.662146707236897,50.676255234008,-1.29928702803489,0.199725638003595,0.276658447418233,0.714413776178074,51.0464987534672,0.387252397200798,0.700179275494149,0.669147821350097,0.170541521699941,3.92366512670989,0.0000872119402025187,0.567349045009432,0.170537424772666,3.32683014162864,0.000878398991848094,0.101798776340665,0.077638153745213,1.31119522335295,0.189791815747378,-1.13697707478715,0.971898793106918,-1.16985130843975,0.242060811558282,-0.58366017995068,0.976249633522423,-0.597859563690452,0.549933642875273,-0.553316894836465,1.42882755235614,-0.387252397200798,0.69856936296344
0,646622.35923592,0,0.612465757402635,0.316400461869764,0.703990246486633,0.00000298655234291423,0.0196564807123276,0.00287567751357568,0.629209978583169,0.165298154453369,24.8282112181814,3.80651544878966,0.000820305972819954,-0.0186633483192636,0.036843403277039,85918.8025674509,-0.506558750257871,0.612465757402635,-0.674290679642688,0.666421061352577,51.0586588670572,-1.01180877788307,0.316400461869764,0.270070560875789,0.706815168059306,50.6234687190992,0.382095027215274,0.703990246486633,0.672880513141963,0.1700777528963,3.95631116758835,0.0000761160028213629,0.621250593279392,0.170073614320646,3.6528334848469,0.000259362430638578,0.0516299198625707,0.0774520837349406,0.666604658943206,0.505024692399848,-0.944361240518474,0.969268975158095,-0.974302556588528,0.329906335637034,-0.404220118766898,0.973615467945105,-0.415174298350084,0.678014312298893,-0.540141121751576,1.41363033611861,-0.382095027215274,0.702390880205232
0,646411.106247823,0,0.950500285698407,0.396910979650753,0.734695450709915,0.0000000448573928153155,0.0141285297601388,0.00230590094124948,0.686642578083362,0.165442833573626,23.8985646973555,4.15033134558705,0.000362708912331931,0.00228435817022072,0.0367977638351558,85911.5381903675,0.0620787225129775,0.950500285698407,-0.552127109880681,0.646252869042414,50.9326770558353,-0.854351502839432,0.396910979650753,0.240169715016792,0.704779546358377,50.2442836692956,0.340772822165113,0.734695450709915,0.705338659820143,0.170152233606734,4.14533882317621,0.0000339311603425902,0.697187733433142,0.170147741588891,4.09754326988177,0.0000417558132558719,0.00815092638700116,0.0773300483413688,0.105404387580613,0.91605493467466,-0.792296824897471,0.954102315034572,-0.830410756176357,0.406306586237122,-0.311957394863888,0.958333309379886,-0.32552076799433,0.74478696718942,-0.480339430033583,1.40955909271675,-0.340772822165113,0.733274611911906
0,646468.585171485,0,0.215491727826255,0.390625005915359,0.682393902372268,0.0000178603760252163,0.0147019174581919,0.00337274070124873,0.702064463453415,0.167946263916584,23.7349251222874,4.18029223801083,0.000340206089446938,0.0455921945258744,0.0368090307597288,85896.1849453124,1.23861437220333,0.215491727826255,-0.537116627346426,0.620252516241181,50.2566784217852,-0.865964447192298,0.390625005915359,0.293152479580787,0.712236735507842,50.0596965038265,0.41159415818641,0.682393902372268,0.678458234991182,0.172544870470124,3.93206841294453,0.0000842180891241454,0.754116957933568,0.172540005245249,4.37067888610334,0.0000123860832893276,-0.0756587229423859,0.0775430781820815,-0.97569924635606,0.329213525819109,-0.830269106927212,0.942409765640455,-0.881006476373859,0.378314314655571,-0.243964147765639,0.946494868578938,-0.257755383430578,0.796595700031684,-0.586304959161573,1.42447347101568,-0.41159415818641,0.68063691414485
0,646692.514245549,0,0.0378747799502709,0.393816589702195,0.548394678066953,0.0000501816132869284,0.0145959890721793,0.00725391894450622,0.695227341670494,0.170852124370866,24.6911254023353,4.06917586907715,0.000422890801377451,0.0765236705093116,0.0368568624024077,85899.0676712385,2.07623941706749,0.0378747799502709,-0.539144484865327,0.626803375084112,49.9491931746086,-0.860149300876018,0.393816589702195,0.42213802353133,0.69858613683242,49.9728941134917,0.604274836379403,0.548394678066953,0.644158941543816,0.175359644444813,3.67335907633264,0.000239382721873851,0.77484940529916,0.175354704221752,4.41875459650796,0.00000992712894674856,-0.130690463755344,0.0772728060163477,-1.6912866310005,0.0907820721334006,-0.961282508396655,0.936525051841084,-1.02643544506033,0.304686377753017,-0.117006461333997,0.940601377022489,-0.124395375333582,0.901002234858259,-0.844276047062658,1.39717227366484,-0.604274836379403,0.545660933381918
0,647000.642036758,0,0.0150610472591694,0.36071860001013,0.495008453579213,0.0000687884793721675,0.0166785603399476,0.00935186238057335,0.669879275743941,0.166170415526281,26.2314028659202,4.03127881471775,0.000425200187613295,0.0897592858476976,0.0369234413402167,85903.102606878,2.43095666573019,0.0150610472591694,-0.58476831261263,0.633941875238667,50.1655675017978,-0.922432064284246,0.36071860001013,0.476305915832427,0.69291706076033,50.0530748730252,0.687392391969368,0.495008453579213,0.608217797923734,0.170813763231602,3.5607072077621,0.000369857316194702,0.762510703352539,0.170808690602193,4.46412123800186,0.00000803980332793348,-0.154292905428804,0.0772375628512612,-1.99764078167421,0.0457556185786936,-1.06107422844505,0.937106809760728,-1.13228739498327,0.257513627746738,-0.108462396780202,0.94120323822635,-0.115238019138772,0.908256464481083,-0.952611831664852,1.38583412152066,-0.687392391969368,0.491835490631623
0,647175.774228026,0,0.00535490652690945,0.277347388454729,0.422465298084345,0.0000902718366474715,0.0235457563415455,0.0129195921077357,0.64411083477673,0.161747626980193,30.1402562038148,3.98219650453113,0.000398479309703644,0.102935832035924,0.0369615752245249,85909.4087956751,2.7849416971716,0.00535490652690945,-0.71594644578093,0.651888817810071,50.0211029676693,-1.09826465222406,0.277347388454729,0.567632159420883,0.701822493654698,49.9784919743942,0.808797330597048,0.422465298084345,0.575164844610783,0.166593442778297,3.45250590310576,0.000555405323505846,0.75097410773447,0.166588699808247,4.5079534722276,0.00000654559250537357,-0.175809263123688,0.0775195492134652,-2.2679345391904,0.0233331968013139,-1.28357860520181,0.955745919668765,-1.34301238308887,0.179267964181287,-0.148314286360046,0.959988241494403,-0.154495940626488,0.877218711704378,-1.13526431884176,1.40364498730939,-0.808797330597048,0.418631731925342
0,647354.361055782,0,0.00713513533119557,0.146778274604815,0.308310757882155,0.0000842474041599909,0.0420984973126196,0.020964002841252,0.617236812057108,0.160164883368227,33.5117066170971,3.85375869589371,0.000499610973289154,0.0995511305581988,0.0370004970700692,85917.9998205658,2.69053495064337,0.00713513533119557,-0.997565979014189,0.676703361442952,49.4471029541173,-1.47415549538139,0.146778274604815,0.715438842985424,0.695025382393939,49.4843819537,1.02937081307905,0.308310757882155,0.563046957221575,0.165112059081892,3.41008985262739,0.000649414804345581,0.724258818728374,0.16510756474317,4.38658773663692,0.0000115142732228998,-0.1612118615068,0.077407997541214,-2.08262539566363,0.0372853825106755,-1.71300482199961,0.967870793958064,-1.76986931798443,0.0767489130865091,-0.282127136028764,0.972214775305867,-0.290190134109003,0.771670783479101,-1.43087768597084,1.39005076478787,-1.02937081307905,0.303305458943808
0,647376.794060643,0,0.0177631414369719,0.0883902635206082,0.291772876311252,0.0000653939241622189,0.0584690319165122,0.0226011583169149,0.610384147053594,0.161304950090554,34.6978647340832,3.78403853515305,0.000585638194147776,0.0877247694487837,0.0370058574151077,85928.5984595074,2.37056443429331,0.0177631414369719,-1.24109718587784,0.713766134216322,48.6864838695036,-1.73880088502728,0.0883902635206082,0.71767053213627,0.673430001386969,49.1141271700864,1.06569432703946,0.291772876311252,0.574528585088871,0.166264707874292,3.45550533504232,0.000549262321605393,0.711969531753447,0.166260450143351,4.28225432530457,0.0000185009348541305,-0.137440946664576,0.0768785811933159,-1.78776643027494,0.0738136990070975,-1.9587677180141,0.979108800618462,-2.00056185459352,0.0454396278294952,-0.523426653741569,0.983507030374362,-0.532204282812632,0.594584517016846,-1.43534106427254,1.34686000277393,-1.06569432703946,0.286561842932221
0,647579.516540514,0,0.045251095190173,0.0486007422660675,0.288463303404921,0.0000466550895051462,0.0779105442981409,0.0228814746047222,0.619479371491282,0.162601405442146,35.4999051479895,3.80980330278692,0.000531011599527998,0.0741860110330104,0.0370496199051299,85932.4583725324,2.0023420273399,0.045251095190173,-1.48682772161681,0.734927433345996,48.4405648891135,-2.0230945997587,0.0486007422660675,0.70494212777366,0.656920022777563,49.175090688361,1.07310190484536,0.288463303404921,0.603332587891835,0.167547809199322,3.60095778497518,0.000317047058009527,0.71437012751415,0.167543526774653,4.26378828992291,0.0000200989889440492,-0.111037539622315,0.0765499637023641,-1.45052373968515,0.146912524027069,-2.19176984939046,0.983538636820921,-2.22845322729252,0.0258503070400628,-0.781885593843147,0.987915101160849,-0.791450189317273,0.428681332052942,-1.40988425554732,1.31384004555512,-1.07310190484536,0.283225396445178
0,647783.869658083,0,0.166873220704957,0.0436353257593114,0.276739048375159,0.0000222363265529862,0.0809979611694075,0.023905930050652,0.626800252161233,0.159915248842373,37.0111883232014,3.91957775570898,0.000369051135715449,0.0512758401032937,0.0370937091473349,85931.4903446584,1.38233251087477,0.166873220704957,-1.50876531079433,0.728353216901862,48.6857296183572,-2.07147476771236,0.0436353257593114,0.701398229928647,0.63773441894521,49.3896157577191,1.09982809315629,0.276739048375159,0.634050714188185,0.16487750011909,3.84558665512403,0.000120264351997988,0.699455600538065,0.16487260911998,4.24240026449186,0.0000221141827176586,-0.0654048863498797,0.0761724206670038,-0.858642613391589,0.390537720209587,-2.21016354072297,0.965971853422898,-2.28802064251801,0.0221363190239009,-0.807367080865683,0.970209036111329,-0.832157865795263,0.405319843000502,-1.40279645985729,1.27546883789042,-1.09982809315629,0.271407029534895
0,648064.160975668,0,0.340922795485434,0.0343451920013819,0.330750269910898,0.0000105546026087993,0.0878214849186816,0.0192386125420924,0.639356207844697,0.160227441769329,37.7587332127855,3.99030403771374,0.000292830127724062,0.0353835197262053,0.0371539500560063,85930.1573457542,0.952348799330022,0.340922795485434,-1.5751581481286,0.723708318577915,49.2039832364316,-2.1765096623786,0.0343451920013819,0.602808497329917,0.61365949655947,49.191880324024,0.982317556738891,0.330750269910898,0.661646399395082,0.165113511476805,4.00722141681319,0.0000614372619318695,0.700488061750855,0.165107931946332,4.24260696317453,0.0000220938179243144,-0.0388416623557729,0.0757237445573236,-0.512939007214168,0.607993986395311,-2.17796664545851,0.946836257828377,-2.30025691079237,0.0214336692994911,-0.972349650798683,0.950875658040807,-1.02258338677227,0.306504867836134,-1.20561699465983,1.22731899311894,-0.982317556738891,0.325943427816826
0,648353.451244527,0,0.210191951863281,0.0174859552507462,0.358460354705047,0.0000182725508838777,0.109827286123425,0.0173120921905967,0.641345207072226,0.167730388669891,38.6980399319686,3.82366732801444,0.000465867110936218,0.0466327486685181,0.03721547754307,85926.6185708396,1.25304716604938,0.210191951863281,-1.76746328319966,0.71861742350339,49.0308408670221,-2.45953302187268,0.0174859552507462,0.555130459931848,0.59880873589236,48.7842818424887,0.927058051523879,0.358460354705047,0.656215971891161,0.172363052470824,3.80717307151565,0.000140564377383104,0.720081171538873,0.172357160154835,4.1778430956509,0.0000294286546763464,-0.0638651996477114,0.075497944933012,-0.845919709528225,0.397597536541081,-2.3225937431315,0.933460816358535,-2.48815344193238,0.0128408317883415,-1.2123328232678,0.937345566699156,-1.29336806652536,0.195883789219193,-1.11026091986369,1.19761747178472,-0.927058051523878,0.353896394433361
0,648649.067599151,0,0.0711724073254984,0.0107892346707706,0.281545380892306,0.0000378911196243979,0.124971795707536,0.0236941622559083,0.655847726646209,0.17104720022817,39.556149331577,3.83430845855024,0.000441434639784367,0.0672662863790122,0.037279070041976,85923.28439731,1.80439818652318,0.0711724073254984,-1.87268372746566,0.706608906421283,49.1791140239524,-2.65024076323935,0.0107892346707706,0.672478776033789,0.617582823965581,48.8552538693311,1.08888840482271,0.281545380892306,0.655978692509289,0.175612431409753,3.7353773149391,0.000187433941962555,0.754896076348345,0.175606828547784,4.29878543215608,0.0000171736630051084,-0.0989173838390566,0.076022945130007,-1.30115169400367,0.193206536245296,-2.54516250349945,0.936459645366624,-2.71785604013189,0.00657064197026153,-1.20020495143187,0.940453462316012,-1.27619813156536,0.201885488969255,-1.34495755206757,1.23516564793116,-1.08888840482271,0.276203100108198
0,649015.459858804,0,0.054073769880717,0.00996104967752246,0.231875493359189,0.0000431837073633803,0.126517299879533,0.0294811119227766,0.65584210837758,0.169540430540364,42.4968982503524,3.86835226433756,0.000370745994761671,0.071962697747799,0.0373585424563229,85920.410823349,1.92627155708585,0.054073769880717,-1.87283336651662,0.698776816640605,49.5936067210557,-2.68015956156121,0.00996104967752246,0.773207389535138,0.638602016641452,48.2604706494516,1.21078131510076,0.231875493359189,0.653947972473387,0.174187063735584,3.75428552757556,0.000173836616747623,0.756923484889772,0.174181669167037,4.34559783764558,0.0000138896844669209,-0.102975512416385,0.0766355224884784,-1.34370470863387,0.179043894101795,-2.64604075605175,0.944568418704748,-2.801322491472,0.00508936314789666,-1.09962597698148,0.948679952698178,-1.15911164123791,0.246410681331595,-1.54641477907027,1.2772040332829,-1.21078131510076,0.225979228118773
0,649432.176163079,0,0.203058144410192,0.00718868922650561,0.216274354273827,0.0000188578739735822,0.135618413893265,0.032038995453046,0.651229992056223,0.169712245751118,43.8200516306205,3.83725988171323,0.000395350020500022,0.0476688699981521,0.0374491268372643,85918.2460519033,1.27289670077751,0.203058144410192,-1.95183724578143,0.696403363903218,50.0670873932022,-2.80273954284443,0.00718868922650561,0.835932957733583,0.667040002326913,47.4480215822641,1.25319764154699,0.216274354273827,0.677382754798988,0.174434289639997,3.88331191187806,0.000103043246618231,0.728448599124674,0.17442934702652,4.17618142555978,0.0000296443417362738,-0.0510658443256859,0.0774541611053755,-0.659304078656424,0.509700523822811,-2.787770203515,0.962185002989816,-2.89733283604765,0.0037635024401501,-1.11590428804784,0.966457469287442,-1.15463362176774,0.24824049227779,-1.67186591546716,1.33408000465382,-1.25319764154699,0.21013378806663
0,649470.226460088,0,0.437734640442068,0.00295191253136743,0.224672289889695,0.00000700911905628197,0.162656744349102,0.0310448778014978,0.635440296367737,0.173412960839776,43.3931459585804,3.66431836058002,0.000671137850282827,0.0290678360972266,0.0374572042724821,85918.8005656309,0.776027914036853,0.437734640442068,-2.20117368391115,0.704395201945291,50.2698161643833,-3.12491294351847,0.00295191253136743,0.848974632373201,0.690049710256108,47.2435342762637,1.23030938170832,0.224672289889695,0.687142004519948,0.178119918611914,3.85774937398824,0.000114435900254037,0.700315080128508,0.178115597569976,3.93180097466408,0.0000843118546784518,-0.0131730756085596,0.0780242314944498,-0.16883313499213,0.865927894482319,-3.05014831628434,0.983859823155081,-3.10018586438768,0.00193399240557726,-1.35219905153794,0.988282477168049,-1.36823133342676,0.171239676673232,-1.6979492647464,1.38009942051221,-1.23030938170832,0.218581272466964
0,649595.669506468,0,0.697772627473939,0.00359676463044699,0.37641920848363,0.00000175504549572206,0.157295297509387,0.016558864230865,0.636318270900077,0.173870053923662,42.5622296571852,3.65973470727428,0.000691481991728031,-0.0145565344872834,0.0374849372669389,85923.7591861225,-0.388330234718626,0.697772627473939,-2.22590386286404,0.728453215341094,50.022933366492,-3.05565795577108,0.00359676463044699,0.636356000747571,0.712673886533723,47.351792160711,0.892913312486663,0.37641920848363,0.726668963813398,0.178696722572754,4.06649295718082,0.0000477259268840789,0.663853806395218,0.178693129027079,3.71504942584903,0.000203163979278487,0.0628151574181799,0.078629361250692,0.798876608165592,0.424361963841901,-2.8622598636116,1.01678790940162,-2.815001867298,0.00487769504736329,-1.58954786211646,1.02139055129289,-1.55625863202317,0.119646604140989,-1.27271200149514,1.42534777306744,-0.892913312486663,0.371903597415507
0,650037.528287336,0,0.195282692594483,0.0115781691161314,0.502988590733337,0.0000195203415430706,0.121187364184005,0.00941065933405739,0.642672365882989,0.168383114254141,41.5298769993358,3.81672692496351,0.000443045218799753,-0.0486733045820018,0.0375821125387719,85925.7632426367,-1.29511890881034,0.195282692594483,-1.92908080100476,0.735869626284725,49.8354100232759,-2.62149806446605,0.0115781691161314,0.494155617926391,0.732203735822439,47.9443231178925,0.674888140759535,0.502988590733337,0.755514255356671,0.173455081923709,4.35567667996588,0.0000132656464977651,0.631996640779505,0.17345175861421,3.64364504475961,0.000268804059780689,0.123517614577167,0.0792828436102741,1.55793623125244,0.119248365419282,-2.42323641893115,1.03573898884042,-2.33962073943372,0.0193033310002852,-1.43492518307837,1.04043144045023,-1.3791636116431,0.167844314583884,-0.98831123585278,1.46440747164487,-0.674888140759535,0.499746835646474
0,650260.634828226,0,0.204197524722506,0.0238079487717536,0.44274212266587,0.0000187613362473003,0.0985668935823862,0.0120942670593196,0.635314269620096,0.1660717022588,41.697974937663,3.82554198565416,0.000429795246967976,-0.047779996015466,0.0376311473327932,85926.1560599046,-1.26969277850927,0.204197524722506,-1.71661920632277,0.73620021346853,49.7231336606925,-2.33172875383328,0.0238079487717536,0.569447993615431,0.735861212688648,48.9161493168807,0.773852438199337,0.44274212266587,0.743630536897128,0.171231510246643,4.34283699201155,0.0000140654497400894,0.617911975414003,0.171228180352751,3.60870491142888,0.000307729399241271,0.125718561483125,0.0794559833174195,1.58224159130837,0.113594428964255,-2.2860671999382,1.03854943586381,-2.20121172954734,0.0277210383128328,-1.14717121270734,1.04325453584846,-1.09960817162838,0.271502880012645,-1.13889598723086,1.47172242537729,-0.773852438199337,0.439018058469955
0,650263.101845986,0,0.621858820823894,0.0373113044946063,0.405660888442341,0.00000283098875873273,0.0845325241984125,0.013945877803593,0.639118351559501,0.165516073395291,42.18587890766,3.86136728868101,0.000381454712527621,-0.0185608078775705,0.0376319489466628,85929.2368295035,-0.493219415871271,0.621858820823894,-1.61232569469563,0.753473499904376,49.5893787188874,-2.13985720121577,0.0373113044946063,0.623442309352693,0.743359645374584,49.7335521823334,0.838681939801205,0.405660888442341,0.716883481328684,0.170767278012826,4.19801433665084,0.0000269265588724795,0.64674369991688,0.17076429966028,3.78734724531718,0.000152264236175075,0.0701397814118041,0.0796491050747369,0.880609786462636,0.37852905982338,-2.23576800404831,1.05605463102232,-2.11709502365798,0.0342517839566951,-0.988883385342932,1.06083003876939,-0.932178906330824,0.351244074720642,-1.24688461870538,1.48671929074916,-0.838681939801206,0.401647815606477
0,650208.325970699,0,0.933485102618578,0.0535883004028085,0.430222564800302,0.0000000810604914376021,0.0734730816463034,0.0124226706277137,0.639718687806588,0.163574325719882,42.3593632309815,3.91087467419609,0.000326990813929376,-0.00313983963771828,0.0376203966700414,85932.7929010341,-0.0834610986496765,0.933485102618578,-1.52645278681992,0.771910225600949,49.3131732397032,-1.97750040897767,0.0535883004028085,0.58938945827133,0.741162740342039,50.2728738238582,0.79522273070464,0.430222564800302,0.698887151668033,0.168935036835236,4.13701719170111,0.0000351849757204356,0.661392781830932,0.168932261861935,3.91513601097388,0.0000903532590869635,0.0374943698371009,0.079571192633011,0.471205326908043,0.637494115055367,-2.11584224509125,1.06771643317071,-1.98165185002165,0.0475182197257879,-0.937063328548591,1.07252824039951,-0.873695715648046,0.382283984769638,-1.17877891654266,1.48232548068407,-0.79522273070464,0.42648395161563
0,650183.523538299,0,0.798740174124005,0.0462001103550945,0.605537030146931,0.000000756574924667901,0.0780461795871088,0.00526740063963832,0.631232465437028,0.159559172146588,42.7570964529721,3.9561026605046,0.000282109445876302,-0.00959109077039083,0.0376152652042892,85932.1097126299,-0.254978682678467,0.798740174124005,-1.56106828896294,0.763356612207394,49.4022101941057,-2.04500526228339,0.0462001103550945,0.387269992571869,0.745212896977882,51.0007976325946,0.51967698645903,0.605537030146931,0.692416586685033,0.165034596653587,4.19558444547502,0.0000272168856770269,0.652724175766541,0.165031727572969,3.95514356763877,0.0000764887054467645,0.0396924109184912,0.0796693450708622,0.498214349360932,0.618332969590525,-1.94833828153481,1.06439195449892,-1.8304706957805,0.0671795848182726,-1.17379829639107,1.06919639245734,-1.09783226418612,0.272277740054828,-0.774539985143736,1.49042579395576,-0.51967698645903,0.603288729599852
0,650221.647577816,0,0.719995897391173,0.0382297808089903,0.583550950678045,0.00000149530539623083,0.084015675208864,0.00586778435568461,0.641606607148147,0.153915982558023,44.3531408098603,4.16855089695625,0.000139957680160568,-0.0134869805209076,0.0376242128832726,85933.8094335404,-0.358465453157793,0.719995897391173,-1.63530561518797,0.767982564025564,49.4336701561624,-2.12935252932843,0.0382297808089903,0.410273084274519,0.743679963531773,51.5636787280056,0.551679626174291,0.583550950678045,0.709261595958964,0.159597052035603,4.4440770484955,0.00000882699697379523,0.660559137415734,0.159594144618054,4.13899356393436,0.0000348832734913083,0.0487024585432298,0.0796432665073134,0.611507547078792,0.540863623534261,-2.04557869946248,1.06663673129457,-1.91778385222096,0.0551384241186104,-1.22503253091345,1.07144775750618,-1.14334322166556,0.252896116353625,-0.820546168549036,1.48735992706354,-0.551679626174291,0.581167871125484
0,650168.521839081,0,0.979097519725861,0.0374537112131197,0.507419727566686,0.00000000798810476155569,0.0843955954250684,0.00861938688151248,0.663774181455108,0.15150550552684,44.6853275910108,4.38118851949915,0.0000705314569823625,0.000985475788435077,0.0376129371627154,85935.709202968,0.026200447579296,0.979097519725861,-1.66983866065132,0.780965016816715,49.5991181320152,-2.1381734452815,0.0374537112131197,0.505373211255288,0.757064073158308,51.2534622151469,0.667543513387156,0.507419727566686,0.720389469079348,0.157360108202754,4.57796755039815,0.00000469515503683682,0.695595319607827,0.157357576507932,4.42047555030033,0.00000984839286980175,0.0247941494715205,0.0799741907483321,0.310026887918683,0.756540509450564,-2.1752118719066,1.08524340756243,-2.00435391429131,0.0450321623290676,-1.16446544939603,1.09011535309775,-1.06820387960503,0.285428555132249,-1.01074642251057,1.51412814631661,-0.667543513387156,0.504425025002249
0,650237.794729249,0,0.324402109221286,0.053525294928112,0.512833705304503,0.000011300573270853,0.0720482146400262,0.00851231762698087,0.655403694784264,0.150512149710905,43.7058700499017,4.35449029226627,0.0000792498545685735,0.037080934598839,0.0376281369633234,85935.0883416335,0.985457628024004,0.324402109221286,-1.53335979639672,0.775579631977797,50.34282032243,-1.97705010958903,0.053525294928112,0.506415047835481,0.768367898477455,50.5957784573291,0.659078872033773,0.512833705304503,0.672337079312306,0.156426051320948,4.29811449969313,0.0000172257177879351,0.719678670691785,0.156423608794497,4.60083152561242,0.00000420807686340736,-0.0473415913794788,0.0802989285489534,-0.58956691247278,0.555481039908103,-2.0397748442322,1.0893009033708,-1.87255407382863,0.0611299882749247,-1.02694474856124,1.09418898176435,-0.93854422378237,0.347964801191692,-1.01283009567096,1.53673579695491,-0.659078872033773,0.509845122223479
0,650213.421623967,0,0.0652853771295843,0.0670095854320937,0.440840581278632,0.0000395379543094636,0.0648020117523822,0.0118932386436803,0.668694206724429,0.151007807633839,43.3613777136781,4.4282094893124,0.0000634000012518216,0.0693508828821613,0.0376227612626757,85935.2388652392,1.84332251420796,0.0652853771295843,-1.45882311400713,0.779327775798892,50.568495957685,-1.87189929489128,0.0670095854320937,0.603806885891957,0.777155251500226,50.1515417587407,0.776944998732703,0.440840581278632,0.653962859606357,0.156944904673282,4.16683078031577,0.0000308863596978075,0.760686372557337,0.156942655013168,4.84690648628007,0.00000125401500125515,-0.10672351295098,0.080525325851212,-1.32534096351469,0.185058088252626,-2.06262999989908,1.09814147630173,-1.87829168136469,0.0603412739270116,-0.855016228115175,1.10305459164898,-0.775135006543053,0.438259888024832,-1.20761377178391,1.55431050300045,-0.776944998732703,0.437191221021694
0,650282.295529765,0,0.0141574434728706,0.0686766146366086,0.314660833873889,0.0000700311881818685,0.0639572187519746,0.0201900404308605,0.667611786337504,0.152315963270093,45.0129353055283,4.38307168864281,0.0000693855885799701,0.0923365984382993,0.0376378089054635,85936.4021525659,2.45329367259994,0.0141574434728706,-1.4630584797683,0.786526987876383,50.6409963546351,-1.86015038558123,0.0686766146366086,0.764486434782269,0.752677244869967,50.0641278839389,1.01568958008601,0.314660833873889,0.634261758021991,0.158149326847387,4.01052455085091,0.0000605840000759239,0.778446942828762,0.158146787542699,4.92230638967982,0.000000855301663738132,-0.144185184806772,0.0798978745407178,-1.80461852878566,0.0711343965893738,-2.22754491455056,1.08620611777143,-2.05075710595409,0.0402906066677434,-0.698572044986026,1.09107824876211,-0.640258428557801,0.522004602536629,-1.52897286956453,1.50535448973993,-1.01568958008601,0.309777231526162
0,650431.692400237,0,0.00496725852406848,0.0766824290706913,0.312317179513626,0.0000918256278608379,0.0603094325204372,0.0203531022370991,0.664831106015702,0.153249490162051,45.8674063731785,4.33822719614069,0.000078094851957179,0.105824256980279,0.0376703064017502,85934.6599271983,2.80922209263906,0.00496725852406848,-1.40264086449193,0.776239480814675,50.8746160468886,-1.80696923972462,0.0766824290706913,0.763112083186017,0.747668722303129,50.1414845556228,1.02065535232678,0.312317179513626,0.6163571351205,0.159002685863777,3.87639448838339,0.000106015751199779,0.787590424128813,0.158999903314961,4.95340190596648,0.000000729271298020677,-0.171233289008312,0.0798200891823297,-2.14524051228722,0.0319336220306661,-2.16575294767794,1.07533214529402,-2.01403162469934,0.0440062133155697,-0.639528781305908,1.08017279963393,-0.592061549339736,0.553809373588467,-1.52622416637203,1.49533744460625,-1.02065535232678,0.307417754673455
0,650448.629342266,0,0.00759181270594612,0.0508447860720471,0.358649027126821,0.0000829365996880031,0.0727645730137367,0.0167102288571722,0.654322276480506,0.152154049340051,46.3639063653733,4.30039344544918,0.0000869583920767019,0.10058095789738,0.0376740558357186,85933.9024183382,2.66976718238071,0.00759181270594612,-1.53791251835953,0.768964130405298,50.9707626145258,-1.9999795277173,0.0508447860720471,0.688098940220253,0.742773623821684,50.4996019200373,0.926391188582975,0.358649027126821,0.612687281978945,0.157907205272445,3.8800463913084,0.000104436543572571,0.77740674839943,0.157904221844806,4.92328032345768,0.000000851054034757626,-0.164719466420485,0.0796996265761635,-2.06675330232663,0.0387574057610901,-2.22601145857978,1.06671174915543,-2.08679754426838,0.0369064392246848,-0.849813578139275,1.07152369288042,-0.793088929144294,0.42772601248966,-1.3761978804405,1.48554724764336,-0.926391188582975,0.354242721609115
0,650633.948211769,0,0.0162217678152508,0.0416305306506637,0.401712633079646,0.0000672434688648861,0.0793904658341691,0.0138734121558776,0.66587563647454,0.151979649791829,46.6148421367374,4.38134735398199,0.0000664461761142609,0.0906637729969798,0.0377147382463519,85934.2057534055,2.40393483324121,0.0162217678152508,-1.61509702571903,0.77267194378252,50.6657022723817,-2.09027523092469,0.0416305306506637,0.630338863888597,0.74539189577162,50.8309487447471,0.845647594861597,0.401712633079646,0.634672196103573,0.157767033239414,4.02284420941382,0.000057499532162123,0.782616327601145,0.157764111599834,4.96067400668563,0.000000702490002853605,-0.147944131497571,0.0798325173813435,-1.85318133951448,0.0638563713747422,-2.24543588960763,1.07118960146722,-2.0962076989284,0.0360637702904421,-0.984758161830434,1.07601805732517,-0.915187394046535,0.360093261294504,-1.26067772777719,1.49078379154324,-0.845647594861598,0.397749365892065
0,650962.577429479,0,0.0241170570353754,0.0406288692269753,0.402505521473038,0.0000591845657179131,0.0804119831604869,0.0138128599934299,0.666634026081271,0.152663829821211,48.4544572366734,4.36667956556562,0.0000661333952571627,0.0852209376160036,0.0377869756820377,85935.8107089803,2.25529924207494,0.0241170570353754,-1.66192360784677,0.790915107509746,50.4934333580814,-2.10126673781647,0.0406288692269753,0.627324239263497,0.743093038419117,50.8830899971074,0.84420685813191,0.402505521473038,0.642033584949959,0.158493128130777,4.05086070621435,0.0000510295798027301,0.77925170340173,0.158490356727402,4.9167136694759,0.000000880091302300409,-0.137218118451772,0.0798866651330193,-1.71765986505119,0.0858586740101594,-2.28924784711026,1.08280220604423,-2.11418838485146,0.034499180528717,-1.03459936858327,1.08766140165676,-0.951214566414999,0.341495465478502,-1.25464847852699,1.48618607683823,-0.84420685813191,0.398553822873959
0,651132.082600299,0,0.0293365438837229,0.0246006189533077,0.281439223590323,0.0000552478372163151,0.0967140942999785,0.0227950790748295,0.643911776088466,0.15214690763563,48.6807686335139,4.23217130137499,0.000101964293341462,0.082417734339963,0.0378241571847542,85933.7072550873,2.17897080792545,0.0293365438837229,-1.80515435590969,0.778948593227178,50.1587329575671,-2.31742424545752,0.0246006189533077,0.817226142458439,0.750668940992252,50.8080058311147,1.08866385410619,0.281439223590323,0.630936067426727,0.157985055980501,3.993643977976,0.0000650655386017477,0.752490373205366,0.157982208842916,4.76313363838062,0.00000190609514889184,-0.121554305778639,0.0801447219586345,-1.51668510175102,0.12934620753061,-2.62238049836812,1.07935543099439,-2.42958012075057,0.0151163234469192,-0.987928213451249,1.08421464355771,-0.911192464814432,0.362193973595674,-1.63445228491687,1.5013378819845,-1.08866385410619,0.27630214701145
0,651374.322951305,0,0.0240919947949782,0.0125316838379704,0.256004097102793,0.0000592084982737975,0.118174410240373,0.025345584036876,0.623318562963489,0.152705398885015,49.7682376069366,4.0818371027788,0.000161667210116892,0.0854397843704983,0.037877299215636,85931.5245926784,2.25569895794546,0.0240919947949782,-1.99222990170568,0.769150399140919,50.0628561248435,-2.59016949601904,0.0125316838379704,0.859180185213961,0.747862235886505,50.754394345497,1.14884820223006,0.256004097102793,0.613385629180934,0.158489592175124,3.87019501257325,0.000108748327815268,0.738762104437994,0.158486512910213,4.66135629380984,0.00000314132370083446,-0.12537647525706,0.0801581104605286,-1.56411465460875,0.117790645035565,-2.85141008691963,1.07037691315693,-2.66393085638384,0.0077233435760866,-1.13304971649171,1.07520871671886,-1.05379513658461,0.291976720627024,-1.71836037042792,1.49572447177301,-1.14884820223006,0.250618579361531
0,651399.85900025,0,0.0188333175157555,0.0104322308007392,0.235391138801611,0.0000642005485625651,0.123814395072735,0.0276275115857587,0.612771588592569,0.15092988209615,51.1859154846525,4.05997526853034,0.000168453043905716,0.088981984942665,0.0378830771209853,85930.4450077687,2.34885842716756,0.0188333175157555,-2.03874932286537,0.766082339102844,50.1189232826903,-2.66126657514771,0.0104322308007392,0.901235325243911,0.750509352575775,50.7522251744699,1.20083157145323,0.235391138801611,0.60164195557009,0.156778908484947,3.83751846076832,0.000124283893824232,0.73187554717,0.156775778911324,4.66829475989379,0.00000303709964384366,-0.13023359159991,0.080236629612874,-1.62311891997783,0.104563985828864,-2.93998464810928,1.07003004000064,-2.74757206639499,0.00600383130167063,-1.13751399762146,1.07486212635584,-1.05828828621772,0.289924031650874,-1.80247065048782,1.50101870515155,-1.20083157145323,0.229816542405318
0,651576.649610687,0,0.0480418347884866,0.0124200491134849,0.210622081202781,0.0000454831815230774,0.118774093053688,0.0307216250239309,0.596178087490523,0.147875766223928,51.5534586775586,4.03161452829079,0.000183289469830493,0.0749738648058314,0.0379225406164027,85931.8888252528,1.97702642247031,0.0480418347884866,-1.99381045177494,0.768640022509486,49.9214604210072,-2.59394566167069,0.0124200491134849,0.926506501260805,0.730738972630415,50.7197076010216,1.26790350037811,0.210622081202781,0.598535763613804,0.153790936593241,3.89187930623547,0.0000994707277093105,0.699414726666509,0.153787419669839,4.54793199709091,0.00000541756338859313,-0.100878963052705,0.0797903283433505,-1.26430063827545,0.206122140593358,-2.92031695303574,1.05816763483428,-2.75978668870656,0.00578391136088119,-1.06730395051414,1.06294643197007,-1.00409947144372,0.315330670179974,-1.85301300252161,1.46147794526083,-1.26790350037811,0.204832413930537
0,651736.333279951,0,0.259873103651093,0.0153625063636282,0.205952133822653,0.0000147727392803185,0.112364789882963,0.031545318971935,0.564893164002073,0.143745631685138,51.4120643834514,3.92981099585287,0.000254851196385248,0.0427674359305162,0.0379581886177509,85930.6345684894,1.12669854616077,0.259873103651093,-1.89229175811488,0.753835909780973,49.7767834632499,-2.5102170559435,0.0153625063636282,0.912923646662894,0.712497976840053,50.4017970509623,1.28129998447397,0.205952133822653,0.596409318989331,0.149717741908389,3.98355806991979,0.0000678910722850816,0.633594786671014,0.149713533545019,4.23204750878779,0.0000231573475930983,-0.037185467681683,0.079389878339478,-0.468390536167277,0.639505334573397,-2.80521540477777,1.03492667911533,-2.71054506699519,0.00671727193586092,-0.979368111451988,1.03960120267738,-0.942061349034352,0.34616123145371,-1.82584729332578,1.4249959536801,-1.28129998447397,0.200088318352328
0,652036.317125243,0,0.522859291554064,0.0194051908780325,0.155856322733286,0.00000475095859120363,0.104852842986144,0.0396140731199984,0.535931406181468,0.139456577329462,50.8243763722951,3.84299841889382,0.000339152910766775,0.0242960181891374,0.0380251078061207,85930.2334334009,0.638946727331214,0.522859291554064,-1.81822255113951,0.7526114512733,49.827220552256,-2.41588478100269,0.0194051908780325,1.04794210696244,0.727372102433454,50.3219648618466,1.44072353539062,0.155856322733286,0.587532947446341,0.14566321537563,4.03350252794597,0.0000549515892784006,0.580624858845604,0.145659123301536,3.98618943794975,0.0000671429114649332,0.00690808860073715,0.0798727355057916,0.0864886942583336,0.931077943069696,-2.86616465810194,1.04429233123294,-2.74459992894711,0.00605847060986056,-0.770280444177072,1.04901948070586,-0.73428611989052,0.462774375568701,-2.09588421392487,1.4547442048669,-1.44072353539062,0.149662803105967
0,652373.526162545,0,0.953302569047469,0.0201457781641404,0.155052956554834,0.0000000399058646602371,0.102998222817211,0.0394450813604904,0.486787425374074,0.138014837152847,49.9136900390605,3.52706589679901,0.000911765640382595,0.00223117413436592,0.0381005380961287,85934.5826158905,0.0585601738415506,0.953302569047469,-1.87293557905752,0.780376987372539,50.1649453991704,-2.40003948010247,0.0201457781641404,1.05386793981538,0.730126226930342,50.7347858543399,1.44340512769435,0.155052956554834,0.562059559870612,0.144408988567017,3.89213694693093,0.000099365126872267,0.510707944770064,0.144405298159625,3.53662885835067,0.0004052687452421,0.0513516151005482,0.0800610772871588,0.641405497409971,0.521259262189361,-2.9268035188729,1.06627232339911,-2.74489307716691,0.00605306157683535,-0.819067639242139,1.07107816320631,-0.764713227641791,0.444442327762188,-2.10773587963076,1.46025245386068,-1.44340512769435,0.148906380484634
0,652484.314814612,0,0.560402238034272,0.0185101886949158,0.167156564513951,0.00000394478338462983,0.105396607028915,0.0370066312111293,0.434601733779662,0.134960971836996,48.9062821316091,3.22020305473622,0.00227845501358528,-0.022198714604773,0.0381259787532359,85938.6998490824,-0.582246419126719,0.560402238034272,-1.96624474615482,0.80771395149896,50.2995259887013,-2.43433302409331,0.0185101886949158,1.01783334513027,0.726328275570072,51.1012108578457,1.40134066009121,0.167156564513951,0.535820418053137,0.141590776095626,3.78428901110946,0.00015414861336884,0.437517455811544,0.141587350629099,3.09008858395592,0.00200096806622385,0.0983029622415924,0.0800029292117385,1.22874203744991,0.219168539645355,-2.98407809128509,1.08383295067544,-2.75326385807464,0.00590043198172801,-0.948411401024545,1.08867594706022,-0.871160425272151,0.383666564869986,-2.03566669026054,1.45265655114014,-1.40134066009121,0.161112227838367
0,652717.007774255,1,0.380344104170498,0.0124306761873319,0.132519172894577,0.00000895420633091438,0.11829827055535,0.0430828217269651,0.409780273025242,0.132021313363592,50.3210038981272,3.10389483777283,0.00313173298483273,-0.0334923123200852,0.0381780161942427,85947.3642662071,-0.877266962999924,0.380344104170498,-2.09549785447747,0.808066888989932,50.1213909399132,-2.59322326286231,0.0124306761873319,1.12060547771144,0.733248462445491,51.8768229694375,1.52827525062113,0.132519172894577,0.528436706385985,0.138828120911254,3.80640970228063,0.000140998738285897,0.402103627616583,0.138824759557343,2.89648351561156,0.00377370467625986,0.126333078769402,0.0802624856420023,1.57399908262111,0.11548766152459,-3.21610333218891,1.08872037243434,-2.95402144905014,0.00313662204382011,-0.974892376766024,1.09358985006606,-0.891460703212577,0.372682064351199,-2.24121095542288,1.46649692489098,-1.52827525062113,0.126444212092304
0,652912.5144029,1,0.380198206650308,0.0133758233621733,0.088029974821274,0.00000895972884294764,0.115796014265542,0.0544391977234549,0.384495211179252,0.128828213510192,50.3476690301469,2.98455750260664,0.00437360259336843,-0.0335409027192757,0.0382216973073056,85947.0151795088,-0.877535669062628,0.380198206650308,-2.04590797659967,0.797842860342529,50.210705345159,-2.56429941069013,0.0133758233621733,1.28843793697493,0.741224033021323,52.4814429577349,1.73825709849571,0.088029974821274,0.506331361172756,0.135791743831562,3.72873450834255,0.000192443769981106,0.371012516631841,0.135788312920181,2.73228607567965,0.00628965020083288,0.135318844540915,0.0805377824954466,1.68019084146705,0.0929201906973847,-3.33434591357459,1.08657787877244,-3.06866721540619,0.00215015959846639,-0.757470039624738,1.0914582480417,-0.693998181775432,0.487683349175315,-2.57687587394986,1.48244806604264,-1.73825709849571,0.082165522134457
0,653074.625361317,1,0.532723863180083,0.0237257603142121,0.0852677722336622,0.00000452813660265865,0.0983560087086453,0.0553146454938476,0.355305075610518,0.124853174179485,50.3502723746218,2.8457832806056,0.00639216432268031,-0.0238676824953111,0.0382583245798183,85950.245721595,-0.623855925669614,0.532723863180083,-1.89078938614777,0.810482002858421,49.8923265791639,-2.33291964470439,0.0237257603142121,1.27854250357731,0.728943530476027,52.539945481357,1.75396645984686,0.0852677722336622,0.46309834655726,0.132040228891952,3.50725192195942,0.000452760294343704,0.34765001510783,0.132036666637937,2.63298085266826,0.00846391187430552,0.11544833144943,0.0802832046142866,1.43801349241215,0.150430225906588,-3.16933188972507,1.08763089531543,-2.91397743791188,0.00356855696526118,-0.612246882570456,1.0924918904577,-0.560413205734603,0.575197626161003,-2.55708500715461,1.45788706095205,-1.75396645984686,0.079436254406904
0,653245.625594027,1,0.7005522971037,0.0321768741916817,0.124076723140186,0.00000172073639781309,0.0889741376252361,0.0447233958491203,0.361808285742224,0.122530111814209,50.3367300151796,2.95281119379725,0.00477488080286114,-0.0147279723178899,0.0382966183363259,85950.8097646287,-0.3845763139854,0.7005522971037,-1.77684795030101,0.806171676792892,49.740755556577,-2.20405653218885,0.0321768741916817,1.12435129665209,0.719315047339999,52.186735256444,1.56308602302969,0.124076723140186,0.453361551998172,0.129798182164137,3.49281896278695,0.00047795041662381,0.364358770690867,0.129794272386142,2.80720222851505,0.00499738581528522,0.0890027813073042,0.0801040428766875,1.11108975416279,0.266529717622609,-2.9011992469531,1.07801690947002,-2.69123723521128,0.0071187552606903,-0.652496653648916,1.08283579663877,-0.602581347674626,0.546787231849789,-2.24870259330418,1.43863009467999,-1.56308602302969,0.118032362691777
0,653348.030321742,1,0.429032018812982,0.0269781856751648,0.243593458488622,0.00000727692593959415,0.0947571291321892,0.0260187203195924,0.364452760530459,0.122032974567038,50.3196671756599,2.98651050524258,0.00435094023263324,-0.0303049096129679,0.0383192748568075,85948.896815647,-0.790852899127454,0.429032018812982,-1.78965182644847,0.785143114950684,49.6355297728078,-2.27939568260862,0.0269781856751648,0.817723477217797,0.693329378712513,52.0712980501059,1.1794155884989,0.243593458488622,0.463802350311935,0.129146455085685,3.59128982676463,0.000329045470190506,0.359885028808598,0.129141522882664,2.78674914756568,0.0053239674275549,0.103917321503337,0.0795042733032859,1.30706586181754,0.191190344186445,-2.60737530366626,1.04511737539783,-2.49481576428078,0.0126022543567941,-0.971928349230673,1.04978109543,-0.925839066317497,0.354529621558935,-1.63544695443559,1.38665875742502,-1.1794155884989,0.238232730848325
0,653552.419802275,1,0.462099668042651,0.0219337815363285,0.3404779935556,0.00000629224947179948,0.101611474024369,0.0175585407763854,0.352017885529897,0.124380835443064,50.2801144323647,2.83016177111171,0.00666996091835439,-0.0282132242020031,0.0383646094807243,85947.8883280475,-0.735397142936602,0.462099668042651,-1.85879502624888,0.785593452443932,49.4981238781698,-2.36610300208879,0.0219337815363285,0.67046231520734,0.696885334196082,51.789814544586,0.962084122462953,0.3404779935556,0.447207184852019,0.13139127980938,3.40362911070521,0.000664969783177317,0.355272341432201,0.131386446522035,2.70402580202682,0.00685049695309144,0.0919348434198188,0.0796647150459357,1.15402212092026,0.248491099929683,-2.52925734145622,1.04780251411405,-2.41386836487483,0.0157841637134189,-1.18833271104154,1.05248390700143,-1.12907447148256,0.258866419403603,-1.34092463041468,1.39377066839216,-0.962084122462953,0.336007349057062
0,653782.060660891,0,0.678942801790555,0.0184038849159475,0.448040593491027,0.00000199351586011016,0.105930029942956,0.0111734054120744,0.339119223053185,0.126594693659231,48.2341213552004,2.67877912770996,0.0100751905554806,-0.015900482586688,0.0384155355436603,85938.2026013005,-0.413907612159061,0.678942801790555,-1.9004592323613,0.779849769395134,50.1242205767799,-2.43695556111446,0.0184038849159475,0.540913654365905,0.707535067766062,51.7242891621669,0.764504374424522,0.448040593491027,0.419668553812641,0.133514338348878,3.14324707744894,0.00167084740134438,0.35922022804491,0.133509658787173,2.69059355935844,0.00713250323077094,0.0604483257677317,0.0800089277601801,0.755519758356471,0.449937181612522,-2.4413728867272,1.05062080338063,-2.32374314202754,0.0201392647308885,-1.35954557799539,1.05533833313898,-1.28825565726546,0.197656983350094,-1.08182730873181,1.41507013553212,-0.764504374424522,0.444566730853878
0,653809.669309882,0,0.829332635077016,0.01707067971517,0.553324023067249,0.000000540711429955071,0.108049618523734,0.00684374172151773,0.352569354639098,0.127796715593981,48.6117950359457,2.75882954425241,0.00815310117622337,-0.00828200046502484,0.0384211762151093,85933.6787480367,-0.215558222857527,0.829332635077016,-1.86581333296208,0.75626446403364,50.2465738805048,-2.46714399749858,0.01707067971517,0.428667501492112,0.718416227709052,51.6669499169604,0.596684046042619,0.553324023067249,0.421610423867604,0.134602309176276,3.13226739160514,0.00173461817229762,0.38234373759913,0.134597472293542,2.84064574976029,0.00450222942405391,0.0392666862684734,0.0802902498400102,0.489059211382677,0.624799777506953,-2.29448083445418,1.04074642754051,-2.20464925339835,0.0274787166934186,-1.43714583146996,1.04544847082639,-1.37466921763628,0.169234018672822,-0.857335002984222,1.4368324554181,-0.596684046042619,0.550718346177024
0,653847.770554179,0,0.795868985481749,0.0182296905815068,0.466641169548715,0.000000778777810414735,0.105872793273102,0.0103489037610052,0.359561634976028,0.130104959496193,49.0887667701423,2.76362743102464,0.00802609583622155,-0.00994163061611361,0.0384295037062163,85935.3374894982,-0.258697866413129,0.795868985481749,-1.87477843833978,0.768187643435762,50.3014152792514,-2.44052147201266,0.0182296905815068,0.522977546653571,0.713081656533715,51.4369630761637,0.73340485183108,0.466641169548715,0.432997115086384,0.136824114304615,3.16462574807824,0.00155282545613946,0.385416408539527,0.136819422731036,2.81697145658325,0.00484788338585631,0.0475807065468572,0.0801698773643204,0.593498557202895,0.552847548268828,-2.39775598499334,1.04578115998736,-2.29278942548776,0.0218601311133334,-1.35180089168621,1.0504937763928,-1.28682427451217,0.198155544045475,-1.04595509330714,1.42616331306743,-0.73340485183108,0.463311540875357
0,654166.032311259,1,0.972638722766733,0.0117177750111309,0.402668906923286,0.000000013688783035233,0.119681580411435,0.013757762591334,0.351637221374243,0.135746567307862,50.2953462467706,2.59039494219224,0.0125101801212914,0.00132052830563841,0.0385003785224852,85941.0360264437,0.0342990992898211,0.972638722766733,-2.02242665941275,0.773142769684958,50.3313569082271,-2.61585148139826,0.0117177750111309,0.613865280212602,0.72742479394281,51.0511734443276,0.843888310275088,0.402668906923286,0.42012710108555,0.142281324039686,2.95279161844435,0.00314914465340507,0.390257201656679,0.142277055397327,2.74293842086369,0.0060892103322949,0.0298698994288709,0.0806416994615392,0.370402653073016,0.711082497303034,-2.63629193962535,1.05915977972527,-2.48904083226155,0.012808825387685,-1.40856137920014,1.063942530088,-1.32390739101636,0.185533803266637,-1.2277305604252,1.45484958788562,-0.843888310275088,0.398731821032429
0,654345.997313174,0,0.716898930543156,0.0078210937633872,0.400927166632261,0.00000153008562307403,0.132485265266526,0.0139861753974599,0.330434792520173,0.137919801865973,48.8978341245918,2.39584735512658,0.0204540782069897,0.0139750567744501,0.0385404418290887,85932.4877068598,0.362607591174586,0.716898930543156,-2.16454803205014,0.781245418379638,50.2653566418827,-2.77063772935728,0.0078210937633872,0.638812994254531,0.754114388031767,50.5891128121363,0.847103575257101,0.400927166632261,0.390694221738553,0.144488181864198,2.70398738981822,0.00685128891510878,0.384812121862887,0.14448457713398,2.66334393259186,0.00773682916510698,0.0058820998756665,0.0813845924863409,0.0722753496204299,0.942382781534452,-2.80336102630466,1.08338324746125,-2.58759864791516,0.00966475174641024,-1.52573503779561,1.08827687978368,-1.40197321668625,0.160923244799063,-1.27762598850906,1.50822877606353,-0.847103575257101,0.396937392500311
0,654529.112615957,0,0.538463711700311,0.0104441649848985,0.413997792132789,0.00000440323757541912,0.123957843548379,0.0132736744162226,0.335102051132833,0.139136206419396,49.0563569271243,2.40844608140846,0.0198227143802377,0.0237331139411505,0.0385816287831954,85935.8350979531,0.615140280222895,0.538463711700311,-2.14697205967271,0.806833549179251,50.0421409254534,-2.66098510883281,0.0104441649848985,0.619608113920133,0.752240849090015,50.4342910531386,0.823683152370244,0.413997792132789,0.384629446707769,0.145747223153188,2.63901732318772,0.00831467320197227,0.399280571988405,0.145743967107888,2.73960274247808,0.00615134852493609,-0.0146511252806361,0.0813995160965782,-0.179990324061054,0.857160164426143,-2.76658017359284,1.10063451955002,-2.51362293699813,0.0119498120899496,-1.52736394575258,1.10557541426019,-1.38151041172947,0.167122078742227,-1.23921622784026,1.50448169818003,-0.823683152370244,0.410119614727545
0,654684.387003868,0,0.0738198306490635,0.0131426415549755,0.372485150652678,0.0000371890735985987,0.117422956453421,0.0157859286331446,0.334971732311197,0.13952592110897,48.7960601343532,2.40078495557526,0.0202179043227763,0.0690369800286383,0.0386166800860122,85937.3961202518,1.78775026426067,0.0738198306490635,-2.1129679932734,0.821483503987908,49.7264847641712,-2.57213685121607,0.0131426415549755,0.673421623576502,0.74839065469448,50.4820332207713,0.899826339829719,0.372485150652678,0.339719826356757,0.146168715651498,2.32416235473213,0.0201167941052173,0.442128663289627,0.146165573432848,3.0248481424578,0.00248757993043909,-0.10240883693287,0.0813555135915467,-1.25878176428243,0.208109168780889,-2.78638961684989,1.10879173017889,-2.51299639148675,0.0119710559393968,-1.43954636969689,1.11374518531101,-1.29252758052992,0.196174500880249,-1.346843247153,1.49678130938896,-0.89982633982972,0.368212674735148
0,655028.769310732,1,0.0148270989224782,0.0210996585481143,0.394238030697576,0.0000690753082652545,0.102879178885366,0.0143372597074725,0.320466682542308,0.140082358196263,50.2778137114988,2.28770193954984,0.0263962286826569,0.0942830089156053,0.0386941139825549,85945.7138128488,2.43662405496899,0.0148270989224782,-1.96462531956377,0.824737146105836,49.4825200555568,-2.38212299378068,0.0210996585481143,0.636768589302786,0.741067792672573,50.7585928919336,0.859258215778554,0.394238030697576,0.295069963290273,0.146701288133966,2.01136586490515,0.0442868261284427,0.449912041550573,0.146697994505226,3.06692700924787,0.00216271660770183,-0.1548420782603,0.0812936049350182,-1.90472643431267,0.0568156409577979,-2.60139390886655,1.10630002584979,-2.351436181942,0.0187010972895976,-1.32785673026098,1.1112362124281,-1.19493651791598,0.232111833790371,-1.27353717860557,1.48213558534514,-0.859258215778553,0.390198071452828
0,655351.405086155,1,0.0384798495920272,0.0284589419444015,0.52047532257909,0.0000498428733450431,0.0939304413861118,0.00822227026878495,0.33160584777682,0.14179542298631,50.2692925360151,2.33862166206052,0.0233717340080707,0.080236280177867,0.038766391214697,85942.1286892832,2.069738184643,0.0384798495920272,-1.82438695906555,0.808176565251958,49.1560060256592,-2.25741135972778,0.0284589419444015,0.498609668541816,0.770489089166482,50.5139126690284,0.64713397704465,0.52047532257909,0.31288374968089,0.148391325242179,2.10850431566842,0.0349873898531993,0.446949413380828,0.148388298306312,3.01202600530001,0.00259510364737051,-0.134065663699938,0.082169248678864,-1.63157952464549,0.102768094496817,-2.32299662760736,1.11409943978668,-2.08508912638188,0.0370612111005901,-1.32577729052373,1.1191014397994,-1.1846801758752,0.236143923451369,-0.997219337083628,1.54097817833296,-0.64713397704465,0.51754523693866
0,655403.588588511,1,0.0392758597753496,0.0424428097576681,0.500584662981289,0.0000494383113931408,0.0813613661623132,0.00911098816666824,0.351267810611286,0.139907891079441,50.2363140898607,2.51070763701122,0.0153121737273675,0.0799342942672402,0.0387782739080139,85941.7597553087,2.06131645923314,0.0392758597753496,-1.69184097385612,0.812020053319899,49.0130853463184,-2.08349654289833,0.0424428097576681,0.544576352047634,0.802628721820422,50.0665531346078,0.678490984988046,0.500584662981289,0.330555032622586,0.146724781536433,2.25289163262789,0.0242659825788209,0.461582280210413,0.146722326646998,3.14595801987889,0.0016554376519266,-0.131027247587827,0.0830405857712061,-1.57786998214143,0.114595482384943,-2.23641732590375,1.139204220318,-1.96313995859275,0.0496299136235941,-1.14726462180849,1.14428694328788,-1.00260221314074,0.31605282757099,-1.08915270409527,1.60525744364084,-0.678490984988046,0.497460437839771
0,655559.379939115,1,0.0378252836795674,0.042965911338245,0.494767826263424,0.0000501816285289689,0.080352845995031,0.00932480133092544,0.36498283209936,0.135932503337714,50.2341573776286,2.68502987245507,0.00980049935089428,0.0806077288257808,0.0388138938073529,85943.3736408492,2.07677511629896,0.0378252836795674,-1.68611787794551,0.811574262990713,49.4014051641948,-2.07758914351477,0.042965911338245,0.547798264182451,0.796499111818753,50.2530487607556,0.687757533001625,0.494767826263424,0.343530386879898,0.142920424519041,2.40364796029647,0.016232396654331,0.47573386770238,0.142917812519066,3.32872340625081,0.000872450016736083,-0.132203480822481,0.0829326294100853,-1.59410694877117,0.110912082820991,-2.23391614212795,1.13459071160186,-1.96891805942429,0.0489625013656157,-1.13831961376305,1.139662737875,-0.998821472294118,0.317881182348359,-1.0955965283649,1.5929982236375,-0.687757533001625,0.491605482963368
0,656157.369595827,1,0.0981725840249421,0.0514656367232328,0.496935241227744,0.000031823077123803,0.0737450493630385,0.0093273661091679,0.373679398138036,0.133773163559866,50.2629678688932,2.79338088592641,0.00736155361278218,0.0644141438275177,0.0389492638307652,85942.4990415526,1.65379618232061,0.0981725840249421,-1.59386341377782,0.7987835329138,50.0082513368976,-1.9953633845752,0.0514656367232328,0.541187099898766,0.790813372002974,49.7414001611795,0.684342373382035,0.496935241227744,0.365802523668376,0.140821636376831,2.59763011622383,0.00938695485715571,0.465968968763738,0.140818601879817,3.30900152780541,0.000936293261917492,-0.100166445095361,0.0829981457819734,-1.20685160073922,0.227489299725485,-2.13505051367658,1.12150525948345,-1.90373651449476,0.0569445083551734,-1.05267631387905,1.12654684613507,-0.934427465214205,0.350083435719341,-1.08237419979753,1.58162674400594,-0.684342373382035,0.49375899572962
0,656484.529182192,1,0.233163433952028,0.098232280312839,0.606877802148534,0.0000165398727961301,0.0533426067583827,0.00549596900649438,0.383805074861202,0.133980769605626,50.3045918182812,2.86462808051436,0.00607657427801312,0.0465258699377719,0.039023327470781,85941.1299326101,1.19225788658357,0.233163433952028,-1.33674442348908,0.79345772200113,50.3695157755203,-1.68470781293522,0.098232280312839,0.414177941511635,0.799718941732968,48.5357157204557,0.517904378523439,0.606877802148534,0.38364455728424,0.141047115206987,2.71997450441465,0.00652869499092404,0.454760994279288,0.141044088828428,3.2242470993058,0.00126304363137403,-0.0711164369950483,0.0833540804435667,-0.853184830503845,0.39355681427645,-1.75092236500071,1.12402575482314,-1.55772441822404,0.119298589516396,-0.922566481977444,1.12907802530812,-0.817097190183714,0.413872888564568,-0.828355883023268,1.59943788346593,-0.517904378523439,0.60452498693543
0,656532.857803456,1,0.492315591107919,0.144111482974165,0.665310135183537,0.00000548604104620223,0.0419210542008874,0.0038996291034943,0.377018538941021,0.135774593817474,50.3169044879217,2.77679739884075,0.00769162649640755,0.026801994447829,0.0390339184731301,85938.6424849893,0.686633458700253,0.492315591107919,-1.17236388239047,0.790132605981746,50.3145964738636,-1.48375585758014,0.144111482974165,0.359429666327438,0.82578477337153,48.3920362663236,0.435258287531691,0.665310135183537,0.390779249642197,0.1428441126336,2.73570427536317,0.00622469380101923,0.425347462353463,0.142841460881105,2.97775911650402,0.00290364090340723,-0.0345682127112658,0.0840769114962264,-0.411149887598063,0.680962631168868,-1.53179354871791,1.14035557275619,-1.34325958088286,0.179187935081337,-0.812934216063033,1.14544717102948,-0.709709043440563,0.477884582962445,-0.718859332654874,1.65156954674306,-0.435258287531691,0.663374958458828
0,656571.797598806,1,0.732179401534392,0.0975066427491434,0.599870863667392,0.00000136281212240818,0.0534121310228268,0.00571759353914735,0.361118784501512,0.132545784038071,50.3343026012219,2.72448337095195,0.00883280620788273,0.0133617041526298,0.0390431677643689,85940.3324969505,0.342228997228647,0.732179401534392,-1.33371097188294,0.78994424330059,50.5186340796843,-1.68836089786585,0.0975066427491434,0.431060267249212,0.816319921615386,48.4899430043384,0.528053102509372,0.599870863667392,0.394489158237757,0.139741290733092,2.82299638258844,0.00475771084224045,0.398383157793364,0.139738456648224,2.85091997828664,0.00435929388285861,-0.00389399955560709,0.0838334336431175,-0.0464492432957477,0.962952188366559,-1.76477123913215,1.13341226119807,-1.55704265742344,0.119460357934899,-0.90265070463373,1.13848886251278,-0.792849833103745,0.427865318599561,-0.862120534498422,1.63263984323077,-0.528053102509372,0.597462479636197
0,656718.308978648,1,0.784270756328288,0.0527601138960017,0.648750945298116,0.000000872023604423441,0.0723829551618494,0.00433034642665098,0.347991380679507,0.129175778519847,50.3265627197537,2.6939367787595,0.0095702204993993,-0.0106976403775734,0.0390769028436449,85942.3250059717,-0.273758655346278,0.784270756328288,-1.57398976829833,0.793507437480737,50.4236426783391,-1.98358540065548,0.0527601138960017,0.371425359866536,0.810339498218975,48.3060713879081,0.458357713875336,0.648750945298116,0.410204644883941,0.13654539273581,3.00416320657272,0.00266312425382972,0.369138283297126,0.136542471496352,2.70346859297174,0.00686199324761171,0.0410663615868154,0.083724575409432,0.490493518611371,0.623784715091636,-1.94541512816486,1.1316126266386,-1.71915289947199,0.0855865346105685,-1.20256440843179,1.13668868853971,-1.05795405598406,0.290076388965976,-0.742850719733071,1.62067899643795,-0.458357713875336,0.646695466436727
0,656900.771008707,1,0.582502997943975,0.0280690101506209,0.735043507502238,0.00000351645022117964,0.0922326146738776,0.0023679964093924,0.322241360556501,0.128115290118808,50.3012090144243,2.51524513785723,0.015134353896065,-0.0215047132958647,0.0391183704518894,85940.8811708717,-0.549734384317279,0.582502997943975,-1.78298883322633,0.788356887922985,50.3432870307153,-2.26165187434819,0.0280690101506209,0.280459646122877,0.824000493044049,48.806217778601,0.340363444549401,0.735043507502238,0.398387283386156,0.135587179289218,2.93823712149336,0.00330084455525181,0.340524416601526,0.135584357837365,2.51153172853457,0.0120208479328324,0.0578628667846303,0.0841617430465892,0.687519824210381,0.491755212642364,-2.0634484793492,1.13783979998261,-1.81347890922847,0.0697579886672815,-1.50252918710345,1.14292929795348,-1.31463003861557,0.18863426961871,-0.560919292245754,1.64800098608809,-0.340363444549401,0.7335828440858
0,657057.300738047,0,0.775426768616367,0.0107324214157887,0.661289411604763,0.000000947110711808262,0.122924327798708,0.00391454633281348,0.29107077029192,0.127460727610533,48.0418929549223,2.28361139739694,0.0268569807897627,-0.0111700297451151,0.0391539825566249,85932.1372432033,-0.285284638132555,0.775426768616367,-2.07294835305112,0.782149135968164,50.1183825740369,-2.65032365021432,0.0107324214157887,0.361423278660127,0.819951758922996,49.4391276532723,0.4407860276254,0.661289411604763,0.366704251265729,0.134934053658897,2.71765533845689,0.0065746285364911,0.325222831768405,0.134931019150822,2.41028959697459,0.0159398623888545,0.0414814194973248,0.0841085308180799,0.493189205587788,0.621878904291835,-2.43437163171124,1.13063442309952,-2.15310234853601,0.03131063573185,-1.71152507439099,1.13570335784293,-1.50701771071782,0.13180611759395,-0.722846557320251,1.63990351784599,-0.4407860276254,0.659367909771183
0,657255.722415719,0,0.688826853410537,0.0077518318298648,0.602059688244444,0.0000018660806722044,0.13396155629694,0.0055758098631343,0.279101384791367,0.126592308098432,48.6060270016274,2.20472625062142,0.032237662164712,-0.0156972475451206,0.0391991202491843,85933.6282407618,-0.400448975521261,0.688826853410537,-2.17627903991995,0.784217545809664,49.7866649888704,-2.77509608341274,0.0077518318298648,0.426610064029006,0.812848727694276,49.1254404321105,0.524833280159183,0.602059688244444,0.363724515558419,0.134101698026962,2.7123035793722,0.00668173679728834,0.309736299199029,0.134098556451961,2.3097660958788,0.0209011072881606,0.0539882163593902,0.0839873802205505,0.642813434799578,0.520345164557751,-2.60288910394895,1.12694311307769,-2.30968988029967,0.0209053294735181,-1.74966897589094,1.13200691094473,-1.54563453542058,0.122192855671906,-0.853220128058009,1.62569745538855,-0.524833280159183,0.599699094062147
0,657453.953943968,0,0.410568526135399,0.00849410259970109,0.591669087413236,0.00000788013457831224,0.131736241050508,0.00591896486767802,0.24317854845977,0.124215289557719,48.7798833675757,1.95771832377183,0.0559965738971879,-0.0322939551572158,0.0392441978103833,85931.9182738851,-0.822897573629889,0.410568526135399,-2.10924043396625,0.769474414917183,49.5233728316088,-2.74114433576491,0.00849410259970109,0.440574053747998,0.815932035420744,48.9672698491356,0.539964157089151,0.591669087413236,0.342992942867028,0.131822725716983,2.60192573777768,0.00927019235451708,0.255071763583759,0.131819320382073,1.93501045859168,0.0529890122867334,0.0879211792832681,0.0841442237553827,1.04488668810904,0.296075342956042,-2.54981448771424,1.11901472220495,-2.2786246124537,0.022689389580369,-1.66866638021825,1.1240453615244,-1.48451871902683,0.13767136087791,-0.881148107495993,1.63186407084148,-0.539964157089151,0.589221751232378
0,657428.380904408,0,0.179680196401902,0.0113103729716786,0.558714670728372,0.0000209495791200952,0.12241315997072,0.00699105644515824,0.210884327156296,0.124272982399909,48.7851593522391,1.69694428413791,0.0960793980688587,-0.0526478761947333,0.0392381782118878,85932.9343000927,-1.34175128902348,0.179680196401902,-2.02838533213995,0.770950833506166,49.6260320029479,-2.63101775623637,0.0113103729716786,0.483317750065249,0.820909683151601,49.2362632031302,0.588758739219296,0.558714670728372,0.330043432380953,0.131903189248911,2.50216415736648,0.0123436675774928,0.199150659550205,0.13189994295903,1.50986160480801,0.131078741601731,0.130892772830747,0.0842694573436484,1.55326469348165,0.120359911424517,-2.51170308220519,1.12364483708696,-2.23531760152679,0.0253965053151547,-1.5450675820747,1.12868865115214,-1.36890503904467,0.171028960417165,-0.966635500130495,1.6418193663032,-0.588758739219296,0.556023128081674
